generation,best_value,num_perturbations,sample_id
1,0.0,1,0
2,0.0,1,0
3,0.0,1,0
4,0.0,1,0
5,0.0,1,0
6,0.0,1,0
7,0.0,1,0
8,0.0,1,0
9,0.0,1,0
10,0.0,1,0
11,0.0,1,0
12,0.0,1,0
13,0.0,1,0
14,0.0,1,0
15,0.0,1,0
16,0.0,1,0
17,0.0,1,0
18,0.0,1,0
19,0.0,1,0
20,0.0,1,0
21,0.0,1,0
22,0.0,1,0
23,0.0,1,0
24,0.0,1,0
25,0.0,1,0
26,0.0,1,0
27,0.0,1,0
28,0.0,1,0
29,0.0,1,0
30,0.0,1,0
31,0.0,1,0
32,0.0,1,0
33,0.0,1,0
34,0.0,1,0
35,0.0,1,0
36,0.0,1,0
37,0.0,1,0
38,0.0,1,0
39,0.0,1,0
40,0.0,1,0
41,0.0,1,0
42,0.0,1,0
43,0.0,1,0
44,0.0,1,0
45,0.0,1,0
46,0.0,1,0
47,0.0,1,0
48,0.0,1,0
49,0.0,1,0
50,0.0,1,0
51,0.0,1,0
52,0.0,1,0
53,0.0,1,0
54,0.0,1,0
55,0.0,1,0
56,0.0,1,0
57,0.0,1,0
58,0.0,1,0
59,0.0,1,0
60,0.0,1,0
61,0.0,1,0
62,0.0,1,0
63,0.0,1,0
64,0.0,1,0
65,0.0,1,0
66,0.0,1,0
67,0.0,1,0
68,0.0,1,0
69,0.0,1,0
70,0.0,1,0
71,0.0,1,0
72,0.0,1,0
73,0.0,1,0
74,0.0,1,0
75,0.0,1,0
76,0.0,1,0
77,0.0,1,0
78,0.0,1,0
79,0.0,1,0
80,0.0,1,0
81,0.0,1,0
82,0.0,1,0
83,0.0,1,0
84,0.0,1,0
85,0.0,1,0
86,0.0,1,0
87,0.0,1,0
88,0.0,1,0
89,0.0,1,0
90,0.0,1,0
91,0.0,1,0
92,0.0,1,0
93,0.0,1,0
94,0.0,1,0
95,0.0,1,0
96,0.0,1,0
97,0.0,1,0
98,0.0,1,0
99,0.0,1,0
100,0.0,1,0
101,0.0,1,0
102,0.0,1,0
103,0.0,1,0
104,0.0,1,0
105,0.0,1,0
106,0.0,1,0
107,0.0,1,0
108,0.0,1,0
109,0.0,1,0
110,0.0,1,0
111,0.0,1,0
112,0.0,1,0
113,0.0,1,0
114,0.0,1,0
115,0.0,1,0
116,0.0,1,0
117,0.0,1,0
118,0.0,1,0
119,0.0,1,0
120,0.0,1,0
121,0.0,1,0
122,0.0,1,0
123,0.0,1,0
124,0.0,1,0
125,0.0,1,0
126,0.0,1,0
127,0.0,1,0
128,0.0,1,0
129,0.0,1,0
130,0.0,1,0
131,0.0,1,0
132,0.0,1,0
133,0.0,1,0
134,0.0,1,0
135,0.0,1,0
136,0.0,1,0
137,0.0,1,0
138,0.0,1,0
139,0.0,1,0
140,0.0,1,0
141,0.0,1,0
142,0.0,1,0
143,0.0,1,0
144,0.0,1,0
145,0.0,1,0
146,0.0,1,0
147,0.0,1,0
148,0.0,1,0
149,0.0,1,0
150,0.0,1,0
151,0.0,1,0
152,0.0,1,0
153,0.0,1,0
154,0.0,1,0
155,0.0,1,0
156,0.0,1,0
157,0.0,1,0
158,0.0,1,0
159,0.0,1,0
160,0.0,1,0
161,0.0,1,0
162,0.0,1,0
163,0.0,1,0
164,0.0,1,0
165,0.0,1,0
166,0.0,1,0
167,0.0,1,0
168,0.0,1,0
169,0.0,1,0
170,0.0,1,0
171,0.0,1,0
172,0.0,1,0
173,0.0,1,0
174,0.0,1,0
175,0.0,1,0
176,0.0,1,0
177,0.0,1,0
178,0.0,1,0
179,0.0,1,0
180,0.0,1,0
181,0.0,1,0
182,0.0,1,0
183,0.0,1,0
184,0.0,1,0
185,0.0,1,0
186,0.0,1,0
187,0.0,1,0
188,0.0,1,0
189,0.0,1,0
190,0.0,1,0
191,0.0,1,0
192,0.0,1,0
193,0.0,1,0
194,0.0,1,0
195,0.0,1,0
196,0.0,1,0
197,0.0,1,0
198,0.0,1,0
199,0.0,1,0
200,0.0,1,0
1,2.384185791015625e-07,1,1
2,2.384185791015625e-07,1,1
3,2.384185791015625e-07,1,1
4,2.384185791015625e-07,1,1
5,2.384185791015625e-07,1,1
6,2.384185791015625e-07,1,1
7,2.384185791015625e-07,1,1
8,2.384185791015625e-07,1,1
9,2.384185791015625e-07,1,1
10,2.384185791015625e-07,1,1
11,2.384185791015625e-07,1,1
12,2.384185791015625e-07,1,1
13,2.384185791015625e-07,1,1
14,2.384185791015625e-07,1,1
15,2.384185791015625e-07,1,1
16,2.384185791015625e-07,1,1
17,2.384185791015625e-07,1,1
18,2.384185791015625e-07,1,1
19,2.384185791015625e-07,1,1
20,2.384185791015625e-07,1,1
21,2.384185791015625e-07,1,1
22,2.384185791015625e-07,1,1
23,2.384185791015625e-07,1,1
24,2.384185791015625e-07,1,1
25,2.384185791015625e-07,1,1
26,2.384185791015625e-07,1,1
27,2.384185791015625e-07,1,1
28,2.384185791015625e-07,1,1
29,2.384185791015625e-07,1,1
30,2.384185791015625e-07,1,1
31,2.384185791015625e-07,1,1
32,2.384185791015625e-07,1,1
33,2.384185791015625e-07,1,1
34,2.384185791015625e-07,1,1
35,2.384185791015625e-07,1,1
36,2.384185791015625e-07,1,1
37,2.384185791015625e-07,1,1
38,2.384185791015625e-07,1,1
39,2.384185791015625e-07,1,1
40,2.384185791015625e-07,1,1
41,2.384185791015625e-07,1,1
42,2.384185791015625e-07,1,1
43,2.384185791015625e-07,1,1
44,2.384185791015625e-07,1,1
45,2.384185791015625e-07,1,1
46,2.384185791015625e-07,1,1
47,2.384185791015625e-07,1,1
48,2.384185791015625e-07,1,1
49,2.384185791015625e-07,1,1
50,2.384185791015625e-07,1,1
51,2.384185791015625e-07,1,1
52,2.384185791015625e-07,1,1
53,2.384185791015625e-07,1,1
54,2.384185791015625e-07,1,1
55,2.384185791015625e-07,1,1
56,2.384185791015625e-07,1,1
57,2.384185791015625e-07,1,1
58,2.384185791015625e-07,1,1
59,2.384185791015625e-07,1,1
60,2.384185791015625e-07,1,1
61,2.384185791015625e-07,1,1
62,2.384185791015625e-07,1,1
63,2.384185791015625e-07,1,1
64,2.384185791015625e-07,1,1
65,2.384185791015625e-07,1,1
66,2.384185791015625e-07,1,1
67,2.384185791015625e-07,1,1
68,2.384185791015625e-07,1,1
69,2.384185791015625e-07,1,1
70,2.384185791015625e-07,1,1
71,2.384185791015625e-07,1,1
72,2.384185791015625e-07,1,1
73,2.384185791015625e-07,1,1
74,2.384185791015625e-07,1,1
75,2.384185791015625e-07,1,1
76,2.384185791015625e-07,1,1
77,2.384185791015625e-07,1,1
78,2.384185791015625e-07,1,1
79,2.384185791015625e-07,1,1
80,2.384185791015625e-07,1,1
81,2.384185791015625e-07,1,1
82,2.384185791015625e-07,1,1
83,2.384185791015625e-07,1,1
84,2.384185791015625e-07,1,1
85,2.384185791015625e-07,1,1
86,2.384185791015625e-07,1,1
87,2.384185791015625e-07,1,1
88,2.384185791015625e-07,1,1
89,2.384185791015625e-07,1,1
90,2.384185791015625e-07,1,1
91,2.384185791015625e-07,1,1
92,2.384185791015625e-07,1,1
93,2.384185791015625e-07,1,1
94,2.384185791015625e-07,1,1
95,2.384185791015625e-07,1,1
96,2.384185791015625e-07,1,1
97,2.384185791015625e-07,1,1
98,2.384185791015625e-07,1,1
99,2.384185791015625e-07,1,1
100,2.384185791015625e-07,1,1
101,2.384185791015625e-07,1,1
102,2.384185791015625e-07,1,1
103,2.384185791015625e-07,1,1
104,2.384185791015625e-07,1,1
105,2.384185791015625e-07,1,1
106,2.384185791015625e-07,1,1
107,2.384185791015625e-07,1,1
108,2.384185791015625e-07,1,1
109,2.384185791015625e-07,1,1
110,2.384185791015625e-07,1,1
111,2.384185791015625e-07,1,1
112,2.384185791015625e-07,1,1
113,2.384185791015625e-07,1,1
114,2.384185791015625e-07,1,1
115,2.384185791015625e-07,1,1
116,2.384185791015625e-07,1,1
117,2.384185791015625e-07,1,1
118,2.384185791015625e-07,1,1
119,2.384185791015625e-07,1,1
120,2.384185791015625e-07,1,1
121,2.384185791015625e-07,1,1
122,2.384185791015625e-07,1,1
123,2.384185791015625e-07,1,1
124,2.384185791015625e-07,1,1
125,2.384185791015625e-07,1,1
126,2.384185791015625e-07,1,1
127,2.384185791015625e-07,1,1
128,2.384185791015625e-07,1,1
129,2.384185791015625e-07,1,1
130,2.384185791015625e-07,1,1
131,2.384185791015625e-07,1,1
132,2.384185791015625e-07,1,1
133,2.384185791015625e-07,1,1
134,2.384185791015625e-07,1,1
135,2.384185791015625e-07,1,1
136,2.384185791015625e-07,1,1
137,2.384185791015625e-07,1,1
138,2.384185791015625e-07,1,1
139,2.384185791015625e-07,1,1
140,2.384185791015625e-07,1,1
141,2.384185791015625e-07,1,1
142,2.384185791015625e-07,1,1
143,2.384185791015625e-07,1,1
144,2.384185791015625e-07,1,1
145,2.384185791015625e-07,1,1
146,2.384185791015625e-07,1,1
147,2.384185791015625e-07,1,1
148,2.384185791015625e-07,1,1
149,2.384185791015625e-07,1,1
150,2.384185791015625e-07,1,1
151,2.384185791015625e-07,1,1
152,2.384185791015625e-07,1,1
153,2.384185791015625e-07,1,1
154,2.384185791015625e-07,1,1
155,2.384185791015625e-07,1,1
156,2.384185791015625e-07,1,1
157,2.384185791015625e-07,1,1
158,2.384185791015625e-07,1,1
159,2.384185791015625e-07,1,1
160,2.384185791015625e-07,1,1
161,2.384185791015625e-07,1,1
162,2.384185791015625e-07,1,1
163,2.384185791015625e-07,1,1
164,2.384185791015625e-07,1,1
165,2.384185791015625e-07,1,1
166,2.384185791015625e-07,1,1
167,2.384185791015625e-07,1,1
168,2.384185791015625e-07,1,1
169,2.384185791015625e-07,1,1
170,2.384185791015625e-07,1,1
171,2.384185791015625e-07,1,1
172,2.384185791015625e-07,1,1
173,2.384185791015625e-07,1,1
174,2.384185791015625e-07,1,1
175,2.384185791015625e-07,1,1
176,2.384185791015625e-07,1,1
177,2.384185791015625e-07,1,1
178,2.384185791015625e-07,1,1
179,2.384185791015625e-07,1,1
180,2.384185791015625e-07,1,1
181,2.384185791015625e-07,1,1
182,2.384185791015625e-07,1,1
183,2.384185791015625e-07,1,1
184,2.384185791015625e-07,1,1
185,2.384185791015625e-07,1,1
186,2.384185791015625e-07,1,1
187,2.384185791015625e-07,1,1
188,2.384185791015625e-07,1,1
189,2.384185791015625e-07,1,1
190,2.384185791015625e-07,1,1
191,2.384185791015625e-07,1,1
192,2.384185791015625e-07,1,1
193,2.384185791015625e-07,1,1
194,2.384185791015625e-07,1,1
195,2.384185791015625e-07,1,1
196,2.384185791015625e-07,1,1
197,2.384185791015625e-07,1,1
198,2.384185791015625e-07,1,1
199,2.384185791015625e-07,1,1
200,2.384185791015625e-07,1,1
1,0.9999749141243228,1,2
2,0.9999748647733213,1,2
3,0.9999748647733213,1,2
4,0.9999748712925793,1,2
5,0.9999748657337477,1,2
6,0.9999748657337477,1,2
7,0.9999748659502075,1,2
8,0.9999748659502075,1,2
9,0.9999748659502075,1,2
10,0.9999748659502075,1,2
11,0.9999748659502075,1,2
12,0.9999748659502075,1,2
13,0.9999748659502075,1,2
14,0.9999748659502075,1,2
15,0.9999748659502075,1,2
16,0.9999748661884951,1,2
17,0.9999748661648482,1,2
18,0.9999748661648482,1,2
19,0.9999748661648482,1,2
20,0.9999748661648482,1,2
21,0.9999748661648482,1,2
22,0.9999748661648482,1,2
23,0.9999748661648482,1,2
24,0.9999748661648482,1,2
25,0.9999748661648482,1,2
26,0.9999748661648482,1,2
27,0.9999748661648482,1,2
28,0.9999748661648482,1,2
29,0.9999748661648482,1,2
30,0.9999748661648482,1,2
31,0.9999748661648482,1,2
32,0.9999748661648482,1,2
33,0.9999748661648482,1,2
34,0.9999748661648482,1,2
35,0.9999748661648482,1,2
36,0.9999748661648482,1,2
37,0.9999748661648482,1,2
38,0.9999748661648482,1,2
39,0.9999748661648482,1,2
40,0.9999748661648482,1,2
41,0.9999748661648482,1,2
42,0.9999748661648482,1,2
43,0.9999748661648482,1,2
44,0.9999748661648482,1,2
45,0.9999748661648482,1,2
46,0.9999748661648482,1,2
47,0.9999748661648482,1,2
48,0.9999748661648482,1,2
49,0.9999748661648482,1,2
50,0.9999748661648482,1,2
51,0.9999748661648482,1,2
52,0.9999748661648482,1,2
53,0.9999748661648482,1,2
54,0.9999748661648482,1,2
55,0.9999748661648482,1,2
56,0.9999748661648482,1,2
57,0.9999748661648482,1,2
58,0.9999748661648482,1,2
59,0.9999748661648482,1,2
60,0.9999748661648482,1,2
61,0.9999748661648482,1,2
62,0.9999748661648482,1,2
63,0.9999748661648482,1,2
64,0.9999748661648482,1,2
65,0.9999748661648482,1,2
66,0.9999748661648482,1,2
67,0.9999748661648482,1,2
68,0.9999748661648482,1,2
69,0.9999748661648482,1,2
70,0.9999748661648482,1,2
71,0.9999748661648482,1,2
72,0.9999748661648482,1,2
73,0.9999748661648482,1,2
74,0.9999748661648482,1,2
75,0.9999748661648482,1,2
76,0.9999748661648482,1,2
77,0.9999748661648482,1,2
78,0.9999748661648482,1,2
79,0.9999748661648482,1,2
80,0.9999748661648482,1,2
81,0.9999748661648482,1,2
82,0.9999748661648482,1,2
83,0.9999748661648482,1,2
84,0.9999748661648482,1,2
85,0.9999748661648482,1,2
86,0.9999748661648482,1,2
87,0.9999748661648482,1,2
88,0.9999748661648482,1,2
89,0.9999748661648482,1,2
90,0.9999748661648482,1,2
91,0.9999748661648482,1,2
92,0.9999748661648482,1,2
93,0.9999748661648482,1,2
94,0.9999748661648482,1,2
95,0.9999748661648482,1,2
96,0.9999748661648482,1,2
97,0.9999748661648482,1,2
98,0.9999748661648482,1,2
99,0.9999748661648482,1,2
100,0.9999748661648482,1,2
101,0.9999748661648482,1,2
102,0.9999748661648482,1,2
103,0.9999748661648482,1,2
104,0.9999748661648482,1,2
105,0.9999748661648482,1,2
106,0.9999748661648482,1,2
107,0.9999748661648482,1,2
108,0.9999748661648482,1,2
109,0.9999748661648482,1,2
110,0.9999748661648482,1,2
111,0.9999748661648482,1,2
112,0.9999748661648482,1,2
113,0.9999748661648482,1,2
114,0.9999748661648482,1,2
115,0.9999748661648482,1,2
116,0.9999748661648482,1,2
117,0.9999748661648482,1,2
118,0.9999748661648482,1,2
119,0.9999748661648482,1,2
120,0.9999748661648482,1,2
121,0.9999748661648482,1,2
122,0.9999748661648482,1,2
123,0.9999748661648482,1,2
124,0.9999748661648482,1,2
125,0.9999748661648482,1,2
126,0.9999748661648482,1,2
127,0.9999748661648482,1,2
128,0.9999748661648482,1,2
129,0.9999748661648482,1,2
130,0.9999748661648482,1,2
131,0.9999748661648482,1,2
132,0.9999748661648482,1,2
133,0.9999748661648482,1,2
134,0.9999748661648482,1,2
135,0.9999748661648482,1,2
136,0.9999748661648482,1,2
137,0.9999748661648482,1,2
138,0.9999748661648482,1,2
139,0.9999748661648482,1,2
140,0.9999748661648482,1,2
141,0.9999748661648482,1,2
142,0.9999748661648482,1,2
143,0.9999748661648482,1,2
144,0.9999748661648482,1,2
145,0.9999748661648482,1,2
146,0.9999748661648482,1,2
147,0.9999748661648482,1,2
148,0.9999748661648482,1,2
149,0.9999748661648482,1,2
150,0.9999748661648482,1,2
151,0.9999748661648482,1,2
152,0.9999748661648482,1,2
153,0.9999748661648482,1,2
154,0.9999748661648482,1,2
155,0.9999748661648482,1,2
156,0.9999748661648482,1,2
157,0.9999748661648482,1,2
158,0.9999748661648482,1,2
159,0.9999748661648482,1,2
160,0.9999748661648482,1,2
161,0.9999748661648482,1,2
162,0.9999748661648482,1,2
163,0.9999748661648482,1,2
164,0.9999748661648482,1,2
165,0.9999748661648482,1,2
166,0.9999748661648482,1,2
167,0.9999748661648482,1,2
168,0.9999748661648482,1,2
169,0.9999748661648482,1,2
170,0.9999748661648482,1,2
171,0.9999748661648482,1,2
172,0.9999748661648482,1,2
173,0.9999748661648482,1,2
174,0.9999748661648482,1,2
175,0.9999748661648482,1,2
176,0.9999748661648482,1,2
177,0.9999748661648482,1,2
178,0.9999748661648482,1,2
179,0.9999748661648482,1,2
180,0.9999748661648482,1,2
181,0.9999748661648482,1,2
182,0.9999748661648482,1,2
183,0.9999748661648482,1,2
184,0.9999748661648482,1,2
185,0.9999748661648482,1,2
186,0.9999748661648482,1,2
187,0.9999748661648482,1,2
188,0.9999748661648482,1,2
189,0.9999748661648482,1,2
190,0.9999748661648482,1,2
191,0.9999748661648482,1,2
192,0.9999748661648482,1,2
193,0.9999748661648482,1,2
194,0.9999748661648482,1,2
195,0.9999748661648482,1,2
196,0.9999748661648482,1,2
197,0.9999748661648482,1,2
198,0.9999748661648482,1,2
199,0.9999748661648482,1,2
200,0.9999748661648482,1,2
1,0.0,1,3
2,0.0,1,3
3,0.0,1,3
4,0.0,1,3
5,0.0,1,3
6,0.0,1,3
7,0.0,1,3
8,0.0,1,3
9,0.0,1,3
10,0.0,1,3
11,0.0,1,3
12,0.0,1,3
13,0.0,1,3
14,0.0,1,3
15,0.0,1,3
16,0.0,1,3
17,0.0,1,3
18,0.0,1,3
19,0.0,1,3
20,0.0,1,3
21,0.0,1,3
22,0.0,1,3
23,0.0,1,3
24,0.0,1,3
25,0.0,1,3
26,0.0,1,3
27,0.0,1,3
28,0.0,1,3
29,0.0,1,3
30,0.0,1,3
31,0.0,1,3
32,0.0,1,3
33,0.0,1,3
34,0.0,1,3
35,0.0,1,3
36,0.0,1,3
37,0.0,1,3
38,0.0,1,3
39,0.0,1,3
40,0.0,1,3
41,0.0,1,3
42,0.0,1,3
43,0.0,1,3
44,0.0,1,3
45,0.0,1,3
46,0.0,1,3
47,0.0,1,3
48,0.0,1,3
49,0.0,1,3
50,0.0,1,3
51,0.0,1,3
52,0.0,1,3
53,0.0,1,3
54,0.0,1,3
55,0.0,1,3
56,0.0,1,3
57,0.0,1,3
58,0.0,1,3
59,0.0,1,3
60,0.0,1,3
61,0.0,1,3
62,0.0,1,3
63,0.0,1,3
64,0.0,1,3
65,0.0,1,3
66,0.0,1,3
67,0.0,1,3
68,0.0,1,3
69,0.0,1,3
70,0.0,1,3
71,0.0,1,3
72,0.0,1,3
73,0.0,1,3
74,0.0,1,3
75,0.0,1,3
76,0.0,1,3
77,0.0,1,3
78,0.0,1,3
79,0.0,1,3
80,0.0,1,3
81,0.0,1,3
82,0.0,1,3
83,0.0,1,3
84,0.0,1,3
85,0.0,1,3
86,0.0,1,3
87,0.0,1,3
88,0.0,1,3
89,0.0,1,3
90,0.0,1,3
91,0.0,1,3
92,0.0,1,3
93,0.0,1,3
94,0.0,1,3
95,0.0,1,3
96,0.0,1,3
97,0.0,1,3
98,0.0,1,3
99,0.0,1,3
100,0.0,1,3
101,0.0,1,3
102,0.0,1,3
103,0.0,1,3
104,0.0,1,3
105,0.0,1,3
106,0.0,1,3
107,0.0,1,3
108,0.0,1,3
109,0.0,1,3
110,0.0,1,3
111,0.0,1,3
112,0.0,1,3
113,0.0,1,3
114,0.0,1,3
115,0.0,1,3
116,0.0,1,3
117,0.0,1,3
118,0.0,1,3
119,0.0,1,3
120,0.0,1,3
121,0.0,1,3
122,0.0,1,3
123,0.0,1,3
124,0.0,1,3
125,0.0,1,3
126,0.0,1,3
127,0.0,1,3
128,0.0,1,3
129,0.0,1,3
130,0.0,1,3
131,0.0,1,3
132,0.0,1,3
133,0.0,1,3
134,0.0,1,3
135,0.0,1,3
136,0.0,1,3
137,0.0,1,3
138,0.0,1,3
139,0.0,1,3
140,0.0,1,3
141,0.0,1,3
142,0.0,1,3
143,0.0,1,3
144,0.0,1,3
145,0.0,1,3
146,0.0,1,3
147,0.0,1,3
148,0.0,1,3
149,0.0,1,3
150,0.0,1,3
151,0.0,1,3
152,0.0,1,3
153,0.0,1,3
154,0.0,1,3
155,0.0,1,3
156,0.0,1,3
157,0.0,1,3
158,0.0,1,3
159,0.0,1,3
160,0.0,1,3
161,0.0,1,3
162,0.0,1,3
163,0.0,1,3
164,0.0,1,3
165,0.0,1,3
166,0.0,1,3
167,0.0,1,3
168,0.0,1,3
169,0.0,1,3
170,0.0,1,3
171,0.0,1,3
172,0.0,1,3
173,0.0,1,3
174,0.0,1,3
175,0.0,1,3
176,0.0,1,3
177,0.0,1,3
178,0.0,1,3
179,0.0,1,3
180,0.0,1,3
181,0.0,1,3
182,0.0,1,3
183,0.0,1,3
184,0.0,1,3
185,0.0,1,3
186,0.0,1,3
187,0.0,1,3
188,0.0,1,3
189,0.0,1,3
190,0.0,1,3
191,0.0,1,3
192,0.0,1,3
193,0.0,1,3
194,0.0,1,3
195,0.0,1,3
196,0.0,1,3
197,0.0,1,3
198,0.0,1,3
199,0.0,1,3
200,0.0,1,3
1,0.9996305324311834,1,4
2,0.9996300753264222,1,4
3,0.9996304915694054,1,4
4,0.9996301712235436,1,4
5,0.9996301973296795,1,4
6,0.9996301973296795,1,4
7,0.9996301973296795,1,4
8,0.9996301973296795,1,4
9,0.9996301465725992,1,4
10,0.9996301465725992,1,4
11,0.9996301465725992,1,4
12,0.9996301465725992,1,4
13,0.9996301465725992,1,4
14,0.9996301449718885,1,4
15,0.9996301449718885,1,4
16,0.9996301449718885,1,4
17,0.9996301449718885,1,4
18,0.9996301449718885,1,4
19,0.9996301449718885,1,4
20,0.9996301449718885,1,4
21,0.9996301449718885,1,4
22,0.9996301449718885,1,4
23,0.9996301449718885,1,4
24,0.9996301449718885,1,4
25,0.9996301458741073,1,4
26,0.9996301454957575,1,4
27,0.9996301456703804,1,4
28,0.9996301456703804,1,4
29,0.9996301451756153,1,4
30,0.9996301451756153,1,4
31,0.9996301456703804,1,4
32,0.9996301458741073,1,4
33,0.9996301456703804,1,4
34,0.9996301456703804,1,4
35,0.9996301456703804,1,4
36,0.9996301456703804,1,4
37,0.9996301456703804,1,4
38,0.9996301456703804,1,4
39,0.9996301456703804,1,4
40,0.9996301456703804,1,4
41,0.9996301456703804,1,4
42,0.9996301456703804,1,4
43,0.9996301456703804,1,4
44,0.9996301456703804,1,4
45,0.9996301456703804,1,4
46,0.9996301456703804,1,4
47,0.9996301456703804,1,4
48,0.9996301456703804,1,4
49,0.9996301456703804,1,4
50,0.9996301456703804,1,4
51,0.9996301456703804,1,4
52,0.9996301456703804,1,4
53,0.9996301456703804,1,4
54,0.9996301456703804,1,4
55,0.9996301456703804,1,4
56,0.9996301456703804,1,4
57,0.9996301456703804,1,4
58,0.9996301456703804,1,4
59,0.9996301456703804,1,4
60,0.9996301456703804,1,4
61,0.9996301456703804,1,4
62,0.9996301456703804,1,4
63,0.9996301456703804,1,4
64,0.9996301456703804,1,4
65,0.9996301456703804,1,4
66,0.9996301456703804,1,4
67,0.9996301456703804,1,4
68,0.9996301456703804,1,4
69,0.9996301456703804,1,4
70,0.9996301456703804,1,4
71,0.9996301456703804,1,4
72,0.9996301456703804,1,4
73,0.9996301456703804,1,4
74,0.9996301456703804,1,4
75,0.9996301456703804,1,4
76,0.9996301456703804,1,4
77,0.9996301456703804,1,4
78,0.9996301456703804,1,4
79,0.9996301456703804,1,4
80,0.9996301456703804,1,4
81,0.9996301456703804,1,4
82,0.9996301456703804,1,4
83,0.9996301456703804,1,4
84,0.9996301456703804,1,4
85,0.9996301456703804,1,4
86,0.9996301456703804,1,4
87,0.9996301456703804,1,4
88,0.9996301456703804,1,4
89,0.9996301456703804,1,4
90,0.9996301456703804,1,4
91,0.9996301456703804,1,4
92,0.9996301456703804,1,4
93,0.9996301456703804,1,4
94,0.9996301456703804,1,4
95,0.9996301456703804,1,4
96,0.9996301456703804,1,4
97,0.9996301456703804,1,4
98,0.9996301456703804,1,4
99,0.9996301456703804,1,4
100,0.9996301456703804,1,4
101,0.9996301456703804,1,4
102,0.9996301456703804,1,4
103,0.9996301456703804,1,4
104,0.9996301456703804,1,4
105,0.9996301456703804,1,4
106,0.9996301456703804,1,4
107,0.9996301456703804,1,4
108,0.9996301456703804,1,4
109,0.9996301456703804,1,4
110,0.9996301456703804,1,4
111,0.9996301456703804,1,4
112,0.9996301456703804,1,4
113,0.9996301456703804,1,4
114,0.9996301456703804,1,4
115,0.9996301456703804,1,4
116,0.9996301456703804,1,4
117,0.9996301456703804,1,4
118,0.9996301456703804,1,4
119,0.9996301456703804,1,4
120,0.9996301456703804,1,4
121,0.9996301456703804,1,4
122,0.9996301456703804,1,4
123,0.9996301456703804,1,4
124,0.9996301456703804,1,4
125,0.9996301456703804,1,4
126,0.9996301456703804,1,4
127,0.9996301456703804,1,4
128,0.9996301456703804,1,4
129,0.9996301456703804,1,4
130,0.9996301456703804,1,4
131,0.9996301456703804,1,4
132,0.9996301456703804,1,4
133,0.9996301456703804,1,4
134,0.9996301456703804,1,4
135,0.9996301456703804,1,4
136,0.9996301456703804,1,4
137,0.9996301456703804,1,4
138,0.9996301456703804,1,4
139,0.9996301456703804,1,4
140,0.9996301456703804,1,4
141,0.9996301456703804,1,4
142,0.9996301456703804,1,4
143,0.9996301456703804,1,4
144,0.9996301456703804,1,4
145,0.9996301456703804,1,4
146,0.9996301456703804,1,4
147,0.9996301456703804,1,4
148,0.9996301456703804,1,4
149,0.9996301456703804,1,4
150,0.9996301456703804,1,4
151,0.9996301456703804,1,4
152,0.9996301456703804,1,4
153,0.9996301456703804,1,4
154,0.9996301456703804,1,4
155,0.9996301456703804,1,4
156,0.9996301456703804,1,4
157,0.9996301456703804,1,4
158,0.9996301456703804,1,4
159,0.9996301456703804,1,4
160,0.9996301456703804,1,4
161,0.9996301456703804,1,4
162,0.9996301456703804,1,4
163,0.9996301456703804,1,4
164,0.9996301456703804,1,4
165,0.9996301456703804,1,4
166,0.9996301456703804,1,4
167,0.9996301456703804,1,4
168,0.9996301456703804,1,4
169,0.9996301456703804,1,4
170,0.9996301456703804,1,4
171,0.9996301456703804,1,4
172,0.9996301456703804,1,4
173,0.9996301456703804,1,4
174,0.9996301456703804,1,4
175,0.9996301456703804,1,4
176,0.9996301456703804,1,4
177,0.9996301456703804,1,4
178,0.9996301456703804,1,4
179,0.9996301456703804,1,4
180,0.9996301456703804,1,4
181,0.9996301456703804,1,4
182,0.9996301456703804,1,4
183,0.9996301456703804,1,4
184,0.9996301456703804,1,4
185,0.9996301456703804,1,4
186,0.9996301456703804,1,4
187,0.9996301456703804,1,4
188,0.9996301456703804,1,4
189,0.9996301456703804,1,4
190,0.9996301456703804,1,4
191,0.9996301456703804,1,4
192,0.9996301456703804,1,4
193,0.9996301456703804,1,4
194,0.9996301456703804,1,4
195,0.9996301456703804,1,4
196,0.9996301456703804,1,4
197,0.9996301456703804,1,4
198,0.9996301456703804,1,4
199,0.9996301456703804,1,4
200,0.9996301456703804,1,4
1,0.0,1,5
2,0.0,1,5
3,0.0,1,5
4,0.0,1,5
5,0.0,1,5
6,0.0,1,5
7,0.0,1,5
8,0.0,1,5
9,0.0,1,5
10,0.0,1,5
11,0.0,1,5
12,0.0,1,5
13,0.0,1,5
14,0.0,1,5
15,0.0,1,5
16,0.0,1,5
17,0.0,1,5
18,0.0,1,5
19,0.0,1,5
20,0.0,1,5
21,0.0,1,5
22,0.0,1,5
23,0.0,1,5
24,0.0,1,5
25,0.0,1,5
26,0.0,1,5
27,0.0,1,5
28,0.0,1,5
29,0.0,1,5
30,0.0,1,5
31,0.0,1,5
32,0.0,1,5
33,0.0,1,5
34,0.0,1,5
35,0.0,1,5
36,0.0,1,5
37,0.0,1,5
38,0.0,1,5
39,0.0,1,5
40,0.0,1,5
41,0.0,1,5
42,0.0,1,5
43,0.0,1,5
44,0.0,1,5
45,0.0,1,5
46,0.0,1,5
47,0.0,1,5
48,0.0,1,5
49,0.0,1,5
50,0.0,1,5
51,0.0,1,5
52,0.0,1,5
53,0.0,1,5
54,0.0,1,5
55,0.0,1,5
56,0.0,1,5
57,0.0,1,5
58,0.0,1,5
59,0.0,1,5
60,0.0,1,5
61,0.0,1,5
62,0.0,1,5
63,0.0,1,5
64,0.0,1,5
65,0.0,1,5
66,0.0,1,5
67,0.0,1,5
68,0.0,1,5
69,0.0,1,5
70,0.0,1,5
71,0.0,1,5
72,0.0,1,5
73,0.0,1,5
74,0.0,1,5
75,0.0,1,5
76,0.0,1,5
77,0.0,1,5
78,0.0,1,5
79,0.0,1,5
80,0.0,1,5
81,0.0,1,5
82,0.0,1,5
83,0.0,1,5
84,0.0,1,5
85,0.0,1,5
86,0.0,1,5
87,0.0,1,5
88,0.0,1,5
89,0.0,1,5
90,0.0,1,5
91,0.0,1,5
92,0.0,1,5
93,0.0,1,5
94,0.0,1,5
95,0.0,1,5
96,0.0,1,5
97,0.0,1,5
98,0.0,1,5
99,0.0,1,5
100,0.0,1,5
101,0.0,1,5
102,0.0,1,5
103,0.0,1,5
104,0.0,1,5
105,0.0,1,5
106,0.0,1,5
107,0.0,1,5
108,0.0,1,5
109,0.0,1,5
110,0.0,1,5
111,0.0,1,5
112,0.0,1,5
113,0.0,1,5
114,0.0,1,5
115,0.0,1,5
116,0.0,1,5
117,0.0,1,5
118,0.0,1,5
119,0.0,1,5
120,0.0,1,5
121,0.0,1,5
122,0.0,1,5
123,0.0,1,5
124,0.0,1,5
125,0.0,1,5
126,0.0,1,5
127,0.0,1,5
128,0.0,1,5
129,0.0,1,5
130,0.0,1,5
131,0.0,1,5
132,0.0,1,5
133,0.0,1,5
134,0.0,1,5
135,0.0,1,5
136,0.0,1,5
137,0.0,1,5
138,0.0,1,5
139,0.0,1,5
140,0.0,1,5
141,0.0,1,5
142,0.0,1,5
143,0.0,1,5
144,0.0,1,5
145,0.0,1,5
146,0.0,1,5
147,0.0,1,5
148,0.0,1,5
149,0.0,1,5
150,0.0,1,5
151,0.0,1,5
152,0.0,1,5
153,0.0,1,5
154,0.0,1,5
155,0.0,1,5
156,0.0,1,5
157,0.0,1,5
158,0.0,1,5
159,0.0,1,5
160,0.0,1,5
161,0.0,1,5
162,0.0,1,5
163,0.0,1,5
164,0.0,1,5
165,0.0,1,5
166,0.0,1,5
167,0.0,1,5
168,0.0,1,5
169,0.0,1,5
170,0.0,1,5
171,0.0,1,5
172,0.0,1,5
173,0.0,1,5
174,0.0,1,5
175,0.0,1,5
176,0.0,1,5
177,0.0,1,5
178,0.0,1,5
179,0.0,1,5
180,0.0,1,5
181,0.0,1,5
182,0.0,1,5
183,0.0,1,5
184,0.0,1,5
185,0.0,1,5
186,0.0,1,5
187,0.0,1,5
188,0.0,1,5
189,0.0,1,5
190,0.0,1,5
191,0.0,1,5
192,0.0,1,5
193,0.0,1,5
194,0.0,1,5
195,0.0,1,5
196,0.0,1,5
197,0.0,1,5
198,0.0,1,5
199,0.0,1,5
200,0.0,1,5
1,0.7552101910114288,8,6
2,0.7552101910114288,8,6
3,0.8042083829641342,3,6
4,0.9101410284638405,9,6
5,0.9845113167539239,6,6
6,0.9845113167539239,6,6
7,0.9845113167539239,6,6
8,0.9845113167539239,6,6
9,0.9805800300091505,7,6
10,0.9805800300091505,7,6
11,0.9805800300091505,7,6
12,0.9805800300091505,7,6
13,0.9805800300091505,7,6
14,0.9805800300091505,7,6
15,0.9805800300091505,7,6
16,0.9805800300091505,7,6
17,0.9805800300091505,7,6
18,0.9903927622362971,8,6
19,0.9903927622362971,8,6
20,0.9903927622362971,8,6
21,0.9903927622362971,8,6
22,0.9903927622362971,8,6
23,0.9903927622362971,8,6
24,0.9903927622362971,8,6
25,0.9903927622362971,8,6
26,0.9903927622362971,8,6
27,0.9903927622362971,8,6
28,0.9903927622362971,8,6
29,0.9903927622362971,8,6
30,0.9903927622362971,8,6
31,0.9903927622362971,8,6
32,0.9903927622362971,8,6
33,0.9903927622362971,8,6
34,0.9903927622362971,8,6
35,0.9903927622362971,8,6
36,0.9903927622362971,8,6
37,0.9903927622362971,8,6
38,0.9903927622362971,8,6
39,0.9903927622362971,8,6
40,0.9903927622362971,8,6
41,0.9903927622362971,8,6
42,0.9903927622362971,8,6
43,0.9903927622362971,8,6
44,0.9903927622362971,8,6
45,0.9903927622362971,8,6
46,0.9903927622362971,8,6
47,0.9903927622362971,8,6
48,0.9903927622362971,8,6
49,0.9903927622362971,8,6
50,0.9903927622362971,8,6
51,0.9903927622362971,8,6
52,0.9903927622362971,8,6
53,0.9903927622362971,8,6
54,0.9903927622362971,8,6
55,0.9903927622362971,8,6
56,0.9903927622362971,8,6
57,0.9903927622362971,8,6
58,0.9903927622362971,8,6
59,0.9903927622362971,8,6
60,0.9681873731315136,7,6
61,0.9681873731315136,7,6
62,0.9681873731315136,7,6
63,0.9681873731315136,7,6
64,0.9681873731315136,7,6
65,0.9681873731315136,7,6
66,0.9681873731315136,7,6
67,0.9681873731315136,7,6
68,0.9681873731315136,7,6
69,0.9681873731315136,7,6
70,0.9681873731315136,7,6
71,0.9681873731315136,7,6
72,0.9681873731315136,7,6
73,0.9681873731315136,7,6
74,0.9681873731315136,7,6
75,0.9681873731315136,7,6
76,0.9681873731315136,7,6
77,0.9681873731315136,7,6
78,0.9681873731315136,7,6
79,0.9681873731315136,7,6
80,0.9681873731315136,7,6
81,0.9681873731315136,7,6
82,0.9681873731315136,7,6
83,0.9681873731315136,7,6
84,0.9681873731315136,7,6
85,0.9681873731315136,7,6
86,0.9681873731315136,7,6
87,0.9681873731315136,7,6
88,0.9681873731315136,7,6
89,0.9681873731315136,7,6
90,0.9681873731315136,7,6
91,0.9681873731315136,7,6
92,0.9681873731315136,7,6
93,0.9681873731315136,7,6
94,0.9681873731315136,7,6
95,0.9681873731315136,7,6
96,0.9681873731315136,7,6
97,0.9681873731315136,7,6
98,0.9681873731315136,7,6
99,0.9681873731315136,7,6
100,0.9681873731315136,7,6
101,0.9681873731315136,7,6
102,0.9681873731315136,7,6
103,0.9681873731315136,7,6
104,0.9681873731315136,7,6
105,0.9681873731315136,7,6
106,0.9681873731315136,7,6
107,0.9681873731315136,7,6
108,0.9681873731315136,7,6
109,0.9681873731315136,7,6
110,0.9681873731315136,7,6
111,0.9681873731315136,7,6
112,0.9681873731315136,7,6
113,0.9864360895007849,8,6
114,0.9864360895007849,8,6
115,0.9864360895007849,8,6
116,0.9864360895007849,8,6
117,0.9864360895007849,8,6
118,0.9864360895007849,8,6
119,0.9864360895007849,8,6
120,0.9864360895007849,8,6
121,0.9864360895007849,8,6
122,0.9864360895007849,8,6
123,0.9864360895007849,8,6
124,0.9864360895007849,8,6
125,0.9864360895007849,8,6
126,0.9864360895007849,8,6
127,0.9864360895007849,8,6
128,0.9864360895007849,8,6
129,0.9864360895007849,8,6
130,0.9864360895007849,8,6
131,0.9864360895007849,8,6
132,0.9864360895007849,8,6
133,0.9864360895007849,8,6
134,0.9864360895007849,8,6
135,0.9864360895007849,8,6
136,0.9864360895007849,8,6
137,0.9864360895007849,8,6
138,0.9864360895007849,8,6
139,0.9864360895007849,8,6
140,0.9864360895007849,8,6
141,0.9864360895007849,8,6
142,0.9864360895007849,8,6
143,0.9864360895007849,8,6
144,0.9864360895007849,8,6
145,0.9864360895007849,8,6
146,0.9864360895007849,8,6
147,0.9864360895007849,8,6
148,0.9864360895007849,8,6
149,0.9864360895007849,8,6
150,0.9864360895007849,8,6
151,0.9864360895007849,8,6
152,0.9864360895007849,8,6
153,0.9864360895007849,8,6
154,0.9864360895007849,8,6
155,0.9864360895007849,8,6
156,0.9864360895007849,8,6
157,0.9864360895007849,8,6
158,0.9864360895007849,8,6
159,0.9691305216401815,7,6
160,0.9691305216401815,7,6
161,0.9691305216401815,7,6
162,0.9942114199511707,8,6
163,0.9942114199511707,8,6
164,0.9942114199511707,8,6
165,0.9942114199511707,8,6
166,0.9942114199511707,8,6
167,0.9942114199511707,8,6
168,0.9942114199511707,8,6
169,0.9942114199511707,8,6
170,0.9942114199511707,8,6
171,0.9942114199511707,8,6
172,0.9942114199511707,8,6
173,0.9942114199511707,8,6
174,0.9939620438963175,7,6
175,0.9939620438963175,7,6
176,0.9942553476430476,8,6
177,0.986258196644485,7,6
178,0.986258196644485,7,6
179,0.986258196644485,7,6
180,0.986258196644485,7,6
181,0.986258196644485,7,6
182,0.986258196644485,7,6
183,0.986258196644485,7,6
184,0.986258196644485,7,6
185,0.986258196644485,7,6
186,0.986258196644485,7,6
187,0.986258196644485,7,6
188,0.986258196644485,7,6
189,0.986258196644485,7,6
190,0.986258196644485,7,6
191,0.986258196644485,7,6
192,0.986258196644485,7,6
193,0.986258196644485,7,6
194,0.986258196644485,7,6
195,0.986258196644485,7,6
196,0.986258196644485,7,6
197,0.986258196644485,7,6
198,0.986258196644485,7,6
199,0.986258196644485,7,6
200,0.986258196644485,7,6
1,0.0,1,7
2,0.0,1,7
3,0.0,1,7
4,0.0,1,7
5,0.0,1,7
6,0.0,1,7
7,0.0,1,7
8,0.0,1,7
9,0.0,1,7
10,0.0,1,7
11,0.0,1,7
12,0.0,1,7
13,0.0,1,7
14,0.0,1,7
15,0.0,1,7
16,0.0,1,7
17,0.0,1,7
18,0.0,1,7
19,0.0,1,7
20,0.0,1,7
21,0.0,1,7
22,0.0,1,7
23,0.0,1,7
24,0.0,1,7
25,0.0,1,7
26,0.0,1,7
27,0.0,1,7
28,0.0,1,7
29,0.0,1,7
30,0.0,1,7
31,0.0,1,7
32,0.0,1,7
33,0.0,1,7
34,0.0,1,7
35,0.0,1,7
36,0.0,1,7
37,0.0,1,7
38,0.0,1,7
39,0.0,1,7
40,0.0,1,7
41,0.0,1,7
42,0.0,1,7
43,0.0,1,7
44,0.0,1,7
45,0.0,1,7
46,0.0,1,7
47,0.0,1,7
48,0.0,1,7
49,0.0,1,7
50,0.0,1,7
51,0.0,1,7
52,0.0,1,7
53,0.0,1,7
54,0.0,1,7
55,0.0,1,7
56,0.0,1,7
57,0.0,1,7
58,0.0,1,7
59,0.0,1,7
60,0.0,1,7
61,0.0,1,7
62,0.0,1,7
63,0.0,1,7
64,0.0,1,7
65,0.0,1,7
66,0.0,1,7
67,0.0,1,7
68,0.0,1,7
69,0.0,1,7
70,0.0,1,7
71,0.0,1,7
72,0.0,1,7
73,0.0,1,7
74,0.0,1,7
75,0.0,1,7
76,0.0,1,7
77,0.0,1,7
78,0.0,1,7
79,0.0,1,7
80,0.0,1,7
81,0.0,1,7
82,0.0,1,7
83,0.0,1,7
84,0.0,1,7
85,0.0,1,7
86,0.0,1,7
87,0.0,1,7
88,0.0,1,7
89,0.0,1,7
90,0.0,1,7
91,0.0,1,7
92,0.0,1,7
93,0.0,1,7
94,0.0,1,7
95,0.0,1,7
96,0.0,1,7
97,0.0,1,7
98,0.0,1,7
99,0.0,1,7
100,0.0,1,7
101,0.0,1,7
102,0.0,1,7
103,0.0,1,7
104,0.0,1,7
105,0.0,1,7
106,0.0,1,7
107,0.0,1,7
108,0.0,1,7
109,0.0,1,7
110,0.0,1,7
111,0.0,1,7
112,0.0,1,7
113,0.0,1,7
114,0.0,1,7
115,0.0,1,7
116,0.0,1,7
117,0.0,1,7
118,0.0,1,7
119,0.0,1,7
120,0.0,1,7
121,0.0,1,7
122,0.0,1,7
123,0.0,1,7
124,0.0,1,7
125,0.0,1,7
126,0.0,1,7
127,0.0,1,7
128,0.0,1,7
129,0.0,1,7
130,0.0,1,7
131,0.0,1,7
132,0.0,1,7
133,0.0,1,7
134,0.0,1,7
135,0.0,1,7
136,0.0,1,7
137,0.0,1,7
138,0.0,1,7
139,0.0,1,7
140,0.0,1,7
141,0.0,1,7
142,0.0,1,7
143,0.0,1,7
144,0.0,1,7
145,0.0,1,7
146,0.0,1,7
147,0.0,1,7
148,0.0,1,7
149,0.0,1,7
150,0.0,1,7
151,0.0,1,7
152,0.0,1,7
153,0.0,1,7
154,0.0,1,7
155,0.0,1,7
156,0.0,1,7
157,0.0,1,7
158,0.0,1,7
159,0.0,1,7
160,0.0,1,7
161,0.0,1,7
162,0.0,1,7
163,0.0,1,7
164,0.0,1,7
165,0.0,1,7
166,0.0,1,7
167,0.0,1,7
168,0.0,1,7
169,0.0,1,7
170,0.0,1,7
171,0.0,1,7
172,0.0,1,7
173,0.0,1,7
174,0.0,1,7
175,0.0,1,7
176,0.0,1,7
177,0.0,1,7
178,0.0,1,7
179,0.0,1,7
180,0.0,1,7
181,0.0,1,7
182,0.0,1,7
183,0.0,1,7
184,0.0,1,7
185,0.0,1,7
186,0.0,1,7
187,0.0,1,7
188,0.0,1,7
189,0.0,1,7
190,0.0,1,7
191,0.0,1,7
192,0.0,1,7
193,0.0,1,7
194,0.0,1,7
195,0.0,1,7
196,0.0,1,7
197,0.0,1,7
198,0.0,1,7
199,0.0,1,7
200,0.0,1,7
1,2.384185791015625e-07,1,8
2,2.384185791015625e-07,1,8
3,2.384185791015625e-07,1,8
4,2.384185791015625e-07,1,8
5,2.384185791015625e-07,1,8
6,2.384185791015625e-07,1,8
7,2.384185791015625e-07,1,8
8,2.384185791015625e-07,1,8
9,2.384185791015625e-07,1,8
10,2.384185791015625e-07,1,8
11,2.384185791015625e-07,1,8
12,2.384185791015625e-07,1,8
13,2.384185791015625e-07,1,8
14,2.384185791015625e-07,1,8
15,2.384185791015625e-07,1,8
16,2.384185791015625e-07,1,8
17,2.384185791015625e-07,1,8
18,2.384185791015625e-07,1,8
19,2.384185791015625e-07,1,8
20,2.384185791015625e-07,1,8
21,2.384185791015625e-07,1,8
22,2.384185791015625e-07,1,8
23,2.384185791015625e-07,1,8
24,2.384185791015625e-07,1,8
25,2.384185791015625e-07,1,8
26,2.384185791015625e-07,1,8
27,2.384185791015625e-07,1,8
28,2.384185791015625e-07,1,8
29,2.384185791015625e-07,1,8
30,2.384185791015625e-07,1,8
31,2.384185791015625e-07,1,8
32,2.384185791015625e-07,1,8
33,2.384185791015625e-07,1,8
34,2.384185791015625e-07,1,8
35,2.384185791015625e-07,1,8
36,2.384185791015625e-07,1,8
37,2.384185791015625e-07,1,8
38,2.384185791015625e-07,1,8
39,2.384185791015625e-07,1,8
40,2.384185791015625e-07,1,8
41,2.384185791015625e-07,1,8
42,2.384185791015625e-07,1,8
43,2.384185791015625e-07,1,8
44,2.384185791015625e-07,1,8
45,2.384185791015625e-07,1,8
46,2.384185791015625e-07,1,8
47,2.384185791015625e-07,1,8
48,2.384185791015625e-07,1,8
49,2.384185791015625e-07,1,8
50,2.384185791015625e-07,1,8
51,2.384185791015625e-07,1,8
52,2.384185791015625e-07,1,8
53,2.384185791015625e-07,1,8
54,2.384185791015625e-07,1,8
55,2.384185791015625e-07,1,8
56,2.384185791015625e-07,1,8
57,2.384185791015625e-07,1,8
58,2.384185791015625e-07,1,8
59,2.384185791015625e-07,1,8
60,2.384185791015625e-07,1,8
61,2.384185791015625e-07,1,8
62,2.384185791015625e-07,1,8
63,2.384185791015625e-07,1,8
64,2.384185791015625e-07,1,8
65,2.384185791015625e-07,1,8
66,2.384185791015625e-07,1,8
67,2.384185791015625e-07,1,8
68,2.384185791015625e-07,1,8
69,2.384185791015625e-07,1,8
70,2.384185791015625e-07,1,8
71,2.384185791015625e-07,1,8
72,2.384185791015625e-07,1,8
73,2.384185791015625e-07,1,8
74,2.384185791015625e-07,1,8
75,2.384185791015625e-07,1,8
76,2.384185791015625e-07,1,8
77,2.384185791015625e-07,1,8
78,2.384185791015625e-07,1,8
79,2.384185791015625e-07,1,8
80,2.384185791015625e-07,1,8
81,2.384185791015625e-07,1,8
82,2.384185791015625e-07,1,8
83,2.384185791015625e-07,1,8
84,2.384185791015625e-07,1,8
85,2.384185791015625e-07,1,8
86,2.384185791015625e-07,1,8
87,2.384185791015625e-07,1,8
88,2.384185791015625e-07,1,8
89,2.384185791015625e-07,1,8
90,2.384185791015625e-07,1,8
91,2.384185791015625e-07,1,8
92,2.384185791015625e-07,1,8
93,2.384185791015625e-07,1,8
94,2.384185791015625e-07,1,8
95,2.384185791015625e-07,1,8
96,2.384185791015625e-07,1,8
97,2.384185791015625e-07,1,8
98,2.384185791015625e-07,1,8
99,2.384185791015625e-07,1,8
100,2.384185791015625e-07,1,8
101,2.384185791015625e-07,1,8
102,2.384185791015625e-07,1,8
103,2.384185791015625e-07,1,8
104,2.384185791015625e-07,1,8
105,2.384185791015625e-07,1,8
106,2.384185791015625e-07,1,8
107,2.384185791015625e-07,1,8
108,2.384185791015625e-07,1,8
109,2.384185791015625e-07,1,8
110,2.384185791015625e-07,1,8
111,2.384185791015625e-07,1,8
112,2.384185791015625e-07,1,8
113,2.384185791015625e-07,1,8
114,2.384185791015625e-07,1,8
115,2.384185791015625e-07,1,8
116,2.384185791015625e-07,1,8
117,2.384185791015625e-07,1,8
118,2.384185791015625e-07,1,8
119,2.384185791015625e-07,1,8
120,2.384185791015625e-07,1,8
121,2.384185791015625e-07,1,8
122,2.384185791015625e-07,1,8
123,2.384185791015625e-07,1,8
124,2.384185791015625e-07,1,8
125,2.384185791015625e-07,1,8
126,2.384185791015625e-07,1,8
127,2.384185791015625e-07,1,8
128,2.384185791015625e-07,1,8
129,2.384185791015625e-07,1,8
130,2.384185791015625e-07,1,8
131,2.384185791015625e-07,1,8
132,2.384185791015625e-07,1,8
133,2.384185791015625e-07,1,8
134,2.384185791015625e-07,1,8
135,2.384185791015625e-07,1,8
136,2.384185791015625e-07,1,8
137,2.384185791015625e-07,1,8
138,2.384185791015625e-07,1,8
139,2.384185791015625e-07,1,8
140,2.384185791015625e-07,1,8
141,2.384185791015625e-07,1,8
142,2.384185791015625e-07,1,8
143,2.384185791015625e-07,1,8
144,2.384185791015625e-07,1,8
145,2.384185791015625e-07,1,8
146,2.384185791015625e-07,1,8
147,2.384185791015625e-07,1,8
148,2.384185791015625e-07,1,8
149,2.384185791015625e-07,1,8
150,2.384185791015625e-07,1,8
151,2.384185791015625e-07,1,8
152,2.384185791015625e-07,1,8
153,2.384185791015625e-07,1,8
154,2.384185791015625e-07,1,8
155,2.384185791015625e-07,1,8
156,2.384185791015625e-07,1,8
157,2.384185791015625e-07,1,8
158,2.384185791015625e-07,1,8
159,2.384185791015625e-07,1,8
160,2.384185791015625e-07,1,8
161,2.384185791015625e-07,1,8
162,2.384185791015625e-07,1,8
163,2.384185791015625e-07,1,8
164,2.384185791015625e-07,1,8
165,2.384185791015625e-07,1,8
166,2.384185791015625e-07,1,8
167,2.384185791015625e-07,1,8
168,2.384185791015625e-07,1,8
169,2.384185791015625e-07,1,8
170,2.384185791015625e-07,1,8
171,2.384185791015625e-07,1,8
172,2.384185791015625e-07,1,8
173,2.384185791015625e-07,1,8
174,2.384185791015625e-07,1,8
175,2.384185791015625e-07,1,8
176,2.384185791015625e-07,1,8
177,2.384185791015625e-07,1,8
178,2.384185791015625e-07,1,8
179,2.384185791015625e-07,1,8
180,2.384185791015625e-07,1,8
181,2.384185791015625e-07,1,8
182,2.384185791015625e-07,1,8
183,2.384185791015625e-07,1,8
184,2.384185791015625e-07,1,8
185,2.384185791015625e-07,1,8
186,2.384185791015625e-07,1,8
187,2.384185791015625e-07,1,8
188,2.384185791015625e-07,1,8
189,2.384185791015625e-07,1,8
190,2.384185791015625e-07,1,8
191,2.384185791015625e-07,1,8
192,2.384185791015625e-07,1,8
193,2.384185791015625e-07,1,8
194,2.384185791015625e-07,1,8
195,2.384185791015625e-07,1,8
196,2.384185791015625e-07,1,8
197,2.384185791015625e-07,1,8
198,2.384185791015625e-07,1,8
199,2.384185791015625e-07,1,8
200,2.384185791015625e-07,1,8
1,1.3113021850585938e-06,1,9
2,1.3113021850585938e-06,1,9
3,1.3113021850585938e-06,1,9
4,1.3113021850585938e-06,1,9
5,1.3113021850585938e-06,1,9
6,1.3113021850585938e-06,1,9
7,1.3113021850585938e-06,1,9
8,1.3113021850585938e-06,1,9
9,1.3113021850585938e-06,1,9
10,1.3113021850585938e-06,1,9
11,1.3113021850585938e-06,1,9
12,1.3113021850585938e-06,1,9
13,1.3113021850585938e-06,1,9
14,1.3113021850585938e-06,1,9
15,1.3113021850585938e-06,1,9
16,1.3113021850585938e-06,1,9
17,1.3113021850585938e-06,1,9
18,1.3113021850585938e-06,1,9
19,1.3113021850585938e-06,1,9
20,1.3113021850585938e-06,1,9
21,1.3113021850585938e-06,1,9
22,1.3113021850585938e-06,1,9
23,1.3113021850585938e-06,1,9
24,1.3113021850585938e-06,1,9
25,1.3113021850585938e-06,1,9
26,1.3113021850585938e-06,1,9
27,1.3113021850585938e-06,1,9
28,1.3113021850585938e-06,1,9
29,1.3113021850585938e-06,1,9
30,1.3113021850585938e-06,1,9
31,1.3113021850585938e-06,1,9
32,1.3113021850585938e-06,1,9
33,1.3113021850585938e-06,1,9
34,1.3113021850585938e-06,1,9
35,1.3113021850585938e-06,1,9
36,1.3113021850585938e-06,1,9
37,1.3113021850585938e-06,1,9
38,1.3113021850585938e-06,1,9
39,1.3113021850585938e-06,1,9
40,1.3113021850585938e-06,1,9
41,1.3113021850585938e-06,1,9
42,1.3113021850585938e-06,1,9
43,1.3113021850585938e-06,1,9
44,1.3113021850585938e-06,1,9
45,1.3113021850585938e-06,1,9
46,1.3113021850585938e-06,1,9
47,1.3113021850585938e-06,1,9
48,1.3113021850585938e-06,1,9
49,1.3113021850585938e-06,1,9
50,1.3113021850585938e-06,1,9
51,1.3113021850585938e-06,1,9
52,1.3113021850585938e-06,1,9
53,1.3113021850585938e-06,1,9
54,1.3113021850585938e-06,1,9
55,1.3113021850585938e-06,1,9
56,1.3113021850585938e-06,1,9
57,1.3113021850585938e-06,1,9
58,1.3113021850585938e-06,1,9
59,1.3113021850585938e-06,1,9
60,1.3113021850585938e-06,1,9
61,1.3113021850585938e-06,1,9
62,1.3113021850585938e-06,1,9
63,1.3113021850585938e-06,1,9
64,1.3113021850585938e-06,1,9
65,1.3113021850585938e-06,1,9
66,1.3113021850585938e-06,1,9
67,1.3113021850585938e-06,1,9
68,1.3113021850585938e-06,1,9
69,1.3113021850585938e-06,1,9
70,1.3113021850585938e-06,1,9
71,1.3113021850585938e-06,1,9
72,1.3113021850585938e-06,1,9
73,1.3113021850585938e-06,1,9
74,1.3113021850585938e-06,1,9
75,1.3113021850585938e-06,1,9
76,1.3113021850585938e-06,1,9
77,1.3113021850585938e-06,1,9
78,1.3113021850585938e-06,1,9
79,1.3113021850585938e-06,1,9
80,1.3113021850585938e-06,1,9
81,1.3113021850585938e-06,1,9
82,1.3113021850585938e-06,1,9
83,1.3113021850585938e-06,1,9
84,1.3113021850585938e-06,1,9
85,1.3113021850585938e-06,1,9
86,1.3113021850585938e-06,1,9
87,1.3113021850585938e-06,1,9
88,1.3113021850585938e-06,1,9
89,1.3113021850585938e-06,1,9
90,1.3113021850585938e-06,1,9
91,1.3113021850585938e-06,1,9
92,1.3113021850585938e-06,1,9
93,1.3113021850585938e-06,1,9
94,1.3113021850585938e-06,1,9
95,1.3113021850585938e-06,1,9
96,1.3113021850585938e-06,1,9
97,1.3113021850585938e-06,1,9
98,1.3113021850585938e-06,1,9
99,1.3113021850585938e-06,1,9
100,1.3113021850585938e-06,1,9
101,1.3113021850585938e-06,1,9
102,1.3113021850585938e-06,1,9
103,1.3113021850585938e-06,1,9
104,1.3113021850585938e-06,1,9
105,1.3113021850585938e-06,1,9
106,1.3113021850585938e-06,1,9
107,1.3113021850585938e-06,1,9
108,1.3113021850585938e-06,1,9
109,1.3113021850585938e-06,1,9
110,1.3113021850585938e-06,1,9
111,1.3113021850585938e-06,1,9
112,1.3113021850585938e-06,1,9
113,1.3113021850585938e-06,1,9
114,1.3113021850585938e-06,1,9
115,1.3113021850585938e-06,1,9
116,1.3113021850585938e-06,1,9
117,1.3113021850585938e-06,1,9
118,1.3113021850585938e-06,1,9
119,1.3113021850585938e-06,1,9
120,1.3113021850585938e-06,1,9
121,1.3113021850585938e-06,1,9
122,1.3113021850585938e-06,1,9
123,1.3113021850585938e-06,1,9
124,1.3113021850585938e-06,1,9
125,1.3113021850585938e-06,1,9
126,1.3113021850585938e-06,1,9
127,1.3113021850585938e-06,1,9
128,1.3113021850585938e-06,1,9
129,1.3113021850585938e-06,1,9
130,1.3113021850585938e-06,1,9
131,1.3113021850585938e-06,1,9
132,1.3113021850585938e-06,1,9
133,1.3113021850585938e-06,1,9
134,1.3113021850585938e-06,1,9
135,1.3113021850585938e-06,1,9
136,1.3113021850585938e-06,1,9
137,1.3113021850585938e-06,1,9
138,1.3113021850585938e-06,1,9
139,1.3113021850585938e-06,1,9
140,1.3113021850585938e-06,1,9
141,1.3113021850585938e-06,1,9
142,1.3113021850585938e-06,1,9
143,1.3113021850585938e-06,1,9
144,1.3113021850585938e-06,1,9
145,1.3113021850585938e-06,1,9
146,1.3113021850585938e-06,1,9
147,1.3113021850585938e-06,1,9
148,1.3113021850585938e-06,1,9
149,1.3113021850585938e-06,1,9
150,1.3113021850585938e-06,1,9
151,1.3113021850585938e-06,1,9
152,1.3113021850585938e-06,1,9
153,1.3113021850585938e-06,1,9
154,1.3113021850585938e-06,1,9
155,1.3113021850585938e-06,1,9
156,1.3113021850585938e-06,1,9
157,1.3113021850585938e-06,1,9
158,1.3113021850585938e-06,1,9
159,1.3113021850585938e-06,1,9
160,1.3113021850585938e-06,1,9
161,1.3113021850585938e-06,1,9
162,1.3113021850585938e-06,1,9
163,1.3113021850585938e-06,1,9
164,1.3113021850585938e-06,1,9
165,1.3113021850585938e-06,1,9
166,1.3113021850585938e-06,1,9
167,1.3113021850585938e-06,1,9
168,1.3113021850585938e-06,1,9
169,1.3113021850585938e-06,1,9
170,1.3113021850585938e-06,1,9
171,1.3113021850585938e-06,1,9
172,1.3113021850585938e-06,1,9
173,1.3113021850585938e-06,1,9
174,1.3113021850585938e-06,1,9
175,1.3113021850585938e-06,1,9
176,1.3113021850585938e-06,1,9
177,1.3113021850585938e-06,1,9
178,1.3113021850585938e-06,1,9
179,1.3113021850585938e-06,1,9
180,1.3113021850585938e-06,1,9
181,1.3113021850585938e-06,1,9
182,1.3113021850585938e-06,1,9
183,1.3113021850585938e-06,1,9
184,1.3113021850585938e-06,1,9
185,1.3113021850585938e-06,1,9
186,1.3113021850585938e-06,1,9
187,1.3113021850585938e-06,1,9
188,1.3113021850585938e-06,1,9
189,1.3113021850585938e-06,1,9
190,1.3113021850585938e-06,1,9
191,1.3113021850585938e-06,1,9
192,1.3113021850585938e-06,1,9
193,1.3113021850585938e-06,1,9
194,1.3113021850585938e-06,1,9
195,1.3113021850585938e-06,1,9
196,1.3113021850585938e-06,1,9
197,1.3113021850585938e-06,1,9
198,1.3113021850585938e-06,1,9
199,1.3113021850585938e-06,1,9
200,1.3113021850585938e-06,1,9
1,2.1457672119140625e-06,1,10
2,2.1457672119140625e-06,1,10
3,2.1457672119140625e-06,1,10
4,2.1457672119140625e-06,1,10
5,2.1457672119140625e-06,1,10
6,2.1457672119140625e-06,1,10
7,2.1457672119140625e-06,1,10
8,2.1457672119140625e-06,1,10
9,2.1457672119140625e-06,1,10
10,2.1457672119140625e-06,1,10
11,2.1457672119140625e-06,1,10
12,2.1457672119140625e-06,1,10
13,2.1457672119140625e-06,1,10
14,2.1457672119140625e-06,1,10
15,2.1457672119140625e-06,1,10
16,2.1457672119140625e-06,1,10
17,2.1457672119140625e-06,1,10
18,2.1457672119140625e-06,1,10
19,2.1457672119140625e-06,1,10
20,2.1457672119140625e-06,1,10
21,2.1457672119140625e-06,1,10
22,2.1457672119140625e-06,1,10
23,2.1457672119140625e-06,1,10
24,2.1457672119140625e-06,1,10
25,2.1457672119140625e-06,1,10
26,2.1457672119140625e-06,1,10
27,2.1457672119140625e-06,1,10
28,2.1457672119140625e-06,1,10
29,2.1457672119140625e-06,1,10
30,2.1457672119140625e-06,1,10
31,2.1457672119140625e-06,1,10
32,2.1457672119140625e-06,1,10
33,2.1457672119140625e-06,1,10
34,2.1457672119140625e-06,1,10
35,2.1457672119140625e-06,1,10
36,2.1457672119140625e-06,1,10
37,2.1457672119140625e-06,1,10
38,2.1457672119140625e-06,1,10
39,2.1457672119140625e-06,1,10
40,2.1457672119140625e-06,1,10
41,2.1457672119140625e-06,1,10
42,2.1457672119140625e-06,1,10
43,2.1457672119140625e-06,1,10
44,2.1457672119140625e-06,1,10
45,2.1457672119140625e-06,1,10
46,2.1457672119140625e-06,1,10
47,2.1457672119140625e-06,1,10
48,2.1457672119140625e-06,1,10
49,2.1457672119140625e-06,1,10
50,2.1457672119140625e-06,1,10
51,2.1457672119140625e-06,1,10
52,2.1457672119140625e-06,1,10
53,2.1457672119140625e-06,1,10
54,2.1457672119140625e-06,1,10
55,2.1457672119140625e-06,1,10
56,2.1457672119140625e-06,1,10
57,2.1457672119140625e-06,1,10
58,2.1457672119140625e-06,1,10
59,2.1457672119140625e-06,1,10
60,2.1457672119140625e-06,1,10
61,2.1457672119140625e-06,1,10
62,2.1457672119140625e-06,1,10
63,2.1457672119140625e-06,1,10
64,2.1457672119140625e-06,1,10
65,2.1457672119140625e-06,1,10
66,2.1457672119140625e-06,1,10
67,2.1457672119140625e-06,1,10
68,2.1457672119140625e-06,1,10
69,2.1457672119140625e-06,1,10
70,2.1457672119140625e-06,1,10
71,2.1457672119140625e-06,1,10
72,2.1457672119140625e-06,1,10
73,2.1457672119140625e-06,1,10
74,2.1457672119140625e-06,1,10
75,2.1457672119140625e-06,1,10
76,2.1457672119140625e-06,1,10
77,2.1457672119140625e-06,1,10
78,2.1457672119140625e-06,1,10
79,2.1457672119140625e-06,1,10
80,2.1457672119140625e-06,1,10
81,2.1457672119140625e-06,1,10
82,2.1457672119140625e-06,1,10
83,2.1457672119140625e-06,1,10
84,2.1457672119140625e-06,1,10
85,2.1457672119140625e-06,1,10
86,2.1457672119140625e-06,1,10
87,2.1457672119140625e-06,1,10
88,2.1457672119140625e-06,1,10
89,2.1457672119140625e-06,1,10
90,2.1457672119140625e-06,1,10
91,2.1457672119140625e-06,1,10
92,2.1457672119140625e-06,1,10
93,2.1457672119140625e-06,1,10
94,2.1457672119140625e-06,1,10
95,2.1457672119140625e-06,1,10
96,2.1457672119140625e-06,1,10
97,2.1457672119140625e-06,1,10
98,2.1457672119140625e-06,1,10
99,2.1457672119140625e-06,1,10
100,2.1457672119140625e-06,1,10
101,2.1457672119140625e-06,1,10
102,2.1457672119140625e-06,1,10
103,2.1457672119140625e-06,1,10
104,2.1457672119140625e-06,1,10
105,2.1457672119140625e-06,1,10
106,2.1457672119140625e-06,1,10
107,2.1457672119140625e-06,1,10
108,2.1457672119140625e-06,1,10
109,2.1457672119140625e-06,1,10
110,2.1457672119140625e-06,1,10
111,2.1457672119140625e-06,1,10
112,2.1457672119140625e-06,1,10
113,2.1457672119140625e-06,1,10
114,2.1457672119140625e-06,1,10
115,2.1457672119140625e-06,1,10
116,2.1457672119140625e-06,1,10
117,2.1457672119140625e-06,1,10
118,2.1457672119140625e-06,1,10
119,2.1457672119140625e-06,1,10
120,2.1457672119140625e-06,1,10
121,2.1457672119140625e-06,1,10
122,2.1457672119140625e-06,1,10
123,2.1457672119140625e-06,1,10
124,2.1457672119140625e-06,1,10
125,2.1457672119140625e-06,1,10
126,2.1457672119140625e-06,1,10
127,2.1457672119140625e-06,1,10
128,2.1457672119140625e-06,1,10
129,2.1457672119140625e-06,1,10
130,2.1457672119140625e-06,1,10
131,2.1457672119140625e-06,1,10
132,2.1457672119140625e-06,1,10
133,2.1457672119140625e-06,1,10
134,2.1457672119140625e-06,1,10
135,2.1457672119140625e-06,1,10
136,2.1457672119140625e-06,1,10
137,2.1457672119140625e-06,1,10
138,2.1457672119140625e-06,1,10
139,2.1457672119140625e-06,1,10
140,2.1457672119140625e-06,1,10
141,2.1457672119140625e-06,1,10
142,2.1457672119140625e-06,1,10
143,2.1457672119140625e-06,1,10
144,2.1457672119140625e-06,1,10
145,2.1457672119140625e-06,1,10
146,2.1457672119140625e-06,1,10
147,2.1457672119140625e-06,1,10
148,2.1457672119140625e-06,1,10
149,2.1457672119140625e-06,1,10
150,2.1457672119140625e-06,1,10
151,2.1457672119140625e-06,1,10
152,2.1457672119140625e-06,1,10
153,2.1457672119140625e-06,1,10
154,2.1457672119140625e-06,1,10
155,2.1457672119140625e-06,1,10
156,2.1457672119140625e-06,1,10
157,2.1457672119140625e-06,1,10
158,2.1457672119140625e-06,1,10
159,2.1457672119140625e-06,1,10
160,2.1457672119140625e-06,1,10
161,2.1457672119140625e-06,1,10
162,2.1457672119140625e-06,1,10
163,2.1457672119140625e-06,1,10
164,2.1457672119140625e-06,1,10
165,2.1457672119140625e-06,1,10
166,2.1457672119140625e-06,1,10
167,2.1457672119140625e-06,1,10
168,2.1457672119140625e-06,1,10
169,2.1457672119140625e-06,1,10
170,2.1457672119140625e-06,1,10
171,2.1457672119140625e-06,1,10
172,2.1457672119140625e-06,1,10
173,2.1457672119140625e-06,1,10
174,2.1457672119140625e-06,1,10
175,2.1457672119140625e-06,1,10
176,2.1457672119140625e-06,1,10
177,2.1457672119140625e-06,1,10
178,2.1457672119140625e-06,1,10
179,2.1457672119140625e-06,1,10
180,2.1457672119140625e-06,1,10
181,2.1457672119140625e-06,1,10
182,2.1457672119140625e-06,1,10
183,2.1457672119140625e-06,1,10
184,2.1457672119140625e-06,1,10
185,2.1457672119140625e-06,1,10
186,2.1457672119140625e-06,1,10
187,2.1457672119140625e-06,1,10
188,2.1457672119140625e-06,1,10
189,2.1457672119140625e-06,1,10
190,2.1457672119140625e-06,1,10
191,2.1457672119140625e-06,1,10
192,2.1457672119140625e-06,1,10
193,2.1457672119140625e-06,1,10
194,2.1457672119140625e-06,1,10
195,2.1457672119140625e-06,1,10
196,2.1457672119140625e-06,1,10
197,2.1457672119140625e-06,1,10
198,2.1457672119140625e-06,1,10
199,2.1457672119140625e-06,1,10
200,2.1457672119140625e-06,1,10
1,0.0009996294975280762,1,11
2,0.0009996294975280762,1,11
3,0.000995934009552002,1,11
4,0.0009954571723937988,1,11
5,0.0009954571723937988,1,11
6,0.0009954571723937988,1,11
7,0.0009954571723937988,1,11
8,0.0009954571723937988,1,11
9,0.0009954571723937988,1,11
10,0.0009954571723937988,1,11
11,0.0009954571723937988,1,11
12,0.0009954571723937988,1,11
13,0.0009954571723937988,1,11
14,0.0009954571723937988,1,11
15,0.0009954571723937988,1,11
16,0.0009954571723937988,1,11
17,0.0009954571723937988,1,11
18,0.0009954571723937988,1,11
19,0.0009954571723937988,1,11
20,0.0009954571723937988,1,11
21,0.0009954571723937988,1,11
22,0.0009954571723937988,1,11
23,0.0009954571723937988,1,11
24,0.0009954571723937988,1,11
25,0.0009954571723937988,1,11
26,0.0009954571723937988,1,11
27,0.0009954571723937988,1,11
28,0.0009954571723937988,1,11
29,0.0009954571723937988,1,11
30,0.0009954571723937988,1,11
31,0.0009954571723937988,1,11
32,0.0009954571723937988,1,11
33,0.0009954571723937988,1,11
34,0.0009954571723937988,1,11
35,0.0009954571723937988,1,11
36,0.0009954571723937988,1,11
37,0.0009954571723937988,1,11
38,0.0009954571723937988,1,11
39,0.0009954571723937988,1,11
40,0.0009954571723937988,1,11
41,0.0009954571723937988,1,11
42,0.0009954571723937988,1,11
43,0.0009954571723937988,1,11
44,0.0009954571723937988,1,11
45,0.0009954571723937988,1,11
46,0.0009954571723937988,1,11
47,0.0009954571723937988,1,11
48,0.0009954571723937988,1,11
49,0.0009954571723937988,1,11
50,0.0009954571723937988,1,11
51,0.0009954571723937988,1,11
52,0.0009954571723937988,1,11
53,0.0009954571723937988,1,11
54,0.0009954571723937988,1,11
55,0.0009954571723937988,1,11
56,0.0009954571723937988,1,11
57,0.0009954571723937988,1,11
58,0.0009954571723937988,1,11
59,0.0009954571723937988,1,11
60,0.0009954571723937988,1,11
61,0.0009954571723937988,1,11
62,0.0009954571723937988,1,11
63,0.0009954571723937988,1,11
64,0.0009954571723937988,1,11
65,0.0009954571723937988,1,11
66,0.0009954571723937988,1,11
67,0.0009954571723937988,1,11
68,0.0009954571723937988,1,11
69,0.0009954571723937988,1,11
70,0.0009954571723937988,1,11
71,0.0009954571723937988,1,11
72,0.0009954571723937988,1,11
73,0.0009954571723937988,1,11
74,0.0009954571723937988,1,11
75,0.0009954571723937988,1,11
76,0.0009954571723937988,1,11
77,0.0009954571723937988,1,11
78,0.0009954571723937988,1,11
79,0.0009954571723937988,1,11
80,0.0009954571723937988,1,11
81,0.0009954571723937988,1,11
82,0.0009954571723937988,1,11
83,0.0009954571723937988,1,11
84,0.0009954571723937988,1,11
85,0.0009954571723937988,1,11
86,0.0009954571723937988,1,11
87,0.0009954571723937988,1,11
88,0.0009954571723937988,1,11
89,0.0009954571723937988,1,11
90,0.0009954571723937988,1,11
91,0.0009954571723937988,1,11
92,0.0009954571723937988,1,11
93,0.0009954571723937988,1,11
94,0.0009954571723937988,1,11
95,0.0009954571723937988,1,11
96,0.0009954571723937988,1,11
97,0.0009954571723937988,1,11
98,0.0009954571723937988,1,11
99,0.0009954571723937988,1,11
100,0.0009954571723937988,1,11
101,0.0009954571723937988,1,11
102,0.0009954571723937988,1,11
103,0.0009954571723937988,1,11
104,0.0009954571723937988,1,11
105,0.0009954571723937988,1,11
106,0.0009954571723937988,1,11
107,0.0009954571723937988,1,11
108,0.0009954571723937988,1,11
109,0.0009954571723937988,1,11
110,0.0009954571723937988,1,11
111,0.0009954571723937988,1,11
112,0.0009954571723937988,1,11
113,0.0009954571723937988,1,11
114,0.0009954571723937988,1,11
115,0.0009954571723937988,1,11
116,0.0009954571723937988,1,11
117,0.0009954571723937988,1,11
118,0.0009954571723937988,1,11
119,0.0009954571723937988,1,11
120,0.0009954571723937988,1,11
121,0.0009954571723937988,1,11
122,0.0009954571723937988,1,11
123,0.0009954571723937988,1,11
124,0.0009954571723937988,1,11
125,0.0009954571723937988,1,11
126,0.0009954571723937988,1,11
127,0.0009954571723937988,1,11
128,0.0009954571723937988,1,11
129,0.0009954571723937988,1,11
130,0.0009954571723937988,1,11
131,0.0009954571723937988,1,11
132,0.0009954571723937988,1,11
133,0.0009954571723937988,1,11
134,0.0009954571723937988,1,11
135,0.0009954571723937988,1,11
136,0.0009954571723937988,1,11
137,0.0009954571723937988,1,11
138,0.0009954571723937988,1,11
139,0.0009954571723937988,1,11
140,0.0009954571723937988,1,11
141,0.0009954571723937988,1,11
142,0.0009954571723937988,1,11
143,0.0009954571723937988,1,11
144,0.0009954571723937988,1,11
145,0.0009954571723937988,1,11
146,0.0009954571723937988,1,11
147,0.0009954571723937988,1,11
148,0.0009954571723937988,1,11
149,0.0009954571723937988,1,11
150,0.0009954571723937988,1,11
151,0.0009954571723937988,1,11
152,0.0009954571723937988,1,11
153,0.0009954571723937988,1,11
154,0.0009954571723937988,1,11
155,0.0009954571723937988,1,11
156,0.0009954571723937988,1,11
157,0.0009954571723937988,1,11
158,0.0009954571723937988,1,11
159,0.0009954571723937988,1,11
160,0.0009954571723937988,1,11
161,0.0009954571723937988,1,11
162,0.0009954571723937988,1,11
163,0.0009954571723937988,1,11
164,0.0009954571723937988,1,11
165,0.0009954571723937988,1,11
166,0.0009954571723937988,1,11
167,0.0009954571723937988,1,11
168,0.0009954571723937988,1,11
169,0.0009954571723937988,1,11
170,0.0009954571723937988,1,11
171,0.0009954571723937988,1,11
172,0.0009954571723937988,1,11
173,0.0009954571723937988,1,11
174,0.0009954571723937988,1,11
175,0.0009954571723937988,1,11
176,0.0009954571723937988,1,11
177,0.0009954571723937988,1,11
178,0.0009954571723937988,1,11
179,0.0009954571723937988,1,11
180,0.0009954571723937988,1,11
181,0.0009954571723937988,1,11
182,0.0009954571723937988,1,11
183,0.0009954571723937988,1,11
184,0.0009954571723937988,1,11
185,0.0009954571723937988,1,11
186,0.0009954571723937988,1,11
187,0.0009954571723937988,1,11
188,0.0009954571723937988,1,11
189,0.0009954571723937988,1,11
190,0.0009954571723937988,1,11
191,0.0009954571723937988,1,11
192,0.0009954571723937988,1,11
193,0.0009954571723937988,1,11
194,0.0009954571723937988,1,11
195,0.0009954571723937988,1,11
196,0.0009954571723937988,1,11
197,0.0009954571723937988,1,11
198,0.0009954571723937988,1,11
199,0.0009954571723937988,1,11
200,0.0009954571723937988,1,11
1,0.001152634620666504,1,12
2,0.0011521577835083008,1,12
3,0.0011521577835083008,1,12
4,0.0011525154113769531,1,12
5,0.0011525154113769531,1,12
6,0.0011525154113769531,1,12
7,0.0011525154113769531,1,12
8,0.0011525154113769531,1,12
9,0.0011525154113769531,1,12
10,0.0011523962020874023,1,12
11,0.0011523962020874023,1,12
12,0.0011523962020874023,1,12
13,0.0011523962020874023,1,12
14,0.0011523962020874023,1,12
15,0.0011523962020874023,1,12
16,0.0011523962020874023,1,12
17,0.0011523962020874023,1,12
18,0.0011523962020874023,1,12
19,0.0011523962020874023,1,12
20,0.0011523962020874023,1,12
21,0.0011523962020874023,1,12
22,0.0011523962020874023,1,12
23,0.0011523962020874023,1,12
24,0.0011523962020874023,1,12
25,0.0011523962020874023,1,12
26,0.0011523962020874023,1,12
27,0.0011523962020874023,1,12
28,0.0011523962020874023,1,12
29,0.0011523962020874023,1,12
30,0.0011523962020874023,1,12
31,0.0011523962020874023,1,12
32,0.0011523962020874023,1,12
33,0.0011523962020874023,1,12
34,0.0011523962020874023,1,12
35,0.0011523962020874023,1,12
36,0.0011523962020874023,1,12
37,0.0011523962020874023,1,12
38,0.0011523962020874023,1,12
39,0.0011523962020874023,1,12
40,0.0011523962020874023,1,12
41,0.0011523962020874023,1,12
42,0.0011523962020874023,1,12
43,0.0011523962020874023,1,12
44,0.0011523962020874023,1,12
45,0.0011523962020874023,1,12
46,0.0011523962020874023,1,12
47,0.0011523962020874023,1,12
48,0.0011523962020874023,1,12
49,0.0011523962020874023,1,12
50,0.0011523962020874023,1,12
51,0.0011523962020874023,1,12
52,0.0011523962020874023,1,12
53,0.0011523962020874023,1,12
54,0.0011523962020874023,1,12
55,0.0011523962020874023,1,12
56,0.0011523962020874023,1,12
57,0.0011523962020874023,1,12
58,0.0011523962020874023,1,12
59,0.0011523962020874023,1,12
60,0.0011523962020874023,1,12
61,0.0011523962020874023,1,12
62,0.0011523962020874023,1,12
63,0.0011523962020874023,1,12
64,0.0011523962020874023,1,12
65,0.0011523962020874023,1,12
66,0.0011523962020874023,1,12
67,0.0011523962020874023,1,12
68,0.0011523962020874023,1,12
69,0.0011523962020874023,1,12
70,0.0011523962020874023,1,12
71,0.0011523962020874023,1,12
72,0.0011523962020874023,1,12
73,0.0011523962020874023,1,12
74,0.0011523962020874023,1,12
75,0.0011523962020874023,1,12
76,0.0011523962020874023,1,12
77,0.0011523962020874023,1,12
78,0.0011523962020874023,1,12
79,0.0011523962020874023,1,12
80,0.0011523962020874023,1,12
81,0.0011523962020874023,1,12
82,0.0011523962020874023,1,12
83,0.0011523962020874023,1,12
84,0.0011523962020874023,1,12
85,0.0011523962020874023,1,12
86,0.0011523962020874023,1,12
87,0.0011523962020874023,1,12
88,0.0011523962020874023,1,12
89,0.0011523962020874023,1,12
90,0.0011523962020874023,1,12
91,0.0011523962020874023,1,12
92,0.0011523962020874023,1,12
93,0.0011523962020874023,1,12
94,0.0011523962020874023,1,12
95,0.0011523962020874023,1,12
96,0.0011523962020874023,1,12
97,0.0011523962020874023,1,12
98,0.0011523962020874023,1,12
99,0.0011523962020874023,1,12
100,0.0011523962020874023,1,12
101,0.0011523962020874023,1,12
102,0.0011523962020874023,1,12
103,0.0011523962020874023,1,12
104,0.0011523962020874023,1,12
105,0.0011523962020874023,1,12
106,0.0011523962020874023,1,12
107,0.0011523962020874023,1,12
108,0.0011523962020874023,1,12
109,0.0011523962020874023,1,12
110,0.0011523962020874023,1,12
111,0.0011523962020874023,1,12
112,0.0011523962020874023,1,12
113,0.0011523962020874023,1,12
114,0.0011523962020874023,1,12
115,0.0011523962020874023,1,12
116,0.0011523962020874023,1,12
117,0.0011523962020874023,1,12
118,0.0011523962020874023,1,12
119,0.0011523962020874023,1,12
120,0.0011523962020874023,1,12
121,0.0011523962020874023,1,12
122,0.0011523962020874023,1,12
123,0.0011523962020874023,1,12
124,0.0011523962020874023,1,12
125,0.0011523962020874023,1,12
126,0.0011523962020874023,1,12
127,0.0011523962020874023,1,12
128,0.0011523962020874023,1,12
129,0.0011523962020874023,1,12
130,0.0011523962020874023,1,12
131,0.0011523962020874023,1,12
132,0.0011523962020874023,1,12
133,0.0011523962020874023,1,12
134,0.0011523962020874023,1,12
135,0.0011523962020874023,1,12
136,0.0011523962020874023,1,12
137,0.0011523962020874023,1,12
138,0.0011523962020874023,1,12
139,0.0011523962020874023,1,12
140,0.0011523962020874023,1,12
141,0.0011523962020874023,1,12
142,0.0011523962020874023,1,12
143,0.0011523962020874023,1,12
144,0.0011523962020874023,1,12
145,0.0011523962020874023,1,12
146,0.0011523962020874023,1,12
147,0.0011523962020874023,1,12
148,0.0011523962020874023,1,12
149,0.0011523962020874023,1,12
150,0.0011523962020874023,1,12
151,0.0011523962020874023,1,12
152,0.0011523962020874023,1,12
153,0.0011523962020874023,1,12
154,0.0011523962020874023,1,12
155,0.0011523962020874023,1,12
156,0.0011523962020874023,1,12
157,0.0011523962020874023,1,12
158,0.0011523962020874023,1,12
159,0.0011523962020874023,1,12
160,0.0011523962020874023,1,12
161,0.0011523962020874023,1,12
162,0.0011523962020874023,1,12
163,0.0011523962020874023,1,12
164,0.0011523962020874023,1,12
165,0.0011523962020874023,1,12
166,0.0011523962020874023,1,12
167,0.0011523962020874023,1,12
168,0.0011523962020874023,1,12
169,0.0011523962020874023,1,12
170,0.0011523962020874023,1,12
171,0.0011523962020874023,1,12
172,0.0011523962020874023,1,12
173,0.0011523962020874023,1,12
174,0.0011523962020874023,1,12
175,0.0011523962020874023,1,12
176,0.0011523962020874023,1,12
177,0.0011523962020874023,1,12
178,0.0011523962020874023,1,12
179,0.0011523962020874023,1,12
180,0.0011523962020874023,1,12
181,0.0011523962020874023,1,12
182,0.0011523962020874023,1,12
183,0.0011523962020874023,1,12
184,0.0011523962020874023,1,12
185,0.0011523962020874023,1,12
186,0.0011523962020874023,1,12
187,0.0011523962020874023,1,12
188,0.0011523962020874023,1,12
189,0.0011523962020874023,1,12
190,0.0011523962020874023,1,12
191,0.0011523962020874023,1,12
192,0.0011523962020874023,1,12
193,0.0011523962020874023,1,12
194,0.0011523962020874023,1,12
195,0.0011523962020874023,1,12
196,0.0011523962020874023,1,12
197,0.0011523962020874023,1,12
198,0.0011523962020874023,1,12
199,0.0011523962020874023,1,12
200,0.0011523962020874023,1,12
1,0.0,1,13
2,0.0,1,13
3,0.0,1,13
4,0.0,1,13
5,0.0,1,13
6,0.0,1,13
7,0.0,1,13
8,0.0,1,13
9,0.0,1,13
10,0.0,1,13
11,0.0,1,13
12,0.0,1,13
13,0.0,1,13
14,0.0,1,13
15,0.0,1,13
16,0.0,1,13
17,0.0,1,13
18,0.0,1,13
19,0.0,1,13
20,0.0,1,13
21,0.0,1,13
22,0.0,1,13
23,0.0,1,13
24,0.0,1,13
25,0.0,1,13
26,0.0,1,13
27,0.0,1,13
28,0.0,1,13
29,0.0,1,13
30,0.0,1,13
31,0.0,1,13
32,0.0,1,13
33,0.0,1,13
34,0.0,1,13
35,0.0,1,13
36,0.0,1,13
37,0.0,1,13
38,0.0,1,13
39,0.0,1,13
40,0.0,1,13
41,0.0,1,13
42,0.0,1,13
43,0.0,1,13
44,0.0,1,13
45,0.0,1,13
46,0.0,1,13
47,0.0,1,13
48,0.0,1,13
49,0.0,1,13
50,0.0,1,13
51,0.0,1,13
52,0.0,1,13
53,0.0,1,13
54,0.0,1,13
55,0.0,1,13
56,0.0,1,13
57,0.0,1,13
58,0.0,1,13
59,0.0,1,13
60,0.0,1,13
61,0.0,1,13
62,0.0,1,13
63,0.0,1,13
64,0.0,1,13
65,0.0,1,13
66,0.0,1,13
67,0.0,1,13
68,0.0,1,13
69,0.0,1,13
70,0.0,1,13
71,0.0,1,13
72,0.0,1,13
73,0.0,1,13
74,0.0,1,13
75,0.0,1,13
76,0.0,1,13
77,0.0,1,13
78,0.0,1,13
79,0.0,1,13
80,0.0,1,13
81,0.0,1,13
82,0.0,1,13
83,0.0,1,13
84,0.0,1,13
85,0.0,1,13
86,0.0,1,13
87,0.0,1,13
88,0.0,1,13
89,0.0,1,13
90,0.0,1,13
91,0.0,1,13
92,0.0,1,13
93,0.0,1,13
94,0.0,1,13
95,0.0,1,13
96,0.0,1,13
97,0.0,1,13
98,0.0,1,13
99,0.0,1,13
100,0.0,1,13
101,0.0,1,13
102,0.0,1,13
103,0.0,1,13
104,0.0,1,13
105,0.0,1,13
106,0.0,1,13
107,0.0,1,13
108,0.0,1,13
109,0.0,1,13
110,0.0,1,13
111,0.0,1,13
112,0.0,1,13
113,0.0,1,13
114,0.0,1,13
115,0.0,1,13
116,0.0,1,13
117,0.0,1,13
118,0.0,1,13
119,0.0,1,13
120,0.0,1,13
121,0.0,1,13
122,0.0,1,13
123,0.0,1,13
124,0.0,1,13
125,0.0,1,13
126,0.0,1,13
127,0.0,1,13
128,0.0,1,13
129,0.0,1,13
130,0.0,1,13
131,0.0,1,13
132,0.0,1,13
133,0.0,1,13
134,0.0,1,13
135,0.0,1,13
136,0.0,1,13
137,0.0,1,13
138,0.0,1,13
139,0.0,1,13
140,0.0,1,13
141,0.0,1,13
142,0.0,1,13
143,0.0,1,13
144,0.0,1,13
145,0.0,1,13
146,0.0,1,13
147,0.0,1,13
148,0.0,1,13
149,0.0,1,13
150,0.0,1,13
151,0.0,1,13
152,0.0,1,13
153,0.0,1,13
154,0.0,1,13
155,0.0,1,13
156,0.0,1,13
157,0.0,1,13
158,0.0,1,13
159,0.0,1,13
160,0.0,1,13
161,0.0,1,13
162,0.0,1,13
163,0.0,1,13
164,0.0,1,13
165,0.0,1,13
166,0.0,1,13
167,0.0,1,13
168,0.0,1,13
169,0.0,1,13
170,0.0,1,13
171,0.0,1,13
172,0.0,1,13
173,0.0,1,13
174,0.0,1,13
175,0.0,1,13
176,0.0,1,13
177,0.0,1,13
178,0.0,1,13
179,0.0,1,13
180,0.0,1,13
181,0.0,1,13
182,0.0,1,13
183,0.0,1,13
184,0.0,1,13
185,0.0,1,13
186,0.0,1,13
187,0.0,1,13
188,0.0,1,13
189,0.0,1,13
190,0.0,1,13
191,0.0,1,13
192,0.0,1,13
193,0.0,1,13
194,0.0,1,13
195,0.0,1,13
196,0.0,1,13
197,0.0,1,13
198,0.0,1,13
199,0.0,1,13
200,0.0,1,13
1,0.0,1,14
2,0.0,1,14
3,0.0,1,14
4,0.0,1,14
5,0.0,1,14
6,0.0,1,14
7,0.0,1,14
8,0.0,1,14
9,0.0,1,14
10,0.0,1,14
11,0.0,1,14
12,0.0,1,14
13,0.0,1,14
14,0.0,1,14
15,0.0,1,14
16,0.0,1,14
17,0.0,1,14
18,0.0,1,14
19,0.0,1,14
20,0.0,1,14
21,0.0,1,14
22,0.0,1,14
23,0.0,1,14
24,0.0,1,14
25,0.0,1,14
26,0.0,1,14
27,0.0,1,14
28,0.0,1,14
29,0.0,1,14
30,0.0,1,14
31,0.0,1,14
32,0.0,1,14
33,0.0,1,14
34,0.0,1,14
35,0.0,1,14
36,0.0,1,14
37,0.0,1,14
38,0.0,1,14
39,0.0,1,14
40,0.0,1,14
41,0.0,1,14
42,0.0,1,14
43,0.0,1,14
44,0.0,1,14
45,0.0,1,14
46,0.0,1,14
47,0.0,1,14
48,0.0,1,14
49,0.0,1,14
50,0.0,1,14
51,0.0,1,14
52,0.0,1,14
53,0.0,1,14
54,0.0,1,14
55,0.0,1,14
56,0.0,1,14
57,0.0,1,14
58,0.0,1,14
59,0.0,1,14
60,0.0,1,14
61,0.0,1,14
62,0.0,1,14
63,0.0,1,14
64,0.0,1,14
65,0.0,1,14
66,0.0,1,14
67,0.0,1,14
68,0.0,1,14
69,0.0,1,14
70,0.0,1,14
71,0.0,1,14
72,0.0,1,14
73,0.0,1,14
74,0.0,1,14
75,0.0,1,14
76,0.0,1,14
77,0.0,1,14
78,0.0,1,14
79,0.0,1,14
80,0.0,1,14
81,0.0,1,14
82,0.0,1,14
83,0.0,1,14
84,0.0,1,14
85,0.0,1,14
86,0.0,1,14
87,0.0,1,14
88,0.0,1,14
89,0.0,1,14
90,0.0,1,14
91,0.0,1,14
92,0.0,1,14
93,0.0,1,14
94,0.0,1,14
95,0.0,1,14
96,0.0,1,14
97,0.0,1,14
98,0.0,1,14
99,0.0,1,14
100,0.0,1,14
101,0.0,1,14
102,0.0,1,14
103,0.0,1,14
104,0.0,1,14
105,0.0,1,14
106,0.0,1,14
107,0.0,1,14
108,0.0,1,14
109,0.0,1,14
110,0.0,1,14
111,0.0,1,14
112,0.0,1,14
113,0.0,1,14
114,0.0,1,14
115,0.0,1,14
116,0.0,1,14
117,0.0,1,14
118,0.0,1,14
119,0.0,1,14
120,0.0,1,14
121,0.0,1,14
122,0.0,1,14
123,0.0,1,14
124,0.0,1,14
125,0.0,1,14
126,0.0,1,14
127,0.0,1,14
128,0.0,1,14
129,0.0,1,14
130,0.0,1,14
131,0.0,1,14
132,0.0,1,14
133,0.0,1,14
134,0.0,1,14
135,0.0,1,14
136,0.0,1,14
137,0.0,1,14
138,0.0,1,14
139,0.0,1,14
140,0.0,1,14
141,0.0,1,14
142,0.0,1,14
143,0.0,1,14
144,0.0,1,14
145,0.0,1,14
146,0.0,1,14
147,0.0,1,14
148,0.0,1,14
149,0.0,1,14
150,0.0,1,14
151,0.0,1,14
152,0.0,1,14
153,0.0,1,14
154,0.0,1,14
155,0.0,1,14
156,0.0,1,14
157,0.0,1,14
158,0.0,1,14
159,0.0,1,14
160,0.0,1,14
161,0.0,1,14
162,0.0,1,14
163,0.0,1,14
164,0.0,1,14
165,0.0,1,14
166,0.0,1,14
167,0.0,1,14
168,0.0,1,14
169,0.0,1,14
170,0.0,1,14
171,0.0,1,14
172,0.0,1,14
173,0.0,1,14
174,0.0,1,14
175,0.0,1,14
176,0.0,1,14
177,0.0,1,14
178,0.0,1,14
179,0.0,1,14
180,0.0,1,14
181,0.0,1,14
182,0.0,1,14
183,0.0,1,14
184,0.0,1,14
185,0.0,1,14
186,0.0,1,14
187,0.0,1,14
188,0.0,1,14
189,0.0,1,14
190,0.0,1,14
191,0.0,1,14
192,0.0,1,14
193,0.0,1,14
194,0.0,1,14
195,0.0,1,14
196,0.0,1,14
197,0.0,1,14
198,0.0,1,14
199,0.0,1,14
200,0.0,1,14
1,0.0,1,15
2,0.0,1,15
3,0.0,1,15
4,0.0,1,15
5,0.0,1,15
6,0.0,1,15
7,0.0,1,15
8,0.0,1,15
9,0.0,1,15
10,0.0,1,15
11,0.0,1,15
12,0.0,1,15
13,0.0,1,15
14,0.0,1,15
15,0.0,1,15
16,0.0,1,15
17,0.0,1,15
18,0.0,1,15
19,0.0,1,15
20,0.0,1,15
21,0.0,1,15
22,0.0,1,15
23,0.0,1,15
24,0.0,1,15
25,0.0,1,15
26,0.0,1,15
27,0.0,1,15
28,0.0,1,15
29,0.0,1,15
30,0.0,1,15
31,0.0,1,15
32,0.0,1,15
33,0.0,1,15
34,0.0,1,15
35,0.0,1,15
36,0.0,1,15
37,0.0,1,15
38,0.0,1,15
39,0.0,1,15
40,0.0,1,15
41,0.0,1,15
42,0.0,1,15
43,0.0,1,15
44,0.0,1,15
45,0.0,1,15
46,0.0,1,15
47,0.0,1,15
48,0.0,1,15
49,0.0,1,15
50,0.0,1,15
51,0.0,1,15
52,0.0,1,15
53,0.0,1,15
54,0.0,1,15
55,0.0,1,15
56,0.0,1,15
57,0.0,1,15
58,0.0,1,15
59,0.0,1,15
60,0.0,1,15
61,0.0,1,15
62,0.0,1,15
63,0.0,1,15
64,0.0,1,15
65,0.0,1,15
66,0.0,1,15
67,0.0,1,15
68,0.0,1,15
69,0.0,1,15
70,0.0,1,15
71,0.0,1,15
72,0.0,1,15
73,0.0,1,15
74,0.0,1,15
75,0.0,1,15
76,0.0,1,15
77,0.0,1,15
78,0.0,1,15
79,0.0,1,15
80,0.0,1,15
81,0.0,1,15
82,0.0,1,15
83,0.0,1,15
84,0.0,1,15
85,0.0,1,15
86,0.0,1,15
87,0.0,1,15
88,0.0,1,15
89,0.0,1,15
90,0.0,1,15
91,0.0,1,15
92,0.0,1,15
93,0.0,1,15
94,0.0,1,15
95,0.0,1,15
96,0.0,1,15
97,0.0,1,15
98,0.0,1,15
99,0.0,1,15
100,0.0,1,15
101,0.0,1,15
102,0.0,1,15
103,0.0,1,15
104,0.0,1,15
105,0.0,1,15
106,0.0,1,15
107,0.0,1,15
108,0.0,1,15
109,0.0,1,15
110,0.0,1,15
111,0.0,1,15
112,0.0,1,15
113,0.0,1,15
114,0.0,1,15
115,0.0,1,15
116,0.0,1,15
117,0.0,1,15
118,0.0,1,15
119,0.0,1,15
120,0.0,1,15
121,0.0,1,15
122,0.0,1,15
123,0.0,1,15
124,0.0,1,15
125,0.0,1,15
126,0.0,1,15
127,0.0,1,15
128,0.0,1,15
129,0.0,1,15
130,0.0,1,15
131,0.0,1,15
132,0.0,1,15
133,0.0,1,15
134,0.0,1,15
135,0.0,1,15
136,0.0,1,15
137,0.0,1,15
138,0.0,1,15
139,0.0,1,15
140,0.0,1,15
141,0.0,1,15
142,0.0,1,15
143,0.0,1,15
144,0.0,1,15
145,0.0,1,15
146,0.0,1,15
147,0.0,1,15
148,0.0,1,15
149,0.0,1,15
150,0.0,1,15
151,0.0,1,15
152,0.0,1,15
153,0.0,1,15
154,0.0,1,15
155,0.0,1,15
156,0.0,1,15
157,0.0,1,15
158,0.0,1,15
159,0.0,1,15
160,0.0,1,15
161,0.0,1,15
162,0.0,1,15
163,0.0,1,15
164,0.0,1,15
165,0.0,1,15
166,0.0,1,15
167,0.0,1,15
168,0.0,1,15
169,0.0,1,15
170,0.0,1,15
171,0.0,1,15
172,0.0,1,15
173,0.0,1,15
174,0.0,1,15
175,0.0,1,15
176,0.0,1,15
177,0.0,1,15
178,0.0,1,15
179,0.0,1,15
180,0.0,1,15
181,0.0,1,15
182,0.0,1,15
183,0.0,1,15
184,0.0,1,15
185,0.0,1,15
186,0.0,1,15
187,0.0,1,15
188,0.0,1,15
189,0.0,1,15
190,0.0,1,15
191,0.0,1,15
192,0.0,1,15
193,0.0,1,15
194,0.0,1,15
195,0.0,1,15
196,0.0,1,15
197,0.0,1,15
198,0.0,1,15
199,0.0,1,15
200,0.0,1,15
1,2.002716064453125e-05,1,16
2,2.002716064453125e-05,1,16
3,2.002716064453125e-05,1,16
4,2.014636993408203e-05,1,16
5,2.014636993408203e-05,1,16
6,2.014636993408203e-05,1,16
7,2.014636993408203e-05,1,16
8,2.014636993408203e-05,1,16
9,2.014636993408203e-05,1,16
10,2.014636993408203e-05,1,16
11,2.014636993408203e-05,1,16
12,2.014636993408203e-05,1,16
13,2.014636993408203e-05,1,16
14,2.014636993408203e-05,1,16
15,2.014636993408203e-05,1,16
16,2.014636993408203e-05,1,16
17,2.014636993408203e-05,1,16
18,2.014636993408203e-05,1,16
19,2.014636993408203e-05,1,16
20,2.014636993408203e-05,1,16
21,2.014636993408203e-05,1,16
22,2.014636993408203e-05,1,16
23,2.014636993408203e-05,1,16
24,2.014636993408203e-05,1,16
25,2.014636993408203e-05,1,16
26,2.014636993408203e-05,1,16
27,2.014636993408203e-05,1,16
28,2.014636993408203e-05,1,16
29,2.014636993408203e-05,1,16
30,2.014636993408203e-05,1,16
31,2.014636993408203e-05,1,16
32,2.014636993408203e-05,1,16
33,2.014636993408203e-05,1,16
34,2.014636993408203e-05,1,16
35,2.014636993408203e-05,1,16
36,2.014636993408203e-05,1,16
37,2.014636993408203e-05,1,16
38,2.014636993408203e-05,1,16
39,2.014636993408203e-05,1,16
40,2.014636993408203e-05,1,16
41,2.014636993408203e-05,1,16
42,2.014636993408203e-05,1,16
43,2.014636993408203e-05,1,16
44,2.014636993408203e-05,1,16
45,2.014636993408203e-05,1,16
46,2.014636993408203e-05,1,16
47,2.014636993408203e-05,1,16
48,2.014636993408203e-05,1,16
49,2.014636993408203e-05,1,16
50,2.014636993408203e-05,1,16
51,2.014636993408203e-05,1,16
52,2.014636993408203e-05,1,16
53,2.014636993408203e-05,1,16
54,2.014636993408203e-05,1,16
55,2.014636993408203e-05,1,16
56,2.014636993408203e-05,1,16
57,2.014636993408203e-05,1,16
58,2.014636993408203e-05,1,16
59,2.014636993408203e-05,1,16
60,2.014636993408203e-05,1,16
61,2.014636993408203e-05,1,16
62,2.014636993408203e-05,1,16
63,2.014636993408203e-05,1,16
64,2.014636993408203e-05,1,16
65,2.014636993408203e-05,1,16
66,2.014636993408203e-05,1,16
67,2.014636993408203e-05,1,16
68,2.014636993408203e-05,1,16
69,2.014636993408203e-05,1,16
70,2.014636993408203e-05,1,16
71,2.014636993408203e-05,1,16
72,2.014636993408203e-05,1,16
73,2.014636993408203e-05,1,16
74,2.014636993408203e-05,1,16
75,2.014636993408203e-05,1,16
76,2.014636993408203e-05,1,16
77,2.014636993408203e-05,1,16
78,2.014636993408203e-05,1,16
79,2.014636993408203e-05,1,16
80,2.014636993408203e-05,1,16
81,2.014636993408203e-05,1,16
82,2.014636993408203e-05,1,16
83,2.014636993408203e-05,1,16
84,2.014636993408203e-05,1,16
85,2.014636993408203e-05,1,16
86,2.014636993408203e-05,1,16
87,2.014636993408203e-05,1,16
88,2.014636993408203e-05,1,16
89,2.014636993408203e-05,1,16
90,2.014636993408203e-05,1,16
91,2.014636993408203e-05,1,16
92,2.014636993408203e-05,1,16
93,2.014636993408203e-05,1,16
94,2.014636993408203e-05,1,16
95,2.014636993408203e-05,1,16
96,2.014636993408203e-05,1,16
97,2.014636993408203e-05,1,16
98,2.014636993408203e-05,1,16
99,2.014636993408203e-05,1,16
100,2.014636993408203e-05,1,16
101,2.014636993408203e-05,1,16
102,2.014636993408203e-05,1,16
103,2.014636993408203e-05,1,16
104,2.014636993408203e-05,1,16
105,2.014636993408203e-05,1,16
106,2.014636993408203e-05,1,16
107,2.014636993408203e-05,1,16
108,2.014636993408203e-05,1,16
109,2.014636993408203e-05,1,16
110,2.014636993408203e-05,1,16
111,2.014636993408203e-05,1,16
112,2.014636993408203e-05,1,16
113,2.014636993408203e-05,1,16
114,2.014636993408203e-05,1,16
115,2.014636993408203e-05,1,16
116,2.014636993408203e-05,1,16
117,2.014636993408203e-05,1,16
118,2.014636993408203e-05,1,16
119,2.014636993408203e-05,1,16
120,2.014636993408203e-05,1,16
121,2.014636993408203e-05,1,16
122,2.014636993408203e-05,1,16
123,2.014636993408203e-05,1,16
124,2.014636993408203e-05,1,16
125,2.014636993408203e-05,1,16
126,2.014636993408203e-05,1,16
127,2.014636993408203e-05,1,16
128,2.014636993408203e-05,1,16
129,2.014636993408203e-05,1,16
130,2.014636993408203e-05,1,16
131,2.014636993408203e-05,1,16
132,2.014636993408203e-05,1,16
133,2.014636993408203e-05,1,16
134,2.014636993408203e-05,1,16
135,2.014636993408203e-05,1,16
136,2.014636993408203e-05,1,16
137,2.014636993408203e-05,1,16
138,2.014636993408203e-05,1,16
139,2.014636993408203e-05,1,16
140,2.014636993408203e-05,1,16
141,2.014636993408203e-05,1,16
142,2.014636993408203e-05,1,16
143,2.014636993408203e-05,1,16
144,2.014636993408203e-05,1,16
145,2.014636993408203e-05,1,16
146,2.014636993408203e-05,1,16
147,2.014636993408203e-05,1,16
148,2.014636993408203e-05,1,16
149,2.014636993408203e-05,1,16
150,2.014636993408203e-05,1,16
151,2.014636993408203e-05,1,16
152,2.014636993408203e-05,1,16
153,2.014636993408203e-05,1,16
154,2.014636993408203e-05,1,16
155,2.014636993408203e-05,1,16
156,2.014636993408203e-05,1,16
157,2.014636993408203e-05,1,16
158,2.014636993408203e-05,1,16
159,2.014636993408203e-05,1,16
160,2.014636993408203e-05,1,16
161,2.014636993408203e-05,1,16
162,2.014636993408203e-05,1,16
163,2.014636993408203e-05,1,16
164,2.014636993408203e-05,1,16
165,2.014636993408203e-05,1,16
166,2.014636993408203e-05,1,16
167,2.014636993408203e-05,1,16
168,2.014636993408203e-05,1,16
169,2.014636993408203e-05,1,16
170,2.014636993408203e-05,1,16
171,2.014636993408203e-05,1,16
172,2.014636993408203e-05,1,16
173,2.014636993408203e-05,1,16
174,2.014636993408203e-05,1,16
175,2.014636993408203e-05,1,16
176,2.014636993408203e-05,1,16
177,2.014636993408203e-05,1,16
178,2.014636993408203e-05,1,16
179,2.014636993408203e-05,1,16
180,2.014636993408203e-05,1,16
181,2.014636993408203e-05,1,16
182,2.014636993408203e-05,1,16
183,2.014636993408203e-05,1,16
184,2.014636993408203e-05,1,16
185,2.014636993408203e-05,1,16
186,2.014636993408203e-05,1,16
187,2.014636993408203e-05,1,16
188,2.014636993408203e-05,1,16
189,2.014636993408203e-05,1,16
190,2.014636993408203e-05,1,16
191,2.014636993408203e-05,1,16
192,2.014636993408203e-05,1,16
193,2.014636993408203e-05,1,16
194,2.014636993408203e-05,1,16
195,2.014636993408203e-05,1,16
196,2.014636993408203e-05,1,16
197,2.014636993408203e-05,1,16
198,2.014636993408203e-05,1,16
199,2.014636993408203e-05,1,16
200,2.014636993408203e-05,1,16
1,0.0,1,17
2,0.0,1,17
3,0.0,1,17
4,0.0,1,17
5,0.0,1,17
6,0.0,1,17
7,0.0,1,17
8,0.0,1,17
9,0.0,1,17
10,0.0,1,17
11,0.0,1,17
12,0.0,1,17
13,0.0,1,17
14,0.0,1,17
15,0.0,1,17
16,0.0,1,17
17,0.0,1,17
18,0.0,1,17
19,0.0,1,17
20,0.0,1,17
21,0.0,1,17
22,0.0,1,17
23,0.0,1,17
24,0.0,1,17
25,0.0,1,17
26,0.0,1,17
27,0.0,1,17
28,0.0,1,17
29,0.0,1,17
30,0.0,1,17
31,0.0,1,17
32,0.0,1,17
33,0.0,1,17
34,0.0,1,17
35,0.0,1,17
36,0.0,1,17
37,0.0,1,17
38,0.0,1,17
39,0.0,1,17
40,0.0,1,17
41,0.0,1,17
42,0.0,1,17
43,0.0,1,17
44,0.0,1,17
45,0.0,1,17
46,0.0,1,17
47,0.0,1,17
48,0.0,1,17
49,0.0,1,17
50,0.0,1,17
51,0.0,1,17
52,0.0,1,17
53,0.0,1,17
54,0.0,1,17
55,0.0,1,17
56,0.0,1,17
57,0.0,1,17
58,0.0,1,17
59,0.0,1,17
60,0.0,1,17
61,0.0,1,17
62,0.0,1,17
63,0.0,1,17
64,0.0,1,17
65,0.0,1,17
66,0.0,1,17
67,0.0,1,17
68,0.0,1,17
69,0.0,1,17
70,0.0,1,17
71,0.0,1,17
72,0.0,1,17
73,0.0,1,17
74,0.0,1,17
75,0.0,1,17
76,0.0,1,17
77,0.0,1,17
78,0.0,1,17
79,0.0,1,17
80,0.0,1,17
81,0.0,1,17
82,0.0,1,17
83,0.0,1,17
84,0.0,1,17
85,0.0,1,17
86,0.0,1,17
87,0.0,1,17
88,0.0,1,17
89,0.0,1,17
90,0.0,1,17
91,0.0,1,17
92,0.0,1,17
93,0.0,1,17
94,0.0,1,17
95,0.0,1,17
96,0.0,1,17
97,0.0,1,17
98,0.0,1,17
99,0.0,1,17
100,0.0,1,17
101,0.0,1,17
102,0.0,1,17
103,0.0,1,17
104,0.0,1,17
105,0.0,1,17
106,0.0,1,17
107,0.0,1,17
108,0.0,1,17
109,0.0,1,17
110,0.0,1,17
111,0.0,1,17
112,0.0,1,17
113,0.0,1,17
114,0.0,1,17
115,0.0,1,17
116,0.0,1,17
117,0.0,1,17
118,0.0,1,17
119,0.0,1,17
120,0.0,1,17
121,0.0,1,17
122,0.0,1,17
123,0.0,1,17
124,0.0,1,17
125,0.0,1,17
126,0.0,1,17
127,0.0,1,17
128,0.0,1,17
129,0.0,1,17
130,0.0,1,17
131,0.0,1,17
132,0.0,1,17
133,0.0,1,17
134,0.0,1,17
135,0.0,1,17
136,0.0,1,17
137,0.0,1,17
138,0.0,1,17
139,0.0,1,17
140,0.0,1,17
141,0.0,1,17
142,0.0,1,17
143,0.0,1,17
144,0.0,1,17
145,0.0,1,17
146,0.0,1,17
147,0.0,1,17
148,0.0,1,17
149,0.0,1,17
150,0.0,1,17
151,0.0,1,17
152,0.0,1,17
153,0.0,1,17
154,0.0,1,17
155,0.0,1,17
156,0.0,1,17
157,0.0,1,17
158,0.0,1,17
159,0.0,1,17
160,0.0,1,17
161,0.0,1,17
162,0.0,1,17
163,0.0,1,17
164,0.0,1,17
165,0.0,1,17
166,0.0,1,17
167,0.0,1,17
168,0.0,1,17
169,0.0,1,17
170,0.0,1,17
171,0.0,1,17
172,0.0,1,17
173,0.0,1,17
174,0.0,1,17
175,0.0,1,17
176,0.0,1,17
177,0.0,1,17
178,0.0,1,17
179,0.0,1,17
180,0.0,1,17
181,0.0,1,17
182,0.0,1,17
183,0.0,1,17
184,0.0,1,17
185,0.0,1,17
186,0.0,1,17
187,0.0,1,17
188,0.0,1,17
189,0.0,1,17
190,0.0,1,17
191,0.0,1,17
192,0.0,1,17
193,0.0,1,17
194,0.0,1,17
195,0.0,1,17
196,0.0,1,17
197,0.0,1,17
198,0.0,1,17
199,0.0,1,17
200,0.0,1,17
1,0.001997649669647217,1,18
2,0.0019816160202026367,1,18
3,0.0019816160202026367,1,18
4,0.001977205276489258,1,18
5,0.001977205276489258,1,18
6,0.001977205276489258,1,18
7,0.001977205276489258,1,18
8,0.001977205276489258,1,18
9,0.001977205276489258,1,18
10,0.001977205276489258,1,18
11,0.001977086067199707,1,18
12,0.001977086067199707,1,18
13,0.001977205276489258,1,18
14,0.001977205276489258,1,18
15,0.001977205276489258,1,18
16,0.001977205276489258,1,18
17,0.001977205276489258,1,18
18,0.001977205276489258,1,18
19,0.001977205276489258,1,18
20,0.001977205276489258,1,18
21,0.001977205276489258,1,18
22,0.001977205276489258,1,18
23,0.001977205276489258,1,18
24,0.001977205276489258,1,18
25,0.001977205276489258,1,18
26,0.001977205276489258,1,18
27,0.001977205276489258,1,18
28,0.001977205276489258,1,18
29,0.001977205276489258,1,18
30,0.001977205276489258,1,18
31,0.001977205276489258,1,18
32,0.001977205276489258,1,18
33,0.001977205276489258,1,18
34,0.001977205276489258,1,18
35,0.001977205276489258,1,18
36,0.001977205276489258,1,18
37,0.001977205276489258,1,18
38,0.001977205276489258,1,18
39,0.001977205276489258,1,18
40,0.001977205276489258,1,18
41,0.001977205276489258,1,18
42,0.001977205276489258,1,18
43,0.001977205276489258,1,18
44,0.001977205276489258,1,18
45,0.001977205276489258,1,18
46,0.001977205276489258,1,18
47,0.001977205276489258,1,18
48,0.001977205276489258,1,18
49,0.001977205276489258,1,18
50,0.001977205276489258,1,18
51,0.001977205276489258,1,18
52,0.001977205276489258,1,18
53,0.001977205276489258,1,18
54,0.001977205276489258,1,18
55,0.001977205276489258,1,18
56,0.001977205276489258,1,18
57,0.001977205276489258,1,18
58,0.001977205276489258,1,18
59,0.001977205276489258,1,18
60,0.001977205276489258,1,18
61,0.001977205276489258,1,18
62,0.001977205276489258,1,18
63,0.001977205276489258,1,18
64,0.001977205276489258,1,18
65,0.001977205276489258,1,18
66,0.001977205276489258,1,18
67,0.001977205276489258,1,18
68,0.001977205276489258,1,18
69,0.001977205276489258,1,18
70,0.001977205276489258,1,18
71,0.001977205276489258,1,18
72,0.001977205276489258,1,18
73,0.001977205276489258,1,18
74,0.001977205276489258,1,18
75,0.001977205276489258,1,18
76,0.001977205276489258,1,18
77,0.001977205276489258,1,18
78,0.001977205276489258,1,18
79,0.001977205276489258,1,18
80,0.001977205276489258,1,18
81,0.001977205276489258,1,18
82,0.001977205276489258,1,18
83,0.001977205276489258,1,18
84,0.001977205276489258,1,18
85,0.001977205276489258,1,18
86,0.001977205276489258,1,18
87,0.001977205276489258,1,18
88,0.001977205276489258,1,18
89,0.001977205276489258,1,18
90,0.001977205276489258,1,18
91,0.001977205276489258,1,18
92,0.001977205276489258,1,18
93,0.001977205276489258,1,18
94,0.001977205276489258,1,18
95,0.001977205276489258,1,18
96,0.001977205276489258,1,18
97,0.001977205276489258,1,18
98,0.001977205276489258,1,18
99,0.001977205276489258,1,18
100,0.001977205276489258,1,18
101,0.001977205276489258,1,18
102,0.001977205276489258,1,18
103,0.001977205276489258,1,18
104,0.001977205276489258,1,18
105,0.001977205276489258,1,18
106,0.001977205276489258,1,18
107,0.001977205276489258,1,18
108,0.001977205276489258,1,18
109,0.001977205276489258,1,18
110,0.001977205276489258,1,18
111,0.001977205276489258,1,18
112,0.001977205276489258,1,18
113,0.001977205276489258,1,18
114,0.001977205276489258,1,18
115,0.001977205276489258,1,18
116,0.001977205276489258,1,18
117,0.001977205276489258,1,18
118,0.001977205276489258,1,18
119,0.001977205276489258,1,18
120,0.001977205276489258,1,18
121,0.001977205276489258,1,18
122,0.001977205276489258,1,18
123,0.001977205276489258,1,18
124,0.001977205276489258,1,18
125,0.001977205276489258,1,18
126,0.001977205276489258,1,18
127,0.001977205276489258,1,18
128,0.001977205276489258,1,18
129,0.001977205276489258,1,18
130,0.001977205276489258,1,18
131,0.001977205276489258,1,18
132,0.001977205276489258,1,18
133,0.001977205276489258,1,18
134,0.001977205276489258,1,18
135,0.001977205276489258,1,18
136,0.001977205276489258,1,18
137,0.001977205276489258,1,18
138,0.001977205276489258,1,18
139,0.001977205276489258,1,18
140,0.001977205276489258,1,18
141,0.001977205276489258,1,18
142,0.001977205276489258,1,18
143,0.001977205276489258,1,18
144,0.001977205276489258,1,18
145,0.001977205276489258,1,18
146,0.001977205276489258,1,18
147,0.001977205276489258,1,18
148,0.001977205276489258,1,18
149,0.001977205276489258,1,18
150,0.001977205276489258,1,18
151,0.001977205276489258,1,18
152,0.001977205276489258,1,18
153,0.001977205276489258,1,18
154,0.001977205276489258,1,18
155,0.001977205276489258,1,18
156,0.001977205276489258,1,18
157,0.001977205276489258,1,18
158,0.001977205276489258,1,18
159,0.001977205276489258,1,18
160,0.001977205276489258,1,18
161,0.001977205276489258,1,18
162,0.001977205276489258,1,18
163,0.001977205276489258,1,18
164,0.001977205276489258,1,18
165,0.001977205276489258,1,18
166,0.001977205276489258,1,18
167,0.001977205276489258,1,18
168,0.001977205276489258,1,18
169,0.001977205276489258,1,18
170,0.001977205276489258,1,18
171,0.001977205276489258,1,18
172,0.001977205276489258,1,18
173,0.001977205276489258,1,18
174,0.001977205276489258,1,18
175,0.001977205276489258,1,18
176,0.001977205276489258,1,18
177,0.001977205276489258,1,18
178,0.001977205276489258,1,18
179,0.001977205276489258,1,18
180,0.001977205276489258,1,18
181,0.001977205276489258,1,18
182,0.001977205276489258,1,18
183,0.001977205276489258,1,18
184,0.001977205276489258,1,18
185,0.001977205276489258,1,18
186,0.001977205276489258,1,18
187,0.001977205276489258,1,18
188,0.001977205276489258,1,18
189,0.001977205276489258,1,18
190,0.001977205276489258,1,18
191,0.001977205276489258,1,18
192,0.001977205276489258,1,18
193,0.001977205276489258,1,18
194,0.001977205276489258,1,18
195,0.001977205276489258,1,18
196,0.001977205276489258,1,18
197,0.001977205276489258,1,18
198,0.001977205276489258,1,18
199,0.001977205276489258,1,18
200,0.001977205276489258,1,18
1,7.152557373046875e-06,1,19
2,7.152557373046875e-06,1,19
3,7.152557373046875e-06,1,19
4,7.152557373046875e-06,1,19
5,7.152557373046875e-06,1,19
6,7.152557373046875e-06,1,19
7,7.152557373046875e-06,1,19
8,7.152557373046875e-06,1,19
9,7.152557373046875e-06,1,19
10,7.152557373046875e-06,1,19
11,7.152557373046875e-06,1,19
12,7.152557373046875e-06,1,19
13,7.152557373046875e-06,1,19
14,7.152557373046875e-06,1,19
15,7.152557373046875e-06,1,19
16,7.152557373046875e-06,1,19
17,7.152557373046875e-06,1,19
18,7.152557373046875e-06,1,19
19,7.152557373046875e-06,1,19
20,7.152557373046875e-06,1,19
21,7.152557373046875e-06,1,19
22,7.152557373046875e-06,1,19
23,7.152557373046875e-06,1,19
24,7.152557373046875e-06,1,19
25,7.152557373046875e-06,1,19
26,7.152557373046875e-06,1,19
27,7.152557373046875e-06,1,19
28,7.152557373046875e-06,1,19
29,7.152557373046875e-06,1,19
30,7.152557373046875e-06,1,19
31,7.152557373046875e-06,1,19
32,7.152557373046875e-06,1,19
33,7.152557373046875e-06,1,19
34,7.152557373046875e-06,1,19
35,7.152557373046875e-06,1,19
36,7.152557373046875e-06,1,19
37,7.152557373046875e-06,1,19
38,7.152557373046875e-06,1,19
39,7.152557373046875e-06,1,19
40,7.152557373046875e-06,1,19
41,7.152557373046875e-06,1,19
42,7.152557373046875e-06,1,19
43,7.152557373046875e-06,1,19
44,7.152557373046875e-06,1,19
45,7.152557373046875e-06,1,19
46,7.152557373046875e-06,1,19
47,7.152557373046875e-06,1,19
48,7.152557373046875e-06,1,19
49,7.152557373046875e-06,1,19
50,7.152557373046875e-06,1,19
51,7.152557373046875e-06,1,19
52,7.152557373046875e-06,1,19
53,7.152557373046875e-06,1,19
54,7.152557373046875e-06,1,19
55,7.152557373046875e-06,1,19
56,7.152557373046875e-06,1,19
57,7.152557373046875e-06,1,19
58,7.152557373046875e-06,1,19
59,7.152557373046875e-06,1,19
60,7.152557373046875e-06,1,19
61,7.152557373046875e-06,1,19
62,7.152557373046875e-06,1,19
63,7.152557373046875e-06,1,19
64,7.152557373046875e-06,1,19
65,7.152557373046875e-06,1,19
66,7.152557373046875e-06,1,19
67,7.152557373046875e-06,1,19
68,7.152557373046875e-06,1,19
69,7.152557373046875e-06,1,19
70,7.152557373046875e-06,1,19
71,7.152557373046875e-06,1,19
72,7.152557373046875e-06,1,19
73,7.152557373046875e-06,1,19
74,7.152557373046875e-06,1,19
75,7.152557373046875e-06,1,19
76,7.152557373046875e-06,1,19
77,7.152557373046875e-06,1,19
78,7.152557373046875e-06,1,19
79,7.152557373046875e-06,1,19
80,7.152557373046875e-06,1,19
81,7.152557373046875e-06,1,19
82,7.152557373046875e-06,1,19
83,7.152557373046875e-06,1,19
84,7.152557373046875e-06,1,19
85,7.152557373046875e-06,1,19
86,7.152557373046875e-06,1,19
87,7.152557373046875e-06,1,19
88,7.152557373046875e-06,1,19
89,7.152557373046875e-06,1,19
90,7.152557373046875e-06,1,19
91,7.152557373046875e-06,1,19
92,7.152557373046875e-06,1,19
93,7.152557373046875e-06,1,19
94,7.152557373046875e-06,1,19
95,7.152557373046875e-06,1,19
96,7.152557373046875e-06,1,19
97,7.152557373046875e-06,1,19
98,7.152557373046875e-06,1,19
99,7.152557373046875e-06,1,19
100,7.152557373046875e-06,1,19
101,7.152557373046875e-06,1,19
102,7.152557373046875e-06,1,19
103,7.152557373046875e-06,1,19
104,7.152557373046875e-06,1,19
105,7.152557373046875e-06,1,19
106,7.152557373046875e-06,1,19
107,7.152557373046875e-06,1,19
108,7.152557373046875e-06,1,19
109,7.152557373046875e-06,1,19
110,7.152557373046875e-06,1,19
111,7.152557373046875e-06,1,19
112,7.152557373046875e-06,1,19
113,7.152557373046875e-06,1,19
114,7.152557373046875e-06,1,19
115,7.152557373046875e-06,1,19
116,7.152557373046875e-06,1,19
117,7.152557373046875e-06,1,19
118,7.152557373046875e-06,1,19
119,7.152557373046875e-06,1,19
120,7.152557373046875e-06,1,19
121,7.152557373046875e-06,1,19
122,7.152557373046875e-06,1,19
123,7.152557373046875e-06,1,19
124,7.152557373046875e-06,1,19
125,7.152557373046875e-06,1,19
126,7.152557373046875e-06,1,19
127,7.152557373046875e-06,1,19
128,7.152557373046875e-06,1,19
129,7.152557373046875e-06,1,19
130,7.152557373046875e-06,1,19
131,7.152557373046875e-06,1,19
132,7.152557373046875e-06,1,19
133,7.152557373046875e-06,1,19
134,7.152557373046875e-06,1,19
135,7.152557373046875e-06,1,19
136,7.152557373046875e-06,1,19
137,7.152557373046875e-06,1,19
138,7.152557373046875e-06,1,19
139,7.152557373046875e-06,1,19
140,7.152557373046875e-06,1,19
141,7.152557373046875e-06,1,19
142,7.152557373046875e-06,1,19
143,7.152557373046875e-06,1,19
144,7.152557373046875e-06,1,19
145,7.152557373046875e-06,1,19
146,7.152557373046875e-06,1,19
147,7.152557373046875e-06,1,19
148,7.152557373046875e-06,1,19
149,7.152557373046875e-06,1,19
150,7.152557373046875e-06,1,19
151,7.152557373046875e-06,1,19
152,7.152557373046875e-06,1,19
153,7.152557373046875e-06,1,19
154,7.152557373046875e-06,1,19
155,7.152557373046875e-06,1,19
156,7.152557373046875e-06,1,19
157,7.152557373046875e-06,1,19
158,7.152557373046875e-06,1,19
159,7.152557373046875e-06,1,19
160,7.152557373046875e-06,1,19
161,7.152557373046875e-06,1,19
162,7.152557373046875e-06,1,19
163,7.152557373046875e-06,1,19
164,7.152557373046875e-06,1,19
165,7.152557373046875e-06,1,19
166,7.152557373046875e-06,1,19
167,7.152557373046875e-06,1,19
168,7.152557373046875e-06,1,19
169,7.152557373046875e-06,1,19
170,7.152557373046875e-06,1,19
171,7.152557373046875e-06,1,19
172,7.152557373046875e-06,1,19
173,7.152557373046875e-06,1,19
174,7.152557373046875e-06,1,19
175,7.152557373046875e-06,1,19
176,7.152557373046875e-06,1,19
177,7.152557373046875e-06,1,19
178,7.152557373046875e-06,1,19
179,7.152557373046875e-06,1,19
180,7.152557373046875e-06,1,19
181,7.152557373046875e-06,1,19
182,7.152557373046875e-06,1,19
183,7.152557373046875e-06,1,19
184,7.152557373046875e-06,1,19
185,7.152557373046875e-06,1,19
186,7.152557373046875e-06,1,19
187,7.152557373046875e-06,1,19
188,7.152557373046875e-06,1,19
189,7.152557373046875e-06,1,19
190,7.152557373046875e-06,1,19
191,7.152557373046875e-06,1,19
192,7.152557373046875e-06,1,19
193,7.152557373046875e-06,1,19
194,7.152557373046875e-06,1,19
195,7.152557373046875e-06,1,19
196,7.152557373046875e-06,1,19
197,7.152557373046875e-06,1,19
198,7.152557373046875e-06,1,19
199,7.152557373046875e-06,1,19
200,7.152557373046875e-06,1,19
1,3.9696693420410156e-05,1,20
2,3.9696693420410156e-05,1,20
3,3.9696693420410156e-05,1,20
4,3.933906555175781e-05,1,20
5,3.933906555175781e-05,1,20
6,3.933906555175781e-05,1,20
7,3.933906555175781e-05,1,20
8,3.933906555175781e-05,1,20
9,3.933906555175781e-05,1,20
10,3.933906555175781e-05,1,20
11,3.933906555175781e-05,1,20
12,3.933906555175781e-05,1,20
13,3.933906555175781e-05,1,20
14,3.933906555175781e-05,1,20
15,3.933906555175781e-05,1,20
16,3.933906555175781e-05,1,20
17,3.933906555175781e-05,1,20
18,3.933906555175781e-05,1,20
19,3.933906555175781e-05,1,20
20,3.933906555175781e-05,1,20
21,3.933906555175781e-05,1,20
22,3.933906555175781e-05,1,20
23,3.933906555175781e-05,1,20
24,3.933906555175781e-05,1,20
25,3.933906555175781e-05,1,20
26,3.933906555175781e-05,1,20
27,3.933906555175781e-05,1,20
28,3.933906555175781e-05,1,20
29,3.933906555175781e-05,1,20
30,3.933906555175781e-05,1,20
31,3.933906555175781e-05,1,20
32,3.933906555175781e-05,1,20
33,3.933906555175781e-05,1,20
34,3.933906555175781e-05,1,20
35,3.933906555175781e-05,1,20
36,3.933906555175781e-05,1,20
37,3.933906555175781e-05,1,20
38,3.933906555175781e-05,1,20
39,3.933906555175781e-05,1,20
40,3.933906555175781e-05,1,20
41,3.933906555175781e-05,1,20
42,3.933906555175781e-05,1,20
43,3.933906555175781e-05,1,20
44,3.933906555175781e-05,1,20
45,3.933906555175781e-05,1,20
46,3.933906555175781e-05,1,20
47,3.933906555175781e-05,1,20
48,3.933906555175781e-05,1,20
49,3.933906555175781e-05,1,20
50,3.933906555175781e-05,1,20
51,3.933906555175781e-05,1,20
52,3.933906555175781e-05,1,20
53,3.933906555175781e-05,1,20
54,3.933906555175781e-05,1,20
55,3.933906555175781e-05,1,20
56,3.933906555175781e-05,1,20
57,3.933906555175781e-05,1,20
58,3.933906555175781e-05,1,20
59,3.933906555175781e-05,1,20
60,3.933906555175781e-05,1,20
61,3.933906555175781e-05,1,20
62,3.933906555175781e-05,1,20
63,3.933906555175781e-05,1,20
64,3.933906555175781e-05,1,20
65,3.933906555175781e-05,1,20
66,3.933906555175781e-05,1,20
67,3.933906555175781e-05,1,20
68,3.933906555175781e-05,1,20
69,3.933906555175781e-05,1,20
70,3.933906555175781e-05,1,20
71,3.933906555175781e-05,1,20
72,3.933906555175781e-05,1,20
73,3.933906555175781e-05,1,20
74,3.933906555175781e-05,1,20
75,3.933906555175781e-05,1,20
76,3.933906555175781e-05,1,20
77,3.933906555175781e-05,1,20
78,3.933906555175781e-05,1,20
79,3.933906555175781e-05,1,20
80,3.933906555175781e-05,1,20
81,3.933906555175781e-05,1,20
82,3.933906555175781e-05,1,20
83,3.933906555175781e-05,1,20
84,3.933906555175781e-05,1,20
85,3.933906555175781e-05,1,20
86,3.933906555175781e-05,1,20
87,3.933906555175781e-05,1,20
88,3.933906555175781e-05,1,20
89,3.933906555175781e-05,1,20
90,3.933906555175781e-05,1,20
91,3.933906555175781e-05,1,20
92,3.933906555175781e-05,1,20
93,3.933906555175781e-05,1,20
94,3.933906555175781e-05,1,20
95,3.933906555175781e-05,1,20
96,3.933906555175781e-05,1,20
97,3.933906555175781e-05,1,20
98,3.933906555175781e-05,1,20
99,3.933906555175781e-05,1,20
100,3.933906555175781e-05,1,20
101,3.933906555175781e-05,1,20
102,3.933906555175781e-05,1,20
103,3.933906555175781e-05,1,20
104,3.933906555175781e-05,1,20
105,3.933906555175781e-05,1,20
106,3.933906555175781e-05,1,20
107,3.933906555175781e-05,1,20
108,3.933906555175781e-05,1,20
109,3.933906555175781e-05,1,20
110,3.933906555175781e-05,1,20
111,3.933906555175781e-05,1,20
112,3.933906555175781e-05,1,20
113,3.933906555175781e-05,1,20
114,3.933906555175781e-05,1,20
115,3.933906555175781e-05,1,20
116,3.933906555175781e-05,1,20
117,3.933906555175781e-05,1,20
118,3.933906555175781e-05,1,20
119,3.933906555175781e-05,1,20
120,3.933906555175781e-05,1,20
121,3.933906555175781e-05,1,20
122,3.933906555175781e-05,1,20
123,3.933906555175781e-05,1,20
124,3.933906555175781e-05,1,20
125,3.933906555175781e-05,1,20
126,3.933906555175781e-05,1,20
127,3.933906555175781e-05,1,20
128,3.933906555175781e-05,1,20
129,3.933906555175781e-05,1,20
130,3.933906555175781e-05,1,20
131,3.933906555175781e-05,1,20
132,3.933906555175781e-05,1,20
133,3.933906555175781e-05,1,20
134,3.933906555175781e-05,1,20
135,3.933906555175781e-05,1,20
136,3.933906555175781e-05,1,20
137,3.933906555175781e-05,1,20
138,3.933906555175781e-05,1,20
139,3.933906555175781e-05,1,20
140,3.933906555175781e-05,1,20
141,3.933906555175781e-05,1,20
142,3.933906555175781e-05,1,20
143,3.933906555175781e-05,1,20
144,3.933906555175781e-05,1,20
145,3.933906555175781e-05,1,20
146,3.933906555175781e-05,1,20
147,3.933906555175781e-05,1,20
148,3.933906555175781e-05,1,20
149,3.933906555175781e-05,1,20
150,3.933906555175781e-05,1,20
151,3.933906555175781e-05,1,20
152,3.933906555175781e-05,1,20
153,3.933906555175781e-05,1,20
154,3.933906555175781e-05,1,20
155,3.933906555175781e-05,1,20
156,3.933906555175781e-05,1,20
157,3.933906555175781e-05,1,20
158,3.933906555175781e-05,1,20
159,3.933906555175781e-05,1,20
160,3.933906555175781e-05,1,20
161,3.933906555175781e-05,1,20
162,3.933906555175781e-05,1,20
163,3.933906555175781e-05,1,20
164,3.933906555175781e-05,1,20
165,3.933906555175781e-05,1,20
166,3.933906555175781e-05,1,20
167,3.933906555175781e-05,1,20
168,3.933906555175781e-05,1,20
169,3.933906555175781e-05,1,20
170,3.933906555175781e-05,1,20
171,3.933906555175781e-05,1,20
172,3.933906555175781e-05,1,20
173,3.933906555175781e-05,1,20
174,3.933906555175781e-05,1,20
175,3.933906555175781e-05,1,20
176,3.933906555175781e-05,1,20
177,3.933906555175781e-05,1,20
178,3.933906555175781e-05,1,20
179,3.933906555175781e-05,1,20
180,3.933906555175781e-05,1,20
181,3.933906555175781e-05,1,20
182,3.933906555175781e-05,1,20
183,3.933906555175781e-05,1,20
184,3.933906555175781e-05,1,20
185,3.933906555175781e-05,1,20
186,3.933906555175781e-05,1,20
187,3.933906555175781e-05,1,20
188,3.933906555175781e-05,1,20
189,3.933906555175781e-05,1,20
190,3.933906555175781e-05,1,20
191,3.933906555175781e-05,1,20
192,3.933906555175781e-05,1,20
193,3.933906555175781e-05,1,20
194,3.933906555175781e-05,1,20
195,3.933906555175781e-05,1,20
196,3.933906555175781e-05,1,20
197,3.933906555175781e-05,1,20
198,3.933906555175781e-05,1,20
199,3.933906555175781e-05,1,20
200,3.933906555175781e-05,1,20
1,1.1920928955078125e-07,1,21
2,1.1920928955078125e-07,1,21
3,1.1920928955078125e-07,1,21
4,1.1920928955078125e-07,1,21
5,1.1920928955078125e-07,1,21
6,1.1920928955078125e-07,1,21
7,1.1920928955078125e-07,1,21
8,1.1920928955078125e-07,1,21
9,1.1920928955078125e-07,1,21
10,1.1920928955078125e-07,1,21
11,1.1920928955078125e-07,1,21
12,1.1920928955078125e-07,1,21
13,1.1920928955078125e-07,1,21
14,1.1920928955078125e-07,1,21
15,1.1920928955078125e-07,1,21
16,1.1920928955078125e-07,1,21
17,1.1920928955078125e-07,1,21
18,1.1920928955078125e-07,1,21
19,1.1920928955078125e-07,1,21
20,1.1920928955078125e-07,1,21
21,1.1920928955078125e-07,1,21
22,1.1920928955078125e-07,1,21
23,1.1920928955078125e-07,1,21
24,1.1920928955078125e-07,1,21
25,1.1920928955078125e-07,1,21
26,1.1920928955078125e-07,1,21
27,1.1920928955078125e-07,1,21
28,1.1920928955078125e-07,1,21
29,1.1920928955078125e-07,1,21
30,1.1920928955078125e-07,1,21
31,1.1920928955078125e-07,1,21
32,1.1920928955078125e-07,1,21
33,1.1920928955078125e-07,1,21
34,1.1920928955078125e-07,1,21
35,1.1920928955078125e-07,1,21
36,1.1920928955078125e-07,1,21
37,1.1920928955078125e-07,1,21
38,1.1920928955078125e-07,1,21
39,1.1920928955078125e-07,1,21
40,1.1920928955078125e-07,1,21
41,1.1920928955078125e-07,1,21
42,1.1920928955078125e-07,1,21
43,1.1920928955078125e-07,1,21
44,1.1920928955078125e-07,1,21
45,1.1920928955078125e-07,1,21
46,1.1920928955078125e-07,1,21
47,1.1920928955078125e-07,1,21
48,1.1920928955078125e-07,1,21
49,1.1920928955078125e-07,1,21
50,1.1920928955078125e-07,1,21
51,1.1920928955078125e-07,1,21
52,1.1920928955078125e-07,1,21
53,1.1920928955078125e-07,1,21
54,1.1920928955078125e-07,1,21
55,1.1920928955078125e-07,1,21
56,1.1920928955078125e-07,1,21
57,1.1920928955078125e-07,1,21
58,1.1920928955078125e-07,1,21
59,1.1920928955078125e-07,1,21
60,1.1920928955078125e-07,1,21
61,1.1920928955078125e-07,1,21
62,1.1920928955078125e-07,1,21
63,1.1920928955078125e-07,1,21
64,1.1920928955078125e-07,1,21
65,1.1920928955078125e-07,1,21
66,1.1920928955078125e-07,1,21
67,1.1920928955078125e-07,1,21
68,1.1920928955078125e-07,1,21
69,1.1920928955078125e-07,1,21
70,1.1920928955078125e-07,1,21
71,1.1920928955078125e-07,1,21
72,1.1920928955078125e-07,1,21
73,1.1920928955078125e-07,1,21
74,1.1920928955078125e-07,1,21
75,1.1920928955078125e-07,1,21
76,1.1920928955078125e-07,1,21
77,1.1920928955078125e-07,1,21
78,1.1920928955078125e-07,1,21
79,1.1920928955078125e-07,1,21
80,1.1920928955078125e-07,1,21
81,1.1920928955078125e-07,1,21
82,1.1920928955078125e-07,1,21
83,1.1920928955078125e-07,1,21
84,1.1920928955078125e-07,1,21
85,1.1920928955078125e-07,1,21
86,1.1920928955078125e-07,1,21
87,1.1920928955078125e-07,1,21
88,1.1920928955078125e-07,1,21
89,1.1920928955078125e-07,1,21
90,1.1920928955078125e-07,1,21
91,1.1920928955078125e-07,1,21
92,1.1920928955078125e-07,1,21
93,1.1920928955078125e-07,1,21
94,1.1920928955078125e-07,1,21
95,1.1920928955078125e-07,1,21
96,1.1920928955078125e-07,1,21
97,1.1920928955078125e-07,1,21
98,1.1920928955078125e-07,1,21
99,1.1920928955078125e-07,1,21
100,1.1920928955078125e-07,1,21
101,1.1920928955078125e-07,1,21
102,1.1920928955078125e-07,1,21
103,1.1920928955078125e-07,1,21
104,1.1920928955078125e-07,1,21
105,1.1920928955078125e-07,1,21
106,1.1920928955078125e-07,1,21
107,1.1920928955078125e-07,1,21
108,1.1920928955078125e-07,1,21
109,1.1920928955078125e-07,1,21
110,1.1920928955078125e-07,1,21
111,1.1920928955078125e-07,1,21
112,1.1920928955078125e-07,1,21
113,1.1920928955078125e-07,1,21
114,1.1920928955078125e-07,1,21
115,1.1920928955078125e-07,1,21
116,1.1920928955078125e-07,1,21
117,1.1920928955078125e-07,1,21
118,1.1920928955078125e-07,1,21
119,1.1920928955078125e-07,1,21
120,1.1920928955078125e-07,1,21
121,1.1920928955078125e-07,1,21
122,1.1920928955078125e-07,1,21
123,1.1920928955078125e-07,1,21
124,1.1920928955078125e-07,1,21
125,1.1920928955078125e-07,1,21
126,1.1920928955078125e-07,1,21
127,1.1920928955078125e-07,1,21
128,1.1920928955078125e-07,1,21
129,1.1920928955078125e-07,1,21
130,1.1920928955078125e-07,1,21
131,1.1920928955078125e-07,1,21
132,1.1920928955078125e-07,1,21
133,1.1920928955078125e-07,1,21
134,1.1920928955078125e-07,1,21
135,1.1920928955078125e-07,1,21
136,1.1920928955078125e-07,1,21
137,1.1920928955078125e-07,1,21
138,1.1920928955078125e-07,1,21
139,1.1920928955078125e-07,1,21
140,1.1920928955078125e-07,1,21
141,1.1920928955078125e-07,1,21
142,1.1920928955078125e-07,1,21
143,1.1920928955078125e-07,1,21
144,1.1920928955078125e-07,1,21
145,1.1920928955078125e-07,1,21
146,1.1920928955078125e-07,1,21
147,1.1920928955078125e-07,1,21
148,1.1920928955078125e-07,1,21
149,1.1920928955078125e-07,1,21
150,1.1920928955078125e-07,1,21
151,1.1920928955078125e-07,1,21
152,1.1920928955078125e-07,1,21
153,1.1920928955078125e-07,1,21
154,1.1920928955078125e-07,1,21
155,1.1920928955078125e-07,1,21
156,1.1920928955078125e-07,1,21
157,1.1920928955078125e-07,1,21
158,1.1920928955078125e-07,1,21
159,1.1920928955078125e-07,1,21
160,1.1920928955078125e-07,1,21
161,1.1920928955078125e-07,1,21
162,1.1920928955078125e-07,1,21
163,1.1920928955078125e-07,1,21
164,1.1920928955078125e-07,1,21
165,1.1920928955078125e-07,1,21
166,1.1920928955078125e-07,1,21
167,1.1920928955078125e-07,1,21
168,1.1920928955078125e-07,1,21
169,1.1920928955078125e-07,1,21
170,1.1920928955078125e-07,1,21
171,1.1920928955078125e-07,1,21
172,1.1920928955078125e-07,1,21
173,1.1920928955078125e-07,1,21
174,1.1920928955078125e-07,1,21
175,1.1920928955078125e-07,1,21
176,1.1920928955078125e-07,1,21
177,1.1920928955078125e-07,1,21
178,1.1920928955078125e-07,1,21
179,1.1920928955078125e-07,1,21
180,1.1920928955078125e-07,1,21
181,1.1920928955078125e-07,1,21
182,1.1920928955078125e-07,1,21
183,1.1920928955078125e-07,1,21
184,1.1920928955078125e-07,1,21
185,1.1920928955078125e-07,1,21
186,1.1920928955078125e-07,1,21
187,1.1920928955078125e-07,1,21
188,1.1920928955078125e-07,1,21
189,1.1920928955078125e-07,1,21
190,1.1920928955078125e-07,1,21
191,1.1920928955078125e-07,1,21
192,1.1920928955078125e-07,1,21
193,1.1920928955078125e-07,1,21
194,1.1920928955078125e-07,1,21
195,1.1920928955078125e-07,1,21
196,1.1920928955078125e-07,1,21
197,1.1920928955078125e-07,1,21
198,1.1920928955078125e-07,1,21
199,1.1920928955078125e-07,1,21
200,1.1920928955078125e-07,1,21
1,1.3113021850585938e-06,1,22
2,1.3113021850585938e-06,1,22
3,1.3113021850585938e-06,1,22
4,1.3113021850585938e-06,1,22
5,1.3113021850585938e-06,1,22
6,1.3113021850585938e-06,1,22
7,1.3113021850585938e-06,1,22
8,1.3113021850585938e-06,1,22
9,1.3113021850585938e-06,1,22
10,1.3113021850585938e-06,1,22
11,1.3113021850585938e-06,1,22
12,1.3113021850585938e-06,1,22
13,1.3113021850585938e-06,1,22
14,1.3113021850585938e-06,1,22
15,1.3113021850585938e-06,1,22
16,1.3113021850585938e-06,1,22
17,1.3113021850585938e-06,1,22
18,1.3113021850585938e-06,1,22
19,1.3113021850585938e-06,1,22
20,1.3113021850585938e-06,1,22
21,1.3113021850585938e-06,1,22
22,1.3113021850585938e-06,1,22
23,1.3113021850585938e-06,1,22
24,1.3113021850585938e-06,1,22
25,1.3113021850585938e-06,1,22
26,1.3113021850585938e-06,1,22
27,1.3113021850585938e-06,1,22
28,1.3113021850585938e-06,1,22
29,1.3113021850585938e-06,1,22
30,1.3113021850585938e-06,1,22
31,1.3113021850585938e-06,1,22
32,1.3113021850585938e-06,1,22
33,1.3113021850585938e-06,1,22
34,1.3113021850585938e-06,1,22
35,1.3113021850585938e-06,1,22
36,1.3113021850585938e-06,1,22
37,1.3113021850585938e-06,1,22
38,1.3113021850585938e-06,1,22
39,1.3113021850585938e-06,1,22
40,1.3113021850585938e-06,1,22
41,1.3113021850585938e-06,1,22
42,1.3113021850585938e-06,1,22
43,1.3113021850585938e-06,1,22
44,1.3113021850585938e-06,1,22
45,1.3113021850585938e-06,1,22
46,1.3113021850585938e-06,1,22
47,1.3113021850585938e-06,1,22
48,1.3113021850585938e-06,1,22
49,1.3113021850585938e-06,1,22
50,1.3113021850585938e-06,1,22
51,1.3113021850585938e-06,1,22
52,1.3113021850585938e-06,1,22
53,1.3113021850585938e-06,1,22
54,1.3113021850585938e-06,1,22
55,1.3113021850585938e-06,1,22
56,1.3113021850585938e-06,1,22
57,1.3113021850585938e-06,1,22
58,1.3113021850585938e-06,1,22
59,1.3113021850585938e-06,1,22
60,1.3113021850585938e-06,1,22
61,1.3113021850585938e-06,1,22
62,1.3113021850585938e-06,1,22
63,1.3113021850585938e-06,1,22
64,1.3113021850585938e-06,1,22
65,1.3113021850585938e-06,1,22
66,1.3113021850585938e-06,1,22
67,1.3113021850585938e-06,1,22
68,1.3113021850585938e-06,1,22
69,1.3113021850585938e-06,1,22
70,1.3113021850585938e-06,1,22
71,1.3113021850585938e-06,1,22
72,1.3113021850585938e-06,1,22
73,1.3113021850585938e-06,1,22
74,1.3113021850585938e-06,1,22
75,1.3113021850585938e-06,1,22
76,1.3113021850585938e-06,1,22
77,1.3113021850585938e-06,1,22
78,1.3113021850585938e-06,1,22
79,1.3113021850585938e-06,1,22
80,1.3113021850585938e-06,1,22
81,1.3113021850585938e-06,1,22
82,1.3113021850585938e-06,1,22
83,1.3113021850585938e-06,1,22
84,1.3113021850585938e-06,1,22
85,1.3113021850585938e-06,1,22
86,1.3113021850585938e-06,1,22
87,1.3113021850585938e-06,1,22
88,1.3113021850585938e-06,1,22
89,1.3113021850585938e-06,1,22
90,1.3113021850585938e-06,1,22
91,1.3113021850585938e-06,1,22
92,1.3113021850585938e-06,1,22
93,1.3113021850585938e-06,1,22
94,1.3113021850585938e-06,1,22
95,1.3113021850585938e-06,1,22
96,1.3113021850585938e-06,1,22
97,1.3113021850585938e-06,1,22
98,1.3113021850585938e-06,1,22
99,1.3113021850585938e-06,1,22
100,1.3113021850585938e-06,1,22
101,1.3113021850585938e-06,1,22
102,1.3113021850585938e-06,1,22
103,1.3113021850585938e-06,1,22
104,1.3113021850585938e-06,1,22
105,1.3113021850585938e-06,1,22
106,1.3113021850585938e-06,1,22
107,1.3113021850585938e-06,1,22
108,1.3113021850585938e-06,1,22
109,1.3113021850585938e-06,1,22
110,1.3113021850585938e-06,1,22
111,1.3113021850585938e-06,1,22
112,1.3113021850585938e-06,1,22
113,1.3113021850585938e-06,1,22
114,1.3113021850585938e-06,1,22
115,1.3113021850585938e-06,1,22
116,1.3113021850585938e-06,1,22
117,1.3113021850585938e-06,1,22
118,1.3113021850585938e-06,1,22
119,1.3113021850585938e-06,1,22
120,1.3113021850585938e-06,1,22
121,1.3113021850585938e-06,1,22
122,1.3113021850585938e-06,1,22
123,1.3113021850585938e-06,1,22
124,1.3113021850585938e-06,1,22
125,1.3113021850585938e-06,1,22
126,1.3113021850585938e-06,1,22
127,1.3113021850585938e-06,1,22
128,1.3113021850585938e-06,1,22
129,1.3113021850585938e-06,1,22
130,1.3113021850585938e-06,1,22
131,1.3113021850585938e-06,1,22
132,1.3113021850585938e-06,1,22
133,1.3113021850585938e-06,1,22
134,1.3113021850585938e-06,1,22
135,1.3113021850585938e-06,1,22
136,1.3113021850585938e-06,1,22
137,1.3113021850585938e-06,1,22
138,1.3113021850585938e-06,1,22
139,1.3113021850585938e-06,1,22
140,1.3113021850585938e-06,1,22
141,1.3113021850585938e-06,1,22
142,1.3113021850585938e-06,1,22
143,1.3113021850585938e-06,1,22
144,1.3113021850585938e-06,1,22
145,1.3113021850585938e-06,1,22
146,1.3113021850585938e-06,1,22
147,1.3113021850585938e-06,1,22
148,1.3113021850585938e-06,1,22
149,1.3113021850585938e-06,1,22
150,1.3113021850585938e-06,1,22
151,1.3113021850585938e-06,1,22
152,1.3113021850585938e-06,1,22
153,1.3113021850585938e-06,1,22
154,1.3113021850585938e-06,1,22
155,1.3113021850585938e-06,1,22
156,1.3113021850585938e-06,1,22
157,1.3113021850585938e-06,1,22
158,1.3113021850585938e-06,1,22
159,1.3113021850585938e-06,1,22
160,1.3113021850585938e-06,1,22
161,1.3113021850585938e-06,1,22
162,1.3113021850585938e-06,1,22
163,1.3113021850585938e-06,1,22
164,1.3113021850585938e-06,1,22
165,1.3113021850585938e-06,1,22
166,1.3113021850585938e-06,1,22
167,1.3113021850585938e-06,1,22
168,1.3113021850585938e-06,1,22
169,1.3113021850585938e-06,1,22
170,1.3113021850585938e-06,1,22
171,1.3113021850585938e-06,1,22
172,1.3113021850585938e-06,1,22
173,1.3113021850585938e-06,1,22
174,1.3113021850585938e-06,1,22
175,1.3113021850585938e-06,1,22
176,1.3113021850585938e-06,1,22
177,1.3113021850585938e-06,1,22
178,1.3113021850585938e-06,1,22
179,1.3113021850585938e-06,1,22
180,1.3113021850585938e-06,1,22
181,1.3113021850585938e-06,1,22
182,1.3113021850585938e-06,1,22
183,1.3113021850585938e-06,1,22
184,1.3113021850585938e-06,1,22
185,1.3113021850585938e-06,1,22
186,1.3113021850585938e-06,1,22
187,1.3113021850585938e-06,1,22
188,1.3113021850585938e-06,1,22
189,1.3113021850585938e-06,1,22
190,1.3113021850585938e-06,1,22
191,1.3113021850585938e-06,1,22
192,1.3113021850585938e-06,1,22
193,1.3113021850585938e-06,1,22
194,1.3113021850585938e-06,1,22
195,1.3113021850585938e-06,1,22
196,1.3113021850585938e-06,1,22
197,1.3113021850585938e-06,1,22
198,1.3113021850585938e-06,1,22
199,1.3113021850585938e-06,1,22
200,1.3113021850585938e-06,1,22
1,0.0,1,23
2,0.0,1,23
3,0.0,1,23
4,0.0,1,23
5,0.0,1,23
6,0.0,1,23
7,0.0,1,23
8,0.0,1,23
9,0.0,1,23
10,0.0,1,23
11,0.0,1,23
12,0.0,1,23
13,0.0,1,23
14,0.0,1,23
15,0.0,1,23
16,0.0,1,23
17,0.0,1,23
18,0.0,1,23
19,0.0,1,23
20,0.0,1,23
21,0.0,1,23
22,0.0,1,23
23,0.0,1,23
24,0.0,1,23
25,0.0,1,23
26,0.0,1,23
27,0.0,1,23
28,0.0,1,23
29,0.0,1,23
30,0.0,1,23
31,0.0,1,23
32,0.0,1,23
33,0.0,1,23
34,0.0,1,23
35,0.0,1,23
36,0.0,1,23
37,0.0,1,23
38,0.0,1,23
39,0.0,1,23
40,0.0,1,23
41,0.0,1,23
42,0.0,1,23
43,0.0,1,23
44,0.0,1,23
45,0.0,1,23
46,0.0,1,23
47,0.0,1,23
48,0.0,1,23
49,0.0,1,23
50,0.0,1,23
51,0.0,1,23
52,0.0,1,23
53,0.0,1,23
54,0.0,1,23
55,0.0,1,23
56,0.0,1,23
57,0.0,1,23
58,0.0,1,23
59,0.0,1,23
60,0.0,1,23
61,0.0,1,23
62,0.0,1,23
63,0.0,1,23
64,0.0,1,23
65,0.0,1,23
66,0.0,1,23
67,0.0,1,23
68,0.0,1,23
69,0.0,1,23
70,0.0,1,23
71,0.0,1,23
72,0.0,1,23
73,0.0,1,23
74,0.0,1,23
75,0.0,1,23
76,0.0,1,23
77,0.0,1,23
78,0.0,1,23
79,0.0,1,23
80,0.0,1,23
81,0.0,1,23
82,0.0,1,23
83,0.0,1,23
84,0.0,1,23
85,0.0,1,23
86,0.0,1,23
87,0.0,1,23
88,0.0,1,23
89,0.0,1,23
90,0.0,1,23
91,0.0,1,23
92,0.0,1,23
93,0.0,1,23
94,0.0,1,23
95,0.0,1,23
96,0.0,1,23
97,0.0,1,23
98,0.0,1,23
99,0.0,1,23
100,0.0,1,23
101,0.0,1,23
102,0.0,1,23
103,0.0,1,23
104,0.0,1,23
105,0.0,1,23
106,0.0,1,23
107,0.0,1,23
108,0.0,1,23
109,0.0,1,23
110,0.0,1,23
111,0.0,1,23
112,0.0,1,23
113,0.0,1,23
114,0.0,1,23
115,0.0,1,23
116,0.0,1,23
117,0.0,1,23
118,0.0,1,23
119,0.0,1,23
120,0.0,1,23
121,0.0,1,23
122,0.0,1,23
123,0.0,1,23
124,0.0,1,23
125,0.0,1,23
126,0.0,1,23
127,0.0,1,23
128,0.0,1,23
129,0.0,1,23
130,0.0,1,23
131,0.0,1,23
132,0.0,1,23
133,0.0,1,23
134,0.0,1,23
135,0.0,1,23
136,0.0,1,23
137,0.0,1,23
138,0.0,1,23
139,0.0,1,23
140,0.0,1,23
141,0.0,1,23
142,0.0,1,23
143,0.0,1,23
144,0.0,1,23
145,0.0,1,23
146,0.0,1,23
147,0.0,1,23
148,0.0,1,23
149,0.0,1,23
150,0.0,1,23
151,0.0,1,23
152,0.0,1,23
153,0.0,1,23
154,0.0,1,23
155,0.0,1,23
156,0.0,1,23
157,0.0,1,23
158,0.0,1,23
159,0.0,1,23
160,0.0,1,23
161,0.0,1,23
162,0.0,1,23
163,0.0,1,23
164,0.0,1,23
165,0.0,1,23
166,0.0,1,23
167,0.0,1,23
168,0.0,1,23
169,0.0,1,23
170,0.0,1,23
171,0.0,1,23
172,0.0,1,23
173,0.0,1,23
174,0.0,1,23
175,0.0,1,23
176,0.0,1,23
177,0.0,1,23
178,0.0,1,23
179,0.0,1,23
180,0.0,1,23
181,0.0,1,23
182,0.0,1,23
183,0.0,1,23
184,0.0,1,23
185,0.0,1,23
186,0.0,1,23
187,0.0,1,23
188,0.0,1,23
189,0.0,1,23
190,0.0,1,23
191,0.0,1,23
192,0.0,1,23
193,0.0,1,23
194,0.0,1,23
195,0.0,1,23
196,0.0,1,23
197,0.0,1,23
198,0.0,1,23
199,0.0,1,23
200,0.0,1,23
1,0.0,1,24
2,0.0,1,24
3,0.0,1,24
4,0.0,1,24
5,0.0,1,24
6,0.0,1,24
7,0.0,1,24
8,0.0,1,24
9,0.0,1,24
10,0.0,1,24
11,0.0,1,24
12,0.0,1,24
13,0.0,1,24
14,0.0,1,24
15,0.0,1,24
16,0.0,1,24
17,0.0,1,24
18,0.0,1,24
19,0.0,1,24
20,0.0,1,24
21,0.0,1,24
22,0.0,1,24
23,0.0,1,24
24,0.0,1,24
25,0.0,1,24
26,0.0,1,24
27,0.0,1,24
28,0.0,1,24
29,0.0,1,24
30,0.0,1,24
31,0.0,1,24
32,0.0,1,24
33,0.0,1,24
34,0.0,1,24
35,0.0,1,24
36,0.0,1,24
37,0.0,1,24
38,0.0,1,24
39,0.0,1,24
40,0.0,1,24
41,0.0,1,24
42,0.0,1,24
43,0.0,1,24
44,0.0,1,24
45,0.0,1,24
46,0.0,1,24
47,0.0,1,24
48,0.0,1,24
49,0.0,1,24
50,0.0,1,24
51,0.0,1,24
52,0.0,1,24
53,0.0,1,24
54,0.0,1,24
55,0.0,1,24
56,0.0,1,24
57,0.0,1,24
58,0.0,1,24
59,0.0,1,24
60,0.0,1,24
61,0.0,1,24
62,0.0,1,24
63,0.0,1,24
64,0.0,1,24
65,0.0,1,24
66,0.0,1,24
67,0.0,1,24
68,0.0,1,24
69,0.0,1,24
70,0.0,1,24
71,0.0,1,24
72,0.0,1,24
73,0.0,1,24
74,0.0,1,24
75,0.0,1,24
76,0.0,1,24
77,0.0,1,24
78,0.0,1,24
79,0.0,1,24
80,0.0,1,24
81,0.0,1,24
82,0.0,1,24
83,0.0,1,24
84,0.0,1,24
85,0.0,1,24
86,0.0,1,24
87,0.0,1,24
88,0.0,1,24
89,0.0,1,24
90,0.0,1,24
91,0.0,1,24
92,0.0,1,24
93,0.0,1,24
94,0.0,1,24
95,0.0,1,24
96,0.0,1,24
97,0.0,1,24
98,0.0,1,24
99,0.0,1,24
100,0.0,1,24
101,0.0,1,24
102,0.0,1,24
103,0.0,1,24
104,0.0,1,24
105,0.0,1,24
106,0.0,1,24
107,0.0,1,24
108,0.0,1,24
109,0.0,1,24
110,0.0,1,24
111,0.0,1,24
112,0.0,1,24
113,0.0,1,24
114,0.0,1,24
115,0.0,1,24
116,0.0,1,24
117,0.0,1,24
118,0.0,1,24
119,0.0,1,24
120,0.0,1,24
121,0.0,1,24
122,0.0,1,24
123,0.0,1,24
124,0.0,1,24
125,0.0,1,24
126,0.0,1,24
127,0.0,1,24
128,0.0,1,24
129,0.0,1,24
130,0.0,1,24
131,0.0,1,24
132,0.0,1,24
133,0.0,1,24
134,0.0,1,24
135,0.0,1,24
136,0.0,1,24
137,0.0,1,24
138,0.0,1,24
139,0.0,1,24
140,0.0,1,24
141,0.0,1,24
142,0.0,1,24
143,0.0,1,24
144,0.0,1,24
145,0.0,1,24
146,0.0,1,24
147,0.0,1,24
148,0.0,1,24
149,0.0,1,24
150,0.0,1,24
151,0.0,1,24
152,0.0,1,24
153,0.0,1,24
154,0.0,1,24
155,0.0,1,24
156,0.0,1,24
157,0.0,1,24
158,0.0,1,24
159,0.0,1,24
160,0.0,1,24
161,0.0,1,24
162,0.0,1,24
163,0.0,1,24
164,0.0,1,24
165,0.0,1,24
166,0.0,1,24
167,0.0,1,24
168,0.0,1,24
169,0.0,1,24
170,0.0,1,24
171,0.0,1,24
172,0.0,1,24
173,0.0,1,24
174,0.0,1,24
175,0.0,1,24
176,0.0,1,24
177,0.0,1,24
178,0.0,1,24
179,0.0,1,24
180,0.0,1,24
181,0.0,1,24
182,0.0,1,24
183,0.0,1,24
184,0.0,1,24
185,0.0,1,24
186,0.0,1,24
187,0.0,1,24
188,0.0,1,24
189,0.0,1,24
190,0.0,1,24
191,0.0,1,24
192,0.0,1,24
193,0.0,1,24
194,0.0,1,24
195,0.0,1,24
196,0.0,1,24
197,0.0,1,24
198,0.0,1,24
199,0.0,1,24
200,0.0,1,24
1,0.0,1,25
2,0.0,1,25
3,0.0,1,25
4,0.0,1,25
5,0.0,1,25
6,0.0,1,25
7,0.0,1,25
8,0.0,1,25
9,0.0,1,25
10,0.0,1,25
11,0.0,1,25
12,0.0,1,25
13,0.0,1,25
14,0.0,1,25
15,0.0,1,25
16,0.0,1,25
17,0.0,1,25
18,0.0,1,25
19,0.0,1,25
20,0.0,1,25
21,0.0,1,25
22,0.0,1,25
23,0.0,1,25
24,0.0,1,25
25,0.0,1,25
26,0.0,1,25
27,0.0,1,25
28,0.0,1,25
29,0.0,1,25
30,0.0,1,25
31,0.0,1,25
32,0.0,1,25
33,0.0,1,25
34,0.0,1,25
35,0.0,1,25
36,0.0,1,25
37,0.0,1,25
38,0.0,1,25
39,0.0,1,25
40,0.0,1,25
41,0.0,1,25
42,0.0,1,25
43,0.0,1,25
44,0.0,1,25
45,0.0,1,25
46,0.0,1,25
47,0.0,1,25
48,0.0,1,25
49,0.0,1,25
50,0.0,1,25
51,0.0,1,25
52,0.0,1,25
53,0.0,1,25
54,0.0,1,25
55,0.0,1,25
56,0.0,1,25
57,0.0,1,25
58,0.0,1,25
59,0.0,1,25
60,0.0,1,25
61,0.0,1,25
62,0.0,1,25
63,0.0,1,25
64,0.0,1,25
65,0.0,1,25
66,0.0,1,25
67,0.0,1,25
68,0.0,1,25
69,0.0,1,25
70,0.0,1,25
71,0.0,1,25
72,0.0,1,25
73,0.0,1,25
74,0.0,1,25
75,0.0,1,25
76,0.0,1,25
77,0.0,1,25
78,0.0,1,25
79,0.0,1,25
80,0.0,1,25
81,0.0,1,25
82,0.0,1,25
83,0.0,1,25
84,0.0,1,25
85,0.0,1,25
86,0.0,1,25
87,0.0,1,25
88,0.0,1,25
89,0.0,1,25
90,0.0,1,25
91,0.0,1,25
92,0.0,1,25
93,0.0,1,25
94,0.0,1,25
95,0.0,1,25
96,0.0,1,25
97,0.0,1,25
98,0.0,1,25
99,0.0,1,25
100,0.0,1,25
101,0.0,1,25
102,0.0,1,25
103,0.0,1,25
104,0.0,1,25
105,0.0,1,25
106,0.0,1,25
107,0.0,1,25
108,0.0,1,25
109,0.0,1,25
110,0.0,1,25
111,0.0,1,25
112,0.0,1,25
113,0.0,1,25
114,0.0,1,25
115,0.0,1,25
116,0.0,1,25
117,0.0,1,25
118,0.0,1,25
119,0.0,1,25
120,0.0,1,25
121,0.0,1,25
122,0.0,1,25
123,0.0,1,25
124,0.0,1,25
125,0.0,1,25
126,0.0,1,25
127,0.0,1,25
128,0.0,1,25
129,0.0,1,25
130,0.0,1,25
131,0.0,1,25
132,0.0,1,25
133,0.0,1,25
134,0.0,1,25
135,0.0,1,25
136,0.0,1,25
137,0.0,1,25
138,0.0,1,25
139,0.0,1,25
140,0.0,1,25
141,0.0,1,25
142,0.0,1,25
143,0.0,1,25
144,0.0,1,25
145,0.0,1,25
146,0.0,1,25
147,0.0,1,25
148,0.0,1,25
149,0.0,1,25
150,0.0,1,25
151,0.0,1,25
152,0.0,1,25
153,0.0,1,25
154,0.0,1,25
155,0.0,1,25
156,0.0,1,25
157,0.0,1,25
158,0.0,1,25
159,0.0,1,25
160,0.0,1,25
161,0.0,1,25
162,0.0,1,25
163,0.0,1,25
164,0.0,1,25
165,0.0,1,25
166,0.0,1,25
167,0.0,1,25
168,0.0,1,25
169,0.0,1,25
170,0.0,1,25
171,0.0,1,25
172,0.0,1,25
173,0.0,1,25
174,0.0,1,25
175,0.0,1,25
176,0.0,1,25
177,0.0,1,25
178,0.0,1,25
179,0.0,1,25
180,0.0,1,25
181,0.0,1,25
182,0.0,1,25
183,0.0,1,25
184,0.0,1,25
185,0.0,1,25
186,0.0,1,25
187,0.0,1,25
188,0.0,1,25
189,0.0,1,25
190,0.0,1,25
191,0.0,1,25
192,0.0,1,25
193,0.0,1,25
194,0.0,1,25
195,0.0,1,25
196,0.0,1,25
197,0.0,1,25
198,0.0,1,25
199,0.0,1,25
200,0.0,1,25
1,5.960464477539062e-07,1,26
2,5.960464477539062e-07,1,26
3,5.960464477539062e-07,1,26
4,5.960464477539062e-07,1,26
5,5.960464477539062e-07,1,26
6,5.960464477539062e-07,1,26
7,5.960464477539062e-07,1,26
8,5.960464477539062e-07,1,26
9,5.960464477539062e-07,1,26
10,5.960464477539062e-07,1,26
11,5.960464477539062e-07,1,26
12,5.960464477539062e-07,1,26
13,5.960464477539062e-07,1,26
14,5.960464477539062e-07,1,26
15,5.960464477539062e-07,1,26
16,5.960464477539062e-07,1,26
17,5.960464477539062e-07,1,26
18,5.960464477539062e-07,1,26
19,5.960464477539062e-07,1,26
20,5.960464477539062e-07,1,26
21,5.960464477539062e-07,1,26
22,5.960464477539062e-07,1,26
23,5.960464477539062e-07,1,26
24,5.960464477539062e-07,1,26
25,5.960464477539062e-07,1,26
26,5.960464477539062e-07,1,26
27,5.960464477539062e-07,1,26
28,5.960464477539062e-07,1,26
29,5.960464477539062e-07,1,26
30,5.960464477539062e-07,1,26
31,5.960464477539062e-07,1,26
32,5.960464477539062e-07,1,26
33,5.960464477539062e-07,1,26
34,5.960464477539062e-07,1,26
35,5.960464477539062e-07,1,26
36,5.960464477539062e-07,1,26
37,5.960464477539062e-07,1,26
38,5.960464477539062e-07,1,26
39,5.960464477539062e-07,1,26
40,5.960464477539062e-07,1,26
41,5.960464477539062e-07,1,26
42,5.960464477539062e-07,1,26
43,5.960464477539062e-07,1,26
44,5.960464477539062e-07,1,26
45,5.960464477539062e-07,1,26
46,5.960464477539062e-07,1,26
47,5.960464477539062e-07,1,26
48,5.960464477539062e-07,1,26
49,5.960464477539062e-07,1,26
50,5.960464477539062e-07,1,26
51,5.960464477539062e-07,1,26
52,5.960464477539062e-07,1,26
53,5.960464477539062e-07,1,26
54,5.960464477539062e-07,1,26
55,5.960464477539062e-07,1,26
56,5.960464477539062e-07,1,26
57,5.960464477539062e-07,1,26
58,5.960464477539062e-07,1,26
59,5.960464477539062e-07,1,26
60,5.960464477539062e-07,1,26
61,5.960464477539062e-07,1,26
62,5.960464477539062e-07,1,26
63,5.960464477539062e-07,1,26
64,5.960464477539062e-07,1,26
65,5.960464477539062e-07,1,26
66,5.960464477539062e-07,1,26
67,5.960464477539062e-07,1,26
68,5.960464477539062e-07,1,26
69,5.960464477539062e-07,1,26
70,5.960464477539062e-07,1,26
71,5.960464477539062e-07,1,26
72,5.960464477539062e-07,1,26
73,5.960464477539062e-07,1,26
74,5.960464477539062e-07,1,26
75,5.960464477539062e-07,1,26
76,5.960464477539062e-07,1,26
77,5.960464477539062e-07,1,26
78,5.960464477539062e-07,1,26
79,5.960464477539062e-07,1,26
80,5.960464477539062e-07,1,26
81,5.960464477539062e-07,1,26
82,5.960464477539062e-07,1,26
83,5.960464477539062e-07,1,26
84,5.960464477539062e-07,1,26
85,5.960464477539062e-07,1,26
86,5.960464477539062e-07,1,26
87,5.960464477539062e-07,1,26
88,5.960464477539062e-07,1,26
89,5.960464477539062e-07,1,26
90,5.960464477539062e-07,1,26
91,5.960464477539062e-07,1,26
92,5.960464477539062e-07,1,26
93,5.960464477539062e-07,1,26
94,5.960464477539062e-07,1,26
95,5.960464477539062e-07,1,26
96,5.960464477539062e-07,1,26
97,5.960464477539062e-07,1,26
98,5.960464477539062e-07,1,26
99,5.960464477539062e-07,1,26
100,5.960464477539062e-07,1,26
101,5.960464477539062e-07,1,26
102,5.960464477539062e-07,1,26
103,5.960464477539062e-07,1,26
104,5.960464477539062e-07,1,26
105,5.960464477539062e-07,1,26
106,5.960464477539062e-07,1,26
107,5.960464477539062e-07,1,26
108,5.960464477539062e-07,1,26
109,5.960464477539062e-07,1,26
110,5.960464477539062e-07,1,26
111,5.960464477539062e-07,1,26
112,5.960464477539062e-07,1,26
113,5.960464477539062e-07,1,26
114,5.960464477539062e-07,1,26
115,5.960464477539062e-07,1,26
116,5.960464477539062e-07,1,26
117,5.960464477539062e-07,1,26
118,5.960464477539062e-07,1,26
119,5.960464477539062e-07,1,26
120,5.960464477539062e-07,1,26
121,5.960464477539062e-07,1,26
122,5.960464477539062e-07,1,26
123,5.960464477539062e-07,1,26
124,5.960464477539062e-07,1,26
125,5.960464477539062e-07,1,26
126,5.960464477539062e-07,1,26
127,5.960464477539062e-07,1,26
128,5.960464477539062e-07,1,26
129,5.960464477539062e-07,1,26
130,5.960464477539062e-07,1,26
131,5.960464477539062e-07,1,26
132,5.960464477539062e-07,1,26
133,5.960464477539062e-07,1,26
134,5.960464477539062e-07,1,26
135,5.960464477539062e-07,1,26
136,5.960464477539062e-07,1,26
137,5.960464477539062e-07,1,26
138,5.960464477539062e-07,1,26
139,5.960464477539062e-07,1,26
140,5.960464477539062e-07,1,26
141,5.960464477539062e-07,1,26
142,5.960464477539062e-07,1,26
143,5.960464477539062e-07,1,26
144,5.960464477539062e-07,1,26
145,5.960464477539062e-07,1,26
146,5.960464477539062e-07,1,26
147,5.960464477539062e-07,1,26
148,5.960464477539062e-07,1,26
149,5.960464477539062e-07,1,26
150,5.960464477539062e-07,1,26
151,5.960464477539062e-07,1,26
152,5.960464477539062e-07,1,26
153,5.960464477539062e-07,1,26
154,5.960464477539062e-07,1,26
155,5.960464477539062e-07,1,26
156,5.960464477539062e-07,1,26
157,5.960464477539062e-07,1,26
158,5.960464477539062e-07,1,26
159,5.960464477539062e-07,1,26
160,5.960464477539062e-07,1,26
161,5.960464477539062e-07,1,26
162,5.960464477539062e-07,1,26
163,5.960464477539062e-07,1,26
164,5.960464477539062e-07,1,26
165,5.960464477539062e-07,1,26
166,5.960464477539062e-07,1,26
167,5.960464477539062e-07,1,26
168,5.960464477539062e-07,1,26
169,5.960464477539062e-07,1,26
170,5.960464477539062e-07,1,26
171,5.960464477539062e-07,1,26
172,5.960464477539062e-07,1,26
173,5.960464477539062e-07,1,26
174,5.960464477539062e-07,1,26
175,5.960464477539062e-07,1,26
176,5.960464477539062e-07,1,26
177,5.960464477539062e-07,1,26
178,5.960464477539062e-07,1,26
179,5.960464477539062e-07,1,26
180,5.960464477539062e-07,1,26
181,5.960464477539062e-07,1,26
182,5.960464477539062e-07,1,26
183,5.960464477539062e-07,1,26
184,5.960464477539062e-07,1,26
185,5.960464477539062e-07,1,26
186,5.960464477539062e-07,1,26
187,5.960464477539062e-07,1,26
188,5.960464477539062e-07,1,26
189,5.960464477539062e-07,1,26
190,5.960464477539062e-07,1,26
191,5.960464477539062e-07,1,26
192,5.960464477539062e-07,1,26
193,5.960464477539062e-07,1,26
194,5.960464477539062e-07,1,26
195,5.960464477539062e-07,1,26
196,5.960464477539062e-07,1,26
197,5.960464477539062e-07,1,26
198,5.960464477539062e-07,1,26
199,5.960464477539062e-07,1,26
200,5.960464477539062e-07,1,26
1,3.0994415283203125e-06,1,27
2,3.0994415283203125e-06,1,27
3,3.0994415283203125e-06,1,27
4,3.0994415283203125e-06,1,27
5,3.0994415283203125e-06,1,27
6,3.0994415283203125e-06,1,27
7,3.0994415283203125e-06,1,27
8,3.0994415283203125e-06,1,27
9,3.0994415283203125e-06,1,27
10,3.0994415283203125e-06,1,27
11,3.0994415283203125e-06,1,27
12,3.0994415283203125e-06,1,27
13,3.0994415283203125e-06,1,27
14,3.0994415283203125e-06,1,27
15,3.0994415283203125e-06,1,27
16,3.0994415283203125e-06,1,27
17,3.0994415283203125e-06,1,27
18,3.0994415283203125e-06,1,27
19,3.0994415283203125e-06,1,27
20,3.0994415283203125e-06,1,27
21,3.0994415283203125e-06,1,27
22,3.0994415283203125e-06,1,27
23,3.0994415283203125e-06,1,27
24,3.0994415283203125e-06,1,27
25,3.0994415283203125e-06,1,27
26,3.0994415283203125e-06,1,27
27,3.0994415283203125e-06,1,27
28,3.0994415283203125e-06,1,27
29,3.0994415283203125e-06,1,27
30,3.0994415283203125e-06,1,27
31,3.0994415283203125e-06,1,27
32,3.0994415283203125e-06,1,27
33,3.0994415283203125e-06,1,27
34,3.0994415283203125e-06,1,27
35,3.0994415283203125e-06,1,27
36,3.0994415283203125e-06,1,27
37,3.0994415283203125e-06,1,27
38,3.0994415283203125e-06,1,27
39,3.0994415283203125e-06,1,27
40,3.0994415283203125e-06,1,27
41,3.0994415283203125e-06,1,27
42,3.0994415283203125e-06,1,27
43,3.0994415283203125e-06,1,27
44,3.0994415283203125e-06,1,27
45,3.0994415283203125e-06,1,27
46,3.0994415283203125e-06,1,27
47,3.0994415283203125e-06,1,27
48,3.0994415283203125e-06,1,27
49,3.0994415283203125e-06,1,27
50,3.0994415283203125e-06,1,27
51,3.0994415283203125e-06,1,27
52,3.0994415283203125e-06,1,27
53,3.0994415283203125e-06,1,27
54,3.0994415283203125e-06,1,27
55,3.0994415283203125e-06,1,27
56,3.0994415283203125e-06,1,27
57,3.0994415283203125e-06,1,27
58,3.0994415283203125e-06,1,27
59,3.0994415283203125e-06,1,27
60,3.0994415283203125e-06,1,27
61,3.0994415283203125e-06,1,27
62,3.0994415283203125e-06,1,27
63,3.0994415283203125e-06,1,27
64,3.0994415283203125e-06,1,27
65,3.0994415283203125e-06,1,27
66,3.0994415283203125e-06,1,27
67,3.0994415283203125e-06,1,27
68,3.0994415283203125e-06,1,27
69,3.0994415283203125e-06,1,27
70,3.0994415283203125e-06,1,27
71,3.0994415283203125e-06,1,27
72,3.0994415283203125e-06,1,27
73,3.0994415283203125e-06,1,27
74,3.0994415283203125e-06,1,27
75,3.0994415283203125e-06,1,27
76,3.0994415283203125e-06,1,27
77,3.0994415283203125e-06,1,27
78,3.0994415283203125e-06,1,27
79,3.0994415283203125e-06,1,27
80,3.0994415283203125e-06,1,27
81,3.0994415283203125e-06,1,27
82,3.0994415283203125e-06,1,27
83,3.0994415283203125e-06,1,27
84,3.0994415283203125e-06,1,27
85,3.0994415283203125e-06,1,27
86,3.0994415283203125e-06,1,27
87,3.0994415283203125e-06,1,27
88,3.0994415283203125e-06,1,27
89,3.0994415283203125e-06,1,27
90,3.0994415283203125e-06,1,27
91,3.0994415283203125e-06,1,27
92,3.0994415283203125e-06,1,27
93,3.0994415283203125e-06,1,27
94,3.0994415283203125e-06,1,27
95,3.0994415283203125e-06,1,27
96,3.0994415283203125e-06,1,27
97,3.0994415283203125e-06,1,27
98,3.0994415283203125e-06,1,27
99,3.0994415283203125e-06,1,27
100,3.0994415283203125e-06,1,27
101,3.0994415283203125e-06,1,27
102,3.0994415283203125e-06,1,27
103,3.0994415283203125e-06,1,27
104,3.0994415283203125e-06,1,27
105,3.0994415283203125e-06,1,27
106,3.0994415283203125e-06,1,27
107,3.0994415283203125e-06,1,27
108,3.0994415283203125e-06,1,27
109,3.0994415283203125e-06,1,27
110,3.0994415283203125e-06,1,27
111,3.0994415283203125e-06,1,27
112,3.0994415283203125e-06,1,27
113,3.0994415283203125e-06,1,27
114,3.0994415283203125e-06,1,27
115,3.0994415283203125e-06,1,27
116,3.0994415283203125e-06,1,27
117,3.0994415283203125e-06,1,27
118,3.0994415283203125e-06,1,27
119,3.0994415283203125e-06,1,27
120,3.0994415283203125e-06,1,27
121,3.0994415283203125e-06,1,27
122,3.0994415283203125e-06,1,27
123,3.0994415283203125e-06,1,27
124,3.0994415283203125e-06,1,27
125,3.0994415283203125e-06,1,27
126,3.0994415283203125e-06,1,27
127,3.0994415283203125e-06,1,27
128,3.0994415283203125e-06,1,27
129,3.0994415283203125e-06,1,27
130,3.0994415283203125e-06,1,27
131,3.0994415283203125e-06,1,27
132,3.0994415283203125e-06,1,27
133,3.0994415283203125e-06,1,27
134,3.0994415283203125e-06,1,27
135,3.0994415283203125e-06,1,27
136,3.0994415283203125e-06,1,27
137,3.0994415283203125e-06,1,27
138,3.0994415283203125e-06,1,27
139,3.0994415283203125e-06,1,27
140,3.0994415283203125e-06,1,27
141,3.0994415283203125e-06,1,27
142,3.0994415283203125e-06,1,27
143,3.0994415283203125e-06,1,27
144,3.0994415283203125e-06,1,27
145,3.0994415283203125e-06,1,27
146,3.0994415283203125e-06,1,27
147,3.0994415283203125e-06,1,27
148,3.0994415283203125e-06,1,27
149,3.0994415283203125e-06,1,27
150,3.0994415283203125e-06,1,27
151,3.0994415283203125e-06,1,27
152,3.0994415283203125e-06,1,27
153,3.0994415283203125e-06,1,27
154,3.0994415283203125e-06,1,27
155,3.0994415283203125e-06,1,27
156,3.0994415283203125e-06,1,27
157,3.0994415283203125e-06,1,27
158,3.0994415283203125e-06,1,27
159,3.0994415283203125e-06,1,27
160,3.0994415283203125e-06,1,27
161,3.0994415283203125e-06,1,27
162,3.0994415283203125e-06,1,27
163,3.0994415283203125e-06,1,27
164,3.0994415283203125e-06,1,27
165,3.0994415283203125e-06,1,27
166,3.0994415283203125e-06,1,27
167,3.0994415283203125e-06,1,27
168,3.0994415283203125e-06,1,27
169,3.0994415283203125e-06,1,27
170,3.0994415283203125e-06,1,27
171,3.0994415283203125e-06,1,27
172,3.0994415283203125e-06,1,27
173,3.0994415283203125e-06,1,27
174,3.0994415283203125e-06,1,27
175,3.0994415283203125e-06,1,27
176,3.0994415283203125e-06,1,27
177,3.0994415283203125e-06,1,27
178,3.0994415283203125e-06,1,27
179,3.0994415283203125e-06,1,27
180,3.0994415283203125e-06,1,27
181,3.0994415283203125e-06,1,27
182,3.0994415283203125e-06,1,27
183,3.0994415283203125e-06,1,27
184,3.0994415283203125e-06,1,27
185,3.0994415283203125e-06,1,27
186,3.0994415283203125e-06,1,27
187,3.0994415283203125e-06,1,27
188,3.0994415283203125e-06,1,27
189,3.0994415283203125e-06,1,27
190,3.0994415283203125e-06,1,27
191,3.0994415283203125e-06,1,27
192,3.0994415283203125e-06,1,27
193,3.0994415283203125e-06,1,27
194,3.0994415283203125e-06,1,27
195,3.0994415283203125e-06,1,27
196,3.0994415283203125e-06,1,27
197,3.0994415283203125e-06,1,27
198,3.0994415283203125e-06,1,27
199,3.0994415283203125e-06,1,27
200,3.0994415283203125e-06,1,27
1,9.5367431640625e-07,1,28
2,9.5367431640625e-07,1,28
3,9.5367431640625e-07,1,28
4,9.5367431640625e-07,1,28
5,9.5367431640625e-07,1,28
6,9.5367431640625e-07,1,28
7,9.5367431640625e-07,1,28
8,9.5367431640625e-07,1,28
9,9.5367431640625e-07,1,28
10,9.5367431640625e-07,1,28
11,9.5367431640625e-07,1,28
12,9.5367431640625e-07,1,28
13,9.5367431640625e-07,1,28
14,9.5367431640625e-07,1,28
15,9.5367431640625e-07,1,28
16,9.5367431640625e-07,1,28
17,9.5367431640625e-07,1,28
18,9.5367431640625e-07,1,28
19,9.5367431640625e-07,1,28
20,9.5367431640625e-07,1,28
21,9.5367431640625e-07,1,28
22,9.5367431640625e-07,1,28
23,9.5367431640625e-07,1,28
24,9.5367431640625e-07,1,28
25,9.5367431640625e-07,1,28
26,9.5367431640625e-07,1,28
27,9.5367431640625e-07,1,28
28,9.5367431640625e-07,1,28
29,9.5367431640625e-07,1,28
30,9.5367431640625e-07,1,28
31,9.5367431640625e-07,1,28
32,9.5367431640625e-07,1,28
33,9.5367431640625e-07,1,28
34,9.5367431640625e-07,1,28
35,9.5367431640625e-07,1,28
36,9.5367431640625e-07,1,28
37,9.5367431640625e-07,1,28
38,9.5367431640625e-07,1,28
39,9.5367431640625e-07,1,28
40,9.5367431640625e-07,1,28
41,9.5367431640625e-07,1,28
42,9.5367431640625e-07,1,28
43,9.5367431640625e-07,1,28
44,9.5367431640625e-07,1,28
45,9.5367431640625e-07,1,28
46,9.5367431640625e-07,1,28
47,9.5367431640625e-07,1,28
48,9.5367431640625e-07,1,28
49,9.5367431640625e-07,1,28
50,9.5367431640625e-07,1,28
51,9.5367431640625e-07,1,28
52,9.5367431640625e-07,1,28
53,9.5367431640625e-07,1,28
54,9.5367431640625e-07,1,28
55,9.5367431640625e-07,1,28
56,9.5367431640625e-07,1,28
57,9.5367431640625e-07,1,28
58,9.5367431640625e-07,1,28
59,9.5367431640625e-07,1,28
60,9.5367431640625e-07,1,28
61,9.5367431640625e-07,1,28
62,9.5367431640625e-07,1,28
63,9.5367431640625e-07,1,28
64,9.5367431640625e-07,1,28
65,9.5367431640625e-07,1,28
66,9.5367431640625e-07,1,28
67,9.5367431640625e-07,1,28
68,9.5367431640625e-07,1,28
69,9.5367431640625e-07,1,28
70,9.5367431640625e-07,1,28
71,9.5367431640625e-07,1,28
72,9.5367431640625e-07,1,28
73,9.5367431640625e-07,1,28
74,9.5367431640625e-07,1,28
75,9.5367431640625e-07,1,28
76,9.5367431640625e-07,1,28
77,9.5367431640625e-07,1,28
78,9.5367431640625e-07,1,28
79,9.5367431640625e-07,1,28
80,9.5367431640625e-07,1,28
81,9.5367431640625e-07,1,28
82,9.5367431640625e-07,1,28
83,9.5367431640625e-07,1,28
84,9.5367431640625e-07,1,28
85,9.5367431640625e-07,1,28
86,9.5367431640625e-07,1,28
87,9.5367431640625e-07,1,28
88,9.5367431640625e-07,1,28
89,9.5367431640625e-07,1,28
90,9.5367431640625e-07,1,28
91,9.5367431640625e-07,1,28
92,9.5367431640625e-07,1,28
93,9.5367431640625e-07,1,28
94,9.5367431640625e-07,1,28
95,9.5367431640625e-07,1,28
96,9.5367431640625e-07,1,28
97,9.5367431640625e-07,1,28
98,9.5367431640625e-07,1,28
99,9.5367431640625e-07,1,28
100,9.5367431640625e-07,1,28
101,9.5367431640625e-07,1,28
102,9.5367431640625e-07,1,28
103,9.5367431640625e-07,1,28
104,9.5367431640625e-07,1,28
105,9.5367431640625e-07,1,28
106,9.5367431640625e-07,1,28
107,9.5367431640625e-07,1,28
108,9.5367431640625e-07,1,28
109,9.5367431640625e-07,1,28
110,9.5367431640625e-07,1,28
111,9.5367431640625e-07,1,28
112,9.5367431640625e-07,1,28
113,9.5367431640625e-07,1,28
114,9.5367431640625e-07,1,28
115,9.5367431640625e-07,1,28
116,9.5367431640625e-07,1,28
117,9.5367431640625e-07,1,28
118,9.5367431640625e-07,1,28
119,9.5367431640625e-07,1,28
120,9.5367431640625e-07,1,28
121,9.5367431640625e-07,1,28
122,9.5367431640625e-07,1,28
123,9.5367431640625e-07,1,28
124,9.5367431640625e-07,1,28
125,9.5367431640625e-07,1,28
126,9.5367431640625e-07,1,28
127,9.5367431640625e-07,1,28
128,9.5367431640625e-07,1,28
129,9.5367431640625e-07,1,28
130,9.5367431640625e-07,1,28
131,9.5367431640625e-07,1,28
132,9.5367431640625e-07,1,28
133,9.5367431640625e-07,1,28
134,9.5367431640625e-07,1,28
135,9.5367431640625e-07,1,28
136,9.5367431640625e-07,1,28
137,9.5367431640625e-07,1,28
138,9.5367431640625e-07,1,28
139,9.5367431640625e-07,1,28
140,9.5367431640625e-07,1,28
141,9.5367431640625e-07,1,28
142,9.5367431640625e-07,1,28
143,9.5367431640625e-07,1,28
144,9.5367431640625e-07,1,28
145,9.5367431640625e-07,1,28
146,9.5367431640625e-07,1,28
147,9.5367431640625e-07,1,28
148,9.5367431640625e-07,1,28
149,9.5367431640625e-07,1,28
150,9.5367431640625e-07,1,28
151,9.5367431640625e-07,1,28
152,9.5367431640625e-07,1,28
153,9.5367431640625e-07,1,28
154,9.5367431640625e-07,1,28
155,9.5367431640625e-07,1,28
156,9.5367431640625e-07,1,28
157,9.5367431640625e-07,1,28
158,9.5367431640625e-07,1,28
159,9.5367431640625e-07,1,28
160,9.5367431640625e-07,1,28
161,9.5367431640625e-07,1,28
162,9.5367431640625e-07,1,28
163,9.5367431640625e-07,1,28
164,9.5367431640625e-07,1,28
165,9.5367431640625e-07,1,28
166,9.5367431640625e-07,1,28
167,9.5367431640625e-07,1,28
168,9.5367431640625e-07,1,28
169,9.5367431640625e-07,1,28
170,9.5367431640625e-07,1,28
171,9.5367431640625e-07,1,28
172,9.5367431640625e-07,1,28
173,9.5367431640625e-07,1,28
174,9.5367431640625e-07,1,28
175,9.5367431640625e-07,1,28
176,9.5367431640625e-07,1,28
177,9.5367431640625e-07,1,28
178,9.5367431640625e-07,1,28
179,9.5367431640625e-07,1,28
180,9.5367431640625e-07,1,28
181,9.5367431640625e-07,1,28
182,9.5367431640625e-07,1,28
183,9.5367431640625e-07,1,28
184,9.5367431640625e-07,1,28
185,9.5367431640625e-07,1,28
186,9.5367431640625e-07,1,28
187,9.5367431640625e-07,1,28
188,9.5367431640625e-07,1,28
189,9.5367431640625e-07,1,28
190,9.5367431640625e-07,1,28
191,9.5367431640625e-07,1,28
192,9.5367431640625e-07,1,28
193,9.5367431640625e-07,1,28
194,9.5367431640625e-07,1,28
195,9.5367431640625e-07,1,28
196,9.5367431640625e-07,1,28
197,9.5367431640625e-07,1,28
198,9.5367431640625e-07,1,28
199,9.5367431640625e-07,1,28
200,9.5367431640625e-07,1,28
1,0.0,1,29
2,0.0,1,29
3,0.0,1,29
4,0.0,1,29
5,0.0,1,29
6,0.0,1,29
7,0.0,1,29
8,0.0,1,29
9,0.0,1,29
10,0.0,1,29
11,0.0,1,29
12,0.0,1,29
13,0.0,1,29
14,0.0,1,29
15,0.0,1,29
16,0.0,1,29
17,0.0,1,29
18,0.0,1,29
19,0.0,1,29
20,0.0,1,29
21,0.0,1,29
22,0.0,1,29
23,0.0,1,29
24,0.0,1,29
25,0.0,1,29
26,0.0,1,29
27,0.0,1,29
28,0.0,1,29
29,0.0,1,29
30,0.0,1,29
31,0.0,1,29
32,0.0,1,29
33,0.0,1,29
34,0.0,1,29
35,0.0,1,29
36,0.0,1,29
37,0.0,1,29
38,0.0,1,29
39,0.0,1,29
40,0.0,1,29
41,0.0,1,29
42,0.0,1,29
43,0.0,1,29
44,0.0,1,29
45,0.0,1,29
46,0.0,1,29
47,0.0,1,29
48,0.0,1,29
49,0.0,1,29
50,0.0,1,29
51,0.0,1,29
52,0.0,1,29
53,0.0,1,29
54,0.0,1,29
55,0.0,1,29
56,0.0,1,29
57,0.0,1,29
58,0.0,1,29
59,0.0,1,29
60,0.0,1,29
61,0.0,1,29
62,0.0,1,29
63,0.0,1,29
64,0.0,1,29
65,0.0,1,29
66,0.0,1,29
67,0.0,1,29
68,0.0,1,29
69,0.0,1,29
70,0.0,1,29
71,0.0,1,29
72,0.0,1,29
73,0.0,1,29
74,0.0,1,29
75,0.0,1,29
76,0.0,1,29
77,0.0,1,29
78,0.0,1,29
79,0.0,1,29
80,0.0,1,29
81,0.0,1,29
82,0.0,1,29
83,0.0,1,29
84,0.0,1,29
85,0.0,1,29
86,0.0,1,29
87,0.0,1,29
88,0.0,1,29
89,0.0,1,29
90,0.0,1,29
91,0.0,1,29
92,0.0,1,29
93,0.0,1,29
94,0.0,1,29
95,0.0,1,29
96,0.0,1,29
97,0.0,1,29
98,0.0,1,29
99,0.0,1,29
100,0.0,1,29
101,0.0,1,29
102,0.0,1,29
103,0.0,1,29
104,0.0,1,29
105,0.0,1,29
106,0.0,1,29
107,0.0,1,29
108,0.0,1,29
109,0.0,1,29
110,0.0,1,29
111,0.0,1,29
112,0.0,1,29
113,0.0,1,29
114,0.0,1,29
115,0.0,1,29
116,0.0,1,29
117,0.0,1,29
118,0.0,1,29
119,0.0,1,29
120,0.0,1,29
121,0.0,1,29
122,0.0,1,29
123,0.0,1,29
124,0.0,1,29
125,0.0,1,29
126,0.0,1,29
127,0.0,1,29
128,0.0,1,29
129,0.0,1,29
130,0.0,1,29
131,0.0,1,29
132,0.0,1,29
133,0.0,1,29
134,0.0,1,29
135,0.0,1,29
136,0.0,1,29
137,0.0,1,29
138,0.0,1,29
139,0.0,1,29
140,0.0,1,29
141,0.0,1,29
142,0.0,1,29
143,0.0,1,29
144,0.0,1,29
145,0.0,1,29
146,0.0,1,29
147,0.0,1,29
148,0.0,1,29
149,0.0,1,29
150,0.0,1,29
151,0.0,1,29
152,0.0,1,29
153,0.0,1,29
154,0.0,1,29
155,0.0,1,29
156,0.0,1,29
157,0.0,1,29
158,0.0,1,29
159,0.0,1,29
160,0.0,1,29
161,0.0,1,29
162,0.0,1,29
163,0.0,1,29
164,0.0,1,29
165,0.0,1,29
166,0.0,1,29
167,0.0,1,29
168,0.0,1,29
169,0.0,1,29
170,0.0,1,29
171,0.0,1,29
172,0.0,1,29
173,0.0,1,29
174,0.0,1,29
175,0.0,1,29
176,0.0,1,29
177,0.0,1,29
178,0.0,1,29
179,0.0,1,29
180,0.0,1,29
181,0.0,1,29
182,0.0,1,29
183,0.0,1,29
184,0.0,1,29
185,0.0,1,29
186,0.0,1,29
187,0.0,1,29
188,0.0,1,29
189,0.0,1,29
190,0.0,1,29
191,0.0,1,29
192,0.0,1,29
193,0.0,1,29
194,0.0,1,29
195,0.0,1,29
196,0.0,1,29
197,0.0,1,29
198,0.0,1,29
199,0.0,1,29
200,0.0,1,29
1,0.0,1,30
2,0.0,1,30
3,0.0,1,30
4,0.0,1,30
5,0.0,1,30
6,0.0,1,30
7,0.0,1,30
8,0.0,1,30
9,0.0,1,30
10,0.0,1,30
11,0.0,1,30
12,0.0,1,30
13,0.0,1,30
14,0.0,1,30
15,0.0,1,30
16,0.0,1,30
17,0.0,1,30
18,0.0,1,30
19,0.0,1,30
20,0.0,1,30
21,0.0,1,30
22,0.0,1,30
23,0.0,1,30
24,0.0,1,30
25,0.0,1,30
26,0.0,1,30
27,0.0,1,30
28,0.0,1,30
29,0.0,1,30
30,0.0,1,30
31,0.0,1,30
32,0.0,1,30
33,0.0,1,30
34,0.0,1,30
35,0.0,1,30
36,0.0,1,30
37,0.0,1,30
38,0.0,1,30
39,0.0,1,30
40,0.0,1,30
41,0.0,1,30
42,0.0,1,30
43,0.0,1,30
44,0.0,1,30
45,0.0,1,30
46,0.0,1,30
47,0.0,1,30
48,0.0,1,30
49,0.0,1,30
50,0.0,1,30
51,0.0,1,30
52,0.0,1,30
53,0.0,1,30
54,0.0,1,30
55,0.0,1,30
56,0.0,1,30
57,0.0,1,30
58,0.0,1,30
59,0.0,1,30
60,0.0,1,30
61,0.0,1,30
62,0.0,1,30
63,0.0,1,30
64,0.0,1,30
65,0.0,1,30
66,0.0,1,30
67,0.0,1,30
68,0.0,1,30
69,0.0,1,30
70,0.0,1,30
71,0.0,1,30
72,0.0,1,30
73,0.0,1,30
74,0.0,1,30
75,0.0,1,30
76,0.0,1,30
77,0.0,1,30
78,0.0,1,30
79,0.0,1,30
80,0.0,1,30
81,0.0,1,30
82,0.0,1,30
83,0.0,1,30
84,0.0,1,30
85,0.0,1,30
86,0.0,1,30
87,0.0,1,30
88,0.0,1,30
89,0.0,1,30
90,0.0,1,30
91,0.0,1,30
92,0.0,1,30
93,0.0,1,30
94,0.0,1,30
95,0.0,1,30
96,0.0,1,30
97,0.0,1,30
98,0.0,1,30
99,0.0,1,30
100,0.0,1,30
101,0.0,1,30
102,0.0,1,30
103,0.0,1,30
104,0.0,1,30
105,0.0,1,30
106,0.0,1,30
107,0.0,1,30
108,0.0,1,30
109,0.0,1,30
110,0.0,1,30
111,0.0,1,30
112,0.0,1,30
113,0.0,1,30
114,0.0,1,30
115,0.0,1,30
116,0.0,1,30
117,0.0,1,30
118,0.0,1,30
119,0.0,1,30
120,0.0,1,30
121,0.0,1,30
122,0.0,1,30
123,0.0,1,30
124,0.0,1,30
125,0.0,1,30
126,0.0,1,30
127,0.0,1,30
128,0.0,1,30
129,0.0,1,30
130,0.0,1,30
131,0.0,1,30
132,0.0,1,30
133,0.0,1,30
134,0.0,1,30
135,0.0,1,30
136,0.0,1,30
137,0.0,1,30
138,0.0,1,30
139,0.0,1,30
140,0.0,1,30
141,0.0,1,30
142,0.0,1,30
143,0.0,1,30
144,0.0,1,30
145,0.0,1,30
146,0.0,1,30
147,0.0,1,30
148,0.0,1,30
149,0.0,1,30
150,0.0,1,30
151,0.0,1,30
152,0.0,1,30
153,0.0,1,30
154,0.0,1,30
155,0.0,1,30
156,0.0,1,30
157,0.0,1,30
158,0.0,1,30
159,0.0,1,30
160,0.0,1,30
161,0.0,1,30
162,0.0,1,30
163,0.0,1,30
164,0.0,1,30
165,0.0,1,30
166,0.0,1,30
167,0.0,1,30
168,0.0,1,30
169,0.0,1,30
170,0.0,1,30
171,0.0,1,30
172,0.0,1,30
173,0.0,1,30
174,0.0,1,30
175,0.0,1,30
176,0.0,1,30
177,0.0,1,30
178,0.0,1,30
179,0.0,1,30
180,0.0,1,30
181,0.0,1,30
182,0.0,1,30
183,0.0,1,30
184,0.0,1,30
185,0.0,1,30
186,0.0,1,30
187,0.0,1,30
188,0.0,1,30
189,0.0,1,30
190,0.0,1,30
191,0.0,1,30
192,0.0,1,30
193,0.0,1,30
194,0.0,1,30
195,0.0,1,30
196,0.0,1,30
197,0.0,1,30
198,0.0,1,30
199,0.0,1,30
200,0.0,1,30
1,0.003261268138885498,1,31
2,0.003261268138885498,1,31
3,0.003259718418121338,1,31
4,0.003250718116760254,1,31
5,0.003250598907470703,1,31
6,0.003250598907470703,1,31
7,0.0032504796981811523,1,31
8,0.0032504796981811523,1,31
9,0.0032504796981811523,1,31
10,0.0032504796981811523,1,31
11,0.0032504796981811523,1,31
12,0.0032504796981811523,1,31
13,0.0032504796981811523,1,31
14,0.0032504796981811523,1,31
15,0.0032504796981811523,1,31
16,0.0032504796981811523,1,31
17,0.0032504796981811523,1,31
18,0.0032504796981811523,1,31
19,0.0032504796981811523,1,31
20,0.0032504796981811523,1,31
21,0.0032504796981811523,1,31
22,0.0032504796981811523,1,31
23,0.0032504796981811523,1,31
24,0.0032504796981811523,1,31
25,0.0032504796981811523,1,31
26,0.0032504796981811523,1,31
27,0.0032504796981811523,1,31
28,0.0032504796981811523,1,31
29,0.0032504796981811523,1,31
30,0.0032504796981811523,1,31
31,0.0032504796981811523,1,31
32,0.0032504796981811523,1,31
33,0.0032504796981811523,1,31
34,0.0032504796981811523,1,31
35,0.0032504796981811523,1,31
36,0.0032504796981811523,1,31
37,0.0032504796981811523,1,31
38,0.0032504796981811523,1,31
39,0.0032504796981811523,1,31
40,0.0032504796981811523,1,31
41,0.0032504796981811523,1,31
42,0.0032504796981811523,1,31
43,0.0032504796981811523,1,31
44,0.0032504796981811523,1,31
45,0.0032504796981811523,1,31
46,0.0032504796981811523,1,31
47,0.0032504796981811523,1,31
48,0.0032504796981811523,1,31
49,0.0032504796981811523,1,31
50,0.0032504796981811523,1,31
51,0.0032504796981811523,1,31
52,0.0032504796981811523,1,31
53,0.0032504796981811523,1,31
54,0.0032504796981811523,1,31
55,0.0032504796981811523,1,31
56,0.0032504796981811523,1,31
57,0.0032504796981811523,1,31
58,0.0032504796981811523,1,31
59,0.0032504796981811523,1,31
60,0.0032504796981811523,1,31
61,0.0032504796981811523,1,31
62,0.0032504796981811523,1,31
63,0.0032504796981811523,1,31
64,0.0032504796981811523,1,31
65,0.0032504796981811523,1,31
66,0.0032504796981811523,1,31
67,0.0032504796981811523,1,31
68,0.0032504796981811523,1,31
69,0.0032504796981811523,1,31
70,0.0032504796981811523,1,31
71,0.0032504796981811523,1,31
72,0.0032504796981811523,1,31
73,0.0032504796981811523,1,31
74,0.0032504796981811523,1,31
75,0.0032504796981811523,1,31
76,0.0032504796981811523,1,31
77,0.0032504796981811523,1,31
78,0.0032504796981811523,1,31
79,0.0032504796981811523,1,31
80,0.0032504796981811523,1,31
81,0.0032504796981811523,1,31
82,0.0032504796981811523,1,31
83,0.0032504796981811523,1,31
84,0.0032504796981811523,1,31
85,0.0032504796981811523,1,31
86,0.0032504796981811523,1,31
87,0.0032504796981811523,1,31
88,0.0032504796981811523,1,31
89,0.0032504796981811523,1,31
90,0.0032504796981811523,1,31
91,0.0032504796981811523,1,31
92,0.0032504796981811523,1,31
93,0.0032504796981811523,1,31
94,0.0032504796981811523,1,31
95,0.0032504796981811523,1,31
96,0.0032504796981811523,1,31
97,0.0032504796981811523,1,31
98,0.0032504796981811523,1,31
99,0.0032504796981811523,1,31
100,0.0032504796981811523,1,31
101,0.0032504796981811523,1,31
102,0.0032504796981811523,1,31
103,0.0032504796981811523,1,31
104,0.0032504796981811523,1,31
105,0.0032504796981811523,1,31
106,0.0032504796981811523,1,31
107,0.0032504796981811523,1,31
108,0.0032504796981811523,1,31
109,0.0032504796981811523,1,31
110,0.0032504796981811523,1,31
111,0.0032504796981811523,1,31
112,0.0032504796981811523,1,31
113,0.0032504796981811523,1,31
114,0.0032504796981811523,1,31
115,0.0032504796981811523,1,31
116,0.0032504796981811523,1,31
117,0.0032504796981811523,1,31
118,0.0032504796981811523,1,31
119,0.0032504796981811523,1,31
120,0.0032504796981811523,1,31
121,0.0032504796981811523,1,31
122,0.0032504796981811523,1,31
123,0.0032504796981811523,1,31
124,0.0032504796981811523,1,31
125,0.0032504796981811523,1,31
126,0.0032504796981811523,1,31
127,0.0032504796981811523,1,31
128,0.0032504796981811523,1,31
129,0.0032504796981811523,1,31
130,0.0032504796981811523,1,31
131,0.0032504796981811523,1,31
132,0.0032504796981811523,1,31
133,0.0032504796981811523,1,31
134,0.0032504796981811523,1,31
135,0.0032504796981811523,1,31
136,0.0032504796981811523,1,31
137,0.0032504796981811523,1,31
138,0.0032504796981811523,1,31
139,0.0032504796981811523,1,31
140,0.0032504796981811523,1,31
141,0.0032504796981811523,1,31
142,0.0032504796981811523,1,31
143,0.0032504796981811523,1,31
144,0.0032504796981811523,1,31
145,0.0032504796981811523,1,31
146,0.0032504796981811523,1,31
147,0.0032504796981811523,1,31
148,0.0032504796981811523,1,31
149,0.0032504796981811523,1,31
150,0.0032504796981811523,1,31
151,0.0032504796981811523,1,31
152,0.0032504796981811523,1,31
153,0.0032504796981811523,1,31
154,0.0032504796981811523,1,31
155,0.0032504796981811523,1,31
156,0.0032504796981811523,1,31
157,0.0032504796981811523,1,31
158,0.0032504796981811523,1,31
159,0.0032504796981811523,1,31
160,0.0032504796981811523,1,31
161,0.0032504796981811523,1,31
162,0.0032504796981811523,1,31
163,0.0032504796981811523,1,31
164,0.0032504796981811523,1,31
165,0.0032504796981811523,1,31
166,0.0032504796981811523,1,31
167,0.0032504796981811523,1,31
168,0.0032504796981811523,1,31
169,0.0032504796981811523,1,31
170,0.0032504796981811523,1,31
171,0.0032504796981811523,1,31
172,0.0032504796981811523,1,31
173,0.0032504796981811523,1,31
174,0.0032504796981811523,1,31
175,0.0032504796981811523,1,31
176,0.0032504796981811523,1,31
177,0.0032504796981811523,1,31
178,0.0032504796981811523,1,31
179,0.0032504796981811523,1,31
180,0.0032504796981811523,1,31
181,0.0032504796981811523,1,31
182,0.0032504796981811523,1,31
183,0.0032504796981811523,1,31
184,0.0032504796981811523,1,31
185,0.0032504796981811523,1,31
186,0.0032504796981811523,1,31
187,0.0032504796981811523,1,31
188,0.0032504796981811523,1,31
189,0.0032504796981811523,1,31
190,0.0032504796981811523,1,31
191,0.0032504796981811523,1,31
192,0.0032504796981811523,1,31
193,0.0032504796981811523,1,31
194,0.0032504796981811523,1,31
195,0.0032504796981811523,1,31
196,0.0032504796981811523,1,31
197,0.0032504796981811523,1,31
198,0.0032504796981811523,1,31
199,0.0032504796981811523,1,31
200,0.0032504796981811523,1,31
1,0.9402227140963078,12,32
2,0.9402227140963078,12,32
3,0.9763640593737364,10,32
4,0.9763640593737364,10,32
5,0.9763640593737364,10,32
6,0.9763640593737364,10,32
7,0.9763640593737364,10,32
8,0.9763640593737364,10,32
9,0.9763640593737364,10,32
10,0.978593910112977,11,32
11,0.978593910112977,11,32
12,0.978593910112977,11,32
13,0.978593910112977,11,32
14,0.9732222333550453,7,32
15,0.9732222333550453,7,32
16,0.9732222333550453,7,32
17,0.9732222333550453,7,32
18,0.9732222333550453,7,32
19,0.9732222333550453,7,32
20,0.9732222333550453,7,32
21,0.9732222333550453,7,32
22,0.9732222333550453,7,32
23,0.9732222333550453,7,32
24,0.9732222333550453,7,32
25,0.9732222333550453,7,32
26,0.9732222333550453,7,32
27,0.9494175650179386,7,32
28,0.9494175650179386,7,32
29,0.9494175650179386,7,32
30,0.9494175650179386,7,32
31,0.9494175650179386,7,32
32,0.9494175650179386,7,32
33,0.9494175650179386,7,32
34,0.9494175650179386,7,32
35,0.9494175650179386,7,32
36,0.9494175650179386,7,32
37,0.9494175650179386,7,32
38,0.9494175650179386,7,32
39,0.9494175650179386,7,32
40,0.9494175650179386,7,32
41,0.9494175650179386,7,32
42,0.9651246406137943,9,32
43,0.9651246406137943,9,32
44,0.9651246406137943,9,32
45,0.9651246406137943,9,32
46,0.9651246406137943,9,32
47,0.9651246406137943,9,32
48,0.9651246406137943,9,32
49,0.9651246406137943,9,32
50,0.9651246406137943,9,32
51,0.9651246406137943,9,32
52,0.9651246406137943,9,32
53,0.9651246406137943,9,32
54,0.9651246406137943,9,32
55,0.9651246406137943,9,32
56,0.9651246406137943,9,32
57,0.9651246406137943,9,32
58,0.9651246406137943,9,32
59,0.9651246406137943,9,32
60,0.95777602866292,9,32
61,0.95777602866292,9,32
62,0.95777602866292,9,32
63,0.95777602866292,9,32
64,0.95777602866292,9,32
65,0.95777602866292,9,32
66,0.95777602866292,9,32
67,0.95777602866292,9,32
68,0.9774407222867012,10,32
69,0.9774407222867012,10,32
70,0.9774407222867012,10,32
71,0.9774407222867012,10,32
72,0.9774407222867012,10,32
73,0.9774407222867012,10,32
74,0.9774407222867012,10,32
75,0.9774407222867012,10,32
76,0.9774407222867012,10,32
77,0.9491429105401039,9,32
78,0.9491429105401039,9,32
79,0.9491429105401039,9,32
80,0.9491429105401039,9,32
81,0.9491429105401039,9,32
82,0.9491429105401039,9,32
83,0.9491429105401039,9,32
84,0.9491429105401039,9,32
85,0.9491429105401039,9,32
86,0.9491429105401039,9,32
87,0.9491429105401039,9,32
88,0.9491429105401039,9,32
89,0.9491429105401039,9,32
90,0.9491429105401039,9,32
91,0.9491429105401039,9,32
92,0.9491429105401039,9,32
93,0.9788291044533253,9,32
94,0.9788291044533253,9,32
95,0.9788291044533253,9,32
96,0.9750743638724089,9,32
97,0.9750743638724089,9,32
98,0.9750743638724089,9,32
99,0.9750743638724089,9,32
100,0.9750743638724089,9,32
101,0.9750743638724089,9,32
102,0.9750743638724089,9,32
103,0.9750743638724089,9,32
104,0.9750743638724089,9,32
105,0.9750743638724089,9,32
106,0.9750743638724089,9,32
107,0.9750743638724089,9,32
108,0.9750743638724089,9,32
109,0.9750743638724089,9,32
110,0.9750743638724089,9,32
111,0.9750743638724089,9,32
112,0.9750743638724089,9,32
113,0.9750743638724089,9,32
114,0.9750743638724089,9,32
115,0.9750743638724089,9,32
116,0.9750743638724089,9,32
117,0.9750743638724089,9,32
118,0.9750743638724089,9,32
119,0.9750743638724089,9,32
120,0.9750743638724089,9,32
121,0.9750743638724089,9,32
122,0.9750743638724089,9,32
123,0.9750743638724089,9,32
124,0.9750743638724089,9,32
125,0.9750743638724089,9,32
126,0.9750743638724089,9,32
127,0.9750743638724089,9,32
128,0.9750743638724089,9,32
129,0.9515774995088577,8,32
130,0.9515774995088577,8,32
131,0.9515774995088577,8,32
132,0.9515774995088577,8,32
133,0.9515774995088577,8,32
134,0.9515774995088577,8,32
135,0.9515774995088577,8,32
136,0.9515774995088577,8,32
137,0.9515774995088577,8,32
138,0.9515774995088577,8,32
139,0.9515774995088577,8,32
140,0.9515774995088577,8,32
141,0.9515774995088577,8,32
142,0.9515774995088577,8,32
143,0.9515774995088577,8,32
144,0.9515774995088577,8,32
145,0.9515774995088577,8,32
146,0.9515774995088577,8,32
147,0.9515774995088577,8,32
148,0.9515774995088577,8,32
149,0.9515774995088577,8,32
150,0.9515774995088577,8,32
151,0.9515774995088577,8,32
152,0.9515774995088577,8,32
153,0.9515774995088577,8,32
154,0.9515774995088577,8,32
155,0.9515774995088577,8,32
156,0.9515774995088577,8,32
157,0.9515774995088577,8,32
158,0.9515774995088577,8,32
159,0.9515774995088577,8,32
160,0.9515774995088577,8,32
161,0.9515774995088577,8,32
162,0.9515774995088577,8,32
163,0.9515774995088577,8,32
164,0.9515774995088577,8,32
165,0.9515774995088577,8,32
166,0.9515774995088577,8,32
167,0.9515774995088577,8,32
168,0.9515774995088577,8,32
169,0.9515774995088577,8,32
170,0.9515774995088577,8,32
171,0.9515774995088577,8,32
172,0.9515774995088577,8,32
173,0.9515774995088577,8,32
174,0.9515774995088577,8,32
175,0.9515774995088577,8,32
176,0.9515774995088577,8,32
177,0.9515774995088577,8,32
178,0.9518908262252808,8,32
179,0.9518908262252808,8,32
180,0.9518908262252808,8,32
181,0.9518908262252808,8,32
182,0.9518908262252808,8,32
183,0.9518908262252808,8,32
184,0.9518908262252808,8,32
185,0.9518908262252808,8,32
186,0.9518908262252808,8,32
187,0.9518908262252808,8,32
188,0.9518908262252808,8,32
189,0.9518908262252808,8,32
190,0.9518908262252808,8,32
191,0.9518908262252808,8,32
192,0.9518908262252808,8,32
193,0.9518908262252808,8,32
194,0.9518908262252808,8,32
195,0.9518908262252808,8,32
196,0.9518908262252808,8,32
197,0.9518908262252808,8,32
198,0.9518908262252808,8,32
199,0.9518908262252808,8,32
200,0.9518908262252808,8,32
1,0.001577138900756836,1,33
2,0.0015563368797302246,1,33
3,0.0015563368797302246,1,33
4,0.0015586018562316895,1,33
5,0.0015586018562316895,1,33
6,0.0015586018562316895,1,33
7,0.0015586018562316895,1,33
8,0.0015586018562316895,1,33
9,0.0015586018562316895,1,33
10,0.0015586018562316895,1,33
11,0.0015586018562316895,1,33
12,0.0015584826469421387,1,33
13,0.0015584826469421387,1,33
14,0.0015584826469421387,1,33
15,0.0015584826469421387,1,33
16,0.0015584826469421387,1,33
17,0.0015584826469421387,1,33
18,0.0015584826469421387,1,33
19,0.0015584826469421387,1,33
20,0.0015584826469421387,1,33
21,0.0015584826469421387,1,33
22,0.0015584826469421387,1,33
23,0.0015584826469421387,1,33
24,0.0015584826469421387,1,33
25,0.0015584826469421387,1,33
26,0.0015584826469421387,1,33
27,0.0015584826469421387,1,33
28,0.0015584826469421387,1,33
29,0.0015584826469421387,1,33
30,0.0015584826469421387,1,33
31,0.0015584826469421387,1,33
32,0.0015584826469421387,1,33
33,0.0015584826469421387,1,33
34,0.0015584826469421387,1,33
35,0.0015584826469421387,1,33
36,0.0015584826469421387,1,33
37,0.0015584826469421387,1,33
38,0.0015584826469421387,1,33
39,0.0015584826469421387,1,33
40,0.0015584826469421387,1,33
41,0.0015584826469421387,1,33
42,0.0015584826469421387,1,33
43,0.0015584826469421387,1,33
44,0.0015584826469421387,1,33
45,0.0015584826469421387,1,33
46,0.0015584826469421387,1,33
47,0.0015584826469421387,1,33
48,0.0015584826469421387,1,33
49,0.0015584826469421387,1,33
50,0.0015584826469421387,1,33
51,0.0015584826469421387,1,33
52,0.0015584826469421387,1,33
53,0.0015584826469421387,1,33
54,0.0015584826469421387,1,33
55,0.0015584826469421387,1,33
56,0.0015584826469421387,1,33
57,0.0015584826469421387,1,33
58,0.0015584826469421387,1,33
59,0.0015584826469421387,1,33
60,0.0015584826469421387,1,33
61,0.0015584826469421387,1,33
62,0.0015584826469421387,1,33
63,0.0015584826469421387,1,33
64,0.0015584826469421387,1,33
65,0.0015584826469421387,1,33
66,0.0015584826469421387,1,33
67,0.0015584826469421387,1,33
68,0.0015584826469421387,1,33
69,0.0015584826469421387,1,33
70,0.0015584826469421387,1,33
71,0.0015584826469421387,1,33
72,0.0015584826469421387,1,33
73,0.0015584826469421387,1,33
74,0.0015584826469421387,1,33
75,0.0015584826469421387,1,33
76,0.0015584826469421387,1,33
77,0.0015584826469421387,1,33
78,0.0015584826469421387,1,33
79,0.0015584826469421387,1,33
80,0.0015584826469421387,1,33
81,0.0015584826469421387,1,33
82,0.0015584826469421387,1,33
83,0.0015584826469421387,1,33
84,0.0015584826469421387,1,33
85,0.0015584826469421387,1,33
86,0.0015584826469421387,1,33
87,0.0015584826469421387,1,33
88,0.0015584826469421387,1,33
89,0.0015584826469421387,1,33
90,0.0015584826469421387,1,33
91,0.0015584826469421387,1,33
92,0.0015584826469421387,1,33
93,0.0015584826469421387,1,33
94,0.0015584826469421387,1,33
95,0.0015584826469421387,1,33
96,0.0015584826469421387,1,33
97,0.0015584826469421387,1,33
98,0.0015584826469421387,1,33
99,0.0015584826469421387,1,33
100,0.0015584826469421387,1,33
101,0.0015584826469421387,1,33
102,0.0015584826469421387,1,33
103,0.0015584826469421387,1,33
104,0.0015584826469421387,1,33
105,0.0015584826469421387,1,33
106,0.0015584826469421387,1,33
107,0.0015584826469421387,1,33
108,0.0015584826469421387,1,33
109,0.0015584826469421387,1,33
110,0.0015584826469421387,1,33
111,0.0015584826469421387,1,33
112,0.0015584826469421387,1,33
113,0.0015584826469421387,1,33
114,0.0015584826469421387,1,33
115,0.0015584826469421387,1,33
116,0.0015584826469421387,1,33
117,0.0015584826469421387,1,33
118,0.0015584826469421387,1,33
119,0.0015584826469421387,1,33
120,0.0015584826469421387,1,33
121,0.0015584826469421387,1,33
122,0.0015584826469421387,1,33
123,0.0015584826469421387,1,33
124,0.0015584826469421387,1,33
125,0.0015584826469421387,1,33
126,0.0015584826469421387,1,33
127,0.0015584826469421387,1,33
128,0.0015584826469421387,1,33
129,0.0015584826469421387,1,33
130,0.0015584826469421387,1,33
131,0.0015584826469421387,1,33
132,0.0015584826469421387,1,33
133,0.0015584826469421387,1,33
134,0.0015584826469421387,1,33
135,0.0015584826469421387,1,33
136,0.0015584826469421387,1,33
137,0.0015584826469421387,1,33
138,0.0015584826469421387,1,33
139,0.0015584826469421387,1,33
140,0.0015584826469421387,1,33
141,0.0015584826469421387,1,33
142,0.0015584826469421387,1,33
143,0.0015584826469421387,1,33
144,0.0015584826469421387,1,33
145,0.0015584826469421387,1,33
146,0.0015584826469421387,1,33
147,0.0015584826469421387,1,33
148,0.0015584826469421387,1,33
149,0.0015584826469421387,1,33
150,0.0015584826469421387,1,33
151,0.0015584826469421387,1,33
152,0.0015584826469421387,1,33
153,0.0015584826469421387,1,33
154,0.0015584826469421387,1,33
155,0.0015584826469421387,1,33
156,0.0015584826469421387,1,33
157,0.0015584826469421387,1,33
158,0.0015584826469421387,1,33
159,0.0015584826469421387,1,33
160,0.0015584826469421387,1,33
161,0.0015584826469421387,1,33
162,0.0015584826469421387,1,33
163,0.0015584826469421387,1,33
164,0.0015584826469421387,1,33
165,0.0015584826469421387,1,33
166,0.0015584826469421387,1,33
167,0.0015584826469421387,1,33
168,0.0015584826469421387,1,33
169,0.0015584826469421387,1,33
170,0.0015584826469421387,1,33
171,0.0015584826469421387,1,33
172,0.0015584826469421387,1,33
173,0.0015584826469421387,1,33
174,0.0015584826469421387,1,33
175,0.0015584826469421387,1,33
176,0.0015584826469421387,1,33
177,0.0015584826469421387,1,33
178,0.0015584826469421387,1,33
179,0.0015584826469421387,1,33
180,0.0015584826469421387,1,33
181,0.0015584826469421387,1,33
182,0.0015584826469421387,1,33
183,0.0015584826469421387,1,33
184,0.0015584826469421387,1,33
185,0.0015584826469421387,1,33
186,0.0015584826469421387,1,33
187,0.0015584826469421387,1,33
188,0.0015584826469421387,1,33
189,0.0015584826469421387,1,33
190,0.0015584826469421387,1,33
191,0.0015584826469421387,1,33
192,0.0015584826469421387,1,33
193,0.0015584826469421387,1,33
194,0.0015584826469421387,1,33
195,0.0015584826469421387,1,33
196,0.0015584826469421387,1,33
197,0.0015584826469421387,1,33
198,0.0015584826469421387,1,33
199,0.0015584826469421387,1,33
200,0.0015584826469421387,1,33
1,0.0030168890953063965,1,34
2,0.0030168890953063965,1,34
3,0.003021836280822754,1,34
4,0.003021836280822754,1,34
5,0.003021836280822754,1,34
6,0.003021836280822754,1,34
7,0.0030232667922973633,1,34
8,0.0030232667922973633,1,34
9,0.0030232667922973633,1,34
10,0.0030232667922973633,1,34
11,0.0030232667922973633,1,34
12,0.0030232667922973633,1,34
13,0.0030232667922973633,1,34
14,0.0030232667922973633,1,34
15,0.0030232667922973633,1,34
16,0.0030232667922973633,1,34
17,0.0030232667922973633,1,34
18,0.0030232667922973633,1,34
19,0.0030232667922973633,1,34
20,0.003023386001586914,1,34
21,0.0030232667922973633,1,34
22,0.0030232667922973633,1,34
23,0.0030232667922973633,1,34
24,0.0030232667922973633,1,34
25,0.0030232667922973633,1,34
26,0.0030232667922973633,1,34
27,0.0030232667922973633,1,34
28,0.0030232667922973633,1,34
29,0.0030232667922973633,1,34
30,0.0030232667922973633,1,34
31,0.0030232667922973633,1,34
32,0.0030232667922973633,1,34
33,0.0030232667922973633,1,34
34,0.0030232667922973633,1,34
35,0.0030232667922973633,1,34
36,0.0030232667922973633,1,34
37,0.0030232667922973633,1,34
38,0.0030232667922973633,1,34
39,0.0030232667922973633,1,34
40,0.0030232667922973633,1,34
41,0.0030232667922973633,1,34
42,0.0030232667922973633,1,34
43,0.0030232667922973633,1,34
44,0.0030232667922973633,1,34
45,0.0030232667922973633,1,34
46,0.0030232667922973633,1,34
47,0.0030232667922973633,1,34
48,0.0030232667922973633,1,34
49,0.0030232667922973633,1,34
50,0.0030232667922973633,1,34
51,0.0030232667922973633,1,34
52,0.0030232667922973633,1,34
53,0.0030232667922973633,1,34
54,0.0030232667922973633,1,34
55,0.0030232667922973633,1,34
56,0.0030232667922973633,1,34
57,0.0030232667922973633,1,34
58,0.0030232667922973633,1,34
59,0.0030232667922973633,1,34
60,0.0030232667922973633,1,34
61,0.0030232667922973633,1,34
62,0.0030232667922973633,1,34
63,0.0030232667922973633,1,34
64,0.0030232667922973633,1,34
65,0.0030232667922973633,1,34
66,0.0030232667922973633,1,34
67,0.0030232667922973633,1,34
68,0.0030232667922973633,1,34
69,0.0030232667922973633,1,34
70,0.0030232667922973633,1,34
71,0.0030232667922973633,1,34
72,0.0030232667922973633,1,34
73,0.0030232667922973633,1,34
74,0.0030232667922973633,1,34
75,0.0030232667922973633,1,34
76,0.0030232667922973633,1,34
77,0.0030232667922973633,1,34
78,0.0030232667922973633,1,34
79,0.0030232667922973633,1,34
80,0.0030232667922973633,1,34
81,0.0030232667922973633,1,34
82,0.0030232667922973633,1,34
83,0.0030232667922973633,1,34
84,0.0030232667922973633,1,34
85,0.0030232667922973633,1,34
86,0.0030232667922973633,1,34
87,0.0030232667922973633,1,34
88,0.0030232667922973633,1,34
89,0.0030232667922973633,1,34
90,0.0030232667922973633,1,34
91,0.0030232667922973633,1,34
92,0.0030232667922973633,1,34
93,0.0030232667922973633,1,34
94,0.0030232667922973633,1,34
95,0.0030232667922973633,1,34
96,0.0030232667922973633,1,34
97,0.0030232667922973633,1,34
98,0.0030232667922973633,1,34
99,0.0030232667922973633,1,34
100,0.0030232667922973633,1,34
101,0.0030232667922973633,1,34
102,0.0030232667922973633,1,34
103,0.0030232667922973633,1,34
104,0.0030232667922973633,1,34
105,0.0030232667922973633,1,34
106,0.0030232667922973633,1,34
107,0.0030232667922973633,1,34
108,0.0030232667922973633,1,34
109,0.0030232667922973633,1,34
110,0.0030232667922973633,1,34
111,0.0030232667922973633,1,34
112,0.0030232667922973633,1,34
113,0.0030232667922973633,1,34
114,0.0030232667922973633,1,34
115,0.0030232667922973633,1,34
116,0.0030232667922973633,1,34
117,0.0030232667922973633,1,34
118,0.0030232667922973633,1,34
119,0.0030232667922973633,1,34
120,0.0030232667922973633,1,34
121,0.0030232667922973633,1,34
122,0.0030232667922973633,1,34
123,0.0030232667922973633,1,34
124,0.0030232667922973633,1,34
125,0.0030232667922973633,1,34
126,0.0030232667922973633,1,34
127,0.0030232667922973633,1,34
128,0.0030232667922973633,1,34
129,0.0030232667922973633,1,34
130,0.0030232667922973633,1,34
131,0.0030232667922973633,1,34
132,0.0030232667922973633,1,34
133,0.0030232667922973633,1,34
134,0.0030232667922973633,1,34
135,0.0030232667922973633,1,34
136,0.0030232667922973633,1,34
137,0.0030232667922973633,1,34
138,0.0030232667922973633,1,34
139,0.0030232667922973633,1,34
140,0.0030232667922973633,1,34
141,0.0030232667922973633,1,34
142,0.0030232667922973633,1,34
143,0.0030232667922973633,1,34
144,0.0030232667922973633,1,34
145,0.0030232667922973633,1,34
146,0.0030232667922973633,1,34
147,0.0030232667922973633,1,34
148,0.0030232667922973633,1,34
149,0.0030232667922973633,1,34
150,0.0030232667922973633,1,34
151,0.0030232667922973633,1,34
152,0.0030232667922973633,1,34
153,0.0030232667922973633,1,34
154,0.0030232667922973633,1,34
155,0.0030232667922973633,1,34
156,0.0030232667922973633,1,34
157,0.0030232667922973633,1,34
158,0.0030232667922973633,1,34
159,0.0030232667922973633,1,34
160,0.0030232667922973633,1,34
161,0.0030232667922973633,1,34
162,0.0030232667922973633,1,34
163,0.0030232667922973633,1,34
164,0.0030232667922973633,1,34
165,0.0030232667922973633,1,34
166,0.0030232667922973633,1,34
167,0.0030232667922973633,1,34
168,0.0030232667922973633,1,34
169,0.0030232667922973633,1,34
170,0.0030232667922973633,1,34
171,0.0030232667922973633,1,34
172,0.0030232667922973633,1,34
173,0.0030232667922973633,1,34
174,0.0030232667922973633,1,34
175,0.0030232667922973633,1,34
176,0.0030232667922973633,1,34
177,0.0030232667922973633,1,34
178,0.0030232667922973633,1,34
179,0.0030232667922973633,1,34
180,0.0030232667922973633,1,34
181,0.0030232667922973633,1,34
182,0.0030232667922973633,1,34
183,0.0030232667922973633,1,34
184,0.0030232667922973633,1,34
185,0.0030232667922973633,1,34
186,0.0030232667922973633,1,34
187,0.0030232667922973633,1,34
188,0.0030232667922973633,1,34
189,0.0030232667922973633,1,34
190,0.0030232667922973633,1,34
191,0.0030232667922973633,1,34
192,0.0030232667922973633,1,34
193,0.0030232667922973633,1,34
194,0.0030232667922973633,1,34
195,0.0030232667922973633,1,34
196,0.0030232667922973633,1,34
197,0.0030232667922973633,1,34
198,0.0030232667922973633,1,34
199,0.0030232667922973633,1,34
200,0.0030232667922973633,1,34
1,2.384185791015625e-07,1,35
2,2.384185791015625e-07,1,35
3,2.384185791015625e-07,1,35
4,2.384185791015625e-07,1,35
5,2.384185791015625e-07,1,35
6,2.384185791015625e-07,1,35
7,2.384185791015625e-07,1,35
8,2.384185791015625e-07,1,35
9,2.384185791015625e-07,1,35
10,2.384185791015625e-07,1,35
11,2.384185791015625e-07,1,35
12,2.384185791015625e-07,1,35
13,2.384185791015625e-07,1,35
14,2.384185791015625e-07,1,35
15,2.384185791015625e-07,1,35
16,2.384185791015625e-07,1,35
17,2.384185791015625e-07,1,35
18,2.384185791015625e-07,1,35
19,2.384185791015625e-07,1,35
20,2.384185791015625e-07,1,35
21,2.384185791015625e-07,1,35
22,2.384185791015625e-07,1,35
23,2.384185791015625e-07,1,35
24,2.384185791015625e-07,1,35
25,2.384185791015625e-07,1,35
26,2.384185791015625e-07,1,35
27,2.384185791015625e-07,1,35
28,2.384185791015625e-07,1,35
29,2.384185791015625e-07,1,35
30,2.384185791015625e-07,1,35
31,2.384185791015625e-07,1,35
32,2.384185791015625e-07,1,35
33,2.384185791015625e-07,1,35
34,2.384185791015625e-07,1,35
35,2.384185791015625e-07,1,35
36,2.384185791015625e-07,1,35
37,2.384185791015625e-07,1,35
38,2.384185791015625e-07,1,35
39,2.384185791015625e-07,1,35
40,2.384185791015625e-07,1,35
41,2.384185791015625e-07,1,35
42,2.384185791015625e-07,1,35
43,2.384185791015625e-07,1,35
44,2.384185791015625e-07,1,35
45,2.384185791015625e-07,1,35
46,2.384185791015625e-07,1,35
47,2.384185791015625e-07,1,35
48,2.384185791015625e-07,1,35
49,2.384185791015625e-07,1,35
50,2.384185791015625e-07,1,35
51,2.384185791015625e-07,1,35
52,2.384185791015625e-07,1,35
53,2.384185791015625e-07,1,35
54,2.384185791015625e-07,1,35
55,2.384185791015625e-07,1,35
56,2.384185791015625e-07,1,35
57,2.384185791015625e-07,1,35
58,2.384185791015625e-07,1,35
59,2.384185791015625e-07,1,35
60,2.384185791015625e-07,1,35
61,2.384185791015625e-07,1,35
62,2.384185791015625e-07,1,35
63,2.384185791015625e-07,1,35
64,2.384185791015625e-07,1,35
65,2.384185791015625e-07,1,35
66,2.384185791015625e-07,1,35
67,2.384185791015625e-07,1,35
68,2.384185791015625e-07,1,35
69,2.384185791015625e-07,1,35
70,2.384185791015625e-07,1,35
71,2.384185791015625e-07,1,35
72,2.384185791015625e-07,1,35
73,2.384185791015625e-07,1,35
74,2.384185791015625e-07,1,35
75,2.384185791015625e-07,1,35
76,2.384185791015625e-07,1,35
77,2.384185791015625e-07,1,35
78,2.384185791015625e-07,1,35
79,2.384185791015625e-07,1,35
80,2.384185791015625e-07,1,35
81,2.384185791015625e-07,1,35
82,2.384185791015625e-07,1,35
83,2.384185791015625e-07,1,35
84,2.384185791015625e-07,1,35
85,2.384185791015625e-07,1,35
86,2.384185791015625e-07,1,35
87,2.384185791015625e-07,1,35
88,2.384185791015625e-07,1,35
89,2.384185791015625e-07,1,35
90,2.384185791015625e-07,1,35
91,2.384185791015625e-07,1,35
92,2.384185791015625e-07,1,35
93,2.384185791015625e-07,1,35
94,2.384185791015625e-07,1,35
95,2.384185791015625e-07,1,35
96,2.384185791015625e-07,1,35
97,2.384185791015625e-07,1,35
98,2.384185791015625e-07,1,35
99,2.384185791015625e-07,1,35
100,2.384185791015625e-07,1,35
101,2.384185791015625e-07,1,35
102,2.384185791015625e-07,1,35
103,2.384185791015625e-07,1,35
104,2.384185791015625e-07,1,35
105,2.384185791015625e-07,1,35
106,2.384185791015625e-07,1,35
107,2.384185791015625e-07,1,35
108,2.384185791015625e-07,1,35
109,2.384185791015625e-07,1,35
110,2.384185791015625e-07,1,35
111,2.384185791015625e-07,1,35
112,2.384185791015625e-07,1,35
113,2.384185791015625e-07,1,35
114,2.384185791015625e-07,1,35
115,2.384185791015625e-07,1,35
116,2.384185791015625e-07,1,35
117,2.384185791015625e-07,1,35
118,2.384185791015625e-07,1,35
119,2.384185791015625e-07,1,35
120,2.384185791015625e-07,1,35
121,2.384185791015625e-07,1,35
122,2.384185791015625e-07,1,35
123,2.384185791015625e-07,1,35
124,2.384185791015625e-07,1,35
125,2.384185791015625e-07,1,35
126,2.384185791015625e-07,1,35
127,2.384185791015625e-07,1,35
128,2.384185791015625e-07,1,35
129,2.384185791015625e-07,1,35
130,2.384185791015625e-07,1,35
131,2.384185791015625e-07,1,35
132,2.384185791015625e-07,1,35
133,2.384185791015625e-07,1,35
134,2.384185791015625e-07,1,35
135,2.384185791015625e-07,1,35
136,2.384185791015625e-07,1,35
137,2.384185791015625e-07,1,35
138,2.384185791015625e-07,1,35
139,2.384185791015625e-07,1,35
140,2.384185791015625e-07,1,35
141,2.384185791015625e-07,1,35
142,2.384185791015625e-07,1,35
143,2.384185791015625e-07,1,35
144,2.384185791015625e-07,1,35
145,2.384185791015625e-07,1,35
146,2.384185791015625e-07,1,35
147,2.384185791015625e-07,1,35
148,2.384185791015625e-07,1,35
149,2.384185791015625e-07,1,35
150,2.384185791015625e-07,1,35
151,2.384185791015625e-07,1,35
152,2.384185791015625e-07,1,35
153,2.384185791015625e-07,1,35
154,2.384185791015625e-07,1,35
155,2.384185791015625e-07,1,35
156,2.384185791015625e-07,1,35
157,2.384185791015625e-07,1,35
158,2.384185791015625e-07,1,35
159,2.384185791015625e-07,1,35
160,2.384185791015625e-07,1,35
161,2.384185791015625e-07,1,35
162,2.384185791015625e-07,1,35
163,2.384185791015625e-07,1,35
164,2.384185791015625e-07,1,35
165,2.384185791015625e-07,1,35
166,2.384185791015625e-07,1,35
167,2.384185791015625e-07,1,35
168,2.384185791015625e-07,1,35
169,2.384185791015625e-07,1,35
170,2.384185791015625e-07,1,35
171,2.384185791015625e-07,1,35
172,2.384185791015625e-07,1,35
173,2.384185791015625e-07,1,35
174,2.384185791015625e-07,1,35
175,2.384185791015625e-07,1,35
176,2.384185791015625e-07,1,35
177,2.384185791015625e-07,1,35
178,2.384185791015625e-07,1,35
179,2.384185791015625e-07,1,35
180,2.384185791015625e-07,1,35
181,2.384185791015625e-07,1,35
182,2.384185791015625e-07,1,35
183,2.384185791015625e-07,1,35
184,2.384185791015625e-07,1,35
185,2.384185791015625e-07,1,35
186,2.384185791015625e-07,1,35
187,2.384185791015625e-07,1,35
188,2.384185791015625e-07,1,35
189,2.384185791015625e-07,1,35
190,2.384185791015625e-07,1,35
191,2.384185791015625e-07,1,35
192,2.384185791015625e-07,1,35
193,2.384185791015625e-07,1,35
194,2.384185791015625e-07,1,35
195,2.384185791015625e-07,1,35
196,2.384185791015625e-07,1,35
197,2.384185791015625e-07,1,35
198,2.384185791015625e-07,1,35
199,2.384185791015625e-07,1,35
200,2.384185791015625e-07,1,35
1,4.076957702636719e-05,1,36
2,4.076957702636719e-05,1,36
3,4.076957702636719e-05,1,36
4,4.076957702636719e-05,1,36
5,4.076957702636719e-05,1,36
6,4.076957702636719e-05,1,36
7,4.076957702636719e-05,1,36
8,4.076957702636719e-05,1,36
9,4.076957702636719e-05,1,36
10,4.076957702636719e-05,1,36
11,4.076957702636719e-05,1,36
12,4.076957702636719e-05,1,36
13,4.076957702636719e-05,1,36
14,4.076957702636719e-05,1,36
15,4.076957702636719e-05,1,36
16,4.076957702636719e-05,1,36
17,4.076957702636719e-05,1,36
18,4.076957702636719e-05,1,36
19,4.076957702636719e-05,1,36
20,4.076957702636719e-05,1,36
21,4.076957702636719e-05,1,36
22,4.076957702636719e-05,1,36
23,4.076957702636719e-05,1,36
24,4.076957702636719e-05,1,36
25,4.076957702636719e-05,1,36
26,4.076957702636719e-05,1,36
27,4.076957702636719e-05,1,36
28,4.076957702636719e-05,1,36
29,4.076957702636719e-05,1,36
30,4.076957702636719e-05,1,36
31,4.076957702636719e-05,1,36
32,4.076957702636719e-05,1,36
33,4.076957702636719e-05,1,36
34,4.076957702636719e-05,1,36
35,4.076957702636719e-05,1,36
36,4.076957702636719e-05,1,36
37,4.076957702636719e-05,1,36
38,4.076957702636719e-05,1,36
39,4.076957702636719e-05,1,36
40,4.076957702636719e-05,1,36
41,4.076957702636719e-05,1,36
42,4.076957702636719e-05,1,36
43,4.076957702636719e-05,1,36
44,4.076957702636719e-05,1,36
45,4.076957702636719e-05,1,36
46,4.076957702636719e-05,1,36
47,4.076957702636719e-05,1,36
48,4.076957702636719e-05,1,36
49,4.076957702636719e-05,1,36
50,4.076957702636719e-05,1,36
51,4.076957702636719e-05,1,36
52,4.076957702636719e-05,1,36
53,4.076957702636719e-05,1,36
54,4.076957702636719e-05,1,36
55,4.076957702636719e-05,1,36
56,4.076957702636719e-05,1,36
57,4.076957702636719e-05,1,36
58,4.076957702636719e-05,1,36
59,4.076957702636719e-05,1,36
60,4.076957702636719e-05,1,36
61,4.076957702636719e-05,1,36
62,4.076957702636719e-05,1,36
63,4.076957702636719e-05,1,36
64,4.076957702636719e-05,1,36
65,4.076957702636719e-05,1,36
66,4.076957702636719e-05,1,36
67,4.076957702636719e-05,1,36
68,4.076957702636719e-05,1,36
69,4.076957702636719e-05,1,36
70,4.076957702636719e-05,1,36
71,4.076957702636719e-05,1,36
72,4.076957702636719e-05,1,36
73,4.076957702636719e-05,1,36
74,4.076957702636719e-05,1,36
75,4.076957702636719e-05,1,36
76,4.076957702636719e-05,1,36
77,4.076957702636719e-05,1,36
78,4.076957702636719e-05,1,36
79,4.076957702636719e-05,1,36
80,4.076957702636719e-05,1,36
81,4.076957702636719e-05,1,36
82,4.076957702636719e-05,1,36
83,4.076957702636719e-05,1,36
84,4.076957702636719e-05,1,36
85,4.076957702636719e-05,1,36
86,4.076957702636719e-05,1,36
87,4.076957702636719e-05,1,36
88,4.076957702636719e-05,1,36
89,4.076957702636719e-05,1,36
90,4.076957702636719e-05,1,36
91,4.076957702636719e-05,1,36
92,4.076957702636719e-05,1,36
93,4.076957702636719e-05,1,36
94,4.076957702636719e-05,1,36
95,4.076957702636719e-05,1,36
96,4.076957702636719e-05,1,36
97,4.076957702636719e-05,1,36
98,4.076957702636719e-05,1,36
99,4.076957702636719e-05,1,36
100,4.076957702636719e-05,1,36
101,4.076957702636719e-05,1,36
102,4.076957702636719e-05,1,36
103,4.076957702636719e-05,1,36
104,4.076957702636719e-05,1,36
105,4.076957702636719e-05,1,36
106,4.076957702636719e-05,1,36
107,4.076957702636719e-05,1,36
108,4.076957702636719e-05,1,36
109,4.076957702636719e-05,1,36
110,4.076957702636719e-05,1,36
111,4.076957702636719e-05,1,36
112,4.076957702636719e-05,1,36
113,4.076957702636719e-05,1,36
114,4.076957702636719e-05,1,36
115,4.076957702636719e-05,1,36
116,4.076957702636719e-05,1,36
117,4.076957702636719e-05,1,36
118,4.076957702636719e-05,1,36
119,4.076957702636719e-05,1,36
120,4.076957702636719e-05,1,36
121,4.076957702636719e-05,1,36
122,4.076957702636719e-05,1,36
123,4.076957702636719e-05,1,36
124,4.076957702636719e-05,1,36
125,4.076957702636719e-05,1,36
126,4.076957702636719e-05,1,36
127,4.076957702636719e-05,1,36
128,4.076957702636719e-05,1,36
129,4.076957702636719e-05,1,36
130,4.076957702636719e-05,1,36
131,4.076957702636719e-05,1,36
132,4.076957702636719e-05,1,36
133,4.076957702636719e-05,1,36
134,4.076957702636719e-05,1,36
135,4.076957702636719e-05,1,36
136,4.076957702636719e-05,1,36
137,4.076957702636719e-05,1,36
138,4.076957702636719e-05,1,36
139,4.076957702636719e-05,1,36
140,4.076957702636719e-05,1,36
141,4.076957702636719e-05,1,36
142,4.076957702636719e-05,1,36
143,4.076957702636719e-05,1,36
144,4.076957702636719e-05,1,36
145,4.076957702636719e-05,1,36
146,4.076957702636719e-05,1,36
147,4.076957702636719e-05,1,36
148,4.076957702636719e-05,1,36
149,4.076957702636719e-05,1,36
150,4.076957702636719e-05,1,36
151,4.076957702636719e-05,1,36
152,4.076957702636719e-05,1,36
153,4.076957702636719e-05,1,36
154,4.076957702636719e-05,1,36
155,4.076957702636719e-05,1,36
156,4.076957702636719e-05,1,36
157,4.076957702636719e-05,1,36
158,4.076957702636719e-05,1,36
159,4.076957702636719e-05,1,36
160,4.076957702636719e-05,1,36
161,4.076957702636719e-05,1,36
162,4.076957702636719e-05,1,36
163,4.076957702636719e-05,1,36
164,4.076957702636719e-05,1,36
165,4.076957702636719e-05,1,36
166,4.076957702636719e-05,1,36
167,4.076957702636719e-05,1,36
168,4.076957702636719e-05,1,36
169,4.076957702636719e-05,1,36
170,4.076957702636719e-05,1,36
171,4.076957702636719e-05,1,36
172,4.076957702636719e-05,1,36
173,4.076957702636719e-05,1,36
174,4.076957702636719e-05,1,36
175,4.076957702636719e-05,1,36
176,4.076957702636719e-05,1,36
177,4.076957702636719e-05,1,36
178,4.076957702636719e-05,1,36
179,4.076957702636719e-05,1,36
180,4.076957702636719e-05,1,36
181,4.076957702636719e-05,1,36
182,4.076957702636719e-05,1,36
183,4.076957702636719e-05,1,36
184,4.076957702636719e-05,1,36
185,4.076957702636719e-05,1,36
186,4.076957702636719e-05,1,36
187,4.076957702636719e-05,1,36
188,4.076957702636719e-05,1,36
189,4.076957702636719e-05,1,36
190,4.076957702636719e-05,1,36
191,4.076957702636719e-05,1,36
192,4.076957702636719e-05,1,36
193,4.076957702636719e-05,1,36
194,4.076957702636719e-05,1,36
195,4.076957702636719e-05,1,36
196,4.076957702636719e-05,1,36
197,4.076957702636719e-05,1,36
198,4.076957702636719e-05,1,36
199,4.076957702636719e-05,1,36
200,4.076957702636719e-05,1,36
1,8.225440979003906e-06,1,37
2,8.106231689453125e-06,1,37
3,8.106231689453125e-06,1,37
4,8.106231689453125e-06,1,37
5,8.106231689453125e-06,1,37
6,8.106231689453125e-06,1,37
7,8.106231689453125e-06,1,37
8,8.106231689453125e-06,1,37
9,8.106231689453125e-06,1,37
10,8.106231689453125e-06,1,37
11,8.106231689453125e-06,1,37
12,8.106231689453125e-06,1,37
13,8.106231689453125e-06,1,37
14,8.106231689453125e-06,1,37
15,8.106231689453125e-06,1,37
16,8.106231689453125e-06,1,37
17,8.106231689453125e-06,1,37
18,8.106231689453125e-06,1,37
19,8.106231689453125e-06,1,37
20,8.106231689453125e-06,1,37
21,8.106231689453125e-06,1,37
22,8.106231689453125e-06,1,37
23,8.106231689453125e-06,1,37
24,8.106231689453125e-06,1,37
25,8.106231689453125e-06,1,37
26,8.106231689453125e-06,1,37
27,8.106231689453125e-06,1,37
28,8.106231689453125e-06,1,37
29,8.106231689453125e-06,1,37
30,8.106231689453125e-06,1,37
31,8.106231689453125e-06,1,37
32,8.106231689453125e-06,1,37
33,8.106231689453125e-06,1,37
34,8.106231689453125e-06,1,37
35,8.106231689453125e-06,1,37
36,8.106231689453125e-06,1,37
37,8.106231689453125e-06,1,37
38,8.106231689453125e-06,1,37
39,8.106231689453125e-06,1,37
40,8.106231689453125e-06,1,37
41,8.106231689453125e-06,1,37
42,8.106231689453125e-06,1,37
43,8.106231689453125e-06,1,37
44,8.106231689453125e-06,1,37
45,8.106231689453125e-06,1,37
46,8.106231689453125e-06,1,37
47,8.106231689453125e-06,1,37
48,8.106231689453125e-06,1,37
49,8.106231689453125e-06,1,37
50,8.106231689453125e-06,1,37
51,8.106231689453125e-06,1,37
52,8.106231689453125e-06,1,37
53,8.106231689453125e-06,1,37
54,8.106231689453125e-06,1,37
55,8.106231689453125e-06,1,37
56,8.106231689453125e-06,1,37
57,8.106231689453125e-06,1,37
58,8.106231689453125e-06,1,37
59,8.106231689453125e-06,1,37
60,8.106231689453125e-06,1,37
61,8.106231689453125e-06,1,37
62,8.106231689453125e-06,1,37
63,8.106231689453125e-06,1,37
64,8.106231689453125e-06,1,37
65,8.106231689453125e-06,1,37
66,8.106231689453125e-06,1,37
67,8.106231689453125e-06,1,37
68,8.106231689453125e-06,1,37
69,8.106231689453125e-06,1,37
70,8.106231689453125e-06,1,37
71,8.106231689453125e-06,1,37
72,8.106231689453125e-06,1,37
73,8.106231689453125e-06,1,37
74,8.106231689453125e-06,1,37
75,8.106231689453125e-06,1,37
76,8.106231689453125e-06,1,37
77,8.106231689453125e-06,1,37
78,8.106231689453125e-06,1,37
79,8.106231689453125e-06,1,37
80,8.106231689453125e-06,1,37
81,8.106231689453125e-06,1,37
82,8.106231689453125e-06,1,37
83,8.106231689453125e-06,1,37
84,8.106231689453125e-06,1,37
85,8.106231689453125e-06,1,37
86,8.106231689453125e-06,1,37
87,8.106231689453125e-06,1,37
88,8.106231689453125e-06,1,37
89,8.106231689453125e-06,1,37
90,8.106231689453125e-06,1,37
91,8.106231689453125e-06,1,37
92,8.106231689453125e-06,1,37
93,8.106231689453125e-06,1,37
94,8.106231689453125e-06,1,37
95,8.106231689453125e-06,1,37
96,8.106231689453125e-06,1,37
97,8.106231689453125e-06,1,37
98,8.106231689453125e-06,1,37
99,8.106231689453125e-06,1,37
100,8.106231689453125e-06,1,37
101,8.106231689453125e-06,1,37
102,8.106231689453125e-06,1,37
103,8.106231689453125e-06,1,37
104,8.106231689453125e-06,1,37
105,8.106231689453125e-06,1,37
106,8.106231689453125e-06,1,37
107,8.106231689453125e-06,1,37
108,8.106231689453125e-06,1,37
109,8.106231689453125e-06,1,37
110,8.106231689453125e-06,1,37
111,8.106231689453125e-06,1,37
112,8.106231689453125e-06,1,37
113,8.106231689453125e-06,1,37
114,8.106231689453125e-06,1,37
115,8.106231689453125e-06,1,37
116,8.106231689453125e-06,1,37
117,8.106231689453125e-06,1,37
118,8.106231689453125e-06,1,37
119,8.106231689453125e-06,1,37
120,8.106231689453125e-06,1,37
121,8.106231689453125e-06,1,37
122,8.106231689453125e-06,1,37
123,8.106231689453125e-06,1,37
124,8.106231689453125e-06,1,37
125,8.106231689453125e-06,1,37
126,8.106231689453125e-06,1,37
127,8.106231689453125e-06,1,37
128,8.106231689453125e-06,1,37
129,8.106231689453125e-06,1,37
130,8.106231689453125e-06,1,37
131,8.106231689453125e-06,1,37
132,8.106231689453125e-06,1,37
133,8.106231689453125e-06,1,37
134,8.106231689453125e-06,1,37
135,8.106231689453125e-06,1,37
136,8.106231689453125e-06,1,37
137,8.106231689453125e-06,1,37
138,8.106231689453125e-06,1,37
139,8.106231689453125e-06,1,37
140,8.106231689453125e-06,1,37
141,8.106231689453125e-06,1,37
142,8.106231689453125e-06,1,37
143,8.106231689453125e-06,1,37
144,8.106231689453125e-06,1,37
145,8.106231689453125e-06,1,37
146,8.106231689453125e-06,1,37
147,8.106231689453125e-06,1,37
148,8.106231689453125e-06,1,37
149,8.106231689453125e-06,1,37
150,8.106231689453125e-06,1,37
151,8.106231689453125e-06,1,37
152,8.106231689453125e-06,1,37
153,8.106231689453125e-06,1,37
154,8.106231689453125e-06,1,37
155,8.106231689453125e-06,1,37
156,8.106231689453125e-06,1,37
157,8.106231689453125e-06,1,37
158,8.106231689453125e-06,1,37
159,8.106231689453125e-06,1,37
160,8.106231689453125e-06,1,37
161,8.106231689453125e-06,1,37
162,8.106231689453125e-06,1,37
163,8.106231689453125e-06,1,37
164,8.106231689453125e-06,1,37
165,8.106231689453125e-06,1,37
166,8.106231689453125e-06,1,37
167,8.106231689453125e-06,1,37
168,8.106231689453125e-06,1,37
169,8.106231689453125e-06,1,37
170,8.106231689453125e-06,1,37
171,8.106231689453125e-06,1,37
172,8.106231689453125e-06,1,37
173,8.106231689453125e-06,1,37
174,8.106231689453125e-06,1,37
175,8.106231689453125e-06,1,37
176,8.106231689453125e-06,1,37
177,8.106231689453125e-06,1,37
178,8.106231689453125e-06,1,37
179,8.106231689453125e-06,1,37
180,8.106231689453125e-06,1,37
181,8.106231689453125e-06,1,37
182,8.106231689453125e-06,1,37
183,8.106231689453125e-06,1,37
184,8.106231689453125e-06,1,37
185,8.106231689453125e-06,1,37
186,8.106231689453125e-06,1,37
187,8.106231689453125e-06,1,37
188,8.106231689453125e-06,1,37
189,8.106231689453125e-06,1,37
190,8.106231689453125e-06,1,37
191,8.106231689453125e-06,1,37
192,8.106231689453125e-06,1,37
193,8.106231689453125e-06,1,37
194,8.106231689453125e-06,1,37
195,8.106231689453125e-06,1,37
196,8.106231689453125e-06,1,37
197,8.106231689453125e-06,1,37
198,8.106231689453125e-06,1,37
199,8.106231689453125e-06,1,37
200,8.106231689453125e-06,1,37
1,2.0265579223632812e-06,1,38
2,2.0265579223632812e-06,1,38
3,2.0265579223632812e-06,1,38
4,2.0265579223632812e-06,1,38
5,2.0265579223632812e-06,1,38
6,2.0265579223632812e-06,1,38
7,2.0265579223632812e-06,1,38
8,2.0265579223632812e-06,1,38
9,2.0265579223632812e-06,1,38
10,2.0265579223632812e-06,1,38
11,2.0265579223632812e-06,1,38
12,2.0265579223632812e-06,1,38
13,2.0265579223632812e-06,1,38
14,2.0265579223632812e-06,1,38
15,2.0265579223632812e-06,1,38
16,2.0265579223632812e-06,1,38
17,2.0265579223632812e-06,1,38
18,2.0265579223632812e-06,1,38
19,2.0265579223632812e-06,1,38
20,2.0265579223632812e-06,1,38
21,2.0265579223632812e-06,1,38
22,2.0265579223632812e-06,1,38
23,2.0265579223632812e-06,1,38
24,2.0265579223632812e-06,1,38
25,2.0265579223632812e-06,1,38
26,2.0265579223632812e-06,1,38
27,2.0265579223632812e-06,1,38
28,2.0265579223632812e-06,1,38
29,2.0265579223632812e-06,1,38
30,2.0265579223632812e-06,1,38
31,2.0265579223632812e-06,1,38
32,2.0265579223632812e-06,1,38
33,2.0265579223632812e-06,1,38
34,2.0265579223632812e-06,1,38
35,2.0265579223632812e-06,1,38
36,2.0265579223632812e-06,1,38
37,2.0265579223632812e-06,1,38
38,2.0265579223632812e-06,1,38
39,2.0265579223632812e-06,1,38
40,2.0265579223632812e-06,1,38
41,2.0265579223632812e-06,1,38
42,2.0265579223632812e-06,1,38
43,2.0265579223632812e-06,1,38
44,2.0265579223632812e-06,1,38
45,2.0265579223632812e-06,1,38
46,2.0265579223632812e-06,1,38
47,2.0265579223632812e-06,1,38
48,2.0265579223632812e-06,1,38
49,2.0265579223632812e-06,1,38
50,2.0265579223632812e-06,1,38
51,2.0265579223632812e-06,1,38
52,2.0265579223632812e-06,1,38
53,2.0265579223632812e-06,1,38
54,2.0265579223632812e-06,1,38
55,2.0265579223632812e-06,1,38
56,2.0265579223632812e-06,1,38
57,2.0265579223632812e-06,1,38
58,2.0265579223632812e-06,1,38
59,2.0265579223632812e-06,1,38
60,2.0265579223632812e-06,1,38
61,2.0265579223632812e-06,1,38
62,2.0265579223632812e-06,1,38
63,2.0265579223632812e-06,1,38
64,2.0265579223632812e-06,1,38
65,2.0265579223632812e-06,1,38
66,2.0265579223632812e-06,1,38
67,2.0265579223632812e-06,1,38
68,2.0265579223632812e-06,1,38
69,2.0265579223632812e-06,1,38
70,2.0265579223632812e-06,1,38
71,2.0265579223632812e-06,1,38
72,2.0265579223632812e-06,1,38
73,2.0265579223632812e-06,1,38
74,2.0265579223632812e-06,1,38
75,2.0265579223632812e-06,1,38
76,2.0265579223632812e-06,1,38
77,2.0265579223632812e-06,1,38
78,2.0265579223632812e-06,1,38
79,2.0265579223632812e-06,1,38
80,2.0265579223632812e-06,1,38
81,2.0265579223632812e-06,1,38
82,2.0265579223632812e-06,1,38
83,2.0265579223632812e-06,1,38
84,2.0265579223632812e-06,1,38
85,2.0265579223632812e-06,1,38
86,2.0265579223632812e-06,1,38
87,2.0265579223632812e-06,1,38
88,2.0265579223632812e-06,1,38
89,2.0265579223632812e-06,1,38
90,2.0265579223632812e-06,1,38
91,2.0265579223632812e-06,1,38
92,2.0265579223632812e-06,1,38
93,2.0265579223632812e-06,1,38
94,2.0265579223632812e-06,1,38
95,2.0265579223632812e-06,1,38
96,2.0265579223632812e-06,1,38
97,2.0265579223632812e-06,1,38
98,2.0265579223632812e-06,1,38
99,2.0265579223632812e-06,1,38
100,2.0265579223632812e-06,1,38
101,2.0265579223632812e-06,1,38
102,2.0265579223632812e-06,1,38
103,2.0265579223632812e-06,1,38
104,2.0265579223632812e-06,1,38
105,2.0265579223632812e-06,1,38
106,2.0265579223632812e-06,1,38
107,2.0265579223632812e-06,1,38
108,2.0265579223632812e-06,1,38
109,2.0265579223632812e-06,1,38
110,2.0265579223632812e-06,1,38
111,2.0265579223632812e-06,1,38
112,2.0265579223632812e-06,1,38
113,2.0265579223632812e-06,1,38
114,2.0265579223632812e-06,1,38
115,2.0265579223632812e-06,1,38
116,2.0265579223632812e-06,1,38
117,2.0265579223632812e-06,1,38
118,2.0265579223632812e-06,1,38
119,2.0265579223632812e-06,1,38
120,2.0265579223632812e-06,1,38
121,2.0265579223632812e-06,1,38
122,2.0265579223632812e-06,1,38
123,2.0265579223632812e-06,1,38
124,2.0265579223632812e-06,1,38
125,2.0265579223632812e-06,1,38
126,2.0265579223632812e-06,1,38
127,2.0265579223632812e-06,1,38
128,2.0265579223632812e-06,1,38
129,2.0265579223632812e-06,1,38
130,2.0265579223632812e-06,1,38
131,2.0265579223632812e-06,1,38
132,2.0265579223632812e-06,1,38
133,2.0265579223632812e-06,1,38
134,2.0265579223632812e-06,1,38
135,2.0265579223632812e-06,1,38
136,2.0265579223632812e-06,1,38
137,2.0265579223632812e-06,1,38
138,2.0265579223632812e-06,1,38
139,2.0265579223632812e-06,1,38
140,2.0265579223632812e-06,1,38
141,2.0265579223632812e-06,1,38
142,2.0265579223632812e-06,1,38
143,2.0265579223632812e-06,1,38
144,2.0265579223632812e-06,1,38
145,2.0265579223632812e-06,1,38
146,2.0265579223632812e-06,1,38
147,2.0265579223632812e-06,1,38
148,2.0265579223632812e-06,1,38
149,2.0265579223632812e-06,1,38
150,2.0265579223632812e-06,1,38
151,2.0265579223632812e-06,1,38
152,2.0265579223632812e-06,1,38
153,2.0265579223632812e-06,1,38
154,2.0265579223632812e-06,1,38
155,2.0265579223632812e-06,1,38
156,2.0265579223632812e-06,1,38
157,2.0265579223632812e-06,1,38
158,2.0265579223632812e-06,1,38
159,2.0265579223632812e-06,1,38
160,2.0265579223632812e-06,1,38
161,2.0265579223632812e-06,1,38
162,2.0265579223632812e-06,1,38
163,2.0265579223632812e-06,1,38
164,2.0265579223632812e-06,1,38
165,2.0265579223632812e-06,1,38
166,2.0265579223632812e-06,1,38
167,2.0265579223632812e-06,1,38
168,2.0265579223632812e-06,1,38
169,2.0265579223632812e-06,1,38
170,2.0265579223632812e-06,1,38
171,2.0265579223632812e-06,1,38
172,2.0265579223632812e-06,1,38
173,2.0265579223632812e-06,1,38
174,2.0265579223632812e-06,1,38
175,2.0265579223632812e-06,1,38
176,2.0265579223632812e-06,1,38
177,2.0265579223632812e-06,1,38
178,2.0265579223632812e-06,1,38
179,2.0265579223632812e-06,1,38
180,2.0265579223632812e-06,1,38
181,2.0265579223632812e-06,1,38
182,2.0265579223632812e-06,1,38
183,2.0265579223632812e-06,1,38
184,2.0265579223632812e-06,1,38
185,2.0265579223632812e-06,1,38
186,2.0265579223632812e-06,1,38
187,2.0265579223632812e-06,1,38
188,2.0265579223632812e-06,1,38
189,2.0265579223632812e-06,1,38
190,2.0265579223632812e-06,1,38
191,2.0265579223632812e-06,1,38
192,2.0265579223632812e-06,1,38
193,2.0265579223632812e-06,1,38
194,2.0265579223632812e-06,1,38
195,2.0265579223632812e-06,1,38
196,2.0265579223632812e-06,1,38
197,2.0265579223632812e-06,1,38
198,2.0265579223632812e-06,1,38
199,2.0265579223632812e-06,1,38
200,2.0265579223632812e-06,1,38
1,0.5464297235012054,9,39
2,0.5464297235012054,9,39
3,0.7808476239442825,11,39
4,0.7808476239442825,11,39
5,0.9722284357994795,13,39
6,0.9722284357994795,13,39
7,0.9722284357994795,13,39
8,0.9722284357994795,13,39
9,0.9671222604811192,13,39
10,0.9671222604811192,13,39
11,0.9671222604811192,13,39
12,0.9671222604811192,13,39
13,0.9707045406103134,12,39
14,0.9707045406103134,12,39
15,0.9707045406103134,12,39
16,0.9707045406103134,12,39
17,0.9707045406103134,12,39
18,0.9707045406103134,12,39
19,0.9707045406103134,12,39
20,0.9847269710153341,10,39
21,0.9847269710153341,10,39
22,0.9847269710153341,10,39
23,0.9847269710153341,10,39
24,0.9847269710153341,10,39
25,0.9847269710153341,10,39
26,0.9847269710153341,10,39
27,0.9847269710153341,10,39
28,0.9847269710153341,10,39
29,0.9847269710153341,10,39
30,0.9847269710153341,10,39
31,0.9847269710153341,10,39
32,0.9847269710153341,10,39
33,0.9847269710153341,10,39
34,0.9847269710153341,10,39
35,0.9847269710153341,10,39
36,0.9847269710153341,10,39
37,0.9847269710153341,10,39
38,0.9847269710153341,10,39
39,0.9847269710153341,10,39
40,0.9847269710153341,10,39
41,0.9847269710153341,10,39
42,0.9847269710153341,10,39
43,0.9847269710153341,10,39
44,0.9847269710153341,10,39
45,0.9847269710153341,10,39
46,0.9847269710153341,10,39
47,0.9847269710153341,10,39
48,0.9847269710153341,10,39
49,0.9847269710153341,10,39
50,0.9847269710153341,10,39
51,0.9847269710153341,10,39
52,0.9847269710153341,10,39
53,0.9847269710153341,10,39
54,0.9939295710064471,14,39
55,0.9699980020523071,11,39
56,0.9699980020523071,11,39
57,0.9699980020523071,11,39
58,0.9699980020523071,11,39
59,0.9699980020523071,11,39
60,0.9699980020523071,11,39
61,0.9699980020523071,11,39
62,0.9699980020523071,11,39
63,0.9699980020523071,11,39
64,0.9699980020523071,11,39
65,0.9699980020523071,11,39
66,0.9699980020523071,11,39
67,0.9699980020523071,11,39
68,0.9699980020523071,11,39
69,0.9699980020523071,11,39
70,0.9699980020523071,11,39
71,0.9699980020523071,11,39
72,0.9699980020523071,11,39
73,0.9699980020523071,11,39
74,0.9699980020523071,11,39
75,0.9699980020523071,11,39
76,0.9699980020523071,11,39
77,0.9699980020523071,11,39
78,0.9699980020523071,11,39
79,0.9699980020523071,11,39
80,0.9699980020523071,11,39
81,0.9699980020523071,11,39
82,0.9699980020523071,11,39
83,0.9699980020523071,11,39
84,0.9699980020523071,11,39
85,0.9699980020523071,11,39
86,0.9699980020523071,11,39
87,0.9699980020523071,11,39
88,0.9699980020523071,11,39
89,0.9699980020523071,11,39
90,0.9699980020523071,11,39
91,0.9699980020523071,11,39
92,0.9699980020523071,11,39
93,0.9699980020523071,11,39
94,0.9699980020523071,11,39
95,0.9699980020523071,11,39
96,0.9699980020523071,11,39
97,0.9699980020523071,11,39
98,0.9699980020523071,11,39
99,0.9699980020523071,11,39
100,0.9699980020523071,11,39
101,0.9699980020523071,11,39
102,0.9699980020523071,11,39
103,0.9699980020523071,11,39
104,0.9699980020523071,11,39
105,0.9699980020523071,11,39
106,0.9699980020523071,11,39
107,0.9699980020523071,11,39
108,0.9699980020523071,11,39
109,0.9699980020523071,11,39
110,0.9699980020523071,11,39
111,0.9699980020523071,11,39
112,0.9699980020523071,11,39
113,0.9699980020523071,11,39
114,0.9699980020523071,11,39
115,0.9699980020523071,11,39
116,0.9699980020523071,11,39
117,0.9699980020523071,11,39
118,0.9699980020523071,11,39
119,0.9699980020523071,11,39
120,0.9699980020523071,11,39
121,0.9699980020523071,11,39
122,0.9699980020523071,11,39
123,0.9699980020523071,11,39
124,0.9699980020523071,11,39
125,0.9699980020523071,11,39
126,0.9699980020523071,11,39
127,0.9699980020523071,11,39
128,0.9699980020523071,11,39
129,0.9699980020523071,11,39
130,0.9699980020523071,11,39
131,0.9699980020523071,11,39
132,0.9735585879534483,11,39
133,0.9735585879534483,11,39
134,0.9735585879534483,11,39
135,0.9735585879534483,11,39
136,0.9735585879534483,11,39
137,0.9735585879534483,11,39
138,0.9735585879534483,11,39
139,0.9735585879534483,11,39
140,0.9735585879534483,11,39
141,0.9735585879534483,11,39
142,0.9735585879534483,11,39
143,0.9735585879534483,11,39
144,0.9735585879534483,11,39
145,0.9735585879534483,11,39
146,0.9735585879534483,11,39
147,0.9735585879534483,11,39
148,0.9735585879534483,11,39
149,0.9735585879534483,11,39
150,0.9735585879534483,11,39
151,0.9735585879534483,11,39
152,0.9735585879534483,11,39
153,0.9735585879534483,11,39
154,0.9735585879534483,11,39
155,0.9735585879534483,11,39
156,0.9735585879534483,11,39
157,0.9735585879534483,11,39
158,0.9735585879534483,11,39
159,0.9735585879534483,11,39
160,0.9735585879534483,11,39
161,0.9735585879534483,11,39
162,0.9735585879534483,11,39
163,0.9735528994351625,10,39
164,0.9735528994351625,10,39
165,0.9735528994351625,10,39
166,0.9735528994351625,10,39
167,0.9735528994351625,10,39
168,0.9735528994351625,10,39
169,0.9735528994351625,10,39
170,0.9735528994351625,10,39
171,0.9735528994351625,10,39
172,0.9735528994351625,10,39
173,0.9735528994351625,10,39
174,0.9735528994351625,10,39
175,0.9735528994351625,10,39
176,0.9735528994351625,10,39
177,0.9735528994351625,10,39
178,0.9735528994351625,10,39
179,0.9735528994351625,10,39
180,0.9735528994351625,10,39
181,0.9735528994351625,10,39
182,0.9735528994351625,10,39
183,0.9735528994351625,10,39
184,0.9735528994351625,10,39
185,0.9735528994351625,10,39
186,0.9735528994351625,10,39
187,0.9735528994351625,10,39
188,0.9735528994351625,10,39
189,0.9735528994351625,10,39
190,0.9735528994351625,10,39
191,0.9735528994351625,10,39
192,0.9735528994351625,10,39
193,0.9735528994351625,10,39
194,0.9735528994351625,10,39
195,0.9735528994351625,10,39
196,0.9735528994351625,10,39
197,0.9735528994351625,10,39
198,0.9735528994351625,10,39
199,0.9735528994351625,10,39
200,0.9735528994351625,10,39
1,1.3828277587890625e-05,1,40
2,1.3828277587890625e-05,1,40
3,1.3828277587890625e-05,1,40
4,1.3828277587890625e-05,1,40
5,1.3828277587890625e-05,1,40
6,1.3828277587890625e-05,1,40
7,1.3828277587890625e-05,1,40
8,1.3828277587890625e-05,1,40
9,1.3828277587890625e-05,1,40
10,1.3828277587890625e-05,1,40
11,1.3828277587890625e-05,1,40
12,1.3828277587890625e-05,1,40
13,1.3828277587890625e-05,1,40
14,1.3828277587890625e-05,1,40
15,1.3828277587890625e-05,1,40
16,1.3828277587890625e-05,1,40
17,1.3828277587890625e-05,1,40
18,1.3828277587890625e-05,1,40
19,1.3828277587890625e-05,1,40
20,1.3828277587890625e-05,1,40
21,1.3828277587890625e-05,1,40
22,1.3828277587890625e-05,1,40
23,1.3828277587890625e-05,1,40
24,1.3828277587890625e-05,1,40
25,1.3828277587890625e-05,1,40
26,1.3828277587890625e-05,1,40
27,1.3828277587890625e-05,1,40
28,1.3828277587890625e-05,1,40
29,1.3828277587890625e-05,1,40
30,1.3828277587890625e-05,1,40
31,1.3828277587890625e-05,1,40
32,1.3828277587890625e-05,1,40
33,1.3828277587890625e-05,1,40
34,1.3828277587890625e-05,1,40
35,1.3828277587890625e-05,1,40
36,1.3828277587890625e-05,1,40
37,1.3828277587890625e-05,1,40
38,1.3828277587890625e-05,1,40
39,1.3828277587890625e-05,1,40
40,1.3828277587890625e-05,1,40
41,1.3828277587890625e-05,1,40
42,1.3828277587890625e-05,1,40
43,1.3828277587890625e-05,1,40
44,1.3828277587890625e-05,1,40
45,1.3828277587890625e-05,1,40
46,1.3828277587890625e-05,1,40
47,1.3828277587890625e-05,1,40
48,1.3828277587890625e-05,1,40
49,1.3828277587890625e-05,1,40
50,1.3828277587890625e-05,1,40
51,1.3828277587890625e-05,1,40
52,1.3828277587890625e-05,1,40
53,1.3828277587890625e-05,1,40
54,1.3828277587890625e-05,1,40
55,1.3828277587890625e-05,1,40
56,1.3828277587890625e-05,1,40
57,1.3828277587890625e-05,1,40
58,1.3828277587890625e-05,1,40
59,1.3828277587890625e-05,1,40
60,1.3828277587890625e-05,1,40
61,1.3828277587890625e-05,1,40
62,1.3828277587890625e-05,1,40
63,1.3828277587890625e-05,1,40
64,1.3828277587890625e-05,1,40
65,1.3828277587890625e-05,1,40
66,1.3828277587890625e-05,1,40
67,1.3828277587890625e-05,1,40
68,1.3828277587890625e-05,1,40
69,1.3828277587890625e-05,1,40
70,1.3828277587890625e-05,1,40
71,1.3828277587890625e-05,1,40
72,1.3828277587890625e-05,1,40
73,1.3828277587890625e-05,1,40
74,1.3828277587890625e-05,1,40
75,1.3828277587890625e-05,1,40
76,1.3828277587890625e-05,1,40
77,1.3828277587890625e-05,1,40
78,1.3828277587890625e-05,1,40
79,1.3828277587890625e-05,1,40
80,1.3828277587890625e-05,1,40
81,1.3828277587890625e-05,1,40
82,1.3828277587890625e-05,1,40
83,1.3828277587890625e-05,1,40
84,1.3828277587890625e-05,1,40
85,1.3828277587890625e-05,1,40
86,1.3828277587890625e-05,1,40
87,1.3828277587890625e-05,1,40
88,1.3828277587890625e-05,1,40
89,1.3828277587890625e-05,1,40
90,1.3828277587890625e-05,1,40
91,1.3828277587890625e-05,1,40
92,1.3828277587890625e-05,1,40
93,1.3828277587890625e-05,1,40
94,1.3828277587890625e-05,1,40
95,1.3828277587890625e-05,1,40
96,1.3828277587890625e-05,1,40
97,1.3828277587890625e-05,1,40
98,1.3828277587890625e-05,1,40
99,1.3828277587890625e-05,1,40
100,1.3828277587890625e-05,1,40
101,1.3828277587890625e-05,1,40
102,1.3828277587890625e-05,1,40
103,1.3828277587890625e-05,1,40
104,1.3828277587890625e-05,1,40
105,1.3828277587890625e-05,1,40
106,1.3828277587890625e-05,1,40
107,1.3828277587890625e-05,1,40
108,1.3828277587890625e-05,1,40
109,1.3828277587890625e-05,1,40
110,1.3828277587890625e-05,1,40
111,1.3828277587890625e-05,1,40
112,1.3828277587890625e-05,1,40
113,1.3828277587890625e-05,1,40
114,1.3828277587890625e-05,1,40
115,1.3828277587890625e-05,1,40
116,1.3828277587890625e-05,1,40
117,1.3828277587890625e-05,1,40
118,1.3828277587890625e-05,1,40
119,1.3828277587890625e-05,1,40
120,1.3828277587890625e-05,1,40
121,1.3828277587890625e-05,1,40
122,1.3828277587890625e-05,1,40
123,1.3828277587890625e-05,1,40
124,1.3828277587890625e-05,1,40
125,1.3828277587890625e-05,1,40
126,1.3828277587890625e-05,1,40
127,1.3828277587890625e-05,1,40
128,1.3828277587890625e-05,1,40
129,1.3828277587890625e-05,1,40
130,1.3828277587890625e-05,1,40
131,1.3828277587890625e-05,1,40
132,1.3828277587890625e-05,1,40
133,1.3828277587890625e-05,1,40
134,1.3828277587890625e-05,1,40
135,1.3828277587890625e-05,1,40
136,1.3828277587890625e-05,1,40
137,1.3828277587890625e-05,1,40
138,1.3828277587890625e-05,1,40
139,1.3828277587890625e-05,1,40
140,1.3828277587890625e-05,1,40
141,1.3828277587890625e-05,1,40
142,1.3828277587890625e-05,1,40
143,1.3828277587890625e-05,1,40
144,1.3828277587890625e-05,1,40
145,1.3828277587890625e-05,1,40
146,1.3828277587890625e-05,1,40
147,1.3828277587890625e-05,1,40
148,1.3828277587890625e-05,1,40
149,1.3828277587890625e-05,1,40
150,1.3828277587890625e-05,1,40
151,1.3828277587890625e-05,1,40
152,1.3828277587890625e-05,1,40
153,1.3828277587890625e-05,1,40
154,1.3828277587890625e-05,1,40
155,1.3828277587890625e-05,1,40
156,1.3828277587890625e-05,1,40
157,1.3828277587890625e-05,1,40
158,1.3828277587890625e-05,1,40
159,1.3828277587890625e-05,1,40
160,1.3828277587890625e-05,1,40
161,1.3828277587890625e-05,1,40
162,1.3828277587890625e-05,1,40
163,1.3828277587890625e-05,1,40
164,1.3828277587890625e-05,1,40
165,1.3828277587890625e-05,1,40
166,1.3828277587890625e-05,1,40
167,1.3828277587890625e-05,1,40
168,1.3828277587890625e-05,1,40
169,1.3828277587890625e-05,1,40
170,1.3828277587890625e-05,1,40
171,1.3828277587890625e-05,1,40
172,1.3828277587890625e-05,1,40
173,1.3828277587890625e-05,1,40
174,1.3828277587890625e-05,1,40
175,1.3828277587890625e-05,1,40
176,1.3828277587890625e-05,1,40
177,1.3828277587890625e-05,1,40
178,1.3828277587890625e-05,1,40
179,1.3828277587890625e-05,1,40
180,1.3828277587890625e-05,1,40
181,1.3828277587890625e-05,1,40
182,1.3828277587890625e-05,1,40
183,1.3828277587890625e-05,1,40
184,1.3828277587890625e-05,1,40
185,1.3828277587890625e-05,1,40
186,1.3828277587890625e-05,1,40
187,1.3828277587890625e-05,1,40
188,1.3828277587890625e-05,1,40
189,1.3828277587890625e-05,1,40
190,1.3828277587890625e-05,1,40
191,1.3828277587890625e-05,1,40
192,1.3828277587890625e-05,1,40
193,1.3828277587890625e-05,1,40
194,1.3828277587890625e-05,1,40
195,1.3828277587890625e-05,1,40
196,1.3828277587890625e-05,1,40
197,1.3828277587890625e-05,1,40
198,1.3828277587890625e-05,1,40
199,1.3828277587890625e-05,1,40
200,1.3828277587890625e-05,1,40
1,0.3303947448730469,15,41
2,0.3303947448730469,15,41
3,0.4366604685783386,15,41
4,0.5009546279907227,15,41
5,0.4932188391685486,12,41
6,0.4932188391685486,12,41
7,0.5459441244602203,9,41
8,0.5921772420406342,15,41
9,0.5960502624511719,15,41
10,0.6519094109535217,15,41
11,0.9223334789276123,15,41
12,0.9223334789276123,15,41
13,0.9223334789276123,15,41
14,0.9223334789276123,15,41
15,0.9223334789276123,15,41
16,0.9479338191449642,15,41
17,0.9171705096960068,13,41
18,0.9171705096960068,13,41
19,0.9171705096960068,13,41
20,0.9587297290563583,12,41
21,0.9587297290563583,12,41
22,0.9587297290563583,12,41
23,0.9587297290563583,12,41
24,0.9587297290563583,12,41
25,0.9587297290563583,12,41
26,0.9587297290563583,12,41
27,0.9587297290563583,12,41
28,0.9587297290563583,12,41
29,0.9587297290563583,12,41
30,0.9587297290563583,12,41
31,0.9587297290563583,12,41
32,0.9587297290563583,12,41
33,0.9587297290563583,12,41
34,0.9587297290563583,12,41
35,0.9587297290563583,12,41
36,0.9587297290563583,12,41
37,0.9587297290563583,12,41
38,0.9922863584943116,14,41
39,0.9922863584943116,14,41
40,0.9922863584943116,14,41
41,0.9634961374104023,15,41
42,0.9634961374104023,15,41
43,0.9634961374104023,15,41
44,0.9634961374104023,15,41
45,0.9634961374104023,15,41
46,0.9634961374104023,15,41
47,0.9634961374104023,15,41
48,0.9634961374104023,15,41
49,0.9634961374104023,15,41
50,0.9634961374104023,15,41
51,0.9634961374104023,15,41
52,0.9634961374104023,15,41
53,0.9634961374104023,15,41
54,0.9634961374104023,15,41
55,0.9634961374104023,15,41
56,0.9634961374104023,15,41
57,0.9634961374104023,15,41
58,0.9634961374104023,15,41
59,0.9634961374104023,15,41
60,0.9634961374104023,15,41
61,0.9901024177670479,14,41
62,0.9901024177670479,14,41
63,0.9901024177670479,14,41
64,0.9901024177670479,14,41
65,0.9901024177670479,14,41
66,0.9901024177670479,14,41
67,0.9901024177670479,14,41
68,0.9901024177670479,14,41
69,0.9901024177670479,14,41
70,0.9901024177670479,14,41
71,0.9901024177670479,14,41
72,0.9601719006896019,14,41
73,0.9601719006896019,14,41
74,0.9601719006896019,14,41
75,0.9601719006896019,14,41
76,0.9601719006896019,14,41
77,0.9863696089014411,15,41
78,0.9863696089014411,15,41
79,0.9863696089014411,15,41
80,0.9863696089014411,15,41
81,0.9863696089014411,15,41
82,0.9863696089014411,15,41
83,0.9863696089014411,15,41
84,0.9863696089014411,15,41
85,0.9863696089014411,15,41
86,0.9863696089014411,15,41
87,0.9863696089014411,15,41
88,0.9863696089014411,15,41
89,0.9583652168512344,13,41
90,0.9567417651414871,12,41
91,0.9567417651414871,12,41
92,0.9567417651414871,12,41
93,0.9567417651414871,12,41
94,0.9606164954602718,13,41
95,0.9606164954602718,13,41
96,0.9606164954602718,13,41
97,0.9606164954602718,13,41
98,0.9606164954602718,13,41
99,0.9606164954602718,13,41
100,0.9606164954602718,13,41
101,0.9606164954602718,13,41
102,0.9606164954602718,13,41
103,0.9606164954602718,13,41
104,0.9606164954602718,13,41
105,0.9606164954602718,13,41
106,0.9606164954602718,13,41
107,0.9606164954602718,13,41
108,0.9606164954602718,13,41
109,0.9606164954602718,13,41
110,0.9606164954602718,13,41
111,0.9606164954602718,13,41
112,0.9606164954602718,13,41
113,0.9606164954602718,13,41
114,0.9606164954602718,13,41
115,0.9606164954602718,13,41
116,0.9606164954602718,13,41
117,0.9606164954602718,13,41
118,0.9590094275772572,12,41
119,0.9590094275772572,12,41
120,0.9590094275772572,12,41
121,0.9590094275772572,12,41
122,0.9590094275772572,12,41
123,0.9590094275772572,12,41
124,0.9744991604238749,15,41
125,0.9744991604238749,15,41
126,0.9744991604238749,15,41
127,0.9744991604238749,15,41
128,0.9744991604238749,15,41
129,0.9744991604238749,15,41
130,0.9744991604238749,15,41
131,0.9744991604238749,15,41
132,0.9744991604238749,15,41
133,0.9744991604238749,15,41
134,0.9744991604238749,15,41
135,0.9744991604238749,15,41
136,0.9744991604238749,15,41
137,0.9744991604238749,15,41
138,0.9744991604238749,15,41
139,0.9744991604238749,15,41
140,0.9744991604238749,15,41
141,0.9744991604238749,15,41
142,0.9744991604238749,15,41
143,0.9744991604238749,15,41
144,0.9744991604238749,15,41
145,0.9744991604238749,15,41
146,0.9744991604238749,15,41
147,0.9744991604238749,15,41
148,0.9744897987693548,15,41
149,0.9744897987693548,15,41
150,0.9744897987693548,15,41
151,0.9744897987693548,15,41
152,0.9744897987693548,15,41
153,0.9744897987693548,15,41
154,0.9744897987693548,15,41
155,0.9744897987693548,15,41
156,0.9744897987693548,15,41
157,0.9744897987693548,15,41
158,0.9744897987693548,15,41
159,0.9744897987693548,15,41
160,0.9744897987693548,15,41
161,0.9744897987693548,15,41
162,0.9750071745365858,14,41
163,0.9750071745365858,14,41
164,0.9750071745365858,14,41
165,0.9750071745365858,14,41
166,0.9750071745365858,14,41
167,0.9750071745365858,14,41
168,0.9750071745365858,14,41
169,0.9750071745365858,14,41
170,0.9750071745365858,14,41
171,0.9750071745365858,14,41
172,0.9750071745365858,14,41
173,0.9750071745365858,14,41
174,0.9750071745365858,14,41
175,0.9750071745365858,14,41
176,0.9750071745365858,14,41
177,0.9642539657652378,11,41
178,0.9642539657652378,11,41
179,0.9642539657652378,11,41
180,0.9642539657652378,11,41
181,0.9642539657652378,11,41
182,0.9642539657652378,11,41
183,0.9642539657652378,11,41
184,0.9642539657652378,11,41
185,0.9642539657652378,11,41
186,0.9642539657652378,11,41
187,0.9642539657652378,11,41
188,0.9642539657652378,11,41
189,0.9642539657652378,11,41
190,0.9642539657652378,11,41
191,0.9642539657652378,11,41
192,0.9642539657652378,11,41
193,0.9642539657652378,11,41
194,0.9642539657652378,11,41
195,0.9642539657652378,11,41
196,0.9642539657652378,11,41
197,0.9642539657652378,11,41
198,0.9642539657652378,11,41
199,0.9642539657652378,11,41
200,0.9642539657652378,11,41
1,0.0015354156494140625,1,42
2,0.0015431642532348633,1,42
3,0.0015431642532348633,1,42
4,0.0015453100204467773,1,42
5,0.0015435218811035156,1,42
6,0.0015451908111572266,1,42
7,0.0015451908111572266,1,42
8,0.0015451908111572266,1,42
9,0.0015451908111572266,1,42
10,0.0015453100204467773,1,42
11,0.001544952392578125,1,42
12,0.001544952392578125,1,42
13,0.001544952392578125,1,42
14,0.001544952392578125,1,42
15,0.001544952392578125,1,42
16,0.001544952392578125,1,42
17,0.001544952392578125,1,42
18,0.001544952392578125,1,42
19,0.001544952392578125,1,42
20,0.001544952392578125,1,42
21,0.001544952392578125,1,42
22,0.001544952392578125,1,42
23,0.001544952392578125,1,42
24,0.001544952392578125,1,42
25,0.001544952392578125,1,42
26,0.001544952392578125,1,42
27,0.001544952392578125,1,42
28,0.001544952392578125,1,42
29,0.001544952392578125,1,42
30,0.001544952392578125,1,42
31,0.001544952392578125,1,42
32,0.001544952392578125,1,42
33,0.001544952392578125,1,42
34,0.001544952392578125,1,42
35,0.001544952392578125,1,42
36,0.001544952392578125,1,42
37,0.001544952392578125,1,42
38,0.001544952392578125,1,42
39,0.001544952392578125,1,42
40,0.001544952392578125,1,42
41,0.001544952392578125,1,42
42,0.001544952392578125,1,42
43,0.001544952392578125,1,42
44,0.001544952392578125,1,42
45,0.001544952392578125,1,42
46,0.001544952392578125,1,42
47,0.001544952392578125,1,42
48,0.001544952392578125,1,42
49,0.001544952392578125,1,42
50,0.001544952392578125,1,42
51,0.001544952392578125,1,42
52,0.001544952392578125,1,42
53,0.001544952392578125,1,42
54,0.001544952392578125,1,42
55,0.001544952392578125,1,42
56,0.001544952392578125,1,42
57,0.001544952392578125,1,42
58,0.001544952392578125,1,42
59,0.001544952392578125,1,42
60,0.001544952392578125,1,42
61,0.001544952392578125,1,42
62,0.001544952392578125,1,42
63,0.001544952392578125,1,42
64,0.001544952392578125,1,42
65,0.001544952392578125,1,42
66,0.001544952392578125,1,42
67,0.001544952392578125,1,42
68,0.001544952392578125,1,42
69,0.001544952392578125,1,42
70,0.001544952392578125,1,42
71,0.001544952392578125,1,42
72,0.001544952392578125,1,42
73,0.001544952392578125,1,42
74,0.001544952392578125,1,42
75,0.001544952392578125,1,42
76,0.001544952392578125,1,42
77,0.001544952392578125,1,42
78,0.001544952392578125,1,42
79,0.001544952392578125,1,42
80,0.001544952392578125,1,42
81,0.001544952392578125,1,42
82,0.001544952392578125,1,42
83,0.001544952392578125,1,42
84,0.001544952392578125,1,42
85,0.001544952392578125,1,42
86,0.001544952392578125,1,42
87,0.001544952392578125,1,42
88,0.001544952392578125,1,42
89,0.001544952392578125,1,42
90,0.001544952392578125,1,42
91,0.001544952392578125,1,42
92,0.001544952392578125,1,42
93,0.001544952392578125,1,42
94,0.001544952392578125,1,42
95,0.001544952392578125,1,42
96,0.001544952392578125,1,42
97,0.001544952392578125,1,42
98,0.001544952392578125,1,42
99,0.001544952392578125,1,42
100,0.001544952392578125,1,42
101,0.001544952392578125,1,42
102,0.001544952392578125,1,42
103,0.001544952392578125,1,42
104,0.001544952392578125,1,42
105,0.001544952392578125,1,42
106,0.001544952392578125,1,42
107,0.001544952392578125,1,42
108,0.001544952392578125,1,42
109,0.001544952392578125,1,42
110,0.001544952392578125,1,42
111,0.001544952392578125,1,42
112,0.001544952392578125,1,42
113,0.001544952392578125,1,42
114,0.001544952392578125,1,42
115,0.001544952392578125,1,42
116,0.001544952392578125,1,42
117,0.001544952392578125,1,42
118,0.001544952392578125,1,42
119,0.001544952392578125,1,42
120,0.001544952392578125,1,42
121,0.001544952392578125,1,42
122,0.001544952392578125,1,42
123,0.001544952392578125,1,42
124,0.001544952392578125,1,42
125,0.001544952392578125,1,42
126,0.001544952392578125,1,42
127,0.001544952392578125,1,42
128,0.001544952392578125,1,42
129,0.001544952392578125,1,42
130,0.001544952392578125,1,42
131,0.001544952392578125,1,42
132,0.001544952392578125,1,42
133,0.001544952392578125,1,42
134,0.001544952392578125,1,42
135,0.001544952392578125,1,42
136,0.001544952392578125,1,42
137,0.001544952392578125,1,42
138,0.001544952392578125,1,42
139,0.001544952392578125,1,42
140,0.001544952392578125,1,42
141,0.001544952392578125,1,42
142,0.001544952392578125,1,42
143,0.001544952392578125,1,42
144,0.001544952392578125,1,42
145,0.001544952392578125,1,42
146,0.001544952392578125,1,42
147,0.001544952392578125,1,42
148,0.001544952392578125,1,42
149,0.001544952392578125,1,42
150,0.001544952392578125,1,42
151,0.001544952392578125,1,42
152,0.001544952392578125,1,42
153,0.001544952392578125,1,42
154,0.001544952392578125,1,42
155,0.001544952392578125,1,42
156,0.001544952392578125,1,42
157,0.001544952392578125,1,42
158,0.001544952392578125,1,42
159,0.001544952392578125,1,42
160,0.001544952392578125,1,42
161,0.001544952392578125,1,42
162,0.001544952392578125,1,42
163,0.001544952392578125,1,42
164,0.001544952392578125,1,42
165,0.001544952392578125,1,42
166,0.001544952392578125,1,42
167,0.001544952392578125,1,42
168,0.001544952392578125,1,42
169,0.001544952392578125,1,42
170,0.001544952392578125,1,42
171,0.001544952392578125,1,42
172,0.001544952392578125,1,42
173,0.001544952392578125,1,42
174,0.001544952392578125,1,42
175,0.001544952392578125,1,42
176,0.001544952392578125,1,42
177,0.001544952392578125,1,42
178,0.001544952392578125,1,42
179,0.001544952392578125,1,42
180,0.001544952392578125,1,42
181,0.001544952392578125,1,42
182,0.001544952392578125,1,42
183,0.001544952392578125,1,42
184,0.001544952392578125,1,42
185,0.001544952392578125,1,42
186,0.001544952392578125,1,42
187,0.001544952392578125,1,42
188,0.001544952392578125,1,42
189,0.001544952392578125,1,42
190,0.001544952392578125,1,42
191,0.001544952392578125,1,42
192,0.001544952392578125,1,42
193,0.001544952392578125,1,42
194,0.001544952392578125,1,42
195,0.001544952392578125,1,42
196,0.001544952392578125,1,42
197,0.001544952392578125,1,42
198,0.001544952392578125,1,42
199,0.001544952392578125,1,42
200,0.001544952392578125,1,42
1,0.0,1,43
2,0.0,1,43
3,0.0,1,43
4,0.0,1,43
5,0.0,1,43
6,0.0,1,43
7,0.0,1,43
8,0.0,1,43
9,0.0,1,43
10,0.0,1,43
11,0.0,1,43
12,0.0,1,43
13,0.0,1,43
14,0.0,1,43
15,0.0,1,43
16,0.0,1,43
17,0.0,1,43
18,0.0,1,43
19,0.0,1,43
20,0.0,1,43
21,0.0,1,43
22,0.0,1,43
23,0.0,1,43
24,0.0,1,43
25,0.0,1,43
26,0.0,1,43
27,0.0,1,43
28,0.0,1,43
29,0.0,1,43
30,0.0,1,43
31,0.0,1,43
32,0.0,1,43
33,0.0,1,43
34,0.0,1,43
35,0.0,1,43
36,0.0,1,43
37,0.0,1,43
38,0.0,1,43
39,0.0,1,43
40,0.0,1,43
41,0.0,1,43
42,0.0,1,43
43,0.0,1,43
44,0.0,1,43
45,0.0,1,43
46,0.0,1,43
47,0.0,1,43
48,0.0,1,43
49,0.0,1,43
50,0.0,1,43
51,0.0,1,43
52,0.0,1,43
53,0.0,1,43
54,0.0,1,43
55,0.0,1,43
56,0.0,1,43
57,0.0,1,43
58,0.0,1,43
59,0.0,1,43
60,0.0,1,43
61,0.0,1,43
62,0.0,1,43
63,0.0,1,43
64,0.0,1,43
65,0.0,1,43
66,0.0,1,43
67,0.0,1,43
68,0.0,1,43
69,0.0,1,43
70,0.0,1,43
71,0.0,1,43
72,0.0,1,43
73,0.0,1,43
74,0.0,1,43
75,0.0,1,43
76,0.0,1,43
77,0.0,1,43
78,0.0,1,43
79,0.0,1,43
80,0.0,1,43
81,0.0,1,43
82,0.0,1,43
83,0.0,1,43
84,0.0,1,43
85,0.0,1,43
86,0.0,1,43
87,0.0,1,43
88,0.0,1,43
89,0.0,1,43
90,0.0,1,43
91,0.0,1,43
92,0.0,1,43
93,0.0,1,43
94,0.0,1,43
95,0.0,1,43
96,0.0,1,43
97,0.0,1,43
98,0.0,1,43
99,0.0,1,43
100,0.0,1,43
101,0.0,1,43
102,0.0,1,43
103,0.0,1,43
104,0.0,1,43
105,0.0,1,43
106,0.0,1,43
107,0.0,1,43
108,0.0,1,43
109,0.0,1,43
110,0.0,1,43
111,0.0,1,43
112,0.0,1,43
113,0.0,1,43
114,0.0,1,43
115,0.0,1,43
116,0.0,1,43
117,0.0,1,43
118,0.0,1,43
119,0.0,1,43
120,0.0,1,43
121,0.0,1,43
122,0.0,1,43
123,0.0,1,43
124,0.0,1,43
125,0.0,1,43
126,0.0,1,43
127,0.0,1,43
128,0.0,1,43
129,0.0,1,43
130,0.0,1,43
131,0.0,1,43
132,0.0,1,43
133,0.0,1,43
134,0.0,1,43
135,0.0,1,43
136,0.0,1,43
137,0.0,1,43
138,0.0,1,43
139,0.0,1,43
140,0.0,1,43
141,0.0,1,43
142,0.0,1,43
143,0.0,1,43
144,0.0,1,43
145,0.0,1,43
146,0.0,1,43
147,0.0,1,43
148,0.0,1,43
149,0.0,1,43
150,0.0,1,43
151,0.0,1,43
152,0.0,1,43
153,0.0,1,43
154,0.0,1,43
155,0.0,1,43
156,0.0,1,43
157,0.0,1,43
158,0.0,1,43
159,0.0,1,43
160,0.0,1,43
161,0.0,1,43
162,0.0,1,43
163,0.0,1,43
164,0.0,1,43
165,0.0,1,43
166,0.0,1,43
167,0.0,1,43
168,0.0,1,43
169,0.0,1,43
170,0.0,1,43
171,0.0,1,43
172,0.0,1,43
173,0.0,1,43
174,0.0,1,43
175,0.0,1,43
176,0.0,1,43
177,0.0,1,43
178,0.0,1,43
179,0.0,1,43
180,0.0,1,43
181,0.0,1,43
182,0.0,1,43
183,0.0,1,43
184,0.0,1,43
185,0.0,1,43
186,0.0,1,43
187,0.0,1,43
188,0.0,1,43
189,0.0,1,43
190,0.0,1,43
191,0.0,1,43
192,0.0,1,43
193,0.0,1,43
194,0.0,1,43
195,0.0,1,43
196,0.0,1,43
197,0.0,1,43
198,0.0,1,43
199,0.0,1,43
200,0.0,1,43
1,0.003444075584411621,1,44
2,0.003444075584411621,1,44
3,0.003444075584411621,1,44
4,0.003431081771850586,1,44
5,0.003431081771850586,1,44
6,0.003431081771850586,1,44
7,0.003431081771850586,1,44
8,0.0034308433532714844,1,44
9,0.003429889678955078,1,44
10,0.003430962562561035,1,44
11,0.003430962562561035,1,44
12,0.003430962562561035,1,44
13,0.003430962562561035,1,44
14,0.003431081771850586,1,44
15,0.003431081771850586,1,44
16,0.003431081771850586,1,44
17,0.003431081771850586,1,44
18,0.003431081771850586,1,44
19,0.003431081771850586,1,44
20,0.003431081771850586,1,44
21,0.003431081771850586,1,44
22,0.003431081771850586,1,44
23,0.003431081771850586,1,44
24,0.003431081771850586,1,44
25,0.003431081771850586,1,44
26,0.003431081771850586,1,44
27,0.003431081771850586,1,44
28,0.003431081771850586,1,44
29,0.003431081771850586,1,44
30,0.003431081771850586,1,44
31,0.003431081771850586,1,44
32,0.003431081771850586,1,44
33,0.003431081771850586,1,44
34,0.003431081771850586,1,44
35,0.003431081771850586,1,44
36,0.003431081771850586,1,44
37,0.003431081771850586,1,44
38,0.003431081771850586,1,44
39,0.003431081771850586,1,44
40,0.003431081771850586,1,44
41,0.003431081771850586,1,44
42,0.003431081771850586,1,44
43,0.003431081771850586,1,44
44,0.003431081771850586,1,44
45,0.003431081771850586,1,44
46,0.003431081771850586,1,44
47,0.003431081771850586,1,44
48,0.003431081771850586,1,44
49,0.003431081771850586,1,44
50,0.003431081771850586,1,44
51,0.003431081771850586,1,44
52,0.003431081771850586,1,44
53,0.003431081771850586,1,44
54,0.003431081771850586,1,44
55,0.003431081771850586,1,44
56,0.003431081771850586,1,44
57,0.003431081771850586,1,44
58,0.003431081771850586,1,44
59,0.003431081771850586,1,44
60,0.003431081771850586,1,44
61,0.003431081771850586,1,44
62,0.003431081771850586,1,44
63,0.003431081771850586,1,44
64,0.003431081771850586,1,44
65,0.003431081771850586,1,44
66,0.003431081771850586,1,44
67,0.003431081771850586,1,44
68,0.003431081771850586,1,44
69,0.003431081771850586,1,44
70,0.003431081771850586,1,44
71,0.003431081771850586,1,44
72,0.003431081771850586,1,44
73,0.003431081771850586,1,44
74,0.003431081771850586,1,44
75,0.003431081771850586,1,44
76,0.003431081771850586,1,44
77,0.003431081771850586,1,44
78,0.003431081771850586,1,44
79,0.003431081771850586,1,44
80,0.003431081771850586,1,44
81,0.003431081771850586,1,44
82,0.003431081771850586,1,44
83,0.003431081771850586,1,44
84,0.003431081771850586,1,44
85,0.003431081771850586,1,44
86,0.003431081771850586,1,44
87,0.003431081771850586,1,44
88,0.003431081771850586,1,44
89,0.003431081771850586,1,44
90,0.003431081771850586,1,44
91,0.003431081771850586,1,44
92,0.003431081771850586,1,44
93,0.003431081771850586,1,44
94,0.003431081771850586,1,44
95,0.003431081771850586,1,44
96,0.003431081771850586,1,44
97,0.003431081771850586,1,44
98,0.003431081771850586,1,44
99,0.003431081771850586,1,44
100,0.003431081771850586,1,44
101,0.003431081771850586,1,44
102,0.003431081771850586,1,44
103,0.003431081771850586,1,44
104,0.003431081771850586,1,44
105,0.003431081771850586,1,44
106,0.003431081771850586,1,44
107,0.003431081771850586,1,44
108,0.003431081771850586,1,44
109,0.003431081771850586,1,44
110,0.003431081771850586,1,44
111,0.003431081771850586,1,44
112,0.003431081771850586,1,44
113,0.003431081771850586,1,44
114,0.003431081771850586,1,44
115,0.003431081771850586,1,44
116,0.003431081771850586,1,44
117,0.003431081771850586,1,44
118,0.003431081771850586,1,44
119,0.003431081771850586,1,44
120,0.003431081771850586,1,44
121,0.003431081771850586,1,44
122,0.003431081771850586,1,44
123,0.003431081771850586,1,44
124,0.003431081771850586,1,44
125,0.003431081771850586,1,44
126,0.003431081771850586,1,44
127,0.003431081771850586,1,44
128,0.003431081771850586,1,44
129,0.003431081771850586,1,44
130,0.003431081771850586,1,44
131,0.003431081771850586,1,44
132,0.003431081771850586,1,44
133,0.003431081771850586,1,44
134,0.003431081771850586,1,44
135,0.003431081771850586,1,44
136,0.003431081771850586,1,44
137,0.003431081771850586,1,44
138,0.003431081771850586,1,44
139,0.003431081771850586,1,44
140,0.003431081771850586,1,44
141,0.003431081771850586,1,44
142,0.003431081771850586,1,44
143,0.003431081771850586,1,44
144,0.003431081771850586,1,44
145,0.003431081771850586,1,44
146,0.003431081771850586,1,44
147,0.003431081771850586,1,44
148,0.003431081771850586,1,44
149,0.003431081771850586,1,44
150,0.003431081771850586,1,44
151,0.003431081771850586,1,44
152,0.003431081771850586,1,44
153,0.003431081771850586,1,44
154,0.003431081771850586,1,44
155,0.003431081771850586,1,44
156,0.003431081771850586,1,44
157,0.003431081771850586,1,44
158,0.003431081771850586,1,44
159,0.003431081771850586,1,44
160,0.003431081771850586,1,44
161,0.003431081771850586,1,44
162,0.003431081771850586,1,44
163,0.003431081771850586,1,44
164,0.003431081771850586,1,44
165,0.003431081771850586,1,44
166,0.003431081771850586,1,44
167,0.003431081771850586,1,44
168,0.003431081771850586,1,44
169,0.003431081771850586,1,44
170,0.003431081771850586,1,44
171,0.003431081771850586,1,44
172,0.003431081771850586,1,44
173,0.003431081771850586,1,44
174,0.003431081771850586,1,44
175,0.003431081771850586,1,44
176,0.003431081771850586,1,44
177,0.003431081771850586,1,44
178,0.003431081771850586,1,44
179,0.003431081771850586,1,44
180,0.003431081771850586,1,44
181,0.003431081771850586,1,44
182,0.003431081771850586,1,44
183,0.003431081771850586,1,44
184,0.003431081771850586,1,44
185,0.003431081771850586,1,44
186,0.003431081771850586,1,44
187,0.003431081771850586,1,44
188,0.003431081771850586,1,44
189,0.003431081771850586,1,44
190,0.003431081771850586,1,44
191,0.003431081771850586,1,44
192,0.003431081771850586,1,44
193,0.003431081771850586,1,44
194,0.003431081771850586,1,44
195,0.003431081771850586,1,44
196,0.003431081771850586,1,44
197,0.003431081771850586,1,44
198,0.003431081771850586,1,44
199,0.003431081771850586,1,44
200,0.003431081771850586,1,44
1,0.0,1,45
2,0.0,1,45
3,0.0,1,45
4,0.0,1,45
5,0.0,1,45
6,0.0,1,45
7,0.0,1,45
8,0.0,1,45
9,0.0,1,45
10,0.0,1,45
11,0.0,1,45
12,0.0,1,45
13,0.0,1,45
14,0.0,1,45
15,0.0,1,45
16,0.0,1,45
17,0.0,1,45
18,0.0,1,45
19,0.0,1,45
20,0.0,1,45
21,0.0,1,45
22,0.0,1,45
23,0.0,1,45
24,0.0,1,45
25,0.0,1,45
26,0.0,1,45
27,0.0,1,45
28,0.0,1,45
29,0.0,1,45
30,0.0,1,45
31,0.0,1,45
32,0.0,1,45
33,0.0,1,45
34,0.0,1,45
35,0.0,1,45
36,0.0,1,45
37,0.0,1,45
38,0.0,1,45
39,0.0,1,45
40,0.0,1,45
41,0.0,1,45
42,0.0,1,45
43,0.0,1,45
44,0.0,1,45
45,0.0,1,45
46,0.0,1,45
47,0.0,1,45
48,0.0,1,45
49,0.0,1,45
50,0.0,1,45
51,0.0,1,45
52,0.0,1,45
53,0.0,1,45
54,0.0,1,45
55,0.0,1,45
56,0.0,1,45
57,0.0,1,45
58,0.0,1,45
59,0.0,1,45
60,0.0,1,45
61,0.0,1,45
62,0.0,1,45
63,0.0,1,45
64,0.0,1,45
65,0.0,1,45
66,0.0,1,45
67,0.0,1,45
68,0.0,1,45
69,0.0,1,45
70,0.0,1,45
71,0.0,1,45
72,0.0,1,45
73,0.0,1,45
74,0.0,1,45
75,0.0,1,45
76,0.0,1,45
77,0.0,1,45
78,0.0,1,45
79,0.0,1,45
80,0.0,1,45
81,0.0,1,45
82,0.0,1,45
83,0.0,1,45
84,0.0,1,45
85,0.0,1,45
86,0.0,1,45
87,0.0,1,45
88,0.0,1,45
89,0.0,1,45
90,0.0,1,45
91,0.0,1,45
92,0.0,1,45
93,0.0,1,45
94,0.0,1,45
95,0.0,1,45
96,0.0,1,45
97,0.0,1,45
98,0.0,1,45
99,0.0,1,45
100,0.0,1,45
101,0.0,1,45
102,0.0,1,45
103,0.0,1,45
104,0.0,1,45
105,0.0,1,45
106,0.0,1,45
107,0.0,1,45
108,0.0,1,45
109,0.0,1,45
110,0.0,1,45
111,0.0,1,45
112,0.0,1,45
113,0.0,1,45
114,0.0,1,45
115,0.0,1,45
116,0.0,1,45
117,0.0,1,45
118,0.0,1,45
119,0.0,1,45
120,0.0,1,45
121,0.0,1,45
122,0.0,1,45
123,0.0,1,45
124,0.0,1,45
125,0.0,1,45
126,0.0,1,45
127,0.0,1,45
128,0.0,1,45
129,0.0,1,45
130,0.0,1,45
131,0.0,1,45
132,0.0,1,45
133,0.0,1,45
134,0.0,1,45
135,0.0,1,45
136,0.0,1,45
137,0.0,1,45
138,0.0,1,45
139,0.0,1,45
140,0.0,1,45
141,0.0,1,45
142,0.0,1,45
143,0.0,1,45
144,0.0,1,45
145,0.0,1,45
146,0.0,1,45
147,0.0,1,45
148,0.0,1,45
149,0.0,1,45
150,0.0,1,45
151,0.0,1,45
152,0.0,1,45
153,0.0,1,45
154,0.0,1,45
155,0.0,1,45
156,0.0,1,45
157,0.0,1,45
158,0.0,1,45
159,0.0,1,45
160,0.0,1,45
161,0.0,1,45
162,0.0,1,45
163,0.0,1,45
164,0.0,1,45
165,0.0,1,45
166,0.0,1,45
167,0.0,1,45
168,0.0,1,45
169,0.0,1,45
170,0.0,1,45
171,0.0,1,45
172,0.0,1,45
173,0.0,1,45
174,0.0,1,45
175,0.0,1,45
176,0.0,1,45
177,0.0,1,45
178,0.0,1,45
179,0.0,1,45
180,0.0,1,45
181,0.0,1,45
182,0.0,1,45
183,0.0,1,45
184,0.0,1,45
185,0.0,1,45
186,0.0,1,45
187,0.0,1,45
188,0.0,1,45
189,0.0,1,45
190,0.0,1,45
191,0.0,1,45
192,0.0,1,45
193,0.0,1,45
194,0.0,1,45
195,0.0,1,45
196,0.0,1,45
197,0.0,1,45
198,0.0,1,45
199,0.0,1,45
200,0.0,1,45
1,1.1920928955078125e-07,1,46
2,1.1920928955078125e-07,1,46
3,1.1920928955078125e-07,1,46
4,1.1920928955078125e-07,1,46
5,1.1920928955078125e-07,1,46
6,1.1920928955078125e-07,1,46
7,1.1920928955078125e-07,1,46
8,1.1920928955078125e-07,1,46
9,1.1920928955078125e-07,1,46
10,1.1920928955078125e-07,1,46
11,1.1920928955078125e-07,1,46
12,1.1920928955078125e-07,1,46
13,1.1920928955078125e-07,1,46
14,1.1920928955078125e-07,1,46
15,1.1920928955078125e-07,1,46
16,1.1920928955078125e-07,1,46
17,1.1920928955078125e-07,1,46
18,1.1920928955078125e-07,1,46
19,1.1920928955078125e-07,1,46
20,1.1920928955078125e-07,1,46
21,1.1920928955078125e-07,1,46
22,1.1920928955078125e-07,1,46
23,1.1920928955078125e-07,1,46
24,1.1920928955078125e-07,1,46
25,1.1920928955078125e-07,1,46
26,1.1920928955078125e-07,1,46
27,1.1920928955078125e-07,1,46
28,1.1920928955078125e-07,1,46
29,1.1920928955078125e-07,1,46
30,1.1920928955078125e-07,1,46
31,1.1920928955078125e-07,1,46
32,1.1920928955078125e-07,1,46
33,1.1920928955078125e-07,1,46
34,1.1920928955078125e-07,1,46
35,1.1920928955078125e-07,1,46
36,1.1920928955078125e-07,1,46
37,1.1920928955078125e-07,1,46
38,1.1920928955078125e-07,1,46
39,1.1920928955078125e-07,1,46
40,1.1920928955078125e-07,1,46
41,1.1920928955078125e-07,1,46
42,1.1920928955078125e-07,1,46
43,1.1920928955078125e-07,1,46
44,1.1920928955078125e-07,1,46
45,1.1920928955078125e-07,1,46
46,1.1920928955078125e-07,1,46
47,1.1920928955078125e-07,1,46
48,1.1920928955078125e-07,1,46
49,1.1920928955078125e-07,1,46
50,1.1920928955078125e-07,1,46
51,1.1920928955078125e-07,1,46
52,1.1920928955078125e-07,1,46
53,1.1920928955078125e-07,1,46
54,1.1920928955078125e-07,1,46
55,1.1920928955078125e-07,1,46
56,1.1920928955078125e-07,1,46
57,1.1920928955078125e-07,1,46
58,1.1920928955078125e-07,1,46
59,1.1920928955078125e-07,1,46
60,1.1920928955078125e-07,1,46
61,1.1920928955078125e-07,1,46
62,1.1920928955078125e-07,1,46
63,1.1920928955078125e-07,1,46
64,1.1920928955078125e-07,1,46
65,1.1920928955078125e-07,1,46
66,1.1920928955078125e-07,1,46
67,1.1920928955078125e-07,1,46
68,1.1920928955078125e-07,1,46
69,1.1920928955078125e-07,1,46
70,1.1920928955078125e-07,1,46
71,1.1920928955078125e-07,1,46
72,1.1920928955078125e-07,1,46
73,1.1920928955078125e-07,1,46
74,1.1920928955078125e-07,1,46
75,1.1920928955078125e-07,1,46
76,1.1920928955078125e-07,1,46
77,1.1920928955078125e-07,1,46
78,1.1920928955078125e-07,1,46
79,1.1920928955078125e-07,1,46
80,1.1920928955078125e-07,1,46
81,1.1920928955078125e-07,1,46
82,1.1920928955078125e-07,1,46
83,1.1920928955078125e-07,1,46
84,1.1920928955078125e-07,1,46
85,1.1920928955078125e-07,1,46
86,1.1920928955078125e-07,1,46
87,1.1920928955078125e-07,1,46
88,1.1920928955078125e-07,1,46
89,1.1920928955078125e-07,1,46
90,1.1920928955078125e-07,1,46
91,1.1920928955078125e-07,1,46
92,1.1920928955078125e-07,1,46
93,1.1920928955078125e-07,1,46
94,1.1920928955078125e-07,1,46
95,1.1920928955078125e-07,1,46
96,1.1920928955078125e-07,1,46
97,1.1920928955078125e-07,1,46
98,1.1920928955078125e-07,1,46
99,1.1920928955078125e-07,1,46
100,1.1920928955078125e-07,1,46
101,1.1920928955078125e-07,1,46
102,1.1920928955078125e-07,1,46
103,1.1920928955078125e-07,1,46
104,1.1920928955078125e-07,1,46
105,1.1920928955078125e-07,1,46
106,1.1920928955078125e-07,1,46
107,1.1920928955078125e-07,1,46
108,1.1920928955078125e-07,1,46
109,1.1920928955078125e-07,1,46
110,1.1920928955078125e-07,1,46
111,1.1920928955078125e-07,1,46
112,1.1920928955078125e-07,1,46
113,1.1920928955078125e-07,1,46
114,1.1920928955078125e-07,1,46
115,1.1920928955078125e-07,1,46
116,1.1920928955078125e-07,1,46
117,1.1920928955078125e-07,1,46
118,1.1920928955078125e-07,1,46
119,1.1920928955078125e-07,1,46
120,1.1920928955078125e-07,1,46
121,1.1920928955078125e-07,1,46
122,1.1920928955078125e-07,1,46
123,1.1920928955078125e-07,1,46
124,1.1920928955078125e-07,1,46
125,1.1920928955078125e-07,1,46
126,1.1920928955078125e-07,1,46
127,1.1920928955078125e-07,1,46
128,1.1920928955078125e-07,1,46
129,1.1920928955078125e-07,1,46
130,1.1920928955078125e-07,1,46
131,1.1920928955078125e-07,1,46
132,1.1920928955078125e-07,1,46
133,1.1920928955078125e-07,1,46
134,1.1920928955078125e-07,1,46
135,1.1920928955078125e-07,1,46
136,1.1920928955078125e-07,1,46
137,1.1920928955078125e-07,1,46
138,1.1920928955078125e-07,1,46
139,1.1920928955078125e-07,1,46
140,1.1920928955078125e-07,1,46
141,1.1920928955078125e-07,1,46
142,1.1920928955078125e-07,1,46
143,1.1920928955078125e-07,1,46
144,1.1920928955078125e-07,1,46
145,1.1920928955078125e-07,1,46
146,1.1920928955078125e-07,1,46
147,1.1920928955078125e-07,1,46
148,1.1920928955078125e-07,1,46
149,1.1920928955078125e-07,1,46
150,1.1920928955078125e-07,1,46
151,1.1920928955078125e-07,1,46
152,1.1920928955078125e-07,1,46
153,1.1920928955078125e-07,1,46
154,1.1920928955078125e-07,1,46
155,1.1920928955078125e-07,1,46
156,1.1920928955078125e-07,1,46
157,1.1920928955078125e-07,1,46
158,1.1920928955078125e-07,1,46
159,1.1920928955078125e-07,1,46
160,1.1920928955078125e-07,1,46
161,1.1920928955078125e-07,1,46
162,1.1920928955078125e-07,1,46
163,1.1920928955078125e-07,1,46
164,1.1920928955078125e-07,1,46
165,1.1920928955078125e-07,1,46
166,1.1920928955078125e-07,1,46
167,1.1920928955078125e-07,1,46
168,1.1920928955078125e-07,1,46
169,1.1920928955078125e-07,1,46
170,1.1920928955078125e-07,1,46
171,1.1920928955078125e-07,1,46
172,1.1920928955078125e-07,1,46
173,1.1920928955078125e-07,1,46
174,1.1920928955078125e-07,1,46
175,1.1920928955078125e-07,1,46
176,1.1920928955078125e-07,1,46
177,1.1920928955078125e-07,1,46
178,1.1920928955078125e-07,1,46
179,1.1920928955078125e-07,1,46
180,1.1920928955078125e-07,1,46
181,1.1920928955078125e-07,1,46
182,1.1920928955078125e-07,1,46
183,1.1920928955078125e-07,1,46
184,1.1920928955078125e-07,1,46
185,1.1920928955078125e-07,1,46
186,1.1920928955078125e-07,1,46
187,1.1920928955078125e-07,1,46
188,1.1920928955078125e-07,1,46
189,1.1920928955078125e-07,1,46
190,1.1920928955078125e-07,1,46
191,1.1920928955078125e-07,1,46
192,1.1920928955078125e-07,1,46
193,1.1920928955078125e-07,1,46
194,1.1920928955078125e-07,1,46
195,1.1920928955078125e-07,1,46
196,1.1920928955078125e-07,1,46
197,1.1920928955078125e-07,1,46
198,1.1920928955078125e-07,1,46
199,1.1920928955078125e-07,1,46
200,1.1920928955078125e-07,1,46
1,0.9678463898599148,13,47
2,0.9866643901914358,13,47
3,0.987243514508009,12,47
4,0.9821361918002367,12,47
5,0.9821361918002367,12,47
6,0.9821361918002367,12,47
7,0.9821361918002367,12,47
8,0.9908138001337647,12,47
9,0.9948970400728285,9,47
10,0.9977214976679534,11,47
11,0.984554679132998,9,47
12,0.984554679132998,9,47
13,0.984554679132998,9,47
14,0.9899583263322711,10,47
15,0.9899583263322711,10,47
16,0.9899583263322711,10,47
17,0.9899583263322711,10,47
18,0.9899583263322711,10,47
19,0.9899583263322711,10,47
20,0.9899583263322711,10,47
21,0.9899583263322711,10,47
22,0.9899583263322711,10,47
23,0.9958045268431306,8,47
24,0.9958045268431306,8,47
25,0.9958045268431306,8,47
26,0.9958045268431306,8,47
27,0.9958045268431306,8,47
28,0.9958045268431306,8,47
29,0.9958045268431306,8,47
30,0.9958045268431306,8,47
31,0.9958045268431306,8,47
32,0.9958045268431306,8,47
33,0.9958045268431306,8,47
34,0.9958045268431306,8,47
35,0.9958045268431306,8,47
36,0.9958045268431306,8,47
37,0.9958045268431306,8,47
38,0.9958045268431306,8,47
39,0.9958045268431306,8,47
40,0.9958045268431306,8,47
41,0.9958045268431306,8,47
42,0.9958045268431306,8,47
43,0.9952087863348424,8,47
44,0.9952087863348424,8,47
45,0.9952087863348424,8,47
46,0.9952087863348424,8,47
47,0.9952087863348424,8,47
48,0.9965320213232189,8,47
49,0.9959891848266125,8,47
50,0.9959891848266125,8,47
51,0.9954162728972733,7,47
52,0.9830482080578804,7,47
53,0.9830482080578804,7,47
54,0.9830482080578804,7,47
55,0.9830482080578804,7,47
56,0.9953679037280381,7,47
57,0.9953679037280381,7,47
58,0.9953679037280381,7,47
59,0.9953679037280381,7,47
60,0.9949991339817643,7,47
61,0.9949991339817643,7,47
62,0.9949991339817643,7,47
63,0.9949991339817643,7,47
64,0.9949991339817643,7,47
65,0.9949991339817643,7,47
66,0.9949991339817643,7,47
67,0.9949991339817643,7,47
68,0.9949991339817643,7,47
69,0.9949991339817643,7,47
70,0.9949851115234196,6,47
71,0.9949851115234196,6,47
72,0.9949851115234196,6,47
73,0.9949851115234196,6,47
74,0.9949851115234196,6,47
75,0.9949851115234196,6,47
76,0.9949851115234196,6,47
77,0.9949851115234196,6,47
78,0.9935966311022639,7,47
79,0.9935966311022639,7,47
80,0.9935966311022639,7,47
81,0.9935966311022639,7,47
82,0.9935966311022639,7,47
83,0.9935966311022639,7,47
84,0.9935966311022639,7,47
85,0.9935966311022639,7,47
86,0.9935966311022639,7,47
87,0.9935966311022639,7,47
88,0.9935966311022639,7,47
89,0.9935966311022639,7,47
90,0.9935966311022639,7,47
91,0.9935966311022639,7,47
92,0.9935966311022639,7,47
93,0.9935966311022639,7,47
94,0.9935966311022639,7,47
95,0.9935966311022639,7,47
96,0.9935966311022639,7,47
97,0.9935966311022639,7,47
98,0.9935966311022639,7,47
99,0.9935966311022639,7,47
100,0.9935966311022639,7,47
101,0.9935966311022639,7,47
102,0.9935966311022639,7,47
103,0.9935966311022639,7,47
104,0.9935966311022639,7,47
105,0.9935966311022639,7,47
106,0.9935966311022639,7,47
107,0.9935966311022639,7,47
108,0.9935966311022639,7,47
109,0.9935966311022639,7,47
110,0.9935966311022639,7,47
111,0.9935966311022639,7,47
112,0.9935966311022639,7,47
113,0.9935966311022639,7,47
114,0.9935966311022639,7,47
115,0.9935966311022639,7,47
116,0.9935966311022639,7,47
117,0.9935966311022639,7,47
118,0.9935966311022639,7,47
119,0.9935966311022639,7,47
120,0.9935966311022639,7,47
121,0.9935966311022639,7,47
122,0.9935966311022639,7,47
123,0.9935966311022639,7,47
124,0.9935966311022639,7,47
125,0.9944744412787259,7,47
126,0.9944744412787259,7,47
127,0.9944744412787259,7,47
128,0.9944744412787259,7,47
129,0.9944744412787259,7,47
130,0.9944744412787259,7,47
131,0.9944744412787259,7,47
132,0.9944744412787259,7,47
133,0.9944744412787259,7,47
134,0.9944744412787259,7,47
135,0.9944744412787259,7,47
136,0.9944744412787259,7,47
137,0.9944744412787259,7,47
138,0.9944744412787259,7,47
139,0.9944744412787259,7,47
140,0.9944744412787259,7,47
141,0.9944744412787259,7,47
142,0.9949413775466383,7,47
143,0.9949413775466383,7,47
144,0.9949413775466383,7,47
145,0.9941228581592441,7,47
146,0.9941228581592441,7,47
147,0.9941228581592441,7,47
148,0.9941228581592441,7,47
149,0.9941228581592441,7,47
150,0.9941228581592441,7,47
151,0.9947501057758927,7,47
152,0.9947501057758927,7,47
153,0.9947501057758927,7,47
154,0.9947501057758927,7,47
155,0.9947501057758927,7,47
156,0.9949486195109785,7,47
157,0.9949486195109785,7,47
158,0.9949486195109785,7,47
159,0.9949486195109785,7,47
160,0.9949486195109785,7,47
161,0.9949486195109785,7,47
162,0.9949486195109785,7,47
163,0.9949486195109785,7,47
164,0.9949486195109785,7,47
165,0.9949486195109785,7,47
166,0.9949486195109785,7,47
167,0.9949486195109785,7,47
168,0.9949486195109785,7,47
169,0.9949486195109785,7,47
170,0.9949486195109785,7,47
171,0.9949486195109785,7,47
172,0.9949486195109785,7,47
173,0.9949486195109785,7,47
174,0.9949486195109785,7,47
175,0.9924346404150128,7,47
176,0.9924346404150128,7,47
177,0.9924346404150128,7,47
178,0.9924346404150128,7,47
179,0.9924346404150128,7,47
180,0.9924346404150128,7,47
181,0.9924346404150128,7,47
182,0.9924346404150128,7,47
183,0.9924346404150128,7,47
184,0.9924346404150128,7,47
185,0.9924346404150128,7,47
186,0.9924346404150128,7,47
187,0.9924346404150128,7,47
188,0.9924346404150128,7,47
189,0.9924346404150128,7,47
190,0.9924346404150128,7,47
191,0.9924346404150128,7,47
192,0.9924346404150128,7,47
193,0.9924346404150128,7,47
194,0.9924346404150128,7,47
195,0.9924346404150128,7,47
196,0.993628479540348,7,47
197,0.993628479540348,7,47
198,0.993628479540348,7,47
199,0.993628479540348,7,47
200,0.993628479540348,7,47
1,1.1920928955078125e-07,1,48
2,1.1920928955078125e-07,1,48
3,1.1920928955078125e-07,1,48
4,1.1920928955078125e-07,1,48
5,1.1920928955078125e-07,1,48
6,1.1920928955078125e-07,1,48
7,1.1920928955078125e-07,1,48
8,1.1920928955078125e-07,1,48
9,1.1920928955078125e-07,1,48
10,1.1920928955078125e-07,1,48
11,1.1920928955078125e-07,1,48
12,1.1920928955078125e-07,1,48
13,1.1920928955078125e-07,1,48
14,1.1920928955078125e-07,1,48
15,1.1920928955078125e-07,1,48
16,1.1920928955078125e-07,1,48
17,1.1920928955078125e-07,1,48
18,1.1920928955078125e-07,1,48
19,1.1920928955078125e-07,1,48
20,1.1920928955078125e-07,1,48
21,1.1920928955078125e-07,1,48
22,1.1920928955078125e-07,1,48
23,1.1920928955078125e-07,1,48
24,1.1920928955078125e-07,1,48
25,1.1920928955078125e-07,1,48
26,1.1920928955078125e-07,1,48
27,1.1920928955078125e-07,1,48
28,1.1920928955078125e-07,1,48
29,1.1920928955078125e-07,1,48
30,1.1920928955078125e-07,1,48
31,1.1920928955078125e-07,1,48
32,1.1920928955078125e-07,1,48
33,1.1920928955078125e-07,1,48
34,1.1920928955078125e-07,1,48
35,1.1920928955078125e-07,1,48
36,1.1920928955078125e-07,1,48
37,1.1920928955078125e-07,1,48
38,1.1920928955078125e-07,1,48
39,1.1920928955078125e-07,1,48
40,1.1920928955078125e-07,1,48
41,1.1920928955078125e-07,1,48
42,1.1920928955078125e-07,1,48
43,1.1920928955078125e-07,1,48
44,1.1920928955078125e-07,1,48
45,1.1920928955078125e-07,1,48
46,1.1920928955078125e-07,1,48
47,1.1920928955078125e-07,1,48
48,1.1920928955078125e-07,1,48
49,1.1920928955078125e-07,1,48
50,1.1920928955078125e-07,1,48
51,1.1920928955078125e-07,1,48
52,1.1920928955078125e-07,1,48
53,1.1920928955078125e-07,1,48
54,1.1920928955078125e-07,1,48
55,1.1920928955078125e-07,1,48
56,1.1920928955078125e-07,1,48
57,1.1920928955078125e-07,1,48
58,1.1920928955078125e-07,1,48
59,1.1920928955078125e-07,1,48
60,1.1920928955078125e-07,1,48
61,1.1920928955078125e-07,1,48
62,1.1920928955078125e-07,1,48
63,1.1920928955078125e-07,1,48
64,1.1920928955078125e-07,1,48
65,1.1920928955078125e-07,1,48
66,1.1920928955078125e-07,1,48
67,1.1920928955078125e-07,1,48
68,1.1920928955078125e-07,1,48
69,1.1920928955078125e-07,1,48
70,1.1920928955078125e-07,1,48
71,1.1920928955078125e-07,1,48
72,1.1920928955078125e-07,1,48
73,1.1920928955078125e-07,1,48
74,1.1920928955078125e-07,1,48
75,1.1920928955078125e-07,1,48
76,1.1920928955078125e-07,1,48
77,1.1920928955078125e-07,1,48
78,1.1920928955078125e-07,1,48
79,1.1920928955078125e-07,1,48
80,1.1920928955078125e-07,1,48
81,1.1920928955078125e-07,1,48
82,1.1920928955078125e-07,1,48
83,1.1920928955078125e-07,1,48
84,1.1920928955078125e-07,1,48
85,1.1920928955078125e-07,1,48
86,1.1920928955078125e-07,1,48
87,1.1920928955078125e-07,1,48
88,1.1920928955078125e-07,1,48
89,1.1920928955078125e-07,1,48
90,1.1920928955078125e-07,1,48
91,1.1920928955078125e-07,1,48
92,1.1920928955078125e-07,1,48
93,1.1920928955078125e-07,1,48
94,1.1920928955078125e-07,1,48
95,1.1920928955078125e-07,1,48
96,1.1920928955078125e-07,1,48
97,1.1920928955078125e-07,1,48
98,1.1920928955078125e-07,1,48
99,1.1920928955078125e-07,1,48
100,1.1920928955078125e-07,1,48
101,1.1920928955078125e-07,1,48
102,1.1920928955078125e-07,1,48
103,1.1920928955078125e-07,1,48
104,1.1920928955078125e-07,1,48
105,1.1920928955078125e-07,1,48
106,1.1920928955078125e-07,1,48
107,1.1920928955078125e-07,1,48
108,1.1920928955078125e-07,1,48
109,1.1920928955078125e-07,1,48
110,1.1920928955078125e-07,1,48
111,1.1920928955078125e-07,1,48
112,1.1920928955078125e-07,1,48
113,1.1920928955078125e-07,1,48
114,1.1920928955078125e-07,1,48
115,1.1920928955078125e-07,1,48
116,1.1920928955078125e-07,1,48
117,1.1920928955078125e-07,1,48
118,1.1920928955078125e-07,1,48
119,1.1920928955078125e-07,1,48
120,1.1920928955078125e-07,1,48
121,1.1920928955078125e-07,1,48
122,1.1920928955078125e-07,1,48
123,1.1920928955078125e-07,1,48
124,1.1920928955078125e-07,1,48
125,1.1920928955078125e-07,1,48
126,1.1920928955078125e-07,1,48
127,1.1920928955078125e-07,1,48
128,1.1920928955078125e-07,1,48
129,1.1920928955078125e-07,1,48
130,1.1920928955078125e-07,1,48
131,1.1920928955078125e-07,1,48
132,1.1920928955078125e-07,1,48
133,1.1920928955078125e-07,1,48
134,1.1920928955078125e-07,1,48
135,1.1920928955078125e-07,1,48
136,1.1920928955078125e-07,1,48
137,1.1920928955078125e-07,1,48
138,1.1920928955078125e-07,1,48
139,1.1920928955078125e-07,1,48
140,1.1920928955078125e-07,1,48
141,1.1920928955078125e-07,1,48
142,1.1920928955078125e-07,1,48
143,1.1920928955078125e-07,1,48
144,1.1920928955078125e-07,1,48
145,1.1920928955078125e-07,1,48
146,1.1920928955078125e-07,1,48
147,1.1920928955078125e-07,1,48
148,1.1920928955078125e-07,1,48
149,1.1920928955078125e-07,1,48
150,1.1920928955078125e-07,1,48
151,1.1920928955078125e-07,1,48
152,1.1920928955078125e-07,1,48
153,1.1920928955078125e-07,1,48
154,1.1920928955078125e-07,1,48
155,1.1920928955078125e-07,1,48
156,1.1920928955078125e-07,1,48
157,1.1920928955078125e-07,1,48
158,1.1920928955078125e-07,1,48
159,1.1920928955078125e-07,1,48
160,1.1920928955078125e-07,1,48
161,1.1920928955078125e-07,1,48
162,1.1920928955078125e-07,1,48
163,1.1920928955078125e-07,1,48
164,1.1920928955078125e-07,1,48
165,1.1920928955078125e-07,1,48
166,1.1920928955078125e-07,1,48
167,1.1920928955078125e-07,1,48
168,1.1920928955078125e-07,1,48
169,1.1920928955078125e-07,1,48
170,1.1920928955078125e-07,1,48
171,1.1920928955078125e-07,1,48
172,1.1920928955078125e-07,1,48
173,1.1920928955078125e-07,1,48
174,1.1920928955078125e-07,1,48
175,1.1920928955078125e-07,1,48
176,1.1920928955078125e-07,1,48
177,1.1920928955078125e-07,1,48
178,1.1920928955078125e-07,1,48
179,1.1920928955078125e-07,1,48
180,1.1920928955078125e-07,1,48
181,1.1920928955078125e-07,1,48
182,1.1920928955078125e-07,1,48
183,1.1920928955078125e-07,1,48
184,1.1920928955078125e-07,1,48
185,1.1920928955078125e-07,1,48
186,1.1920928955078125e-07,1,48
187,1.1920928955078125e-07,1,48
188,1.1920928955078125e-07,1,48
189,1.1920928955078125e-07,1,48
190,1.1920928955078125e-07,1,48
191,1.1920928955078125e-07,1,48
192,1.1920928955078125e-07,1,48
193,1.1920928955078125e-07,1,48
194,1.1920928955078125e-07,1,48
195,1.1920928955078125e-07,1,48
196,1.1920928955078125e-07,1,48
197,1.1920928955078125e-07,1,48
198,1.1920928955078125e-07,1,48
199,1.1920928955078125e-07,1,48
200,1.1920928955078125e-07,1,48
1,0.0006420016288757324,1,49
2,0.0006448626518249512,1,49
3,0.0006445050239562988,1,49
4,0.0006439089775085449,1,49
5,0.0006440281867980957,1,49
6,0.0006440281867980957,1,49
7,0.0006440281867980957,1,49
8,0.0006440281867980957,1,49
9,0.0006440281867980957,1,49
10,0.0006440281867980957,1,49
11,0.0006440281867980957,1,49
12,0.0006440281867980957,1,49
13,0.0006440281867980957,1,49
14,0.0006440281867980957,1,49
15,0.0006440281867980957,1,49
16,0.0006440281867980957,1,49
17,0.0006440281867980957,1,49
18,0.0006440281867980957,1,49
19,0.0006440281867980957,1,49
20,0.0006440281867980957,1,49
21,0.0006440281867980957,1,49
22,0.0006440281867980957,1,49
23,0.0006440281867980957,1,49
24,0.0006440281867980957,1,49
25,0.0006440281867980957,1,49
26,0.0006440281867980957,1,49
27,0.0006440281867980957,1,49
28,0.0006440281867980957,1,49
29,0.0006440281867980957,1,49
30,0.0006440281867980957,1,49
31,0.0006440281867980957,1,49
32,0.0006440281867980957,1,49
33,0.0006440281867980957,1,49
34,0.0006440281867980957,1,49
35,0.0006440281867980957,1,49
36,0.0006440281867980957,1,49
37,0.0006440281867980957,1,49
38,0.0006440281867980957,1,49
39,0.0006440281867980957,1,49
40,0.0006440281867980957,1,49
41,0.0006440281867980957,1,49
42,0.0006440281867980957,1,49
43,0.0006440281867980957,1,49
44,0.0006440281867980957,1,49
45,0.0006440281867980957,1,49
46,0.0006440281867980957,1,49
47,0.0006440281867980957,1,49
48,0.0006440281867980957,1,49
49,0.0006440281867980957,1,49
50,0.0006440281867980957,1,49
51,0.0006440281867980957,1,49
52,0.0006440281867980957,1,49
53,0.0006440281867980957,1,49
54,0.0006440281867980957,1,49
55,0.0006440281867980957,1,49
56,0.0006440281867980957,1,49
57,0.0006440281867980957,1,49
58,0.0006440281867980957,1,49
59,0.0006440281867980957,1,49
60,0.0006440281867980957,1,49
61,0.0006440281867980957,1,49
62,0.0006440281867980957,1,49
63,0.0006440281867980957,1,49
64,0.0006440281867980957,1,49
65,0.0006440281867980957,1,49
66,0.0006440281867980957,1,49
67,0.0006440281867980957,1,49
68,0.0006440281867980957,1,49
69,0.0006440281867980957,1,49
70,0.0006440281867980957,1,49
71,0.0006440281867980957,1,49
72,0.0006440281867980957,1,49
73,0.0006440281867980957,1,49
74,0.0006440281867980957,1,49
75,0.0006440281867980957,1,49
76,0.0006440281867980957,1,49
77,0.0006440281867980957,1,49
78,0.0006440281867980957,1,49
79,0.0006440281867980957,1,49
80,0.0006440281867980957,1,49
81,0.0006440281867980957,1,49
82,0.0006440281867980957,1,49
83,0.0006440281867980957,1,49
84,0.0006440281867980957,1,49
85,0.0006440281867980957,1,49
86,0.0006440281867980957,1,49
87,0.0006440281867980957,1,49
88,0.0006440281867980957,1,49
89,0.0006440281867980957,1,49
90,0.0006440281867980957,1,49
91,0.0006440281867980957,1,49
92,0.0006440281867980957,1,49
93,0.0006440281867980957,1,49
94,0.0006440281867980957,1,49
95,0.0006440281867980957,1,49
96,0.0006440281867980957,1,49
97,0.0006440281867980957,1,49
98,0.0006440281867980957,1,49
99,0.0006440281867980957,1,49
100,0.0006440281867980957,1,49
101,0.0006440281867980957,1,49
102,0.0006440281867980957,1,49
103,0.0006440281867980957,1,49
104,0.0006440281867980957,1,49
105,0.0006440281867980957,1,49
106,0.0006440281867980957,1,49
107,0.0006440281867980957,1,49
108,0.0006440281867980957,1,49
109,0.0006440281867980957,1,49
110,0.0006440281867980957,1,49
111,0.0006440281867980957,1,49
112,0.0006440281867980957,1,49
113,0.0006440281867980957,1,49
114,0.0006440281867980957,1,49
115,0.0006440281867980957,1,49
116,0.0006440281867980957,1,49
117,0.0006440281867980957,1,49
118,0.0006440281867980957,1,49
119,0.0006440281867980957,1,49
120,0.0006440281867980957,1,49
121,0.0006440281867980957,1,49
122,0.0006440281867980957,1,49
123,0.0006440281867980957,1,49
124,0.0006440281867980957,1,49
125,0.0006440281867980957,1,49
126,0.0006440281867980957,1,49
127,0.0006440281867980957,1,49
128,0.0006440281867980957,1,49
129,0.0006440281867980957,1,49
130,0.0006440281867980957,1,49
131,0.0006440281867980957,1,49
132,0.0006440281867980957,1,49
133,0.0006440281867980957,1,49
134,0.0006440281867980957,1,49
135,0.0006440281867980957,1,49
136,0.0006440281867980957,1,49
137,0.0006440281867980957,1,49
138,0.0006440281867980957,1,49
139,0.0006440281867980957,1,49
140,0.0006440281867980957,1,49
141,0.0006440281867980957,1,49
142,0.0006440281867980957,1,49
143,0.0006440281867980957,1,49
144,0.0006440281867980957,1,49
145,0.0006440281867980957,1,49
146,0.0006440281867980957,1,49
147,0.0006440281867980957,1,49
148,0.0006440281867980957,1,49
149,0.0006440281867980957,1,49
150,0.0006440281867980957,1,49
151,0.0006440281867980957,1,49
152,0.0006440281867980957,1,49
153,0.0006440281867980957,1,49
154,0.0006440281867980957,1,49
155,0.0006440281867980957,1,49
156,0.0006440281867980957,1,49
157,0.0006440281867980957,1,49
158,0.0006440281867980957,1,49
159,0.0006440281867980957,1,49
160,0.0006440281867980957,1,49
161,0.0006440281867980957,1,49
162,0.0006440281867980957,1,49
163,0.0006440281867980957,1,49
164,0.0006440281867980957,1,49
165,0.0006440281867980957,1,49
166,0.0006440281867980957,1,49
167,0.0006440281867980957,1,49
168,0.0006440281867980957,1,49
169,0.0006440281867980957,1,49
170,0.0006440281867980957,1,49
171,0.0006440281867980957,1,49
172,0.0006440281867980957,1,49
173,0.0006440281867980957,1,49
174,0.0006440281867980957,1,49
175,0.0006440281867980957,1,49
176,0.0006440281867980957,1,49
177,0.0006440281867980957,1,49
178,0.0006440281867980957,1,49
179,0.0006440281867980957,1,49
180,0.0006440281867980957,1,49
181,0.0006440281867980957,1,49
182,0.0006440281867980957,1,49
183,0.0006440281867980957,1,49
184,0.0006440281867980957,1,49
185,0.0006440281867980957,1,49
186,0.0006440281867980957,1,49
187,0.0006440281867980957,1,49
188,0.0006440281867980957,1,49
189,0.0006440281867980957,1,49
190,0.0006440281867980957,1,49
191,0.0006440281867980957,1,49
192,0.0006440281867980957,1,49
193,0.0006440281867980957,1,49
194,0.0006440281867980957,1,49
195,0.0006440281867980957,1,49
196,0.0006440281867980957,1,49
197,0.0006440281867980957,1,49
198,0.0006440281867980957,1,49
199,0.0006440281867980957,1,49
200,0.0006440281867980957,1,49
1,0.0,1,50
2,0.0,1,50
3,0.0,1,50
4,0.0,1,50
5,0.0,1,50
6,0.0,1,50
7,0.0,1,50
8,0.0,1,50
9,0.0,1,50
10,0.0,1,50
11,0.0,1,50
12,0.0,1,50
13,0.0,1,50
14,0.0,1,50
15,0.0,1,50
16,0.0,1,50
17,0.0,1,50
18,0.0,1,50
19,0.0,1,50
20,0.0,1,50
21,0.0,1,50
22,0.0,1,50
23,0.0,1,50
24,0.0,1,50
25,0.0,1,50
26,0.0,1,50
27,0.0,1,50
28,0.0,1,50
29,0.0,1,50
30,0.0,1,50
31,0.0,1,50
32,0.0,1,50
33,0.0,1,50
34,0.0,1,50
35,0.0,1,50
36,0.0,1,50
37,0.0,1,50
38,0.0,1,50
39,0.0,1,50
40,0.0,1,50
41,0.0,1,50
42,0.0,1,50
43,0.0,1,50
44,0.0,1,50
45,0.0,1,50
46,0.0,1,50
47,0.0,1,50
48,0.0,1,50
49,0.0,1,50
50,0.0,1,50
51,0.0,1,50
52,0.0,1,50
53,0.0,1,50
54,0.0,1,50
55,0.0,1,50
56,0.0,1,50
57,0.0,1,50
58,0.0,1,50
59,0.0,1,50
60,0.0,1,50
61,0.0,1,50
62,0.0,1,50
63,0.0,1,50
64,0.0,1,50
65,0.0,1,50
66,0.0,1,50
67,0.0,1,50
68,0.0,1,50
69,0.0,1,50
70,0.0,1,50
71,0.0,1,50
72,0.0,1,50
73,0.0,1,50
74,0.0,1,50
75,0.0,1,50
76,0.0,1,50
77,0.0,1,50
78,0.0,1,50
79,0.0,1,50
80,0.0,1,50
81,0.0,1,50
82,0.0,1,50
83,0.0,1,50
84,0.0,1,50
85,0.0,1,50
86,0.0,1,50
87,0.0,1,50
88,0.0,1,50
89,0.0,1,50
90,0.0,1,50
91,0.0,1,50
92,0.0,1,50
93,0.0,1,50
94,0.0,1,50
95,0.0,1,50
96,0.0,1,50
97,0.0,1,50
98,0.0,1,50
99,0.0,1,50
100,0.0,1,50
101,0.0,1,50
102,0.0,1,50
103,0.0,1,50
104,0.0,1,50
105,0.0,1,50
106,0.0,1,50
107,0.0,1,50
108,0.0,1,50
109,0.0,1,50
110,0.0,1,50
111,0.0,1,50
112,0.0,1,50
113,0.0,1,50
114,0.0,1,50
115,0.0,1,50
116,0.0,1,50
117,0.0,1,50
118,0.0,1,50
119,0.0,1,50
120,0.0,1,50
121,0.0,1,50
122,0.0,1,50
123,0.0,1,50
124,0.0,1,50
125,0.0,1,50
126,0.0,1,50
127,0.0,1,50
128,0.0,1,50
129,0.0,1,50
130,0.0,1,50
131,0.0,1,50
132,0.0,1,50
133,0.0,1,50
134,0.0,1,50
135,0.0,1,50
136,0.0,1,50
137,0.0,1,50
138,0.0,1,50
139,0.0,1,50
140,0.0,1,50
141,0.0,1,50
142,0.0,1,50
143,0.0,1,50
144,0.0,1,50
145,0.0,1,50
146,0.0,1,50
147,0.0,1,50
148,0.0,1,50
149,0.0,1,50
150,0.0,1,50
151,0.0,1,50
152,0.0,1,50
153,0.0,1,50
154,0.0,1,50
155,0.0,1,50
156,0.0,1,50
157,0.0,1,50
158,0.0,1,50
159,0.0,1,50
160,0.0,1,50
161,0.0,1,50
162,0.0,1,50
163,0.0,1,50
164,0.0,1,50
165,0.0,1,50
166,0.0,1,50
167,0.0,1,50
168,0.0,1,50
169,0.0,1,50
170,0.0,1,50
171,0.0,1,50
172,0.0,1,50
173,0.0,1,50
174,0.0,1,50
175,0.0,1,50
176,0.0,1,50
177,0.0,1,50
178,0.0,1,50
179,0.0,1,50
180,0.0,1,50
181,0.0,1,50
182,0.0,1,50
183,0.0,1,50
184,0.0,1,50
185,0.0,1,50
186,0.0,1,50
187,0.0,1,50
188,0.0,1,50
189,0.0,1,50
190,0.0,1,50
191,0.0,1,50
192,0.0,1,50
193,0.0,1,50
194,0.0,1,50
195,0.0,1,50
196,0.0,1,50
197,0.0,1,50
198,0.0,1,50
199,0.0,1,50
200,0.0,1,50
1,0.0,1,51
2,0.0,1,51
3,0.0,1,51
4,0.0,1,51
5,0.0,1,51
6,0.0,1,51
7,0.0,1,51
8,0.0,1,51
9,0.0,1,51
10,0.0,1,51
11,0.0,1,51
12,0.0,1,51
13,0.0,1,51
14,0.0,1,51
15,0.0,1,51
16,0.0,1,51
17,0.0,1,51
18,0.0,1,51
19,0.0,1,51
20,0.0,1,51
21,0.0,1,51
22,0.0,1,51
23,0.0,1,51
24,0.0,1,51
25,0.0,1,51
26,0.0,1,51
27,0.0,1,51
28,0.0,1,51
29,0.0,1,51
30,0.0,1,51
31,0.0,1,51
32,0.0,1,51
33,0.0,1,51
34,0.0,1,51
35,0.0,1,51
36,0.0,1,51
37,0.0,1,51
38,0.0,1,51
39,0.0,1,51
40,0.0,1,51
41,0.0,1,51
42,0.0,1,51
43,0.0,1,51
44,0.0,1,51
45,0.0,1,51
46,0.0,1,51
47,0.0,1,51
48,0.0,1,51
49,0.0,1,51
50,0.0,1,51
51,0.0,1,51
52,0.0,1,51
53,0.0,1,51
54,0.0,1,51
55,0.0,1,51
56,0.0,1,51
57,0.0,1,51
58,0.0,1,51
59,0.0,1,51
60,0.0,1,51
61,0.0,1,51
62,0.0,1,51
63,0.0,1,51
64,0.0,1,51
65,0.0,1,51
66,0.0,1,51
67,0.0,1,51
68,0.0,1,51
69,0.0,1,51
70,0.0,1,51
71,0.0,1,51
72,0.0,1,51
73,0.0,1,51
74,0.0,1,51
75,0.0,1,51
76,0.0,1,51
77,0.0,1,51
78,0.0,1,51
79,0.0,1,51
80,0.0,1,51
81,0.0,1,51
82,0.0,1,51
83,0.0,1,51
84,0.0,1,51
85,0.0,1,51
86,0.0,1,51
87,0.0,1,51
88,0.0,1,51
89,0.0,1,51
90,0.0,1,51
91,0.0,1,51
92,0.0,1,51
93,0.0,1,51
94,0.0,1,51
95,0.0,1,51
96,0.0,1,51
97,0.0,1,51
98,0.0,1,51
99,0.0,1,51
100,0.0,1,51
101,0.0,1,51
102,0.0,1,51
103,0.0,1,51
104,0.0,1,51
105,0.0,1,51
106,0.0,1,51
107,0.0,1,51
108,0.0,1,51
109,0.0,1,51
110,0.0,1,51
111,0.0,1,51
112,0.0,1,51
113,0.0,1,51
114,0.0,1,51
115,0.0,1,51
116,0.0,1,51
117,0.0,1,51
118,0.0,1,51
119,0.0,1,51
120,0.0,1,51
121,0.0,1,51
122,0.0,1,51
123,0.0,1,51
124,0.0,1,51
125,0.0,1,51
126,0.0,1,51
127,0.0,1,51
128,0.0,1,51
129,0.0,1,51
130,0.0,1,51
131,0.0,1,51
132,0.0,1,51
133,0.0,1,51
134,0.0,1,51
135,0.0,1,51
136,0.0,1,51
137,0.0,1,51
138,0.0,1,51
139,0.0,1,51
140,0.0,1,51
141,0.0,1,51
142,0.0,1,51
143,0.0,1,51
144,0.0,1,51
145,0.0,1,51
146,0.0,1,51
147,0.0,1,51
148,0.0,1,51
149,0.0,1,51
150,0.0,1,51
151,0.0,1,51
152,0.0,1,51
153,0.0,1,51
154,0.0,1,51
155,0.0,1,51
156,0.0,1,51
157,0.0,1,51
158,0.0,1,51
159,0.0,1,51
160,0.0,1,51
161,0.0,1,51
162,0.0,1,51
163,0.0,1,51
164,0.0,1,51
165,0.0,1,51
166,0.0,1,51
167,0.0,1,51
168,0.0,1,51
169,0.0,1,51
170,0.0,1,51
171,0.0,1,51
172,0.0,1,51
173,0.0,1,51
174,0.0,1,51
175,0.0,1,51
176,0.0,1,51
177,0.0,1,51
178,0.0,1,51
179,0.0,1,51
180,0.0,1,51
181,0.0,1,51
182,0.0,1,51
183,0.0,1,51
184,0.0,1,51
185,0.0,1,51
186,0.0,1,51
187,0.0,1,51
188,0.0,1,51
189,0.0,1,51
190,0.0,1,51
191,0.0,1,51
192,0.0,1,51
193,0.0,1,51
194,0.0,1,51
195,0.0,1,51
196,0.0,1,51
197,0.0,1,51
198,0.0,1,51
199,0.0,1,51
200,0.0,1,51
1,0.9577516578137875,1,52
2,0.9577516578137875,1,52
3,0.9577516578137875,1,52
4,0.9573850855231285,1,52
5,0.9574021622538567,1,52
6,0.9574021622538567,1,52
7,0.9574021622538567,1,52
8,0.9574021622538567,1,52
9,0.9574021622538567,1,52
10,0.9574021622538567,1,52
11,0.9574021622538567,1,52
12,0.9574014432728291,1,52
13,0.9574013762176037,1,52
14,0.9574016369879246,1,52
15,0.9574016369879246,1,52
16,0.9574030041694641,1,52
17,0.9574030041694641,1,52
18,0.9574015587568283,1,52
19,0.9574015587568283,1,52
20,0.9574015587568283,1,52
21,0.9574015587568283,1,52
22,0.9574015401303768,1,52
23,0.9574015401303768,1,52
24,0.9574015401303768,1,52
25,0.9574015401303768,1,52
26,0.9574015401303768,1,52
27,0.9574015401303768,1,52
28,0.9574015401303768,1,52
29,0.9574015401303768,1,52
30,0.9574015401303768,1,52
31,0.9574015401303768,1,52
32,0.9574015401303768,1,52
33,0.9574015773832798,1,52
34,0.9574015773832798,1,52
35,0.9574015997350216,1,52
36,0.9574015997350216,1,52
37,0.9574015773832798,1,52
38,0.9574015773832798,1,52
39,0.9574016444385052,1,52
40,0.9574016444385052,1,52
41,0.9574016444385052,1,52
42,0.9574016444385052,1,52
43,0.9574016444385052,1,52
44,0.9574016444385052,1,52
45,0.9574016444385052,1,52
46,0.9574016444385052,1,52
47,0.9574016444385052,1,52
48,0.9574016444385052,1,52
49,0.9574016444385052,1,52
50,0.9574016444385052,1,52
51,0.9574016220867634,1,52
52,0.9574016220867634,1,52
53,0.9574016109108925,1,52
54,0.9574016109108925,1,52
55,0.9574016220867634,1,52
56,0.9574015997350216,1,52
57,0.9574015997350216,1,52
58,0.9574015997350216,1,52
59,0.9574016109108925,1,52
60,0.9574016109108925,1,52
61,0.9574016109108925,1,52
62,0.9574016220867634,1,52
63,0.9574016220867634,1,52
64,0.9574016220867634,1,52
65,0.9574016220867634,1,52
66,0.9574016220867634,1,52
67,0.9574016220867634,1,52
68,0.9574016220867634,1,52
69,0.9574016220867634,1,52
70,0.9574016220867634,1,52
71,0.9574016220867634,1,52
72,0.9574016220867634,1,52
73,0.9574016220867634,1,52
74,0.9574016220867634,1,52
75,0.9574016220867634,1,52
76,0.9574016220867634,1,52
77,0.9574016220867634,1,52
78,0.9574016220867634,1,52
79,0.9574016220867634,1,52
80,0.9574016220867634,1,52
81,0.9574016220867634,1,52
82,0.9574016220867634,1,52
83,0.9574016220867634,1,52
84,0.9574016220867634,1,52
85,0.9574016220867634,1,52
86,0.9574016220867634,1,52
87,0.9574016220867634,1,52
88,0.9574016220867634,1,52
89,0.9574016220867634,1,52
90,0.9574016220867634,1,52
91,0.9574016220867634,1,52
92,0.9574016220867634,1,52
93,0.9574016220867634,1,52
94,0.9574016220867634,1,52
95,0.9574016220867634,1,52
96,0.9574016220867634,1,52
97,0.9574016220867634,1,52
98,0.9574016220867634,1,52
99,0.9574016220867634,1,52
100,0.9574016220867634,1,52
101,0.9574016220867634,1,52
102,0.9574016220867634,1,52
103,0.9574016220867634,1,52
104,0.9574016220867634,1,52
105,0.9574016220867634,1,52
106,0.9574016220867634,1,52
107,0.9574016220867634,1,52
108,0.9574016220867634,1,52
109,0.9574015997350216,1,52
110,0.9574015997350216,1,52
111,0.9574015997350216,1,52
112,0.9574015997350216,1,52
113,0.9574015997350216,1,52
114,0.9574015997350216,1,52
115,0.9574015997350216,1,52
116,0.9574015997350216,1,52
117,0.9574015997350216,1,52
118,0.9574015997350216,1,52
119,0.9574015997350216,1,52
120,0.9574015997350216,1,52
121,0.9574015997350216,1,52
122,0.9574015997350216,1,52
123,0.9574015997350216,1,52
124,0.9574015997350216,1,52
125,0.9574015997350216,1,52
126,0.9574015997350216,1,52
127,0.9574016220867634,1,52
128,0.9574016220867634,1,52
129,0.9574016220867634,1,52
130,0.9574016220867634,1,52
131,0.9574016220867634,1,52
132,0.9574016220867634,1,52
133,0.9574016220867634,1,52
134,0.9574016220867634,1,52
135,0.9574016220867634,1,52
136,0.9574016220867634,1,52
137,0.9574016220867634,1,52
138,0.9574016220867634,1,52
139,0.9574015997350216,1,52
140,0.9574015997350216,1,52
141,0.9574015997350216,1,52
142,0.9574015997350216,1,52
143,0.9574015997350216,1,52
144,0.9574015997350216,1,52
145,0.9574015997350216,1,52
146,0.9574015997350216,1,52
147,0.9574015997350216,1,52
148,0.9574015997350216,1,52
149,0.9574015997350216,1,52
150,0.9574015997350216,1,52
151,0.9574015997350216,1,52
152,0.9574015997350216,1,52
153,0.9574015997350216,1,52
154,0.9574015997350216,1,52
155,0.9574015997350216,1,52
156,0.9574015997350216,1,52
157,0.9574015997350216,1,52
158,0.9574015997350216,1,52
159,0.9574015997350216,1,52
160,0.9574015997350216,1,52
161,0.9574015997350216,1,52
162,0.9574015997350216,1,52
163,0.9574015997350216,1,52
164,0.9574015997350216,1,52
165,0.9574015997350216,1,52
166,0.9574015997350216,1,52
167,0.9574015997350216,1,52
168,0.9574015997350216,1,52
169,0.9574015997350216,1,52
170,0.9574015997350216,1,52
171,0.9574015997350216,1,52
172,0.9574015997350216,1,52
173,0.9574015997350216,1,52
174,0.9574015997350216,1,52
175,0.9574015997350216,1,52
176,0.9574015997350216,1,52
177,0.9574016220867634,1,52
178,0.9574016220867634,1,52
179,0.9574016220867634,1,52
180,0.9574016220867634,1,52
181,0.9574016220867634,1,52
182,0.9574016220867634,1,52
183,0.9574016220867634,1,52
184,0.9574016220867634,1,52
185,0.9574016220867634,1,52
186,0.9574016220867634,1,52
187,0.9574016220867634,1,52
188,0.9574016220867634,1,52
189,0.9574016220867634,1,52
190,0.9574015997350216,1,52
191,0.9574015997350216,1,52
192,0.9574015997350216,1,52
193,0.9574015997350216,1,52
194,0.9574015997350216,1,52
195,0.9574015997350216,1,52
196,0.9574015997350216,1,52
197,0.9574015997350216,1,52
198,0.9574015997350216,1,52
199,0.9574015997350216,1,52
200,0.9574015997350216,1,52
1,1.1920928955078125e-07,1,53
2,1.1920928955078125e-07,1,53
3,1.1920928955078125e-07,1,53
4,1.1920928955078125e-07,1,53
5,1.1920928955078125e-07,1,53
6,1.1920928955078125e-07,1,53
7,1.1920928955078125e-07,1,53
8,1.1920928955078125e-07,1,53
9,1.1920928955078125e-07,1,53
10,1.1920928955078125e-07,1,53
11,1.1920928955078125e-07,1,53
12,1.1920928955078125e-07,1,53
13,1.1920928955078125e-07,1,53
14,1.1920928955078125e-07,1,53
15,1.1920928955078125e-07,1,53
16,1.1920928955078125e-07,1,53
17,1.1920928955078125e-07,1,53
18,1.1920928955078125e-07,1,53
19,1.1920928955078125e-07,1,53
20,1.1920928955078125e-07,1,53
21,1.1920928955078125e-07,1,53
22,1.1920928955078125e-07,1,53
23,1.1920928955078125e-07,1,53
24,1.1920928955078125e-07,1,53
25,1.1920928955078125e-07,1,53
26,1.1920928955078125e-07,1,53
27,1.1920928955078125e-07,1,53
28,1.1920928955078125e-07,1,53
29,1.1920928955078125e-07,1,53
30,1.1920928955078125e-07,1,53
31,1.1920928955078125e-07,1,53
32,1.1920928955078125e-07,1,53
33,1.1920928955078125e-07,1,53
34,1.1920928955078125e-07,1,53
35,1.1920928955078125e-07,1,53
36,1.1920928955078125e-07,1,53
37,1.1920928955078125e-07,1,53
38,1.1920928955078125e-07,1,53
39,1.1920928955078125e-07,1,53
40,1.1920928955078125e-07,1,53
41,1.1920928955078125e-07,1,53
42,1.1920928955078125e-07,1,53
43,1.1920928955078125e-07,1,53
44,1.1920928955078125e-07,1,53
45,1.1920928955078125e-07,1,53
46,1.1920928955078125e-07,1,53
47,1.1920928955078125e-07,1,53
48,1.1920928955078125e-07,1,53
49,1.1920928955078125e-07,1,53
50,1.1920928955078125e-07,1,53
51,1.1920928955078125e-07,1,53
52,1.1920928955078125e-07,1,53
53,1.1920928955078125e-07,1,53
54,1.1920928955078125e-07,1,53
55,1.1920928955078125e-07,1,53
56,1.1920928955078125e-07,1,53
57,1.1920928955078125e-07,1,53
58,1.1920928955078125e-07,1,53
59,1.1920928955078125e-07,1,53
60,1.1920928955078125e-07,1,53
61,1.1920928955078125e-07,1,53
62,1.1920928955078125e-07,1,53
63,1.1920928955078125e-07,1,53
64,1.1920928955078125e-07,1,53
65,1.1920928955078125e-07,1,53
66,1.1920928955078125e-07,1,53
67,1.1920928955078125e-07,1,53
68,1.1920928955078125e-07,1,53
69,1.1920928955078125e-07,1,53
70,1.1920928955078125e-07,1,53
71,1.1920928955078125e-07,1,53
72,1.1920928955078125e-07,1,53
73,1.1920928955078125e-07,1,53
74,1.1920928955078125e-07,1,53
75,1.1920928955078125e-07,1,53
76,1.1920928955078125e-07,1,53
77,1.1920928955078125e-07,1,53
78,1.1920928955078125e-07,1,53
79,1.1920928955078125e-07,1,53
80,1.1920928955078125e-07,1,53
81,1.1920928955078125e-07,1,53
82,1.1920928955078125e-07,1,53
83,1.1920928955078125e-07,1,53
84,1.1920928955078125e-07,1,53
85,1.1920928955078125e-07,1,53
86,1.1920928955078125e-07,1,53
87,1.1920928955078125e-07,1,53
88,1.1920928955078125e-07,1,53
89,1.1920928955078125e-07,1,53
90,1.1920928955078125e-07,1,53
91,1.1920928955078125e-07,1,53
92,1.1920928955078125e-07,1,53
93,1.1920928955078125e-07,1,53
94,1.1920928955078125e-07,1,53
95,1.1920928955078125e-07,1,53
96,1.1920928955078125e-07,1,53
97,1.1920928955078125e-07,1,53
98,1.1920928955078125e-07,1,53
99,1.1920928955078125e-07,1,53
100,1.1920928955078125e-07,1,53
101,1.1920928955078125e-07,1,53
102,1.1920928955078125e-07,1,53
103,1.1920928955078125e-07,1,53
104,1.1920928955078125e-07,1,53
105,1.1920928955078125e-07,1,53
106,1.1920928955078125e-07,1,53
107,1.1920928955078125e-07,1,53
108,1.1920928955078125e-07,1,53
109,1.1920928955078125e-07,1,53
110,1.1920928955078125e-07,1,53
111,1.1920928955078125e-07,1,53
112,1.1920928955078125e-07,1,53
113,1.1920928955078125e-07,1,53
114,1.1920928955078125e-07,1,53
115,1.1920928955078125e-07,1,53
116,1.1920928955078125e-07,1,53
117,1.1920928955078125e-07,1,53
118,1.1920928955078125e-07,1,53
119,1.1920928955078125e-07,1,53
120,1.1920928955078125e-07,1,53
121,1.1920928955078125e-07,1,53
122,1.1920928955078125e-07,1,53
123,1.1920928955078125e-07,1,53
124,1.1920928955078125e-07,1,53
125,1.1920928955078125e-07,1,53
126,1.1920928955078125e-07,1,53
127,1.1920928955078125e-07,1,53
128,1.1920928955078125e-07,1,53
129,1.1920928955078125e-07,1,53
130,1.1920928955078125e-07,1,53
131,1.1920928955078125e-07,1,53
132,1.1920928955078125e-07,1,53
133,1.1920928955078125e-07,1,53
134,1.1920928955078125e-07,1,53
135,1.1920928955078125e-07,1,53
136,1.1920928955078125e-07,1,53
137,1.1920928955078125e-07,1,53
138,1.1920928955078125e-07,1,53
139,1.1920928955078125e-07,1,53
140,1.1920928955078125e-07,1,53
141,1.1920928955078125e-07,1,53
142,1.1920928955078125e-07,1,53
143,1.1920928955078125e-07,1,53
144,1.1920928955078125e-07,1,53
145,1.1920928955078125e-07,1,53
146,1.1920928955078125e-07,1,53
147,1.1920928955078125e-07,1,53
148,1.1920928955078125e-07,1,53
149,1.1920928955078125e-07,1,53
150,1.1920928955078125e-07,1,53
151,1.1920928955078125e-07,1,53
152,1.1920928955078125e-07,1,53
153,1.1920928955078125e-07,1,53
154,1.1920928955078125e-07,1,53
155,1.1920928955078125e-07,1,53
156,1.1920928955078125e-07,1,53
157,1.1920928955078125e-07,1,53
158,1.1920928955078125e-07,1,53
159,1.1920928955078125e-07,1,53
160,1.1920928955078125e-07,1,53
161,1.1920928955078125e-07,1,53
162,1.1920928955078125e-07,1,53
163,1.1920928955078125e-07,1,53
164,1.1920928955078125e-07,1,53
165,1.1920928955078125e-07,1,53
166,1.1920928955078125e-07,1,53
167,1.1920928955078125e-07,1,53
168,1.1920928955078125e-07,1,53
169,1.1920928955078125e-07,1,53
170,1.1920928955078125e-07,1,53
171,1.1920928955078125e-07,1,53
172,1.1920928955078125e-07,1,53
173,1.1920928955078125e-07,1,53
174,1.1920928955078125e-07,1,53
175,1.1920928955078125e-07,1,53
176,1.1920928955078125e-07,1,53
177,1.1920928955078125e-07,1,53
178,1.1920928955078125e-07,1,53
179,1.1920928955078125e-07,1,53
180,1.1920928955078125e-07,1,53
181,1.1920928955078125e-07,1,53
182,1.1920928955078125e-07,1,53
183,1.1920928955078125e-07,1,53
184,1.1920928955078125e-07,1,53
185,1.1920928955078125e-07,1,53
186,1.1920928955078125e-07,1,53
187,1.1920928955078125e-07,1,53
188,1.1920928955078125e-07,1,53
189,1.1920928955078125e-07,1,53
190,1.1920928955078125e-07,1,53
191,1.1920928955078125e-07,1,53
192,1.1920928955078125e-07,1,53
193,1.1920928955078125e-07,1,53
194,1.1920928955078125e-07,1,53
195,1.1920928955078125e-07,1,53
196,1.1920928955078125e-07,1,53
197,1.1920928955078125e-07,1,53
198,1.1920928955078125e-07,1,53
199,1.1920928955078125e-07,1,53
200,1.1920928955078125e-07,1,53
1,0.99999999813592,1,54
2,0.9999999981317269,1,54
3,0.9999999981360337,1,54
4,0.9999999981359982,1,54
5,0.9999999981360126,1,54
6,0.9999999981360126,1,54
7,0.9999999981360126,1,54
8,0.9999999981360126,1,54
9,0.9999999981358205,1,54
10,0.9999999981358205,1,54
11,0.9999999981358205,1,54
12,0.9999999981358205,1,54
13,0.9999999981358205,1,54
14,0.9999999981360017,1,54
15,0.9999999981360017,1,54
16,0.9999999981360017,1,54
17,0.9999999981360017,1,54
18,0.9999999981360017,1,54
19,0.9999999981360017,1,54
20,0.9999999981360017,1,54
21,0.9999999981360017,1,54
22,0.9999999981360017,1,54
23,0.9999999981359982,1,54
24,0.9999999981359982,1,54
25,0.9999999981359982,1,54
26,0.9999999981359982,1,54
27,0.9999999981359982,1,54
28,0.9999999981359982,1,54
29,0.9999999981359982,1,54
30,0.9999999981360017,1,54
31,0.9999999981360017,1,54
32,0.9999999981360017,1,54
33,0.9999999981360017,1,54
34,0.9999999981360017,1,54
35,0.9999999981360017,1,54
36,0.9999999981360017,1,54
37,0.9999999981360017,1,54
38,0.9999999981360017,1,54
39,0.9999999981360017,1,54
40,0.9999999981360017,1,54
41,0.9999999981360017,1,54
42,0.9999999981360017,1,54
43,0.9999999981360017,1,54
44,0.9999999981360017,1,54
45,0.9999999981360017,1,54
46,0.9999999981360017,1,54
47,0.9999999981360017,1,54
48,0.9999999981360017,1,54
49,0.9999999981360017,1,54
50,0.9999999981360017,1,54
51,0.9999999981360017,1,54
52,0.9999999981360017,1,54
53,0.9999999981360017,1,54
54,0.9999999981360017,1,54
55,0.9999999981360017,1,54
56,0.9999999981360017,1,54
57,0.9999999981360017,1,54
58,0.9999999981360017,1,54
59,0.9999999981360017,1,54
60,0.9999999981360017,1,54
61,0.9999999981360017,1,54
62,0.9999999981360017,1,54
63,0.9999999981360017,1,54
64,0.9999999981360017,1,54
65,0.9999999981360017,1,54
66,0.9999999981360017,1,54
67,0.9999999981360017,1,54
68,0.9999999981360017,1,54
69,0.9999999981360017,1,54
70,0.9999999981360017,1,54
71,0.9999999981360017,1,54
72,0.9999999981360017,1,54
73,0.9999999981360017,1,54
74,0.9999999981360017,1,54
75,0.9999999981360017,1,54
76,0.9999999981360017,1,54
77,0.9999999981360017,1,54
78,0.9999999981360017,1,54
79,0.9999999981360017,1,54
80,0.9999999981360017,1,54
81,0.9999999981360017,1,54
82,0.9999999981360017,1,54
83,0.9999999981360017,1,54
84,0.9999999981360017,1,54
85,0.9999999981360017,1,54
86,0.9999999981360017,1,54
87,0.9999999981360017,1,54
88,0.9999999981360017,1,54
89,0.9999999981360017,1,54
90,0.9999999981360017,1,54
91,0.9999999981360017,1,54
92,0.9999999981360017,1,54
93,0.9999999981360017,1,54
94,0.9999999981360017,1,54
95,0.9999999981360017,1,54
96,0.9999999981360017,1,54
97,0.9999999981360017,1,54
98,0.9999999981360017,1,54
99,0.9999999981360017,1,54
100,0.9999999981360017,1,54
101,0.9999999981360017,1,54
102,0.9999999981360017,1,54
103,0.9999999981360017,1,54
104,0.9999999981360017,1,54
105,0.9999999981360017,1,54
106,0.9999999981360017,1,54
107,0.9999999981360017,1,54
108,0.9999999981360017,1,54
109,0.9999999981360017,1,54
110,0.9999999981360017,1,54
111,0.9999999981360017,1,54
112,0.9999999981360017,1,54
113,0.9999999981360017,1,54
114,0.9999999981360017,1,54
115,0.9999999981360017,1,54
116,0.9999999981360017,1,54
117,0.9999999981360017,1,54
118,0.9999999981360017,1,54
119,0.9999999981360017,1,54
120,0.9999999981360017,1,54
121,0.9999999981360017,1,54
122,0.9999999981360017,1,54
123,0.9999999981360017,1,54
124,0.9999999981360017,1,54
125,0.9999999981360017,1,54
126,0.9999999981360017,1,54
127,0.9999999981360017,1,54
128,0.9999999981360017,1,54
129,0.9999999981360017,1,54
130,0.9999999981360017,1,54
131,0.9999999981360017,1,54
132,0.9999999981360017,1,54
133,0.9999999981360017,1,54
134,0.9999999981360017,1,54
135,0.9999999981360017,1,54
136,0.9999999981360017,1,54
137,0.9999999981360017,1,54
138,0.9999999981360017,1,54
139,0.9999999981360017,1,54
140,0.9999999981360017,1,54
141,0.9999999981360017,1,54
142,0.9999999981360017,1,54
143,0.9999999981360017,1,54
144,0.9999999981360017,1,54
145,0.9999999981360017,1,54
146,0.9999999981360017,1,54
147,0.9999999981360017,1,54
148,0.9999999981360017,1,54
149,0.9999999981360017,1,54
150,0.9999999981360017,1,54
151,0.9999999981360017,1,54
152,0.9999999981360017,1,54
153,0.9999999981360017,1,54
154,0.9999999981360017,1,54
155,0.9999999981360017,1,54
156,0.9999999981360017,1,54
157,0.9999999981360017,1,54
158,0.9999999981360017,1,54
159,0.9999999981360017,1,54
160,0.9999999981360017,1,54
161,0.9999999981360017,1,54
162,0.9999999981360017,1,54
163,0.9999999981360017,1,54
164,0.9999999981360017,1,54
165,0.9999999981360017,1,54
166,0.9999999981360017,1,54
167,0.9999999981360017,1,54
168,0.9999999981360017,1,54
169,0.9999999981360017,1,54
170,0.9999999981360017,1,54
171,0.9999999981360017,1,54
172,0.9999999981360017,1,54
173,0.9999999981360017,1,54
174,0.9999999981360017,1,54
175,0.9999999981360017,1,54
176,0.9999999981360017,1,54
177,0.9999999981360017,1,54
178,0.9999999981360017,1,54
179,0.9999999981360017,1,54
180,0.9999999981360017,1,54
181,0.9999999981360017,1,54
182,0.9999999981360017,1,54
183,0.9999999981360017,1,54
184,0.9999999981360017,1,54
185,0.9999999981360017,1,54
186,0.9999999981360017,1,54
187,0.9999999981360017,1,54
188,0.9999999981360017,1,54
189,0.9999999981360017,1,54
190,0.9999999981360017,1,54
191,0.9999999981360017,1,54
192,0.9999999981360017,1,54
193,0.9999999981360017,1,54
194,0.9999999981360017,1,54
195,0.9999999981360017,1,54
196,0.9999999981360017,1,54
197,0.9999999981360017,1,54
198,0.9999999981360017,1,54
199,0.9999999981360017,1,54
200,0.9999999981360017,1,54
1,0.9998192842322169,1,55
2,0.999818923039129,1,55
3,0.999818923039129,1,55
4,0.9998186683660606,1,55
5,0.9998189641482895,1,55
6,0.9998189641482895,1,55
7,0.9998189698526403,1,55
8,0.9998189698526403,1,55
9,0.9998189698526403,1,55
10,0.9998189698526403,1,55
11,0.9998189698526403,1,55
12,0.9998189698526403,1,55
13,0.9998189698526403,1,55
14,0.9998189698526403,1,55
15,0.9998189698526403,1,55
16,0.9998189575708238,1,55
17,0.9998189675970934,1,55
18,0.9998189675970934,1,55
19,0.9998189675970934,1,55
20,0.9998189675970934,1,55
21,0.9998189675970934,1,55
22,0.9998189675970934,1,55
23,0.9998189675970934,1,55
24,0.9998189675970934,1,55
25,0.9998189675970934,1,55
26,0.9998189675970934,1,55
27,0.9998189675970934,1,55
28,0.9998189675970934,1,55
29,0.9998189675970934,1,55
30,0.9998189675970934,1,55
31,0.9998189675970934,1,55
32,0.9998189675970934,1,55
33,0.9998189675970934,1,55
34,0.9998189675970934,1,55
35,0.9998189675970934,1,55
36,0.9998189675970934,1,55
37,0.9998189675970934,1,55
38,0.9998189675970934,1,55
39,0.9998189675970934,1,55
40,0.9998189675970934,1,55
41,0.9998189675970934,1,55
42,0.9998189675970934,1,55
43,0.9998189675970934,1,55
44,0.9998189675970934,1,55
45,0.9998189675970934,1,55
46,0.9998189675970934,1,55
47,0.9998189675970934,1,55
48,0.9998189675970934,1,55
49,0.9998189675970934,1,55
50,0.9998189675970934,1,55
51,0.9998189675970934,1,55
52,0.9998189675970934,1,55
53,0.9998189675970934,1,55
54,0.9998189675970934,1,55
55,0.9998189675970934,1,55
56,0.9998189675970934,1,55
57,0.9998189675970934,1,55
58,0.9998189675970934,1,55
59,0.9998189675970934,1,55
60,0.9998189675970934,1,55
61,0.9998189675970934,1,55
62,0.9998189675970934,1,55
63,0.9998189675970934,1,55
64,0.9998189675970934,1,55
65,0.9998189675970934,1,55
66,0.9998189675970934,1,55
67,0.9998189675970934,1,55
68,0.9998189675970934,1,55
69,0.9998189675970934,1,55
70,0.9998189675970934,1,55
71,0.9998189675970934,1,55
72,0.9998189675970934,1,55
73,0.9998189675970934,1,55
74,0.9998189675970934,1,55
75,0.9998189675970934,1,55
76,0.9998189675970934,1,55
77,0.9998189675970934,1,55
78,0.9998189675970934,1,55
79,0.9998189675970934,1,55
80,0.9998189675970934,1,55
81,0.9998189675970934,1,55
82,0.9998189675970934,1,55
83,0.9998189675970934,1,55
84,0.9998189675970934,1,55
85,0.9998189675970934,1,55
86,0.9998189675970934,1,55
87,0.9998189675970934,1,55
88,0.9998189675970934,1,55
89,0.9998189675970934,1,55
90,0.9998189675970934,1,55
91,0.9998189675970934,1,55
92,0.9998189675970934,1,55
93,0.9998189675970934,1,55
94,0.9998189675970934,1,55
95,0.9998189675970934,1,55
96,0.9998189675970934,1,55
97,0.9998189675970934,1,55
98,0.9998189675970934,1,55
99,0.9998189675970934,1,55
100,0.9998189675970934,1,55
101,0.9998189675970934,1,55
102,0.9998189675970934,1,55
103,0.9998189675970934,1,55
104,0.9998189675970934,1,55
105,0.9998189675970934,1,55
106,0.9998189675970934,1,55
107,0.9998189675970934,1,55
108,0.9998189675970934,1,55
109,0.9998189675970934,1,55
110,0.9998189675970934,1,55
111,0.9998189675970934,1,55
112,0.9998189675970934,1,55
113,0.9998189675970934,1,55
114,0.9998189675970934,1,55
115,0.9998189675970934,1,55
116,0.9998189675970934,1,55
117,0.9998189675970934,1,55
118,0.9998189675970934,1,55
119,0.9998189675970934,1,55
120,0.9998189675970934,1,55
121,0.9998189675970934,1,55
122,0.9998189675970934,1,55
123,0.9998189675970934,1,55
124,0.9998189675970934,1,55
125,0.9998189675970934,1,55
126,0.9998189675970934,1,55
127,0.9998189675970934,1,55
128,0.9998189675970934,1,55
129,0.9998189675970934,1,55
130,0.9998189675970934,1,55
131,0.9998189675970934,1,55
132,0.9998189675970934,1,55
133,0.9998189675970934,1,55
134,0.9998189675970934,1,55
135,0.9998189675970934,1,55
136,0.9998189675970934,1,55
137,0.9998189675970934,1,55
138,0.9998189675970934,1,55
139,0.9998189675970934,1,55
140,0.9998189675970934,1,55
141,0.9998189675970934,1,55
142,0.9998189675970934,1,55
143,0.9998189675970934,1,55
144,0.9998189675970934,1,55
145,0.9998189675970934,1,55
146,0.9998189675970934,1,55
147,0.9998189675970934,1,55
148,0.9998189675970934,1,55
149,0.9998189675970934,1,55
150,0.9998189675970934,1,55
151,0.9998189675970934,1,55
152,0.9998189675970934,1,55
153,0.9998189675970934,1,55
154,0.9998189675970934,1,55
155,0.9998189675970934,1,55
156,0.9998189675970934,1,55
157,0.9998189675970934,1,55
158,0.9998189675970934,1,55
159,0.9998189675970934,1,55
160,0.9998189675970934,1,55
161,0.9998189675970934,1,55
162,0.9998189675970934,1,55
163,0.9998189675970934,1,55
164,0.9998189675970934,1,55
165,0.9998189675970934,1,55
166,0.9998189675970934,1,55
167,0.9998189675970934,1,55
168,0.9998189675970934,1,55
169,0.9998189675970934,1,55
170,0.9998189675970934,1,55
171,0.9998189675970934,1,55
172,0.9998189675970934,1,55
173,0.9998189675970934,1,55
174,0.9998189675970934,1,55
175,0.9998189675970934,1,55
176,0.9998189675970934,1,55
177,0.9998189675970934,1,55
178,0.9998189675970934,1,55
179,0.9998189675970934,1,55
180,0.9998189675970934,1,55
181,0.9998189675970934,1,55
182,0.9998189675970934,1,55
183,0.9998189675970934,1,55
184,0.9998189675970934,1,55
185,0.9998189675970934,1,55
186,0.9998189675970934,1,55
187,0.9998189675970934,1,55
188,0.9998189675970934,1,55
189,0.9998189675970934,1,55
190,0.9998189675970934,1,55
191,0.9998189675970934,1,55
192,0.9998189675970934,1,55
193,0.9998189675970934,1,55
194,0.9998189675970934,1,55
195,0.9998189675970934,1,55
196,0.9998189675970934,1,55
197,0.9998189675970934,1,55
198,0.9998189675970934,1,55
199,0.9998189675970934,1,55
200,0.9998189675970934,1,55
1,0.0,1,56
2,0.0,1,56
3,0.0,1,56
4,0.0,1,56
5,0.0,1,56
6,0.0,1,56
7,0.0,1,56
8,0.0,1,56
9,0.0,1,56
10,0.0,1,56
11,0.0,1,56
12,0.0,1,56
13,0.0,1,56
14,0.0,1,56
15,0.0,1,56
16,0.0,1,56
17,0.0,1,56
18,0.0,1,56
19,0.0,1,56
20,0.0,1,56
21,0.0,1,56
22,0.0,1,56
23,0.0,1,56
24,0.0,1,56
25,0.0,1,56
26,0.0,1,56
27,0.0,1,56
28,0.0,1,56
29,0.0,1,56
30,0.0,1,56
31,0.0,1,56
32,0.0,1,56
33,0.0,1,56
34,0.0,1,56
35,0.0,1,56
36,0.0,1,56
37,0.0,1,56
38,0.0,1,56
39,0.0,1,56
40,0.0,1,56
41,0.0,1,56
42,0.0,1,56
43,0.0,1,56
44,0.0,1,56
45,0.0,1,56
46,0.0,1,56
47,0.0,1,56
48,0.0,1,56
49,0.0,1,56
50,0.0,1,56
51,0.0,1,56
52,0.0,1,56
53,0.0,1,56
54,0.0,1,56
55,0.0,1,56
56,0.0,1,56
57,0.0,1,56
58,0.0,1,56
59,0.0,1,56
60,0.0,1,56
61,0.0,1,56
62,0.0,1,56
63,0.0,1,56
64,0.0,1,56
65,0.0,1,56
66,0.0,1,56
67,0.0,1,56
68,0.0,1,56
69,0.0,1,56
70,0.0,1,56
71,0.0,1,56
72,0.0,1,56
73,0.0,1,56
74,0.0,1,56
75,0.0,1,56
76,0.0,1,56
77,0.0,1,56
78,0.0,1,56
79,0.0,1,56
80,0.0,1,56
81,0.0,1,56
82,0.0,1,56
83,0.0,1,56
84,0.0,1,56
85,0.0,1,56
86,0.0,1,56
87,0.0,1,56
88,0.0,1,56
89,0.0,1,56
90,0.0,1,56
91,0.0,1,56
92,0.0,1,56
93,0.0,1,56
94,0.0,1,56
95,0.0,1,56
96,0.0,1,56
97,0.0,1,56
98,0.0,1,56
99,0.0,1,56
100,0.0,1,56
101,0.0,1,56
102,0.0,1,56
103,0.0,1,56
104,0.0,1,56
105,0.0,1,56
106,0.0,1,56
107,0.0,1,56
108,0.0,1,56
109,0.0,1,56
110,0.0,1,56
111,0.0,1,56
112,0.0,1,56
113,0.0,1,56
114,0.0,1,56
115,0.0,1,56
116,0.0,1,56
117,0.0,1,56
118,0.0,1,56
119,0.0,1,56
120,0.0,1,56
121,0.0,1,56
122,0.0,1,56
123,0.0,1,56
124,0.0,1,56
125,0.0,1,56
126,0.0,1,56
127,0.0,1,56
128,0.0,1,56
129,0.0,1,56
130,0.0,1,56
131,0.0,1,56
132,0.0,1,56
133,0.0,1,56
134,0.0,1,56
135,0.0,1,56
136,0.0,1,56
137,0.0,1,56
138,0.0,1,56
139,0.0,1,56
140,0.0,1,56
141,0.0,1,56
142,0.0,1,56
143,0.0,1,56
144,0.0,1,56
145,0.0,1,56
146,0.0,1,56
147,0.0,1,56
148,0.0,1,56
149,0.0,1,56
150,0.0,1,56
151,0.0,1,56
152,0.0,1,56
153,0.0,1,56
154,0.0,1,56
155,0.0,1,56
156,0.0,1,56
157,0.0,1,56
158,0.0,1,56
159,0.0,1,56
160,0.0,1,56
161,0.0,1,56
162,0.0,1,56
163,0.0,1,56
164,0.0,1,56
165,0.0,1,56
166,0.0,1,56
167,0.0,1,56
168,0.0,1,56
169,0.0,1,56
170,0.0,1,56
171,0.0,1,56
172,0.0,1,56
173,0.0,1,56
174,0.0,1,56
175,0.0,1,56
176,0.0,1,56
177,0.0,1,56
178,0.0,1,56
179,0.0,1,56
180,0.0,1,56
181,0.0,1,56
182,0.0,1,56
183,0.0,1,56
184,0.0,1,56
185,0.0,1,56
186,0.0,1,56
187,0.0,1,56
188,0.0,1,56
189,0.0,1,56
190,0.0,1,56
191,0.0,1,56
192,0.0,1,56
193,0.0,1,56
194,0.0,1,56
195,0.0,1,56
196,0.0,1,56
197,0.0,1,56
198,0.0,1,56
199,0.0,1,56
200,0.0,1,56
1,0.0,1,57
2,0.0,1,57
3,0.0,1,57
4,0.0,1,57
5,0.0,1,57
6,0.0,1,57
7,0.0,1,57
8,0.0,1,57
9,0.0,1,57
10,0.0,1,57
11,0.0,1,57
12,0.0,1,57
13,0.0,1,57
14,0.0,1,57
15,0.0,1,57
16,0.0,1,57
17,0.0,1,57
18,0.0,1,57
19,0.0,1,57
20,0.0,1,57
21,0.0,1,57
22,0.0,1,57
23,0.0,1,57
24,0.0,1,57
25,0.0,1,57
26,0.0,1,57
27,0.0,1,57
28,0.0,1,57
29,0.0,1,57
30,0.0,1,57
31,0.0,1,57
32,0.0,1,57
33,0.0,1,57
34,0.0,1,57
35,0.0,1,57
36,0.0,1,57
37,0.0,1,57
38,0.0,1,57
39,0.0,1,57
40,0.0,1,57
41,0.0,1,57
42,0.0,1,57
43,0.0,1,57
44,0.0,1,57
45,0.0,1,57
46,0.0,1,57
47,0.0,1,57
48,0.0,1,57
49,0.0,1,57
50,0.0,1,57
51,0.0,1,57
52,0.0,1,57
53,0.0,1,57
54,0.0,1,57
55,0.0,1,57
56,0.0,1,57
57,0.0,1,57
58,0.0,1,57
59,0.0,1,57
60,0.0,1,57
61,0.0,1,57
62,0.0,1,57
63,0.0,1,57
64,0.0,1,57
65,0.0,1,57
66,0.0,1,57
67,0.0,1,57
68,0.0,1,57
69,0.0,1,57
70,0.0,1,57
71,0.0,1,57
72,0.0,1,57
73,0.0,1,57
74,0.0,1,57
75,0.0,1,57
76,0.0,1,57
77,0.0,1,57
78,0.0,1,57
79,0.0,1,57
80,0.0,1,57
81,0.0,1,57
82,0.0,1,57
83,0.0,1,57
84,0.0,1,57
85,0.0,1,57
86,0.0,1,57
87,0.0,1,57
88,0.0,1,57
89,0.0,1,57
90,0.0,1,57
91,0.0,1,57
92,0.0,1,57
93,0.0,1,57
94,0.0,1,57
95,0.0,1,57
96,0.0,1,57
97,0.0,1,57
98,0.0,1,57
99,0.0,1,57
100,0.0,1,57
101,0.0,1,57
102,0.0,1,57
103,0.0,1,57
104,0.0,1,57
105,0.0,1,57
106,0.0,1,57
107,0.0,1,57
108,0.0,1,57
109,0.0,1,57
110,0.0,1,57
111,0.0,1,57
112,0.0,1,57
113,0.0,1,57
114,0.0,1,57
115,0.0,1,57
116,0.0,1,57
117,0.0,1,57
118,0.0,1,57
119,0.0,1,57
120,0.0,1,57
121,0.0,1,57
122,0.0,1,57
123,0.0,1,57
124,0.0,1,57
125,0.0,1,57
126,0.0,1,57
127,0.0,1,57
128,0.0,1,57
129,0.0,1,57
130,0.0,1,57
131,0.0,1,57
132,0.0,1,57
133,0.0,1,57
134,0.0,1,57
135,0.0,1,57
136,0.0,1,57
137,0.0,1,57
138,0.0,1,57
139,0.0,1,57
140,0.0,1,57
141,0.0,1,57
142,0.0,1,57
143,0.0,1,57
144,0.0,1,57
145,0.0,1,57
146,0.0,1,57
147,0.0,1,57
148,0.0,1,57
149,0.0,1,57
150,0.0,1,57
151,0.0,1,57
152,0.0,1,57
153,0.0,1,57
154,0.0,1,57
155,0.0,1,57
156,0.0,1,57
157,0.0,1,57
158,0.0,1,57
159,0.0,1,57
160,0.0,1,57
161,0.0,1,57
162,0.0,1,57
163,0.0,1,57
164,0.0,1,57
165,0.0,1,57
166,0.0,1,57
167,0.0,1,57
168,0.0,1,57
169,0.0,1,57
170,0.0,1,57
171,0.0,1,57
172,0.0,1,57
173,0.0,1,57
174,0.0,1,57
175,0.0,1,57
176,0.0,1,57
177,0.0,1,57
178,0.0,1,57
179,0.0,1,57
180,0.0,1,57
181,0.0,1,57
182,0.0,1,57
183,0.0,1,57
184,0.0,1,57
185,0.0,1,57
186,0.0,1,57
187,0.0,1,57
188,0.0,1,57
189,0.0,1,57
190,0.0,1,57
191,0.0,1,57
192,0.0,1,57
193,0.0,1,57
194,0.0,1,57
195,0.0,1,57
196,0.0,1,57
197,0.0,1,57
198,0.0,1,57
199,0.0,1,57
200,0.0,1,57
1,0.9999347461489378,1,58
2,0.9999351861042669,1,58
3,0.9999351861042669,1,58
4,0.9999349827412516,1,58
5,0.9999348433484556,1,58
6,0.9999348433484556,1,58
7,0.9999348434066633,1,58
8,0.9999348434066633,1,58
9,0.9999348434066633,1,58
10,0.9999348434066633,1,58
11,0.9999348434066633,1,58
12,0.9999348434066633,1,58
13,0.9999348434066633,1,58
14,0.9999348434066633,1,58
15,0.9999348434066633,1,58
16,0.9999348441560869,1,58
17,0.9999348435303546,1,58
18,0.9999348435303546,1,58
19,0.9999348435303546,1,58
20,0.9999348435303546,1,58
21,0.9999348435303546,1,58
22,0.9999348435303546,1,58
23,0.9999348435303546,1,58
24,0.9999348435303546,1,58
25,0.9999348435303546,1,58
26,0.9999348435303546,1,58
27,0.9999348435303546,1,58
28,0.9999348435303546,1,58
29,0.9999348435303546,1,58
30,0.9999348435303546,1,58
31,0.9999348435303546,1,58
32,0.9999348435303546,1,58
33,0.9999348435303546,1,58
34,0.9999348435303546,1,58
35,0.9999348435303546,1,58
36,0.9999348435303546,1,58
37,0.9999348435303546,1,58
38,0.9999348435303546,1,58
39,0.9999348435303546,1,58
40,0.9999348435303546,1,58
41,0.9999348435303546,1,58
42,0.9999348435303546,1,58
43,0.9999348435303546,1,58
44,0.9999348435303546,1,58
45,0.9999348435303546,1,58
46,0.9999348435303546,1,58
47,0.9999348435303546,1,58
48,0.9999348435303546,1,58
49,0.9999348435303546,1,58
50,0.9999348435303546,1,58
51,0.9999348435303546,1,58
52,0.9999348435303546,1,58
53,0.9999348435303546,1,58
54,0.9999348435303546,1,58
55,0.9999348435303546,1,58
56,0.9999348435303546,1,58
57,0.9999348435303546,1,58
58,0.9999348435303546,1,58
59,0.9999348435303546,1,58
60,0.9999348435303546,1,58
61,0.9999348435303546,1,58
62,0.9999348435303546,1,58
63,0.9999348435303546,1,58
64,0.9999348435303546,1,58
65,0.9999348435303546,1,58
66,0.9999348435303546,1,58
67,0.9999348435303546,1,58
68,0.9999348435303546,1,58
69,0.9999348435303546,1,58
70,0.9999348435303546,1,58
71,0.9999348435303546,1,58
72,0.9999348435303546,1,58
73,0.9999348435303546,1,58
74,0.9999348435303546,1,58
75,0.9999348435303546,1,58
76,0.9999348435303546,1,58
77,0.9999348435303546,1,58
78,0.9999348435303546,1,58
79,0.9999348435303546,1,58
80,0.9999348435303546,1,58
81,0.9999348435303546,1,58
82,0.9999348435303546,1,58
83,0.9999348435303546,1,58
84,0.9999348435303546,1,58
85,0.9999348435303546,1,58
86,0.9999348435303546,1,58
87,0.9999348435303546,1,58
88,0.9999348435303546,1,58
89,0.9999348435303546,1,58
90,0.9999348435303546,1,58
91,0.9999348435303546,1,58
92,0.9999348435303546,1,58
93,0.9999348435303546,1,58
94,0.9999348435303546,1,58
95,0.9999348435303546,1,58
96,0.9999348435303546,1,58
97,0.9999348435303546,1,58
98,0.9999348435303546,1,58
99,0.9999348435303546,1,58
100,0.9999348435303546,1,58
101,0.9999348435303546,1,58
102,0.9999348435303546,1,58
103,0.9999348435303546,1,58
104,0.9999348435303546,1,58
105,0.9999348435303546,1,58
106,0.9999348435303546,1,58
107,0.9999348435303546,1,58
108,0.9999348435303546,1,58
109,0.9999348435303546,1,58
110,0.9999348435303546,1,58
111,0.9999348435303546,1,58
112,0.9999348435303546,1,58
113,0.9999348435303546,1,58
114,0.9999348435303546,1,58
115,0.9999348435303546,1,58
116,0.9999348435303546,1,58
117,0.9999348435303546,1,58
118,0.9999348435303546,1,58
119,0.9999348435303546,1,58
120,0.9999348435303546,1,58
121,0.9999348435303546,1,58
122,0.9999348435303546,1,58
123,0.9999348435303546,1,58
124,0.9999348435303546,1,58
125,0.9999348435303546,1,58
126,0.9999348435303546,1,58
127,0.9999348435303546,1,58
128,0.9999348435303546,1,58
129,0.9999348435303546,1,58
130,0.9999348435303546,1,58
131,0.9999348435303546,1,58
132,0.9999348435303546,1,58
133,0.9999348435303546,1,58
134,0.9999348435303546,1,58
135,0.9999348435303546,1,58
136,0.9999348435303546,1,58
137,0.9999348435303546,1,58
138,0.9999348435303546,1,58
139,0.9999348435303546,1,58
140,0.9999348435303546,1,58
141,0.9999348435303546,1,58
142,0.9999348435303546,1,58
143,0.9999348435303546,1,58
144,0.9999348435303546,1,58
145,0.9999348435303546,1,58
146,0.9999348435303546,1,58
147,0.9999348435303546,1,58
148,0.9999348435303546,1,58
149,0.9999348435303546,1,58
150,0.9999348435303546,1,58
151,0.9999348435303546,1,58
152,0.9999348435303546,1,58
153,0.9999348435303546,1,58
154,0.9999348435303546,1,58
155,0.9999348435303546,1,58
156,0.9999348435303546,1,58
157,0.9999348435303546,1,58
158,0.9999348435303546,1,58
159,0.9999348435303546,1,58
160,0.9999348435303546,1,58
161,0.9999348435303546,1,58
162,0.9999348435303546,1,58
163,0.9999348435303546,1,58
164,0.9999348435303546,1,58
165,0.9999348435303546,1,58
166,0.9999348435303546,1,58
167,0.9999348435303546,1,58
168,0.9999348435303546,1,58
169,0.9999348435303546,1,58
170,0.9999348435303546,1,58
171,0.9999348435303546,1,58
172,0.9999348435303546,1,58
173,0.9999348435303546,1,58
174,0.9999348435303546,1,58
175,0.9999348435303546,1,58
176,0.9999348435303546,1,58
177,0.9999348435303546,1,58
178,0.9999348435303546,1,58
179,0.9999348435303546,1,58
180,0.9999348435303546,1,58
181,0.9999348435303546,1,58
182,0.9999348435303546,1,58
183,0.9999348435303546,1,58
184,0.9999348435303546,1,58
185,0.9999348435303546,1,58
186,0.9999348435303546,1,58
187,0.9999348435303546,1,58
188,0.9999348435303546,1,58
189,0.9999348435303546,1,58
190,0.9999348435303546,1,58
191,0.9999348435303546,1,58
192,0.9999348435303546,1,58
193,0.9999348435303546,1,58
194,0.9999348435303546,1,58
195,0.9999348435303546,1,58
196,0.9999348435303546,1,58
197,0.9999348435303546,1,58
198,0.9999348435303546,1,58
199,0.9999348435303546,1,58
200,0.9999348435303546,1,58
1,0.00328141450881958,1,59
2,0.00328141450881958,1,59
3,0.00328141450881958,1,59
4,0.00328141450881958,1,59
5,0.0032986998558044434,1,59
6,0.0032986998558044434,1,59
7,0.0032986998558044434,1,59
8,0.0032986998558044434,1,59
9,0.003297865390777588,1,59
10,0.003297746181488037,1,59
11,0.003297746181488037,1,59
12,0.003297746181488037,1,59
13,0.003297746181488037,1,59
14,0.003297746181488037,1,59
15,0.003297746181488037,1,59
16,0.003297746181488037,1,59
17,0.003297746181488037,1,59
18,0.003297746181488037,1,59
19,0.003297746181488037,1,59
20,0.003297746181488037,1,59
21,0.003297746181488037,1,59
22,0.003297746181488037,1,59
23,0.003297746181488037,1,59
24,0.003297746181488037,1,59
25,0.003297746181488037,1,59
26,0.003297746181488037,1,59
27,0.003297746181488037,1,59
28,0.003297746181488037,1,59
29,0.003297746181488037,1,59
30,0.003297746181488037,1,59
31,0.003297746181488037,1,59
32,0.003297746181488037,1,59
33,0.003297746181488037,1,59
34,0.003297746181488037,1,59
35,0.003297746181488037,1,59
36,0.003297746181488037,1,59
37,0.003297746181488037,1,59
38,0.003297746181488037,1,59
39,0.003297746181488037,1,59
40,0.003297746181488037,1,59
41,0.003297746181488037,1,59
42,0.003297746181488037,1,59
43,0.003297746181488037,1,59
44,0.003297746181488037,1,59
45,0.003297746181488037,1,59
46,0.003297746181488037,1,59
47,0.003297746181488037,1,59
48,0.003297746181488037,1,59
49,0.003297746181488037,1,59
50,0.003297746181488037,1,59
51,0.003297746181488037,1,59
52,0.003297746181488037,1,59
53,0.003297746181488037,1,59
54,0.003297746181488037,1,59
55,0.003297746181488037,1,59
56,0.003297746181488037,1,59
57,0.003297746181488037,1,59
58,0.003297746181488037,1,59
59,0.003297746181488037,1,59
60,0.003297746181488037,1,59
61,0.003297746181488037,1,59
62,0.003297746181488037,1,59
63,0.003297746181488037,1,59
64,0.003297746181488037,1,59
65,0.003297746181488037,1,59
66,0.003297746181488037,1,59
67,0.003297746181488037,1,59
68,0.003297746181488037,1,59
69,0.003297746181488037,1,59
70,0.003297746181488037,1,59
71,0.003297746181488037,1,59
72,0.003297746181488037,1,59
73,0.003297746181488037,1,59
74,0.003297746181488037,1,59
75,0.003297746181488037,1,59
76,0.003297746181488037,1,59
77,0.003297746181488037,1,59
78,0.003297746181488037,1,59
79,0.003297746181488037,1,59
80,0.003297746181488037,1,59
81,0.003297746181488037,1,59
82,0.003297746181488037,1,59
83,0.003297746181488037,1,59
84,0.003297746181488037,1,59
85,0.003297746181488037,1,59
86,0.003297746181488037,1,59
87,0.003297746181488037,1,59
88,0.003297746181488037,1,59
89,0.003297746181488037,1,59
90,0.003297746181488037,1,59
91,0.003297746181488037,1,59
92,0.003297746181488037,1,59
93,0.003297746181488037,1,59
94,0.003297746181488037,1,59
95,0.003297746181488037,1,59
96,0.003297746181488037,1,59
97,0.003297746181488037,1,59
98,0.003297746181488037,1,59
99,0.003297746181488037,1,59
100,0.003297746181488037,1,59
101,0.003297746181488037,1,59
102,0.003297746181488037,1,59
103,0.003297746181488037,1,59
104,0.003297746181488037,1,59
105,0.003297746181488037,1,59
106,0.003297746181488037,1,59
107,0.003297746181488037,1,59
108,0.003297746181488037,1,59
109,0.003297746181488037,1,59
110,0.003297746181488037,1,59
111,0.003297746181488037,1,59
112,0.003297746181488037,1,59
113,0.003297746181488037,1,59
114,0.003297746181488037,1,59
115,0.003297746181488037,1,59
116,0.003297746181488037,1,59
117,0.003297746181488037,1,59
118,0.003297746181488037,1,59
119,0.003297746181488037,1,59
120,0.003297746181488037,1,59
121,0.003297746181488037,1,59
122,0.003297746181488037,1,59
123,0.003297746181488037,1,59
124,0.003297746181488037,1,59
125,0.003297746181488037,1,59
126,0.003297746181488037,1,59
127,0.003297746181488037,1,59
128,0.003297746181488037,1,59
129,0.003297746181488037,1,59
130,0.003297746181488037,1,59
131,0.003297746181488037,1,59
132,0.003297746181488037,1,59
133,0.003297746181488037,1,59
134,0.003297746181488037,1,59
135,0.003297746181488037,1,59
136,0.003297746181488037,1,59
137,0.003297746181488037,1,59
138,0.003297746181488037,1,59
139,0.003297746181488037,1,59
140,0.003297746181488037,1,59
141,0.003297746181488037,1,59
142,0.003297746181488037,1,59
143,0.003297746181488037,1,59
144,0.003297746181488037,1,59
145,0.003297746181488037,1,59
146,0.003297746181488037,1,59
147,0.003297746181488037,1,59
148,0.003297746181488037,1,59
149,0.003297746181488037,1,59
150,0.003297746181488037,1,59
151,0.003297746181488037,1,59
152,0.003297746181488037,1,59
153,0.003297746181488037,1,59
154,0.003297746181488037,1,59
155,0.003297746181488037,1,59
156,0.003297746181488037,1,59
157,0.003297746181488037,1,59
158,0.003297746181488037,1,59
159,0.003297746181488037,1,59
160,0.003297746181488037,1,59
161,0.003297746181488037,1,59
162,0.003297746181488037,1,59
163,0.003297746181488037,1,59
164,0.003297746181488037,1,59
165,0.003297746181488037,1,59
166,0.003297746181488037,1,59
167,0.003297746181488037,1,59
168,0.003297746181488037,1,59
169,0.003297746181488037,1,59
170,0.003297746181488037,1,59
171,0.003297746181488037,1,59
172,0.003297746181488037,1,59
173,0.003297746181488037,1,59
174,0.003297746181488037,1,59
175,0.003297746181488037,1,59
176,0.003297746181488037,1,59
177,0.003297746181488037,1,59
178,0.003297746181488037,1,59
179,0.003297746181488037,1,59
180,0.003297746181488037,1,59
181,0.003297746181488037,1,59
182,0.003297746181488037,1,59
183,0.003297746181488037,1,59
184,0.003297746181488037,1,59
185,0.003297746181488037,1,59
186,0.003297746181488037,1,59
187,0.003297746181488037,1,59
188,0.003297746181488037,1,59
189,0.003297746181488037,1,59
190,0.003297746181488037,1,59
191,0.003297746181488037,1,59
192,0.003297746181488037,1,59
193,0.003297746181488037,1,59
194,0.003297746181488037,1,59
195,0.003297746181488037,1,59
196,0.003297746181488037,1,59
197,0.003297746181488037,1,59
198,0.003297746181488037,1,59
199,0.003297746181488037,1,59
200,0.003297746181488037,1,59
1,2.384185791015625e-07,1,60
2,2.384185791015625e-07,1,60
3,2.384185791015625e-07,1,60
4,2.384185791015625e-07,1,60
5,2.384185791015625e-07,1,60
6,2.384185791015625e-07,1,60
7,2.384185791015625e-07,1,60
8,2.384185791015625e-07,1,60
9,2.384185791015625e-07,1,60
10,2.384185791015625e-07,1,60
11,2.384185791015625e-07,1,60
12,2.384185791015625e-07,1,60
13,2.384185791015625e-07,1,60
14,2.384185791015625e-07,1,60
15,2.384185791015625e-07,1,60
16,2.384185791015625e-07,1,60
17,2.384185791015625e-07,1,60
18,2.384185791015625e-07,1,60
19,2.384185791015625e-07,1,60
20,2.384185791015625e-07,1,60
21,2.384185791015625e-07,1,60
22,2.384185791015625e-07,1,60
23,2.384185791015625e-07,1,60
24,2.384185791015625e-07,1,60
25,2.384185791015625e-07,1,60
26,2.384185791015625e-07,1,60
27,2.384185791015625e-07,1,60
28,2.384185791015625e-07,1,60
29,2.384185791015625e-07,1,60
30,2.384185791015625e-07,1,60
31,2.384185791015625e-07,1,60
32,2.384185791015625e-07,1,60
33,2.384185791015625e-07,1,60
34,2.384185791015625e-07,1,60
35,2.384185791015625e-07,1,60
36,2.384185791015625e-07,1,60
37,2.384185791015625e-07,1,60
38,2.384185791015625e-07,1,60
39,2.384185791015625e-07,1,60
40,2.384185791015625e-07,1,60
41,2.384185791015625e-07,1,60
42,2.384185791015625e-07,1,60
43,2.384185791015625e-07,1,60
44,2.384185791015625e-07,1,60
45,2.384185791015625e-07,1,60
46,2.384185791015625e-07,1,60
47,2.384185791015625e-07,1,60
48,2.384185791015625e-07,1,60
49,2.384185791015625e-07,1,60
50,2.384185791015625e-07,1,60
51,2.384185791015625e-07,1,60
52,2.384185791015625e-07,1,60
53,2.384185791015625e-07,1,60
54,2.384185791015625e-07,1,60
55,2.384185791015625e-07,1,60
56,2.384185791015625e-07,1,60
57,2.384185791015625e-07,1,60
58,2.384185791015625e-07,1,60
59,2.384185791015625e-07,1,60
60,2.384185791015625e-07,1,60
61,2.384185791015625e-07,1,60
62,2.384185791015625e-07,1,60
63,2.384185791015625e-07,1,60
64,2.384185791015625e-07,1,60
65,2.384185791015625e-07,1,60
66,2.384185791015625e-07,1,60
67,2.384185791015625e-07,1,60
68,2.384185791015625e-07,1,60
69,2.384185791015625e-07,1,60
70,2.384185791015625e-07,1,60
71,2.384185791015625e-07,1,60
72,2.384185791015625e-07,1,60
73,2.384185791015625e-07,1,60
74,2.384185791015625e-07,1,60
75,2.384185791015625e-07,1,60
76,2.384185791015625e-07,1,60
77,2.384185791015625e-07,1,60
78,2.384185791015625e-07,1,60
79,2.384185791015625e-07,1,60
80,2.384185791015625e-07,1,60
81,2.384185791015625e-07,1,60
82,2.384185791015625e-07,1,60
83,2.384185791015625e-07,1,60
84,2.384185791015625e-07,1,60
85,2.384185791015625e-07,1,60
86,2.384185791015625e-07,1,60
87,2.384185791015625e-07,1,60
88,2.384185791015625e-07,1,60
89,2.384185791015625e-07,1,60
90,2.384185791015625e-07,1,60
91,2.384185791015625e-07,1,60
92,2.384185791015625e-07,1,60
93,2.384185791015625e-07,1,60
94,2.384185791015625e-07,1,60
95,2.384185791015625e-07,1,60
96,2.384185791015625e-07,1,60
97,2.384185791015625e-07,1,60
98,2.384185791015625e-07,1,60
99,2.384185791015625e-07,1,60
100,2.384185791015625e-07,1,60
101,2.384185791015625e-07,1,60
102,2.384185791015625e-07,1,60
103,2.384185791015625e-07,1,60
104,2.384185791015625e-07,1,60
105,2.384185791015625e-07,1,60
106,2.384185791015625e-07,1,60
107,2.384185791015625e-07,1,60
108,2.384185791015625e-07,1,60
109,2.384185791015625e-07,1,60
110,2.384185791015625e-07,1,60
111,2.384185791015625e-07,1,60
112,2.384185791015625e-07,1,60
113,2.384185791015625e-07,1,60
114,2.384185791015625e-07,1,60
115,2.384185791015625e-07,1,60
116,2.384185791015625e-07,1,60
117,2.384185791015625e-07,1,60
118,2.384185791015625e-07,1,60
119,2.384185791015625e-07,1,60
120,2.384185791015625e-07,1,60
121,2.384185791015625e-07,1,60
122,2.384185791015625e-07,1,60
123,2.384185791015625e-07,1,60
124,2.384185791015625e-07,1,60
125,2.384185791015625e-07,1,60
126,2.384185791015625e-07,1,60
127,2.384185791015625e-07,1,60
128,2.384185791015625e-07,1,60
129,2.384185791015625e-07,1,60
130,2.384185791015625e-07,1,60
131,2.384185791015625e-07,1,60
132,2.384185791015625e-07,1,60
133,2.384185791015625e-07,1,60
134,2.384185791015625e-07,1,60
135,2.384185791015625e-07,1,60
136,2.384185791015625e-07,1,60
137,2.384185791015625e-07,1,60
138,2.384185791015625e-07,1,60
139,2.384185791015625e-07,1,60
140,2.384185791015625e-07,1,60
141,2.384185791015625e-07,1,60
142,2.384185791015625e-07,1,60
143,2.384185791015625e-07,1,60
144,2.384185791015625e-07,1,60
145,2.384185791015625e-07,1,60
146,2.384185791015625e-07,1,60
147,2.384185791015625e-07,1,60
148,2.384185791015625e-07,1,60
149,2.384185791015625e-07,1,60
150,2.384185791015625e-07,1,60
151,2.384185791015625e-07,1,60
152,2.384185791015625e-07,1,60
153,2.384185791015625e-07,1,60
154,2.384185791015625e-07,1,60
155,2.384185791015625e-07,1,60
156,2.384185791015625e-07,1,60
157,2.384185791015625e-07,1,60
158,2.384185791015625e-07,1,60
159,2.384185791015625e-07,1,60
160,2.384185791015625e-07,1,60
161,2.384185791015625e-07,1,60
162,2.384185791015625e-07,1,60
163,2.384185791015625e-07,1,60
164,2.384185791015625e-07,1,60
165,2.384185791015625e-07,1,60
166,2.384185791015625e-07,1,60
167,2.384185791015625e-07,1,60
168,2.384185791015625e-07,1,60
169,2.384185791015625e-07,1,60
170,2.384185791015625e-07,1,60
171,2.384185791015625e-07,1,60
172,2.384185791015625e-07,1,60
173,2.384185791015625e-07,1,60
174,2.384185791015625e-07,1,60
175,2.384185791015625e-07,1,60
176,2.384185791015625e-07,1,60
177,2.384185791015625e-07,1,60
178,2.384185791015625e-07,1,60
179,2.384185791015625e-07,1,60
180,2.384185791015625e-07,1,60
181,2.384185791015625e-07,1,60
182,2.384185791015625e-07,1,60
183,2.384185791015625e-07,1,60
184,2.384185791015625e-07,1,60
185,2.384185791015625e-07,1,60
186,2.384185791015625e-07,1,60
187,2.384185791015625e-07,1,60
188,2.384185791015625e-07,1,60
189,2.384185791015625e-07,1,60
190,2.384185791015625e-07,1,60
191,2.384185791015625e-07,1,60
192,2.384185791015625e-07,1,60
193,2.384185791015625e-07,1,60
194,2.384185791015625e-07,1,60
195,2.384185791015625e-07,1,60
196,2.384185791015625e-07,1,60
197,2.384185791015625e-07,1,60
198,2.384185791015625e-07,1,60
199,2.384185791015625e-07,1,60
200,2.384185791015625e-07,1,60
1,0.8900464251637459,13,61
2,0.8900464251637459,13,61
3,0.9532461278140545,15,61
4,0.9532461278140545,15,61
5,0.9703729897737503,13,61
6,0.9700857847929001,14,61
7,0.9338390678167343,12,61
8,0.9676422625780106,11,61
9,0.9676422625780106,11,61
10,0.9676422625780106,11,61
11,0.9676422625780106,11,61
12,0.9676422625780106,11,61
13,0.9676422625780106,11,61
14,0.9676422625780106,11,61
15,0.9676422625780106,11,61
16,0.9676422625780106,11,61
17,0.9676422625780106,11,61
18,0.9676422625780106,11,61
19,0.9676422625780106,11,61
20,0.9676422625780106,11,61
21,0.9676422625780106,11,61
22,0.9676422625780106,11,61
23,0.9676422625780106,11,61
24,0.9676422625780106,11,61
25,0.9676422625780106,11,61
26,0.9676422625780106,11,61
27,0.9676422625780106,11,61
28,0.9676422625780106,11,61
29,0.9456126019358635,11,61
30,0.9456126019358635,11,61
31,0.9456126019358635,11,61
32,0.9456126019358635,11,61
33,0.9456126019358635,11,61
34,0.9627516195178032,12,61
35,0.9622524902224541,9,61
36,0.9579734243452549,12,61
37,0.9579734243452549,12,61
38,0.9811752252280712,12,61
39,0.9811752252280712,12,61
40,0.9811752252280712,12,61
41,0.9811752252280712,12,61
42,0.9811752252280712,12,61
43,0.9811752252280712,12,61
44,0.9811752252280712,12,61
45,0.9811752252280712,12,61
46,0.9811752252280712,12,61
47,0.9811752252280712,12,61
48,0.9811752252280712,12,61
49,0.9811752252280712,12,61
50,0.9811752252280712,12,61
51,0.9811752252280712,12,61
52,0.9811752252280712,12,61
53,0.9811752252280712,12,61
54,0.9811752252280712,12,61
55,0.9811752252280712,12,61
56,0.9811752252280712,12,61
57,0.9811752252280712,12,61
58,0.9811752252280712,12,61
59,0.9811752252280712,12,61
60,0.9811752252280712,12,61
61,0.9811752252280712,12,61
62,0.9811752252280712,12,61
63,0.9811752252280712,12,61
64,0.9811752252280712,12,61
65,0.9811752252280712,12,61
66,0.9811752252280712,12,61
67,0.9811752252280712,12,61
68,0.9811752252280712,12,61
69,0.9811752252280712,12,61
70,0.9811752252280712,12,61
71,0.9811752252280712,12,61
72,0.9811752252280712,12,61
73,0.9811752252280712,12,61
74,0.9811752252280712,12,61
75,0.9811752252280712,12,61
76,0.9811752252280712,12,61
77,0.9811752252280712,12,61
78,0.9811752252280712,12,61
79,0.9811752252280712,12,61
80,0.9811752252280712,12,61
81,0.9811752252280712,12,61
82,0.9714423585683107,13,61
83,0.9714423585683107,13,61
84,0.9714423585683107,13,61
85,0.9714423585683107,13,61
86,0.9714423585683107,13,61
87,0.9714423585683107,13,61
88,0.9714423585683107,13,61
89,0.9714423585683107,13,61
90,0.9714423585683107,13,61
91,0.9714423585683107,13,61
92,0.9714423585683107,13,61
93,0.9714423585683107,13,61
94,0.9714423585683107,13,61
95,0.9714423585683107,13,61
96,0.9714423585683107,13,61
97,0.9714423585683107,13,61
98,0.9714423585683107,13,61
99,0.9714423585683107,13,61
100,0.9714423585683107,13,61
101,0.9714423585683107,13,61
102,0.9714423585683107,13,61
103,0.9714423585683107,13,61
104,0.9714423585683107,13,61
105,0.9714423585683107,13,61
106,0.9715360328555107,13,61
107,0.9715360328555107,13,61
108,0.9715360328555107,13,61
109,0.9715360328555107,13,61
110,0.9715360328555107,13,61
111,0.9715360328555107,13,61
112,0.9715360328555107,13,61
113,0.9715360328555107,13,61
114,0.9715360328555107,13,61
115,0.9715360328555107,13,61
116,0.9715360328555107,13,61
117,0.9715360328555107,13,61
118,0.9715360328555107,13,61
119,0.9715360328555107,13,61
120,0.9715360328555107,13,61
121,0.9715360328555107,13,61
122,0.9715360328555107,13,61
123,0.9715360328555107,13,61
124,0.9715360328555107,13,61
125,0.9692617878317833,10,61
126,0.9692617878317833,10,61
127,0.9692617878317833,10,61
128,0.9692617878317833,10,61
129,0.9692617878317833,10,61
130,0.9692617878317833,10,61
131,0.9692617878317833,10,61
132,0.9692617878317833,10,61
133,0.9692617878317833,10,61
134,0.969627732411027,13,61
135,0.969627732411027,13,61
136,0.969627732411027,13,61
137,0.969627732411027,13,61
138,0.969627732411027,13,61
139,0.969627732411027,13,61
140,0.969627732411027,13,61
141,0.969627732411027,13,61
142,0.969627732411027,13,61
143,0.969627732411027,13,61
144,0.9720970578491688,12,61
145,0.9720970578491688,12,61
146,0.9720970578491688,12,61
147,0.9720970578491688,12,61
148,0.9720970578491688,12,61
149,0.9720970578491688,12,61
150,0.9720970578491688,12,61
151,0.9720970578491688,12,61
152,0.9720970578491688,12,61
153,0.9720970578491688,12,61
154,0.9720970578491688,12,61
155,0.9720970578491688,12,61
156,0.9720970578491688,12,61
157,0.9720970578491688,12,61
158,0.9720970578491688,12,61
159,0.9720970578491688,12,61
160,0.9720970578491688,12,61
161,0.9720970578491688,12,61
162,0.9720970578491688,12,61
163,0.9720970578491688,12,61
164,0.9693348780274391,12,61
165,0.9693348780274391,12,61
166,0.975558452308178,10,61
167,0.975558452308178,10,61
168,0.975558452308178,10,61
169,0.975558452308178,10,61
170,0.975558452308178,10,61
171,0.975558452308178,10,61
172,0.975558452308178,10,61
173,0.975558452308178,10,61
174,0.975558452308178,10,61
175,0.975558452308178,10,61
176,0.975558452308178,10,61
177,0.975558452308178,10,61
178,0.975558452308178,10,61
179,0.975558452308178,10,61
180,0.975558452308178,10,61
181,0.975558452308178,10,61
182,0.975558452308178,10,61
183,0.975558452308178,10,61
184,0.975558452308178,10,61
185,0.975558452308178,10,61
186,0.975558452308178,10,61
187,0.975558452308178,10,61
188,0.975558452308178,10,61
189,0.975558452308178,10,61
190,0.975558452308178,10,61
191,0.975558452308178,10,61
192,0.975558452308178,10,61
193,0.975558452308178,10,61
194,0.975558452308178,10,61
195,0.975558452308178,10,61
196,0.975558452308178,10,61
197,0.975558452308178,10,61
198,0.975558452308178,10,61
199,0.975558452308178,10,61
200,0.975558452308178,10,61
1,0.0,1,62
2,0.0,1,62
3,0.0,1,62
4,0.0,1,62
5,0.0,1,62
6,0.0,1,62
7,0.0,1,62
8,0.0,1,62
9,0.0,1,62
10,0.0,1,62
11,0.0,1,62
12,0.0,1,62
13,0.0,1,62
14,0.0,1,62
15,0.0,1,62
16,0.0,1,62
17,0.0,1,62
18,0.0,1,62
19,0.0,1,62
20,0.0,1,62
21,0.0,1,62
22,0.0,1,62
23,0.0,1,62
24,0.0,1,62
25,0.0,1,62
26,0.0,1,62
27,0.0,1,62
28,0.0,1,62
29,0.0,1,62
30,0.0,1,62
31,0.0,1,62
32,0.0,1,62
33,0.0,1,62
34,0.0,1,62
35,0.0,1,62
36,0.0,1,62
37,0.0,1,62
38,0.0,1,62
39,0.0,1,62
40,0.0,1,62
41,0.0,1,62
42,0.0,1,62
43,0.0,1,62
44,0.0,1,62
45,0.0,1,62
46,0.0,1,62
47,0.0,1,62
48,0.0,1,62
49,0.0,1,62
50,0.0,1,62
51,0.0,1,62
52,0.0,1,62
53,0.0,1,62
54,0.0,1,62
55,0.0,1,62
56,0.0,1,62
57,0.0,1,62
58,0.0,1,62
59,0.0,1,62
60,0.0,1,62
61,0.0,1,62
62,0.0,1,62
63,0.0,1,62
64,0.0,1,62
65,0.0,1,62
66,0.0,1,62
67,0.0,1,62
68,0.0,1,62
69,0.0,1,62
70,0.0,1,62
71,0.0,1,62
72,0.0,1,62
73,0.0,1,62
74,0.0,1,62
75,0.0,1,62
76,0.0,1,62
77,0.0,1,62
78,0.0,1,62
79,0.0,1,62
80,0.0,1,62
81,0.0,1,62
82,0.0,1,62
83,0.0,1,62
84,0.0,1,62
85,0.0,1,62
86,0.0,1,62
87,0.0,1,62
88,0.0,1,62
89,0.0,1,62
90,0.0,1,62
91,0.0,1,62
92,0.0,1,62
93,0.0,1,62
94,0.0,1,62
95,0.0,1,62
96,0.0,1,62
97,0.0,1,62
98,0.0,1,62
99,0.0,1,62
100,0.0,1,62
101,0.0,1,62
102,0.0,1,62
103,0.0,1,62
104,0.0,1,62
105,0.0,1,62
106,0.0,1,62
107,0.0,1,62
108,0.0,1,62
109,0.0,1,62
110,0.0,1,62
111,0.0,1,62
112,0.0,1,62
113,0.0,1,62
114,0.0,1,62
115,0.0,1,62
116,0.0,1,62
117,0.0,1,62
118,0.0,1,62
119,0.0,1,62
120,0.0,1,62
121,0.0,1,62
122,0.0,1,62
123,0.0,1,62
124,0.0,1,62
125,0.0,1,62
126,0.0,1,62
127,0.0,1,62
128,0.0,1,62
129,0.0,1,62
130,0.0,1,62
131,0.0,1,62
132,0.0,1,62
133,0.0,1,62
134,0.0,1,62
135,0.0,1,62
136,0.0,1,62
137,0.0,1,62
138,0.0,1,62
139,0.0,1,62
140,0.0,1,62
141,0.0,1,62
142,0.0,1,62
143,0.0,1,62
144,0.0,1,62
145,0.0,1,62
146,0.0,1,62
147,0.0,1,62
148,0.0,1,62
149,0.0,1,62
150,0.0,1,62
151,0.0,1,62
152,0.0,1,62
153,0.0,1,62
154,0.0,1,62
155,0.0,1,62
156,0.0,1,62
157,0.0,1,62
158,0.0,1,62
159,0.0,1,62
160,0.0,1,62
161,0.0,1,62
162,0.0,1,62
163,0.0,1,62
164,0.0,1,62
165,0.0,1,62
166,0.0,1,62
167,0.0,1,62
168,0.0,1,62
169,0.0,1,62
170,0.0,1,62
171,0.0,1,62
172,0.0,1,62
173,0.0,1,62
174,0.0,1,62
175,0.0,1,62
176,0.0,1,62
177,0.0,1,62
178,0.0,1,62
179,0.0,1,62
180,0.0,1,62
181,0.0,1,62
182,0.0,1,62
183,0.0,1,62
184,0.0,1,62
185,0.0,1,62
186,0.0,1,62
187,0.0,1,62
188,0.0,1,62
189,0.0,1,62
190,0.0,1,62
191,0.0,1,62
192,0.0,1,62
193,0.0,1,62
194,0.0,1,62
195,0.0,1,62
196,0.0,1,62
197,0.0,1,62
198,0.0,1,62
199,0.0,1,62
200,0.0,1,62
1,0.0005498528480529785,1,63
2,0.0005498528480529785,1,63
3,0.0005524754524230957,1,63
4,0.0005524754524230957,1,63
5,0.0005525946617126465,1,63
6,0.0005525946617126465,1,63
7,0.0005525946617126465,1,63
8,0.0005525946617126465,1,63
9,0.0005525946617126465,1,63
10,0.0005525946617126465,1,63
11,0.0005524754524230957,1,63
12,0.0005524754524230957,1,63
13,0.0005524754524230957,1,63
14,0.0005524754524230957,1,63
15,0.0005524754524230957,1,63
16,0.0005524754524230957,1,63
17,0.0005524754524230957,1,63
18,0.0005524754524230957,1,63
19,0.0005524754524230957,1,63
20,0.0005524754524230957,1,63
21,0.0005524754524230957,1,63
22,0.0005524754524230957,1,63
23,0.0005524754524230957,1,63
24,0.0005524754524230957,1,63
25,0.0005524754524230957,1,63
26,0.0005524754524230957,1,63
27,0.0005524754524230957,1,63
28,0.0005524754524230957,1,63
29,0.0005524754524230957,1,63
30,0.0005524754524230957,1,63
31,0.0005524754524230957,1,63
32,0.0005524754524230957,1,63
33,0.0005524754524230957,1,63
34,0.0005524754524230957,1,63
35,0.0005524754524230957,1,63
36,0.0005524754524230957,1,63
37,0.0005524754524230957,1,63
38,0.0005524754524230957,1,63
39,0.0005524754524230957,1,63
40,0.0005524754524230957,1,63
41,0.0005524754524230957,1,63
42,0.0005524754524230957,1,63
43,0.0005524754524230957,1,63
44,0.0005524754524230957,1,63
45,0.0005524754524230957,1,63
46,0.0005524754524230957,1,63
47,0.0005524754524230957,1,63
48,0.0005524754524230957,1,63
49,0.0005524754524230957,1,63
50,0.0005524754524230957,1,63
51,0.0005524754524230957,1,63
52,0.0005524754524230957,1,63
53,0.0005524754524230957,1,63
54,0.0005524754524230957,1,63
55,0.0005524754524230957,1,63
56,0.0005524754524230957,1,63
57,0.0005524754524230957,1,63
58,0.0005524754524230957,1,63
59,0.0005524754524230957,1,63
60,0.0005524754524230957,1,63
61,0.0005524754524230957,1,63
62,0.0005524754524230957,1,63
63,0.0005524754524230957,1,63
64,0.0005524754524230957,1,63
65,0.0005524754524230957,1,63
66,0.0005524754524230957,1,63
67,0.0005524754524230957,1,63
68,0.0005524754524230957,1,63
69,0.0005524754524230957,1,63
70,0.0005524754524230957,1,63
71,0.0005524754524230957,1,63
72,0.0005524754524230957,1,63
73,0.0005524754524230957,1,63
74,0.0005524754524230957,1,63
75,0.0005524754524230957,1,63
76,0.0005524754524230957,1,63
77,0.0005524754524230957,1,63
78,0.0005524754524230957,1,63
79,0.0005524754524230957,1,63
80,0.0005524754524230957,1,63
81,0.0005524754524230957,1,63
82,0.0005524754524230957,1,63
83,0.0005524754524230957,1,63
84,0.0005524754524230957,1,63
85,0.0005524754524230957,1,63
86,0.0005524754524230957,1,63
87,0.0005524754524230957,1,63
88,0.0005524754524230957,1,63
89,0.0005524754524230957,1,63
90,0.0005524754524230957,1,63
91,0.0005524754524230957,1,63
92,0.0005524754524230957,1,63
93,0.0005524754524230957,1,63
94,0.0005524754524230957,1,63
95,0.0005524754524230957,1,63
96,0.0005524754524230957,1,63
97,0.0005524754524230957,1,63
98,0.0005524754524230957,1,63
99,0.0005524754524230957,1,63
100,0.0005524754524230957,1,63
101,0.0005524754524230957,1,63
102,0.0005524754524230957,1,63
103,0.0005524754524230957,1,63
104,0.0005524754524230957,1,63
105,0.0005524754524230957,1,63
106,0.0005524754524230957,1,63
107,0.0005524754524230957,1,63
108,0.0005524754524230957,1,63
109,0.0005524754524230957,1,63
110,0.0005524754524230957,1,63
111,0.0005524754524230957,1,63
112,0.0005524754524230957,1,63
113,0.0005524754524230957,1,63
114,0.0005524754524230957,1,63
115,0.0005524754524230957,1,63
116,0.0005524754524230957,1,63
117,0.0005524754524230957,1,63
118,0.0005524754524230957,1,63
119,0.0005524754524230957,1,63
120,0.0005524754524230957,1,63
121,0.0005524754524230957,1,63
122,0.0005524754524230957,1,63
123,0.0005524754524230957,1,63
124,0.0005524754524230957,1,63
125,0.0005524754524230957,1,63
126,0.0005524754524230957,1,63
127,0.0005524754524230957,1,63
128,0.0005524754524230957,1,63
129,0.0005524754524230957,1,63
130,0.0005524754524230957,1,63
131,0.0005524754524230957,1,63
132,0.0005524754524230957,1,63
133,0.0005524754524230957,1,63
134,0.0005524754524230957,1,63
135,0.0005524754524230957,1,63
136,0.0005524754524230957,1,63
137,0.0005524754524230957,1,63
138,0.0005524754524230957,1,63
139,0.0005524754524230957,1,63
140,0.0005524754524230957,1,63
141,0.0005524754524230957,1,63
142,0.0005524754524230957,1,63
143,0.0005524754524230957,1,63
144,0.0005524754524230957,1,63
145,0.0005524754524230957,1,63
146,0.0005524754524230957,1,63
147,0.0005524754524230957,1,63
148,0.0005524754524230957,1,63
149,0.0005524754524230957,1,63
150,0.0005524754524230957,1,63
151,0.0005524754524230957,1,63
152,0.0005524754524230957,1,63
153,0.0005524754524230957,1,63
154,0.0005524754524230957,1,63
155,0.0005524754524230957,1,63
156,0.0005524754524230957,1,63
157,0.0005524754524230957,1,63
158,0.0005524754524230957,1,63
159,0.0005524754524230957,1,63
160,0.0005524754524230957,1,63
161,0.0005524754524230957,1,63
162,0.0005524754524230957,1,63
163,0.0005524754524230957,1,63
164,0.0005524754524230957,1,63
165,0.0005524754524230957,1,63
166,0.0005524754524230957,1,63
167,0.0005524754524230957,1,63
168,0.0005524754524230957,1,63
169,0.0005524754524230957,1,63
170,0.0005524754524230957,1,63
171,0.0005524754524230957,1,63
172,0.0005524754524230957,1,63
173,0.0005524754524230957,1,63
174,0.0005524754524230957,1,63
175,0.0005524754524230957,1,63
176,0.0005524754524230957,1,63
177,0.0005524754524230957,1,63
178,0.0005524754524230957,1,63
179,0.0005524754524230957,1,63
180,0.0005524754524230957,1,63
181,0.0005524754524230957,1,63
182,0.0005524754524230957,1,63
183,0.0005524754524230957,1,63
184,0.0005524754524230957,1,63
185,0.0005524754524230957,1,63
186,0.0005524754524230957,1,63
187,0.0005524754524230957,1,63
188,0.0005524754524230957,1,63
189,0.0005524754524230957,1,63
190,0.0005524754524230957,1,63
191,0.0005524754524230957,1,63
192,0.0005524754524230957,1,63
193,0.0005524754524230957,1,63
194,0.0005524754524230957,1,63
195,0.0005524754524230957,1,63
196,0.0005524754524230957,1,63
197,0.0005524754524230957,1,63
198,0.0005524754524230957,1,63
199,0.0005524754524230957,1,63
200,0.0005524754524230957,1,63
1,0.003634929656982422,1,64
2,0.003634929656982422,1,64
3,0.003634929656982422,1,64
4,0.003634929656982422,1,64
5,0.003634929656982422,1,64
6,0.003619372844696045,1,64
7,0.003619372844696045,1,64
8,0.003619372844696045,1,64
9,0.003619372844696045,1,64
10,0.0036217570304870605,1,64
11,0.0036217570304870605,1,64
12,0.003621518611907959,1,64
13,0.003621518611907959,1,64
14,0.003621518611907959,1,64
15,0.003621399402618408,1,64
16,0.003621518611907959,1,64
17,0.003621518611907959,1,64
18,0.003621518611907959,1,64
19,0.003621518611907959,1,64
20,0.003621518611907959,1,64
21,0.003621518611907959,1,64
22,0.003621518611907959,1,64
23,0.003621518611907959,1,64
24,0.003621518611907959,1,64
25,0.003621518611907959,1,64
26,0.003621518611907959,1,64
27,0.003621518611907959,1,64
28,0.003621518611907959,1,64
29,0.003621518611907959,1,64
30,0.003621518611907959,1,64
31,0.003621518611907959,1,64
32,0.003621518611907959,1,64
33,0.003621518611907959,1,64
34,0.003621518611907959,1,64
35,0.003621518611907959,1,64
36,0.003621518611907959,1,64
37,0.003621518611907959,1,64
38,0.003621518611907959,1,64
39,0.003621518611907959,1,64
40,0.003621518611907959,1,64
41,0.003621518611907959,1,64
42,0.003621518611907959,1,64
43,0.003621518611907959,1,64
44,0.003621518611907959,1,64
45,0.003621518611907959,1,64
46,0.003621518611907959,1,64
47,0.003621518611907959,1,64
48,0.003621518611907959,1,64
49,0.003621518611907959,1,64
50,0.003621518611907959,1,64
51,0.003621518611907959,1,64
52,0.003621518611907959,1,64
53,0.003621518611907959,1,64
54,0.003621518611907959,1,64
55,0.003621518611907959,1,64
56,0.003621518611907959,1,64
57,0.003621518611907959,1,64
58,0.003621518611907959,1,64
59,0.003621518611907959,1,64
60,0.003621518611907959,1,64
61,0.003621518611907959,1,64
62,0.003621518611907959,1,64
63,0.003621518611907959,1,64
64,0.003621518611907959,1,64
65,0.003621518611907959,1,64
66,0.003621518611907959,1,64
67,0.003621518611907959,1,64
68,0.003621518611907959,1,64
69,0.003621518611907959,1,64
70,0.003621518611907959,1,64
71,0.003621518611907959,1,64
72,0.003621518611907959,1,64
73,0.003621518611907959,1,64
74,0.003621518611907959,1,64
75,0.003621518611907959,1,64
76,0.003621518611907959,1,64
77,0.003621518611907959,1,64
78,0.003621518611907959,1,64
79,0.003621518611907959,1,64
80,0.003621518611907959,1,64
81,0.003621518611907959,1,64
82,0.003621518611907959,1,64
83,0.003621518611907959,1,64
84,0.003621518611907959,1,64
85,0.003621518611907959,1,64
86,0.003621518611907959,1,64
87,0.003621518611907959,1,64
88,0.003621518611907959,1,64
89,0.003621518611907959,1,64
90,0.003621518611907959,1,64
91,0.003621518611907959,1,64
92,0.003621518611907959,1,64
93,0.003621518611907959,1,64
94,0.003621518611907959,1,64
95,0.003621518611907959,1,64
96,0.003621518611907959,1,64
97,0.003621518611907959,1,64
98,0.003621518611907959,1,64
99,0.003621518611907959,1,64
100,0.003621518611907959,1,64
101,0.003621518611907959,1,64
102,0.003621518611907959,1,64
103,0.003621518611907959,1,64
104,0.003621518611907959,1,64
105,0.003621518611907959,1,64
106,0.003621518611907959,1,64
107,0.003621518611907959,1,64
108,0.003621518611907959,1,64
109,0.003621518611907959,1,64
110,0.003621518611907959,1,64
111,0.003621518611907959,1,64
112,0.003621518611907959,1,64
113,0.003621518611907959,1,64
114,0.003621518611907959,1,64
115,0.003621518611907959,1,64
116,0.003621518611907959,1,64
117,0.003621518611907959,1,64
118,0.003621518611907959,1,64
119,0.003621518611907959,1,64
120,0.003621518611907959,1,64
121,0.003621518611907959,1,64
122,0.003621518611907959,1,64
123,0.003621518611907959,1,64
124,0.003621518611907959,1,64
125,0.003621518611907959,1,64
126,0.003621518611907959,1,64
127,0.003621518611907959,1,64
128,0.003621518611907959,1,64
129,0.003621518611907959,1,64
130,0.003621518611907959,1,64
131,0.003621518611907959,1,64
132,0.003621518611907959,1,64
133,0.003621518611907959,1,64
134,0.003621518611907959,1,64
135,0.003621518611907959,1,64
136,0.003621518611907959,1,64
137,0.003621518611907959,1,64
138,0.003621518611907959,1,64
139,0.003621518611907959,1,64
140,0.003621518611907959,1,64
141,0.003621518611907959,1,64
142,0.003621518611907959,1,64
143,0.003621518611907959,1,64
144,0.003621518611907959,1,64
145,0.003621518611907959,1,64
146,0.003621518611907959,1,64
147,0.003621518611907959,1,64
148,0.003621518611907959,1,64
149,0.003621518611907959,1,64
150,0.003621518611907959,1,64
151,0.003621518611907959,1,64
152,0.003621518611907959,1,64
153,0.003621518611907959,1,64
154,0.003621518611907959,1,64
155,0.003621518611907959,1,64
156,0.003621518611907959,1,64
157,0.003621518611907959,1,64
158,0.003621518611907959,1,64
159,0.003621518611907959,1,64
160,0.003621518611907959,1,64
161,0.003621518611907959,1,64
162,0.003621518611907959,1,64
163,0.003621518611907959,1,64
164,0.003621518611907959,1,64
165,0.003621518611907959,1,64
166,0.003621518611907959,1,64
167,0.003621518611907959,1,64
168,0.003621518611907959,1,64
169,0.003621518611907959,1,64
170,0.003621518611907959,1,64
171,0.003621518611907959,1,64
172,0.003621518611907959,1,64
173,0.003621518611907959,1,64
174,0.003621518611907959,1,64
175,0.003621518611907959,1,64
176,0.003621518611907959,1,64
177,0.003621518611907959,1,64
178,0.003621518611907959,1,64
179,0.003621518611907959,1,64
180,0.003621518611907959,1,64
181,0.003621518611907959,1,64
182,0.003621518611907959,1,64
183,0.003621518611907959,1,64
184,0.003621518611907959,1,64
185,0.003621518611907959,1,64
186,0.003621518611907959,1,64
187,0.003621518611907959,1,64
188,0.003621518611907959,1,64
189,0.003621518611907959,1,64
190,0.003621518611907959,1,64
191,0.003621518611907959,1,64
192,0.003621518611907959,1,64
193,0.003621518611907959,1,64
194,0.003621518611907959,1,64
195,0.003621518611907959,1,64
196,0.003621518611907959,1,64
197,0.003621518611907959,1,64
198,0.003621518611907959,1,64
199,0.003621518611907959,1,64
200,0.003621518611907959,1,64
1,8.344650268554688e-07,1,65
2,8.344650268554688e-07,1,65
3,8.344650268554688e-07,1,65
4,8.344650268554688e-07,1,65
5,8.344650268554688e-07,1,65
6,8.344650268554688e-07,1,65
7,8.344650268554688e-07,1,65
8,8.344650268554688e-07,1,65
9,8.344650268554688e-07,1,65
10,8.344650268554688e-07,1,65
11,8.344650268554688e-07,1,65
12,8.344650268554688e-07,1,65
13,8.344650268554688e-07,1,65
14,8.344650268554688e-07,1,65
15,8.344650268554688e-07,1,65
16,8.344650268554688e-07,1,65
17,8.344650268554688e-07,1,65
18,8.344650268554688e-07,1,65
19,8.344650268554688e-07,1,65
20,8.344650268554688e-07,1,65
21,8.344650268554688e-07,1,65
22,8.344650268554688e-07,1,65
23,8.344650268554688e-07,1,65
24,8.344650268554688e-07,1,65
25,8.344650268554688e-07,1,65
26,8.344650268554688e-07,1,65
27,8.344650268554688e-07,1,65
28,8.344650268554688e-07,1,65
29,8.344650268554688e-07,1,65
30,8.344650268554688e-07,1,65
31,8.344650268554688e-07,1,65
32,8.344650268554688e-07,1,65
33,8.344650268554688e-07,1,65
34,8.344650268554688e-07,1,65
35,8.344650268554688e-07,1,65
36,8.344650268554688e-07,1,65
37,8.344650268554688e-07,1,65
38,8.344650268554688e-07,1,65
39,8.344650268554688e-07,1,65
40,8.344650268554688e-07,1,65
41,8.344650268554688e-07,1,65
42,8.344650268554688e-07,1,65
43,8.344650268554688e-07,1,65
44,8.344650268554688e-07,1,65
45,8.344650268554688e-07,1,65
46,8.344650268554688e-07,1,65
47,8.344650268554688e-07,1,65
48,8.344650268554688e-07,1,65
49,8.344650268554688e-07,1,65
50,8.344650268554688e-07,1,65
51,8.344650268554688e-07,1,65
52,8.344650268554688e-07,1,65
53,8.344650268554688e-07,1,65
54,8.344650268554688e-07,1,65
55,8.344650268554688e-07,1,65
56,8.344650268554688e-07,1,65
57,8.344650268554688e-07,1,65
58,8.344650268554688e-07,1,65
59,8.344650268554688e-07,1,65
60,8.344650268554688e-07,1,65
61,8.344650268554688e-07,1,65
62,8.344650268554688e-07,1,65
63,8.344650268554688e-07,1,65
64,8.344650268554688e-07,1,65
65,8.344650268554688e-07,1,65
66,8.344650268554688e-07,1,65
67,8.344650268554688e-07,1,65
68,8.344650268554688e-07,1,65
69,8.344650268554688e-07,1,65
70,8.344650268554688e-07,1,65
71,8.344650268554688e-07,1,65
72,8.344650268554688e-07,1,65
73,8.344650268554688e-07,1,65
74,8.344650268554688e-07,1,65
75,8.344650268554688e-07,1,65
76,8.344650268554688e-07,1,65
77,8.344650268554688e-07,1,65
78,8.344650268554688e-07,1,65
79,8.344650268554688e-07,1,65
80,8.344650268554688e-07,1,65
81,8.344650268554688e-07,1,65
82,8.344650268554688e-07,1,65
83,8.344650268554688e-07,1,65
84,8.344650268554688e-07,1,65
85,8.344650268554688e-07,1,65
86,8.344650268554688e-07,1,65
87,8.344650268554688e-07,1,65
88,8.344650268554688e-07,1,65
89,8.344650268554688e-07,1,65
90,8.344650268554688e-07,1,65
91,8.344650268554688e-07,1,65
92,8.344650268554688e-07,1,65
93,8.344650268554688e-07,1,65
94,8.344650268554688e-07,1,65
95,8.344650268554688e-07,1,65
96,8.344650268554688e-07,1,65
97,8.344650268554688e-07,1,65
98,8.344650268554688e-07,1,65
99,8.344650268554688e-07,1,65
100,8.344650268554688e-07,1,65
101,8.344650268554688e-07,1,65
102,8.344650268554688e-07,1,65
103,8.344650268554688e-07,1,65
104,8.344650268554688e-07,1,65
105,8.344650268554688e-07,1,65
106,8.344650268554688e-07,1,65
107,8.344650268554688e-07,1,65
108,8.344650268554688e-07,1,65
109,8.344650268554688e-07,1,65
110,8.344650268554688e-07,1,65
111,8.344650268554688e-07,1,65
112,8.344650268554688e-07,1,65
113,8.344650268554688e-07,1,65
114,8.344650268554688e-07,1,65
115,8.344650268554688e-07,1,65
116,8.344650268554688e-07,1,65
117,8.344650268554688e-07,1,65
118,8.344650268554688e-07,1,65
119,8.344650268554688e-07,1,65
120,8.344650268554688e-07,1,65
121,8.344650268554688e-07,1,65
122,8.344650268554688e-07,1,65
123,8.344650268554688e-07,1,65
124,8.344650268554688e-07,1,65
125,8.344650268554688e-07,1,65
126,8.344650268554688e-07,1,65
127,8.344650268554688e-07,1,65
128,8.344650268554688e-07,1,65
129,8.344650268554688e-07,1,65
130,8.344650268554688e-07,1,65
131,8.344650268554688e-07,1,65
132,8.344650268554688e-07,1,65
133,8.344650268554688e-07,1,65
134,8.344650268554688e-07,1,65
135,8.344650268554688e-07,1,65
136,8.344650268554688e-07,1,65
137,8.344650268554688e-07,1,65
138,8.344650268554688e-07,1,65
139,8.344650268554688e-07,1,65
140,8.344650268554688e-07,1,65
141,8.344650268554688e-07,1,65
142,8.344650268554688e-07,1,65
143,8.344650268554688e-07,1,65
144,8.344650268554688e-07,1,65
145,8.344650268554688e-07,1,65
146,8.344650268554688e-07,1,65
147,8.344650268554688e-07,1,65
148,8.344650268554688e-07,1,65
149,8.344650268554688e-07,1,65
150,8.344650268554688e-07,1,65
151,8.344650268554688e-07,1,65
152,8.344650268554688e-07,1,65
153,8.344650268554688e-07,1,65
154,8.344650268554688e-07,1,65
155,8.344650268554688e-07,1,65
156,8.344650268554688e-07,1,65
157,8.344650268554688e-07,1,65
158,8.344650268554688e-07,1,65
159,8.344650268554688e-07,1,65
160,8.344650268554688e-07,1,65
161,8.344650268554688e-07,1,65
162,8.344650268554688e-07,1,65
163,8.344650268554688e-07,1,65
164,8.344650268554688e-07,1,65
165,8.344650268554688e-07,1,65
166,8.344650268554688e-07,1,65
167,8.344650268554688e-07,1,65
168,8.344650268554688e-07,1,65
169,8.344650268554688e-07,1,65
170,8.344650268554688e-07,1,65
171,8.344650268554688e-07,1,65
172,8.344650268554688e-07,1,65
173,8.344650268554688e-07,1,65
174,8.344650268554688e-07,1,65
175,8.344650268554688e-07,1,65
176,8.344650268554688e-07,1,65
177,8.344650268554688e-07,1,65
178,8.344650268554688e-07,1,65
179,8.344650268554688e-07,1,65
180,8.344650268554688e-07,1,65
181,8.344650268554688e-07,1,65
182,8.344650268554688e-07,1,65
183,8.344650268554688e-07,1,65
184,8.344650268554688e-07,1,65
185,8.344650268554688e-07,1,65
186,8.344650268554688e-07,1,65
187,8.344650268554688e-07,1,65
188,8.344650268554688e-07,1,65
189,8.344650268554688e-07,1,65
190,8.344650268554688e-07,1,65
191,8.344650268554688e-07,1,65
192,8.344650268554688e-07,1,65
193,8.344650268554688e-07,1,65
194,8.344650268554688e-07,1,65
195,8.344650268554688e-07,1,65
196,8.344650268554688e-07,1,65
197,8.344650268554688e-07,1,65
198,8.344650268554688e-07,1,65
199,8.344650268554688e-07,1,65
200,8.344650268554688e-07,1,65
1,0.00018864870071411133,1,66
2,0.00018864870071411133,1,66
3,0.00018864870071411133,1,66
4,0.00018924474716186523,1,66
5,0.00018924474716186523,1,66
6,0.00018924474716186523,1,66
7,0.00018924474716186523,1,66
8,0.00018924474716186523,1,66
9,0.00018912553787231445,1,66
10,0.00018924474716186523,1,66
11,0.00018924474716186523,1,66
12,0.00018924474716186523,1,66
13,0.00018924474716186523,1,66
14,0.00018924474716186523,1,66
15,0.00018924474716186523,1,66
16,0.00018924474716186523,1,66
17,0.00018924474716186523,1,66
18,0.00018924474716186523,1,66
19,0.00018924474716186523,1,66
20,0.00018924474716186523,1,66
21,0.00018924474716186523,1,66
22,0.00018924474716186523,1,66
23,0.00018924474716186523,1,66
24,0.00018924474716186523,1,66
25,0.00018924474716186523,1,66
26,0.00018924474716186523,1,66
27,0.00018924474716186523,1,66
28,0.00018924474716186523,1,66
29,0.00018924474716186523,1,66
30,0.00018924474716186523,1,66
31,0.00018924474716186523,1,66
32,0.00018924474716186523,1,66
33,0.00018924474716186523,1,66
34,0.00018924474716186523,1,66
35,0.00018924474716186523,1,66
36,0.00018924474716186523,1,66
37,0.00018924474716186523,1,66
38,0.00018924474716186523,1,66
39,0.00018924474716186523,1,66
40,0.00018924474716186523,1,66
41,0.00018924474716186523,1,66
42,0.00018924474716186523,1,66
43,0.00018924474716186523,1,66
44,0.00018924474716186523,1,66
45,0.00018924474716186523,1,66
46,0.00018924474716186523,1,66
47,0.00018924474716186523,1,66
48,0.00018924474716186523,1,66
49,0.00018924474716186523,1,66
50,0.00018924474716186523,1,66
51,0.00018924474716186523,1,66
52,0.00018924474716186523,1,66
53,0.00018924474716186523,1,66
54,0.00018924474716186523,1,66
55,0.00018924474716186523,1,66
56,0.00018924474716186523,1,66
57,0.00018924474716186523,1,66
58,0.00018924474716186523,1,66
59,0.00018924474716186523,1,66
60,0.00018924474716186523,1,66
61,0.00018924474716186523,1,66
62,0.00018924474716186523,1,66
63,0.00018924474716186523,1,66
64,0.00018924474716186523,1,66
65,0.00018924474716186523,1,66
66,0.00018924474716186523,1,66
67,0.00018924474716186523,1,66
68,0.00018924474716186523,1,66
69,0.00018924474716186523,1,66
70,0.00018924474716186523,1,66
71,0.00018924474716186523,1,66
72,0.00018924474716186523,1,66
73,0.00018924474716186523,1,66
74,0.00018924474716186523,1,66
75,0.00018924474716186523,1,66
76,0.00018924474716186523,1,66
77,0.00018924474716186523,1,66
78,0.00018924474716186523,1,66
79,0.00018924474716186523,1,66
80,0.00018924474716186523,1,66
81,0.00018924474716186523,1,66
82,0.00018924474716186523,1,66
83,0.00018924474716186523,1,66
84,0.00018924474716186523,1,66
85,0.00018924474716186523,1,66
86,0.00018924474716186523,1,66
87,0.00018924474716186523,1,66
88,0.00018924474716186523,1,66
89,0.00018924474716186523,1,66
90,0.00018924474716186523,1,66
91,0.00018924474716186523,1,66
92,0.00018924474716186523,1,66
93,0.00018924474716186523,1,66
94,0.00018924474716186523,1,66
95,0.00018924474716186523,1,66
96,0.00018924474716186523,1,66
97,0.00018924474716186523,1,66
98,0.00018924474716186523,1,66
99,0.00018924474716186523,1,66
100,0.00018924474716186523,1,66
101,0.00018924474716186523,1,66
102,0.00018924474716186523,1,66
103,0.00018924474716186523,1,66
104,0.00018924474716186523,1,66
105,0.00018924474716186523,1,66
106,0.00018924474716186523,1,66
107,0.00018924474716186523,1,66
108,0.00018924474716186523,1,66
109,0.00018924474716186523,1,66
110,0.00018924474716186523,1,66
111,0.00018924474716186523,1,66
112,0.00018924474716186523,1,66
113,0.00018924474716186523,1,66
114,0.00018924474716186523,1,66
115,0.00018924474716186523,1,66
116,0.00018924474716186523,1,66
117,0.00018924474716186523,1,66
118,0.00018924474716186523,1,66
119,0.00018924474716186523,1,66
120,0.00018924474716186523,1,66
121,0.00018924474716186523,1,66
122,0.00018924474716186523,1,66
123,0.00018924474716186523,1,66
124,0.00018924474716186523,1,66
125,0.00018924474716186523,1,66
126,0.00018924474716186523,1,66
127,0.00018924474716186523,1,66
128,0.00018924474716186523,1,66
129,0.00018924474716186523,1,66
130,0.00018924474716186523,1,66
131,0.00018924474716186523,1,66
132,0.00018924474716186523,1,66
133,0.00018924474716186523,1,66
134,0.00018924474716186523,1,66
135,0.00018924474716186523,1,66
136,0.00018924474716186523,1,66
137,0.00018924474716186523,1,66
138,0.00018924474716186523,1,66
139,0.00018924474716186523,1,66
140,0.00018924474716186523,1,66
141,0.00018924474716186523,1,66
142,0.00018924474716186523,1,66
143,0.00018924474716186523,1,66
144,0.00018924474716186523,1,66
145,0.00018924474716186523,1,66
146,0.00018924474716186523,1,66
147,0.00018924474716186523,1,66
148,0.00018924474716186523,1,66
149,0.00018924474716186523,1,66
150,0.00018924474716186523,1,66
151,0.00018924474716186523,1,66
152,0.00018924474716186523,1,66
153,0.00018924474716186523,1,66
154,0.00018924474716186523,1,66
155,0.00018924474716186523,1,66
156,0.00018924474716186523,1,66
157,0.00018924474716186523,1,66
158,0.00018924474716186523,1,66
159,0.00018924474716186523,1,66
160,0.00018924474716186523,1,66
161,0.00018924474716186523,1,66
162,0.00018924474716186523,1,66
163,0.00018924474716186523,1,66
164,0.00018924474716186523,1,66
165,0.00018924474716186523,1,66
166,0.00018924474716186523,1,66
167,0.00018924474716186523,1,66
168,0.00018924474716186523,1,66
169,0.00018924474716186523,1,66
170,0.00018924474716186523,1,66
171,0.00018924474716186523,1,66
172,0.00018924474716186523,1,66
173,0.00018924474716186523,1,66
174,0.00018924474716186523,1,66
175,0.00018924474716186523,1,66
176,0.00018924474716186523,1,66
177,0.00018924474716186523,1,66
178,0.00018924474716186523,1,66
179,0.00018924474716186523,1,66
180,0.00018924474716186523,1,66
181,0.00018924474716186523,1,66
182,0.00018924474716186523,1,66
183,0.00018924474716186523,1,66
184,0.00018924474716186523,1,66
185,0.00018924474716186523,1,66
186,0.00018924474716186523,1,66
187,0.00018924474716186523,1,66
188,0.00018924474716186523,1,66
189,0.00018924474716186523,1,66
190,0.00018924474716186523,1,66
191,0.00018924474716186523,1,66
192,0.00018924474716186523,1,66
193,0.00018924474716186523,1,66
194,0.00018924474716186523,1,66
195,0.00018924474716186523,1,66
196,0.00018924474716186523,1,66
197,0.00018924474716186523,1,66
198,0.00018924474716186523,1,66
199,0.00018924474716186523,1,66
200,0.00018924474716186523,1,66
1,2.1457672119140625e-06,1,67
2,2.1457672119140625e-06,1,67
3,2.1457672119140625e-06,1,67
4,2.1457672119140625e-06,1,67
5,2.1457672119140625e-06,1,67
6,2.1457672119140625e-06,1,67
7,2.1457672119140625e-06,1,67
8,2.1457672119140625e-06,1,67
9,2.1457672119140625e-06,1,67
10,2.1457672119140625e-06,1,67
11,2.1457672119140625e-06,1,67
12,2.1457672119140625e-06,1,67
13,2.1457672119140625e-06,1,67
14,2.1457672119140625e-06,1,67
15,2.1457672119140625e-06,1,67
16,2.1457672119140625e-06,1,67
17,2.1457672119140625e-06,1,67
18,2.1457672119140625e-06,1,67
19,2.1457672119140625e-06,1,67
20,2.1457672119140625e-06,1,67
21,2.1457672119140625e-06,1,67
22,2.1457672119140625e-06,1,67
23,2.1457672119140625e-06,1,67
24,2.1457672119140625e-06,1,67
25,2.1457672119140625e-06,1,67
26,2.1457672119140625e-06,1,67
27,2.1457672119140625e-06,1,67
28,2.1457672119140625e-06,1,67
29,2.1457672119140625e-06,1,67
30,2.1457672119140625e-06,1,67
31,2.1457672119140625e-06,1,67
32,2.1457672119140625e-06,1,67
33,2.1457672119140625e-06,1,67
34,2.1457672119140625e-06,1,67
35,2.1457672119140625e-06,1,67
36,2.1457672119140625e-06,1,67
37,2.1457672119140625e-06,1,67
38,2.1457672119140625e-06,1,67
39,2.1457672119140625e-06,1,67
40,2.1457672119140625e-06,1,67
41,2.1457672119140625e-06,1,67
42,2.1457672119140625e-06,1,67
43,2.1457672119140625e-06,1,67
44,2.1457672119140625e-06,1,67
45,2.1457672119140625e-06,1,67
46,2.1457672119140625e-06,1,67
47,2.1457672119140625e-06,1,67
48,2.1457672119140625e-06,1,67
49,2.1457672119140625e-06,1,67
50,2.1457672119140625e-06,1,67
51,2.1457672119140625e-06,1,67
52,2.1457672119140625e-06,1,67
53,2.1457672119140625e-06,1,67
54,2.1457672119140625e-06,1,67
55,2.1457672119140625e-06,1,67
56,2.1457672119140625e-06,1,67
57,2.1457672119140625e-06,1,67
58,2.1457672119140625e-06,1,67
59,2.1457672119140625e-06,1,67
60,2.1457672119140625e-06,1,67
61,2.1457672119140625e-06,1,67
62,2.1457672119140625e-06,1,67
63,2.1457672119140625e-06,1,67
64,2.1457672119140625e-06,1,67
65,2.1457672119140625e-06,1,67
66,2.1457672119140625e-06,1,67
67,2.1457672119140625e-06,1,67
68,2.1457672119140625e-06,1,67
69,2.1457672119140625e-06,1,67
70,2.1457672119140625e-06,1,67
71,2.1457672119140625e-06,1,67
72,2.1457672119140625e-06,1,67
73,2.1457672119140625e-06,1,67
74,2.1457672119140625e-06,1,67
75,2.1457672119140625e-06,1,67
76,2.1457672119140625e-06,1,67
77,2.1457672119140625e-06,1,67
78,2.1457672119140625e-06,1,67
79,2.1457672119140625e-06,1,67
80,2.1457672119140625e-06,1,67
81,2.1457672119140625e-06,1,67
82,2.1457672119140625e-06,1,67
83,2.1457672119140625e-06,1,67
84,2.1457672119140625e-06,1,67
85,2.1457672119140625e-06,1,67
86,2.1457672119140625e-06,1,67
87,2.1457672119140625e-06,1,67
88,2.1457672119140625e-06,1,67
89,2.1457672119140625e-06,1,67
90,2.1457672119140625e-06,1,67
91,2.1457672119140625e-06,1,67
92,2.1457672119140625e-06,1,67
93,2.1457672119140625e-06,1,67
94,2.1457672119140625e-06,1,67
95,2.1457672119140625e-06,1,67
96,2.1457672119140625e-06,1,67
97,2.1457672119140625e-06,1,67
98,2.1457672119140625e-06,1,67
99,2.1457672119140625e-06,1,67
100,2.1457672119140625e-06,1,67
101,2.1457672119140625e-06,1,67
102,2.1457672119140625e-06,1,67
103,2.1457672119140625e-06,1,67
104,2.1457672119140625e-06,1,67
105,2.1457672119140625e-06,1,67
106,2.1457672119140625e-06,1,67
107,2.1457672119140625e-06,1,67
108,2.1457672119140625e-06,1,67
109,2.1457672119140625e-06,1,67
110,2.1457672119140625e-06,1,67
111,2.1457672119140625e-06,1,67
112,2.1457672119140625e-06,1,67
113,2.1457672119140625e-06,1,67
114,2.1457672119140625e-06,1,67
115,2.1457672119140625e-06,1,67
116,2.1457672119140625e-06,1,67
117,2.1457672119140625e-06,1,67
118,2.1457672119140625e-06,1,67
119,2.1457672119140625e-06,1,67
120,2.1457672119140625e-06,1,67
121,2.1457672119140625e-06,1,67
122,2.1457672119140625e-06,1,67
123,2.1457672119140625e-06,1,67
124,2.1457672119140625e-06,1,67
125,2.1457672119140625e-06,1,67
126,2.1457672119140625e-06,1,67
127,2.1457672119140625e-06,1,67
128,2.1457672119140625e-06,1,67
129,2.1457672119140625e-06,1,67
130,2.1457672119140625e-06,1,67
131,2.1457672119140625e-06,1,67
132,2.1457672119140625e-06,1,67
133,2.1457672119140625e-06,1,67
134,2.1457672119140625e-06,1,67
135,2.1457672119140625e-06,1,67
136,2.1457672119140625e-06,1,67
137,2.1457672119140625e-06,1,67
138,2.1457672119140625e-06,1,67
139,2.1457672119140625e-06,1,67
140,2.1457672119140625e-06,1,67
141,2.1457672119140625e-06,1,67
142,2.1457672119140625e-06,1,67
143,2.1457672119140625e-06,1,67
144,2.1457672119140625e-06,1,67
145,2.1457672119140625e-06,1,67
146,2.1457672119140625e-06,1,67
147,2.1457672119140625e-06,1,67
148,2.1457672119140625e-06,1,67
149,2.1457672119140625e-06,1,67
150,2.1457672119140625e-06,1,67
151,2.1457672119140625e-06,1,67
152,2.1457672119140625e-06,1,67
153,2.1457672119140625e-06,1,67
154,2.1457672119140625e-06,1,67
155,2.1457672119140625e-06,1,67
156,2.1457672119140625e-06,1,67
157,2.1457672119140625e-06,1,67
158,2.1457672119140625e-06,1,67
159,2.1457672119140625e-06,1,67
160,2.1457672119140625e-06,1,67
161,2.1457672119140625e-06,1,67
162,2.1457672119140625e-06,1,67
163,2.1457672119140625e-06,1,67
164,2.1457672119140625e-06,1,67
165,2.1457672119140625e-06,1,67
166,2.1457672119140625e-06,1,67
167,2.1457672119140625e-06,1,67
168,2.1457672119140625e-06,1,67
169,2.1457672119140625e-06,1,67
170,2.1457672119140625e-06,1,67
171,2.1457672119140625e-06,1,67
172,2.1457672119140625e-06,1,67
173,2.1457672119140625e-06,1,67
174,2.1457672119140625e-06,1,67
175,2.1457672119140625e-06,1,67
176,2.1457672119140625e-06,1,67
177,2.1457672119140625e-06,1,67
178,2.1457672119140625e-06,1,67
179,2.1457672119140625e-06,1,67
180,2.1457672119140625e-06,1,67
181,2.1457672119140625e-06,1,67
182,2.1457672119140625e-06,1,67
183,2.1457672119140625e-06,1,67
184,2.1457672119140625e-06,1,67
185,2.1457672119140625e-06,1,67
186,2.1457672119140625e-06,1,67
187,2.1457672119140625e-06,1,67
188,2.1457672119140625e-06,1,67
189,2.1457672119140625e-06,1,67
190,2.1457672119140625e-06,1,67
191,2.1457672119140625e-06,1,67
192,2.1457672119140625e-06,1,67
193,2.1457672119140625e-06,1,67
194,2.1457672119140625e-06,1,67
195,2.1457672119140625e-06,1,67
196,2.1457672119140625e-06,1,67
197,2.1457672119140625e-06,1,67
198,2.1457672119140625e-06,1,67
199,2.1457672119140625e-06,1,67
200,2.1457672119140625e-06,1,67
1,1.9073486328125e-06,1,68
2,1.9073486328125e-06,1,68
3,1.9073486328125e-06,1,68
4,1.9073486328125e-06,1,68
5,1.9073486328125e-06,1,68
6,1.9073486328125e-06,1,68
7,1.9073486328125e-06,1,68
8,1.9073486328125e-06,1,68
9,1.9073486328125e-06,1,68
10,1.9073486328125e-06,1,68
11,1.9073486328125e-06,1,68
12,1.9073486328125e-06,1,68
13,1.9073486328125e-06,1,68
14,1.9073486328125e-06,1,68
15,1.9073486328125e-06,1,68
16,1.9073486328125e-06,1,68
17,1.9073486328125e-06,1,68
18,1.9073486328125e-06,1,68
19,1.9073486328125e-06,1,68
20,1.9073486328125e-06,1,68
21,1.9073486328125e-06,1,68
22,1.9073486328125e-06,1,68
23,1.9073486328125e-06,1,68
24,1.9073486328125e-06,1,68
25,1.9073486328125e-06,1,68
26,1.9073486328125e-06,1,68
27,1.9073486328125e-06,1,68
28,1.9073486328125e-06,1,68
29,1.9073486328125e-06,1,68
30,1.9073486328125e-06,1,68
31,1.9073486328125e-06,1,68
32,1.9073486328125e-06,1,68
33,1.9073486328125e-06,1,68
34,1.9073486328125e-06,1,68
35,1.9073486328125e-06,1,68
36,1.9073486328125e-06,1,68
37,1.9073486328125e-06,1,68
38,1.9073486328125e-06,1,68
39,1.9073486328125e-06,1,68
40,1.9073486328125e-06,1,68
41,1.9073486328125e-06,1,68
42,1.9073486328125e-06,1,68
43,1.9073486328125e-06,1,68
44,1.9073486328125e-06,1,68
45,1.9073486328125e-06,1,68
46,1.9073486328125e-06,1,68
47,1.9073486328125e-06,1,68
48,1.9073486328125e-06,1,68
49,1.9073486328125e-06,1,68
50,1.9073486328125e-06,1,68
51,1.9073486328125e-06,1,68
52,1.9073486328125e-06,1,68
53,1.9073486328125e-06,1,68
54,1.9073486328125e-06,1,68
55,1.9073486328125e-06,1,68
56,1.9073486328125e-06,1,68
57,1.9073486328125e-06,1,68
58,1.9073486328125e-06,1,68
59,1.9073486328125e-06,1,68
60,1.9073486328125e-06,1,68
61,1.9073486328125e-06,1,68
62,1.9073486328125e-06,1,68
63,1.9073486328125e-06,1,68
64,1.9073486328125e-06,1,68
65,1.9073486328125e-06,1,68
66,1.9073486328125e-06,1,68
67,1.9073486328125e-06,1,68
68,1.9073486328125e-06,1,68
69,1.9073486328125e-06,1,68
70,1.9073486328125e-06,1,68
71,1.9073486328125e-06,1,68
72,1.9073486328125e-06,1,68
73,1.9073486328125e-06,1,68
74,1.9073486328125e-06,1,68
75,1.9073486328125e-06,1,68
76,1.9073486328125e-06,1,68
77,1.9073486328125e-06,1,68
78,1.9073486328125e-06,1,68
79,1.9073486328125e-06,1,68
80,1.9073486328125e-06,1,68
81,1.9073486328125e-06,1,68
82,1.9073486328125e-06,1,68
83,1.9073486328125e-06,1,68
84,1.9073486328125e-06,1,68
85,1.9073486328125e-06,1,68
86,1.9073486328125e-06,1,68
87,1.9073486328125e-06,1,68
88,1.9073486328125e-06,1,68
89,1.9073486328125e-06,1,68
90,1.9073486328125e-06,1,68
91,1.9073486328125e-06,1,68
92,1.9073486328125e-06,1,68
93,1.9073486328125e-06,1,68
94,1.9073486328125e-06,1,68
95,1.9073486328125e-06,1,68
96,1.9073486328125e-06,1,68
97,1.9073486328125e-06,1,68
98,1.9073486328125e-06,1,68
99,1.9073486328125e-06,1,68
100,1.9073486328125e-06,1,68
101,1.9073486328125e-06,1,68
102,1.9073486328125e-06,1,68
103,1.9073486328125e-06,1,68
104,1.9073486328125e-06,1,68
105,1.9073486328125e-06,1,68
106,1.9073486328125e-06,1,68
107,1.9073486328125e-06,1,68
108,1.9073486328125e-06,1,68
109,1.9073486328125e-06,1,68
110,1.9073486328125e-06,1,68
111,1.9073486328125e-06,1,68
112,1.9073486328125e-06,1,68
113,1.9073486328125e-06,1,68
114,1.9073486328125e-06,1,68
115,1.9073486328125e-06,1,68
116,1.9073486328125e-06,1,68
117,1.9073486328125e-06,1,68
118,1.9073486328125e-06,1,68
119,1.9073486328125e-06,1,68
120,1.9073486328125e-06,1,68
121,1.9073486328125e-06,1,68
122,1.9073486328125e-06,1,68
123,1.9073486328125e-06,1,68
124,1.9073486328125e-06,1,68
125,1.9073486328125e-06,1,68
126,1.9073486328125e-06,1,68
127,1.9073486328125e-06,1,68
128,1.9073486328125e-06,1,68
129,1.9073486328125e-06,1,68
130,1.9073486328125e-06,1,68
131,1.9073486328125e-06,1,68
132,1.9073486328125e-06,1,68
133,1.9073486328125e-06,1,68
134,1.9073486328125e-06,1,68
135,1.9073486328125e-06,1,68
136,1.9073486328125e-06,1,68
137,1.9073486328125e-06,1,68
138,1.9073486328125e-06,1,68
139,1.9073486328125e-06,1,68
140,1.9073486328125e-06,1,68
141,1.9073486328125e-06,1,68
142,1.9073486328125e-06,1,68
143,1.9073486328125e-06,1,68
144,1.9073486328125e-06,1,68
145,1.9073486328125e-06,1,68
146,1.9073486328125e-06,1,68
147,1.9073486328125e-06,1,68
148,1.9073486328125e-06,1,68
149,1.9073486328125e-06,1,68
150,1.9073486328125e-06,1,68
151,1.9073486328125e-06,1,68
152,1.9073486328125e-06,1,68
153,1.9073486328125e-06,1,68
154,1.9073486328125e-06,1,68
155,1.9073486328125e-06,1,68
156,1.9073486328125e-06,1,68
157,1.9073486328125e-06,1,68
158,1.9073486328125e-06,1,68
159,1.9073486328125e-06,1,68
160,1.9073486328125e-06,1,68
161,1.9073486328125e-06,1,68
162,1.9073486328125e-06,1,68
163,1.9073486328125e-06,1,68
164,1.9073486328125e-06,1,68
165,1.9073486328125e-06,1,68
166,1.9073486328125e-06,1,68
167,1.9073486328125e-06,1,68
168,1.9073486328125e-06,1,68
169,1.9073486328125e-06,1,68
170,1.9073486328125e-06,1,68
171,1.9073486328125e-06,1,68
172,1.9073486328125e-06,1,68
173,1.9073486328125e-06,1,68
174,1.9073486328125e-06,1,68
175,1.9073486328125e-06,1,68
176,1.9073486328125e-06,1,68
177,1.9073486328125e-06,1,68
178,1.9073486328125e-06,1,68
179,1.9073486328125e-06,1,68
180,1.9073486328125e-06,1,68
181,1.9073486328125e-06,1,68
182,1.9073486328125e-06,1,68
183,1.9073486328125e-06,1,68
184,1.9073486328125e-06,1,68
185,1.9073486328125e-06,1,68
186,1.9073486328125e-06,1,68
187,1.9073486328125e-06,1,68
188,1.9073486328125e-06,1,68
189,1.9073486328125e-06,1,68
190,1.9073486328125e-06,1,68
191,1.9073486328125e-06,1,68
192,1.9073486328125e-06,1,68
193,1.9073486328125e-06,1,68
194,1.9073486328125e-06,1,68
195,1.9073486328125e-06,1,68
196,1.9073486328125e-06,1,68
197,1.9073486328125e-06,1,68
198,1.9073486328125e-06,1,68
199,1.9073486328125e-06,1,68
200,1.9073486328125e-06,1,68
1,1.0848045349121094e-05,1,69
2,1.0848045349121094e-05,1,69
3,1.0848045349121094e-05,1,69
4,1.0848045349121094e-05,1,69
5,1.0848045349121094e-05,1,69
6,1.0848045349121094e-05,1,69
7,1.0848045349121094e-05,1,69
8,1.0848045349121094e-05,1,69
9,1.0848045349121094e-05,1,69
10,1.0848045349121094e-05,1,69
11,1.0848045349121094e-05,1,69
12,1.0848045349121094e-05,1,69
13,1.0848045349121094e-05,1,69
14,1.0848045349121094e-05,1,69
15,1.0848045349121094e-05,1,69
16,1.0848045349121094e-05,1,69
17,1.0848045349121094e-05,1,69
18,1.0848045349121094e-05,1,69
19,1.0848045349121094e-05,1,69
20,1.0848045349121094e-05,1,69
21,1.0848045349121094e-05,1,69
22,1.0848045349121094e-05,1,69
23,1.0848045349121094e-05,1,69
24,1.0848045349121094e-05,1,69
25,1.0848045349121094e-05,1,69
26,1.0848045349121094e-05,1,69
27,1.0848045349121094e-05,1,69
28,1.0848045349121094e-05,1,69
29,1.0848045349121094e-05,1,69
30,1.0848045349121094e-05,1,69
31,1.0848045349121094e-05,1,69
32,1.0848045349121094e-05,1,69
33,1.0848045349121094e-05,1,69
34,1.0848045349121094e-05,1,69
35,1.0848045349121094e-05,1,69
36,1.0848045349121094e-05,1,69
37,1.0848045349121094e-05,1,69
38,1.0848045349121094e-05,1,69
39,1.0848045349121094e-05,1,69
40,1.0848045349121094e-05,1,69
41,1.0848045349121094e-05,1,69
42,1.0848045349121094e-05,1,69
43,1.0848045349121094e-05,1,69
44,1.0848045349121094e-05,1,69
45,1.0848045349121094e-05,1,69
46,1.0848045349121094e-05,1,69
47,1.0848045349121094e-05,1,69
48,1.0848045349121094e-05,1,69
49,1.0848045349121094e-05,1,69
50,1.0848045349121094e-05,1,69
51,1.0848045349121094e-05,1,69
52,1.0848045349121094e-05,1,69
53,1.0848045349121094e-05,1,69
54,1.0848045349121094e-05,1,69
55,1.0848045349121094e-05,1,69
56,1.0848045349121094e-05,1,69
57,1.0848045349121094e-05,1,69
58,1.0848045349121094e-05,1,69
59,1.0848045349121094e-05,1,69
60,1.0848045349121094e-05,1,69
61,1.0848045349121094e-05,1,69
62,1.0848045349121094e-05,1,69
63,1.0848045349121094e-05,1,69
64,1.0848045349121094e-05,1,69
65,1.0848045349121094e-05,1,69
66,1.0848045349121094e-05,1,69
67,1.0848045349121094e-05,1,69
68,1.0848045349121094e-05,1,69
69,1.0848045349121094e-05,1,69
70,1.0848045349121094e-05,1,69
71,1.0848045349121094e-05,1,69
72,1.0848045349121094e-05,1,69
73,1.0848045349121094e-05,1,69
74,1.0848045349121094e-05,1,69
75,1.0848045349121094e-05,1,69
76,1.0848045349121094e-05,1,69
77,1.0848045349121094e-05,1,69
78,1.0848045349121094e-05,1,69
79,1.0848045349121094e-05,1,69
80,1.0848045349121094e-05,1,69
81,1.0848045349121094e-05,1,69
82,1.0848045349121094e-05,1,69
83,1.0848045349121094e-05,1,69
84,1.0848045349121094e-05,1,69
85,1.0848045349121094e-05,1,69
86,1.0848045349121094e-05,1,69
87,1.0848045349121094e-05,1,69
88,1.0848045349121094e-05,1,69
89,1.0848045349121094e-05,1,69
90,1.0848045349121094e-05,1,69
91,1.0848045349121094e-05,1,69
92,1.0848045349121094e-05,1,69
93,1.0848045349121094e-05,1,69
94,1.0848045349121094e-05,1,69
95,1.0848045349121094e-05,1,69
96,1.0848045349121094e-05,1,69
97,1.0848045349121094e-05,1,69
98,1.0848045349121094e-05,1,69
99,1.0848045349121094e-05,1,69
100,1.0848045349121094e-05,1,69
101,1.0848045349121094e-05,1,69
102,1.0848045349121094e-05,1,69
103,1.0848045349121094e-05,1,69
104,1.0848045349121094e-05,1,69
105,1.0848045349121094e-05,1,69
106,1.0848045349121094e-05,1,69
107,1.0848045349121094e-05,1,69
108,1.0848045349121094e-05,1,69
109,1.0848045349121094e-05,1,69
110,1.0848045349121094e-05,1,69
111,1.0848045349121094e-05,1,69
112,1.0848045349121094e-05,1,69
113,1.0848045349121094e-05,1,69
114,1.0848045349121094e-05,1,69
115,1.0848045349121094e-05,1,69
116,1.0848045349121094e-05,1,69
117,1.0848045349121094e-05,1,69
118,1.0848045349121094e-05,1,69
119,1.0848045349121094e-05,1,69
120,1.0848045349121094e-05,1,69
121,1.0848045349121094e-05,1,69
122,1.0848045349121094e-05,1,69
123,1.0848045349121094e-05,1,69
124,1.0848045349121094e-05,1,69
125,1.0848045349121094e-05,1,69
126,1.0848045349121094e-05,1,69
127,1.0848045349121094e-05,1,69
128,1.0848045349121094e-05,1,69
129,1.0848045349121094e-05,1,69
130,1.0848045349121094e-05,1,69
131,1.0848045349121094e-05,1,69
132,1.0848045349121094e-05,1,69
133,1.0848045349121094e-05,1,69
134,1.0848045349121094e-05,1,69
135,1.0848045349121094e-05,1,69
136,1.0848045349121094e-05,1,69
137,1.0848045349121094e-05,1,69
138,1.0848045349121094e-05,1,69
139,1.0848045349121094e-05,1,69
140,1.0848045349121094e-05,1,69
141,1.0848045349121094e-05,1,69
142,1.0848045349121094e-05,1,69
143,1.0848045349121094e-05,1,69
144,1.0848045349121094e-05,1,69
145,1.0848045349121094e-05,1,69
146,1.0848045349121094e-05,1,69
147,1.0848045349121094e-05,1,69
148,1.0848045349121094e-05,1,69
149,1.0848045349121094e-05,1,69
150,1.0848045349121094e-05,1,69
151,1.0848045349121094e-05,1,69
152,1.0848045349121094e-05,1,69
153,1.0848045349121094e-05,1,69
154,1.0848045349121094e-05,1,69
155,1.0848045349121094e-05,1,69
156,1.0848045349121094e-05,1,69
157,1.0848045349121094e-05,1,69
158,1.0848045349121094e-05,1,69
159,1.0848045349121094e-05,1,69
160,1.0848045349121094e-05,1,69
161,1.0848045349121094e-05,1,69
162,1.0848045349121094e-05,1,69
163,1.0848045349121094e-05,1,69
164,1.0848045349121094e-05,1,69
165,1.0848045349121094e-05,1,69
166,1.0848045349121094e-05,1,69
167,1.0848045349121094e-05,1,69
168,1.0848045349121094e-05,1,69
169,1.0848045349121094e-05,1,69
170,1.0848045349121094e-05,1,69
171,1.0848045349121094e-05,1,69
172,1.0848045349121094e-05,1,69
173,1.0848045349121094e-05,1,69
174,1.0848045349121094e-05,1,69
175,1.0848045349121094e-05,1,69
176,1.0848045349121094e-05,1,69
177,1.0848045349121094e-05,1,69
178,1.0848045349121094e-05,1,69
179,1.0848045349121094e-05,1,69
180,1.0848045349121094e-05,1,69
181,1.0848045349121094e-05,1,69
182,1.0848045349121094e-05,1,69
183,1.0848045349121094e-05,1,69
184,1.0848045349121094e-05,1,69
185,1.0848045349121094e-05,1,69
186,1.0848045349121094e-05,1,69
187,1.0848045349121094e-05,1,69
188,1.0848045349121094e-05,1,69
189,1.0848045349121094e-05,1,69
190,1.0848045349121094e-05,1,69
191,1.0848045349121094e-05,1,69
192,1.0848045349121094e-05,1,69
193,1.0848045349121094e-05,1,69
194,1.0848045349121094e-05,1,69
195,1.0848045349121094e-05,1,69
196,1.0848045349121094e-05,1,69
197,1.0848045349121094e-05,1,69
198,1.0848045349121094e-05,1,69
199,1.0848045349121094e-05,1,69
200,1.0848045349121094e-05,1,69
1,2.384185791015625e-07,1,70
2,2.384185791015625e-07,1,70
3,2.384185791015625e-07,1,70
4,2.384185791015625e-07,1,70
5,2.384185791015625e-07,1,70
6,2.384185791015625e-07,1,70
7,2.384185791015625e-07,1,70
8,2.384185791015625e-07,1,70
9,2.384185791015625e-07,1,70
10,2.384185791015625e-07,1,70
11,2.384185791015625e-07,1,70
12,2.384185791015625e-07,1,70
13,2.384185791015625e-07,1,70
14,2.384185791015625e-07,1,70
15,2.384185791015625e-07,1,70
16,2.384185791015625e-07,1,70
17,2.384185791015625e-07,1,70
18,2.384185791015625e-07,1,70
19,2.384185791015625e-07,1,70
20,2.384185791015625e-07,1,70
21,2.384185791015625e-07,1,70
22,2.384185791015625e-07,1,70
23,2.384185791015625e-07,1,70
24,2.384185791015625e-07,1,70
25,2.384185791015625e-07,1,70
26,2.384185791015625e-07,1,70
27,2.384185791015625e-07,1,70
28,2.384185791015625e-07,1,70
29,2.384185791015625e-07,1,70
30,2.384185791015625e-07,1,70
31,2.384185791015625e-07,1,70
32,2.384185791015625e-07,1,70
33,2.384185791015625e-07,1,70
34,2.384185791015625e-07,1,70
35,2.384185791015625e-07,1,70
36,2.384185791015625e-07,1,70
37,2.384185791015625e-07,1,70
38,2.384185791015625e-07,1,70
39,2.384185791015625e-07,1,70
40,2.384185791015625e-07,1,70
41,2.384185791015625e-07,1,70
42,2.384185791015625e-07,1,70
43,2.384185791015625e-07,1,70
44,2.384185791015625e-07,1,70
45,2.384185791015625e-07,1,70
46,2.384185791015625e-07,1,70
47,2.384185791015625e-07,1,70
48,2.384185791015625e-07,1,70
49,2.384185791015625e-07,1,70
50,2.384185791015625e-07,1,70
51,2.384185791015625e-07,1,70
52,2.384185791015625e-07,1,70
53,2.384185791015625e-07,1,70
54,2.384185791015625e-07,1,70
55,2.384185791015625e-07,1,70
56,2.384185791015625e-07,1,70
57,2.384185791015625e-07,1,70
58,2.384185791015625e-07,1,70
59,2.384185791015625e-07,1,70
60,2.384185791015625e-07,1,70
61,2.384185791015625e-07,1,70
62,2.384185791015625e-07,1,70
63,2.384185791015625e-07,1,70
64,2.384185791015625e-07,1,70
65,2.384185791015625e-07,1,70
66,2.384185791015625e-07,1,70
67,2.384185791015625e-07,1,70
68,2.384185791015625e-07,1,70
69,2.384185791015625e-07,1,70
70,2.384185791015625e-07,1,70
71,2.384185791015625e-07,1,70
72,2.384185791015625e-07,1,70
73,2.384185791015625e-07,1,70
74,2.384185791015625e-07,1,70
75,2.384185791015625e-07,1,70
76,2.384185791015625e-07,1,70
77,2.384185791015625e-07,1,70
78,2.384185791015625e-07,1,70
79,2.384185791015625e-07,1,70
80,2.384185791015625e-07,1,70
81,2.384185791015625e-07,1,70
82,2.384185791015625e-07,1,70
83,2.384185791015625e-07,1,70
84,2.384185791015625e-07,1,70
85,2.384185791015625e-07,1,70
86,2.384185791015625e-07,1,70
87,2.384185791015625e-07,1,70
88,2.384185791015625e-07,1,70
89,2.384185791015625e-07,1,70
90,2.384185791015625e-07,1,70
91,2.384185791015625e-07,1,70
92,2.384185791015625e-07,1,70
93,2.384185791015625e-07,1,70
94,2.384185791015625e-07,1,70
95,2.384185791015625e-07,1,70
96,2.384185791015625e-07,1,70
97,2.384185791015625e-07,1,70
98,2.384185791015625e-07,1,70
99,2.384185791015625e-07,1,70
100,2.384185791015625e-07,1,70
101,2.384185791015625e-07,1,70
102,2.384185791015625e-07,1,70
103,2.384185791015625e-07,1,70
104,2.384185791015625e-07,1,70
105,2.384185791015625e-07,1,70
106,2.384185791015625e-07,1,70
107,2.384185791015625e-07,1,70
108,2.384185791015625e-07,1,70
109,2.384185791015625e-07,1,70
110,2.384185791015625e-07,1,70
111,2.384185791015625e-07,1,70
112,2.384185791015625e-07,1,70
113,2.384185791015625e-07,1,70
114,2.384185791015625e-07,1,70
115,2.384185791015625e-07,1,70
116,2.384185791015625e-07,1,70
117,2.384185791015625e-07,1,70
118,2.384185791015625e-07,1,70
119,2.384185791015625e-07,1,70
120,2.384185791015625e-07,1,70
121,2.384185791015625e-07,1,70
122,2.384185791015625e-07,1,70
123,2.384185791015625e-07,1,70
124,2.384185791015625e-07,1,70
125,2.384185791015625e-07,1,70
126,2.384185791015625e-07,1,70
127,2.384185791015625e-07,1,70
128,2.384185791015625e-07,1,70
129,2.384185791015625e-07,1,70
130,2.384185791015625e-07,1,70
131,2.384185791015625e-07,1,70
132,2.384185791015625e-07,1,70
133,2.384185791015625e-07,1,70
134,2.384185791015625e-07,1,70
135,2.384185791015625e-07,1,70
136,2.384185791015625e-07,1,70
137,2.384185791015625e-07,1,70
138,2.384185791015625e-07,1,70
139,2.384185791015625e-07,1,70
140,2.384185791015625e-07,1,70
141,2.384185791015625e-07,1,70
142,2.384185791015625e-07,1,70
143,2.384185791015625e-07,1,70
144,2.384185791015625e-07,1,70
145,2.384185791015625e-07,1,70
146,2.384185791015625e-07,1,70
147,2.384185791015625e-07,1,70
148,2.384185791015625e-07,1,70
149,2.384185791015625e-07,1,70
150,2.384185791015625e-07,1,70
151,2.384185791015625e-07,1,70
152,2.384185791015625e-07,1,70
153,2.384185791015625e-07,1,70
154,2.384185791015625e-07,1,70
155,2.384185791015625e-07,1,70
156,2.384185791015625e-07,1,70
157,2.384185791015625e-07,1,70
158,2.384185791015625e-07,1,70
159,2.384185791015625e-07,1,70
160,2.384185791015625e-07,1,70
161,2.384185791015625e-07,1,70
162,2.384185791015625e-07,1,70
163,2.384185791015625e-07,1,70
164,2.384185791015625e-07,1,70
165,2.384185791015625e-07,1,70
166,2.384185791015625e-07,1,70
167,2.384185791015625e-07,1,70
168,2.384185791015625e-07,1,70
169,2.384185791015625e-07,1,70
170,2.384185791015625e-07,1,70
171,2.384185791015625e-07,1,70
172,2.384185791015625e-07,1,70
173,2.384185791015625e-07,1,70
174,2.384185791015625e-07,1,70
175,2.384185791015625e-07,1,70
176,2.384185791015625e-07,1,70
177,2.384185791015625e-07,1,70
178,2.384185791015625e-07,1,70
179,2.384185791015625e-07,1,70
180,2.384185791015625e-07,1,70
181,2.384185791015625e-07,1,70
182,2.384185791015625e-07,1,70
183,2.384185791015625e-07,1,70
184,2.384185791015625e-07,1,70
185,2.384185791015625e-07,1,70
186,2.384185791015625e-07,1,70
187,2.384185791015625e-07,1,70
188,2.384185791015625e-07,1,70
189,2.384185791015625e-07,1,70
190,2.384185791015625e-07,1,70
191,2.384185791015625e-07,1,70
192,2.384185791015625e-07,1,70
193,2.384185791015625e-07,1,70
194,2.384185791015625e-07,1,70
195,2.384185791015625e-07,1,70
196,2.384185791015625e-07,1,70
197,2.384185791015625e-07,1,70
198,2.384185791015625e-07,1,70
199,2.384185791015625e-07,1,70
200,2.384185791015625e-07,1,70
1,0.0,1,71
2,0.0,1,71
3,0.0,1,71
4,0.0,1,71
5,0.0,1,71
6,0.0,1,71
7,0.0,1,71
8,0.0,1,71
9,0.0,1,71
10,0.0,1,71
11,0.0,1,71
12,0.0,1,71
13,0.0,1,71
14,0.0,1,71
15,0.0,1,71
16,0.0,1,71
17,0.0,1,71
18,0.0,1,71
19,0.0,1,71
20,0.0,1,71
21,0.0,1,71
22,0.0,1,71
23,0.0,1,71
24,0.0,1,71
25,0.0,1,71
26,0.0,1,71
27,0.0,1,71
28,0.0,1,71
29,0.0,1,71
30,0.0,1,71
31,0.0,1,71
32,0.0,1,71
33,0.0,1,71
34,0.0,1,71
35,0.0,1,71
36,0.0,1,71
37,0.0,1,71
38,0.0,1,71
39,0.0,1,71
40,0.0,1,71
41,0.0,1,71
42,0.0,1,71
43,0.0,1,71
44,0.0,1,71
45,0.0,1,71
46,0.0,1,71
47,0.0,1,71
48,0.0,1,71
49,0.0,1,71
50,0.0,1,71
51,0.0,1,71
52,0.0,1,71
53,0.0,1,71
54,0.0,1,71
55,0.0,1,71
56,0.0,1,71
57,0.0,1,71
58,0.0,1,71
59,0.0,1,71
60,0.0,1,71
61,0.0,1,71
62,0.0,1,71
63,0.0,1,71
64,0.0,1,71
65,0.0,1,71
66,0.0,1,71
67,0.0,1,71
68,0.0,1,71
69,0.0,1,71
70,0.0,1,71
71,0.0,1,71
72,0.0,1,71
73,0.0,1,71
74,0.0,1,71
75,0.0,1,71
76,0.0,1,71
77,0.0,1,71
78,0.0,1,71
79,0.0,1,71
80,0.0,1,71
81,0.0,1,71
82,0.0,1,71
83,0.0,1,71
84,0.0,1,71
85,0.0,1,71
86,0.0,1,71
87,0.0,1,71
88,0.0,1,71
89,0.0,1,71
90,0.0,1,71
91,0.0,1,71
92,0.0,1,71
93,0.0,1,71
94,0.0,1,71
95,0.0,1,71
96,0.0,1,71
97,0.0,1,71
98,0.0,1,71
99,0.0,1,71
100,0.0,1,71
101,0.0,1,71
102,0.0,1,71
103,0.0,1,71
104,0.0,1,71
105,0.0,1,71
106,0.0,1,71
107,0.0,1,71
108,0.0,1,71
109,0.0,1,71
110,0.0,1,71
111,0.0,1,71
112,0.0,1,71
113,0.0,1,71
114,0.0,1,71
115,0.0,1,71
116,0.0,1,71
117,0.0,1,71
118,0.0,1,71
119,0.0,1,71
120,0.0,1,71
121,0.0,1,71
122,0.0,1,71
123,0.0,1,71
124,0.0,1,71
125,0.0,1,71
126,0.0,1,71
127,0.0,1,71
128,0.0,1,71
129,0.0,1,71
130,0.0,1,71
131,0.0,1,71
132,0.0,1,71
133,0.0,1,71
134,0.0,1,71
135,0.0,1,71
136,0.0,1,71
137,0.0,1,71
138,0.0,1,71
139,0.0,1,71
140,0.0,1,71
141,0.0,1,71
142,0.0,1,71
143,0.0,1,71
144,0.0,1,71
145,0.0,1,71
146,0.0,1,71
147,0.0,1,71
148,0.0,1,71
149,0.0,1,71
150,0.0,1,71
151,0.0,1,71
152,0.0,1,71
153,0.0,1,71
154,0.0,1,71
155,0.0,1,71
156,0.0,1,71
157,0.0,1,71
158,0.0,1,71
159,0.0,1,71
160,0.0,1,71
161,0.0,1,71
162,0.0,1,71
163,0.0,1,71
164,0.0,1,71
165,0.0,1,71
166,0.0,1,71
167,0.0,1,71
168,0.0,1,71
169,0.0,1,71
170,0.0,1,71
171,0.0,1,71
172,0.0,1,71
173,0.0,1,71
174,0.0,1,71
175,0.0,1,71
176,0.0,1,71
177,0.0,1,71
178,0.0,1,71
179,0.0,1,71
180,0.0,1,71
181,0.0,1,71
182,0.0,1,71
183,0.0,1,71
184,0.0,1,71
185,0.0,1,71
186,0.0,1,71
187,0.0,1,71
188,0.0,1,71
189,0.0,1,71
190,0.0,1,71
191,0.0,1,71
192,0.0,1,71
193,0.0,1,71
194,0.0,1,71
195,0.0,1,71
196,0.0,1,71
197,0.0,1,71
198,0.0,1,71
199,0.0,1,71
200,0.0,1,71
1,0.00011587142944335938,1,72
2,0.00011587142944335938,1,72
3,0.00011587142944335938,1,72
4,0.00011599063873291016,1,72
5,0.00011599063873291016,1,72
6,0.00011599063873291016,1,72
7,0.00011599063873291016,1,72
8,0.00011599063873291016,1,72
9,0.00011599063873291016,1,72
10,0.00011599063873291016,1,72
11,0.00011599063873291016,1,72
12,0.00011599063873291016,1,72
13,0.00011599063873291016,1,72
14,0.00011599063873291016,1,72
15,0.00011599063873291016,1,72
16,0.00011599063873291016,1,72
17,0.00011599063873291016,1,72
18,0.00011599063873291016,1,72
19,0.00011599063873291016,1,72
20,0.00011599063873291016,1,72
21,0.00011599063873291016,1,72
22,0.00011599063873291016,1,72
23,0.00011599063873291016,1,72
24,0.00011599063873291016,1,72
25,0.00011599063873291016,1,72
26,0.00011599063873291016,1,72
27,0.00011599063873291016,1,72
28,0.00011599063873291016,1,72
29,0.00011599063873291016,1,72
30,0.00011599063873291016,1,72
31,0.00011599063873291016,1,72
32,0.00011599063873291016,1,72
33,0.00011599063873291016,1,72
34,0.00011599063873291016,1,72
35,0.00011599063873291016,1,72
36,0.00011599063873291016,1,72
37,0.00011599063873291016,1,72
38,0.00011599063873291016,1,72
39,0.00011599063873291016,1,72
40,0.00011599063873291016,1,72
41,0.00011599063873291016,1,72
42,0.00011599063873291016,1,72
43,0.00011599063873291016,1,72
44,0.00011599063873291016,1,72
45,0.00011599063873291016,1,72
46,0.00011599063873291016,1,72
47,0.00011599063873291016,1,72
48,0.00011599063873291016,1,72
49,0.00011599063873291016,1,72
50,0.00011599063873291016,1,72
51,0.00011599063873291016,1,72
52,0.00011599063873291016,1,72
53,0.00011599063873291016,1,72
54,0.00011599063873291016,1,72
55,0.00011599063873291016,1,72
56,0.00011599063873291016,1,72
57,0.00011599063873291016,1,72
58,0.00011599063873291016,1,72
59,0.00011599063873291016,1,72
60,0.00011599063873291016,1,72
61,0.00011599063873291016,1,72
62,0.00011599063873291016,1,72
63,0.00011599063873291016,1,72
64,0.00011599063873291016,1,72
65,0.00011599063873291016,1,72
66,0.00011599063873291016,1,72
67,0.00011599063873291016,1,72
68,0.00011599063873291016,1,72
69,0.00011599063873291016,1,72
70,0.00011599063873291016,1,72
71,0.00011599063873291016,1,72
72,0.00011599063873291016,1,72
73,0.00011599063873291016,1,72
74,0.00011599063873291016,1,72
75,0.00011599063873291016,1,72
76,0.00011599063873291016,1,72
77,0.00011599063873291016,1,72
78,0.00011599063873291016,1,72
79,0.00011599063873291016,1,72
80,0.00011599063873291016,1,72
81,0.00011599063873291016,1,72
82,0.00011599063873291016,1,72
83,0.00011599063873291016,1,72
84,0.00011599063873291016,1,72
85,0.00011599063873291016,1,72
86,0.00011599063873291016,1,72
87,0.00011599063873291016,1,72
88,0.00011599063873291016,1,72
89,0.00011599063873291016,1,72
90,0.00011599063873291016,1,72
91,0.00011599063873291016,1,72
92,0.00011599063873291016,1,72
93,0.00011599063873291016,1,72
94,0.00011599063873291016,1,72
95,0.00011599063873291016,1,72
96,0.00011599063873291016,1,72
97,0.00011599063873291016,1,72
98,0.00011599063873291016,1,72
99,0.00011599063873291016,1,72
100,0.00011599063873291016,1,72
101,0.00011599063873291016,1,72
102,0.00011599063873291016,1,72
103,0.00011599063873291016,1,72
104,0.00011599063873291016,1,72
105,0.00011599063873291016,1,72
106,0.00011599063873291016,1,72
107,0.00011599063873291016,1,72
108,0.00011599063873291016,1,72
109,0.00011599063873291016,1,72
110,0.00011599063873291016,1,72
111,0.00011599063873291016,1,72
112,0.00011599063873291016,1,72
113,0.00011599063873291016,1,72
114,0.00011599063873291016,1,72
115,0.00011599063873291016,1,72
116,0.00011599063873291016,1,72
117,0.00011599063873291016,1,72
118,0.00011599063873291016,1,72
119,0.00011599063873291016,1,72
120,0.00011599063873291016,1,72
121,0.00011599063873291016,1,72
122,0.00011599063873291016,1,72
123,0.00011599063873291016,1,72
124,0.00011599063873291016,1,72
125,0.00011599063873291016,1,72
126,0.00011599063873291016,1,72
127,0.00011599063873291016,1,72
128,0.00011599063873291016,1,72
129,0.00011599063873291016,1,72
130,0.00011599063873291016,1,72
131,0.00011599063873291016,1,72
132,0.00011599063873291016,1,72
133,0.00011599063873291016,1,72
134,0.00011599063873291016,1,72
135,0.00011599063873291016,1,72
136,0.00011599063873291016,1,72
137,0.00011599063873291016,1,72
138,0.00011599063873291016,1,72
139,0.00011599063873291016,1,72
140,0.00011599063873291016,1,72
141,0.00011599063873291016,1,72
142,0.00011599063873291016,1,72
143,0.00011599063873291016,1,72
144,0.00011599063873291016,1,72
145,0.00011599063873291016,1,72
146,0.00011599063873291016,1,72
147,0.00011599063873291016,1,72
148,0.00011599063873291016,1,72
149,0.00011599063873291016,1,72
150,0.00011599063873291016,1,72
151,0.00011599063873291016,1,72
152,0.00011599063873291016,1,72
153,0.00011599063873291016,1,72
154,0.00011599063873291016,1,72
155,0.00011599063873291016,1,72
156,0.00011599063873291016,1,72
157,0.00011599063873291016,1,72
158,0.00011599063873291016,1,72
159,0.00011599063873291016,1,72
160,0.00011599063873291016,1,72
161,0.00011599063873291016,1,72
162,0.00011599063873291016,1,72
163,0.00011599063873291016,1,72
164,0.00011599063873291016,1,72
165,0.00011599063873291016,1,72
166,0.00011599063873291016,1,72
167,0.00011599063873291016,1,72
168,0.00011599063873291016,1,72
169,0.00011599063873291016,1,72
170,0.00011599063873291016,1,72
171,0.00011599063873291016,1,72
172,0.00011599063873291016,1,72
173,0.00011599063873291016,1,72
174,0.00011599063873291016,1,72
175,0.00011599063873291016,1,72
176,0.00011599063873291016,1,72
177,0.00011599063873291016,1,72
178,0.00011599063873291016,1,72
179,0.00011599063873291016,1,72
180,0.00011599063873291016,1,72
181,0.00011599063873291016,1,72
182,0.00011599063873291016,1,72
183,0.00011599063873291016,1,72
184,0.00011599063873291016,1,72
185,0.00011599063873291016,1,72
186,0.00011599063873291016,1,72
187,0.00011599063873291016,1,72
188,0.00011599063873291016,1,72
189,0.00011599063873291016,1,72
190,0.00011599063873291016,1,72
191,0.00011599063873291016,1,72
192,0.00011599063873291016,1,72
193,0.00011599063873291016,1,72
194,0.00011599063873291016,1,72
195,0.00011599063873291016,1,72
196,0.00011599063873291016,1,72
197,0.00011599063873291016,1,72
198,0.00011599063873291016,1,72
199,0.00011599063873291016,1,72
200,0.00011599063873291016,1,72
1,0.0,1,73
2,0.0,1,73
3,0.0,1,73
4,0.0,1,73
5,0.0,1,73
6,0.0,1,73
7,0.0,1,73
8,0.0,1,73
9,0.0,1,73
10,0.0,1,73
11,0.0,1,73
12,0.0,1,73
13,0.0,1,73
14,0.0,1,73
15,0.0,1,73
16,0.0,1,73
17,0.0,1,73
18,0.0,1,73
19,0.0,1,73
20,0.0,1,73
21,0.0,1,73
22,0.0,1,73
23,0.0,1,73
24,0.0,1,73
25,0.0,1,73
26,0.0,1,73
27,0.0,1,73
28,0.0,1,73
29,0.0,1,73
30,0.0,1,73
31,0.0,1,73
32,0.0,1,73
33,0.0,1,73
34,0.0,1,73
35,0.0,1,73
36,0.0,1,73
37,0.0,1,73
38,0.0,1,73
39,0.0,1,73
40,0.0,1,73
41,0.0,1,73
42,0.0,1,73
43,0.0,1,73
44,0.0,1,73
45,0.0,1,73
46,0.0,1,73
47,0.0,1,73
48,0.0,1,73
49,0.0,1,73
50,0.0,1,73
51,0.0,1,73
52,0.0,1,73
53,0.0,1,73
54,0.0,1,73
55,0.0,1,73
56,0.0,1,73
57,0.0,1,73
58,0.0,1,73
59,0.0,1,73
60,0.0,1,73
61,0.0,1,73
62,0.0,1,73
63,0.0,1,73
64,0.0,1,73
65,0.0,1,73
66,0.0,1,73
67,0.0,1,73
68,0.0,1,73
69,0.0,1,73
70,0.0,1,73
71,0.0,1,73
72,0.0,1,73
73,0.0,1,73
74,0.0,1,73
75,0.0,1,73
76,0.0,1,73
77,0.0,1,73
78,0.0,1,73
79,0.0,1,73
80,0.0,1,73
81,0.0,1,73
82,0.0,1,73
83,0.0,1,73
84,0.0,1,73
85,0.0,1,73
86,0.0,1,73
87,0.0,1,73
88,0.0,1,73
89,0.0,1,73
90,0.0,1,73
91,0.0,1,73
92,0.0,1,73
93,0.0,1,73
94,0.0,1,73
95,0.0,1,73
96,0.0,1,73
97,0.0,1,73
98,0.0,1,73
99,0.0,1,73
100,0.0,1,73
101,0.0,1,73
102,0.0,1,73
103,0.0,1,73
104,0.0,1,73
105,0.0,1,73
106,0.0,1,73
107,0.0,1,73
108,0.0,1,73
109,0.0,1,73
110,0.0,1,73
111,0.0,1,73
112,0.0,1,73
113,0.0,1,73
114,0.0,1,73
115,0.0,1,73
116,0.0,1,73
117,0.0,1,73
118,0.0,1,73
119,0.0,1,73
120,0.0,1,73
121,0.0,1,73
122,0.0,1,73
123,0.0,1,73
124,0.0,1,73
125,0.0,1,73
126,0.0,1,73
127,0.0,1,73
128,0.0,1,73
129,0.0,1,73
130,0.0,1,73
131,0.0,1,73
132,0.0,1,73
133,0.0,1,73
134,0.0,1,73
135,0.0,1,73
136,0.0,1,73
137,0.0,1,73
138,0.0,1,73
139,0.0,1,73
140,0.0,1,73
141,0.0,1,73
142,0.0,1,73
143,0.0,1,73
144,0.0,1,73
145,0.0,1,73
146,0.0,1,73
147,0.0,1,73
148,0.0,1,73
149,0.0,1,73
150,0.0,1,73
151,0.0,1,73
152,0.0,1,73
153,0.0,1,73
154,0.0,1,73
155,0.0,1,73
156,0.0,1,73
157,0.0,1,73
158,0.0,1,73
159,0.0,1,73
160,0.0,1,73
161,0.0,1,73
162,0.0,1,73
163,0.0,1,73
164,0.0,1,73
165,0.0,1,73
166,0.0,1,73
167,0.0,1,73
168,0.0,1,73
169,0.0,1,73
170,0.0,1,73
171,0.0,1,73
172,0.0,1,73
173,0.0,1,73
174,0.0,1,73
175,0.0,1,73
176,0.0,1,73
177,0.0,1,73
178,0.0,1,73
179,0.0,1,73
180,0.0,1,73
181,0.0,1,73
182,0.0,1,73
183,0.0,1,73
184,0.0,1,73
185,0.0,1,73
186,0.0,1,73
187,0.0,1,73
188,0.0,1,73
189,0.0,1,73
190,0.0,1,73
191,0.0,1,73
192,0.0,1,73
193,0.0,1,73
194,0.0,1,73
195,0.0,1,73
196,0.0,1,73
197,0.0,1,73
198,0.0,1,73
199,0.0,1,73
200,0.0,1,73
1,1.1920928955078125e-07,1,74
2,1.1920928955078125e-07,1,74
3,1.1920928955078125e-07,1,74
4,1.1920928955078125e-07,1,74
5,1.1920928955078125e-07,1,74
6,1.1920928955078125e-07,1,74
7,1.1920928955078125e-07,1,74
8,1.1920928955078125e-07,1,74
9,1.1920928955078125e-07,1,74
10,1.1920928955078125e-07,1,74
11,1.1920928955078125e-07,1,74
12,1.1920928955078125e-07,1,74
13,1.1920928955078125e-07,1,74
14,1.1920928955078125e-07,1,74
15,1.1920928955078125e-07,1,74
16,1.1920928955078125e-07,1,74
17,1.1920928955078125e-07,1,74
18,1.1920928955078125e-07,1,74
19,1.1920928955078125e-07,1,74
20,1.1920928955078125e-07,1,74
21,1.1920928955078125e-07,1,74
22,1.1920928955078125e-07,1,74
23,1.1920928955078125e-07,1,74
24,1.1920928955078125e-07,1,74
25,1.1920928955078125e-07,1,74
26,1.1920928955078125e-07,1,74
27,1.1920928955078125e-07,1,74
28,1.1920928955078125e-07,1,74
29,1.1920928955078125e-07,1,74
30,1.1920928955078125e-07,1,74
31,1.1920928955078125e-07,1,74
32,1.1920928955078125e-07,1,74
33,1.1920928955078125e-07,1,74
34,1.1920928955078125e-07,1,74
35,1.1920928955078125e-07,1,74
36,1.1920928955078125e-07,1,74
37,1.1920928955078125e-07,1,74
38,1.1920928955078125e-07,1,74
39,1.1920928955078125e-07,1,74
40,1.1920928955078125e-07,1,74
41,1.1920928955078125e-07,1,74
42,1.1920928955078125e-07,1,74
43,1.1920928955078125e-07,1,74
44,1.1920928955078125e-07,1,74
45,1.1920928955078125e-07,1,74
46,1.1920928955078125e-07,1,74
47,1.1920928955078125e-07,1,74
48,1.1920928955078125e-07,1,74
49,1.1920928955078125e-07,1,74
50,1.1920928955078125e-07,1,74
51,1.1920928955078125e-07,1,74
52,1.1920928955078125e-07,1,74
53,1.1920928955078125e-07,1,74
54,1.1920928955078125e-07,1,74
55,1.1920928955078125e-07,1,74
56,1.1920928955078125e-07,1,74
57,1.1920928955078125e-07,1,74
58,1.1920928955078125e-07,1,74
59,1.1920928955078125e-07,1,74
60,1.1920928955078125e-07,1,74
61,1.1920928955078125e-07,1,74
62,1.1920928955078125e-07,1,74
63,1.1920928955078125e-07,1,74
64,1.1920928955078125e-07,1,74
65,1.1920928955078125e-07,1,74
66,1.1920928955078125e-07,1,74
67,1.1920928955078125e-07,1,74
68,1.1920928955078125e-07,1,74
69,1.1920928955078125e-07,1,74
70,1.1920928955078125e-07,1,74
71,1.1920928955078125e-07,1,74
72,1.1920928955078125e-07,1,74
73,1.1920928955078125e-07,1,74
74,1.1920928955078125e-07,1,74
75,1.1920928955078125e-07,1,74
76,1.1920928955078125e-07,1,74
77,1.1920928955078125e-07,1,74
78,1.1920928955078125e-07,1,74
79,1.1920928955078125e-07,1,74
80,1.1920928955078125e-07,1,74
81,1.1920928955078125e-07,1,74
82,1.1920928955078125e-07,1,74
83,1.1920928955078125e-07,1,74
84,1.1920928955078125e-07,1,74
85,1.1920928955078125e-07,1,74
86,1.1920928955078125e-07,1,74
87,1.1920928955078125e-07,1,74
88,1.1920928955078125e-07,1,74
89,1.1920928955078125e-07,1,74
90,1.1920928955078125e-07,1,74
91,1.1920928955078125e-07,1,74
92,1.1920928955078125e-07,1,74
93,1.1920928955078125e-07,1,74
94,1.1920928955078125e-07,1,74
95,1.1920928955078125e-07,1,74
96,1.1920928955078125e-07,1,74
97,1.1920928955078125e-07,1,74
98,1.1920928955078125e-07,1,74
99,1.1920928955078125e-07,1,74
100,1.1920928955078125e-07,1,74
101,1.1920928955078125e-07,1,74
102,1.1920928955078125e-07,1,74
103,1.1920928955078125e-07,1,74
104,1.1920928955078125e-07,1,74
105,1.1920928955078125e-07,1,74
106,1.1920928955078125e-07,1,74
107,1.1920928955078125e-07,1,74
108,1.1920928955078125e-07,1,74
109,1.1920928955078125e-07,1,74
110,1.1920928955078125e-07,1,74
111,1.1920928955078125e-07,1,74
112,1.1920928955078125e-07,1,74
113,1.1920928955078125e-07,1,74
114,1.1920928955078125e-07,1,74
115,1.1920928955078125e-07,1,74
116,1.1920928955078125e-07,1,74
117,1.1920928955078125e-07,1,74
118,1.1920928955078125e-07,1,74
119,1.1920928955078125e-07,1,74
120,1.1920928955078125e-07,1,74
121,1.1920928955078125e-07,1,74
122,1.1920928955078125e-07,1,74
123,1.1920928955078125e-07,1,74
124,1.1920928955078125e-07,1,74
125,1.1920928955078125e-07,1,74
126,1.1920928955078125e-07,1,74
127,1.1920928955078125e-07,1,74
128,1.1920928955078125e-07,1,74
129,1.1920928955078125e-07,1,74
130,1.1920928955078125e-07,1,74
131,1.1920928955078125e-07,1,74
132,1.1920928955078125e-07,1,74
133,1.1920928955078125e-07,1,74
134,1.1920928955078125e-07,1,74
135,1.1920928955078125e-07,1,74
136,1.1920928955078125e-07,1,74
137,1.1920928955078125e-07,1,74
138,1.1920928955078125e-07,1,74
139,1.1920928955078125e-07,1,74
140,1.1920928955078125e-07,1,74
141,1.1920928955078125e-07,1,74
142,1.1920928955078125e-07,1,74
143,1.1920928955078125e-07,1,74
144,1.1920928955078125e-07,1,74
145,1.1920928955078125e-07,1,74
146,1.1920928955078125e-07,1,74
147,1.1920928955078125e-07,1,74
148,1.1920928955078125e-07,1,74
149,1.1920928955078125e-07,1,74
150,1.1920928955078125e-07,1,74
151,1.1920928955078125e-07,1,74
152,1.1920928955078125e-07,1,74
153,1.1920928955078125e-07,1,74
154,1.1920928955078125e-07,1,74
155,1.1920928955078125e-07,1,74
156,1.1920928955078125e-07,1,74
157,1.1920928955078125e-07,1,74
158,1.1920928955078125e-07,1,74
159,1.1920928955078125e-07,1,74
160,1.1920928955078125e-07,1,74
161,1.1920928955078125e-07,1,74
162,1.1920928955078125e-07,1,74
163,1.1920928955078125e-07,1,74
164,1.1920928955078125e-07,1,74
165,1.1920928955078125e-07,1,74
166,1.1920928955078125e-07,1,74
167,1.1920928955078125e-07,1,74
168,1.1920928955078125e-07,1,74
169,1.1920928955078125e-07,1,74
170,1.1920928955078125e-07,1,74
171,1.1920928955078125e-07,1,74
172,1.1920928955078125e-07,1,74
173,1.1920928955078125e-07,1,74
174,1.1920928955078125e-07,1,74
175,1.1920928955078125e-07,1,74
176,1.1920928955078125e-07,1,74
177,1.1920928955078125e-07,1,74
178,1.1920928955078125e-07,1,74
179,1.1920928955078125e-07,1,74
180,1.1920928955078125e-07,1,74
181,1.1920928955078125e-07,1,74
182,1.1920928955078125e-07,1,74
183,1.1920928955078125e-07,1,74
184,1.1920928955078125e-07,1,74
185,1.1920928955078125e-07,1,74
186,1.1920928955078125e-07,1,74
187,1.1920928955078125e-07,1,74
188,1.1920928955078125e-07,1,74
189,1.1920928955078125e-07,1,74
190,1.1920928955078125e-07,1,74
191,1.1920928955078125e-07,1,74
192,1.1920928955078125e-07,1,74
193,1.1920928955078125e-07,1,74
194,1.1920928955078125e-07,1,74
195,1.1920928955078125e-07,1,74
196,1.1920928955078125e-07,1,74
197,1.1920928955078125e-07,1,74
198,1.1920928955078125e-07,1,74
199,1.1920928955078125e-07,1,74
200,1.1920928955078125e-07,1,74
1,0.9980925385607406,1,75
2,0.9980925385607406,1,75
3,0.9981036342214793,1,75
4,0.9981045707827434,1,75
5,0.998098332551308,1,75
6,0.9980964181013405,1,75
7,0.9980964181013405,1,75
8,0.9980964181013405,1,75
9,0.9980964327696711,1,75
10,0.9980965893482789,1,75
11,0.9980965893482789,1,75
12,0.9980965893482789,1,75
13,0.998096427298151,1,75
14,0.998096427298151,1,75
15,0.998096427298151,1,75
16,0.998096427298151,1,75
17,0.998096427298151,1,75
18,0.998096427298151,1,75
19,0.998096427298151,1,75
20,0.998096427298151,1,75
21,0.998096427298151,1,75
22,0.998096427298151,1,75
23,0.998096427298151,1,75
24,0.998096427298151,1,75
25,0.998096427298151,1,75
26,0.998096427298151,1,75
27,0.998096427298151,1,75
28,0.998096427298151,1,75
29,0.9980964282294735,1,75
30,0.9980964282294735,1,75
31,0.9980964282294735,1,75
32,0.9980964282294735,1,75
33,0.9980964282294735,1,75
34,0.9980964282294735,1,75
35,0.9980964282294735,1,75
36,0.9980964282294735,1,75
37,0.9980964282294735,1,75
38,0.9980964282294735,1,75
39,0.9980964282294735,1,75
40,0.9980964282294735,1,75
41,0.9980964282294735,1,75
42,0.9980964282294735,1,75
43,0.9980964282294735,1,75
44,0.9980964282294735,1,75
45,0.9980964282294735,1,75
46,0.9980964282294735,1,75
47,0.9980964282294735,1,75
48,0.9980964282294735,1,75
49,0.9980964282294735,1,75
50,0.9980964282294735,1,75
51,0.9980964282294735,1,75
52,0.9980964282294735,1,75
53,0.9980964282294735,1,75
54,0.9980964282294735,1,75
55,0.9980964282294735,1,75
56,0.9980964282294735,1,75
57,0.9980964282294735,1,75
58,0.9980964282294735,1,75
59,0.9980964282294735,1,75
60,0.9980964282294735,1,75
61,0.9980964282294735,1,75
62,0.9980964282294735,1,75
63,0.9980964282294735,1,75
64,0.9980964282294735,1,75
65,0.9980964282294735,1,75
66,0.9980964282294735,1,75
67,0.9980964282294735,1,75
68,0.9980964282294735,1,75
69,0.9980964282294735,1,75
70,0.9980964282294735,1,75
71,0.9980964282294735,1,75
72,0.9980964282294735,1,75
73,0.9980964282294735,1,75
74,0.9980964282294735,1,75
75,0.9980964282294735,1,75
76,0.9980964282294735,1,75
77,0.9980964282294735,1,75
78,0.9980964282294735,1,75
79,0.9980964282294735,1,75
80,0.9980964282294735,1,75
81,0.9980964282294735,1,75
82,0.9980964282294735,1,75
83,0.9980964282294735,1,75
84,0.9980964282294735,1,75
85,0.9980964282294735,1,75
86,0.9980964282294735,1,75
87,0.9980964282294735,1,75
88,0.9980964282294735,1,75
89,0.9980964282294735,1,75
90,0.9980964282294735,1,75
91,0.9980964282294735,1,75
92,0.9980964282294735,1,75
93,0.9980964282294735,1,75
94,0.9980964282294735,1,75
95,0.9980964282294735,1,75
96,0.9980964282294735,1,75
97,0.9980964282294735,1,75
98,0.9980964282294735,1,75
99,0.9980964282294735,1,75
100,0.9980964282294735,1,75
101,0.9980964282294735,1,75
102,0.9980964282294735,1,75
103,0.9980964282294735,1,75
104,0.9980964282294735,1,75
105,0.9980964282294735,1,75
106,0.9980964282294735,1,75
107,0.9980964282294735,1,75
108,0.9980964282294735,1,75
109,0.9980964282294735,1,75
110,0.9980964282294735,1,75
111,0.9980964282294735,1,75
112,0.9980964282294735,1,75
113,0.9980964282294735,1,75
114,0.9980964282294735,1,75
115,0.9980964282294735,1,75
116,0.9980964282294735,1,75
117,0.9980964282294735,1,75
118,0.9980964282294735,1,75
119,0.9980964282294735,1,75
120,0.9980964282294735,1,75
121,0.9980964282294735,1,75
122,0.9980964282294735,1,75
123,0.9980964282294735,1,75
124,0.9980964282294735,1,75
125,0.9980964282294735,1,75
126,0.9980964282294735,1,75
127,0.9980964282294735,1,75
128,0.9980964282294735,1,75
129,0.9980964282294735,1,75
130,0.9980964282294735,1,75
131,0.9980964282294735,1,75
132,0.9980964282294735,1,75
133,0.9980964282294735,1,75
134,0.9980964282294735,1,75
135,0.9980964282294735,1,75
136,0.9980964282294735,1,75
137,0.9980964282294735,1,75
138,0.9980964282294735,1,75
139,0.9980964282294735,1,75
140,0.9980964282294735,1,75
141,0.9980964282294735,1,75
142,0.9980964282294735,1,75
143,0.9980964282294735,1,75
144,0.9980964282294735,1,75
145,0.9980964282294735,1,75
146,0.9980964282294735,1,75
147,0.9980964282294735,1,75
148,0.9980964282294735,1,75
149,0.9980964282294735,1,75
150,0.9980964282294735,1,75
151,0.9980964282294735,1,75
152,0.9980964282294735,1,75
153,0.9980964282294735,1,75
154,0.9980964282294735,1,75
155,0.9980964282294735,1,75
156,0.9980964282294735,1,75
157,0.9980964282294735,1,75
158,0.9980964282294735,1,75
159,0.9980964282294735,1,75
160,0.9980964282294735,1,75
161,0.9980964282294735,1,75
162,0.9980964282294735,1,75
163,0.9980964282294735,1,75
164,0.9980964282294735,1,75
165,0.9980964282294735,1,75
166,0.9980964282294735,1,75
167,0.9980964282294735,1,75
168,0.9980964282294735,1,75
169,0.9980964282294735,1,75
170,0.9980964282294735,1,75
171,0.9980964282294735,1,75
172,0.9980964282294735,1,75
173,0.9980964282294735,1,75
174,0.9980964282294735,1,75
175,0.9980964282294735,1,75
176,0.9980964282294735,1,75
177,0.9980964282294735,1,75
178,0.9980964282294735,1,75
179,0.9980964282294735,1,75
180,0.9980964282294735,1,75
181,0.9980964282294735,1,75
182,0.9980964282294735,1,75
183,0.9980964282294735,1,75
184,0.9980964282294735,1,75
185,0.9980964282294735,1,75
186,0.9980964282294735,1,75
187,0.9980964282294735,1,75
188,0.9980964282294735,1,75
189,0.9980964282294735,1,75
190,0.9980964282294735,1,75
191,0.9980964282294735,1,75
192,0.9980964282294735,1,75
193,0.9980964282294735,1,75
194,0.9980964282294735,1,75
195,0.9980964282294735,1,75
196,0.9980964282294735,1,75
197,0.9980964282294735,1,75
198,0.9980964282294735,1,75
199,0.9980964282294735,1,75
200,0.9980964282294735,1,75
1,0.0,1,76
2,0.0,1,76
3,0.0,1,76
4,0.0,1,76
5,0.0,1,76
6,0.0,1,76
7,0.0,1,76
8,0.0,1,76
9,0.0,1,76
10,0.0,1,76
11,0.0,1,76
12,0.0,1,76
13,0.0,1,76
14,0.0,1,76
15,0.0,1,76
16,0.0,1,76
17,0.0,1,76
18,0.0,1,76
19,0.0,1,76
20,0.0,1,76
21,0.0,1,76
22,0.0,1,76
23,0.0,1,76
24,0.0,1,76
25,0.0,1,76
26,0.0,1,76
27,0.0,1,76
28,0.0,1,76
29,0.0,1,76
30,0.0,1,76
31,0.0,1,76
32,0.0,1,76
33,0.0,1,76
34,0.0,1,76
35,0.0,1,76
36,0.0,1,76
37,0.0,1,76
38,0.0,1,76
39,0.0,1,76
40,0.0,1,76
41,0.0,1,76
42,0.0,1,76
43,0.0,1,76
44,0.0,1,76
45,0.0,1,76
46,0.0,1,76
47,0.0,1,76
48,0.0,1,76
49,0.0,1,76
50,0.0,1,76
51,0.0,1,76
52,0.0,1,76
53,0.0,1,76
54,0.0,1,76
55,0.0,1,76
56,0.0,1,76
57,0.0,1,76
58,0.0,1,76
59,0.0,1,76
60,0.0,1,76
61,0.0,1,76
62,0.0,1,76
63,0.0,1,76
64,0.0,1,76
65,0.0,1,76
66,0.0,1,76
67,0.0,1,76
68,0.0,1,76
69,0.0,1,76
70,0.0,1,76
71,0.0,1,76
72,0.0,1,76
73,0.0,1,76
74,0.0,1,76
75,0.0,1,76
76,0.0,1,76
77,0.0,1,76
78,0.0,1,76
79,0.0,1,76
80,0.0,1,76
81,0.0,1,76
82,0.0,1,76
83,0.0,1,76
84,0.0,1,76
85,0.0,1,76
86,0.0,1,76
87,0.0,1,76
88,0.0,1,76
89,0.0,1,76
90,0.0,1,76
91,0.0,1,76
92,0.0,1,76
93,0.0,1,76
94,0.0,1,76
95,0.0,1,76
96,0.0,1,76
97,0.0,1,76
98,0.0,1,76
99,0.0,1,76
100,0.0,1,76
101,0.0,1,76
102,0.0,1,76
103,0.0,1,76
104,0.0,1,76
105,0.0,1,76
106,0.0,1,76
107,0.0,1,76
108,0.0,1,76
109,0.0,1,76
110,0.0,1,76
111,0.0,1,76
112,0.0,1,76
113,0.0,1,76
114,0.0,1,76
115,0.0,1,76
116,0.0,1,76
117,0.0,1,76
118,0.0,1,76
119,0.0,1,76
120,0.0,1,76
121,0.0,1,76
122,0.0,1,76
123,0.0,1,76
124,0.0,1,76
125,0.0,1,76
126,0.0,1,76
127,0.0,1,76
128,0.0,1,76
129,0.0,1,76
130,0.0,1,76
131,0.0,1,76
132,0.0,1,76
133,0.0,1,76
134,0.0,1,76
135,0.0,1,76
136,0.0,1,76
137,0.0,1,76
138,0.0,1,76
139,0.0,1,76
140,0.0,1,76
141,0.0,1,76
142,0.0,1,76
143,0.0,1,76
144,0.0,1,76
145,0.0,1,76
146,0.0,1,76
147,0.0,1,76
148,0.0,1,76
149,0.0,1,76
150,0.0,1,76
151,0.0,1,76
152,0.0,1,76
153,0.0,1,76
154,0.0,1,76
155,0.0,1,76
156,0.0,1,76
157,0.0,1,76
158,0.0,1,76
159,0.0,1,76
160,0.0,1,76
161,0.0,1,76
162,0.0,1,76
163,0.0,1,76
164,0.0,1,76
165,0.0,1,76
166,0.0,1,76
167,0.0,1,76
168,0.0,1,76
169,0.0,1,76
170,0.0,1,76
171,0.0,1,76
172,0.0,1,76
173,0.0,1,76
174,0.0,1,76
175,0.0,1,76
176,0.0,1,76
177,0.0,1,76
178,0.0,1,76
179,0.0,1,76
180,0.0,1,76
181,0.0,1,76
182,0.0,1,76
183,0.0,1,76
184,0.0,1,76
185,0.0,1,76
186,0.0,1,76
187,0.0,1,76
188,0.0,1,76
189,0.0,1,76
190,0.0,1,76
191,0.0,1,76
192,0.0,1,76
193,0.0,1,76
194,0.0,1,76
195,0.0,1,76
196,0.0,1,76
197,0.0,1,76
198,0.0,1,76
199,0.0,1,76
200,0.0,1,76
1,0.0,1,77
2,0.0,1,77
3,0.0,1,77
4,0.0,1,77
5,0.0,1,77
6,0.0,1,77
7,0.0,1,77
8,0.0,1,77
9,0.0,1,77
10,0.0,1,77
11,0.0,1,77
12,0.0,1,77
13,0.0,1,77
14,0.0,1,77
15,0.0,1,77
16,0.0,1,77
17,0.0,1,77
18,0.0,1,77
19,0.0,1,77
20,0.0,1,77
21,0.0,1,77
22,0.0,1,77
23,0.0,1,77
24,0.0,1,77
25,0.0,1,77
26,0.0,1,77
27,0.0,1,77
28,0.0,1,77
29,0.0,1,77
30,0.0,1,77
31,0.0,1,77
32,0.0,1,77
33,0.0,1,77
34,0.0,1,77
35,0.0,1,77
36,0.0,1,77
37,0.0,1,77
38,0.0,1,77
39,0.0,1,77
40,0.0,1,77
41,0.0,1,77
42,0.0,1,77
43,0.0,1,77
44,0.0,1,77
45,0.0,1,77
46,0.0,1,77
47,0.0,1,77
48,0.0,1,77
49,0.0,1,77
50,0.0,1,77
51,0.0,1,77
52,0.0,1,77
53,0.0,1,77
54,0.0,1,77
55,0.0,1,77
56,0.0,1,77
57,0.0,1,77
58,0.0,1,77
59,0.0,1,77
60,0.0,1,77
61,0.0,1,77
62,0.0,1,77
63,0.0,1,77
64,0.0,1,77
65,0.0,1,77
66,0.0,1,77
67,0.0,1,77
68,0.0,1,77
69,0.0,1,77
70,0.0,1,77
71,0.0,1,77
72,0.0,1,77
73,0.0,1,77
74,0.0,1,77
75,0.0,1,77
76,0.0,1,77
77,0.0,1,77
78,0.0,1,77
79,0.0,1,77
80,0.0,1,77
81,0.0,1,77
82,0.0,1,77
83,0.0,1,77
84,0.0,1,77
85,0.0,1,77
86,0.0,1,77
87,0.0,1,77
88,0.0,1,77
89,0.0,1,77
90,0.0,1,77
91,0.0,1,77
92,0.0,1,77
93,0.0,1,77
94,0.0,1,77
95,0.0,1,77
96,0.0,1,77
97,0.0,1,77
98,0.0,1,77
99,0.0,1,77
100,0.0,1,77
101,0.0,1,77
102,0.0,1,77
103,0.0,1,77
104,0.0,1,77
105,0.0,1,77
106,0.0,1,77
107,0.0,1,77
108,0.0,1,77
109,0.0,1,77
110,0.0,1,77
111,0.0,1,77
112,0.0,1,77
113,0.0,1,77
114,0.0,1,77
115,0.0,1,77
116,0.0,1,77
117,0.0,1,77
118,0.0,1,77
119,0.0,1,77
120,0.0,1,77
121,0.0,1,77
122,0.0,1,77
123,0.0,1,77
124,0.0,1,77
125,0.0,1,77
126,0.0,1,77
127,0.0,1,77
128,0.0,1,77
129,0.0,1,77
130,0.0,1,77
131,0.0,1,77
132,0.0,1,77
133,0.0,1,77
134,0.0,1,77
135,0.0,1,77
136,0.0,1,77
137,0.0,1,77
138,0.0,1,77
139,0.0,1,77
140,0.0,1,77
141,0.0,1,77
142,0.0,1,77
143,0.0,1,77
144,0.0,1,77
145,0.0,1,77
146,0.0,1,77
147,0.0,1,77
148,0.0,1,77
149,0.0,1,77
150,0.0,1,77
151,0.0,1,77
152,0.0,1,77
153,0.0,1,77
154,0.0,1,77
155,0.0,1,77
156,0.0,1,77
157,0.0,1,77
158,0.0,1,77
159,0.0,1,77
160,0.0,1,77
161,0.0,1,77
162,0.0,1,77
163,0.0,1,77
164,0.0,1,77
165,0.0,1,77
166,0.0,1,77
167,0.0,1,77
168,0.0,1,77
169,0.0,1,77
170,0.0,1,77
171,0.0,1,77
172,0.0,1,77
173,0.0,1,77
174,0.0,1,77
175,0.0,1,77
176,0.0,1,77
177,0.0,1,77
178,0.0,1,77
179,0.0,1,77
180,0.0,1,77
181,0.0,1,77
182,0.0,1,77
183,0.0,1,77
184,0.0,1,77
185,0.0,1,77
186,0.0,1,77
187,0.0,1,77
188,0.0,1,77
189,0.0,1,77
190,0.0,1,77
191,0.0,1,77
192,0.0,1,77
193,0.0,1,77
194,0.0,1,77
195,0.0,1,77
196,0.0,1,77
197,0.0,1,77
198,0.0,1,77
199,0.0,1,77
200,0.0,1,77
1,0.0,1,78
2,0.0,1,78
3,0.0,1,78
4,0.0,1,78
5,0.0,1,78
6,0.0,1,78
7,0.0,1,78
8,0.0,1,78
9,0.0,1,78
10,0.0,1,78
11,0.0,1,78
12,0.0,1,78
13,0.0,1,78
14,0.0,1,78
15,0.0,1,78
16,0.0,1,78
17,0.0,1,78
18,0.0,1,78
19,0.0,1,78
20,0.0,1,78
21,0.0,1,78
22,0.0,1,78
23,0.0,1,78
24,0.0,1,78
25,0.0,1,78
26,0.0,1,78
27,0.0,1,78
28,0.0,1,78
29,0.0,1,78
30,0.0,1,78
31,0.0,1,78
32,0.0,1,78
33,0.0,1,78
34,0.0,1,78
35,0.0,1,78
36,0.0,1,78
37,0.0,1,78
38,0.0,1,78
39,0.0,1,78
40,0.0,1,78
41,0.0,1,78
42,0.0,1,78
43,0.0,1,78
44,0.0,1,78
45,0.0,1,78
46,0.0,1,78
47,0.0,1,78
48,0.0,1,78
49,0.0,1,78
50,0.0,1,78
51,0.0,1,78
52,0.0,1,78
53,0.0,1,78
54,0.0,1,78
55,0.0,1,78
56,0.0,1,78
57,0.0,1,78
58,0.0,1,78
59,0.0,1,78
60,0.0,1,78
61,0.0,1,78
62,0.0,1,78
63,0.0,1,78
64,0.0,1,78
65,0.0,1,78
66,0.0,1,78
67,0.0,1,78
68,0.0,1,78
69,0.0,1,78
70,0.0,1,78
71,0.0,1,78
72,0.0,1,78
73,0.0,1,78
74,0.0,1,78
75,0.0,1,78
76,0.0,1,78
77,0.0,1,78
78,0.0,1,78
79,0.0,1,78
80,0.0,1,78
81,0.0,1,78
82,0.0,1,78
83,0.0,1,78
84,0.0,1,78
85,0.0,1,78
86,0.0,1,78
87,0.0,1,78
88,0.0,1,78
89,0.0,1,78
90,0.0,1,78
91,0.0,1,78
92,0.0,1,78
93,0.0,1,78
94,0.0,1,78
95,0.0,1,78
96,0.0,1,78
97,0.0,1,78
98,0.0,1,78
99,0.0,1,78
100,0.0,1,78
101,0.0,1,78
102,0.0,1,78
103,0.0,1,78
104,0.0,1,78
105,0.0,1,78
106,0.0,1,78
107,0.0,1,78
108,0.0,1,78
109,0.0,1,78
110,0.0,1,78
111,0.0,1,78
112,0.0,1,78
113,0.0,1,78
114,0.0,1,78
115,0.0,1,78
116,0.0,1,78
117,0.0,1,78
118,0.0,1,78
119,0.0,1,78
120,0.0,1,78
121,0.0,1,78
122,0.0,1,78
123,0.0,1,78
124,0.0,1,78
125,0.0,1,78
126,0.0,1,78
127,0.0,1,78
128,0.0,1,78
129,0.0,1,78
130,0.0,1,78
131,0.0,1,78
132,0.0,1,78
133,0.0,1,78
134,0.0,1,78
135,0.0,1,78
136,0.0,1,78
137,0.0,1,78
138,0.0,1,78
139,0.0,1,78
140,0.0,1,78
141,0.0,1,78
142,0.0,1,78
143,0.0,1,78
144,0.0,1,78
145,0.0,1,78
146,0.0,1,78
147,0.0,1,78
148,0.0,1,78
149,0.0,1,78
150,0.0,1,78
151,0.0,1,78
152,0.0,1,78
153,0.0,1,78
154,0.0,1,78
155,0.0,1,78
156,0.0,1,78
157,0.0,1,78
158,0.0,1,78
159,0.0,1,78
160,0.0,1,78
161,0.0,1,78
162,0.0,1,78
163,0.0,1,78
164,0.0,1,78
165,0.0,1,78
166,0.0,1,78
167,0.0,1,78
168,0.0,1,78
169,0.0,1,78
170,0.0,1,78
171,0.0,1,78
172,0.0,1,78
173,0.0,1,78
174,0.0,1,78
175,0.0,1,78
176,0.0,1,78
177,0.0,1,78
178,0.0,1,78
179,0.0,1,78
180,0.0,1,78
181,0.0,1,78
182,0.0,1,78
183,0.0,1,78
184,0.0,1,78
185,0.0,1,78
186,0.0,1,78
187,0.0,1,78
188,0.0,1,78
189,0.0,1,78
190,0.0,1,78
191,0.0,1,78
192,0.0,1,78
193,0.0,1,78
194,0.0,1,78
195,0.0,1,78
196,0.0,1,78
197,0.0,1,78
198,0.0,1,78
199,0.0,1,78
200,0.0,1,78
1,0.0,1,79
2,0.0,1,79
3,0.0,1,79
4,0.0,1,79
5,0.0,1,79
6,0.0,1,79
7,0.0,1,79
8,0.0,1,79
9,0.0,1,79
10,0.0,1,79
11,0.0,1,79
12,0.0,1,79
13,0.0,1,79
14,0.0,1,79
15,0.0,1,79
16,0.0,1,79
17,0.0,1,79
18,0.0,1,79
19,0.0,1,79
20,0.0,1,79
21,0.0,1,79
22,0.0,1,79
23,0.0,1,79
24,0.0,1,79
25,0.0,1,79
26,0.0,1,79
27,0.0,1,79
28,0.0,1,79
29,0.0,1,79
30,0.0,1,79
31,0.0,1,79
32,0.0,1,79
33,0.0,1,79
34,0.0,1,79
35,0.0,1,79
36,0.0,1,79
37,0.0,1,79
38,0.0,1,79
39,0.0,1,79
40,0.0,1,79
41,0.0,1,79
42,0.0,1,79
43,0.0,1,79
44,0.0,1,79
45,0.0,1,79
46,0.0,1,79
47,0.0,1,79
48,0.0,1,79
49,0.0,1,79
50,0.0,1,79
51,0.0,1,79
52,0.0,1,79
53,0.0,1,79
54,0.0,1,79
55,0.0,1,79
56,0.0,1,79
57,0.0,1,79
58,0.0,1,79
59,0.0,1,79
60,0.0,1,79
61,0.0,1,79
62,0.0,1,79
63,0.0,1,79
64,0.0,1,79
65,0.0,1,79
66,0.0,1,79
67,0.0,1,79
68,0.0,1,79
69,0.0,1,79
70,0.0,1,79
71,0.0,1,79
72,0.0,1,79
73,0.0,1,79
74,0.0,1,79
75,0.0,1,79
76,0.0,1,79
77,0.0,1,79
78,0.0,1,79
79,0.0,1,79
80,0.0,1,79
81,0.0,1,79
82,0.0,1,79
83,0.0,1,79
84,0.0,1,79
85,0.0,1,79
86,0.0,1,79
87,0.0,1,79
88,0.0,1,79
89,0.0,1,79
90,0.0,1,79
91,0.0,1,79
92,0.0,1,79
93,0.0,1,79
94,0.0,1,79
95,0.0,1,79
96,0.0,1,79
97,0.0,1,79
98,0.0,1,79
99,0.0,1,79
100,0.0,1,79
101,0.0,1,79
102,0.0,1,79
103,0.0,1,79
104,0.0,1,79
105,0.0,1,79
106,0.0,1,79
107,0.0,1,79
108,0.0,1,79
109,0.0,1,79
110,0.0,1,79
111,0.0,1,79
112,0.0,1,79
113,0.0,1,79
114,0.0,1,79
115,0.0,1,79
116,0.0,1,79
117,0.0,1,79
118,0.0,1,79
119,0.0,1,79
120,0.0,1,79
121,0.0,1,79
122,0.0,1,79
123,0.0,1,79
124,0.0,1,79
125,0.0,1,79
126,0.0,1,79
127,0.0,1,79
128,0.0,1,79
129,0.0,1,79
130,0.0,1,79
131,0.0,1,79
132,0.0,1,79
133,0.0,1,79
134,0.0,1,79
135,0.0,1,79
136,0.0,1,79
137,0.0,1,79
138,0.0,1,79
139,0.0,1,79
140,0.0,1,79
141,0.0,1,79
142,0.0,1,79
143,0.0,1,79
144,0.0,1,79
145,0.0,1,79
146,0.0,1,79
147,0.0,1,79
148,0.0,1,79
149,0.0,1,79
150,0.0,1,79
151,0.0,1,79
152,0.0,1,79
153,0.0,1,79
154,0.0,1,79
155,0.0,1,79
156,0.0,1,79
157,0.0,1,79
158,0.0,1,79
159,0.0,1,79
160,0.0,1,79
161,0.0,1,79
162,0.0,1,79
163,0.0,1,79
164,0.0,1,79
165,0.0,1,79
166,0.0,1,79
167,0.0,1,79
168,0.0,1,79
169,0.0,1,79
170,0.0,1,79
171,0.0,1,79
172,0.0,1,79
173,0.0,1,79
174,0.0,1,79
175,0.0,1,79
176,0.0,1,79
177,0.0,1,79
178,0.0,1,79
179,0.0,1,79
180,0.0,1,79
181,0.0,1,79
182,0.0,1,79
183,0.0,1,79
184,0.0,1,79
185,0.0,1,79
186,0.0,1,79
187,0.0,1,79
188,0.0,1,79
189,0.0,1,79
190,0.0,1,79
191,0.0,1,79
192,0.0,1,79
193,0.0,1,79
194,0.0,1,79
195,0.0,1,79
196,0.0,1,79
197,0.0,1,79
198,0.0,1,79
199,0.0,1,79
200,0.0,1,79
1,0.0,1,80
2,0.0,1,80
3,0.0,1,80
4,0.0,1,80
5,0.0,1,80
6,0.0,1,80
7,0.0,1,80
8,0.0,1,80
9,0.0,1,80
10,0.0,1,80
11,0.0,1,80
12,0.0,1,80
13,0.0,1,80
14,0.0,1,80
15,0.0,1,80
16,0.0,1,80
17,0.0,1,80
18,0.0,1,80
19,0.0,1,80
20,0.0,1,80
21,0.0,1,80
22,0.0,1,80
23,0.0,1,80
24,0.0,1,80
25,0.0,1,80
26,0.0,1,80
27,0.0,1,80
28,0.0,1,80
29,0.0,1,80
30,0.0,1,80
31,0.0,1,80
32,0.0,1,80
33,0.0,1,80
34,0.0,1,80
35,0.0,1,80
36,0.0,1,80
37,0.0,1,80
38,0.0,1,80
39,0.0,1,80
40,0.0,1,80
41,0.0,1,80
42,0.0,1,80
43,0.0,1,80
44,0.0,1,80
45,0.0,1,80
46,0.0,1,80
47,0.0,1,80
48,0.0,1,80
49,0.0,1,80
50,0.0,1,80
51,0.0,1,80
52,0.0,1,80
53,0.0,1,80
54,0.0,1,80
55,0.0,1,80
56,0.0,1,80
57,0.0,1,80
58,0.0,1,80
59,0.0,1,80
60,0.0,1,80
61,0.0,1,80
62,0.0,1,80
63,0.0,1,80
64,0.0,1,80
65,0.0,1,80
66,0.0,1,80
67,0.0,1,80
68,0.0,1,80
69,0.0,1,80
70,0.0,1,80
71,0.0,1,80
72,0.0,1,80
73,0.0,1,80
74,0.0,1,80
75,0.0,1,80
76,0.0,1,80
77,0.0,1,80
78,0.0,1,80
79,0.0,1,80
80,0.0,1,80
81,0.0,1,80
82,0.0,1,80
83,0.0,1,80
84,0.0,1,80
85,0.0,1,80
86,0.0,1,80
87,0.0,1,80
88,0.0,1,80
89,0.0,1,80
90,0.0,1,80
91,0.0,1,80
92,0.0,1,80
93,0.0,1,80
94,0.0,1,80
95,0.0,1,80
96,0.0,1,80
97,0.0,1,80
98,0.0,1,80
99,0.0,1,80
100,0.0,1,80
101,0.0,1,80
102,0.0,1,80
103,0.0,1,80
104,0.0,1,80
105,0.0,1,80
106,0.0,1,80
107,0.0,1,80
108,0.0,1,80
109,0.0,1,80
110,0.0,1,80
111,0.0,1,80
112,0.0,1,80
113,0.0,1,80
114,0.0,1,80
115,0.0,1,80
116,0.0,1,80
117,0.0,1,80
118,0.0,1,80
119,0.0,1,80
120,0.0,1,80
121,0.0,1,80
122,0.0,1,80
123,0.0,1,80
124,0.0,1,80
125,0.0,1,80
126,0.0,1,80
127,0.0,1,80
128,0.0,1,80
129,0.0,1,80
130,0.0,1,80
131,0.0,1,80
132,0.0,1,80
133,0.0,1,80
134,0.0,1,80
135,0.0,1,80
136,0.0,1,80
137,0.0,1,80
138,0.0,1,80
139,0.0,1,80
140,0.0,1,80
141,0.0,1,80
142,0.0,1,80
143,0.0,1,80
144,0.0,1,80
145,0.0,1,80
146,0.0,1,80
147,0.0,1,80
148,0.0,1,80
149,0.0,1,80
150,0.0,1,80
151,0.0,1,80
152,0.0,1,80
153,0.0,1,80
154,0.0,1,80
155,0.0,1,80
156,0.0,1,80
157,0.0,1,80
158,0.0,1,80
159,0.0,1,80
160,0.0,1,80
161,0.0,1,80
162,0.0,1,80
163,0.0,1,80
164,0.0,1,80
165,0.0,1,80
166,0.0,1,80
167,0.0,1,80
168,0.0,1,80
169,0.0,1,80
170,0.0,1,80
171,0.0,1,80
172,0.0,1,80
173,0.0,1,80
174,0.0,1,80
175,0.0,1,80
176,0.0,1,80
177,0.0,1,80
178,0.0,1,80
179,0.0,1,80
180,0.0,1,80
181,0.0,1,80
182,0.0,1,80
183,0.0,1,80
184,0.0,1,80
185,0.0,1,80
186,0.0,1,80
187,0.0,1,80
188,0.0,1,80
189,0.0,1,80
190,0.0,1,80
191,0.0,1,80
192,0.0,1,80
193,0.0,1,80
194,0.0,1,80
195,0.0,1,80
196,0.0,1,80
197,0.0,1,80
198,0.0,1,80
199,0.0,1,80
200,0.0,1,80
1,0.9989757105940953,1,81
2,0.9989847008837387,1,81
3,0.9989838713081554,1,81
4,0.9989844682859257,1,81
5,0.9989846108946949,1,81
6,0.9989846108946949,1,81
7,0.9989846108946949,1,81
8,0.9989846108946949,1,81
9,0.9989846108946949,1,81
10,0.9989846259122714,1,81
11,0.9989846259122714,1,81
12,0.9989846259122714,1,81
13,0.9989846259122714,1,81
14,0.9989846226526424,1,81
15,0.9989846226526424,1,81
16,0.9989846226526424,1,81
17,0.9989846278913319,1,81
18,0.9989846278913319,1,81
19,0.9989846278913319,1,81
20,0.9989846278913319,1,81
21,0.9989846278913319,1,81
22,0.9989846278913319,1,81
23,0.9989846278913319,1,81
24,0.9989846278913319,1,81
25,0.9989846278913319,1,81
26,0.9989846278913319,1,81
27,0.9989846269600093,1,81
28,0.9989846259122714,1,81
29,0.9989846259122714,1,81
30,0.9989846259122714,1,81
31,0.9989846259122714,1,81
32,0.9989846259122714,1,81
33,0.9989846259122714,1,81
34,0.9989846259122714,1,81
35,0.9989846259122714,1,81
36,0.9989846259122714,1,81
37,0.9989846259122714,1,81
38,0.9989846259122714,1,81
39,0.9989846259122714,1,81
40,0.9989846259122714,1,81
41,0.9989846259122714,1,81
42,0.9989846259122714,1,81
43,0.9989846259122714,1,81
44,0.9989846259122714,1,81
45,0.9989846259122714,1,81
46,0.9989846259122714,1,81
47,0.9989846259122714,1,81
48,0.9989846259122714,1,81
49,0.9989846259122714,1,81
50,0.9989846259122714,1,81
51,0.9989846259122714,1,81
52,0.9989846259122714,1,81
53,0.9989846259122714,1,81
54,0.9989846259122714,1,81
55,0.9989846259122714,1,81
56,0.9989846259122714,1,81
57,0.9989846259122714,1,81
58,0.9989846259122714,1,81
59,0.9989846259122714,1,81
60,0.9989846259122714,1,81
61,0.9989846259122714,1,81
62,0.9989846259122714,1,81
63,0.9989846259122714,1,81
64,0.9989846259122714,1,81
65,0.9989846259122714,1,81
66,0.9989846259122714,1,81
67,0.9989846259122714,1,81
68,0.9989846259122714,1,81
69,0.9989846259122714,1,81
70,0.9989846259122714,1,81
71,0.9989846259122714,1,81
72,0.9989846259122714,1,81
73,0.9989846259122714,1,81
74,0.9989846259122714,1,81
75,0.9989846259122714,1,81
76,0.9989846259122714,1,81
77,0.9989846259122714,1,81
78,0.9989846259122714,1,81
79,0.9989846259122714,1,81
80,0.9989846259122714,1,81
81,0.9989846259122714,1,81
82,0.9989846259122714,1,81
83,0.9989846259122714,1,81
84,0.9989846259122714,1,81
85,0.9989846259122714,1,81
86,0.9989846259122714,1,81
87,0.9989846259122714,1,81
88,0.9989846259122714,1,81
89,0.9989846259122714,1,81
90,0.9989846259122714,1,81
91,0.9989846259122714,1,81
92,0.9989846259122714,1,81
93,0.9989846259122714,1,81
94,0.9989846259122714,1,81
95,0.9989846259122714,1,81
96,0.9989846259122714,1,81
97,0.9989846259122714,1,81
98,0.9989846259122714,1,81
99,0.9989846259122714,1,81
100,0.9989846259122714,1,81
101,0.9989846259122714,1,81
102,0.9989846259122714,1,81
103,0.9989846259122714,1,81
104,0.9989846259122714,1,81
105,0.9989846259122714,1,81
106,0.9989846259122714,1,81
107,0.9989846259122714,1,81
108,0.9989846259122714,1,81
109,0.9989846259122714,1,81
110,0.9989846259122714,1,81
111,0.9989846259122714,1,81
112,0.9989846259122714,1,81
113,0.9989846259122714,1,81
114,0.9989846259122714,1,81
115,0.9989846259122714,1,81
116,0.9989846259122714,1,81
117,0.9989846259122714,1,81
118,0.9989846259122714,1,81
119,0.9989846259122714,1,81
120,0.9989846259122714,1,81
121,0.9989846259122714,1,81
122,0.9989846259122714,1,81
123,0.9989846259122714,1,81
124,0.9989846259122714,1,81
125,0.9989846259122714,1,81
126,0.9989846259122714,1,81
127,0.9989846259122714,1,81
128,0.9989846259122714,1,81
129,0.9989846259122714,1,81
130,0.9989846259122714,1,81
131,0.9989846259122714,1,81
132,0.9989846259122714,1,81
133,0.9989846259122714,1,81
134,0.9989846259122714,1,81
135,0.9989846259122714,1,81
136,0.9989846259122714,1,81
137,0.9989846259122714,1,81
138,0.9989846259122714,1,81
139,0.9989846259122714,1,81
140,0.9989846259122714,1,81
141,0.9989846259122714,1,81
142,0.9989846259122714,1,81
143,0.9989846259122714,1,81
144,0.9989846259122714,1,81
145,0.9989846259122714,1,81
146,0.9989846259122714,1,81
147,0.9989846259122714,1,81
148,0.9989846259122714,1,81
149,0.9989846259122714,1,81
150,0.9989846259122714,1,81
151,0.9989846259122714,1,81
152,0.9989846259122714,1,81
153,0.9989846259122714,1,81
154,0.9989846259122714,1,81
155,0.9989846259122714,1,81
156,0.9989846259122714,1,81
157,0.9989846259122714,1,81
158,0.9989846259122714,1,81
159,0.9989846259122714,1,81
160,0.9989846259122714,1,81
161,0.9989846259122714,1,81
162,0.9989846259122714,1,81
163,0.9989846259122714,1,81
164,0.9989846259122714,1,81
165,0.9989846259122714,1,81
166,0.9989846259122714,1,81
167,0.9989846259122714,1,81
168,0.9989846259122714,1,81
169,0.9989846259122714,1,81
170,0.9989846259122714,1,81
171,0.9989846259122714,1,81
172,0.9989846259122714,1,81
173,0.9989846259122714,1,81
174,0.9989846259122714,1,81
175,0.9989846259122714,1,81
176,0.9989846259122714,1,81
177,0.9989846259122714,1,81
178,0.9989846259122714,1,81
179,0.9989846259122714,1,81
180,0.9989846259122714,1,81
181,0.9989846259122714,1,81
182,0.9989846259122714,1,81
183,0.9989846259122714,1,81
184,0.9989846259122714,1,81
185,0.9989846259122714,1,81
186,0.9989846259122714,1,81
187,0.9989846259122714,1,81
188,0.9989846259122714,1,81
189,0.9989846259122714,1,81
190,0.9989846259122714,1,81
191,0.9989846259122714,1,81
192,0.9989846259122714,1,81
193,0.9989846259122714,1,81
194,0.9989846259122714,1,81
195,0.9989846259122714,1,81
196,0.9989846259122714,1,81
197,0.9989846259122714,1,81
198,0.9989846259122714,1,81
199,0.9989846259122714,1,81
200,0.9989846259122714,1,81
1,0.9567323811352253,6,82
2,0.9567323811352253,6,82
3,0.9567323811352253,6,82
4,0.9567323811352253,6,82
5,0.9567323811352253,6,82
6,0.9567323811352253,6,82
7,0.9567323811352253,6,82
8,0.9567323811352253,6,82
9,0.9567323811352253,6,82
10,0.9502588771283627,3,82
11,0.9502588771283627,3,82
12,0.9502588771283627,3,82
13,0.9502588771283627,3,82
14,0.9502588771283627,3,82
15,0.9502588771283627,3,82
16,0.9502588771283627,3,82
17,0.9502588771283627,3,82
18,0.9502588771283627,3,82
19,0.9502588771283627,3,82
20,0.9502588771283627,3,82
21,0.9502588771283627,3,82
22,0.9502588771283627,3,82
23,0.9502588771283627,3,82
24,0.9502588771283627,3,82
25,0.9639493562281132,6,82
26,0.9639493562281132,6,82
27,0.9639493562281132,6,82
28,0.9639493562281132,6,82
29,0.9639493562281132,6,82
30,0.9639493562281132,6,82
31,0.9639493562281132,6,82
32,0.9639493562281132,6,82
33,0.9639493562281132,6,82
34,0.9639493562281132,6,82
35,0.9639493562281132,6,82
36,0.9639493562281132,6,82
37,0.9639493562281132,6,82
38,0.9656283631920815,6,82
39,0.9656283631920815,6,82
40,0.9656283631920815,6,82
41,0.9656283631920815,6,82
42,0.9656283631920815,6,82
43,0.9656283631920815,6,82
44,0.9656283631920815,6,82
45,0.9656283631920815,6,82
46,0.9656283631920815,6,82
47,0.9656283631920815,6,82
48,0.9767916724085808,7,82
49,0.9767916724085808,7,82
50,0.9780099838972092,6,82
51,0.9780099838972092,6,82
52,0.9780099838972092,6,82
53,0.9780099838972092,6,82
54,0.9764181803911924,6,82
55,0.9764181803911924,6,82
56,0.9764181803911924,6,82
57,0.9764181803911924,6,82
58,0.9764181803911924,6,82
59,0.9764181803911924,6,82
60,0.9764181803911924,6,82
61,0.9764181803911924,6,82
62,0.9651812314987183,5,82
63,0.9651812314987183,5,82
64,0.9651812314987183,5,82
65,0.9651812314987183,5,82
66,0.9651812314987183,5,82
67,0.9651812314987183,5,82
68,0.9651812314987183,5,82
69,0.9651812314987183,5,82
70,0.9651812314987183,5,82
71,0.9651812314987183,5,82
72,0.9651812314987183,5,82
73,0.9651812314987183,5,82
74,0.9651812314987183,5,82
75,0.9651812314987183,5,82
76,0.9651812314987183,5,82
77,0.9651812314987183,5,82
78,0.9651812314987183,5,82
79,0.9651812314987183,5,82
80,0.9699526838958263,5,82
81,0.9699526838958263,5,82
82,0.9699526838958263,5,82
83,0.9699526838958263,5,82
84,0.9677258059382439,5,82
85,0.9677258059382439,5,82
86,0.9677258059382439,5,82
87,0.9677258059382439,5,82
88,0.9677258059382439,5,82
89,0.9677258059382439,5,82
90,0.9677258059382439,5,82
91,0.9677258059382439,5,82
92,0.9677258059382439,5,82
93,0.9677258059382439,5,82
94,0.9677258059382439,5,82
95,0.9677258059382439,5,82
96,0.9677258059382439,5,82
97,0.9677258059382439,5,82
98,0.9677258059382439,5,82
99,0.9677258059382439,5,82
100,0.9677258059382439,5,82
101,0.9677258059382439,5,82
102,0.9694016445428133,5,82
103,0.9694016445428133,5,82
104,0.9694016445428133,5,82
105,0.9694016445428133,5,82
106,0.9694016445428133,5,82
107,0.9694016445428133,5,82
108,0.9694016445428133,5,82
109,0.9694016445428133,5,82
110,0.9694016445428133,5,82
111,0.9694016445428133,5,82
112,0.9694016445428133,5,82
113,0.9694016445428133,5,82
114,0.9694016445428133,5,82
115,0.9694016445428133,5,82
116,0.9694016445428133,5,82
117,0.9694016445428133,5,82
118,0.9694016445428133,5,82
119,0.9694016445428133,5,82
120,0.9694016445428133,5,82
121,0.9694016445428133,5,82
122,0.9694016445428133,5,82
123,0.9694016445428133,5,82
124,0.9694016445428133,5,82
125,0.9694016445428133,5,82
126,0.9694016445428133,5,82
127,0.9694016445428133,5,82
128,0.9694016445428133,5,82
129,0.9694016445428133,5,82
130,0.9694016445428133,5,82
131,0.9694016445428133,5,82
132,0.9694016445428133,5,82
133,0.9694016445428133,5,82
134,0.9694016445428133,5,82
135,0.9694016445428133,5,82
136,0.9694016445428133,5,82
137,0.9694016445428133,5,82
138,0.9694016445428133,5,82
139,0.9694016445428133,5,82
140,0.9694016445428133,5,82
141,0.9694016445428133,5,82
142,0.9694016445428133,5,82
143,0.9694016445428133,5,82
144,0.9694016445428133,5,82
145,0.9694016445428133,5,82
146,0.9694016445428133,5,82
147,0.9694016445428133,5,82
148,0.9694016445428133,5,82
149,0.9694016445428133,5,82
150,0.9694016445428133,5,82
151,0.9694016445428133,5,82
152,0.9694016445428133,5,82
153,0.9694016445428133,5,82
154,0.9694016445428133,5,82
155,0.9694016445428133,5,82
156,0.9694016445428133,5,82
157,0.9694016445428133,5,82
158,0.9691893737763166,5,82
159,0.9691893737763166,5,82
160,0.9691893737763166,5,82
161,0.9691893737763166,5,82
162,0.9691893737763166,5,82
163,0.9691893737763166,5,82
164,0.9691893737763166,5,82
165,0.9691893737763166,5,82
166,0.9691893737763166,5,82
167,0.9691893737763166,5,82
168,0.9691893737763166,5,82
169,0.9691893737763166,5,82
170,0.9691893737763166,5,82
171,0.9691893737763166,5,82
172,0.9691893737763166,5,82
173,0.9691893737763166,5,82
174,0.9691893737763166,5,82
175,0.9691893737763166,5,82
176,0.9691893737763166,5,82
177,0.9691893737763166,5,82
178,0.9691893737763166,5,82
179,0.9691893737763166,5,82
180,0.9691893737763166,5,82
181,0.9691893737763166,5,82
182,0.9691893737763166,5,82
183,0.9691893737763166,5,82
184,0.9691893737763166,5,82
185,0.9770215377211571,6,82
186,0.9770215377211571,6,82
187,0.9827575534582138,6,82
188,0.9827575534582138,6,82
189,0.9827575534582138,6,82
190,0.9827575534582138,6,82
191,0.9827575534582138,6,82
192,0.9827575534582138,6,82
193,0.9827575534582138,6,82
194,0.9827575534582138,6,82
195,0.9827575534582138,6,82
196,0.9827575534582138,6,82
197,0.9827575534582138,6,82
198,0.9827575534582138,6,82
199,0.9827575534582138,6,82
200,0.9827575534582138,6,82
1,0.0,1,83
2,0.0,1,83
3,0.0,1,83
4,0.0,1,83
5,0.0,1,83
6,0.0,1,83
7,0.0,1,83
8,0.0,1,83
9,0.0,1,83
10,0.0,1,83
11,0.0,1,83
12,0.0,1,83
13,0.0,1,83
14,0.0,1,83
15,0.0,1,83
16,0.0,1,83
17,0.0,1,83
18,0.0,1,83
19,0.0,1,83
20,0.0,1,83
21,0.0,1,83
22,0.0,1,83
23,0.0,1,83
24,0.0,1,83
25,0.0,1,83
26,0.0,1,83
27,0.0,1,83
28,0.0,1,83
29,0.0,1,83
30,0.0,1,83
31,0.0,1,83
32,0.0,1,83
33,0.0,1,83
34,0.0,1,83
35,0.0,1,83
36,0.0,1,83
37,0.0,1,83
38,0.0,1,83
39,0.0,1,83
40,0.0,1,83
41,0.0,1,83
42,0.0,1,83
43,0.0,1,83
44,0.0,1,83
45,0.0,1,83
46,0.0,1,83
47,0.0,1,83
48,0.0,1,83
49,0.0,1,83
50,0.0,1,83
51,0.0,1,83
52,0.0,1,83
53,0.0,1,83
54,0.0,1,83
55,0.0,1,83
56,0.0,1,83
57,0.0,1,83
58,0.0,1,83
59,0.0,1,83
60,0.0,1,83
61,0.0,1,83
62,0.0,1,83
63,0.0,1,83
64,0.0,1,83
65,0.0,1,83
66,0.0,1,83
67,0.0,1,83
68,0.0,1,83
69,0.0,1,83
70,0.0,1,83
71,0.0,1,83
72,0.0,1,83
73,0.0,1,83
74,0.0,1,83
75,0.0,1,83
76,0.0,1,83
77,0.0,1,83
78,0.0,1,83
79,0.0,1,83
80,0.0,1,83
81,0.0,1,83
82,0.0,1,83
83,0.0,1,83
84,0.0,1,83
85,0.0,1,83
86,0.0,1,83
87,0.0,1,83
88,0.0,1,83
89,0.0,1,83
90,0.0,1,83
91,0.0,1,83
92,0.0,1,83
93,0.0,1,83
94,0.0,1,83
95,0.0,1,83
96,0.0,1,83
97,0.0,1,83
98,0.0,1,83
99,0.0,1,83
100,0.0,1,83
101,0.0,1,83
102,0.0,1,83
103,0.0,1,83
104,0.0,1,83
105,0.0,1,83
106,0.0,1,83
107,0.0,1,83
108,0.0,1,83
109,0.0,1,83
110,0.0,1,83
111,0.0,1,83
112,0.0,1,83
113,0.0,1,83
114,0.0,1,83
115,0.0,1,83
116,0.0,1,83
117,0.0,1,83
118,0.0,1,83
119,0.0,1,83
120,0.0,1,83
121,0.0,1,83
122,0.0,1,83
123,0.0,1,83
124,0.0,1,83
125,0.0,1,83
126,0.0,1,83
127,0.0,1,83
128,0.0,1,83
129,0.0,1,83
130,0.0,1,83
131,0.0,1,83
132,0.0,1,83
133,0.0,1,83
134,0.0,1,83
135,0.0,1,83
136,0.0,1,83
137,0.0,1,83
138,0.0,1,83
139,0.0,1,83
140,0.0,1,83
141,0.0,1,83
142,0.0,1,83
143,0.0,1,83
144,0.0,1,83
145,0.0,1,83
146,0.0,1,83
147,0.0,1,83
148,0.0,1,83
149,0.0,1,83
150,0.0,1,83
151,0.0,1,83
152,0.0,1,83
153,0.0,1,83
154,0.0,1,83
155,0.0,1,83
156,0.0,1,83
157,0.0,1,83
158,0.0,1,83
159,0.0,1,83
160,0.0,1,83
161,0.0,1,83
162,0.0,1,83
163,0.0,1,83
164,0.0,1,83
165,0.0,1,83
166,0.0,1,83
167,0.0,1,83
168,0.0,1,83
169,0.0,1,83
170,0.0,1,83
171,0.0,1,83
172,0.0,1,83
173,0.0,1,83
174,0.0,1,83
175,0.0,1,83
176,0.0,1,83
177,0.0,1,83
178,0.0,1,83
179,0.0,1,83
180,0.0,1,83
181,0.0,1,83
182,0.0,1,83
183,0.0,1,83
184,0.0,1,83
185,0.0,1,83
186,0.0,1,83
187,0.0,1,83
188,0.0,1,83
189,0.0,1,83
190,0.0,1,83
191,0.0,1,83
192,0.0,1,83
193,0.0,1,83
194,0.0,1,83
195,0.0,1,83
196,0.0,1,83
197,0.0,1,83
198,0.0,1,83
199,0.0,1,83
200,0.0,1,83
1,0.0,1,84
2,0.0,1,84
3,0.0,1,84
4,0.0,1,84
5,0.0,1,84
6,0.0,1,84
7,0.0,1,84
8,0.0,1,84
9,0.0,1,84
10,0.0,1,84
11,0.0,1,84
12,0.0,1,84
13,0.0,1,84
14,0.0,1,84
15,0.0,1,84
16,0.0,1,84
17,0.0,1,84
18,0.0,1,84
19,0.0,1,84
20,0.0,1,84
21,0.0,1,84
22,0.0,1,84
23,0.0,1,84
24,0.0,1,84
25,0.0,1,84
26,0.0,1,84
27,0.0,1,84
28,0.0,1,84
29,0.0,1,84
30,0.0,1,84
31,0.0,1,84
32,0.0,1,84
33,0.0,1,84
34,0.0,1,84
35,0.0,1,84
36,0.0,1,84
37,0.0,1,84
38,0.0,1,84
39,0.0,1,84
40,0.0,1,84
41,0.0,1,84
42,0.0,1,84
43,0.0,1,84
44,0.0,1,84
45,0.0,1,84
46,0.0,1,84
47,0.0,1,84
48,0.0,1,84
49,0.0,1,84
50,0.0,1,84
51,0.0,1,84
52,0.0,1,84
53,0.0,1,84
54,0.0,1,84
55,0.0,1,84
56,0.0,1,84
57,0.0,1,84
58,0.0,1,84
59,0.0,1,84
60,0.0,1,84
61,0.0,1,84
62,0.0,1,84
63,0.0,1,84
64,0.0,1,84
65,0.0,1,84
66,0.0,1,84
67,0.0,1,84
68,0.0,1,84
69,0.0,1,84
70,0.0,1,84
71,0.0,1,84
72,0.0,1,84
73,0.0,1,84
74,0.0,1,84
75,0.0,1,84
76,0.0,1,84
77,0.0,1,84
78,0.0,1,84
79,0.0,1,84
80,0.0,1,84
81,0.0,1,84
82,0.0,1,84
83,0.0,1,84
84,0.0,1,84
85,0.0,1,84
86,0.0,1,84
87,0.0,1,84
88,0.0,1,84
89,0.0,1,84
90,0.0,1,84
91,0.0,1,84
92,0.0,1,84
93,0.0,1,84
94,0.0,1,84
95,0.0,1,84
96,0.0,1,84
97,0.0,1,84
98,0.0,1,84
99,0.0,1,84
100,0.0,1,84
101,0.0,1,84
102,0.0,1,84
103,0.0,1,84
104,0.0,1,84
105,0.0,1,84
106,0.0,1,84
107,0.0,1,84
108,0.0,1,84
109,0.0,1,84
110,0.0,1,84
111,0.0,1,84
112,0.0,1,84
113,0.0,1,84
114,0.0,1,84
115,0.0,1,84
116,0.0,1,84
117,0.0,1,84
118,0.0,1,84
119,0.0,1,84
120,0.0,1,84
121,0.0,1,84
122,0.0,1,84
123,0.0,1,84
124,0.0,1,84
125,0.0,1,84
126,0.0,1,84
127,0.0,1,84
128,0.0,1,84
129,0.0,1,84
130,0.0,1,84
131,0.0,1,84
132,0.0,1,84
133,0.0,1,84
134,0.0,1,84
135,0.0,1,84
136,0.0,1,84
137,0.0,1,84
138,0.0,1,84
139,0.0,1,84
140,0.0,1,84
141,0.0,1,84
142,0.0,1,84
143,0.0,1,84
144,0.0,1,84
145,0.0,1,84
146,0.0,1,84
147,0.0,1,84
148,0.0,1,84
149,0.0,1,84
150,0.0,1,84
151,0.0,1,84
152,0.0,1,84
153,0.0,1,84
154,0.0,1,84
155,0.0,1,84
156,0.0,1,84
157,0.0,1,84
158,0.0,1,84
159,0.0,1,84
160,0.0,1,84
161,0.0,1,84
162,0.0,1,84
163,0.0,1,84
164,0.0,1,84
165,0.0,1,84
166,0.0,1,84
167,0.0,1,84
168,0.0,1,84
169,0.0,1,84
170,0.0,1,84
171,0.0,1,84
172,0.0,1,84
173,0.0,1,84
174,0.0,1,84
175,0.0,1,84
176,0.0,1,84
177,0.0,1,84
178,0.0,1,84
179,0.0,1,84
180,0.0,1,84
181,0.0,1,84
182,0.0,1,84
183,0.0,1,84
184,0.0,1,84
185,0.0,1,84
186,0.0,1,84
187,0.0,1,84
188,0.0,1,84
189,0.0,1,84
190,0.0,1,84
191,0.0,1,84
192,0.0,1,84
193,0.0,1,84
194,0.0,1,84
195,0.0,1,84
196,0.0,1,84
197,0.0,1,84
198,0.0,1,84
199,0.0,1,84
200,0.0,1,84
1,0.9942658455111086,1,85
2,0.9942658455111086,1,85
3,0.9942658455111086,1,85
4,0.9942460148595273,1,85
5,0.9942509145475924,1,85
6,0.9942460637539625,1,85
7,0.9942460637539625,1,85
8,0.9942460637539625,1,85
9,0.9942460637539625,1,85
10,0.9942461070604622,1,85
11,0.9942461070604622,1,85
12,0.9942461070604622,1,85
13,0.9942461070604622,1,85
14,0.9942461070604622,1,85
15,0.9942460698075593,1,85
16,0.9942460698075593,1,85
17,0.9942460698075593,1,85
18,0.9942460698075593,1,85
19,0.9942460698075593,1,85
20,0.9942460698075593,1,85
21,0.9942460698075593,1,85
22,0.9942460698075593,1,85
23,0.9942460861057043,1,85
24,0.9942460861057043,1,85
25,0.9942460698075593,1,85
26,0.9942460698075593,1,85
27,0.9942460721358657,1,85
28,0.9942460698075593,1,85
29,0.9942460698075593,1,85
30,0.9942460698075593,1,85
31,0.9942460698075593,1,85
32,0.9942460698075593,1,85
33,0.9942460698075593,1,85
34,0.9942460721358657,1,85
35,0.9942460721358657,1,85
36,0.9942460721358657,1,85
37,0.9942460721358657,1,85
38,0.9942460721358657,1,85
39,0.9942460721358657,1,85
40,0.9942460721358657,1,85
41,0.9942460721358657,1,85
42,0.9942460721358657,1,85
43,0.9942460721358657,1,85
44,0.9942460721358657,1,85
45,0.9942460721358657,1,85
46,0.9942460721358657,1,85
47,0.9942460721358657,1,85
48,0.9942460721358657,1,85
49,0.9942460721358657,1,85
50,0.9942460721358657,1,85
51,0.9942460721358657,1,85
52,0.9942460721358657,1,85
53,0.9942460721358657,1,85
54,0.9942460721358657,1,85
55,0.9942460721358657,1,85
56,0.9942460721358657,1,85
57,0.9942460721358657,1,85
58,0.9942460721358657,1,85
59,0.9942460721358657,1,85
60,0.9942460721358657,1,85
61,0.9942460721358657,1,85
62,0.9942460721358657,1,85
63,0.9942460721358657,1,85
64,0.9942460721358657,1,85
65,0.9942460721358657,1,85
66,0.9942460721358657,1,85
67,0.9942460721358657,1,85
68,0.9942460721358657,1,85
69,0.9942460721358657,1,85
70,0.9942460721358657,1,85
71,0.9942460721358657,1,85
72,0.9942460721358657,1,85
73,0.9942460721358657,1,85
74,0.9942460721358657,1,85
75,0.9942460721358657,1,85
76,0.9942460721358657,1,85
77,0.9942460721358657,1,85
78,0.9942460721358657,1,85
79,0.9942460721358657,1,85
80,0.9942460721358657,1,85
81,0.9942460721358657,1,85
82,0.9942460721358657,1,85
83,0.9942460721358657,1,85
84,0.9942460721358657,1,85
85,0.9942460721358657,1,85
86,0.9942460721358657,1,85
87,0.9942460721358657,1,85
88,0.9942460721358657,1,85
89,0.9942460721358657,1,85
90,0.9942460721358657,1,85
91,0.9942460721358657,1,85
92,0.9942460721358657,1,85
93,0.9942460721358657,1,85
94,0.9942460721358657,1,85
95,0.9942460721358657,1,85
96,0.9942460721358657,1,85
97,0.9942460721358657,1,85
98,0.9942460721358657,1,85
99,0.9942460721358657,1,85
100,0.9942460721358657,1,85
101,0.9942460721358657,1,85
102,0.9942460721358657,1,85
103,0.9942460721358657,1,85
104,0.9942460721358657,1,85
105,0.9942460721358657,1,85
106,0.9942460721358657,1,85
107,0.9942460721358657,1,85
108,0.9942460721358657,1,85
109,0.9942460721358657,1,85
110,0.9942460721358657,1,85
111,0.9942460721358657,1,85
112,0.9942460721358657,1,85
113,0.9942460721358657,1,85
114,0.9942460721358657,1,85
115,0.9942460721358657,1,85
116,0.9942460721358657,1,85
117,0.9942460721358657,1,85
118,0.9942460721358657,1,85
119,0.9942460721358657,1,85
120,0.9942460721358657,1,85
121,0.9942460721358657,1,85
122,0.9942460721358657,1,85
123,0.9942460721358657,1,85
124,0.9942460721358657,1,85
125,0.9942460721358657,1,85
126,0.9942460721358657,1,85
127,0.9942460721358657,1,85
128,0.9942460721358657,1,85
129,0.9942460721358657,1,85
130,0.9942460721358657,1,85
131,0.9942460721358657,1,85
132,0.9942460721358657,1,85
133,0.9942460721358657,1,85
134,0.9942460721358657,1,85
135,0.9942460721358657,1,85
136,0.9942460721358657,1,85
137,0.9942460721358657,1,85
138,0.9942460721358657,1,85
139,0.9942460721358657,1,85
140,0.9942460721358657,1,85
141,0.9942460721358657,1,85
142,0.9942460721358657,1,85
143,0.9942460721358657,1,85
144,0.9942460721358657,1,85
145,0.9942460721358657,1,85
146,0.9942460721358657,1,85
147,0.9942460721358657,1,85
148,0.9942460721358657,1,85
149,0.9942460721358657,1,85
150,0.9942460721358657,1,85
151,0.9942460721358657,1,85
152,0.9942460721358657,1,85
153,0.9942460721358657,1,85
154,0.9942460721358657,1,85
155,0.9942460721358657,1,85
156,0.9942460721358657,1,85
157,0.9942460721358657,1,85
158,0.9942460721358657,1,85
159,0.9942460721358657,1,85
160,0.9942460721358657,1,85
161,0.9942460721358657,1,85
162,0.9942460721358657,1,85
163,0.9942460721358657,1,85
164,0.9942460721358657,1,85
165,0.9942460721358657,1,85
166,0.9942460721358657,1,85
167,0.9942460721358657,1,85
168,0.9942460721358657,1,85
169,0.9942460721358657,1,85
170,0.9942460721358657,1,85
171,0.9942460721358657,1,85
172,0.9942460721358657,1,85
173,0.9942460721358657,1,85
174,0.9942460721358657,1,85
175,0.9942460721358657,1,85
176,0.9942460721358657,1,85
177,0.9942460721358657,1,85
178,0.9942460721358657,1,85
179,0.9942460721358657,1,85
180,0.9942460721358657,1,85
181,0.9942460721358657,1,85
182,0.9942460721358657,1,85
183,0.9942460721358657,1,85
184,0.9942460721358657,1,85
185,0.9942460721358657,1,85
186,0.9942460721358657,1,85
187,0.9942460721358657,1,85
188,0.9942460721358657,1,85
189,0.9942460721358657,1,85
190,0.9942460721358657,1,85
191,0.9942460721358657,1,85
192,0.9942460721358657,1,85
193,0.9942460721358657,1,85
194,0.9942460721358657,1,85
195,0.9942460721358657,1,85
196,0.9942460721358657,1,85
197,0.9942460721358657,1,85
198,0.9942460721358657,1,85
199,0.9942460721358657,1,85
200,0.9942460721358657,1,85
1,1.8358230590820312e-05,1,86
2,1.8358230590820312e-05,1,86
3,1.8358230590820312e-05,1,86
4,1.8358230590820312e-05,1,86
5,1.8358230590820312e-05,1,86
6,1.8358230590820312e-05,1,86
7,1.8358230590820312e-05,1,86
8,1.8358230590820312e-05,1,86
9,1.8358230590820312e-05,1,86
10,1.8358230590820312e-05,1,86
11,1.8358230590820312e-05,1,86
12,1.8358230590820312e-05,1,86
13,1.8358230590820312e-05,1,86
14,1.8358230590820312e-05,1,86
15,1.8358230590820312e-05,1,86
16,1.8358230590820312e-05,1,86
17,1.8358230590820312e-05,1,86
18,1.8358230590820312e-05,1,86
19,1.8358230590820312e-05,1,86
20,1.8358230590820312e-05,1,86
21,1.8358230590820312e-05,1,86
22,1.8358230590820312e-05,1,86
23,1.8358230590820312e-05,1,86
24,1.8358230590820312e-05,1,86
25,1.8358230590820312e-05,1,86
26,1.8358230590820312e-05,1,86
27,1.8358230590820312e-05,1,86
28,1.8358230590820312e-05,1,86
29,1.8358230590820312e-05,1,86
30,1.8358230590820312e-05,1,86
31,1.8358230590820312e-05,1,86
32,1.8358230590820312e-05,1,86
33,1.8358230590820312e-05,1,86
34,1.8358230590820312e-05,1,86
35,1.8358230590820312e-05,1,86
36,1.8358230590820312e-05,1,86
37,1.8358230590820312e-05,1,86
38,1.8358230590820312e-05,1,86
39,1.8358230590820312e-05,1,86
40,1.8358230590820312e-05,1,86
41,1.8358230590820312e-05,1,86
42,1.8358230590820312e-05,1,86
43,1.8358230590820312e-05,1,86
44,1.8358230590820312e-05,1,86
45,1.8358230590820312e-05,1,86
46,1.8358230590820312e-05,1,86
47,1.8358230590820312e-05,1,86
48,1.8358230590820312e-05,1,86
49,1.8358230590820312e-05,1,86
50,1.8358230590820312e-05,1,86
51,1.8358230590820312e-05,1,86
52,1.8358230590820312e-05,1,86
53,1.8358230590820312e-05,1,86
54,1.8358230590820312e-05,1,86
55,1.8358230590820312e-05,1,86
56,1.8358230590820312e-05,1,86
57,1.8358230590820312e-05,1,86
58,1.8358230590820312e-05,1,86
59,1.8358230590820312e-05,1,86
60,1.8358230590820312e-05,1,86
61,1.8358230590820312e-05,1,86
62,1.8358230590820312e-05,1,86
63,1.8358230590820312e-05,1,86
64,1.8358230590820312e-05,1,86
65,1.8358230590820312e-05,1,86
66,1.8358230590820312e-05,1,86
67,1.8358230590820312e-05,1,86
68,1.8358230590820312e-05,1,86
69,1.8358230590820312e-05,1,86
70,1.8358230590820312e-05,1,86
71,1.8358230590820312e-05,1,86
72,1.8358230590820312e-05,1,86
73,1.8358230590820312e-05,1,86
74,1.8358230590820312e-05,1,86
75,1.8358230590820312e-05,1,86
76,1.8358230590820312e-05,1,86
77,1.8358230590820312e-05,1,86
78,1.8358230590820312e-05,1,86
79,1.8358230590820312e-05,1,86
80,1.8358230590820312e-05,1,86
81,1.8358230590820312e-05,1,86
82,1.8358230590820312e-05,1,86
83,1.8358230590820312e-05,1,86
84,1.8358230590820312e-05,1,86
85,1.8358230590820312e-05,1,86
86,1.8358230590820312e-05,1,86
87,1.8358230590820312e-05,1,86
88,1.8358230590820312e-05,1,86
89,1.8358230590820312e-05,1,86
90,1.8358230590820312e-05,1,86
91,1.8358230590820312e-05,1,86
92,1.8358230590820312e-05,1,86
93,1.8358230590820312e-05,1,86
94,1.8358230590820312e-05,1,86
95,1.8358230590820312e-05,1,86
96,1.8358230590820312e-05,1,86
97,1.8358230590820312e-05,1,86
98,1.8358230590820312e-05,1,86
99,1.8358230590820312e-05,1,86
100,1.8358230590820312e-05,1,86
101,1.8358230590820312e-05,1,86
102,1.8358230590820312e-05,1,86
103,1.8358230590820312e-05,1,86
104,1.8358230590820312e-05,1,86
105,1.8358230590820312e-05,1,86
106,1.8358230590820312e-05,1,86
107,1.8358230590820312e-05,1,86
108,1.8358230590820312e-05,1,86
109,1.8358230590820312e-05,1,86
110,1.8358230590820312e-05,1,86
111,1.8358230590820312e-05,1,86
112,1.8358230590820312e-05,1,86
113,1.8358230590820312e-05,1,86
114,1.8358230590820312e-05,1,86
115,1.8358230590820312e-05,1,86
116,1.8358230590820312e-05,1,86
117,1.8358230590820312e-05,1,86
118,1.8358230590820312e-05,1,86
119,1.8358230590820312e-05,1,86
120,1.8358230590820312e-05,1,86
121,1.8358230590820312e-05,1,86
122,1.8358230590820312e-05,1,86
123,1.8358230590820312e-05,1,86
124,1.8358230590820312e-05,1,86
125,1.8358230590820312e-05,1,86
126,1.8358230590820312e-05,1,86
127,1.8358230590820312e-05,1,86
128,1.8358230590820312e-05,1,86
129,1.8358230590820312e-05,1,86
130,1.8358230590820312e-05,1,86
131,1.8358230590820312e-05,1,86
132,1.8358230590820312e-05,1,86
133,1.8358230590820312e-05,1,86
134,1.8358230590820312e-05,1,86
135,1.8358230590820312e-05,1,86
136,1.8358230590820312e-05,1,86
137,1.8358230590820312e-05,1,86
138,1.8358230590820312e-05,1,86
139,1.8358230590820312e-05,1,86
140,1.8358230590820312e-05,1,86
141,1.8358230590820312e-05,1,86
142,1.8358230590820312e-05,1,86
143,1.8358230590820312e-05,1,86
144,1.8358230590820312e-05,1,86
145,1.8358230590820312e-05,1,86
146,1.8358230590820312e-05,1,86
147,1.8358230590820312e-05,1,86
148,1.8358230590820312e-05,1,86
149,1.8358230590820312e-05,1,86
150,1.8358230590820312e-05,1,86
151,1.8358230590820312e-05,1,86
152,1.8358230590820312e-05,1,86
153,1.8358230590820312e-05,1,86
154,1.8358230590820312e-05,1,86
155,1.8358230590820312e-05,1,86
156,1.8358230590820312e-05,1,86
157,1.8358230590820312e-05,1,86
158,1.8358230590820312e-05,1,86
159,1.8358230590820312e-05,1,86
160,1.8358230590820312e-05,1,86
161,1.8358230590820312e-05,1,86
162,1.8358230590820312e-05,1,86
163,1.8358230590820312e-05,1,86
164,1.8358230590820312e-05,1,86
165,1.8358230590820312e-05,1,86
166,1.8358230590820312e-05,1,86
167,1.8358230590820312e-05,1,86
168,1.8358230590820312e-05,1,86
169,1.8358230590820312e-05,1,86
170,1.8358230590820312e-05,1,86
171,1.8358230590820312e-05,1,86
172,1.8358230590820312e-05,1,86
173,1.8358230590820312e-05,1,86
174,1.8358230590820312e-05,1,86
175,1.8358230590820312e-05,1,86
176,1.8358230590820312e-05,1,86
177,1.8358230590820312e-05,1,86
178,1.8358230590820312e-05,1,86
179,1.8358230590820312e-05,1,86
180,1.8358230590820312e-05,1,86
181,1.8358230590820312e-05,1,86
182,1.8358230590820312e-05,1,86
183,1.8358230590820312e-05,1,86
184,1.8358230590820312e-05,1,86
185,1.8358230590820312e-05,1,86
186,1.8358230590820312e-05,1,86
187,1.8358230590820312e-05,1,86
188,1.8358230590820312e-05,1,86
189,1.8358230590820312e-05,1,86
190,1.8358230590820312e-05,1,86
191,1.8358230590820312e-05,1,86
192,1.8358230590820312e-05,1,86
193,1.8358230590820312e-05,1,86
194,1.8358230590820312e-05,1,86
195,1.8358230590820312e-05,1,86
196,1.8358230590820312e-05,1,86
197,1.8358230590820312e-05,1,86
198,1.8358230590820312e-05,1,86
199,1.8358230590820312e-05,1,86
200,1.8358230590820312e-05,1,86
1,2.384185791015625e-07,1,87
2,2.384185791015625e-07,1,87
3,2.384185791015625e-07,1,87
4,2.384185791015625e-07,1,87
5,2.384185791015625e-07,1,87
6,2.384185791015625e-07,1,87
7,2.384185791015625e-07,1,87
8,2.384185791015625e-07,1,87
9,2.384185791015625e-07,1,87
10,2.384185791015625e-07,1,87
11,2.384185791015625e-07,1,87
12,2.384185791015625e-07,1,87
13,2.384185791015625e-07,1,87
14,2.384185791015625e-07,1,87
15,2.384185791015625e-07,1,87
16,2.384185791015625e-07,1,87
17,2.384185791015625e-07,1,87
18,2.384185791015625e-07,1,87
19,2.384185791015625e-07,1,87
20,2.384185791015625e-07,1,87
21,2.384185791015625e-07,1,87
22,2.384185791015625e-07,1,87
23,2.384185791015625e-07,1,87
24,2.384185791015625e-07,1,87
25,2.384185791015625e-07,1,87
26,2.384185791015625e-07,1,87
27,2.384185791015625e-07,1,87
28,2.384185791015625e-07,1,87
29,2.384185791015625e-07,1,87
30,2.384185791015625e-07,1,87
31,2.384185791015625e-07,1,87
32,2.384185791015625e-07,1,87
33,2.384185791015625e-07,1,87
34,2.384185791015625e-07,1,87
35,2.384185791015625e-07,1,87
36,2.384185791015625e-07,1,87
37,2.384185791015625e-07,1,87
38,2.384185791015625e-07,1,87
39,2.384185791015625e-07,1,87
40,2.384185791015625e-07,1,87
41,2.384185791015625e-07,1,87
42,2.384185791015625e-07,1,87
43,2.384185791015625e-07,1,87
44,2.384185791015625e-07,1,87
45,2.384185791015625e-07,1,87
46,2.384185791015625e-07,1,87
47,2.384185791015625e-07,1,87
48,2.384185791015625e-07,1,87
49,2.384185791015625e-07,1,87
50,2.384185791015625e-07,1,87
51,2.384185791015625e-07,1,87
52,2.384185791015625e-07,1,87
53,2.384185791015625e-07,1,87
54,2.384185791015625e-07,1,87
55,2.384185791015625e-07,1,87
56,2.384185791015625e-07,1,87
57,2.384185791015625e-07,1,87
58,2.384185791015625e-07,1,87
59,2.384185791015625e-07,1,87
60,2.384185791015625e-07,1,87
61,2.384185791015625e-07,1,87
62,2.384185791015625e-07,1,87
63,2.384185791015625e-07,1,87
64,2.384185791015625e-07,1,87
65,2.384185791015625e-07,1,87
66,2.384185791015625e-07,1,87
67,2.384185791015625e-07,1,87
68,2.384185791015625e-07,1,87
69,2.384185791015625e-07,1,87
70,2.384185791015625e-07,1,87
71,2.384185791015625e-07,1,87
72,2.384185791015625e-07,1,87
73,2.384185791015625e-07,1,87
74,2.384185791015625e-07,1,87
75,2.384185791015625e-07,1,87
76,2.384185791015625e-07,1,87
77,2.384185791015625e-07,1,87
78,2.384185791015625e-07,1,87
79,2.384185791015625e-07,1,87
80,2.384185791015625e-07,1,87
81,2.384185791015625e-07,1,87
82,2.384185791015625e-07,1,87
83,2.384185791015625e-07,1,87
84,2.384185791015625e-07,1,87
85,2.384185791015625e-07,1,87
86,2.384185791015625e-07,1,87
87,2.384185791015625e-07,1,87
88,2.384185791015625e-07,1,87
89,2.384185791015625e-07,1,87
90,2.384185791015625e-07,1,87
91,2.384185791015625e-07,1,87
92,2.384185791015625e-07,1,87
93,2.384185791015625e-07,1,87
94,2.384185791015625e-07,1,87
95,2.384185791015625e-07,1,87
96,2.384185791015625e-07,1,87
97,2.384185791015625e-07,1,87
98,2.384185791015625e-07,1,87
99,2.384185791015625e-07,1,87
100,2.384185791015625e-07,1,87
101,2.384185791015625e-07,1,87
102,2.384185791015625e-07,1,87
103,2.384185791015625e-07,1,87
104,2.384185791015625e-07,1,87
105,2.384185791015625e-07,1,87
106,2.384185791015625e-07,1,87
107,2.384185791015625e-07,1,87
108,2.384185791015625e-07,1,87
109,2.384185791015625e-07,1,87
110,2.384185791015625e-07,1,87
111,2.384185791015625e-07,1,87
112,2.384185791015625e-07,1,87
113,2.384185791015625e-07,1,87
114,2.384185791015625e-07,1,87
115,2.384185791015625e-07,1,87
116,2.384185791015625e-07,1,87
117,2.384185791015625e-07,1,87
118,2.384185791015625e-07,1,87
119,2.384185791015625e-07,1,87
120,2.384185791015625e-07,1,87
121,2.384185791015625e-07,1,87
122,2.384185791015625e-07,1,87
123,2.384185791015625e-07,1,87
124,2.384185791015625e-07,1,87
125,2.384185791015625e-07,1,87
126,2.384185791015625e-07,1,87
127,2.384185791015625e-07,1,87
128,2.384185791015625e-07,1,87
129,2.384185791015625e-07,1,87
130,2.384185791015625e-07,1,87
131,2.384185791015625e-07,1,87
132,2.384185791015625e-07,1,87
133,2.384185791015625e-07,1,87
134,2.384185791015625e-07,1,87
135,2.384185791015625e-07,1,87
136,2.384185791015625e-07,1,87
137,2.384185791015625e-07,1,87
138,2.384185791015625e-07,1,87
139,2.384185791015625e-07,1,87
140,2.384185791015625e-07,1,87
141,2.384185791015625e-07,1,87
142,2.384185791015625e-07,1,87
143,2.384185791015625e-07,1,87
144,2.384185791015625e-07,1,87
145,2.384185791015625e-07,1,87
146,2.384185791015625e-07,1,87
147,2.384185791015625e-07,1,87
148,2.384185791015625e-07,1,87
149,2.384185791015625e-07,1,87
150,2.384185791015625e-07,1,87
151,2.384185791015625e-07,1,87
152,2.384185791015625e-07,1,87
153,2.384185791015625e-07,1,87
154,2.384185791015625e-07,1,87
155,2.384185791015625e-07,1,87
156,2.384185791015625e-07,1,87
157,2.384185791015625e-07,1,87
158,2.384185791015625e-07,1,87
159,2.384185791015625e-07,1,87
160,2.384185791015625e-07,1,87
161,2.384185791015625e-07,1,87
162,2.384185791015625e-07,1,87
163,2.384185791015625e-07,1,87
164,2.384185791015625e-07,1,87
165,2.384185791015625e-07,1,87
166,2.384185791015625e-07,1,87
167,2.384185791015625e-07,1,87
168,2.384185791015625e-07,1,87
169,2.384185791015625e-07,1,87
170,2.384185791015625e-07,1,87
171,2.384185791015625e-07,1,87
172,2.384185791015625e-07,1,87
173,2.384185791015625e-07,1,87
174,2.384185791015625e-07,1,87
175,2.384185791015625e-07,1,87
176,2.384185791015625e-07,1,87
177,2.384185791015625e-07,1,87
178,2.384185791015625e-07,1,87
179,2.384185791015625e-07,1,87
180,2.384185791015625e-07,1,87
181,2.384185791015625e-07,1,87
182,2.384185791015625e-07,1,87
183,2.384185791015625e-07,1,87
184,2.384185791015625e-07,1,87
185,2.384185791015625e-07,1,87
186,2.384185791015625e-07,1,87
187,2.384185791015625e-07,1,87
188,2.384185791015625e-07,1,87
189,2.384185791015625e-07,1,87
190,2.384185791015625e-07,1,87
191,2.384185791015625e-07,1,87
192,2.384185791015625e-07,1,87
193,2.384185791015625e-07,1,87
194,2.384185791015625e-07,1,87
195,2.384185791015625e-07,1,87
196,2.384185791015625e-07,1,87
197,2.384185791015625e-07,1,87
198,2.384185791015625e-07,1,87
199,2.384185791015625e-07,1,87
200,2.384185791015625e-07,1,87
1,0.0,1,88
2,0.0,1,88
3,0.0,1,88
4,0.0,1,88
5,0.0,1,88
6,0.0,1,88
7,0.0,1,88
8,0.0,1,88
9,0.0,1,88
10,0.0,1,88
11,0.0,1,88
12,0.0,1,88
13,0.0,1,88
14,0.0,1,88
15,0.0,1,88
16,0.0,1,88
17,0.0,1,88
18,0.0,1,88
19,0.0,1,88
20,0.0,1,88
21,0.0,1,88
22,0.0,1,88
23,0.0,1,88
24,0.0,1,88
25,0.0,1,88
26,0.0,1,88
27,0.0,1,88
28,0.0,1,88
29,0.0,1,88
30,0.0,1,88
31,0.0,1,88
32,0.0,1,88
33,0.0,1,88
34,0.0,1,88
35,0.0,1,88
36,0.0,1,88
37,0.0,1,88
38,0.0,1,88
39,0.0,1,88
40,0.0,1,88
41,0.0,1,88
42,0.0,1,88
43,0.0,1,88
44,0.0,1,88
45,0.0,1,88
46,0.0,1,88
47,0.0,1,88
48,0.0,1,88
49,0.0,1,88
50,0.0,1,88
51,0.0,1,88
52,0.0,1,88
53,0.0,1,88
54,0.0,1,88
55,0.0,1,88
56,0.0,1,88
57,0.0,1,88
58,0.0,1,88
59,0.0,1,88
60,0.0,1,88
61,0.0,1,88
62,0.0,1,88
63,0.0,1,88
64,0.0,1,88
65,0.0,1,88
66,0.0,1,88
67,0.0,1,88
68,0.0,1,88
69,0.0,1,88
70,0.0,1,88
71,0.0,1,88
72,0.0,1,88
73,0.0,1,88
74,0.0,1,88
75,0.0,1,88
76,0.0,1,88
77,0.0,1,88
78,0.0,1,88
79,0.0,1,88
80,0.0,1,88
81,0.0,1,88
82,0.0,1,88
83,0.0,1,88
84,0.0,1,88
85,0.0,1,88
86,0.0,1,88
87,0.0,1,88
88,0.0,1,88
89,0.0,1,88
90,0.0,1,88
91,0.0,1,88
92,0.0,1,88
93,0.0,1,88
94,0.0,1,88
95,0.0,1,88
96,0.0,1,88
97,0.0,1,88
98,0.0,1,88
99,0.0,1,88
100,0.0,1,88
101,0.0,1,88
102,0.0,1,88
103,0.0,1,88
104,0.0,1,88
105,0.0,1,88
106,0.0,1,88
107,0.0,1,88
108,0.0,1,88
109,0.0,1,88
110,0.0,1,88
111,0.0,1,88
112,0.0,1,88
113,0.0,1,88
114,0.0,1,88
115,0.0,1,88
116,0.0,1,88
117,0.0,1,88
118,0.0,1,88
119,0.0,1,88
120,0.0,1,88
121,0.0,1,88
122,0.0,1,88
123,0.0,1,88
124,0.0,1,88
125,0.0,1,88
126,0.0,1,88
127,0.0,1,88
128,0.0,1,88
129,0.0,1,88
130,0.0,1,88
131,0.0,1,88
132,0.0,1,88
133,0.0,1,88
134,0.0,1,88
135,0.0,1,88
136,0.0,1,88
137,0.0,1,88
138,0.0,1,88
139,0.0,1,88
140,0.0,1,88
141,0.0,1,88
142,0.0,1,88
143,0.0,1,88
144,0.0,1,88
145,0.0,1,88
146,0.0,1,88
147,0.0,1,88
148,0.0,1,88
149,0.0,1,88
150,0.0,1,88
151,0.0,1,88
152,0.0,1,88
153,0.0,1,88
154,0.0,1,88
155,0.0,1,88
156,0.0,1,88
157,0.0,1,88
158,0.0,1,88
159,0.0,1,88
160,0.0,1,88
161,0.0,1,88
162,0.0,1,88
163,0.0,1,88
164,0.0,1,88
165,0.0,1,88
166,0.0,1,88
167,0.0,1,88
168,0.0,1,88
169,0.0,1,88
170,0.0,1,88
171,0.0,1,88
172,0.0,1,88
173,0.0,1,88
174,0.0,1,88
175,0.0,1,88
176,0.0,1,88
177,0.0,1,88
178,0.0,1,88
179,0.0,1,88
180,0.0,1,88
181,0.0,1,88
182,0.0,1,88
183,0.0,1,88
184,0.0,1,88
185,0.0,1,88
186,0.0,1,88
187,0.0,1,88
188,0.0,1,88
189,0.0,1,88
190,0.0,1,88
191,0.0,1,88
192,0.0,1,88
193,0.0,1,88
194,0.0,1,88
195,0.0,1,88
196,0.0,1,88
197,0.0,1,88
198,0.0,1,88
199,0.0,1,88
200,0.0,1,88
1,4.76837158203125e-07,1,89
2,4.76837158203125e-07,1,89
3,4.76837158203125e-07,1,89
4,4.76837158203125e-07,1,89
5,4.76837158203125e-07,1,89
6,4.76837158203125e-07,1,89
7,4.76837158203125e-07,1,89
8,4.76837158203125e-07,1,89
9,4.76837158203125e-07,1,89
10,4.76837158203125e-07,1,89
11,4.76837158203125e-07,1,89
12,4.76837158203125e-07,1,89
13,4.76837158203125e-07,1,89
14,4.76837158203125e-07,1,89
15,4.76837158203125e-07,1,89
16,4.76837158203125e-07,1,89
17,4.76837158203125e-07,1,89
18,4.76837158203125e-07,1,89
19,4.76837158203125e-07,1,89
20,4.76837158203125e-07,1,89
21,4.76837158203125e-07,1,89
22,4.76837158203125e-07,1,89
23,4.76837158203125e-07,1,89
24,4.76837158203125e-07,1,89
25,4.76837158203125e-07,1,89
26,4.76837158203125e-07,1,89
27,4.76837158203125e-07,1,89
28,4.76837158203125e-07,1,89
29,4.76837158203125e-07,1,89
30,4.76837158203125e-07,1,89
31,4.76837158203125e-07,1,89
32,4.76837158203125e-07,1,89
33,4.76837158203125e-07,1,89
34,4.76837158203125e-07,1,89
35,4.76837158203125e-07,1,89
36,4.76837158203125e-07,1,89
37,4.76837158203125e-07,1,89
38,4.76837158203125e-07,1,89
39,4.76837158203125e-07,1,89
40,4.76837158203125e-07,1,89
41,4.76837158203125e-07,1,89
42,4.76837158203125e-07,1,89
43,4.76837158203125e-07,1,89
44,4.76837158203125e-07,1,89
45,4.76837158203125e-07,1,89
46,4.76837158203125e-07,1,89
47,4.76837158203125e-07,1,89
48,4.76837158203125e-07,1,89
49,4.76837158203125e-07,1,89
50,4.76837158203125e-07,1,89
51,4.76837158203125e-07,1,89
52,4.76837158203125e-07,1,89
53,4.76837158203125e-07,1,89
54,4.76837158203125e-07,1,89
55,4.76837158203125e-07,1,89
56,4.76837158203125e-07,1,89
57,4.76837158203125e-07,1,89
58,4.76837158203125e-07,1,89
59,4.76837158203125e-07,1,89
60,4.76837158203125e-07,1,89
61,4.76837158203125e-07,1,89
62,4.76837158203125e-07,1,89
63,4.76837158203125e-07,1,89
64,4.76837158203125e-07,1,89
65,4.76837158203125e-07,1,89
66,4.76837158203125e-07,1,89
67,4.76837158203125e-07,1,89
68,4.76837158203125e-07,1,89
69,4.76837158203125e-07,1,89
70,4.76837158203125e-07,1,89
71,4.76837158203125e-07,1,89
72,4.76837158203125e-07,1,89
73,4.76837158203125e-07,1,89
74,4.76837158203125e-07,1,89
75,4.76837158203125e-07,1,89
76,4.76837158203125e-07,1,89
77,4.76837158203125e-07,1,89
78,4.76837158203125e-07,1,89
79,4.76837158203125e-07,1,89
80,4.76837158203125e-07,1,89
81,4.76837158203125e-07,1,89
82,4.76837158203125e-07,1,89
83,4.76837158203125e-07,1,89
84,4.76837158203125e-07,1,89
85,4.76837158203125e-07,1,89
86,4.76837158203125e-07,1,89
87,4.76837158203125e-07,1,89
88,4.76837158203125e-07,1,89
89,4.76837158203125e-07,1,89
90,4.76837158203125e-07,1,89
91,4.76837158203125e-07,1,89
92,4.76837158203125e-07,1,89
93,4.76837158203125e-07,1,89
94,4.76837158203125e-07,1,89
95,4.76837158203125e-07,1,89
96,4.76837158203125e-07,1,89
97,4.76837158203125e-07,1,89
98,4.76837158203125e-07,1,89
99,4.76837158203125e-07,1,89
100,4.76837158203125e-07,1,89
101,4.76837158203125e-07,1,89
102,4.76837158203125e-07,1,89
103,4.76837158203125e-07,1,89
104,4.76837158203125e-07,1,89
105,4.76837158203125e-07,1,89
106,4.76837158203125e-07,1,89
107,4.76837158203125e-07,1,89
108,4.76837158203125e-07,1,89
109,4.76837158203125e-07,1,89
110,4.76837158203125e-07,1,89
111,4.76837158203125e-07,1,89
112,4.76837158203125e-07,1,89
113,4.76837158203125e-07,1,89
114,4.76837158203125e-07,1,89
115,4.76837158203125e-07,1,89
116,4.76837158203125e-07,1,89
117,4.76837158203125e-07,1,89
118,4.76837158203125e-07,1,89
119,4.76837158203125e-07,1,89
120,4.76837158203125e-07,1,89
121,4.76837158203125e-07,1,89
122,4.76837158203125e-07,1,89
123,4.76837158203125e-07,1,89
124,4.76837158203125e-07,1,89
125,4.76837158203125e-07,1,89
126,4.76837158203125e-07,1,89
127,4.76837158203125e-07,1,89
128,4.76837158203125e-07,1,89
129,4.76837158203125e-07,1,89
130,4.76837158203125e-07,1,89
131,4.76837158203125e-07,1,89
132,4.76837158203125e-07,1,89
133,4.76837158203125e-07,1,89
134,4.76837158203125e-07,1,89
135,4.76837158203125e-07,1,89
136,4.76837158203125e-07,1,89
137,4.76837158203125e-07,1,89
138,4.76837158203125e-07,1,89
139,4.76837158203125e-07,1,89
140,4.76837158203125e-07,1,89
141,4.76837158203125e-07,1,89
142,4.76837158203125e-07,1,89
143,4.76837158203125e-07,1,89
144,4.76837158203125e-07,1,89
145,4.76837158203125e-07,1,89
146,4.76837158203125e-07,1,89
147,4.76837158203125e-07,1,89
148,4.76837158203125e-07,1,89
149,4.76837158203125e-07,1,89
150,4.76837158203125e-07,1,89
151,4.76837158203125e-07,1,89
152,4.76837158203125e-07,1,89
153,4.76837158203125e-07,1,89
154,4.76837158203125e-07,1,89
155,4.76837158203125e-07,1,89
156,4.76837158203125e-07,1,89
157,4.76837158203125e-07,1,89
158,4.76837158203125e-07,1,89
159,4.76837158203125e-07,1,89
160,4.76837158203125e-07,1,89
161,4.76837158203125e-07,1,89
162,4.76837158203125e-07,1,89
163,4.76837158203125e-07,1,89
164,4.76837158203125e-07,1,89
165,4.76837158203125e-07,1,89
166,4.76837158203125e-07,1,89
167,4.76837158203125e-07,1,89
168,4.76837158203125e-07,1,89
169,4.76837158203125e-07,1,89
170,4.76837158203125e-07,1,89
171,4.76837158203125e-07,1,89
172,4.76837158203125e-07,1,89
173,4.76837158203125e-07,1,89
174,4.76837158203125e-07,1,89
175,4.76837158203125e-07,1,89
176,4.76837158203125e-07,1,89
177,4.76837158203125e-07,1,89
178,4.76837158203125e-07,1,89
179,4.76837158203125e-07,1,89
180,4.76837158203125e-07,1,89
181,4.76837158203125e-07,1,89
182,4.76837158203125e-07,1,89
183,4.76837158203125e-07,1,89
184,4.76837158203125e-07,1,89
185,4.76837158203125e-07,1,89
186,4.76837158203125e-07,1,89
187,4.76837158203125e-07,1,89
188,4.76837158203125e-07,1,89
189,4.76837158203125e-07,1,89
190,4.76837158203125e-07,1,89
191,4.76837158203125e-07,1,89
192,4.76837158203125e-07,1,89
193,4.76837158203125e-07,1,89
194,4.76837158203125e-07,1,89
195,4.76837158203125e-07,1,89
196,4.76837158203125e-07,1,89
197,4.76837158203125e-07,1,89
198,4.76837158203125e-07,1,89
199,4.76837158203125e-07,1,89
200,4.76837158203125e-07,1,89
1,2.1457672119140625e-06,1,90
2,2.1457672119140625e-06,1,90
3,2.1457672119140625e-06,1,90
4,2.1457672119140625e-06,1,90
5,2.1457672119140625e-06,1,90
6,2.1457672119140625e-06,1,90
7,2.1457672119140625e-06,1,90
8,2.1457672119140625e-06,1,90
9,2.1457672119140625e-06,1,90
10,2.1457672119140625e-06,1,90
11,2.1457672119140625e-06,1,90
12,2.1457672119140625e-06,1,90
13,2.1457672119140625e-06,1,90
14,2.1457672119140625e-06,1,90
15,2.1457672119140625e-06,1,90
16,2.1457672119140625e-06,1,90
17,2.1457672119140625e-06,1,90
18,2.1457672119140625e-06,1,90
19,2.1457672119140625e-06,1,90
20,2.1457672119140625e-06,1,90
21,2.1457672119140625e-06,1,90
22,2.1457672119140625e-06,1,90
23,2.1457672119140625e-06,1,90
24,2.1457672119140625e-06,1,90
25,2.1457672119140625e-06,1,90
26,2.1457672119140625e-06,1,90
27,2.1457672119140625e-06,1,90
28,2.1457672119140625e-06,1,90
29,2.1457672119140625e-06,1,90
30,2.1457672119140625e-06,1,90
31,2.1457672119140625e-06,1,90
32,2.1457672119140625e-06,1,90
33,2.1457672119140625e-06,1,90
34,2.1457672119140625e-06,1,90
35,2.1457672119140625e-06,1,90
36,2.1457672119140625e-06,1,90
37,2.1457672119140625e-06,1,90
38,2.1457672119140625e-06,1,90
39,2.1457672119140625e-06,1,90
40,2.1457672119140625e-06,1,90
41,2.1457672119140625e-06,1,90
42,2.1457672119140625e-06,1,90
43,2.1457672119140625e-06,1,90
44,2.1457672119140625e-06,1,90
45,2.1457672119140625e-06,1,90
46,2.1457672119140625e-06,1,90
47,2.1457672119140625e-06,1,90
48,2.1457672119140625e-06,1,90
49,2.1457672119140625e-06,1,90
50,2.1457672119140625e-06,1,90
51,2.1457672119140625e-06,1,90
52,2.1457672119140625e-06,1,90
53,2.1457672119140625e-06,1,90
54,2.1457672119140625e-06,1,90
55,2.1457672119140625e-06,1,90
56,2.1457672119140625e-06,1,90
57,2.1457672119140625e-06,1,90
58,2.1457672119140625e-06,1,90
59,2.1457672119140625e-06,1,90
60,2.1457672119140625e-06,1,90
61,2.1457672119140625e-06,1,90
62,2.1457672119140625e-06,1,90
63,2.1457672119140625e-06,1,90
64,2.1457672119140625e-06,1,90
65,2.1457672119140625e-06,1,90
66,2.1457672119140625e-06,1,90
67,2.1457672119140625e-06,1,90
68,2.1457672119140625e-06,1,90
69,2.1457672119140625e-06,1,90
70,2.1457672119140625e-06,1,90
71,2.1457672119140625e-06,1,90
72,2.1457672119140625e-06,1,90
73,2.1457672119140625e-06,1,90
74,2.1457672119140625e-06,1,90
75,2.1457672119140625e-06,1,90
76,2.1457672119140625e-06,1,90
77,2.1457672119140625e-06,1,90
78,2.1457672119140625e-06,1,90
79,2.1457672119140625e-06,1,90
80,2.1457672119140625e-06,1,90
81,2.1457672119140625e-06,1,90
82,2.1457672119140625e-06,1,90
83,2.1457672119140625e-06,1,90
84,2.1457672119140625e-06,1,90
85,2.1457672119140625e-06,1,90
86,2.1457672119140625e-06,1,90
87,2.1457672119140625e-06,1,90
88,2.1457672119140625e-06,1,90
89,2.1457672119140625e-06,1,90
90,2.1457672119140625e-06,1,90
91,2.1457672119140625e-06,1,90
92,2.1457672119140625e-06,1,90
93,2.1457672119140625e-06,1,90
94,2.1457672119140625e-06,1,90
95,2.1457672119140625e-06,1,90
96,2.1457672119140625e-06,1,90
97,2.1457672119140625e-06,1,90
98,2.1457672119140625e-06,1,90
99,2.1457672119140625e-06,1,90
100,2.1457672119140625e-06,1,90
101,2.1457672119140625e-06,1,90
102,2.1457672119140625e-06,1,90
103,2.1457672119140625e-06,1,90
104,2.1457672119140625e-06,1,90
105,2.1457672119140625e-06,1,90
106,2.1457672119140625e-06,1,90
107,2.1457672119140625e-06,1,90
108,2.1457672119140625e-06,1,90
109,2.1457672119140625e-06,1,90
110,2.1457672119140625e-06,1,90
111,2.1457672119140625e-06,1,90
112,2.1457672119140625e-06,1,90
113,2.1457672119140625e-06,1,90
114,2.1457672119140625e-06,1,90
115,2.1457672119140625e-06,1,90
116,2.1457672119140625e-06,1,90
117,2.1457672119140625e-06,1,90
118,2.1457672119140625e-06,1,90
119,2.1457672119140625e-06,1,90
120,2.1457672119140625e-06,1,90
121,2.1457672119140625e-06,1,90
122,2.1457672119140625e-06,1,90
123,2.1457672119140625e-06,1,90
124,2.1457672119140625e-06,1,90
125,2.1457672119140625e-06,1,90
126,2.1457672119140625e-06,1,90
127,2.1457672119140625e-06,1,90
128,2.1457672119140625e-06,1,90
129,2.1457672119140625e-06,1,90
130,2.1457672119140625e-06,1,90
131,2.1457672119140625e-06,1,90
132,2.1457672119140625e-06,1,90
133,2.1457672119140625e-06,1,90
134,2.1457672119140625e-06,1,90
135,2.1457672119140625e-06,1,90
136,2.1457672119140625e-06,1,90
137,2.1457672119140625e-06,1,90
138,2.1457672119140625e-06,1,90
139,2.1457672119140625e-06,1,90
140,2.1457672119140625e-06,1,90
141,2.1457672119140625e-06,1,90
142,2.1457672119140625e-06,1,90
143,2.1457672119140625e-06,1,90
144,2.1457672119140625e-06,1,90
145,2.1457672119140625e-06,1,90
146,2.1457672119140625e-06,1,90
147,2.1457672119140625e-06,1,90
148,2.1457672119140625e-06,1,90
149,2.1457672119140625e-06,1,90
150,2.1457672119140625e-06,1,90
151,2.1457672119140625e-06,1,90
152,2.1457672119140625e-06,1,90
153,2.1457672119140625e-06,1,90
154,2.1457672119140625e-06,1,90
155,2.1457672119140625e-06,1,90
156,2.1457672119140625e-06,1,90
157,2.1457672119140625e-06,1,90
158,2.1457672119140625e-06,1,90
159,2.1457672119140625e-06,1,90
160,2.1457672119140625e-06,1,90
161,2.1457672119140625e-06,1,90
162,2.1457672119140625e-06,1,90
163,2.1457672119140625e-06,1,90
164,2.1457672119140625e-06,1,90
165,2.1457672119140625e-06,1,90
166,2.1457672119140625e-06,1,90
167,2.1457672119140625e-06,1,90
168,2.1457672119140625e-06,1,90
169,2.1457672119140625e-06,1,90
170,2.1457672119140625e-06,1,90
171,2.1457672119140625e-06,1,90
172,2.1457672119140625e-06,1,90
173,2.1457672119140625e-06,1,90
174,2.1457672119140625e-06,1,90
175,2.1457672119140625e-06,1,90
176,2.1457672119140625e-06,1,90
177,2.1457672119140625e-06,1,90
178,2.1457672119140625e-06,1,90
179,2.1457672119140625e-06,1,90
180,2.1457672119140625e-06,1,90
181,2.1457672119140625e-06,1,90
182,2.1457672119140625e-06,1,90
183,2.1457672119140625e-06,1,90
184,2.1457672119140625e-06,1,90
185,2.1457672119140625e-06,1,90
186,2.1457672119140625e-06,1,90
187,2.1457672119140625e-06,1,90
188,2.1457672119140625e-06,1,90
189,2.1457672119140625e-06,1,90
190,2.1457672119140625e-06,1,90
191,2.1457672119140625e-06,1,90
192,2.1457672119140625e-06,1,90
193,2.1457672119140625e-06,1,90
194,2.1457672119140625e-06,1,90
195,2.1457672119140625e-06,1,90
196,2.1457672119140625e-06,1,90
197,2.1457672119140625e-06,1,90
198,2.1457672119140625e-06,1,90
199,2.1457672119140625e-06,1,90
200,2.1457672119140625e-06,1,90
1,2.384185791015625e-07,1,91
2,2.384185791015625e-07,1,91
3,2.384185791015625e-07,1,91
4,2.384185791015625e-07,1,91
5,2.384185791015625e-07,1,91
6,2.384185791015625e-07,1,91
7,2.384185791015625e-07,1,91
8,2.384185791015625e-07,1,91
9,2.384185791015625e-07,1,91
10,2.384185791015625e-07,1,91
11,2.384185791015625e-07,1,91
12,2.384185791015625e-07,1,91
13,2.384185791015625e-07,1,91
14,2.384185791015625e-07,1,91
15,2.384185791015625e-07,1,91
16,2.384185791015625e-07,1,91
17,2.384185791015625e-07,1,91
18,2.384185791015625e-07,1,91
19,2.384185791015625e-07,1,91
20,2.384185791015625e-07,1,91
21,2.384185791015625e-07,1,91
22,2.384185791015625e-07,1,91
23,2.384185791015625e-07,1,91
24,2.384185791015625e-07,1,91
25,2.384185791015625e-07,1,91
26,2.384185791015625e-07,1,91
27,2.384185791015625e-07,1,91
28,2.384185791015625e-07,1,91
29,2.384185791015625e-07,1,91
30,2.384185791015625e-07,1,91
31,2.384185791015625e-07,1,91
32,2.384185791015625e-07,1,91
33,2.384185791015625e-07,1,91
34,2.384185791015625e-07,1,91
35,2.384185791015625e-07,1,91
36,2.384185791015625e-07,1,91
37,2.384185791015625e-07,1,91
38,2.384185791015625e-07,1,91
39,2.384185791015625e-07,1,91
40,2.384185791015625e-07,1,91
41,2.384185791015625e-07,1,91
42,2.384185791015625e-07,1,91
43,2.384185791015625e-07,1,91
44,2.384185791015625e-07,1,91
45,2.384185791015625e-07,1,91
46,2.384185791015625e-07,1,91
47,2.384185791015625e-07,1,91
48,2.384185791015625e-07,1,91
49,2.384185791015625e-07,1,91
50,2.384185791015625e-07,1,91
51,2.384185791015625e-07,1,91
52,2.384185791015625e-07,1,91
53,2.384185791015625e-07,1,91
54,2.384185791015625e-07,1,91
55,2.384185791015625e-07,1,91
56,2.384185791015625e-07,1,91
57,2.384185791015625e-07,1,91
58,2.384185791015625e-07,1,91
59,2.384185791015625e-07,1,91
60,2.384185791015625e-07,1,91
61,2.384185791015625e-07,1,91
62,2.384185791015625e-07,1,91
63,2.384185791015625e-07,1,91
64,2.384185791015625e-07,1,91
65,2.384185791015625e-07,1,91
66,2.384185791015625e-07,1,91
67,2.384185791015625e-07,1,91
68,2.384185791015625e-07,1,91
69,2.384185791015625e-07,1,91
70,2.384185791015625e-07,1,91
71,2.384185791015625e-07,1,91
72,2.384185791015625e-07,1,91
73,2.384185791015625e-07,1,91
74,2.384185791015625e-07,1,91
75,2.384185791015625e-07,1,91
76,2.384185791015625e-07,1,91
77,2.384185791015625e-07,1,91
78,2.384185791015625e-07,1,91
79,2.384185791015625e-07,1,91
80,2.384185791015625e-07,1,91
81,2.384185791015625e-07,1,91
82,2.384185791015625e-07,1,91
83,2.384185791015625e-07,1,91
84,2.384185791015625e-07,1,91
85,2.384185791015625e-07,1,91
86,2.384185791015625e-07,1,91
87,2.384185791015625e-07,1,91
88,2.384185791015625e-07,1,91
89,2.384185791015625e-07,1,91
90,2.384185791015625e-07,1,91
91,2.384185791015625e-07,1,91
92,2.384185791015625e-07,1,91
93,2.384185791015625e-07,1,91
94,2.384185791015625e-07,1,91
95,2.384185791015625e-07,1,91
96,2.384185791015625e-07,1,91
97,2.384185791015625e-07,1,91
98,2.384185791015625e-07,1,91
99,2.384185791015625e-07,1,91
100,2.384185791015625e-07,1,91
101,2.384185791015625e-07,1,91
102,2.384185791015625e-07,1,91
103,2.384185791015625e-07,1,91
104,2.384185791015625e-07,1,91
105,2.384185791015625e-07,1,91
106,2.384185791015625e-07,1,91
107,2.384185791015625e-07,1,91
108,2.384185791015625e-07,1,91
109,2.384185791015625e-07,1,91
110,2.384185791015625e-07,1,91
111,2.384185791015625e-07,1,91
112,2.384185791015625e-07,1,91
113,2.384185791015625e-07,1,91
114,2.384185791015625e-07,1,91
115,2.384185791015625e-07,1,91
116,2.384185791015625e-07,1,91
117,2.384185791015625e-07,1,91
118,2.384185791015625e-07,1,91
119,2.384185791015625e-07,1,91
120,2.384185791015625e-07,1,91
121,2.384185791015625e-07,1,91
122,2.384185791015625e-07,1,91
123,2.384185791015625e-07,1,91
124,2.384185791015625e-07,1,91
125,2.384185791015625e-07,1,91
126,2.384185791015625e-07,1,91
127,2.384185791015625e-07,1,91
128,2.384185791015625e-07,1,91
129,2.384185791015625e-07,1,91
130,2.384185791015625e-07,1,91
131,2.384185791015625e-07,1,91
132,2.384185791015625e-07,1,91
133,2.384185791015625e-07,1,91
134,2.384185791015625e-07,1,91
135,2.384185791015625e-07,1,91
136,2.384185791015625e-07,1,91
137,2.384185791015625e-07,1,91
138,2.384185791015625e-07,1,91
139,2.384185791015625e-07,1,91
140,2.384185791015625e-07,1,91
141,2.384185791015625e-07,1,91
142,2.384185791015625e-07,1,91
143,2.384185791015625e-07,1,91
144,2.384185791015625e-07,1,91
145,2.384185791015625e-07,1,91
146,2.384185791015625e-07,1,91
147,2.384185791015625e-07,1,91
148,2.384185791015625e-07,1,91
149,2.384185791015625e-07,1,91
150,2.384185791015625e-07,1,91
151,2.384185791015625e-07,1,91
152,2.384185791015625e-07,1,91
153,2.384185791015625e-07,1,91
154,2.384185791015625e-07,1,91
155,2.384185791015625e-07,1,91
156,2.384185791015625e-07,1,91
157,2.384185791015625e-07,1,91
158,2.384185791015625e-07,1,91
159,2.384185791015625e-07,1,91
160,2.384185791015625e-07,1,91
161,2.384185791015625e-07,1,91
162,2.384185791015625e-07,1,91
163,2.384185791015625e-07,1,91
164,2.384185791015625e-07,1,91
165,2.384185791015625e-07,1,91
166,2.384185791015625e-07,1,91
167,2.384185791015625e-07,1,91
168,2.384185791015625e-07,1,91
169,2.384185791015625e-07,1,91
170,2.384185791015625e-07,1,91
171,2.384185791015625e-07,1,91
172,2.384185791015625e-07,1,91
173,2.384185791015625e-07,1,91
174,2.384185791015625e-07,1,91
175,2.384185791015625e-07,1,91
176,2.384185791015625e-07,1,91
177,2.384185791015625e-07,1,91
178,2.384185791015625e-07,1,91
179,2.384185791015625e-07,1,91
180,2.384185791015625e-07,1,91
181,2.384185791015625e-07,1,91
182,2.384185791015625e-07,1,91
183,2.384185791015625e-07,1,91
184,2.384185791015625e-07,1,91
185,2.384185791015625e-07,1,91
186,2.384185791015625e-07,1,91
187,2.384185791015625e-07,1,91
188,2.384185791015625e-07,1,91
189,2.384185791015625e-07,1,91
190,2.384185791015625e-07,1,91
191,2.384185791015625e-07,1,91
192,2.384185791015625e-07,1,91
193,2.384185791015625e-07,1,91
194,2.384185791015625e-07,1,91
195,2.384185791015625e-07,1,91
196,2.384185791015625e-07,1,91
197,2.384185791015625e-07,1,91
198,2.384185791015625e-07,1,91
199,2.384185791015625e-07,1,91
200,2.384185791015625e-07,1,91
1,0.9999875280163906,1,92
2,0.9999875280163906,1,92
3,0.9999875280163906,1,92
4,0.9999876294150454,1,92
5,0.9999876294150454,1,92
6,0.9999876300989854,1,92
7,0.9999876300989854,1,92
8,0.9999876334959481,1,92
9,0.999987630087162,1,92
10,0.999987630087162,1,92
11,0.9999876302163102,1,92
12,0.9999876302163102,1,92
13,0.9999876302163102,1,92
14,0.9999876302163102,1,92
15,0.9999876302163102,1,92
16,0.9999876302645134,1,92
17,0.9999876302645134,1,92
18,0.9999876302163102,1,92
19,0.9999876302163102,1,92
20,0.9999876301926633,1,92
21,0.9999876301926633,1,92
22,0.9999876301926633,1,92
23,0.9999876301926633,1,92
24,0.9999876301926633,1,92
25,0.9999876301926633,1,92
26,0.9999876301926633,1,92
27,0.9999876301926633,1,92
28,0.9999876301926633,1,92
29,0.9999876302044868,1,92
30,0.9999876302044868,1,92
31,0.9999876302163102,1,92
32,0.9999876302163102,1,92
33,0.9999876302163102,1,92
34,0.9999876302163102,1,92
35,0.9999876302163102,1,92
36,0.9999876302163102,1,92
37,0.9999876302163102,1,92
38,0.9999876302163102,1,92
39,0.9999876302163102,1,92
40,0.9999876302163102,1,92
41,0.9999876302163102,1,92
42,0.9999876302163102,1,92
43,0.9999876302163102,1,92
44,0.9999876302163102,1,92
45,0.9999876302163102,1,92
46,0.9999876302163102,1,92
47,0.9999876302163102,1,92
48,0.9999876302163102,1,92
49,0.9999876302163102,1,92
50,0.9999876302163102,1,92
51,0.9999876302163102,1,92
52,0.9999876302163102,1,92
53,0.9999876302163102,1,92
54,0.9999876302163102,1,92
55,0.9999876302163102,1,92
56,0.9999876302163102,1,92
57,0.9999876302163102,1,92
58,0.9999876302163102,1,92
59,0.9999876302163102,1,92
60,0.9999876302163102,1,92
61,0.9999876302163102,1,92
62,0.9999876302163102,1,92
63,0.9999876302163102,1,92
64,0.9999876302163102,1,92
65,0.9999876302163102,1,92
66,0.9999876302163102,1,92
67,0.9999876302163102,1,92
68,0.9999876302163102,1,92
69,0.9999876302163102,1,92
70,0.9999876302163102,1,92
71,0.9999876302163102,1,92
72,0.9999876302163102,1,92
73,0.9999876302163102,1,92
74,0.9999876302163102,1,92
75,0.9999876302163102,1,92
76,0.9999876302163102,1,92
77,0.9999876302163102,1,92
78,0.9999876302163102,1,92
79,0.9999876302163102,1,92
80,0.9999876302163102,1,92
81,0.9999876302163102,1,92
82,0.9999876302163102,1,92
83,0.9999876302163102,1,92
84,0.9999876302163102,1,92
85,0.9999876302163102,1,92
86,0.9999876302163102,1,92
87,0.9999876302163102,1,92
88,0.9999876302163102,1,92
89,0.9999876302163102,1,92
90,0.9999876302163102,1,92
91,0.9999876302163102,1,92
92,0.9999876302163102,1,92
93,0.9999876302163102,1,92
94,0.9999876302163102,1,92
95,0.9999876302163102,1,92
96,0.9999876302163102,1,92
97,0.9999876302163102,1,92
98,0.9999876302163102,1,92
99,0.9999876302163102,1,92
100,0.9999876302163102,1,92
101,0.9999876302163102,1,92
102,0.9999876302163102,1,92
103,0.9999876302163102,1,92
104,0.9999876302163102,1,92
105,0.9999876302163102,1,92
106,0.9999876302163102,1,92
107,0.9999876302163102,1,92
108,0.9999876302163102,1,92
109,0.9999876302163102,1,92
110,0.9999876302163102,1,92
111,0.9999876302163102,1,92
112,0.9999876302163102,1,92
113,0.9999876302163102,1,92
114,0.9999876302163102,1,92
115,0.9999876302163102,1,92
116,0.9999876302163102,1,92
117,0.9999876302163102,1,92
118,0.9999876302163102,1,92
119,0.9999876302163102,1,92
120,0.9999876302163102,1,92
121,0.9999876302163102,1,92
122,0.9999876302163102,1,92
123,0.9999876302163102,1,92
124,0.9999876302163102,1,92
125,0.9999876302163102,1,92
126,0.9999876302163102,1,92
127,0.9999876302163102,1,92
128,0.9999876302163102,1,92
129,0.9999876302163102,1,92
130,0.9999876302163102,1,92
131,0.9999876302163102,1,92
132,0.9999876302163102,1,92
133,0.9999876302163102,1,92
134,0.9999876302163102,1,92
135,0.9999876302163102,1,92
136,0.9999876302163102,1,92
137,0.9999876302163102,1,92
138,0.9999876302163102,1,92
139,0.9999876302163102,1,92
140,0.9999876302163102,1,92
141,0.9999876302163102,1,92
142,0.9999876302163102,1,92
143,0.9999876302163102,1,92
144,0.9999876302163102,1,92
145,0.9999876302163102,1,92
146,0.9999876302163102,1,92
147,0.9999876302163102,1,92
148,0.9999876302163102,1,92
149,0.9999876302163102,1,92
150,0.9999876302163102,1,92
151,0.9999876302163102,1,92
152,0.9999876302163102,1,92
153,0.9999876302163102,1,92
154,0.9999876302163102,1,92
155,0.9999876302163102,1,92
156,0.9999876302163102,1,92
157,0.9999876302163102,1,92
158,0.9999876302163102,1,92
159,0.9999876302163102,1,92
160,0.9999876302163102,1,92
161,0.9999876302163102,1,92
162,0.9999876302163102,1,92
163,0.9999876302163102,1,92
164,0.9999876302163102,1,92
165,0.9999876302163102,1,92
166,0.9999876302163102,1,92
167,0.9999876302163102,1,92
168,0.9999876302163102,1,92
169,0.9999876302163102,1,92
170,0.9999876302163102,1,92
171,0.9999876302163102,1,92
172,0.9999876302163102,1,92
173,0.9999876302163102,1,92
174,0.9999876302163102,1,92
175,0.9999876302163102,1,92
176,0.9999876302163102,1,92
177,0.9999876302163102,1,92
178,0.9999876302163102,1,92
179,0.9999876302163102,1,92
180,0.9999876302163102,1,92
181,0.9999876302163102,1,92
182,0.9999876302163102,1,92
183,0.9999876302163102,1,92
184,0.9999876302163102,1,92
185,0.9999876302163102,1,92
186,0.9999876302163102,1,92
187,0.9999876302163102,1,92
188,0.9999876302163102,1,92
189,0.9999876302163102,1,92
190,0.9999876302163102,1,92
191,0.9999876302163102,1,92
192,0.9999876302163102,1,92
193,0.9999876302163102,1,92
194,0.9999876302163102,1,92
195,0.9999876302163102,1,92
196,0.9999876302163102,1,92
197,0.9999876302163102,1,92
198,0.9999876302163102,1,92
199,0.9999876302163102,1,92
200,0.9999876302163102,1,92
1,0.0,1,93
2,0.0,1,93
3,0.0,1,93
4,0.0,1,93
5,0.0,1,93
6,0.0,1,93
7,0.0,1,93
8,0.0,1,93
9,0.0,1,93
10,0.0,1,93
11,0.0,1,93
12,0.0,1,93
13,0.0,1,93
14,0.0,1,93
15,0.0,1,93
16,0.0,1,93
17,0.0,1,93
18,0.0,1,93
19,0.0,1,93
20,0.0,1,93
21,0.0,1,93
22,0.0,1,93
23,0.0,1,93
24,0.0,1,93
25,0.0,1,93
26,0.0,1,93
27,0.0,1,93
28,0.0,1,93
29,0.0,1,93
30,0.0,1,93
31,0.0,1,93
32,0.0,1,93
33,0.0,1,93
34,0.0,1,93
35,0.0,1,93
36,0.0,1,93
37,0.0,1,93
38,0.0,1,93
39,0.0,1,93
40,0.0,1,93
41,0.0,1,93
42,0.0,1,93
43,0.0,1,93
44,0.0,1,93
45,0.0,1,93
46,0.0,1,93
47,0.0,1,93
48,0.0,1,93
49,0.0,1,93
50,0.0,1,93
51,0.0,1,93
52,0.0,1,93
53,0.0,1,93
54,0.0,1,93
55,0.0,1,93
56,0.0,1,93
57,0.0,1,93
58,0.0,1,93
59,0.0,1,93
60,0.0,1,93
61,0.0,1,93
62,0.0,1,93
63,0.0,1,93
64,0.0,1,93
65,0.0,1,93
66,0.0,1,93
67,0.0,1,93
68,0.0,1,93
69,0.0,1,93
70,0.0,1,93
71,0.0,1,93
72,0.0,1,93
73,0.0,1,93
74,0.0,1,93
75,0.0,1,93
76,0.0,1,93
77,0.0,1,93
78,0.0,1,93
79,0.0,1,93
80,0.0,1,93
81,0.0,1,93
82,0.0,1,93
83,0.0,1,93
84,0.0,1,93
85,0.0,1,93
86,0.0,1,93
87,0.0,1,93
88,0.0,1,93
89,0.0,1,93
90,0.0,1,93
91,0.0,1,93
92,0.0,1,93
93,0.0,1,93
94,0.0,1,93
95,0.0,1,93
96,0.0,1,93
97,0.0,1,93
98,0.0,1,93
99,0.0,1,93
100,0.0,1,93
101,0.0,1,93
102,0.0,1,93
103,0.0,1,93
104,0.0,1,93
105,0.0,1,93
106,0.0,1,93
107,0.0,1,93
108,0.0,1,93
109,0.0,1,93
110,0.0,1,93
111,0.0,1,93
112,0.0,1,93
113,0.0,1,93
114,0.0,1,93
115,0.0,1,93
116,0.0,1,93
117,0.0,1,93
118,0.0,1,93
119,0.0,1,93
120,0.0,1,93
121,0.0,1,93
122,0.0,1,93
123,0.0,1,93
124,0.0,1,93
125,0.0,1,93
126,0.0,1,93
127,0.0,1,93
128,0.0,1,93
129,0.0,1,93
130,0.0,1,93
131,0.0,1,93
132,0.0,1,93
133,0.0,1,93
134,0.0,1,93
135,0.0,1,93
136,0.0,1,93
137,0.0,1,93
138,0.0,1,93
139,0.0,1,93
140,0.0,1,93
141,0.0,1,93
142,0.0,1,93
143,0.0,1,93
144,0.0,1,93
145,0.0,1,93
146,0.0,1,93
147,0.0,1,93
148,0.0,1,93
149,0.0,1,93
150,0.0,1,93
151,0.0,1,93
152,0.0,1,93
153,0.0,1,93
154,0.0,1,93
155,0.0,1,93
156,0.0,1,93
157,0.0,1,93
158,0.0,1,93
159,0.0,1,93
160,0.0,1,93
161,0.0,1,93
162,0.0,1,93
163,0.0,1,93
164,0.0,1,93
165,0.0,1,93
166,0.0,1,93
167,0.0,1,93
168,0.0,1,93
169,0.0,1,93
170,0.0,1,93
171,0.0,1,93
172,0.0,1,93
173,0.0,1,93
174,0.0,1,93
175,0.0,1,93
176,0.0,1,93
177,0.0,1,93
178,0.0,1,93
179,0.0,1,93
180,0.0,1,93
181,0.0,1,93
182,0.0,1,93
183,0.0,1,93
184,0.0,1,93
185,0.0,1,93
186,0.0,1,93
187,0.0,1,93
188,0.0,1,93
189,0.0,1,93
190,0.0,1,93
191,0.0,1,93
192,0.0,1,93
193,0.0,1,93
194,0.0,1,93
195,0.0,1,93
196,0.0,1,93
197,0.0,1,93
198,0.0,1,93
199,0.0,1,93
200,0.0,1,93
1,0.0,1,94
2,0.0,1,94
3,0.0,1,94
4,0.0,1,94
5,0.0,1,94
6,0.0,1,94
7,0.0,1,94
8,0.0,1,94
9,0.0,1,94
10,0.0,1,94
11,0.0,1,94
12,0.0,1,94
13,0.0,1,94
14,0.0,1,94
15,0.0,1,94
16,0.0,1,94
17,0.0,1,94
18,0.0,1,94
19,0.0,1,94
20,0.0,1,94
21,0.0,1,94
22,0.0,1,94
23,0.0,1,94
24,0.0,1,94
25,0.0,1,94
26,0.0,1,94
27,0.0,1,94
28,0.0,1,94
29,0.0,1,94
30,0.0,1,94
31,0.0,1,94
32,0.0,1,94
33,0.0,1,94
34,0.0,1,94
35,0.0,1,94
36,0.0,1,94
37,0.0,1,94
38,0.0,1,94
39,0.0,1,94
40,0.0,1,94
41,0.0,1,94
42,0.0,1,94
43,0.0,1,94
44,0.0,1,94
45,0.0,1,94
46,0.0,1,94
47,0.0,1,94
48,0.0,1,94
49,0.0,1,94
50,0.0,1,94
51,0.0,1,94
52,0.0,1,94
53,0.0,1,94
54,0.0,1,94
55,0.0,1,94
56,0.0,1,94
57,0.0,1,94
58,0.0,1,94
59,0.0,1,94
60,0.0,1,94
61,0.0,1,94
62,0.0,1,94
63,0.0,1,94
64,0.0,1,94
65,0.0,1,94
66,0.0,1,94
67,0.0,1,94
68,0.0,1,94
69,0.0,1,94
70,0.0,1,94
71,0.0,1,94
72,0.0,1,94
73,0.0,1,94
74,0.0,1,94
75,0.0,1,94
76,0.0,1,94
77,0.0,1,94
78,0.0,1,94
79,0.0,1,94
80,0.0,1,94
81,0.0,1,94
82,0.0,1,94
83,0.0,1,94
84,0.0,1,94
85,0.0,1,94
86,0.0,1,94
87,0.0,1,94
88,0.0,1,94
89,0.0,1,94
90,0.0,1,94
91,0.0,1,94
92,0.0,1,94
93,0.0,1,94
94,0.0,1,94
95,0.0,1,94
96,0.0,1,94
97,0.0,1,94
98,0.0,1,94
99,0.0,1,94
100,0.0,1,94
101,0.0,1,94
102,0.0,1,94
103,0.0,1,94
104,0.0,1,94
105,0.0,1,94
106,0.0,1,94
107,0.0,1,94
108,0.0,1,94
109,0.0,1,94
110,0.0,1,94
111,0.0,1,94
112,0.0,1,94
113,0.0,1,94
114,0.0,1,94
115,0.0,1,94
116,0.0,1,94
117,0.0,1,94
118,0.0,1,94
119,0.0,1,94
120,0.0,1,94
121,0.0,1,94
122,0.0,1,94
123,0.0,1,94
124,0.0,1,94
125,0.0,1,94
126,0.0,1,94
127,0.0,1,94
128,0.0,1,94
129,0.0,1,94
130,0.0,1,94
131,0.0,1,94
132,0.0,1,94
133,0.0,1,94
134,0.0,1,94
135,0.0,1,94
136,0.0,1,94
137,0.0,1,94
138,0.0,1,94
139,0.0,1,94
140,0.0,1,94
141,0.0,1,94
142,0.0,1,94
143,0.0,1,94
144,0.0,1,94
145,0.0,1,94
146,0.0,1,94
147,0.0,1,94
148,0.0,1,94
149,0.0,1,94
150,0.0,1,94
151,0.0,1,94
152,0.0,1,94
153,0.0,1,94
154,0.0,1,94
155,0.0,1,94
156,0.0,1,94
157,0.0,1,94
158,0.0,1,94
159,0.0,1,94
160,0.0,1,94
161,0.0,1,94
162,0.0,1,94
163,0.0,1,94
164,0.0,1,94
165,0.0,1,94
166,0.0,1,94
167,0.0,1,94
168,0.0,1,94
169,0.0,1,94
170,0.0,1,94
171,0.0,1,94
172,0.0,1,94
173,0.0,1,94
174,0.0,1,94
175,0.0,1,94
176,0.0,1,94
177,0.0,1,94
178,0.0,1,94
179,0.0,1,94
180,0.0,1,94
181,0.0,1,94
182,0.0,1,94
183,0.0,1,94
184,0.0,1,94
185,0.0,1,94
186,0.0,1,94
187,0.0,1,94
188,0.0,1,94
189,0.0,1,94
190,0.0,1,94
191,0.0,1,94
192,0.0,1,94
193,0.0,1,94
194,0.0,1,94
195,0.0,1,94
196,0.0,1,94
197,0.0,1,94
198,0.0,1,94
199,0.0,1,94
200,0.0,1,94
1,7.748603820800781e-06,1,95
2,7.748603820800781e-06,1,95
3,7.748603820800781e-06,1,95
4,7.748603820800781e-06,1,95
5,7.748603820800781e-06,1,95
6,7.748603820800781e-06,1,95
7,7.748603820800781e-06,1,95
8,7.748603820800781e-06,1,95
9,7.748603820800781e-06,1,95
10,7.748603820800781e-06,1,95
11,7.748603820800781e-06,1,95
12,7.748603820800781e-06,1,95
13,7.748603820800781e-06,1,95
14,7.748603820800781e-06,1,95
15,7.748603820800781e-06,1,95
16,7.748603820800781e-06,1,95
17,7.748603820800781e-06,1,95
18,7.748603820800781e-06,1,95
19,7.748603820800781e-06,1,95
20,7.748603820800781e-06,1,95
21,7.748603820800781e-06,1,95
22,7.748603820800781e-06,1,95
23,7.748603820800781e-06,1,95
24,7.748603820800781e-06,1,95
25,7.748603820800781e-06,1,95
26,7.748603820800781e-06,1,95
27,7.748603820800781e-06,1,95
28,7.748603820800781e-06,1,95
29,7.748603820800781e-06,1,95
30,7.748603820800781e-06,1,95
31,7.748603820800781e-06,1,95
32,7.748603820800781e-06,1,95
33,7.748603820800781e-06,1,95
34,7.748603820800781e-06,1,95
35,7.748603820800781e-06,1,95
36,7.748603820800781e-06,1,95
37,7.748603820800781e-06,1,95
38,7.748603820800781e-06,1,95
39,7.748603820800781e-06,1,95
40,7.748603820800781e-06,1,95
41,7.748603820800781e-06,1,95
42,7.748603820800781e-06,1,95
43,7.748603820800781e-06,1,95
44,7.748603820800781e-06,1,95
45,7.748603820800781e-06,1,95
46,7.748603820800781e-06,1,95
47,7.748603820800781e-06,1,95
48,7.748603820800781e-06,1,95
49,7.748603820800781e-06,1,95
50,7.748603820800781e-06,1,95
51,7.748603820800781e-06,1,95
52,7.748603820800781e-06,1,95
53,7.748603820800781e-06,1,95
54,7.748603820800781e-06,1,95
55,7.748603820800781e-06,1,95
56,7.748603820800781e-06,1,95
57,7.748603820800781e-06,1,95
58,7.748603820800781e-06,1,95
59,7.748603820800781e-06,1,95
60,7.748603820800781e-06,1,95
61,7.748603820800781e-06,1,95
62,7.748603820800781e-06,1,95
63,7.748603820800781e-06,1,95
64,7.748603820800781e-06,1,95
65,7.748603820800781e-06,1,95
66,7.748603820800781e-06,1,95
67,7.748603820800781e-06,1,95
68,7.748603820800781e-06,1,95
69,7.748603820800781e-06,1,95
70,7.748603820800781e-06,1,95
71,7.748603820800781e-06,1,95
72,7.748603820800781e-06,1,95
73,7.748603820800781e-06,1,95
74,7.748603820800781e-06,1,95
75,7.748603820800781e-06,1,95
76,7.748603820800781e-06,1,95
77,7.748603820800781e-06,1,95
78,7.748603820800781e-06,1,95
79,7.748603820800781e-06,1,95
80,7.748603820800781e-06,1,95
81,7.748603820800781e-06,1,95
82,7.748603820800781e-06,1,95
83,7.748603820800781e-06,1,95
84,7.748603820800781e-06,1,95
85,7.748603820800781e-06,1,95
86,7.748603820800781e-06,1,95
87,7.748603820800781e-06,1,95
88,7.748603820800781e-06,1,95
89,7.748603820800781e-06,1,95
90,7.748603820800781e-06,1,95
91,7.748603820800781e-06,1,95
92,7.748603820800781e-06,1,95
93,7.748603820800781e-06,1,95
94,7.748603820800781e-06,1,95
95,7.748603820800781e-06,1,95
96,7.748603820800781e-06,1,95
97,7.748603820800781e-06,1,95
98,7.748603820800781e-06,1,95
99,7.748603820800781e-06,1,95
100,7.748603820800781e-06,1,95
101,7.748603820800781e-06,1,95
102,7.748603820800781e-06,1,95
103,7.748603820800781e-06,1,95
104,7.748603820800781e-06,1,95
105,7.748603820800781e-06,1,95
106,7.748603820800781e-06,1,95
107,7.748603820800781e-06,1,95
108,7.748603820800781e-06,1,95
109,7.748603820800781e-06,1,95
110,7.748603820800781e-06,1,95
111,7.748603820800781e-06,1,95
112,7.748603820800781e-06,1,95
113,7.748603820800781e-06,1,95
114,7.748603820800781e-06,1,95
115,7.748603820800781e-06,1,95
116,7.748603820800781e-06,1,95
117,7.748603820800781e-06,1,95
118,7.748603820800781e-06,1,95
119,7.748603820800781e-06,1,95
120,7.748603820800781e-06,1,95
121,7.748603820800781e-06,1,95
122,7.748603820800781e-06,1,95
123,7.748603820800781e-06,1,95
124,7.748603820800781e-06,1,95
125,7.748603820800781e-06,1,95
126,7.748603820800781e-06,1,95
127,7.748603820800781e-06,1,95
128,7.748603820800781e-06,1,95
129,7.748603820800781e-06,1,95
130,7.748603820800781e-06,1,95
131,7.748603820800781e-06,1,95
132,7.748603820800781e-06,1,95
133,7.748603820800781e-06,1,95
134,7.748603820800781e-06,1,95
135,7.748603820800781e-06,1,95
136,7.748603820800781e-06,1,95
137,7.748603820800781e-06,1,95
138,7.748603820800781e-06,1,95
139,7.748603820800781e-06,1,95
140,7.748603820800781e-06,1,95
141,7.748603820800781e-06,1,95
142,7.748603820800781e-06,1,95
143,7.748603820800781e-06,1,95
144,7.748603820800781e-06,1,95
145,7.748603820800781e-06,1,95
146,7.748603820800781e-06,1,95
147,7.748603820800781e-06,1,95
148,7.748603820800781e-06,1,95
149,7.748603820800781e-06,1,95
150,7.748603820800781e-06,1,95
151,7.748603820800781e-06,1,95
152,7.748603820800781e-06,1,95
153,7.748603820800781e-06,1,95
154,7.748603820800781e-06,1,95
155,7.748603820800781e-06,1,95
156,7.748603820800781e-06,1,95
157,7.748603820800781e-06,1,95
158,7.748603820800781e-06,1,95
159,7.748603820800781e-06,1,95
160,7.748603820800781e-06,1,95
161,7.748603820800781e-06,1,95
162,7.748603820800781e-06,1,95
163,7.748603820800781e-06,1,95
164,7.748603820800781e-06,1,95
165,7.748603820800781e-06,1,95
166,7.748603820800781e-06,1,95
167,7.748603820800781e-06,1,95
168,7.748603820800781e-06,1,95
169,7.748603820800781e-06,1,95
170,7.748603820800781e-06,1,95
171,7.748603820800781e-06,1,95
172,7.748603820800781e-06,1,95
173,7.748603820800781e-06,1,95
174,7.748603820800781e-06,1,95
175,7.748603820800781e-06,1,95
176,7.748603820800781e-06,1,95
177,7.748603820800781e-06,1,95
178,7.748603820800781e-06,1,95
179,7.748603820800781e-06,1,95
180,7.748603820800781e-06,1,95
181,7.748603820800781e-06,1,95
182,7.748603820800781e-06,1,95
183,7.748603820800781e-06,1,95
184,7.748603820800781e-06,1,95
185,7.748603820800781e-06,1,95
186,7.748603820800781e-06,1,95
187,7.748603820800781e-06,1,95
188,7.748603820800781e-06,1,95
189,7.748603820800781e-06,1,95
190,7.748603820800781e-06,1,95
191,7.748603820800781e-06,1,95
192,7.748603820800781e-06,1,95
193,7.748603820800781e-06,1,95
194,7.748603820800781e-06,1,95
195,7.748603820800781e-06,1,95
196,7.748603820800781e-06,1,95
197,7.748603820800781e-06,1,95
198,7.748603820800781e-06,1,95
199,7.748603820800781e-06,1,95
200,7.748603820800781e-06,1,95
1,3.5881996154785156e-05,1,96
2,3.612041473388672e-05,1,96
3,3.612041473388672e-05,1,96
4,3.612041473388672e-05,1,96
5,3.612041473388672e-05,1,96
6,3.612041473388672e-05,1,96
7,3.612041473388672e-05,1,96
8,3.612041473388672e-05,1,96
9,3.612041473388672e-05,1,96
10,3.612041473388672e-05,1,96
11,3.612041473388672e-05,1,96
12,3.612041473388672e-05,1,96
13,3.612041473388672e-05,1,96
14,3.612041473388672e-05,1,96
15,3.612041473388672e-05,1,96
16,3.612041473388672e-05,1,96
17,3.612041473388672e-05,1,96
18,3.612041473388672e-05,1,96
19,3.612041473388672e-05,1,96
20,3.612041473388672e-05,1,96
21,3.612041473388672e-05,1,96
22,3.612041473388672e-05,1,96
23,3.612041473388672e-05,1,96
24,3.612041473388672e-05,1,96
25,3.612041473388672e-05,1,96
26,3.612041473388672e-05,1,96
27,3.612041473388672e-05,1,96
28,3.612041473388672e-05,1,96
29,3.612041473388672e-05,1,96
30,3.612041473388672e-05,1,96
31,3.612041473388672e-05,1,96
32,3.612041473388672e-05,1,96
33,3.612041473388672e-05,1,96
34,3.612041473388672e-05,1,96
35,3.612041473388672e-05,1,96
36,3.612041473388672e-05,1,96
37,3.612041473388672e-05,1,96
38,3.612041473388672e-05,1,96
39,3.612041473388672e-05,1,96
40,3.612041473388672e-05,1,96
41,3.612041473388672e-05,1,96
42,3.612041473388672e-05,1,96
43,3.612041473388672e-05,1,96
44,3.612041473388672e-05,1,96
45,3.612041473388672e-05,1,96
46,3.612041473388672e-05,1,96
47,3.612041473388672e-05,1,96
48,3.612041473388672e-05,1,96
49,3.612041473388672e-05,1,96
50,3.612041473388672e-05,1,96
51,3.612041473388672e-05,1,96
52,3.612041473388672e-05,1,96
53,3.612041473388672e-05,1,96
54,3.612041473388672e-05,1,96
55,3.612041473388672e-05,1,96
56,3.612041473388672e-05,1,96
57,3.612041473388672e-05,1,96
58,3.612041473388672e-05,1,96
59,3.612041473388672e-05,1,96
60,3.612041473388672e-05,1,96
61,3.612041473388672e-05,1,96
62,3.612041473388672e-05,1,96
63,3.612041473388672e-05,1,96
64,3.612041473388672e-05,1,96
65,3.612041473388672e-05,1,96
66,3.612041473388672e-05,1,96
67,3.612041473388672e-05,1,96
68,3.612041473388672e-05,1,96
69,3.612041473388672e-05,1,96
70,3.612041473388672e-05,1,96
71,3.612041473388672e-05,1,96
72,3.612041473388672e-05,1,96
73,3.612041473388672e-05,1,96
74,3.612041473388672e-05,1,96
75,3.612041473388672e-05,1,96
76,3.612041473388672e-05,1,96
77,3.612041473388672e-05,1,96
78,3.612041473388672e-05,1,96
79,3.612041473388672e-05,1,96
80,3.612041473388672e-05,1,96
81,3.612041473388672e-05,1,96
82,3.612041473388672e-05,1,96
83,3.612041473388672e-05,1,96
84,3.612041473388672e-05,1,96
85,3.612041473388672e-05,1,96
86,3.612041473388672e-05,1,96
87,3.612041473388672e-05,1,96
88,3.612041473388672e-05,1,96
89,3.612041473388672e-05,1,96
90,3.612041473388672e-05,1,96
91,3.612041473388672e-05,1,96
92,3.612041473388672e-05,1,96
93,3.612041473388672e-05,1,96
94,3.612041473388672e-05,1,96
95,3.612041473388672e-05,1,96
96,3.612041473388672e-05,1,96
97,3.612041473388672e-05,1,96
98,3.612041473388672e-05,1,96
99,3.612041473388672e-05,1,96
100,3.612041473388672e-05,1,96
101,3.612041473388672e-05,1,96
102,3.612041473388672e-05,1,96
103,3.612041473388672e-05,1,96
104,3.612041473388672e-05,1,96
105,3.612041473388672e-05,1,96
106,3.612041473388672e-05,1,96
107,3.612041473388672e-05,1,96
108,3.612041473388672e-05,1,96
109,3.612041473388672e-05,1,96
110,3.612041473388672e-05,1,96
111,3.612041473388672e-05,1,96
112,3.612041473388672e-05,1,96
113,3.612041473388672e-05,1,96
114,3.612041473388672e-05,1,96
115,3.612041473388672e-05,1,96
116,3.612041473388672e-05,1,96
117,3.612041473388672e-05,1,96
118,3.612041473388672e-05,1,96
119,3.612041473388672e-05,1,96
120,3.612041473388672e-05,1,96
121,3.612041473388672e-05,1,96
122,3.612041473388672e-05,1,96
123,3.612041473388672e-05,1,96
124,3.612041473388672e-05,1,96
125,3.612041473388672e-05,1,96
126,3.612041473388672e-05,1,96
127,3.612041473388672e-05,1,96
128,3.612041473388672e-05,1,96
129,3.612041473388672e-05,1,96
130,3.612041473388672e-05,1,96
131,3.612041473388672e-05,1,96
132,3.612041473388672e-05,1,96
133,3.612041473388672e-05,1,96
134,3.612041473388672e-05,1,96
135,3.612041473388672e-05,1,96
136,3.612041473388672e-05,1,96
137,3.612041473388672e-05,1,96
138,3.612041473388672e-05,1,96
139,3.612041473388672e-05,1,96
140,3.612041473388672e-05,1,96
141,3.612041473388672e-05,1,96
142,3.612041473388672e-05,1,96
143,3.612041473388672e-05,1,96
144,3.612041473388672e-05,1,96
145,3.612041473388672e-05,1,96
146,3.612041473388672e-05,1,96
147,3.612041473388672e-05,1,96
148,3.612041473388672e-05,1,96
149,3.612041473388672e-05,1,96
150,3.612041473388672e-05,1,96
151,3.612041473388672e-05,1,96
152,3.612041473388672e-05,1,96
153,3.612041473388672e-05,1,96
154,3.612041473388672e-05,1,96
155,3.612041473388672e-05,1,96
156,3.612041473388672e-05,1,96
157,3.612041473388672e-05,1,96
158,3.612041473388672e-05,1,96
159,3.612041473388672e-05,1,96
160,3.612041473388672e-05,1,96
161,3.612041473388672e-05,1,96
162,3.612041473388672e-05,1,96
163,3.612041473388672e-05,1,96
164,3.612041473388672e-05,1,96
165,3.612041473388672e-05,1,96
166,3.612041473388672e-05,1,96
167,3.612041473388672e-05,1,96
168,3.612041473388672e-05,1,96
169,3.612041473388672e-05,1,96
170,3.612041473388672e-05,1,96
171,3.612041473388672e-05,1,96
172,3.612041473388672e-05,1,96
173,3.612041473388672e-05,1,96
174,3.612041473388672e-05,1,96
175,3.612041473388672e-05,1,96
176,3.612041473388672e-05,1,96
177,3.612041473388672e-05,1,96
178,3.612041473388672e-05,1,96
179,3.612041473388672e-05,1,96
180,3.612041473388672e-05,1,96
181,3.612041473388672e-05,1,96
182,3.612041473388672e-05,1,96
183,3.612041473388672e-05,1,96
184,3.612041473388672e-05,1,96
185,3.612041473388672e-05,1,96
186,3.612041473388672e-05,1,96
187,3.612041473388672e-05,1,96
188,3.612041473388672e-05,1,96
189,3.612041473388672e-05,1,96
190,3.612041473388672e-05,1,96
191,3.612041473388672e-05,1,96
192,3.612041473388672e-05,1,96
193,3.612041473388672e-05,1,96
194,3.612041473388672e-05,1,96
195,3.612041473388672e-05,1,96
196,3.612041473388672e-05,1,96
197,3.612041473388672e-05,1,96
198,3.612041473388672e-05,1,96
199,3.612041473388672e-05,1,96
200,3.612041473388672e-05,1,96
1,0.0007355809211730957,1,97
2,0.0007374882698059082,1,97
3,0.0007370114326477051,1,97
4,0.0007367730140686035,1,97
5,0.0007367730140686035,1,97
6,0.0007367730140686035,1,97
7,0.0007367730140686035,1,97
8,0.0007367730140686035,1,97
9,0.0007367730140686035,1,97
10,0.0007367730140686035,1,97
11,0.0007367730140686035,1,97
12,0.0007367730140686035,1,97
13,0.0007367730140686035,1,97
14,0.0007367730140686035,1,97
15,0.0007367730140686035,1,97
16,0.0007367730140686035,1,97
17,0.0007367730140686035,1,97
18,0.0007367730140686035,1,97
19,0.0007367730140686035,1,97
20,0.0007367730140686035,1,97
21,0.0007367730140686035,1,97
22,0.0007367730140686035,1,97
23,0.0007367730140686035,1,97
24,0.0007367730140686035,1,97
25,0.0007367730140686035,1,97
26,0.0007367730140686035,1,97
27,0.0007367730140686035,1,97
28,0.0007367730140686035,1,97
29,0.0007367730140686035,1,97
30,0.0007367730140686035,1,97
31,0.0007367730140686035,1,97
32,0.0007367730140686035,1,97
33,0.0007367730140686035,1,97
34,0.0007367730140686035,1,97
35,0.0007367730140686035,1,97
36,0.0007367730140686035,1,97
37,0.0007367730140686035,1,97
38,0.0007367730140686035,1,97
39,0.0007367730140686035,1,97
40,0.0007367730140686035,1,97
41,0.0007367730140686035,1,97
42,0.0007367730140686035,1,97
43,0.0007367730140686035,1,97
44,0.0007367730140686035,1,97
45,0.0007367730140686035,1,97
46,0.0007367730140686035,1,97
47,0.0007367730140686035,1,97
48,0.0007367730140686035,1,97
49,0.0007367730140686035,1,97
50,0.0007367730140686035,1,97
51,0.0007367730140686035,1,97
52,0.0007367730140686035,1,97
53,0.0007367730140686035,1,97
54,0.0007367730140686035,1,97
55,0.0007367730140686035,1,97
56,0.0007367730140686035,1,97
57,0.0007367730140686035,1,97
58,0.0007367730140686035,1,97
59,0.0007367730140686035,1,97
60,0.0007367730140686035,1,97
61,0.0007367730140686035,1,97
62,0.0007367730140686035,1,97
63,0.0007367730140686035,1,97
64,0.0007367730140686035,1,97
65,0.0007367730140686035,1,97
66,0.0007367730140686035,1,97
67,0.0007367730140686035,1,97
68,0.0007367730140686035,1,97
69,0.0007367730140686035,1,97
70,0.0007367730140686035,1,97
71,0.0007367730140686035,1,97
72,0.0007367730140686035,1,97
73,0.0007367730140686035,1,97
74,0.0007367730140686035,1,97
75,0.0007367730140686035,1,97
76,0.0007367730140686035,1,97
77,0.0007367730140686035,1,97
78,0.0007367730140686035,1,97
79,0.0007367730140686035,1,97
80,0.0007367730140686035,1,97
81,0.0007367730140686035,1,97
82,0.0007367730140686035,1,97
83,0.0007367730140686035,1,97
84,0.0007367730140686035,1,97
85,0.0007367730140686035,1,97
86,0.0007367730140686035,1,97
87,0.0007367730140686035,1,97
88,0.0007367730140686035,1,97
89,0.0007367730140686035,1,97
90,0.0007367730140686035,1,97
91,0.0007367730140686035,1,97
92,0.0007367730140686035,1,97
93,0.0007367730140686035,1,97
94,0.0007367730140686035,1,97
95,0.0007367730140686035,1,97
96,0.0007367730140686035,1,97
97,0.0007367730140686035,1,97
98,0.0007367730140686035,1,97
99,0.0007367730140686035,1,97
100,0.0007367730140686035,1,97
101,0.0007367730140686035,1,97
102,0.0007367730140686035,1,97
103,0.0007367730140686035,1,97
104,0.0007367730140686035,1,97
105,0.0007367730140686035,1,97
106,0.0007367730140686035,1,97
107,0.0007367730140686035,1,97
108,0.0007367730140686035,1,97
109,0.0007367730140686035,1,97
110,0.0007367730140686035,1,97
111,0.0007367730140686035,1,97
112,0.0007367730140686035,1,97
113,0.0007367730140686035,1,97
114,0.0007367730140686035,1,97
115,0.0007367730140686035,1,97
116,0.0007367730140686035,1,97
117,0.0007367730140686035,1,97
118,0.0007367730140686035,1,97
119,0.0007367730140686035,1,97
120,0.0007367730140686035,1,97
121,0.0007367730140686035,1,97
122,0.0007367730140686035,1,97
123,0.0007367730140686035,1,97
124,0.0007367730140686035,1,97
125,0.0007367730140686035,1,97
126,0.0007367730140686035,1,97
127,0.0007367730140686035,1,97
128,0.0007367730140686035,1,97
129,0.0007367730140686035,1,97
130,0.0007367730140686035,1,97
131,0.0007367730140686035,1,97
132,0.0007367730140686035,1,97
133,0.0007367730140686035,1,97
134,0.0007367730140686035,1,97
135,0.0007367730140686035,1,97
136,0.0007367730140686035,1,97
137,0.0007367730140686035,1,97
138,0.0007367730140686035,1,97
139,0.0007367730140686035,1,97
140,0.0007367730140686035,1,97
141,0.0007367730140686035,1,97
142,0.0007367730140686035,1,97
143,0.0007367730140686035,1,97
144,0.0007367730140686035,1,97
145,0.0007367730140686035,1,97
146,0.0007367730140686035,1,97
147,0.0007367730140686035,1,97
148,0.0007367730140686035,1,97
149,0.0007367730140686035,1,97
150,0.0007367730140686035,1,97
151,0.0007367730140686035,1,97
152,0.0007367730140686035,1,97
153,0.0007367730140686035,1,97
154,0.0007367730140686035,1,97
155,0.0007367730140686035,1,97
156,0.0007367730140686035,1,97
157,0.0007367730140686035,1,97
158,0.0007367730140686035,1,97
159,0.0007367730140686035,1,97
160,0.0007367730140686035,1,97
161,0.0007367730140686035,1,97
162,0.0007367730140686035,1,97
163,0.0007367730140686035,1,97
164,0.0007367730140686035,1,97
165,0.0007367730140686035,1,97
166,0.0007367730140686035,1,97
167,0.0007367730140686035,1,97
168,0.0007367730140686035,1,97
169,0.0007367730140686035,1,97
170,0.0007367730140686035,1,97
171,0.0007367730140686035,1,97
172,0.0007367730140686035,1,97
173,0.0007367730140686035,1,97
174,0.0007367730140686035,1,97
175,0.0007367730140686035,1,97
176,0.0007367730140686035,1,97
177,0.0007367730140686035,1,97
178,0.0007367730140686035,1,97
179,0.0007367730140686035,1,97
180,0.0007367730140686035,1,97
181,0.0007367730140686035,1,97
182,0.0007367730140686035,1,97
183,0.0007367730140686035,1,97
184,0.0007367730140686035,1,97
185,0.0007367730140686035,1,97
186,0.0007367730140686035,1,97
187,0.0007367730140686035,1,97
188,0.0007367730140686035,1,97
189,0.0007367730140686035,1,97
190,0.0007367730140686035,1,97
191,0.0007367730140686035,1,97
192,0.0007367730140686035,1,97
193,0.0007367730140686035,1,97
194,0.0007367730140686035,1,97
195,0.0007367730140686035,1,97
196,0.0007367730140686035,1,97
197,0.0007367730140686035,1,97
198,0.0007367730140686035,1,97
199,0.0007367730140686035,1,97
200,0.0007367730140686035,1,97
1,0.010471999645233154,1,98
2,0.010470449924468994,1,98
3,0.010470449924468994,1,98
4,0.01046299934387207,1,98
5,0.01046299934387207,1,98
6,0.010462641716003418,1,98
7,0.010462641716003418,1,98
8,0.010462641716003418,1,98
9,0.010462641716003418,1,98
10,0.010462641716003418,1,98
11,0.010462641716003418,1,98
12,0.010462641716003418,1,98
13,0.010462641716003418,1,98
14,0.010462641716003418,1,98
15,0.010462641716003418,1,98
16,0.010462641716003418,1,98
17,0.010462641716003418,1,98
18,0.010462641716003418,1,98
19,0.010462641716003418,1,98
20,0.010462641716003418,1,98
21,0.010462641716003418,1,98
22,0.010462641716003418,1,98
23,0.010462641716003418,1,98
24,0.010462641716003418,1,98
25,0.010462641716003418,1,98
26,0.010462641716003418,1,98
27,0.010462641716003418,1,98
28,0.010462641716003418,1,98
29,0.010462641716003418,1,98
30,0.010462641716003418,1,98
31,0.010462641716003418,1,98
32,0.010462641716003418,1,98
33,0.010462641716003418,1,98
34,0.010462641716003418,1,98
35,0.010462641716003418,1,98
36,0.010462641716003418,1,98
37,0.010462641716003418,1,98
38,0.010462641716003418,1,98
39,0.010462641716003418,1,98
40,0.010462641716003418,1,98
41,0.010462641716003418,1,98
42,0.010462641716003418,1,98
43,0.010462641716003418,1,98
44,0.010462641716003418,1,98
45,0.010462641716003418,1,98
46,0.010462641716003418,1,98
47,0.010462641716003418,1,98
48,0.010462641716003418,1,98
49,0.010462641716003418,1,98
50,0.010462641716003418,1,98
51,0.010462641716003418,1,98
52,0.010462641716003418,1,98
53,0.010462641716003418,1,98
54,0.010462641716003418,1,98
55,0.010462641716003418,1,98
56,0.010462641716003418,1,98
57,0.010462641716003418,1,98
58,0.010462641716003418,1,98
59,0.010462641716003418,1,98
60,0.010462641716003418,1,98
61,0.010462641716003418,1,98
62,0.010462641716003418,1,98
63,0.010462641716003418,1,98
64,0.010462641716003418,1,98
65,0.010462641716003418,1,98
66,0.010462641716003418,1,98
67,0.010462641716003418,1,98
68,0.010462641716003418,1,98
69,0.010462641716003418,1,98
70,0.010462641716003418,1,98
71,0.010462641716003418,1,98
72,0.010462641716003418,1,98
73,0.010462641716003418,1,98
74,0.010462641716003418,1,98
75,0.010462641716003418,1,98
76,0.010462641716003418,1,98
77,0.010462641716003418,1,98
78,0.010462641716003418,1,98
79,0.010462641716003418,1,98
80,0.010462641716003418,1,98
81,0.010462641716003418,1,98
82,0.010462641716003418,1,98
83,0.010462641716003418,1,98
84,0.010462641716003418,1,98
85,0.010462641716003418,1,98
86,0.010462641716003418,1,98
87,0.010462641716003418,1,98
88,0.010462641716003418,1,98
89,0.010462641716003418,1,98
90,0.010462641716003418,1,98
91,0.010462641716003418,1,98
92,0.010462641716003418,1,98
93,0.010462641716003418,1,98
94,0.010462641716003418,1,98
95,0.010462641716003418,1,98
96,0.010462641716003418,1,98
97,0.010462641716003418,1,98
98,0.010462641716003418,1,98
99,0.010462641716003418,1,98
100,0.010462641716003418,1,98
101,0.010462641716003418,1,98
102,0.010462641716003418,1,98
103,0.010462641716003418,1,98
104,0.010462641716003418,1,98
105,0.010462641716003418,1,98
106,0.010462641716003418,1,98
107,0.010462641716003418,1,98
108,0.010462641716003418,1,98
109,0.010462641716003418,1,98
110,0.010462641716003418,1,98
111,0.010462641716003418,1,98
112,0.010462641716003418,1,98
113,0.010462641716003418,1,98
114,0.010462641716003418,1,98
115,0.010462641716003418,1,98
116,0.010462641716003418,1,98
117,0.010462641716003418,1,98
118,0.010462641716003418,1,98
119,0.010462641716003418,1,98
120,0.010462641716003418,1,98
121,0.010462641716003418,1,98
122,0.010462641716003418,1,98
123,0.010462641716003418,1,98
124,0.010462641716003418,1,98
125,0.010462641716003418,1,98
126,0.010462641716003418,1,98
127,0.010462641716003418,1,98
128,0.010462641716003418,1,98
129,0.010462641716003418,1,98
130,0.010462641716003418,1,98
131,0.010462641716003418,1,98
132,0.010462641716003418,1,98
133,0.010462641716003418,1,98
134,0.010462641716003418,1,98
135,0.010462641716003418,1,98
136,0.010462641716003418,1,98
137,0.010462641716003418,1,98
138,0.010462641716003418,1,98
139,0.010462641716003418,1,98
140,0.010462641716003418,1,98
141,0.010462641716003418,1,98
142,0.010462641716003418,1,98
143,0.010462641716003418,1,98
144,0.010462641716003418,1,98
145,0.010462641716003418,1,98
146,0.010462641716003418,1,98
147,0.010462641716003418,1,98
148,0.010462641716003418,1,98
149,0.010462641716003418,1,98
150,0.010462641716003418,1,98
151,0.010462641716003418,1,98
152,0.010462641716003418,1,98
153,0.010462641716003418,1,98
154,0.010462641716003418,1,98
155,0.010462641716003418,1,98
156,0.010462641716003418,1,98
157,0.010462641716003418,1,98
158,0.010462641716003418,1,98
159,0.010462641716003418,1,98
160,0.010462641716003418,1,98
161,0.010462641716003418,1,98
162,0.010462641716003418,1,98
163,0.010462641716003418,1,98
164,0.010462641716003418,1,98
165,0.010462641716003418,1,98
166,0.010462641716003418,1,98
167,0.010462641716003418,1,98
168,0.010462641716003418,1,98
169,0.010462641716003418,1,98
170,0.010462641716003418,1,98
171,0.010462641716003418,1,98
172,0.010462641716003418,1,98
173,0.010462641716003418,1,98
174,0.010462641716003418,1,98
175,0.010462641716003418,1,98
176,0.010462641716003418,1,98
177,0.010462641716003418,1,98
178,0.010462641716003418,1,98
179,0.010462641716003418,1,98
180,0.010462641716003418,1,98
181,0.010462641716003418,1,98
182,0.010462641716003418,1,98
183,0.010462641716003418,1,98
184,0.010462641716003418,1,98
185,0.010462641716003418,1,98
186,0.010462641716003418,1,98
187,0.010462641716003418,1,98
188,0.010462641716003418,1,98
189,0.010462641716003418,1,98
190,0.010462641716003418,1,98
191,0.010462641716003418,1,98
192,0.010462641716003418,1,98
193,0.010462641716003418,1,98
194,0.010462641716003418,1,98
195,0.010462641716003418,1,98
196,0.010462641716003418,1,98
197,0.010462641716003418,1,98
198,0.010462641716003418,1,98
199,0.010462641716003418,1,98
200,0.010462641716003418,1,98
1,0.0,1,99
2,0.0,1,99
3,0.0,1,99
4,0.0,1,99
5,0.0,1,99
6,0.0,1,99
7,0.0,1,99
8,0.0,1,99
9,0.0,1,99
10,0.0,1,99
11,0.0,1,99
12,0.0,1,99
13,0.0,1,99
14,0.0,1,99
15,0.0,1,99
16,0.0,1,99
17,0.0,1,99
18,0.0,1,99
19,0.0,1,99
20,0.0,1,99
21,0.0,1,99
22,0.0,1,99
23,0.0,1,99
24,0.0,1,99
25,0.0,1,99
26,0.0,1,99
27,0.0,1,99
28,0.0,1,99
29,0.0,1,99
30,0.0,1,99
31,0.0,1,99
32,0.0,1,99
33,0.0,1,99
34,0.0,1,99
35,0.0,1,99
36,0.0,1,99
37,0.0,1,99
38,0.0,1,99
39,0.0,1,99
40,0.0,1,99
41,0.0,1,99
42,0.0,1,99
43,0.0,1,99
44,0.0,1,99
45,0.0,1,99
46,0.0,1,99
47,0.0,1,99
48,0.0,1,99
49,0.0,1,99
50,0.0,1,99
51,0.0,1,99
52,0.0,1,99
53,0.0,1,99
54,0.0,1,99
55,0.0,1,99
56,0.0,1,99
57,0.0,1,99
58,0.0,1,99
59,0.0,1,99
60,0.0,1,99
61,0.0,1,99
62,0.0,1,99
63,0.0,1,99
64,0.0,1,99
65,0.0,1,99
66,0.0,1,99
67,0.0,1,99
68,0.0,1,99
69,0.0,1,99
70,0.0,1,99
71,0.0,1,99
72,0.0,1,99
73,0.0,1,99
74,0.0,1,99
75,0.0,1,99
76,0.0,1,99
77,0.0,1,99
78,0.0,1,99
79,0.0,1,99
80,0.0,1,99
81,0.0,1,99
82,0.0,1,99
83,0.0,1,99
84,0.0,1,99
85,0.0,1,99
86,0.0,1,99
87,0.0,1,99
88,0.0,1,99
89,0.0,1,99
90,0.0,1,99
91,0.0,1,99
92,0.0,1,99
93,0.0,1,99
94,0.0,1,99
95,0.0,1,99
96,0.0,1,99
97,0.0,1,99
98,0.0,1,99
99,0.0,1,99
100,0.0,1,99
101,0.0,1,99
102,0.0,1,99
103,0.0,1,99
104,0.0,1,99
105,0.0,1,99
106,0.0,1,99
107,0.0,1,99
108,0.0,1,99
109,0.0,1,99
110,0.0,1,99
111,0.0,1,99
112,0.0,1,99
113,0.0,1,99
114,0.0,1,99
115,0.0,1,99
116,0.0,1,99
117,0.0,1,99
118,0.0,1,99
119,0.0,1,99
120,0.0,1,99
121,0.0,1,99
122,0.0,1,99
123,0.0,1,99
124,0.0,1,99
125,0.0,1,99
126,0.0,1,99
127,0.0,1,99
128,0.0,1,99
129,0.0,1,99
130,0.0,1,99
131,0.0,1,99
132,0.0,1,99
133,0.0,1,99
134,0.0,1,99
135,0.0,1,99
136,0.0,1,99
137,0.0,1,99
138,0.0,1,99
139,0.0,1,99
140,0.0,1,99
141,0.0,1,99
142,0.0,1,99
143,0.0,1,99
144,0.0,1,99
145,0.0,1,99
146,0.0,1,99
147,0.0,1,99
148,0.0,1,99
149,0.0,1,99
150,0.0,1,99
151,0.0,1,99
152,0.0,1,99
153,0.0,1,99
154,0.0,1,99
155,0.0,1,99
156,0.0,1,99
157,0.0,1,99
158,0.0,1,99
159,0.0,1,99
160,0.0,1,99
161,0.0,1,99
162,0.0,1,99
163,0.0,1,99
164,0.0,1,99
165,0.0,1,99
166,0.0,1,99
167,0.0,1,99
168,0.0,1,99
169,0.0,1,99
170,0.0,1,99
171,0.0,1,99
172,0.0,1,99
173,0.0,1,99
174,0.0,1,99
175,0.0,1,99
176,0.0,1,99
177,0.0,1,99
178,0.0,1,99
179,0.0,1,99
180,0.0,1,99
181,0.0,1,99
182,0.0,1,99
183,0.0,1,99
184,0.0,1,99
185,0.0,1,99
186,0.0,1,99
187,0.0,1,99
188,0.0,1,99
189,0.0,1,99
190,0.0,1,99
191,0.0,1,99
192,0.0,1,99
193,0.0,1,99
194,0.0,1,99
195,0.0,1,99
196,0.0,1,99
197,0.0,1,99
198,0.0,1,99
199,0.0,1,99
200,0.0,1,99
