generation,best_value,num_perturbations,sample_id
1,3.5762786865234375e-07,1,0
2,3.5762786865234375e-07,1,0
3,3.5762786865234375e-07,1,0
4,3.5762786865234375e-07,1,0
5,3.5762786865234375e-07,1,0
6,3.5762786865234375e-07,1,0
7,3.5762786865234375e-07,1,0
8,3.5762786865234375e-07,1,0
9,3.5762786865234375e-07,1,0
10,3.5762786865234375e-07,1,0
11,3.5762786865234375e-07,1,0
12,3.5762786865234375e-07,1,0
13,3.5762786865234375e-07,1,0
14,3.5762786865234375e-07,1,0
15,3.5762786865234375e-07,1,0
16,3.5762786865234375e-07,1,0
17,3.5762786865234375e-07,1,0
18,3.5762786865234375e-07,1,0
19,3.5762786865234375e-07,1,0
20,3.5762786865234375e-07,1,0
21,3.5762786865234375e-07,1,0
22,3.5762786865234375e-07,1,0
23,3.5762786865234375e-07,1,0
24,3.5762786865234375e-07,1,0
25,3.5762786865234375e-07,1,0
26,3.5762786865234375e-07,1,0
27,3.5762786865234375e-07,1,0
28,3.5762786865234375e-07,1,0
29,3.5762786865234375e-07,1,0
30,3.5762786865234375e-07,1,0
31,3.5762786865234375e-07,1,0
32,3.5762786865234375e-07,1,0
33,3.5762786865234375e-07,1,0
34,3.5762786865234375e-07,1,0
35,3.5762786865234375e-07,1,0
36,3.5762786865234375e-07,1,0
37,3.5762786865234375e-07,1,0
38,3.5762786865234375e-07,1,0
39,3.5762786865234375e-07,1,0
40,3.5762786865234375e-07,1,0
41,3.5762786865234375e-07,1,0
42,3.5762786865234375e-07,1,0
43,3.5762786865234375e-07,1,0
44,3.5762786865234375e-07,1,0
45,3.5762786865234375e-07,1,0
46,3.5762786865234375e-07,1,0
47,3.5762786865234375e-07,1,0
48,3.5762786865234375e-07,1,0
49,3.5762786865234375e-07,1,0
50,3.5762786865234375e-07,1,0
51,3.5762786865234375e-07,1,0
52,3.5762786865234375e-07,1,0
53,3.5762786865234375e-07,1,0
54,3.5762786865234375e-07,1,0
55,3.5762786865234375e-07,1,0
56,3.5762786865234375e-07,1,0
57,3.5762786865234375e-07,1,0
58,3.5762786865234375e-07,1,0
59,3.5762786865234375e-07,1,0
60,3.5762786865234375e-07,1,0
61,3.5762786865234375e-07,1,0
62,3.5762786865234375e-07,1,0
63,3.5762786865234375e-07,1,0
64,3.5762786865234375e-07,1,0
65,3.5762786865234375e-07,1,0
66,3.5762786865234375e-07,1,0
67,3.5762786865234375e-07,1,0
68,3.5762786865234375e-07,1,0
69,3.5762786865234375e-07,1,0
70,3.5762786865234375e-07,1,0
71,3.5762786865234375e-07,1,0
72,3.5762786865234375e-07,1,0
73,3.5762786865234375e-07,1,0
74,3.5762786865234375e-07,1,0
75,3.5762786865234375e-07,1,0
76,3.5762786865234375e-07,1,0
77,3.5762786865234375e-07,1,0
78,3.5762786865234375e-07,1,0
79,3.5762786865234375e-07,1,0
80,3.5762786865234375e-07,1,0
81,3.5762786865234375e-07,1,0
82,3.5762786865234375e-07,1,0
83,3.5762786865234375e-07,1,0
84,3.5762786865234375e-07,1,0
85,3.5762786865234375e-07,1,0
86,3.5762786865234375e-07,1,0
87,3.5762786865234375e-07,1,0
88,3.5762786865234375e-07,1,0
89,3.5762786865234375e-07,1,0
90,3.5762786865234375e-07,1,0
91,3.5762786865234375e-07,1,0
92,3.5762786865234375e-07,1,0
93,3.5762786865234375e-07,1,0
94,3.5762786865234375e-07,1,0
95,3.5762786865234375e-07,1,0
96,3.5762786865234375e-07,1,0
97,3.5762786865234375e-07,1,0
98,3.5762786865234375e-07,1,0
99,3.5762786865234375e-07,1,0
100,3.5762786865234375e-07,1,0
101,3.5762786865234375e-07,1,0
102,3.5762786865234375e-07,1,0
103,3.5762786865234375e-07,1,0
104,3.5762786865234375e-07,1,0
105,3.5762786865234375e-07,1,0
106,3.5762786865234375e-07,1,0
107,3.5762786865234375e-07,1,0
108,3.5762786865234375e-07,1,0
109,3.5762786865234375e-07,1,0
110,3.5762786865234375e-07,1,0
111,3.5762786865234375e-07,1,0
112,3.5762786865234375e-07,1,0
113,3.5762786865234375e-07,1,0
114,3.5762786865234375e-07,1,0
115,3.5762786865234375e-07,1,0
116,3.5762786865234375e-07,1,0
117,3.5762786865234375e-07,1,0
118,3.5762786865234375e-07,1,0
119,3.5762786865234375e-07,1,0
120,3.5762786865234375e-07,1,0
121,3.5762786865234375e-07,1,0
122,3.5762786865234375e-07,1,0
123,3.5762786865234375e-07,1,0
124,3.5762786865234375e-07,1,0
125,3.5762786865234375e-07,1,0
126,3.5762786865234375e-07,1,0
127,3.5762786865234375e-07,1,0
128,3.5762786865234375e-07,1,0
129,3.5762786865234375e-07,1,0
130,3.5762786865234375e-07,1,0
131,3.5762786865234375e-07,1,0
132,3.5762786865234375e-07,1,0
133,3.5762786865234375e-07,1,0
134,3.5762786865234375e-07,1,0
135,3.5762786865234375e-07,1,0
136,3.5762786865234375e-07,1,0
137,3.5762786865234375e-07,1,0
138,3.5762786865234375e-07,1,0
139,3.5762786865234375e-07,1,0
140,3.5762786865234375e-07,1,0
141,3.5762786865234375e-07,1,0
142,3.5762786865234375e-07,1,0
143,3.5762786865234375e-07,1,0
144,3.5762786865234375e-07,1,0
145,3.5762786865234375e-07,1,0
146,3.5762786865234375e-07,1,0
147,3.5762786865234375e-07,1,0
148,3.5762786865234375e-07,1,0
149,3.5762786865234375e-07,1,0
150,3.5762786865234375e-07,1,0
151,3.5762786865234375e-07,1,0
152,3.5762786865234375e-07,1,0
153,3.5762786865234375e-07,1,0
154,3.5762786865234375e-07,1,0
155,3.5762786865234375e-07,1,0
156,3.5762786865234375e-07,1,0
157,3.5762786865234375e-07,1,0
158,3.5762786865234375e-07,1,0
159,3.5762786865234375e-07,1,0
160,3.5762786865234375e-07,1,0
161,3.5762786865234375e-07,1,0
162,3.5762786865234375e-07,1,0
163,3.5762786865234375e-07,1,0
164,3.5762786865234375e-07,1,0
165,3.5762786865234375e-07,1,0
166,3.5762786865234375e-07,1,0
167,3.5762786865234375e-07,1,0
168,3.5762786865234375e-07,1,0
169,3.5762786865234375e-07,1,0
170,3.5762786865234375e-07,1,0
171,3.5762786865234375e-07,1,0
172,3.5762786865234375e-07,1,0
173,3.5762786865234375e-07,1,0
174,3.5762786865234375e-07,1,0
175,3.5762786865234375e-07,1,0
176,3.5762786865234375e-07,1,0
177,3.5762786865234375e-07,1,0
178,3.5762786865234375e-07,1,0
179,3.5762786865234375e-07,1,0
180,3.5762786865234375e-07,1,0
181,3.5762786865234375e-07,1,0
182,3.5762786865234375e-07,1,0
183,3.5762786865234375e-07,1,0
184,3.5762786865234375e-07,1,0
185,3.5762786865234375e-07,1,0
186,3.5762786865234375e-07,1,0
187,3.5762786865234375e-07,1,0
188,3.5762786865234375e-07,1,0
189,3.5762786865234375e-07,1,0
190,3.5762786865234375e-07,1,0
191,3.5762786865234375e-07,1,0
192,3.5762786865234375e-07,1,0
193,3.5762786865234375e-07,1,0
194,3.5762786865234375e-07,1,0
195,3.5762786865234375e-07,1,0
196,3.5762786865234375e-07,1,0
197,3.5762786865234375e-07,1,0
198,3.5762786865234375e-07,1,0
199,3.5762786865234375e-07,1,0
200,3.5762786865234375e-07,1,0
1,3.933906555175781e-06,1,1
2,3.933906555175781e-06,1,1
3,3.933906555175781e-06,1,1
4,3.933906555175781e-06,1,1
5,3.933906555175781e-06,1,1
6,3.933906555175781e-06,1,1
7,3.933906555175781e-06,1,1
8,3.933906555175781e-06,1,1
9,3.933906555175781e-06,1,1
10,3.933906555175781e-06,1,1
11,3.933906555175781e-06,1,1
12,3.933906555175781e-06,1,1
13,3.933906555175781e-06,1,1
14,3.933906555175781e-06,1,1
15,3.933906555175781e-06,1,1
16,3.933906555175781e-06,1,1
17,3.933906555175781e-06,1,1
18,3.933906555175781e-06,1,1
19,3.933906555175781e-06,1,1
20,3.933906555175781e-06,1,1
21,3.933906555175781e-06,1,1
22,3.933906555175781e-06,1,1
23,3.933906555175781e-06,1,1
24,3.933906555175781e-06,1,1
25,3.933906555175781e-06,1,1
26,3.933906555175781e-06,1,1
27,3.933906555175781e-06,1,1
28,3.933906555175781e-06,1,1
29,3.933906555175781e-06,1,1
30,3.933906555175781e-06,1,1
31,3.933906555175781e-06,1,1
32,3.933906555175781e-06,1,1
33,3.933906555175781e-06,1,1
34,3.933906555175781e-06,1,1
35,3.933906555175781e-06,1,1
36,3.933906555175781e-06,1,1
37,3.933906555175781e-06,1,1
38,3.933906555175781e-06,1,1
39,3.933906555175781e-06,1,1
40,3.933906555175781e-06,1,1
41,3.933906555175781e-06,1,1
42,3.933906555175781e-06,1,1
43,3.933906555175781e-06,1,1
44,3.933906555175781e-06,1,1
45,3.933906555175781e-06,1,1
46,3.933906555175781e-06,1,1
47,3.933906555175781e-06,1,1
48,3.933906555175781e-06,1,1
49,3.933906555175781e-06,1,1
50,3.933906555175781e-06,1,1
51,3.933906555175781e-06,1,1
52,3.933906555175781e-06,1,1
53,3.933906555175781e-06,1,1
54,3.933906555175781e-06,1,1
55,3.933906555175781e-06,1,1
56,3.933906555175781e-06,1,1
57,3.933906555175781e-06,1,1
58,3.933906555175781e-06,1,1
59,3.933906555175781e-06,1,1
60,3.933906555175781e-06,1,1
61,3.933906555175781e-06,1,1
62,3.933906555175781e-06,1,1
63,3.933906555175781e-06,1,1
64,3.933906555175781e-06,1,1
65,3.933906555175781e-06,1,1
66,3.933906555175781e-06,1,1
67,3.933906555175781e-06,1,1
68,3.933906555175781e-06,1,1
69,3.933906555175781e-06,1,1
70,3.933906555175781e-06,1,1
71,3.933906555175781e-06,1,1
72,3.933906555175781e-06,1,1
73,3.933906555175781e-06,1,1
74,3.933906555175781e-06,1,1
75,3.933906555175781e-06,1,1
76,3.933906555175781e-06,1,1
77,3.933906555175781e-06,1,1
78,3.933906555175781e-06,1,1
79,3.933906555175781e-06,1,1
80,3.933906555175781e-06,1,1
81,3.933906555175781e-06,1,1
82,3.933906555175781e-06,1,1
83,3.933906555175781e-06,1,1
84,3.933906555175781e-06,1,1
85,3.933906555175781e-06,1,1
86,3.933906555175781e-06,1,1
87,3.933906555175781e-06,1,1
88,3.933906555175781e-06,1,1
89,3.933906555175781e-06,1,1
90,3.933906555175781e-06,1,1
91,3.933906555175781e-06,1,1
92,3.933906555175781e-06,1,1
93,3.933906555175781e-06,1,1
94,3.933906555175781e-06,1,1
95,3.933906555175781e-06,1,1
96,3.933906555175781e-06,1,1
97,3.933906555175781e-06,1,1
98,3.933906555175781e-06,1,1
99,3.933906555175781e-06,1,1
100,3.933906555175781e-06,1,1
101,3.933906555175781e-06,1,1
102,3.933906555175781e-06,1,1
103,3.933906555175781e-06,1,1
104,3.933906555175781e-06,1,1
105,3.933906555175781e-06,1,1
106,3.933906555175781e-06,1,1
107,3.933906555175781e-06,1,1
108,3.933906555175781e-06,1,1
109,3.933906555175781e-06,1,1
110,3.933906555175781e-06,1,1
111,3.933906555175781e-06,1,1
112,3.933906555175781e-06,1,1
113,3.933906555175781e-06,1,1
114,3.933906555175781e-06,1,1
115,3.933906555175781e-06,1,1
116,3.933906555175781e-06,1,1
117,3.933906555175781e-06,1,1
118,3.933906555175781e-06,1,1
119,3.933906555175781e-06,1,1
120,3.933906555175781e-06,1,1
121,3.933906555175781e-06,1,1
122,3.933906555175781e-06,1,1
123,3.933906555175781e-06,1,1
124,3.933906555175781e-06,1,1
125,3.933906555175781e-06,1,1
126,3.933906555175781e-06,1,1
127,3.933906555175781e-06,1,1
128,3.933906555175781e-06,1,1
129,3.933906555175781e-06,1,1
130,3.933906555175781e-06,1,1
131,3.933906555175781e-06,1,1
132,3.933906555175781e-06,1,1
133,3.933906555175781e-06,1,1
134,3.933906555175781e-06,1,1
135,3.933906555175781e-06,1,1
136,3.933906555175781e-06,1,1
137,3.933906555175781e-06,1,1
138,3.933906555175781e-06,1,1
139,3.933906555175781e-06,1,1
140,3.933906555175781e-06,1,1
141,3.933906555175781e-06,1,1
142,3.933906555175781e-06,1,1
143,3.933906555175781e-06,1,1
144,3.933906555175781e-06,1,1
145,3.933906555175781e-06,1,1
146,3.933906555175781e-06,1,1
147,3.933906555175781e-06,1,1
148,3.933906555175781e-06,1,1
149,3.933906555175781e-06,1,1
150,3.933906555175781e-06,1,1
151,3.933906555175781e-06,1,1
152,3.933906555175781e-06,1,1
153,3.933906555175781e-06,1,1
154,3.933906555175781e-06,1,1
155,3.933906555175781e-06,1,1
156,3.933906555175781e-06,1,1
157,3.933906555175781e-06,1,1
158,3.933906555175781e-06,1,1
159,3.933906555175781e-06,1,1
160,3.933906555175781e-06,1,1
161,3.933906555175781e-06,1,1
162,3.933906555175781e-06,1,1
163,3.933906555175781e-06,1,1
164,3.933906555175781e-06,1,1
165,3.933906555175781e-06,1,1
166,3.933906555175781e-06,1,1
167,3.933906555175781e-06,1,1
168,3.933906555175781e-06,1,1
169,3.933906555175781e-06,1,1
170,3.933906555175781e-06,1,1
171,3.933906555175781e-06,1,1
172,3.933906555175781e-06,1,1
173,3.933906555175781e-06,1,1
174,3.933906555175781e-06,1,1
175,3.933906555175781e-06,1,1
176,3.933906555175781e-06,1,1
177,3.933906555175781e-06,1,1
178,3.933906555175781e-06,1,1
179,3.933906555175781e-06,1,1
180,3.933906555175781e-06,1,1
181,3.933906555175781e-06,1,1
182,3.933906555175781e-06,1,1
183,3.933906555175781e-06,1,1
184,3.933906555175781e-06,1,1
185,3.933906555175781e-06,1,1
186,3.933906555175781e-06,1,1
187,3.933906555175781e-06,1,1
188,3.933906555175781e-06,1,1
189,3.933906555175781e-06,1,1
190,3.933906555175781e-06,1,1
191,3.933906555175781e-06,1,1
192,3.933906555175781e-06,1,1
193,3.933906555175781e-06,1,1
194,3.933906555175781e-06,1,1
195,3.933906555175781e-06,1,1
196,3.933906555175781e-06,1,1
197,3.933906555175781e-06,1,1
198,3.933906555175781e-06,1,1
199,3.933906555175781e-06,1,1
200,3.933906555175781e-06,1,1
1,9.417533874511719e-05,1,2
2,9.417533874511719e-05,1,2
3,9.417533874511719e-05,1,2
4,9.40561294555664e-05,1,2
5,9.417533874511719e-05,1,2
6,9.417533874511719e-05,1,2
7,9.417533874511719e-05,1,2
8,9.417533874511719e-05,1,2
9,9.417533874511719e-05,1,2
10,9.417533874511719e-05,1,2
11,9.417533874511719e-05,1,2
12,9.417533874511719e-05,1,2
13,9.417533874511719e-05,1,2
14,9.417533874511719e-05,1,2
15,9.417533874511719e-05,1,2
16,9.417533874511719e-05,1,2
17,9.417533874511719e-05,1,2
18,9.417533874511719e-05,1,2
19,9.417533874511719e-05,1,2
20,9.417533874511719e-05,1,2
21,9.417533874511719e-05,1,2
22,9.417533874511719e-05,1,2
23,9.417533874511719e-05,1,2
24,9.417533874511719e-05,1,2
25,9.417533874511719e-05,1,2
26,9.417533874511719e-05,1,2
27,9.417533874511719e-05,1,2
28,9.417533874511719e-05,1,2
29,9.417533874511719e-05,1,2
30,9.417533874511719e-05,1,2
31,9.417533874511719e-05,1,2
32,9.417533874511719e-05,1,2
33,9.417533874511719e-05,1,2
34,9.417533874511719e-05,1,2
35,9.417533874511719e-05,1,2
36,9.417533874511719e-05,1,2
37,9.417533874511719e-05,1,2
38,9.417533874511719e-05,1,2
39,9.417533874511719e-05,1,2
40,9.417533874511719e-05,1,2
41,9.417533874511719e-05,1,2
42,9.417533874511719e-05,1,2
43,9.417533874511719e-05,1,2
44,9.417533874511719e-05,1,2
45,9.417533874511719e-05,1,2
46,9.417533874511719e-05,1,2
47,9.417533874511719e-05,1,2
48,9.417533874511719e-05,1,2
49,9.417533874511719e-05,1,2
50,9.417533874511719e-05,1,2
51,9.417533874511719e-05,1,2
52,9.417533874511719e-05,1,2
53,9.417533874511719e-05,1,2
54,9.417533874511719e-05,1,2
55,9.417533874511719e-05,1,2
56,9.417533874511719e-05,1,2
57,9.417533874511719e-05,1,2
58,9.417533874511719e-05,1,2
59,9.417533874511719e-05,1,2
60,9.417533874511719e-05,1,2
61,9.417533874511719e-05,1,2
62,9.417533874511719e-05,1,2
63,9.417533874511719e-05,1,2
64,9.417533874511719e-05,1,2
65,9.417533874511719e-05,1,2
66,9.417533874511719e-05,1,2
67,9.417533874511719e-05,1,2
68,9.417533874511719e-05,1,2
69,9.417533874511719e-05,1,2
70,9.417533874511719e-05,1,2
71,9.417533874511719e-05,1,2
72,9.417533874511719e-05,1,2
73,9.417533874511719e-05,1,2
74,9.417533874511719e-05,1,2
75,9.417533874511719e-05,1,2
76,9.417533874511719e-05,1,2
77,9.417533874511719e-05,1,2
78,9.417533874511719e-05,1,2
79,9.417533874511719e-05,1,2
80,9.417533874511719e-05,1,2
81,9.417533874511719e-05,1,2
82,9.417533874511719e-05,1,2
83,9.417533874511719e-05,1,2
84,9.417533874511719e-05,1,2
85,9.417533874511719e-05,1,2
86,9.417533874511719e-05,1,2
87,9.417533874511719e-05,1,2
88,9.417533874511719e-05,1,2
89,9.417533874511719e-05,1,2
90,9.417533874511719e-05,1,2
91,9.417533874511719e-05,1,2
92,9.417533874511719e-05,1,2
93,9.417533874511719e-05,1,2
94,9.417533874511719e-05,1,2
95,9.417533874511719e-05,1,2
96,9.417533874511719e-05,1,2
97,9.417533874511719e-05,1,2
98,9.417533874511719e-05,1,2
99,9.417533874511719e-05,1,2
100,9.417533874511719e-05,1,2
101,9.417533874511719e-05,1,2
102,9.417533874511719e-05,1,2
103,9.417533874511719e-05,1,2
104,9.417533874511719e-05,1,2
105,9.417533874511719e-05,1,2
106,9.417533874511719e-05,1,2
107,9.417533874511719e-05,1,2
108,9.417533874511719e-05,1,2
109,9.417533874511719e-05,1,2
110,9.417533874511719e-05,1,2
111,9.417533874511719e-05,1,2
112,9.417533874511719e-05,1,2
113,9.417533874511719e-05,1,2
114,9.417533874511719e-05,1,2
115,9.417533874511719e-05,1,2
116,9.417533874511719e-05,1,2
117,9.417533874511719e-05,1,2
118,9.417533874511719e-05,1,2
119,9.417533874511719e-05,1,2
120,9.417533874511719e-05,1,2
121,9.417533874511719e-05,1,2
122,9.417533874511719e-05,1,2
123,9.417533874511719e-05,1,2
124,9.417533874511719e-05,1,2
125,9.417533874511719e-05,1,2
126,9.417533874511719e-05,1,2
127,9.417533874511719e-05,1,2
128,9.417533874511719e-05,1,2
129,9.417533874511719e-05,1,2
130,9.417533874511719e-05,1,2
131,9.417533874511719e-05,1,2
132,9.417533874511719e-05,1,2
133,9.417533874511719e-05,1,2
134,9.417533874511719e-05,1,2
135,9.417533874511719e-05,1,2
136,9.417533874511719e-05,1,2
137,9.417533874511719e-05,1,2
138,9.417533874511719e-05,1,2
139,9.417533874511719e-05,1,2
140,9.417533874511719e-05,1,2
141,9.417533874511719e-05,1,2
142,9.417533874511719e-05,1,2
143,9.417533874511719e-05,1,2
144,9.417533874511719e-05,1,2
145,9.417533874511719e-05,1,2
146,9.417533874511719e-05,1,2
147,9.417533874511719e-05,1,2
148,9.417533874511719e-05,1,2
149,9.417533874511719e-05,1,2
150,9.417533874511719e-05,1,2
151,9.417533874511719e-05,1,2
152,9.417533874511719e-05,1,2
153,9.417533874511719e-05,1,2
154,9.417533874511719e-05,1,2
155,9.417533874511719e-05,1,2
156,9.417533874511719e-05,1,2
157,9.417533874511719e-05,1,2
158,9.417533874511719e-05,1,2
159,9.417533874511719e-05,1,2
160,9.417533874511719e-05,1,2
161,9.417533874511719e-05,1,2
162,9.417533874511719e-05,1,2
163,9.417533874511719e-05,1,2
164,9.417533874511719e-05,1,2
165,9.417533874511719e-05,1,2
166,9.417533874511719e-05,1,2
167,9.417533874511719e-05,1,2
168,9.417533874511719e-05,1,2
169,9.417533874511719e-05,1,2
170,9.417533874511719e-05,1,2
171,9.417533874511719e-05,1,2
172,9.417533874511719e-05,1,2
173,9.417533874511719e-05,1,2
174,9.417533874511719e-05,1,2
175,9.417533874511719e-05,1,2
176,9.417533874511719e-05,1,2
177,9.417533874511719e-05,1,2
178,9.417533874511719e-05,1,2
179,9.417533874511719e-05,1,2
180,9.417533874511719e-05,1,2
181,9.417533874511719e-05,1,2
182,9.417533874511719e-05,1,2
183,9.417533874511719e-05,1,2
184,9.417533874511719e-05,1,2
185,9.417533874511719e-05,1,2
186,9.417533874511719e-05,1,2
187,9.417533874511719e-05,1,2
188,9.417533874511719e-05,1,2
189,9.417533874511719e-05,1,2
190,9.417533874511719e-05,1,2
191,9.417533874511719e-05,1,2
192,9.417533874511719e-05,1,2
193,9.417533874511719e-05,1,2
194,9.417533874511719e-05,1,2
195,9.417533874511719e-05,1,2
196,9.417533874511719e-05,1,2
197,9.417533874511719e-05,1,2
198,9.417533874511719e-05,1,2
199,9.417533874511719e-05,1,2
200,9.417533874511719e-05,1,2
1,8.344650268554688e-07,1,3
2,8.344650268554688e-07,1,3
3,8.344650268554688e-07,1,3
4,8.344650268554688e-07,1,3
5,8.344650268554688e-07,1,3
6,8.344650268554688e-07,1,3
7,8.344650268554688e-07,1,3
8,8.344650268554688e-07,1,3
9,8.344650268554688e-07,1,3
10,8.344650268554688e-07,1,3
11,8.344650268554688e-07,1,3
12,8.344650268554688e-07,1,3
13,8.344650268554688e-07,1,3
14,8.344650268554688e-07,1,3
15,8.344650268554688e-07,1,3
16,8.344650268554688e-07,1,3
17,8.344650268554688e-07,1,3
18,8.344650268554688e-07,1,3
19,8.344650268554688e-07,1,3
20,8.344650268554688e-07,1,3
21,8.344650268554688e-07,1,3
22,8.344650268554688e-07,1,3
23,8.344650268554688e-07,1,3
24,8.344650268554688e-07,1,3
25,8.344650268554688e-07,1,3
26,8.344650268554688e-07,1,3
27,8.344650268554688e-07,1,3
28,8.344650268554688e-07,1,3
29,8.344650268554688e-07,1,3
30,8.344650268554688e-07,1,3
31,8.344650268554688e-07,1,3
32,8.344650268554688e-07,1,3
33,8.344650268554688e-07,1,3
34,8.344650268554688e-07,1,3
35,8.344650268554688e-07,1,3
36,8.344650268554688e-07,1,3
37,8.344650268554688e-07,1,3
38,8.344650268554688e-07,1,3
39,8.344650268554688e-07,1,3
40,8.344650268554688e-07,1,3
41,8.344650268554688e-07,1,3
42,8.344650268554688e-07,1,3
43,8.344650268554688e-07,1,3
44,8.344650268554688e-07,1,3
45,8.344650268554688e-07,1,3
46,8.344650268554688e-07,1,3
47,8.344650268554688e-07,1,3
48,8.344650268554688e-07,1,3
49,8.344650268554688e-07,1,3
50,8.344650268554688e-07,1,3
51,8.344650268554688e-07,1,3
52,8.344650268554688e-07,1,3
53,8.344650268554688e-07,1,3
54,8.344650268554688e-07,1,3
55,8.344650268554688e-07,1,3
56,8.344650268554688e-07,1,3
57,8.344650268554688e-07,1,3
58,8.344650268554688e-07,1,3
59,8.344650268554688e-07,1,3
60,8.344650268554688e-07,1,3
61,8.344650268554688e-07,1,3
62,8.344650268554688e-07,1,3
63,8.344650268554688e-07,1,3
64,8.344650268554688e-07,1,3
65,8.344650268554688e-07,1,3
66,8.344650268554688e-07,1,3
67,8.344650268554688e-07,1,3
68,8.344650268554688e-07,1,3
69,8.344650268554688e-07,1,3
70,8.344650268554688e-07,1,3
71,8.344650268554688e-07,1,3
72,8.344650268554688e-07,1,3
73,8.344650268554688e-07,1,3
74,8.344650268554688e-07,1,3
75,8.344650268554688e-07,1,3
76,8.344650268554688e-07,1,3
77,8.344650268554688e-07,1,3
78,8.344650268554688e-07,1,3
79,8.344650268554688e-07,1,3
80,8.344650268554688e-07,1,3
81,8.344650268554688e-07,1,3
82,8.344650268554688e-07,1,3
83,8.344650268554688e-07,1,3
84,8.344650268554688e-07,1,3
85,8.344650268554688e-07,1,3
86,8.344650268554688e-07,1,3
87,8.344650268554688e-07,1,3
88,8.344650268554688e-07,1,3
89,8.344650268554688e-07,1,3
90,8.344650268554688e-07,1,3
91,8.344650268554688e-07,1,3
92,8.344650268554688e-07,1,3
93,8.344650268554688e-07,1,3
94,8.344650268554688e-07,1,3
95,8.344650268554688e-07,1,3
96,8.344650268554688e-07,1,3
97,8.344650268554688e-07,1,3
98,8.344650268554688e-07,1,3
99,8.344650268554688e-07,1,3
100,8.344650268554688e-07,1,3
101,8.344650268554688e-07,1,3
102,8.344650268554688e-07,1,3
103,8.344650268554688e-07,1,3
104,8.344650268554688e-07,1,3
105,8.344650268554688e-07,1,3
106,8.344650268554688e-07,1,3
107,8.344650268554688e-07,1,3
108,8.344650268554688e-07,1,3
109,8.344650268554688e-07,1,3
110,8.344650268554688e-07,1,3
111,8.344650268554688e-07,1,3
112,8.344650268554688e-07,1,3
113,8.344650268554688e-07,1,3
114,8.344650268554688e-07,1,3
115,8.344650268554688e-07,1,3
116,8.344650268554688e-07,1,3
117,8.344650268554688e-07,1,3
118,8.344650268554688e-07,1,3
119,8.344650268554688e-07,1,3
120,8.344650268554688e-07,1,3
121,8.344650268554688e-07,1,3
122,8.344650268554688e-07,1,3
123,8.344650268554688e-07,1,3
124,8.344650268554688e-07,1,3
125,8.344650268554688e-07,1,3
126,8.344650268554688e-07,1,3
127,8.344650268554688e-07,1,3
128,8.344650268554688e-07,1,3
129,8.344650268554688e-07,1,3
130,8.344650268554688e-07,1,3
131,8.344650268554688e-07,1,3
132,8.344650268554688e-07,1,3
133,8.344650268554688e-07,1,3
134,8.344650268554688e-07,1,3
135,8.344650268554688e-07,1,3
136,8.344650268554688e-07,1,3
137,8.344650268554688e-07,1,3
138,8.344650268554688e-07,1,3
139,8.344650268554688e-07,1,3
140,8.344650268554688e-07,1,3
141,8.344650268554688e-07,1,3
142,8.344650268554688e-07,1,3
143,8.344650268554688e-07,1,3
144,8.344650268554688e-07,1,3
145,8.344650268554688e-07,1,3
146,8.344650268554688e-07,1,3
147,8.344650268554688e-07,1,3
148,8.344650268554688e-07,1,3
149,8.344650268554688e-07,1,3
150,8.344650268554688e-07,1,3
151,8.344650268554688e-07,1,3
152,8.344650268554688e-07,1,3
153,8.344650268554688e-07,1,3
154,8.344650268554688e-07,1,3
155,8.344650268554688e-07,1,3
156,8.344650268554688e-07,1,3
157,8.344650268554688e-07,1,3
158,8.344650268554688e-07,1,3
159,8.344650268554688e-07,1,3
160,8.344650268554688e-07,1,3
161,8.344650268554688e-07,1,3
162,8.344650268554688e-07,1,3
163,8.344650268554688e-07,1,3
164,8.344650268554688e-07,1,3
165,8.344650268554688e-07,1,3
166,8.344650268554688e-07,1,3
167,8.344650268554688e-07,1,3
168,8.344650268554688e-07,1,3
169,8.344650268554688e-07,1,3
170,8.344650268554688e-07,1,3
171,8.344650268554688e-07,1,3
172,8.344650268554688e-07,1,3
173,8.344650268554688e-07,1,3
174,8.344650268554688e-07,1,3
175,8.344650268554688e-07,1,3
176,8.344650268554688e-07,1,3
177,8.344650268554688e-07,1,3
178,8.344650268554688e-07,1,3
179,8.344650268554688e-07,1,3
180,8.344650268554688e-07,1,3
181,8.344650268554688e-07,1,3
182,8.344650268554688e-07,1,3
183,8.344650268554688e-07,1,3
184,8.344650268554688e-07,1,3
185,8.344650268554688e-07,1,3
186,8.344650268554688e-07,1,3
187,8.344650268554688e-07,1,3
188,8.344650268554688e-07,1,3
189,8.344650268554688e-07,1,3
190,8.344650268554688e-07,1,3
191,8.344650268554688e-07,1,3
192,8.344650268554688e-07,1,3
193,8.344650268554688e-07,1,3
194,8.344650268554688e-07,1,3
195,8.344650268554688e-07,1,3
196,8.344650268554688e-07,1,3
197,8.344650268554688e-07,1,3
198,8.344650268554688e-07,1,3
199,8.344650268554688e-07,1,3
200,8.344650268554688e-07,1,3
1,5.125999450683594e-06,1,4
2,5.125999450683594e-06,1,4
3,5.125999450683594e-06,1,4
4,5.125999450683594e-06,1,4
5,5.125999450683594e-06,1,4
6,5.125999450683594e-06,1,4
7,5.125999450683594e-06,1,4
8,5.125999450683594e-06,1,4
9,5.125999450683594e-06,1,4
10,5.125999450683594e-06,1,4
11,5.125999450683594e-06,1,4
12,5.125999450683594e-06,1,4
13,5.125999450683594e-06,1,4
14,5.125999450683594e-06,1,4
15,5.125999450683594e-06,1,4
16,5.125999450683594e-06,1,4
17,5.125999450683594e-06,1,4
18,5.125999450683594e-06,1,4
19,5.125999450683594e-06,1,4
20,5.125999450683594e-06,1,4
21,5.125999450683594e-06,1,4
22,5.125999450683594e-06,1,4
23,5.125999450683594e-06,1,4
24,5.125999450683594e-06,1,4
25,5.125999450683594e-06,1,4
26,5.125999450683594e-06,1,4
27,5.125999450683594e-06,1,4
28,5.125999450683594e-06,1,4
29,5.125999450683594e-06,1,4
30,5.125999450683594e-06,1,4
31,5.125999450683594e-06,1,4
32,5.125999450683594e-06,1,4
33,5.125999450683594e-06,1,4
34,5.125999450683594e-06,1,4
35,5.125999450683594e-06,1,4
36,5.125999450683594e-06,1,4
37,5.125999450683594e-06,1,4
38,5.125999450683594e-06,1,4
39,5.125999450683594e-06,1,4
40,5.125999450683594e-06,1,4
41,5.125999450683594e-06,1,4
42,5.125999450683594e-06,1,4
43,5.125999450683594e-06,1,4
44,5.125999450683594e-06,1,4
45,5.125999450683594e-06,1,4
46,5.125999450683594e-06,1,4
47,5.125999450683594e-06,1,4
48,5.125999450683594e-06,1,4
49,5.125999450683594e-06,1,4
50,5.125999450683594e-06,1,4
51,5.125999450683594e-06,1,4
52,5.125999450683594e-06,1,4
53,5.125999450683594e-06,1,4
54,5.125999450683594e-06,1,4
55,5.125999450683594e-06,1,4
56,5.125999450683594e-06,1,4
57,5.125999450683594e-06,1,4
58,5.125999450683594e-06,1,4
59,5.125999450683594e-06,1,4
60,5.125999450683594e-06,1,4
61,5.125999450683594e-06,1,4
62,5.125999450683594e-06,1,4
63,5.125999450683594e-06,1,4
64,5.125999450683594e-06,1,4
65,5.125999450683594e-06,1,4
66,5.125999450683594e-06,1,4
67,5.125999450683594e-06,1,4
68,5.125999450683594e-06,1,4
69,5.125999450683594e-06,1,4
70,5.125999450683594e-06,1,4
71,5.125999450683594e-06,1,4
72,5.125999450683594e-06,1,4
73,5.125999450683594e-06,1,4
74,5.125999450683594e-06,1,4
75,5.125999450683594e-06,1,4
76,5.125999450683594e-06,1,4
77,5.125999450683594e-06,1,4
78,5.125999450683594e-06,1,4
79,5.125999450683594e-06,1,4
80,5.125999450683594e-06,1,4
81,5.125999450683594e-06,1,4
82,5.125999450683594e-06,1,4
83,5.125999450683594e-06,1,4
84,5.125999450683594e-06,1,4
85,5.125999450683594e-06,1,4
86,5.125999450683594e-06,1,4
87,5.125999450683594e-06,1,4
88,5.125999450683594e-06,1,4
89,5.125999450683594e-06,1,4
90,5.125999450683594e-06,1,4
91,5.125999450683594e-06,1,4
92,5.125999450683594e-06,1,4
93,5.125999450683594e-06,1,4
94,5.125999450683594e-06,1,4
95,5.125999450683594e-06,1,4
96,5.125999450683594e-06,1,4
97,5.125999450683594e-06,1,4
98,5.125999450683594e-06,1,4
99,5.125999450683594e-06,1,4
100,5.125999450683594e-06,1,4
101,5.125999450683594e-06,1,4
102,5.125999450683594e-06,1,4
103,5.125999450683594e-06,1,4
104,5.125999450683594e-06,1,4
105,5.125999450683594e-06,1,4
106,5.125999450683594e-06,1,4
107,5.125999450683594e-06,1,4
108,5.125999450683594e-06,1,4
109,5.125999450683594e-06,1,4
110,5.125999450683594e-06,1,4
111,5.125999450683594e-06,1,4
112,5.125999450683594e-06,1,4
113,5.125999450683594e-06,1,4
114,5.125999450683594e-06,1,4
115,5.125999450683594e-06,1,4
116,5.125999450683594e-06,1,4
117,5.125999450683594e-06,1,4
118,5.125999450683594e-06,1,4
119,5.125999450683594e-06,1,4
120,5.125999450683594e-06,1,4
121,5.125999450683594e-06,1,4
122,5.125999450683594e-06,1,4
123,5.125999450683594e-06,1,4
124,5.125999450683594e-06,1,4
125,5.125999450683594e-06,1,4
126,5.125999450683594e-06,1,4
127,5.125999450683594e-06,1,4
128,5.125999450683594e-06,1,4
129,5.125999450683594e-06,1,4
130,5.125999450683594e-06,1,4
131,5.125999450683594e-06,1,4
132,5.125999450683594e-06,1,4
133,5.125999450683594e-06,1,4
134,5.125999450683594e-06,1,4
135,5.125999450683594e-06,1,4
136,5.125999450683594e-06,1,4
137,5.125999450683594e-06,1,4
138,5.125999450683594e-06,1,4
139,5.125999450683594e-06,1,4
140,5.125999450683594e-06,1,4
141,5.125999450683594e-06,1,4
142,5.125999450683594e-06,1,4
143,5.125999450683594e-06,1,4
144,5.125999450683594e-06,1,4
145,5.125999450683594e-06,1,4
146,5.125999450683594e-06,1,4
147,5.125999450683594e-06,1,4
148,5.125999450683594e-06,1,4
149,5.125999450683594e-06,1,4
150,5.125999450683594e-06,1,4
151,5.125999450683594e-06,1,4
152,5.125999450683594e-06,1,4
153,5.125999450683594e-06,1,4
154,5.125999450683594e-06,1,4
155,5.125999450683594e-06,1,4
156,5.125999450683594e-06,1,4
157,5.125999450683594e-06,1,4
158,5.125999450683594e-06,1,4
159,5.125999450683594e-06,1,4
160,5.125999450683594e-06,1,4
161,5.125999450683594e-06,1,4
162,5.125999450683594e-06,1,4
163,5.125999450683594e-06,1,4
164,5.125999450683594e-06,1,4
165,5.125999450683594e-06,1,4
166,5.125999450683594e-06,1,4
167,5.125999450683594e-06,1,4
168,5.125999450683594e-06,1,4
169,5.125999450683594e-06,1,4
170,5.125999450683594e-06,1,4
171,5.125999450683594e-06,1,4
172,5.125999450683594e-06,1,4
173,5.125999450683594e-06,1,4
174,5.125999450683594e-06,1,4
175,5.125999450683594e-06,1,4
176,5.125999450683594e-06,1,4
177,5.125999450683594e-06,1,4
178,5.125999450683594e-06,1,4
179,5.125999450683594e-06,1,4
180,5.125999450683594e-06,1,4
181,5.125999450683594e-06,1,4
182,5.125999450683594e-06,1,4
183,5.125999450683594e-06,1,4
184,5.125999450683594e-06,1,4
185,5.125999450683594e-06,1,4
186,5.125999450683594e-06,1,4
187,5.125999450683594e-06,1,4
188,5.125999450683594e-06,1,4
189,5.125999450683594e-06,1,4
190,5.125999450683594e-06,1,4
191,5.125999450683594e-06,1,4
192,5.125999450683594e-06,1,4
193,5.125999450683594e-06,1,4
194,5.125999450683594e-06,1,4
195,5.125999450683594e-06,1,4
196,5.125999450683594e-06,1,4
197,5.125999450683594e-06,1,4
198,5.125999450683594e-06,1,4
199,5.125999450683594e-06,1,4
200,5.125999450683594e-06,1,4
1,4.5299530029296875e-06,1,5
2,4.5299530029296875e-06,1,5
3,4.5299530029296875e-06,1,5
4,4.5299530029296875e-06,1,5
5,4.5299530029296875e-06,1,5
6,4.5299530029296875e-06,1,5
7,4.5299530029296875e-06,1,5
8,4.5299530029296875e-06,1,5
9,4.5299530029296875e-06,1,5
10,4.5299530029296875e-06,1,5
11,4.5299530029296875e-06,1,5
12,4.5299530029296875e-06,1,5
13,4.5299530029296875e-06,1,5
14,4.5299530029296875e-06,1,5
15,4.5299530029296875e-06,1,5
16,4.5299530029296875e-06,1,5
17,4.5299530029296875e-06,1,5
18,4.5299530029296875e-06,1,5
19,4.5299530029296875e-06,1,5
20,4.5299530029296875e-06,1,5
21,4.5299530029296875e-06,1,5
22,4.5299530029296875e-06,1,5
23,4.5299530029296875e-06,1,5
24,4.5299530029296875e-06,1,5
25,4.5299530029296875e-06,1,5
26,4.5299530029296875e-06,1,5
27,4.5299530029296875e-06,1,5
28,4.5299530029296875e-06,1,5
29,4.5299530029296875e-06,1,5
30,4.5299530029296875e-06,1,5
31,4.5299530029296875e-06,1,5
32,4.5299530029296875e-06,1,5
33,4.5299530029296875e-06,1,5
34,4.5299530029296875e-06,1,5
35,4.5299530029296875e-06,1,5
36,4.5299530029296875e-06,1,5
37,4.5299530029296875e-06,1,5
38,4.5299530029296875e-06,1,5
39,4.5299530029296875e-06,1,5
40,4.5299530029296875e-06,1,5
41,4.5299530029296875e-06,1,5
42,4.5299530029296875e-06,1,5
43,4.5299530029296875e-06,1,5
44,4.5299530029296875e-06,1,5
45,4.5299530029296875e-06,1,5
46,4.5299530029296875e-06,1,5
47,4.5299530029296875e-06,1,5
48,4.5299530029296875e-06,1,5
49,4.5299530029296875e-06,1,5
50,4.5299530029296875e-06,1,5
51,4.5299530029296875e-06,1,5
52,4.5299530029296875e-06,1,5
53,4.5299530029296875e-06,1,5
54,4.5299530029296875e-06,1,5
55,4.5299530029296875e-06,1,5
56,4.5299530029296875e-06,1,5
57,4.5299530029296875e-06,1,5
58,4.5299530029296875e-06,1,5
59,4.5299530029296875e-06,1,5
60,4.5299530029296875e-06,1,5
61,4.5299530029296875e-06,1,5
62,4.5299530029296875e-06,1,5
63,4.5299530029296875e-06,1,5
64,4.5299530029296875e-06,1,5
65,4.5299530029296875e-06,1,5
66,4.5299530029296875e-06,1,5
67,4.5299530029296875e-06,1,5
68,4.5299530029296875e-06,1,5
69,4.5299530029296875e-06,1,5
70,4.5299530029296875e-06,1,5
71,4.5299530029296875e-06,1,5
72,4.5299530029296875e-06,1,5
73,4.5299530029296875e-06,1,5
74,4.5299530029296875e-06,1,5
75,4.5299530029296875e-06,1,5
76,4.5299530029296875e-06,1,5
77,4.5299530029296875e-06,1,5
78,4.5299530029296875e-06,1,5
79,4.5299530029296875e-06,1,5
80,4.5299530029296875e-06,1,5
81,4.5299530029296875e-06,1,5
82,4.5299530029296875e-06,1,5
83,4.5299530029296875e-06,1,5
84,4.5299530029296875e-06,1,5
85,4.5299530029296875e-06,1,5
86,4.5299530029296875e-06,1,5
87,4.5299530029296875e-06,1,5
88,4.5299530029296875e-06,1,5
89,4.5299530029296875e-06,1,5
90,4.5299530029296875e-06,1,5
91,4.5299530029296875e-06,1,5
92,4.5299530029296875e-06,1,5
93,4.5299530029296875e-06,1,5
94,4.5299530029296875e-06,1,5
95,4.5299530029296875e-06,1,5
96,4.5299530029296875e-06,1,5
97,4.5299530029296875e-06,1,5
98,4.5299530029296875e-06,1,5
99,4.5299530029296875e-06,1,5
100,4.5299530029296875e-06,1,5
101,4.5299530029296875e-06,1,5
102,4.5299530029296875e-06,1,5
103,4.5299530029296875e-06,1,5
104,4.5299530029296875e-06,1,5
105,4.5299530029296875e-06,1,5
106,4.5299530029296875e-06,1,5
107,4.5299530029296875e-06,1,5
108,4.5299530029296875e-06,1,5
109,4.5299530029296875e-06,1,5
110,4.5299530029296875e-06,1,5
111,4.5299530029296875e-06,1,5
112,4.5299530029296875e-06,1,5
113,4.5299530029296875e-06,1,5
114,4.5299530029296875e-06,1,5
115,4.5299530029296875e-06,1,5
116,4.5299530029296875e-06,1,5
117,4.5299530029296875e-06,1,5
118,4.5299530029296875e-06,1,5
119,4.5299530029296875e-06,1,5
120,4.5299530029296875e-06,1,5
121,4.5299530029296875e-06,1,5
122,4.5299530029296875e-06,1,5
123,4.5299530029296875e-06,1,5
124,4.5299530029296875e-06,1,5
125,4.5299530029296875e-06,1,5
126,4.5299530029296875e-06,1,5
127,4.5299530029296875e-06,1,5
128,4.5299530029296875e-06,1,5
129,4.5299530029296875e-06,1,5
130,4.5299530029296875e-06,1,5
131,4.5299530029296875e-06,1,5
132,4.5299530029296875e-06,1,5
133,4.5299530029296875e-06,1,5
134,4.5299530029296875e-06,1,5
135,4.5299530029296875e-06,1,5
136,4.5299530029296875e-06,1,5
137,4.5299530029296875e-06,1,5
138,4.5299530029296875e-06,1,5
139,4.5299530029296875e-06,1,5
140,4.5299530029296875e-06,1,5
141,4.5299530029296875e-06,1,5
142,4.5299530029296875e-06,1,5
143,4.5299530029296875e-06,1,5
144,4.5299530029296875e-06,1,5
145,4.5299530029296875e-06,1,5
146,4.5299530029296875e-06,1,5
147,4.5299530029296875e-06,1,5
148,4.5299530029296875e-06,1,5
149,4.5299530029296875e-06,1,5
150,4.5299530029296875e-06,1,5
151,4.5299530029296875e-06,1,5
152,4.5299530029296875e-06,1,5
153,4.5299530029296875e-06,1,5
154,4.5299530029296875e-06,1,5
155,4.5299530029296875e-06,1,5
156,4.5299530029296875e-06,1,5
157,4.5299530029296875e-06,1,5
158,4.5299530029296875e-06,1,5
159,4.5299530029296875e-06,1,5
160,4.5299530029296875e-06,1,5
161,4.5299530029296875e-06,1,5
162,4.5299530029296875e-06,1,5
163,4.5299530029296875e-06,1,5
164,4.5299530029296875e-06,1,5
165,4.5299530029296875e-06,1,5
166,4.5299530029296875e-06,1,5
167,4.5299530029296875e-06,1,5
168,4.5299530029296875e-06,1,5
169,4.5299530029296875e-06,1,5
170,4.5299530029296875e-06,1,5
171,4.5299530029296875e-06,1,5
172,4.5299530029296875e-06,1,5
173,4.5299530029296875e-06,1,5
174,4.5299530029296875e-06,1,5
175,4.5299530029296875e-06,1,5
176,4.5299530029296875e-06,1,5
177,4.5299530029296875e-06,1,5
178,4.5299530029296875e-06,1,5
179,4.5299530029296875e-06,1,5
180,4.5299530029296875e-06,1,5
181,4.5299530029296875e-06,1,5
182,4.5299530029296875e-06,1,5
183,4.5299530029296875e-06,1,5
184,4.5299530029296875e-06,1,5
185,4.5299530029296875e-06,1,5
186,4.5299530029296875e-06,1,5
187,4.5299530029296875e-06,1,5
188,4.5299530029296875e-06,1,5
189,4.5299530029296875e-06,1,5
190,4.5299530029296875e-06,1,5
191,4.5299530029296875e-06,1,5
192,4.5299530029296875e-06,1,5
193,4.5299530029296875e-06,1,5
194,4.5299530029296875e-06,1,5
195,4.5299530029296875e-06,1,5
196,4.5299530029296875e-06,1,5
197,4.5299530029296875e-06,1,5
198,4.5299530029296875e-06,1,5
199,4.5299530029296875e-06,1,5
200,4.5299530029296875e-06,1,5
1,1.6450881958007812e-05,1,6
2,1.6450881958007812e-05,1,6
3,1.6450881958007812e-05,1,6
4,1.6450881958007812e-05,1,6
5,1.6450881958007812e-05,1,6
6,1.6450881958007812e-05,1,6
7,1.6450881958007812e-05,1,6
8,1.6450881958007812e-05,1,6
9,1.6450881958007812e-05,1,6
10,1.6450881958007812e-05,1,6
11,1.6450881958007812e-05,1,6
12,1.6450881958007812e-05,1,6
13,1.6450881958007812e-05,1,6
14,1.6450881958007812e-05,1,6
15,1.6450881958007812e-05,1,6
16,1.6450881958007812e-05,1,6
17,1.6450881958007812e-05,1,6
18,1.6450881958007812e-05,1,6
19,1.6450881958007812e-05,1,6
20,1.6450881958007812e-05,1,6
21,1.6450881958007812e-05,1,6
22,1.6450881958007812e-05,1,6
23,1.6450881958007812e-05,1,6
24,1.6450881958007812e-05,1,6
25,1.6450881958007812e-05,1,6
26,1.6450881958007812e-05,1,6
27,1.6450881958007812e-05,1,6
28,1.6450881958007812e-05,1,6
29,1.6450881958007812e-05,1,6
30,1.6450881958007812e-05,1,6
31,1.6450881958007812e-05,1,6
32,1.6450881958007812e-05,1,6
33,1.6450881958007812e-05,1,6
34,1.6450881958007812e-05,1,6
35,1.6450881958007812e-05,1,6
36,1.6450881958007812e-05,1,6
37,1.6450881958007812e-05,1,6
38,1.6450881958007812e-05,1,6
39,1.6450881958007812e-05,1,6
40,1.6450881958007812e-05,1,6
41,1.6450881958007812e-05,1,6
42,1.6450881958007812e-05,1,6
43,1.6450881958007812e-05,1,6
44,1.6450881958007812e-05,1,6
45,1.6450881958007812e-05,1,6
46,1.6450881958007812e-05,1,6
47,1.6450881958007812e-05,1,6
48,1.6450881958007812e-05,1,6
49,1.6450881958007812e-05,1,6
50,1.6450881958007812e-05,1,6
51,1.6450881958007812e-05,1,6
52,1.6450881958007812e-05,1,6
53,1.6450881958007812e-05,1,6
54,1.6450881958007812e-05,1,6
55,1.6450881958007812e-05,1,6
56,1.6450881958007812e-05,1,6
57,1.6450881958007812e-05,1,6
58,1.6450881958007812e-05,1,6
59,1.6450881958007812e-05,1,6
60,1.6450881958007812e-05,1,6
61,1.6450881958007812e-05,1,6
62,1.6450881958007812e-05,1,6
63,1.6450881958007812e-05,1,6
64,1.6450881958007812e-05,1,6
65,1.6450881958007812e-05,1,6
66,1.6450881958007812e-05,1,6
67,1.6450881958007812e-05,1,6
68,1.6450881958007812e-05,1,6
69,1.6450881958007812e-05,1,6
70,1.6450881958007812e-05,1,6
71,1.6450881958007812e-05,1,6
72,1.6450881958007812e-05,1,6
73,1.6450881958007812e-05,1,6
74,1.6450881958007812e-05,1,6
75,1.6450881958007812e-05,1,6
76,1.6450881958007812e-05,1,6
77,1.6450881958007812e-05,1,6
78,1.6450881958007812e-05,1,6
79,1.6450881958007812e-05,1,6
80,1.6450881958007812e-05,1,6
81,1.6450881958007812e-05,1,6
82,1.6450881958007812e-05,1,6
83,1.6450881958007812e-05,1,6
84,1.6450881958007812e-05,1,6
85,1.6450881958007812e-05,1,6
86,1.6450881958007812e-05,1,6
87,1.6450881958007812e-05,1,6
88,1.6450881958007812e-05,1,6
89,1.6450881958007812e-05,1,6
90,1.6450881958007812e-05,1,6
91,1.6450881958007812e-05,1,6
92,1.6450881958007812e-05,1,6
93,1.6450881958007812e-05,1,6
94,1.6450881958007812e-05,1,6
95,1.6450881958007812e-05,1,6
96,1.6450881958007812e-05,1,6
97,1.6450881958007812e-05,1,6
98,1.6450881958007812e-05,1,6
99,1.6450881958007812e-05,1,6
100,1.6450881958007812e-05,1,6
101,1.6450881958007812e-05,1,6
102,1.6450881958007812e-05,1,6
103,1.6450881958007812e-05,1,6
104,1.6450881958007812e-05,1,6
105,1.6450881958007812e-05,1,6
106,1.6450881958007812e-05,1,6
107,1.6450881958007812e-05,1,6
108,1.6450881958007812e-05,1,6
109,1.6450881958007812e-05,1,6
110,1.6450881958007812e-05,1,6
111,1.6450881958007812e-05,1,6
112,1.6450881958007812e-05,1,6
113,1.6450881958007812e-05,1,6
114,1.6450881958007812e-05,1,6
115,1.6450881958007812e-05,1,6
116,1.6450881958007812e-05,1,6
117,1.6450881958007812e-05,1,6
118,1.6450881958007812e-05,1,6
119,1.6450881958007812e-05,1,6
120,1.6450881958007812e-05,1,6
121,1.6450881958007812e-05,1,6
122,1.6450881958007812e-05,1,6
123,1.6450881958007812e-05,1,6
124,1.6450881958007812e-05,1,6
125,1.6450881958007812e-05,1,6
126,1.6450881958007812e-05,1,6
127,1.6450881958007812e-05,1,6
128,1.6450881958007812e-05,1,6
129,1.6450881958007812e-05,1,6
130,1.6450881958007812e-05,1,6
131,1.6450881958007812e-05,1,6
132,1.6450881958007812e-05,1,6
133,1.6450881958007812e-05,1,6
134,1.6450881958007812e-05,1,6
135,1.6450881958007812e-05,1,6
136,1.6450881958007812e-05,1,6
137,1.6450881958007812e-05,1,6
138,1.6450881958007812e-05,1,6
139,1.6450881958007812e-05,1,6
140,1.6450881958007812e-05,1,6
141,1.6450881958007812e-05,1,6
142,1.6450881958007812e-05,1,6
143,1.6450881958007812e-05,1,6
144,1.6450881958007812e-05,1,6
145,1.6450881958007812e-05,1,6
146,1.6450881958007812e-05,1,6
147,1.6450881958007812e-05,1,6
148,1.6450881958007812e-05,1,6
149,1.6450881958007812e-05,1,6
150,1.6450881958007812e-05,1,6
151,1.6450881958007812e-05,1,6
152,1.6450881958007812e-05,1,6
153,1.6450881958007812e-05,1,6
154,1.6450881958007812e-05,1,6
155,1.6450881958007812e-05,1,6
156,1.6450881958007812e-05,1,6
157,1.6450881958007812e-05,1,6
158,1.6450881958007812e-05,1,6
159,1.6450881958007812e-05,1,6
160,1.6450881958007812e-05,1,6
161,1.6450881958007812e-05,1,6
162,1.6450881958007812e-05,1,6
163,1.6450881958007812e-05,1,6
164,1.6450881958007812e-05,1,6
165,1.6450881958007812e-05,1,6
166,1.6450881958007812e-05,1,6
167,1.6450881958007812e-05,1,6
168,1.6450881958007812e-05,1,6
169,1.6450881958007812e-05,1,6
170,1.6450881958007812e-05,1,6
171,1.6450881958007812e-05,1,6
172,1.6450881958007812e-05,1,6
173,1.6450881958007812e-05,1,6
174,1.6450881958007812e-05,1,6
175,1.6450881958007812e-05,1,6
176,1.6450881958007812e-05,1,6
177,1.6450881958007812e-05,1,6
178,1.6450881958007812e-05,1,6
179,1.6450881958007812e-05,1,6
180,1.6450881958007812e-05,1,6
181,1.6450881958007812e-05,1,6
182,1.6450881958007812e-05,1,6
183,1.6450881958007812e-05,1,6
184,1.6450881958007812e-05,1,6
185,1.6450881958007812e-05,1,6
186,1.6450881958007812e-05,1,6
187,1.6450881958007812e-05,1,6
188,1.6450881958007812e-05,1,6
189,1.6450881958007812e-05,1,6
190,1.6450881958007812e-05,1,6
191,1.6450881958007812e-05,1,6
192,1.6450881958007812e-05,1,6
193,1.6450881958007812e-05,1,6
194,1.6450881958007812e-05,1,6
195,1.6450881958007812e-05,1,6
196,1.6450881958007812e-05,1,6
197,1.6450881958007812e-05,1,6
198,1.6450881958007812e-05,1,6
199,1.6450881958007812e-05,1,6
200,1.6450881958007812e-05,1,6
1,3.0994415283203125e-06,1,7
2,3.0994415283203125e-06,1,7
3,3.0994415283203125e-06,1,7
4,3.0994415283203125e-06,1,7
5,3.0994415283203125e-06,1,7
6,3.0994415283203125e-06,1,7
7,3.0994415283203125e-06,1,7
8,3.0994415283203125e-06,1,7
9,3.0994415283203125e-06,1,7
10,3.0994415283203125e-06,1,7
11,3.0994415283203125e-06,1,7
12,3.0994415283203125e-06,1,7
13,3.0994415283203125e-06,1,7
14,3.0994415283203125e-06,1,7
15,3.0994415283203125e-06,1,7
16,3.0994415283203125e-06,1,7
17,3.0994415283203125e-06,1,7
18,3.0994415283203125e-06,1,7
19,3.0994415283203125e-06,1,7
20,3.0994415283203125e-06,1,7
21,3.0994415283203125e-06,1,7
22,3.0994415283203125e-06,1,7
23,3.0994415283203125e-06,1,7
24,3.0994415283203125e-06,1,7
25,3.0994415283203125e-06,1,7
26,3.0994415283203125e-06,1,7
27,3.0994415283203125e-06,1,7
28,3.0994415283203125e-06,1,7
29,3.0994415283203125e-06,1,7
30,3.0994415283203125e-06,1,7
31,3.0994415283203125e-06,1,7
32,3.0994415283203125e-06,1,7
33,3.0994415283203125e-06,1,7
34,3.0994415283203125e-06,1,7
35,3.0994415283203125e-06,1,7
36,3.0994415283203125e-06,1,7
37,3.0994415283203125e-06,1,7
38,3.0994415283203125e-06,1,7
39,3.0994415283203125e-06,1,7
40,3.0994415283203125e-06,1,7
41,3.0994415283203125e-06,1,7
42,3.0994415283203125e-06,1,7
43,3.0994415283203125e-06,1,7
44,3.0994415283203125e-06,1,7
45,3.0994415283203125e-06,1,7
46,3.0994415283203125e-06,1,7
47,3.0994415283203125e-06,1,7
48,3.0994415283203125e-06,1,7
49,3.0994415283203125e-06,1,7
50,3.0994415283203125e-06,1,7
51,3.0994415283203125e-06,1,7
52,3.0994415283203125e-06,1,7
53,3.0994415283203125e-06,1,7
54,3.0994415283203125e-06,1,7
55,3.0994415283203125e-06,1,7
56,3.0994415283203125e-06,1,7
57,3.0994415283203125e-06,1,7
58,3.0994415283203125e-06,1,7
59,3.0994415283203125e-06,1,7
60,3.0994415283203125e-06,1,7
61,3.0994415283203125e-06,1,7
62,3.0994415283203125e-06,1,7
63,3.0994415283203125e-06,1,7
64,3.0994415283203125e-06,1,7
65,3.0994415283203125e-06,1,7
66,3.0994415283203125e-06,1,7
67,3.0994415283203125e-06,1,7
68,3.0994415283203125e-06,1,7
69,3.0994415283203125e-06,1,7
70,3.0994415283203125e-06,1,7
71,3.0994415283203125e-06,1,7
72,3.0994415283203125e-06,1,7
73,3.0994415283203125e-06,1,7
74,3.0994415283203125e-06,1,7
75,3.0994415283203125e-06,1,7
76,3.0994415283203125e-06,1,7
77,3.0994415283203125e-06,1,7
78,3.0994415283203125e-06,1,7
79,3.0994415283203125e-06,1,7
80,3.0994415283203125e-06,1,7
81,3.0994415283203125e-06,1,7
82,3.0994415283203125e-06,1,7
83,3.0994415283203125e-06,1,7
84,3.0994415283203125e-06,1,7
85,3.0994415283203125e-06,1,7
86,3.0994415283203125e-06,1,7
87,3.0994415283203125e-06,1,7
88,3.0994415283203125e-06,1,7
89,3.0994415283203125e-06,1,7
90,3.0994415283203125e-06,1,7
91,3.0994415283203125e-06,1,7
92,3.0994415283203125e-06,1,7
93,3.0994415283203125e-06,1,7
94,3.0994415283203125e-06,1,7
95,3.0994415283203125e-06,1,7
96,3.0994415283203125e-06,1,7
97,3.0994415283203125e-06,1,7
98,3.0994415283203125e-06,1,7
99,3.0994415283203125e-06,1,7
100,3.0994415283203125e-06,1,7
101,3.0994415283203125e-06,1,7
102,3.0994415283203125e-06,1,7
103,3.0994415283203125e-06,1,7
104,3.0994415283203125e-06,1,7
105,3.0994415283203125e-06,1,7
106,3.0994415283203125e-06,1,7
107,3.0994415283203125e-06,1,7
108,3.0994415283203125e-06,1,7
109,3.0994415283203125e-06,1,7
110,3.0994415283203125e-06,1,7
111,3.0994415283203125e-06,1,7
112,3.0994415283203125e-06,1,7
113,3.0994415283203125e-06,1,7
114,3.0994415283203125e-06,1,7
115,3.0994415283203125e-06,1,7
116,3.0994415283203125e-06,1,7
117,3.0994415283203125e-06,1,7
118,3.0994415283203125e-06,1,7
119,3.0994415283203125e-06,1,7
120,3.0994415283203125e-06,1,7
121,3.0994415283203125e-06,1,7
122,3.0994415283203125e-06,1,7
123,3.0994415283203125e-06,1,7
124,3.0994415283203125e-06,1,7
125,3.0994415283203125e-06,1,7
126,3.0994415283203125e-06,1,7
127,3.0994415283203125e-06,1,7
128,3.0994415283203125e-06,1,7
129,3.0994415283203125e-06,1,7
130,3.0994415283203125e-06,1,7
131,3.0994415283203125e-06,1,7
132,3.0994415283203125e-06,1,7
133,3.0994415283203125e-06,1,7
134,3.0994415283203125e-06,1,7
135,3.0994415283203125e-06,1,7
136,3.0994415283203125e-06,1,7
137,3.0994415283203125e-06,1,7
138,3.0994415283203125e-06,1,7
139,3.0994415283203125e-06,1,7
140,3.0994415283203125e-06,1,7
141,3.0994415283203125e-06,1,7
142,3.0994415283203125e-06,1,7
143,3.0994415283203125e-06,1,7
144,3.0994415283203125e-06,1,7
145,3.0994415283203125e-06,1,7
146,3.0994415283203125e-06,1,7
147,3.0994415283203125e-06,1,7
148,3.0994415283203125e-06,1,7
149,3.0994415283203125e-06,1,7
150,3.0994415283203125e-06,1,7
151,3.0994415283203125e-06,1,7
152,3.0994415283203125e-06,1,7
153,3.0994415283203125e-06,1,7
154,3.0994415283203125e-06,1,7
155,3.0994415283203125e-06,1,7
156,3.0994415283203125e-06,1,7
157,3.0994415283203125e-06,1,7
158,3.0994415283203125e-06,1,7
159,3.0994415283203125e-06,1,7
160,3.0994415283203125e-06,1,7
161,3.0994415283203125e-06,1,7
162,3.0994415283203125e-06,1,7
163,3.0994415283203125e-06,1,7
164,3.0994415283203125e-06,1,7
165,3.0994415283203125e-06,1,7
166,3.0994415283203125e-06,1,7
167,3.0994415283203125e-06,1,7
168,3.0994415283203125e-06,1,7
169,3.0994415283203125e-06,1,7
170,3.0994415283203125e-06,1,7
171,3.0994415283203125e-06,1,7
172,3.0994415283203125e-06,1,7
173,3.0994415283203125e-06,1,7
174,3.0994415283203125e-06,1,7
175,3.0994415283203125e-06,1,7
176,3.0994415283203125e-06,1,7
177,3.0994415283203125e-06,1,7
178,3.0994415283203125e-06,1,7
179,3.0994415283203125e-06,1,7
180,3.0994415283203125e-06,1,7
181,3.0994415283203125e-06,1,7
182,3.0994415283203125e-06,1,7
183,3.0994415283203125e-06,1,7
184,3.0994415283203125e-06,1,7
185,3.0994415283203125e-06,1,7
186,3.0994415283203125e-06,1,7
187,3.0994415283203125e-06,1,7
188,3.0994415283203125e-06,1,7
189,3.0994415283203125e-06,1,7
190,3.0994415283203125e-06,1,7
191,3.0994415283203125e-06,1,7
192,3.0994415283203125e-06,1,7
193,3.0994415283203125e-06,1,7
194,3.0994415283203125e-06,1,7
195,3.0994415283203125e-06,1,7
196,3.0994415283203125e-06,1,7
197,3.0994415283203125e-06,1,7
198,3.0994415283203125e-06,1,7
199,3.0994415283203125e-06,1,7
200,3.0994415283203125e-06,1,7
1,0.01460111141204834,1,8
2,0.01460111141204834,1,8
3,0.014601588249206543,1,8
4,0.014601588249206543,1,8
5,0.014601469039916992,1,8
6,0.014601469039916992,1,8
7,0.014602422714233398,1,8
8,0.014602422714233398,1,8
9,0.014602422714233398,1,8
10,0.014598369598388672,1,8
11,0.014601469039916992,1,8
12,0.014601469039916992,1,8
13,0.014601469039916992,1,8
14,0.014601469039916992,1,8
15,0.014601469039916992,1,8
16,0.014601469039916992,1,8
17,0.014601469039916992,1,8
18,0.014601469039916992,1,8
19,0.014601469039916992,1,8
20,0.014601469039916992,1,8
21,0.014601469039916992,1,8
22,0.014601469039916992,1,8
23,0.014601469039916992,1,8
24,0.014601469039916992,1,8
25,0.014601469039916992,1,8
26,0.014601469039916992,1,8
27,0.014601469039916992,1,8
28,0.014601469039916992,1,8
29,0.014601469039916992,1,8
30,0.014601469039916992,1,8
31,0.014601469039916992,1,8
32,0.014601469039916992,1,8
33,0.014601469039916992,1,8
34,0.014601469039916992,1,8
35,0.014601469039916992,1,8
36,0.014601469039916992,1,8
37,0.014601469039916992,1,8
38,0.014601469039916992,1,8
39,0.014601469039916992,1,8
40,0.014601469039916992,1,8
41,0.014601469039916992,1,8
42,0.014601469039916992,1,8
43,0.014601469039916992,1,8
44,0.014601469039916992,1,8
45,0.014601469039916992,1,8
46,0.014601469039916992,1,8
47,0.014601469039916992,1,8
48,0.014601469039916992,1,8
49,0.014601469039916992,1,8
50,0.014601469039916992,1,8
51,0.014601469039916992,1,8
52,0.014601469039916992,1,8
53,0.014601469039916992,1,8
54,0.014601469039916992,1,8
55,0.014601469039916992,1,8
56,0.014601469039916992,1,8
57,0.014601469039916992,1,8
58,0.014601469039916992,1,8
59,0.014601469039916992,1,8
60,0.014601469039916992,1,8
61,0.014601469039916992,1,8
62,0.014601469039916992,1,8
63,0.014601469039916992,1,8
64,0.014601469039916992,1,8
65,0.014601469039916992,1,8
66,0.014601469039916992,1,8
67,0.014601469039916992,1,8
68,0.014601469039916992,1,8
69,0.014601469039916992,1,8
70,0.014601469039916992,1,8
71,0.014601469039916992,1,8
72,0.014601469039916992,1,8
73,0.014601469039916992,1,8
74,0.014601469039916992,1,8
75,0.014601469039916992,1,8
76,0.014601469039916992,1,8
77,0.014601469039916992,1,8
78,0.014601469039916992,1,8
79,0.014601469039916992,1,8
80,0.014601469039916992,1,8
81,0.014601469039916992,1,8
82,0.014601469039916992,1,8
83,0.014601469039916992,1,8
84,0.014601469039916992,1,8
85,0.014601469039916992,1,8
86,0.014601469039916992,1,8
87,0.014601469039916992,1,8
88,0.014601469039916992,1,8
89,0.014601469039916992,1,8
90,0.014601469039916992,1,8
91,0.014601469039916992,1,8
92,0.014601469039916992,1,8
93,0.014601469039916992,1,8
94,0.014601469039916992,1,8
95,0.014601469039916992,1,8
96,0.014601469039916992,1,8
97,0.014601469039916992,1,8
98,0.014601469039916992,1,8
99,0.014601469039916992,1,8
100,0.014601469039916992,1,8
101,0.014601469039916992,1,8
102,0.014601469039916992,1,8
103,0.014601469039916992,1,8
104,0.014601469039916992,1,8
105,0.014601469039916992,1,8
106,0.014601469039916992,1,8
107,0.014601469039916992,1,8
108,0.014601469039916992,1,8
109,0.014601469039916992,1,8
110,0.014601469039916992,1,8
111,0.014601469039916992,1,8
112,0.014601469039916992,1,8
113,0.014601469039916992,1,8
114,0.014601469039916992,1,8
115,0.014601469039916992,1,8
116,0.014601469039916992,1,8
117,0.014601469039916992,1,8
118,0.014601469039916992,1,8
119,0.014601469039916992,1,8
120,0.014601469039916992,1,8
121,0.014601469039916992,1,8
122,0.014601469039916992,1,8
123,0.014601469039916992,1,8
124,0.014601469039916992,1,8
125,0.014601469039916992,1,8
126,0.014601469039916992,1,8
127,0.014601469039916992,1,8
128,0.014601469039916992,1,8
129,0.014601469039916992,1,8
130,0.014601469039916992,1,8
131,0.014601469039916992,1,8
132,0.014601469039916992,1,8
133,0.014601469039916992,1,8
134,0.014601469039916992,1,8
135,0.014601469039916992,1,8
136,0.014601469039916992,1,8
137,0.014601469039916992,1,8
138,0.014601469039916992,1,8
139,0.014601469039916992,1,8
140,0.014601469039916992,1,8
141,0.014601469039916992,1,8
142,0.014601469039916992,1,8
143,0.014601469039916992,1,8
144,0.014601469039916992,1,8
145,0.014601469039916992,1,8
146,0.014601469039916992,1,8
147,0.014601469039916992,1,8
148,0.014601469039916992,1,8
149,0.014601469039916992,1,8
150,0.014601469039916992,1,8
151,0.014601469039916992,1,8
152,0.014601469039916992,1,8
153,0.014601469039916992,1,8
154,0.014601469039916992,1,8
155,0.014601469039916992,1,8
156,0.014601469039916992,1,8
157,0.014601469039916992,1,8
158,0.014601469039916992,1,8
159,0.014601469039916992,1,8
160,0.014601469039916992,1,8
161,0.014601469039916992,1,8
162,0.014601469039916992,1,8
163,0.014601469039916992,1,8
164,0.014601469039916992,1,8
165,0.014601469039916992,1,8
166,0.014601469039916992,1,8
167,0.014601469039916992,1,8
168,0.014601469039916992,1,8
169,0.014601469039916992,1,8
170,0.014601469039916992,1,8
171,0.014601469039916992,1,8
172,0.014601469039916992,1,8
173,0.014601469039916992,1,8
174,0.014601469039916992,1,8
175,0.014601469039916992,1,8
176,0.014601469039916992,1,8
177,0.014601469039916992,1,8
178,0.014601469039916992,1,8
179,0.014601469039916992,1,8
180,0.014601469039916992,1,8
181,0.014601469039916992,1,8
182,0.014601469039916992,1,8
183,0.014601469039916992,1,8
184,0.014601469039916992,1,8
185,0.014601469039916992,1,8
186,0.014601469039916992,1,8
187,0.014601469039916992,1,8
188,0.014601469039916992,1,8
189,0.014601469039916992,1,8
190,0.014601469039916992,1,8
191,0.014601469039916992,1,8
192,0.014601469039916992,1,8
193,0.014601469039916992,1,8
194,0.014601469039916992,1,8
195,0.014601469039916992,1,8
196,0.014601469039916992,1,8
197,0.014601469039916992,1,8
198,0.014601469039916992,1,8
199,0.014601469039916992,1,8
200,0.014601469039916992,1,8
1,0.62156543135643,1,9
2,0.6425535082817078,1,9
3,0.6455941200256348,1,9
4,0.6455941200256348,1,9
5,0.6455941200256348,1,9
6,0.6455941200256348,1,9
7,0.6455941200256348,1,9
8,0.6455941200256348,1,9
9,0.6455941200256348,1,9
10,0.7686394155025482,2,9
11,0.7818117886781693,2,9
12,0.7818117886781693,2,9
13,0.7818117886781693,2,9
14,0.7818117886781693,2,9
15,0.7818117886781693,2,9
16,0.8010963350534439,2,9
17,0.8010963350534439,2,9
18,0.8010963350534439,2,9
19,0.8010963350534439,2,9
20,0.8010963350534439,2,9
21,0.800838828086853,2,9
22,0.800838828086853,2,9
23,0.800838828086853,2,9
24,0.800838828086853,2,9
25,0.800838828086853,2,9
26,0.8008375018835068,2,9
27,0.8008375018835068,2,9
28,0.8008375018835068,2,9
29,0.8083268851041794,2,9
30,0.808344304561615,2,9
31,0.808344304561615,2,9
32,0.8089026361703873,2,9
33,0.8089026361703873,2,9
34,0.8083461672067642,2,9
35,0.8135757446289062,2,9
36,0.8135757446289062,2,9
37,0.8179279714822769,2,9
38,0.8179279714822769,2,9
39,0.8179279714822769,2,9
40,0.8179279714822769,2,9
41,0.8179279714822769,2,9
42,0.8179279714822769,2,9
43,0.8179279714822769,2,9
44,0.8179279714822769,2,9
45,0.8179279714822769,2,9
46,0.8179279714822769,2,9
47,0.8179279714822769,2,9
48,0.8179279714822769,2,9
49,0.8179279714822769,2,9
50,0.8179279714822769,2,9
51,0.8179279714822769,2,9
52,0.8179279714822769,2,9
53,0.8179279714822769,2,9
54,0.8179279714822769,2,9
55,0.8179279714822769,2,9
56,0.8179279714822769,2,9
57,0.8179279714822769,2,9
58,0.8179279714822769,2,9
59,0.8179279714822769,2,9
60,0.8179279714822769,2,9
61,0.8179279714822769,2,9
62,0.8179279714822769,2,9
63,0.8179279714822769,2,9
64,0.8179279714822769,2,9
65,0.8179279714822769,2,9
66,0.8179279714822769,2,9
67,0.8179279714822769,2,9
68,0.8179279714822769,2,9
69,0.8179279714822769,2,9
70,0.8183304816484451,2,9
71,0.8183304816484451,2,9
72,0.8183304816484451,2,9
73,0.8183304816484451,2,9
74,0.8183304816484451,2,9
75,0.8183304816484451,2,9
76,0.8183304816484451,2,9
77,0.8183304816484451,2,9
78,0.8183304816484451,2,9
79,0.8183304816484451,2,9
80,0.8183304816484451,2,9
81,0.8183304816484451,2,9
82,0.8183304816484451,2,9
83,0.8183304816484451,2,9
84,0.8183304816484451,2,9
85,0.8183304816484451,2,9
86,0.8183304816484451,2,9
87,0.8183304816484451,2,9
88,0.8183304816484451,2,9
89,0.8183304816484451,2,9
90,0.8185951113700867,2,9
91,0.8185951113700867,2,9
92,0.8185951113700867,2,9
93,0.8185951113700867,2,9
94,0.8185951113700867,2,9
95,0.8185951113700867,2,9
96,0.8185951113700867,2,9
97,0.8185951113700867,2,9
98,0.8185951113700867,2,9
99,0.8185951113700867,2,9
100,0.8185951113700867,2,9
101,0.8185951113700867,2,9
102,0.8185951113700867,2,9
103,0.8185951113700867,2,9
104,0.8185951113700867,2,9
105,0.8185951113700867,2,9
106,0.8185951113700867,2,9
107,0.8185951113700867,2,9
108,0.8185951113700867,2,9
109,0.8185951113700867,2,9
110,0.8185951113700867,2,9
111,0.8185951113700867,2,9
112,0.8185951113700867,2,9
113,0.8185951113700867,2,9
114,0.8185951113700867,2,9
115,0.8185951113700867,2,9
116,0.8185951113700867,2,9
117,0.8185951113700867,2,9
118,0.8185951113700867,2,9
119,0.8185951113700867,2,9
120,0.8185951113700867,2,9
121,0.8185951113700867,2,9
122,0.8185951113700867,2,9
123,0.8185951113700867,2,9
124,0.8185951113700867,2,9
125,0.8185951113700867,2,9
126,0.8185951113700867,2,9
127,0.8185951113700867,2,9
128,0.8185951113700867,2,9
129,0.8185951113700867,2,9
130,0.8185951113700867,2,9
131,0.8185951113700867,2,9
132,0.8185951113700867,2,9
133,0.8185951113700867,2,9
134,0.8185951113700867,2,9
135,0.8185951113700867,2,9
136,0.8185951113700867,2,9
137,0.8185951113700867,2,9
138,0.8185951113700867,2,9
139,0.8185951113700867,2,9
140,0.8185951113700867,2,9
141,0.8185951113700867,2,9
142,0.8185951113700867,2,9
143,0.8185951113700867,2,9
144,0.8185951113700867,2,9
145,0.8185951113700867,2,9
146,0.8185951113700867,2,9
147,0.8185951113700867,2,9
148,0.8185951113700867,2,9
149,0.8185951113700867,2,9
150,0.8185951113700867,2,9
151,0.8185951113700867,2,9
152,0.8185951113700867,2,9
153,0.8185951113700867,2,9
154,0.8185951113700867,2,9
155,0.8185951113700867,2,9
156,0.8185951113700867,2,9
157,0.8185951113700867,2,9
158,0.8185951113700867,2,9
159,0.8185951113700867,2,9
160,0.8185951113700867,2,9
161,0.8185951113700867,2,9
162,0.8185951113700867,2,9
163,0.8185951113700867,2,9
164,0.8185951113700867,2,9
165,0.8185951113700867,2,9
166,0.8185951113700867,2,9
167,0.8185951113700867,2,9
168,0.8185951113700867,2,9
169,0.8185951113700867,2,9
170,0.8185951113700867,2,9
171,0.8185951113700867,2,9
172,0.8185951113700867,2,9
173,0.8185951113700867,2,9
174,0.8185951113700867,2,9
175,0.8185951113700867,2,9
176,0.8185951113700867,2,9
177,0.8185951113700867,2,9
178,0.8185951113700867,2,9
179,0.8185951113700867,2,9
180,0.8186727613210678,2,9
181,0.8186727613210678,2,9
182,0.8186727613210678,2,9
183,0.8186727613210678,2,9
184,0.8186727613210678,2,9
185,0.8186727613210678,2,9
186,0.8186727613210678,2,9
187,0.8186727613210678,2,9
188,0.8186727613210678,2,9
189,0.8186727613210678,2,9
190,0.8186727613210678,2,9
191,0.8186727613210678,2,9
192,0.8186727613210678,2,9
193,0.8186727613210678,2,9
194,0.8186727613210678,2,9
195,0.8186727613210678,2,9
196,0.8186727613210678,2,9
197,0.8186727613210678,2,9
198,0.8186727613210678,2,9
199,0.8186727613210678,2,9
200,0.8186727613210678,2,9
1,0.9991102151107043,1,10
2,0.9991102151107043,1,10
3,0.9991102201747708,1,10
4,0.9991102393250912,1,10
5,0.9991102393250912,1,10
6,0.9991102393250912,1,10
7,0.9991102393250912,1,10
8,0.9991102393250912,1,10
9,0.9991102011408657,1,10
10,0.9991102011408657,1,10
11,0.9991101964842528,1,10
12,0.9991101964842528,1,10
13,0.9991101964842528,1,10
14,0.9991101964842528,1,10
15,0.9991101964842528,1,10
16,0.9991102206404321,1,10
17,0.9991102206404321,1,10
18,0.9991102206404321,1,10
19,0.9991102206404321,1,10
20,0.9991102206404321,1,10
21,0.9991102206404321,1,10
22,0.9991102206404321,1,10
23,0.9991102206404321,1,10
24,0.9991102201747708,1,10
25,0.9991102206404321,1,10
26,0.9991102206404321,1,10
27,0.9991102206404321,1,10
28,0.9991102206404321,1,10
29,0.9991102206404321,1,10
30,0.9991102201747708,1,10
31,0.9991102201747708,1,10
32,0.9991102201747708,1,10
33,0.9991102201747708,1,10
34,0.9991102206404321,1,10
35,0.9991102201747708,1,10
36,0.9991102201747708,1,10
37,0.9991102201747708,1,10
38,0.9991102206404321,1,10
39,0.9991102206404321,1,10
40,0.9991102206404321,1,10
41,0.9991102206404321,1,10
42,0.9991102206404321,1,10
43,0.9991102206404321,1,10
44,0.9991102206404321,1,10
45,0.9991102206404321,1,10
46,0.9991102206404321,1,10
47,0.9991102206404321,1,10
48,0.9991102206404321,1,10
49,0.9991102206404321,1,10
50,0.9991102206404321,1,10
51,0.9991102206404321,1,10
52,0.9991102206404321,1,10
53,0.9991102206404321,1,10
54,0.9991102206404321,1,10
55,0.9991102206404321,1,10
56,0.9991102206404321,1,10
57,0.9991102206404321,1,10
58,0.9991102206404321,1,10
59,0.9991102206404321,1,10
60,0.9991102206404321,1,10
61,0.9991102206404321,1,10
62,0.9991102206404321,1,10
63,0.9991102206404321,1,10
64,0.9991102206404321,1,10
65,0.9991102206404321,1,10
66,0.9991102206404321,1,10
67,0.9991102206404321,1,10
68,0.9991102206404321,1,10
69,0.9991102206404321,1,10
70,0.9991102206404321,1,10
71,0.9991102206404321,1,10
72,0.9991102206404321,1,10
73,0.9991102206404321,1,10
74,0.9991102206404321,1,10
75,0.9991102206404321,1,10
76,0.9991102206404321,1,10
77,0.9991102206404321,1,10
78,0.9991102206404321,1,10
79,0.9991102206404321,1,10
80,0.9991102206404321,1,10
81,0.9991102206404321,1,10
82,0.9991102206404321,1,10
83,0.9991102206404321,1,10
84,0.9991102206404321,1,10
85,0.9991102206404321,1,10
86,0.9991102206404321,1,10
87,0.9991102206404321,1,10
88,0.9991102206404321,1,10
89,0.9991102206404321,1,10
90,0.9991102206404321,1,10
91,0.9991102206404321,1,10
92,0.9991102206404321,1,10
93,0.9991102206404321,1,10
94,0.9991102206404321,1,10
95,0.9991102206404321,1,10
96,0.9991102206404321,1,10
97,0.9991102206404321,1,10
98,0.9991102206404321,1,10
99,0.9991102206404321,1,10
100,0.9991102206404321,1,10
101,0.9991102206404321,1,10
102,0.9991102206404321,1,10
103,0.9991102206404321,1,10
104,0.9991102206404321,1,10
105,0.9991102206404321,1,10
106,0.9991102206404321,1,10
107,0.9991102206404321,1,10
108,0.9991102206404321,1,10
109,0.9991102206404321,1,10
110,0.9991102206404321,1,10
111,0.9991102206404321,1,10
112,0.9991102206404321,1,10
113,0.9991102206404321,1,10
114,0.9991102206404321,1,10
115,0.9991102206404321,1,10
116,0.9991102206404321,1,10
117,0.9991102206404321,1,10
118,0.9991102206404321,1,10
119,0.9991102206404321,1,10
120,0.9991102206404321,1,10
121,0.9991102206404321,1,10
122,0.9991102206404321,1,10
123,0.9991102206404321,1,10
124,0.9991102206404321,1,10
125,0.9991102206404321,1,10
126,0.9991102206404321,1,10
127,0.9991102206404321,1,10
128,0.9991102206404321,1,10
129,0.9991102206404321,1,10
130,0.9991102206404321,1,10
131,0.9991102206404321,1,10
132,0.9991102206404321,1,10
133,0.9991102206404321,1,10
134,0.9991102206404321,1,10
135,0.9991102206404321,1,10
136,0.9991102206404321,1,10
137,0.9991102206404321,1,10
138,0.9991102206404321,1,10
139,0.9991102206404321,1,10
140,0.9991102206404321,1,10
141,0.9991102206404321,1,10
142,0.9991102206404321,1,10
143,0.9991102206404321,1,10
144,0.9991102206404321,1,10
145,0.9991102206404321,1,10
146,0.9991102206404321,1,10
147,0.9991102206404321,1,10
148,0.9991102206404321,1,10
149,0.9991102206404321,1,10
150,0.9991102206404321,1,10
151,0.9991102206404321,1,10
152,0.9991102206404321,1,10
153,0.9991102206404321,1,10
154,0.9991102206404321,1,10
155,0.9991102206404321,1,10
156,0.9991102206404321,1,10
157,0.9991102206404321,1,10
158,0.9991102206404321,1,10
159,0.9991102206404321,1,10
160,0.9991102206404321,1,10
161,0.9991102206404321,1,10
162,0.9991102206404321,1,10
163,0.9991102206404321,1,10
164,0.9991102206404321,1,10
165,0.9991102206404321,1,10
166,0.9991102206404321,1,10
167,0.9991102206404321,1,10
168,0.9991102206404321,1,10
169,0.9991102206404321,1,10
170,0.9991102206404321,1,10
171,0.9991102206404321,1,10
172,0.9991102206404321,1,10
173,0.9991102206404321,1,10
174,0.9991102206404321,1,10
175,0.9991102206404321,1,10
176,0.9991102206404321,1,10
177,0.9991102206404321,1,10
178,0.9991102206404321,1,10
179,0.9991102206404321,1,10
180,0.9991102206404321,1,10
181,0.9991102206404321,1,10
182,0.9991102206404321,1,10
183,0.9991102206404321,1,10
184,0.9991102206404321,1,10
185,0.9991102206404321,1,10
186,0.9991102206404321,1,10
187,0.9991102206404321,1,10
188,0.9991102206404321,1,10
189,0.9991102206404321,1,10
190,0.9991102206404321,1,10
191,0.9991102206404321,1,10
192,0.9991102206404321,1,10
193,0.9991102206404321,1,10
194,0.9991102206404321,1,10
195,0.9991102206404321,1,10
196,0.9991102206404321,1,10
197,0.9991102206404321,1,10
198,0.9991102206404321,1,10
199,0.9991102206404321,1,10
200,0.9991102206404321,1,10
1,0.0032116174697875977,1,11
2,0.003213167190551758,1,11
3,0.003213167190551758,1,11
4,0.003213167190551758,1,11
5,0.003213167190551758,1,11
6,0.003213167190551758,1,11
7,0.003213167190551758,1,11
8,0.003213167190551758,1,11
9,0.003213167190551758,1,11
10,0.003213167190551758,1,11
11,0.003213167190551758,1,11
12,0.003213167190551758,1,11
13,0.003213167190551758,1,11
14,0.003213167190551758,1,11
15,0.003213167190551758,1,11
16,0.003213167190551758,1,11
17,0.003213167190551758,1,11
18,0.003213167190551758,1,11
19,0.003213167190551758,1,11
20,0.003213167190551758,1,11
21,0.003213167190551758,1,11
22,0.003213167190551758,1,11
23,0.003213167190551758,1,11
24,0.003213167190551758,1,11
25,0.003213167190551758,1,11
26,0.003213167190551758,1,11
27,0.003213167190551758,1,11
28,0.003213167190551758,1,11
29,0.003213167190551758,1,11
30,0.003213167190551758,1,11
31,0.003213167190551758,1,11
32,0.003213167190551758,1,11
33,0.003213167190551758,1,11
34,0.003213167190551758,1,11
35,0.003213167190551758,1,11
36,0.003213167190551758,1,11
37,0.003213167190551758,1,11
38,0.003213167190551758,1,11
39,0.003213167190551758,1,11
40,0.003213167190551758,1,11
41,0.003213167190551758,1,11
42,0.003213167190551758,1,11
43,0.003213167190551758,1,11
44,0.003213167190551758,1,11
45,0.003213167190551758,1,11
46,0.003213167190551758,1,11
47,0.003213167190551758,1,11
48,0.003213167190551758,1,11
49,0.003213167190551758,1,11
50,0.003213167190551758,1,11
51,0.003213167190551758,1,11
52,0.003213167190551758,1,11
53,0.003213167190551758,1,11
54,0.003213167190551758,1,11
55,0.003213167190551758,1,11
56,0.003213167190551758,1,11
57,0.003213167190551758,1,11
58,0.003213167190551758,1,11
59,0.003213167190551758,1,11
60,0.003213167190551758,1,11
61,0.003213167190551758,1,11
62,0.003213167190551758,1,11
63,0.003213167190551758,1,11
64,0.003213167190551758,1,11
65,0.003213167190551758,1,11
66,0.003213167190551758,1,11
67,0.003213167190551758,1,11
68,0.003213167190551758,1,11
69,0.003213167190551758,1,11
70,0.003213167190551758,1,11
71,0.003213167190551758,1,11
72,0.003213167190551758,1,11
73,0.003213167190551758,1,11
74,0.003213167190551758,1,11
75,0.003213167190551758,1,11
76,0.003213167190551758,1,11
77,0.003213167190551758,1,11
78,0.003213167190551758,1,11
79,0.003213167190551758,1,11
80,0.003213167190551758,1,11
81,0.003213167190551758,1,11
82,0.003213167190551758,1,11
83,0.003213167190551758,1,11
84,0.003213167190551758,1,11
85,0.003213167190551758,1,11
86,0.003213167190551758,1,11
87,0.003213167190551758,1,11
88,0.003213167190551758,1,11
89,0.003213167190551758,1,11
90,0.003213167190551758,1,11
91,0.003213167190551758,1,11
92,0.003213167190551758,1,11
93,0.003213167190551758,1,11
94,0.003213167190551758,1,11
95,0.003213167190551758,1,11
96,0.003213167190551758,1,11
97,0.003213167190551758,1,11
98,0.003213167190551758,1,11
99,0.003213167190551758,1,11
100,0.003213167190551758,1,11
101,0.003213167190551758,1,11
102,0.003213167190551758,1,11
103,0.003213167190551758,1,11
104,0.003213167190551758,1,11
105,0.003213167190551758,1,11
106,0.003213167190551758,1,11
107,0.003213167190551758,1,11
108,0.003213167190551758,1,11
109,0.003213167190551758,1,11
110,0.003213167190551758,1,11
111,0.003213167190551758,1,11
112,0.003213167190551758,1,11
113,0.003213167190551758,1,11
114,0.003213167190551758,1,11
115,0.003213167190551758,1,11
116,0.003213167190551758,1,11
117,0.003213167190551758,1,11
118,0.003213167190551758,1,11
119,0.003213167190551758,1,11
120,0.003213167190551758,1,11
121,0.003213167190551758,1,11
122,0.003213167190551758,1,11
123,0.003213167190551758,1,11
124,0.003213167190551758,1,11
125,0.003213167190551758,1,11
126,0.003213167190551758,1,11
127,0.003213167190551758,1,11
128,0.003213167190551758,1,11
129,0.003213167190551758,1,11
130,0.003213167190551758,1,11
131,0.003213167190551758,1,11
132,0.003213167190551758,1,11
133,0.003213167190551758,1,11
134,0.003213167190551758,1,11
135,0.003213167190551758,1,11
136,0.003213167190551758,1,11
137,0.003213167190551758,1,11
138,0.003213167190551758,1,11
139,0.003213167190551758,1,11
140,0.003213167190551758,1,11
141,0.003213167190551758,1,11
142,0.003213167190551758,1,11
143,0.003213167190551758,1,11
144,0.003213167190551758,1,11
145,0.003213167190551758,1,11
146,0.003213167190551758,1,11
147,0.003213167190551758,1,11
148,0.003213167190551758,1,11
149,0.003213167190551758,1,11
150,0.003213167190551758,1,11
151,0.003213167190551758,1,11
152,0.003213167190551758,1,11
153,0.003213167190551758,1,11
154,0.003213167190551758,1,11
155,0.003213167190551758,1,11
156,0.003213167190551758,1,11
157,0.003213167190551758,1,11
158,0.003213167190551758,1,11
159,0.003213167190551758,1,11
160,0.003213167190551758,1,11
161,0.003213167190551758,1,11
162,0.003213167190551758,1,11
163,0.003213167190551758,1,11
164,0.003213167190551758,1,11
165,0.003213167190551758,1,11
166,0.003213167190551758,1,11
167,0.003213167190551758,1,11
168,0.003213167190551758,1,11
169,0.003213167190551758,1,11
170,0.003213167190551758,1,11
171,0.003213167190551758,1,11
172,0.003213167190551758,1,11
173,0.003213167190551758,1,11
174,0.003213167190551758,1,11
175,0.003213167190551758,1,11
176,0.003213167190551758,1,11
177,0.003213167190551758,1,11
178,0.003213167190551758,1,11
179,0.003213167190551758,1,11
180,0.003213167190551758,1,11
181,0.003213167190551758,1,11
182,0.003213167190551758,1,11
183,0.003213167190551758,1,11
184,0.003213167190551758,1,11
185,0.003213167190551758,1,11
186,0.003213167190551758,1,11
187,0.003213167190551758,1,11
188,0.003213167190551758,1,11
189,0.003213167190551758,1,11
190,0.003213167190551758,1,11
191,0.003213167190551758,1,11
192,0.003213167190551758,1,11
193,0.003213167190551758,1,11
194,0.003213167190551758,1,11
195,0.003213167190551758,1,11
196,0.003213167190551758,1,11
197,0.003213167190551758,1,11
198,0.003213167190551758,1,11
199,0.003213167190551758,1,11
200,0.003213167190551758,1,11
1,1.4424324035644531e-05,1,12
2,1.4424324035644531e-05,1,12
3,1.4424324035644531e-05,1,12
4,1.4424324035644531e-05,1,12
5,1.4424324035644531e-05,1,12
6,1.4424324035644531e-05,1,12
7,1.4424324035644531e-05,1,12
8,1.4424324035644531e-05,1,12
9,1.4424324035644531e-05,1,12
10,1.4424324035644531e-05,1,12
11,1.4424324035644531e-05,1,12
12,1.4424324035644531e-05,1,12
13,1.4424324035644531e-05,1,12
14,1.4424324035644531e-05,1,12
15,1.4424324035644531e-05,1,12
16,1.4424324035644531e-05,1,12
17,1.4424324035644531e-05,1,12
18,1.4424324035644531e-05,1,12
19,1.4424324035644531e-05,1,12
20,1.4424324035644531e-05,1,12
21,1.4424324035644531e-05,1,12
22,1.4424324035644531e-05,1,12
23,1.4424324035644531e-05,1,12
24,1.4424324035644531e-05,1,12
25,1.4424324035644531e-05,1,12
26,1.4424324035644531e-05,1,12
27,1.4424324035644531e-05,1,12
28,1.4424324035644531e-05,1,12
29,1.4424324035644531e-05,1,12
30,1.4424324035644531e-05,1,12
31,1.4424324035644531e-05,1,12
32,1.4424324035644531e-05,1,12
33,1.4424324035644531e-05,1,12
34,1.4424324035644531e-05,1,12
35,1.4424324035644531e-05,1,12
36,1.4424324035644531e-05,1,12
37,1.4424324035644531e-05,1,12
38,1.4424324035644531e-05,1,12
39,1.4424324035644531e-05,1,12
40,1.4424324035644531e-05,1,12
41,1.4424324035644531e-05,1,12
42,1.4424324035644531e-05,1,12
43,1.4424324035644531e-05,1,12
44,1.4424324035644531e-05,1,12
45,1.4424324035644531e-05,1,12
46,1.4424324035644531e-05,1,12
47,1.4424324035644531e-05,1,12
48,1.4424324035644531e-05,1,12
49,1.4424324035644531e-05,1,12
50,1.4424324035644531e-05,1,12
51,1.4424324035644531e-05,1,12
52,1.4424324035644531e-05,1,12
53,1.4424324035644531e-05,1,12
54,1.4424324035644531e-05,1,12
55,1.4424324035644531e-05,1,12
56,1.4424324035644531e-05,1,12
57,1.4424324035644531e-05,1,12
58,1.4424324035644531e-05,1,12
59,1.4424324035644531e-05,1,12
60,1.4424324035644531e-05,1,12
61,1.4424324035644531e-05,1,12
62,1.4424324035644531e-05,1,12
63,1.4424324035644531e-05,1,12
64,1.4424324035644531e-05,1,12
65,1.4424324035644531e-05,1,12
66,1.4424324035644531e-05,1,12
67,1.4424324035644531e-05,1,12
68,1.4424324035644531e-05,1,12
69,1.4424324035644531e-05,1,12
70,1.4424324035644531e-05,1,12
71,1.4424324035644531e-05,1,12
72,1.4424324035644531e-05,1,12
73,1.4424324035644531e-05,1,12
74,1.4424324035644531e-05,1,12
75,1.4424324035644531e-05,1,12
76,1.4424324035644531e-05,1,12
77,1.4424324035644531e-05,1,12
78,1.4424324035644531e-05,1,12
79,1.4424324035644531e-05,1,12
80,1.4424324035644531e-05,1,12
81,1.4424324035644531e-05,1,12
82,1.4424324035644531e-05,1,12
83,1.4424324035644531e-05,1,12
84,1.4424324035644531e-05,1,12
85,1.4424324035644531e-05,1,12
86,1.4424324035644531e-05,1,12
87,1.4424324035644531e-05,1,12
88,1.4424324035644531e-05,1,12
89,1.4424324035644531e-05,1,12
90,1.4424324035644531e-05,1,12
91,1.4424324035644531e-05,1,12
92,1.4424324035644531e-05,1,12
93,1.4424324035644531e-05,1,12
94,1.4424324035644531e-05,1,12
95,1.4424324035644531e-05,1,12
96,1.4424324035644531e-05,1,12
97,1.4424324035644531e-05,1,12
98,1.4424324035644531e-05,1,12
99,1.4424324035644531e-05,1,12
100,1.4424324035644531e-05,1,12
101,1.4424324035644531e-05,1,12
102,1.4424324035644531e-05,1,12
103,1.4424324035644531e-05,1,12
104,1.4424324035644531e-05,1,12
105,1.4424324035644531e-05,1,12
106,1.4424324035644531e-05,1,12
107,1.4424324035644531e-05,1,12
108,1.4424324035644531e-05,1,12
109,1.4424324035644531e-05,1,12
110,1.4424324035644531e-05,1,12
111,1.4424324035644531e-05,1,12
112,1.4424324035644531e-05,1,12
113,1.4424324035644531e-05,1,12
114,1.4424324035644531e-05,1,12
115,1.4424324035644531e-05,1,12
116,1.4424324035644531e-05,1,12
117,1.4424324035644531e-05,1,12
118,1.4424324035644531e-05,1,12
119,1.4424324035644531e-05,1,12
120,1.4424324035644531e-05,1,12
121,1.4424324035644531e-05,1,12
122,1.4424324035644531e-05,1,12
123,1.4424324035644531e-05,1,12
124,1.4424324035644531e-05,1,12
125,1.4424324035644531e-05,1,12
126,1.4424324035644531e-05,1,12
127,1.4424324035644531e-05,1,12
128,1.4424324035644531e-05,1,12
129,1.4424324035644531e-05,1,12
130,1.4424324035644531e-05,1,12
131,1.4424324035644531e-05,1,12
132,1.4424324035644531e-05,1,12
133,1.4424324035644531e-05,1,12
134,1.4424324035644531e-05,1,12
135,1.4424324035644531e-05,1,12
136,1.4424324035644531e-05,1,12
137,1.4424324035644531e-05,1,12
138,1.4424324035644531e-05,1,12
139,1.4424324035644531e-05,1,12
140,1.4424324035644531e-05,1,12
141,1.4424324035644531e-05,1,12
142,1.4424324035644531e-05,1,12
143,1.4424324035644531e-05,1,12
144,1.4424324035644531e-05,1,12
145,1.4424324035644531e-05,1,12
146,1.4424324035644531e-05,1,12
147,1.4424324035644531e-05,1,12
148,1.4424324035644531e-05,1,12
149,1.4424324035644531e-05,1,12
150,1.4424324035644531e-05,1,12
151,1.4424324035644531e-05,1,12
152,1.4424324035644531e-05,1,12
153,1.4424324035644531e-05,1,12
154,1.4424324035644531e-05,1,12
155,1.4424324035644531e-05,1,12
156,1.4424324035644531e-05,1,12
157,1.4424324035644531e-05,1,12
158,1.4424324035644531e-05,1,12
159,1.4424324035644531e-05,1,12
160,1.4424324035644531e-05,1,12
161,1.4424324035644531e-05,1,12
162,1.4424324035644531e-05,1,12
163,1.4424324035644531e-05,1,12
164,1.4424324035644531e-05,1,12
165,1.4424324035644531e-05,1,12
166,1.4424324035644531e-05,1,12
167,1.4424324035644531e-05,1,12
168,1.4424324035644531e-05,1,12
169,1.4424324035644531e-05,1,12
170,1.4424324035644531e-05,1,12
171,1.4424324035644531e-05,1,12
172,1.4424324035644531e-05,1,12
173,1.4424324035644531e-05,1,12
174,1.4424324035644531e-05,1,12
175,1.4424324035644531e-05,1,12
176,1.4424324035644531e-05,1,12
177,1.4424324035644531e-05,1,12
178,1.4424324035644531e-05,1,12
179,1.4424324035644531e-05,1,12
180,1.4424324035644531e-05,1,12
181,1.4424324035644531e-05,1,12
182,1.4424324035644531e-05,1,12
183,1.4424324035644531e-05,1,12
184,1.4424324035644531e-05,1,12
185,1.4424324035644531e-05,1,12
186,1.4424324035644531e-05,1,12
187,1.4424324035644531e-05,1,12
188,1.4424324035644531e-05,1,12
189,1.4424324035644531e-05,1,12
190,1.4424324035644531e-05,1,12
191,1.4424324035644531e-05,1,12
192,1.4424324035644531e-05,1,12
193,1.4424324035644531e-05,1,12
194,1.4424324035644531e-05,1,12
195,1.4424324035644531e-05,1,12
196,1.4424324035644531e-05,1,12
197,1.4424324035644531e-05,1,12
198,1.4424324035644531e-05,1,12
199,1.4424324035644531e-05,1,12
200,1.4424324035644531e-05,1,12
1,8.940696716308594e-06,1,13
2,8.940696716308594e-06,1,13
3,8.940696716308594e-06,1,13
4,8.940696716308594e-06,1,13
5,8.940696716308594e-06,1,13
6,8.940696716308594e-06,1,13
7,8.940696716308594e-06,1,13
8,8.940696716308594e-06,1,13
9,8.940696716308594e-06,1,13
10,8.940696716308594e-06,1,13
11,8.940696716308594e-06,1,13
12,8.940696716308594e-06,1,13
13,8.940696716308594e-06,1,13
14,8.940696716308594e-06,1,13
15,8.940696716308594e-06,1,13
16,8.940696716308594e-06,1,13
17,8.940696716308594e-06,1,13
18,8.940696716308594e-06,1,13
19,8.940696716308594e-06,1,13
20,8.940696716308594e-06,1,13
21,8.940696716308594e-06,1,13
22,8.940696716308594e-06,1,13
23,8.940696716308594e-06,1,13
24,8.940696716308594e-06,1,13
25,8.940696716308594e-06,1,13
26,8.940696716308594e-06,1,13
27,8.940696716308594e-06,1,13
28,8.940696716308594e-06,1,13
29,8.940696716308594e-06,1,13
30,8.940696716308594e-06,1,13
31,8.940696716308594e-06,1,13
32,8.940696716308594e-06,1,13
33,8.940696716308594e-06,1,13
34,8.940696716308594e-06,1,13
35,8.940696716308594e-06,1,13
36,8.940696716308594e-06,1,13
37,8.940696716308594e-06,1,13
38,8.940696716308594e-06,1,13
39,8.940696716308594e-06,1,13
40,8.940696716308594e-06,1,13
41,8.940696716308594e-06,1,13
42,8.940696716308594e-06,1,13
43,8.940696716308594e-06,1,13
44,8.940696716308594e-06,1,13
45,8.940696716308594e-06,1,13
46,8.940696716308594e-06,1,13
47,8.940696716308594e-06,1,13
48,8.940696716308594e-06,1,13
49,8.940696716308594e-06,1,13
50,8.940696716308594e-06,1,13
51,8.940696716308594e-06,1,13
52,8.940696716308594e-06,1,13
53,8.940696716308594e-06,1,13
54,8.940696716308594e-06,1,13
55,8.940696716308594e-06,1,13
56,8.940696716308594e-06,1,13
57,8.940696716308594e-06,1,13
58,8.940696716308594e-06,1,13
59,8.940696716308594e-06,1,13
60,8.940696716308594e-06,1,13
61,8.940696716308594e-06,1,13
62,8.940696716308594e-06,1,13
63,8.940696716308594e-06,1,13
64,8.940696716308594e-06,1,13
65,8.940696716308594e-06,1,13
66,8.940696716308594e-06,1,13
67,8.940696716308594e-06,1,13
68,8.940696716308594e-06,1,13
69,8.940696716308594e-06,1,13
70,8.940696716308594e-06,1,13
71,8.940696716308594e-06,1,13
72,8.940696716308594e-06,1,13
73,8.940696716308594e-06,1,13
74,8.940696716308594e-06,1,13
75,8.940696716308594e-06,1,13
76,8.940696716308594e-06,1,13
77,8.940696716308594e-06,1,13
78,8.940696716308594e-06,1,13
79,8.940696716308594e-06,1,13
80,8.940696716308594e-06,1,13
81,8.940696716308594e-06,1,13
82,8.940696716308594e-06,1,13
83,8.940696716308594e-06,1,13
84,8.940696716308594e-06,1,13
85,8.940696716308594e-06,1,13
86,8.940696716308594e-06,1,13
87,8.940696716308594e-06,1,13
88,8.940696716308594e-06,1,13
89,8.940696716308594e-06,1,13
90,8.940696716308594e-06,1,13
91,8.940696716308594e-06,1,13
92,8.940696716308594e-06,1,13
93,8.940696716308594e-06,1,13
94,8.940696716308594e-06,1,13
95,8.940696716308594e-06,1,13
96,8.940696716308594e-06,1,13
97,8.940696716308594e-06,1,13
98,8.940696716308594e-06,1,13
99,8.940696716308594e-06,1,13
100,8.940696716308594e-06,1,13
101,8.940696716308594e-06,1,13
102,8.940696716308594e-06,1,13
103,8.940696716308594e-06,1,13
104,8.940696716308594e-06,1,13
105,8.940696716308594e-06,1,13
106,8.940696716308594e-06,1,13
107,8.940696716308594e-06,1,13
108,8.940696716308594e-06,1,13
109,8.940696716308594e-06,1,13
110,8.940696716308594e-06,1,13
111,8.940696716308594e-06,1,13
112,8.940696716308594e-06,1,13
113,8.940696716308594e-06,1,13
114,8.940696716308594e-06,1,13
115,8.940696716308594e-06,1,13
116,8.940696716308594e-06,1,13
117,8.940696716308594e-06,1,13
118,8.940696716308594e-06,1,13
119,8.940696716308594e-06,1,13
120,8.940696716308594e-06,1,13
121,8.940696716308594e-06,1,13
122,8.940696716308594e-06,1,13
123,8.940696716308594e-06,1,13
124,8.940696716308594e-06,1,13
125,8.940696716308594e-06,1,13
126,8.940696716308594e-06,1,13
127,8.940696716308594e-06,1,13
128,8.940696716308594e-06,1,13
129,8.940696716308594e-06,1,13
130,8.940696716308594e-06,1,13
131,8.940696716308594e-06,1,13
132,8.940696716308594e-06,1,13
133,8.940696716308594e-06,1,13
134,8.940696716308594e-06,1,13
135,8.940696716308594e-06,1,13
136,8.940696716308594e-06,1,13
137,8.940696716308594e-06,1,13
138,8.940696716308594e-06,1,13
139,8.940696716308594e-06,1,13
140,8.940696716308594e-06,1,13
141,8.940696716308594e-06,1,13
142,8.940696716308594e-06,1,13
143,8.940696716308594e-06,1,13
144,8.940696716308594e-06,1,13
145,8.940696716308594e-06,1,13
146,8.940696716308594e-06,1,13
147,8.940696716308594e-06,1,13
148,8.940696716308594e-06,1,13
149,8.940696716308594e-06,1,13
150,8.940696716308594e-06,1,13
151,8.940696716308594e-06,1,13
152,8.940696716308594e-06,1,13
153,8.940696716308594e-06,1,13
154,8.940696716308594e-06,1,13
155,8.940696716308594e-06,1,13
156,8.940696716308594e-06,1,13
157,8.940696716308594e-06,1,13
158,8.940696716308594e-06,1,13
159,8.940696716308594e-06,1,13
160,8.940696716308594e-06,1,13
161,8.940696716308594e-06,1,13
162,8.940696716308594e-06,1,13
163,8.940696716308594e-06,1,13
164,8.940696716308594e-06,1,13
165,8.940696716308594e-06,1,13
166,8.940696716308594e-06,1,13
167,8.940696716308594e-06,1,13
168,8.940696716308594e-06,1,13
169,8.940696716308594e-06,1,13
170,8.940696716308594e-06,1,13
171,8.940696716308594e-06,1,13
172,8.940696716308594e-06,1,13
173,8.940696716308594e-06,1,13
174,8.940696716308594e-06,1,13
175,8.940696716308594e-06,1,13
176,8.940696716308594e-06,1,13
177,8.940696716308594e-06,1,13
178,8.940696716308594e-06,1,13
179,8.940696716308594e-06,1,13
180,8.940696716308594e-06,1,13
181,8.940696716308594e-06,1,13
182,8.940696716308594e-06,1,13
183,8.940696716308594e-06,1,13
184,8.940696716308594e-06,1,13
185,8.940696716308594e-06,1,13
186,8.940696716308594e-06,1,13
187,8.940696716308594e-06,1,13
188,8.940696716308594e-06,1,13
189,8.940696716308594e-06,1,13
190,8.940696716308594e-06,1,13
191,8.940696716308594e-06,1,13
192,8.940696716308594e-06,1,13
193,8.940696716308594e-06,1,13
194,8.940696716308594e-06,1,13
195,8.940696716308594e-06,1,13
196,8.940696716308594e-06,1,13
197,8.940696716308594e-06,1,13
198,8.940696716308594e-06,1,13
199,8.940696716308594e-06,1,13
200,8.940696716308594e-06,1,13
1,0.8972965404391289,1,14
2,0.8972965404391289,1,14
3,0.8972965404391289,1,14
4,0.8972965404391289,1,14
5,0.8972965404391289,1,14
6,0.8972965404391289,1,14
7,0.897178515791893,1,14
8,0.8971919938921928,1,14
9,0.8971897438168526,1,14
10,0.8971897661685944,1,14
11,0.8971897438168526,1,14
12,0.8971897140145302,1,14
13,0.8971897140145302,1,14
14,0.8971897140145302,1,14
15,0.8971897140145302,1,14
16,0.8971897140145302,1,14
17,0.8971897140145302,1,14
18,0.8971897140145302,1,14
19,0.8971897140145302,1,14
20,0.8971897140145302,1,14
21,0.8971897140145302,1,14
22,0.8971897140145302,1,14
23,0.8971897140145302,1,14
24,0.897190049290657,1,14
25,0.897190049290657,1,14
26,0.897190049290657,1,14
27,0.897190049290657,1,14
28,0.897190049290657,1,14
29,0.8971897140145302,1,14
30,0.8971897140145302,1,14
31,0.8971897140145302,1,14
32,0.8971897140145302,1,14
33,0.8971897140145302,1,14
34,0.8971897140145302,1,14
35,0.8971897140145302,1,14
36,0.8971897140145302,1,14
37,0.8971897140145302,1,14
38,0.8971897140145302,1,14
39,0.8971897140145302,1,14
40,0.8971897140145302,1,14
41,0.8971897140145302,1,14
42,0.8971897140145302,1,14
43,0.8971897140145302,1,14
44,0.8971897289156914,1,14
45,0.8971897140145302,1,14
46,0.8971897140145302,1,14
47,0.8971897140145302,1,14
48,0.8971897140145302,1,14
49,0.8971897140145302,1,14
50,0.8971897140145302,1,14
51,0.8971897140145302,1,14
52,0.8971897140145302,1,14
53,0.8971897140145302,1,14
54,0.8971897140145302,1,14
55,0.8971897140145302,1,14
56,0.8971897140145302,1,14
57,0.8971897140145302,1,14
58,0.8971897140145302,1,14
59,0.8971897140145302,1,14
60,0.8971897140145302,1,14
61,0.8971897140145302,1,14
62,0.8971897140145302,1,14
63,0.8971897140145302,1,14
64,0.8971897140145302,1,14
65,0.8971897140145302,1,14
66,0.8971897140145302,1,14
67,0.8971897140145302,1,14
68,0.8971897140145302,1,14
69,0.8971897140145302,1,14
70,0.8971897140145302,1,14
71,0.8971897140145302,1,14
72,0.8971897140145302,1,14
73,0.8971897140145302,1,14
74,0.8971897140145302,1,14
75,0.8971897140145302,1,14
76,0.8971897140145302,1,14
77,0.8971897140145302,1,14
78,0.8971897140145302,1,14
79,0.8971897140145302,1,14
80,0.8971897140145302,1,14
81,0.8971897140145302,1,14
82,0.8971897140145302,1,14
83,0.8971897140145302,1,14
84,0.8971897140145302,1,14
85,0.8971897140145302,1,14
86,0.8971897140145302,1,14
87,0.8971897140145302,1,14
88,0.8971897140145302,1,14
89,0.8971897140145302,1,14
90,0.8971897140145302,1,14
91,0.8971897140145302,1,14
92,0.8971897140145302,1,14
93,0.8971897140145302,1,14
94,0.8971897140145302,1,14
95,0.8971897140145302,1,14
96,0.8971897140145302,1,14
97,0.8971897140145302,1,14
98,0.8971897140145302,1,14
99,0.8971897140145302,1,14
100,0.8971897140145302,1,14
101,0.8971897140145302,1,14
102,0.8971897140145302,1,14
103,0.8971897140145302,1,14
104,0.8971897140145302,1,14
105,0.8971897140145302,1,14
106,0.8971897140145302,1,14
107,0.8971897140145302,1,14
108,0.8971897140145302,1,14
109,0.8971897140145302,1,14
110,0.8971897140145302,1,14
111,0.8971897140145302,1,14
112,0.8971897140145302,1,14
113,0.8971897140145302,1,14
114,0.8971897140145302,1,14
115,0.8971897140145302,1,14
116,0.8971897140145302,1,14
117,0.8971897140145302,1,14
118,0.8971897140145302,1,14
119,0.8971897140145302,1,14
120,0.8971897140145302,1,14
121,0.8971897140145302,1,14
122,0.8971897140145302,1,14
123,0.8971897140145302,1,14
124,0.8971897140145302,1,14
125,0.8971897140145302,1,14
126,0.8971897140145302,1,14
127,0.8971897140145302,1,14
128,0.8971897140145302,1,14
129,0.8971897140145302,1,14
130,0.8971897140145302,1,14
131,0.8971897140145302,1,14
132,0.8971897140145302,1,14
133,0.8971897140145302,1,14
134,0.8971897140145302,1,14
135,0.8971897140145302,1,14
136,0.8971897140145302,1,14
137,0.8971897140145302,1,14
138,0.8971897140145302,1,14
139,0.8971897140145302,1,14
140,0.8971897140145302,1,14
141,0.8971897140145302,1,14
142,0.8971897140145302,1,14
143,0.8971897140145302,1,14
144,0.8971897140145302,1,14
145,0.8971897140145302,1,14
146,0.8971897140145302,1,14
147,0.8971897140145302,1,14
148,0.8971897140145302,1,14
149,0.8971897140145302,1,14
150,0.8971897140145302,1,14
151,0.8971897140145302,1,14
152,0.8971897140145302,1,14
153,0.8971897140145302,1,14
154,0.8971897140145302,1,14
155,0.8971897140145302,1,14
156,0.8971897140145302,1,14
157,0.8971897140145302,1,14
158,0.8971897140145302,1,14
159,0.8971897140145302,1,14
160,0.8971897140145302,1,14
161,0.8971897140145302,1,14
162,0.8971897140145302,1,14
163,0.8971897140145302,1,14
164,0.8971897140145302,1,14
165,0.8971897140145302,1,14
166,0.8971897140145302,1,14
167,0.8971897140145302,1,14
168,0.8971897140145302,1,14
169,0.8971897140145302,1,14
170,0.8971897140145302,1,14
171,0.8971897140145302,1,14
172,0.8971897140145302,1,14
173,0.8971897140145302,1,14
174,0.8971897140145302,1,14
175,0.8971897140145302,1,14
176,0.8971897140145302,1,14
177,0.8971897140145302,1,14
178,0.8971897140145302,1,14
179,0.8971897140145302,1,14
180,0.8971897140145302,1,14
181,0.8971897140145302,1,14
182,0.8971897140145302,1,14
183,0.8971897140145302,1,14
184,0.8971897140145302,1,14
185,0.8971897140145302,1,14
186,0.8971897140145302,1,14
187,0.8971897140145302,1,14
188,0.8971897140145302,1,14
189,0.8971897140145302,1,14
190,0.8971897140145302,1,14
191,0.8971897140145302,1,14
192,0.8971897140145302,1,14
193,0.8971897140145302,1,14
194,0.8971897140145302,1,14
195,0.8971897140145302,1,14
196,0.8971897140145302,1,14
197,0.8971897140145302,1,14
198,0.8971897140145302,1,14
199,0.8971897140145302,1,14
200,0.8971897140145302,1,14
1,3.254413604736328e-05,1,15
2,3.254413604736328e-05,1,15
3,3.254413604736328e-05,1,15
4,3.254413604736328e-05,1,15
5,3.254413604736328e-05,1,15
6,3.254413604736328e-05,1,15
7,3.254413604736328e-05,1,15
8,3.254413604736328e-05,1,15
9,3.254413604736328e-05,1,15
10,3.254413604736328e-05,1,15
11,3.254413604736328e-05,1,15
12,3.254413604736328e-05,1,15
13,3.254413604736328e-05,1,15
14,3.254413604736328e-05,1,15
15,3.254413604736328e-05,1,15
16,3.254413604736328e-05,1,15
17,3.254413604736328e-05,1,15
18,3.254413604736328e-05,1,15
19,3.254413604736328e-05,1,15
20,3.254413604736328e-05,1,15
21,3.254413604736328e-05,1,15
22,3.254413604736328e-05,1,15
23,3.254413604736328e-05,1,15
24,3.254413604736328e-05,1,15
25,3.254413604736328e-05,1,15
26,3.254413604736328e-05,1,15
27,3.254413604736328e-05,1,15
28,3.254413604736328e-05,1,15
29,3.254413604736328e-05,1,15
30,3.254413604736328e-05,1,15
31,3.254413604736328e-05,1,15
32,3.254413604736328e-05,1,15
33,3.254413604736328e-05,1,15
34,3.254413604736328e-05,1,15
35,3.254413604736328e-05,1,15
36,3.254413604736328e-05,1,15
37,3.254413604736328e-05,1,15
38,3.254413604736328e-05,1,15
39,3.254413604736328e-05,1,15
40,3.254413604736328e-05,1,15
41,3.254413604736328e-05,1,15
42,3.254413604736328e-05,1,15
43,3.254413604736328e-05,1,15
44,3.254413604736328e-05,1,15
45,3.254413604736328e-05,1,15
46,3.254413604736328e-05,1,15
47,3.254413604736328e-05,1,15
48,3.254413604736328e-05,1,15
49,3.254413604736328e-05,1,15
50,3.254413604736328e-05,1,15
51,3.254413604736328e-05,1,15
52,3.254413604736328e-05,1,15
53,3.254413604736328e-05,1,15
54,3.254413604736328e-05,1,15
55,3.254413604736328e-05,1,15
56,3.254413604736328e-05,1,15
57,3.254413604736328e-05,1,15
58,3.254413604736328e-05,1,15
59,3.254413604736328e-05,1,15
60,3.254413604736328e-05,1,15
61,3.254413604736328e-05,1,15
62,3.254413604736328e-05,1,15
63,3.254413604736328e-05,1,15
64,3.254413604736328e-05,1,15
65,3.254413604736328e-05,1,15
66,3.254413604736328e-05,1,15
67,3.254413604736328e-05,1,15
68,3.254413604736328e-05,1,15
69,3.254413604736328e-05,1,15
70,3.254413604736328e-05,1,15
71,3.254413604736328e-05,1,15
72,3.254413604736328e-05,1,15
73,3.254413604736328e-05,1,15
74,3.254413604736328e-05,1,15
75,3.254413604736328e-05,1,15
76,3.254413604736328e-05,1,15
77,3.254413604736328e-05,1,15
78,3.254413604736328e-05,1,15
79,3.254413604736328e-05,1,15
80,3.254413604736328e-05,1,15
81,3.254413604736328e-05,1,15
82,3.254413604736328e-05,1,15
83,3.254413604736328e-05,1,15
84,3.254413604736328e-05,1,15
85,3.254413604736328e-05,1,15
86,3.254413604736328e-05,1,15
87,3.254413604736328e-05,1,15
88,3.254413604736328e-05,1,15
89,3.254413604736328e-05,1,15
90,3.254413604736328e-05,1,15
91,3.254413604736328e-05,1,15
92,3.254413604736328e-05,1,15
93,3.254413604736328e-05,1,15
94,3.254413604736328e-05,1,15
95,3.254413604736328e-05,1,15
96,3.254413604736328e-05,1,15
97,3.254413604736328e-05,1,15
98,3.254413604736328e-05,1,15
99,3.254413604736328e-05,1,15
100,3.254413604736328e-05,1,15
101,3.254413604736328e-05,1,15
102,3.254413604736328e-05,1,15
103,3.254413604736328e-05,1,15
104,3.254413604736328e-05,1,15
105,3.254413604736328e-05,1,15
106,3.254413604736328e-05,1,15
107,3.254413604736328e-05,1,15
108,3.254413604736328e-05,1,15
109,3.254413604736328e-05,1,15
110,3.254413604736328e-05,1,15
111,3.254413604736328e-05,1,15
112,3.254413604736328e-05,1,15
113,3.254413604736328e-05,1,15
114,3.254413604736328e-05,1,15
115,3.254413604736328e-05,1,15
116,3.254413604736328e-05,1,15
117,3.254413604736328e-05,1,15
118,3.254413604736328e-05,1,15
119,3.254413604736328e-05,1,15
120,3.254413604736328e-05,1,15
121,3.254413604736328e-05,1,15
122,3.254413604736328e-05,1,15
123,3.254413604736328e-05,1,15
124,3.254413604736328e-05,1,15
125,3.254413604736328e-05,1,15
126,3.254413604736328e-05,1,15
127,3.254413604736328e-05,1,15
128,3.254413604736328e-05,1,15
129,3.254413604736328e-05,1,15
130,3.254413604736328e-05,1,15
131,3.254413604736328e-05,1,15
132,3.254413604736328e-05,1,15
133,3.254413604736328e-05,1,15
134,3.254413604736328e-05,1,15
135,3.254413604736328e-05,1,15
136,3.254413604736328e-05,1,15
137,3.254413604736328e-05,1,15
138,3.254413604736328e-05,1,15
139,3.254413604736328e-05,1,15
140,3.254413604736328e-05,1,15
141,3.254413604736328e-05,1,15
142,3.254413604736328e-05,1,15
143,3.254413604736328e-05,1,15
144,3.254413604736328e-05,1,15
145,3.254413604736328e-05,1,15
146,3.254413604736328e-05,1,15
147,3.254413604736328e-05,1,15
148,3.254413604736328e-05,1,15
149,3.254413604736328e-05,1,15
150,3.254413604736328e-05,1,15
151,3.254413604736328e-05,1,15
152,3.254413604736328e-05,1,15
153,3.254413604736328e-05,1,15
154,3.254413604736328e-05,1,15
155,3.254413604736328e-05,1,15
156,3.254413604736328e-05,1,15
157,3.254413604736328e-05,1,15
158,3.254413604736328e-05,1,15
159,3.254413604736328e-05,1,15
160,3.254413604736328e-05,1,15
161,3.254413604736328e-05,1,15
162,3.254413604736328e-05,1,15
163,3.254413604736328e-05,1,15
164,3.254413604736328e-05,1,15
165,3.254413604736328e-05,1,15
166,3.254413604736328e-05,1,15
167,3.254413604736328e-05,1,15
168,3.254413604736328e-05,1,15
169,3.254413604736328e-05,1,15
170,3.254413604736328e-05,1,15
171,3.254413604736328e-05,1,15
172,3.254413604736328e-05,1,15
173,3.254413604736328e-05,1,15
174,3.254413604736328e-05,1,15
175,3.254413604736328e-05,1,15
176,3.254413604736328e-05,1,15
177,3.254413604736328e-05,1,15
178,3.254413604736328e-05,1,15
179,3.254413604736328e-05,1,15
180,3.254413604736328e-05,1,15
181,3.254413604736328e-05,1,15
182,3.254413604736328e-05,1,15
183,3.254413604736328e-05,1,15
184,3.254413604736328e-05,1,15
185,3.254413604736328e-05,1,15
186,3.254413604736328e-05,1,15
187,3.254413604736328e-05,1,15
188,3.254413604736328e-05,1,15
189,3.254413604736328e-05,1,15
190,3.254413604736328e-05,1,15
191,3.254413604736328e-05,1,15
192,3.254413604736328e-05,1,15
193,3.254413604736328e-05,1,15
194,3.254413604736328e-05,1,15
195,3.254413604736328e-05,1,15
196,3.254413604736328e-05,1,15
197,3.254413604736328e-05,1,15
198,3.254413604736328e-05,1,15
199,3.254413604736328e-05,1,15
200,3.254413604736328e-05,1,15
1,1.0132789611816406e-05,1,16
2,1.0132789611816406e-05,1,16
3,1.0132789611816406e-05,1,16
4,1.0132789611816406e-05,1,16
5,1.0132789611816406e-05,1,16
6,1.0132789611816406e-05,1,16
7,1.0132789611816406e-05,1,16
8,1.0132789611816406e-05,1,16
9,1.0132789611816406e-05,1,16
10,1.0132789611816406e-05,1,16
11,1.0132789611816406e-05,1,16
12,1.0132789611816406e-05,1,16
13,1.0132789611816406e-05,1,16
14,1.0132789611816406e-05,1,16
15,1.0132789611816406e-05,1,16
16,1.0132789611816406e-05,1,16
17,1.0132789611816406e-05,1,16
18,1.0132789611816406e-05,1,16
19,1.0132789611816406e-05,1,16
20,1.0132789611816406e-05,1,16
21,1.0132789611816406e-05,1,16
22,1.0132789611816406e-05,1,16
23,1.0132789611816406e-05,1,16
24,1.0132789611816406e-05,1,16
25,1.0132789611816406e-05,1,16
26,1.0132789611816406e-05,1,16
27,1.0132789611816406e-05,1,16
28,1.0132789611816406e-05,1,16
29,1.0132789611816406e-05,1,16
30,1.0132789611816406e-05,1,16
31,1.0132789611816406e-05,1,16
32,1.0132789611816406e-05,1,16
33,1.0132789611816406e-05,1,16
34,1.0132789611816406e-05,1,16
35,1.0132789611816406e-05,1,16
36,1.0132789611816406e-05,1,16
37,1.0132789611816406e-05,1,16
38,1.0132789611816406e-05,1,16
39,1.0132789611816406e-05,1,16
40,1.0132789611816406e-05,1,16
41,1.0132789611816406e-05,1,16
42,1.0132789611816406e-05,1,16
43,1.0132789611816406e-05,1,16
44,1.0132789611816406e-05,1,16
45,1.0132789611816406e-05,1,16
46,1.0132789611816406e-05,1,16
47,1.0132789611816406e-05,1,16
48,1.0132789611816406e-05,1,16
49,1.0132789611816406e-05,1,16
50,1.0132789611816406e-05,1,16
51,1.0132789611816406e-05,1,16
52,1.0132789611816406e-05,1,16
53,1.0132789611816406e-05,1,16
54,1.0132789611816406e-05,1,16
55,1.0132789611816406e-05,1,16
56,1.0132789611816406e-05,1,16
57,1.0132789611816406e-05,1,16
58,1.0132789611816406e-05,1,16
59,1.0132789611816406e-05,1,16
60,1.0132789611816406e-05,1,16
61,1.0132789611816406e-05,1,16
62,1.0132789611816406e-05,1,16
63,1.0132789611816406e-05,1,16
64,1.0132789611816406e-05,1,16
65,1.0132789611816406e-05,1,16
66,1.0132789611816406e-05,1,16
67,1.0132789611816406e-05,1,16
68,1.0132789611816406e-05,1,16
69,1.0132789611816406e-05,1,16
70,1.0132789611816406e-05,1,16
71,1.0132789611816406e-05,1,16
72,1.0132789611816406e-05,1,16
73,1.0132789611816406e-05,1,16
74,1.0132789611816406e-05,1,16
75,1.0132789611816406e-05,1,16
76,1.0132789611816406e-05,1,16
77,1.0132789611816406e-05,1,16
78,1.0132789611816406e-05,1,16
79,1.0132789611816406e-05,1,16
80,1.0132789611816406e-05,1,16
81,1.0132789611816406e-05,1,16
82,1.0132789611816406e-05,1,16
83,1.0132789611816406e-05,1,16
84,1.0132789611816406e-05,1,16
85,1.0132789611816406e-05,1,16
86,1.0132789611816406e-05,1,16
87,1.0132789611816406e-05,1,16
88,1.0132789611816406e-05,1,16
89,1.0132789611816406e-05,1,16
90,1.0132789611816406e-05,1,16
91,1.0132789611816406e-05,1,16
92,1.0132789611816406e-05,1,16
93,1.0132789611816406e-05,1,16
94,1.0132789611816406e-05,1,16
95,1.0132789611816406e-05,1,16
96,1.0132789611816406e-05,1,16
97,1.0132789611816406e-05,1,16
98,1.0132789611816406e-05,1,16
99,1.0132789611816406e-05,1,16
100,1.0132789611816406e-05,1,16
101,1.0132789611816406e-05,1,16
102,1.0132789611816406e-05,1,16
103,1.0132789611816406e-05,1,16
104,1.0132789611816406e-05,1,16
105,1.0132789611816406e-05,1,16
106,1.0132789611816406e-05,1,16
107,1.0132789611816406e-05,1,16
108,1.0132789611816406e-05,1,16
109,1.0132789611816406e-05,1,16
110,1.0132789611816406e-05,1,16
111,1.0132789611816406e-05,1,16
112,1.0132789611816406e-05,1,16
113,1.0132789611816406e-05,1,16
114,1.0132789611816406e-05,1,16
115,1.0132789611816406e-05,1,16
116,1.0132789611816406e-05,1,16
117,1.0132789611816406e-05,1,16
118,1.0132789611816406e-05,1,16
119,1.0132789611816406e-05,1,16
120,1.0132789611816406e-05,1,16
121,1.0132789611816406e-05,1,16
122,1.0132789611816406e-05,1,16
123,1.0132789611816406e-05,1,16
124,1.0132789611816406e-05,1,16
125,1.0132789611816406e-05,1,16
126,1.0132789611816406e-05,1,16
127,1.0132789611816406e-05,1,16
128,1.0132789611816406e-05,1,16
129,1.0132789611816406e-05,1,16
130,1.0132789611816406e-05,1,16
131,1.0132789611816406e-05,1,16
132,1.0132789611816406e-05,1,16
133,1.0132789611816406e-05,1,16
134,1.0132789611816406e-05,1,16
135,1.0132789611816406e-05,1,16
136,1.0132789611816406e-05,1,16
137,1.0132789611816406e-05,1,16
138,1.0132789611816406e-05,1,16
139,1.0132789611816406e-05,1,16
140,1.0132789611816406e-05,1,16
141,1.0132789611816406e-05,1,16
142,1.0132789611816406e-05,1,16
143,1.0132789611816406e-05,1,16
144,1.0132789611816406e-05,1,16
145,1.0132789611816406e-05,1,16
146,1.0132789611816406e-05,1,16
147,1.0132789611816406e-05,1,16
148,1.0132789611816406e-05,1,16
149,1.0132789611816406e-05,1,16
150,1.0132789611816406e-05,1,16
151,1.0132789611816406e-05,1,16
152,1.0132789611816406e-05,1,16
153,1.0132789611816406e-05,1,16
154,1.0132789611816406e-05,1,16
155,1.0132789611816406e-05,1,16
156,1.0132789611816406e-05,1,16
157,1.0132789611816406e-05,1,16
158,1.0132789611816406e-05,1,16
159,1.0132789611816406e-05,1,16
160,1.0132789611816406e-05,1,16
161,1.0132789611816406e-05,1,16
162,1.0132789611816406e-05,1,16
163,1.0132789611816406e-05,1,16
164,1.0132789611816406e-05,1,16
165,1.0132789611816406e-05,1,16
166,1.0132789611816406e-05,1,16
167,1.0132789611816406e-05,1,16
168,1.0132789611816406e-05,1,16
169,1.0132789611816406e-05,1,16
170,1.0132789611816406e-05,1,16
171,1.0132789611816406e-05,1,16
172,1.0132789611816406e-05,1,16
173,1.0132789611816406e-05,1,16
174,1.0132789611816406e-05,1,16
175,1.0132789611816406e-05,1,16
176,1.0132789611816406e-05,1,16
177,1.0132789611816406e-05,1,16
178,1.0132789611816406e-05,1,16
179,1.0132789611816406e-05,1,16
180,1.0132789611816406e-05,1,16
181,1.0132789611816406e-05,1,16
182,1.0132789611816406e-05,1,16
183,1.0132789611816406e-05,1,16
184,1.0132789611816406e-05,1,16
185,1.0132789611816406e-05,1,16
186,1.0132789611816406e-05,1,16
187,1.0132789611816406e-05,1,16
188,1.0132789611816406e-05,1,16
189,1.0132789611816406e-05,1,16
190,1.0132789611816406e-05,1,16
191,1.0132789611816406e-05,1,16
192,1.0132789611816406e-05,1,16
193,1.0132789611816406e-05,1,16
194,1.0132789611816406e-05,1,16
195,1.0132789611816406e-05,1,16
196,1.0132789611816406e-05,1,16
197,1.0132789611816406e-05,1,16
198,1.0132789611816406e-05,1,16
199,1.0132789611816406e-05,1,16
200,1.0132789611816406e-05,1,16
1,1.728534698486328e-05,1,17
2,1.728534698486328e-05,1,17
3,1.728534698486328e-05,1,17
4,1.728534698486328e-05,1,17
5,1.728534698486328e-05,1,17
6,1.728534698486328e-05,1,17
7,1.728534698486328e-05,1,17
8,1.728534698486328e-05,1,17
9,1.728534698486328e-05,1,17
10,1.728534698486328e-05,1,17
11,1.728534698486328e-05,1,17
12,1.728534698486328e-05,1,17
13,1.728534698486328e-05,1,17
14,1.728534698486328e-05,1,17
15,1.728534698486328e-05,1,17
16,1.728534698486328e-05,1,17
17,1.728534698486328e-05,1,17
18,1.728534698486328e-05,1,17
19,1.728534698486328e-05,1,17
20,1.728534698486328e-05,1,17
21,1.728534698486328e-05,1,17
22,1.728534698486328e-05,1,17
23,1.728534698486328e-05,1,17
24,1.728534698486328e-05,1,17
25,1.728534698486328e-05,1,17
26,1.728534698486328e-05,1,17
27,1.728534698486328e-05,1,17
28,1.728534698486328e-05,1,17
29,1.728534698486328e-05,1,17
30,1.728534698486328e-05,1,17
31,1.728534698486328e-05,1,17
32,1.728534698486328e-05,1,17
33,1.728534698486328e-05,1,17
34,1.728534698486328e-05,1,17
35,1.728534698486328e-05,1,17
36,1.728534698486328e-05,1,17
37,1.728534698486328e-05,1,17
38,1.728534698486328e-05,1,17
39,1.728534698486328e-05,1,17
40,1.728534698486328e-05,1,17
41,1.728534698486328e-05,1,17
42,1.728534698486328e-05,1,17
43,1.728534698486328e-05,1,17
44,1.728534698486328e-05,1,17
45,1.728534698486328e-05,1,17
46,1.728534698486328e-05,1,17
47,1.728534698486328e-05,1,17
48,1.728534698486328e-05,1,17
49,1.728534698486328e-05,1,17
50,1.728534698486328e-05,1,17
51,1.728534698486328e-05,1,17
52,1.728534698486328e-05,1,17
53,1.728534698486328e-05,1,17
54,1.728534698486328e-05,1,17
55,1.728534698486328e-05,1,17
56,1.728534698486328e-05,1,17
57,1.728534698486328e-05,1,17
58,1.728534698486328e-05,1,17
59,1.728534698486328e-05,1,17
60,1.728534698486328e-05,1,17
61,1.728534698486328e-05,1,17
62,1.728534698486328e-05,1,17
63,1.728534698486328e-05,1,17
64,1.728534698486328e-05,1,17
65,1.728534698486328e-05,1,17
66,1.728534698486328e-05,1,17
67,1.728534698486328e-05,1,17
68,1.728534698486328e-05,1,17
69,1.728534698486328e-05,1,17
70,1.728534698486328e-05,1,17
71,1.728534698486328e-05,1,17
72,1.728534698486328e-05,1,17
73,1.728534698486328e-05,1,17
74,1.728534698486328e-05,1,17
75,1.728534698486328e-05,1,17
76,1.728534698486328e-05,1,17
77,1.728534698486328e-05,1,17
78,1.728534698486328e-05,1,17
79,1.728534698486328e-05,1,17
80,1.728534698486328e-05,1,17
81,1.728534698486328e-05,1,17
82,1.728534698486328e-05,1,17
83,1.728534698486328e-05,1,17
84,1.728534698486328e-05,1,17
85,1.728534698486328e-05,1,17
86,1.728534698486328e-05,1,17
87,1.728534698486328e-05,1,17
88,1.728534698486328e-05,1,17
89,1.728534698486328e-05,1,17
90,1.728534698486328e-05,1,17
91,1.728534698486328e-05,1,17
92,1.728534698486328e-05,1,17
93,1.728534698486328e-05,1,17
94,1.728534698486328e-05,1,17
95,1.728534698486328e-05,1,17
96,1.728534698486328e-05,1,17
97,1.728534698486328e-05,1,17
98,1.728534698486328e-05,1,17
99,1.728534698486328e-05,1,17
100,1.728534698486328e-05,1,17
101,1.728534698486328e-05,1,17
102,1.728534698486328e-05,1,17
103,1.728534698486328e-05,1,17
104,1.728534698486328e-05,1,17
105,1.728534698486328e-05,1,17
106,1.728534698486328e-05,1,17
107,1.728534698486328e-05,1,17
108,1.728534698486328e-05,1,17
109,1.728534698486328e-05,1,17
110,1.728534698486328e-05,1,17
111,1.728534698486328e-05,1,17
112,1.728534698486328e-05,1,17
113,1.728534698486328e-05,1,17
114,1.728534698486328e-05,1,17
115,1.728534698486328e-05,1,17
116,1.728534698486328e-05,1,17
117,1.728534698486328e-05,1,17
118,1.728534698486328e-05,1,17
119,1.728534698486328e-05,1,17
120,1.728534698486328e-05,1,17
121,1.728534698486328e-05,1,17
122,1.728534698486328e-05,1,17
123,1.728534698486328e-05,1,17
124,1.728534698486328e-05,1,17
125,1.728534698486328e-05,1,17
126,1.728534698486328e-05,1,17
127,1.728534698486328e-05,1,17
128,1.728534698486328e-05,1,17
129,1.728534698486328e-05,1,17
130,1.728534698486328e-05,1,17
131,1.728534698486328e-05,1,17
132,1.728534698486328e-05,1,17
133,1.728534698486328e-05,1,17
134,1.728534698486328e-05,1,17
135,1.728534698486328e-05,1,17
136,1.728534698486328e-05,1,17
137,1.728534698486328e-05,1,17
138,1.728534698486328e-05,1,17
139,1.728534698486328e-05,1,17
140,1.728534698486328e-05,1,17
141,1.728534698486328e-05,1,17
142,1.728534698486328e-05,1,17
143,1.728534698486328e-05,1,17
144,1.728534698486328e-05,1,17
145,1.728534698486328e-05,1,17
146,1.728534698486328e-05,1,17
147,1.728534698486328e-05,1,17
148,1.728534698486328e-05,1,17
149,1.728534698486328e-05,1,17
150,1.728534698486328e-05,1,17
151,1.728534698486328e-05,1,17
152,1.728534698486328e-05,1,17
153,1.728534698486328e-05,1,17
154,1.728534698486328e-05,1,17
155,1.728534698486328e-05,1,17
156,1.728534698486328e-05,1,17
157,1.728534698486328e-05,1,17
158,1.728534698486328e-05,1,17
159,1.728534698486328e-05,1,17
160,1.728534698486328e-05,1,17
161,1.728534698486328e-05,1,17
162,1.728534698486328e-05,1,17
163,1.728534698486328e-05,1,17
164,1.728534698486328e-05,1,17
165,1.728534698486328e-05,1,17
166,1.728534698486328e-05,1,17
167,1.728534698486328e-05,1,17
168,1.728534698486328e-05,1,17
169,1.728534698486328e-05,1,17
170,1.728534698486328e-05,1,17
171,1.728534698486328e-05,1,17
172,1.728534698486328e-05,1,17
173,1.728534698486328e-05,1,17
174,1.728534698486328e-05,1,17
175,1.728534698486328e-05,1,17
176,1.728534698486328e-05,1,17
177,1.728534698486328e-05,1,17
178,1.728534698486328e-05,1,17
179,1.728534698486328e-05,1,17
180,1.728534698486328e-05,1,17
181,1.728534698486328e-05,1,17
182,1.728534698486328e-05,1,17
183,1.728534698486328e-05,1,17
184,1.728534698486328e-05,1,17
185,1.728534698486328e-05,1,17
186,1.728534698486328e-05,1,17
187,1.728534698486328e-05,1,17
188,1.728534698486328e-05,1,17
189,1.728534698486328e-05,1,17
190,1.728534698486328e-05,1,17
191,1.728534698486328e-05,1,17
192,1.728534698486328e-05,1,17
193,1.728534698486328e-05,1,17
194,1.728534698486328e-05,1,17
195,1.728534698486328e-05,1,17
196,1.728534698486328e-05,1,17
197,1.728534698486328e-05,1,17
198,1.728534698486328e-05,1,17
199,1.728534698486328e-05,1,17
200,1.728534698486328e-05,1,17
1,0.026188969612121582,1,18
2,0.026188969612121582,1,18
3,0.026188969612121582,1,18
4,0.026188969612121582,1,18
5,0.026188969612121582,1,18
6,0.026188969612121582,1,18
7,0.02618861198425293,1,18
8,0.02618861198425293,1,18
9,0.02618861198425293,1,18
10,0.02618861198425293,1,18
11,0.02618861198425293,1,18
12,0.02618861198425293,1,18
13,0.026188969612121582,1,18
14,0.02618926763534546,1,18
15,0.02618926763534546,1,18
16,0.02618926763534546,1,18
17,0.02618926763534546,1,18
18,0.02618926763534546,1,18
19,0.026188969612121582,1,18
20,0.026188969612121582,1,18
21,0.026188969612121582,1,18
22,0.026188969612121582,1,18
23,0.026188969612121582,1,18
24,0.026188969612121582,1,18
25,0.026188969612121582,1,18
26,0.026188969612121582,1,18
27,0.026188969612121582,1,18
28,0.026188969612121582,1,18
29,0.026188969612121582,1,18
30,0.026188969612121582,1,18
31,0.026188969612121582,1,18
32,0.026188969612121582,1,18
33,0.026188969612121582,1,18
34,0.026188969612121582,1,18
35,0.026188969612121582,1,18
36,0.026188969612121582,1,18
37,0.026188969612121582,1,18
38,0.026188969612121582,1,18
39,0.026188969612121582,1,18
40,0.026188969612121582,1,18
41,0.026188969612121582,1,18
42,0.026188969612121582,1,18
43,0.026188969612121582,1,18
44,0.026188969612121582,1,18
45,0.026188969612121582,1,18
46,0.026188969612121582,1,18
47,0.026188969612121582,1,18
48,0.026188969612121582,1,18
49,0.026188969612121582,1,18
50,0.026188969612121582,1,18
51,0.026188969612121582,1,18
52,0.026188969612121582,1,18
53,0.026188969612121582,1,18
54,0.026188969612121582,1,18
55,0.026188969612121582,1,18
56,0.026188969612121582,1,18
57,0.026188969612121582,1,18
58,0.026188969612121582,1,18
59,0.026188969612121582,1,18
60,0.026188969612121582,1,18
61,0.026188969612121582,1,18
62,0.026188969612121582,1,18
63,0.026188969612121582,1,18
64,0.026188969612121582,1,18
65,0.026188969612121582,1,18
66,0.026188969612121582,1,18
67,0.026188969612121582,1,18
68,0.026188969612121582,1,18
69,0.026188969612121582,1,18
70,0.026188969612121582,1,18
71,0.026188969612121582,1,18
72,0.026188969612121582,1,18
73,0.026188969612121582,1,18
74,0.026188969612121582,1,18
75,0.026188969612121582,1,18
76,0.026188969612121582,1,18
77,0.026188969612121582,1,18
78,0.026188969612121582,1,18
79,0.026188969612121582,1,18
80,0.026188969612121582,1,18
81,0.026188969612121582,1,18
82,0.026188969612121582,1,18
83,0.026188969612121582,1,18
84,0.026188969612121582,1,18
85,0.026188969612121582,1,18
86,0.026188969612121582,1,18
87,0.026188969612121582,1,18
88,0.026188969612121582,1,18
89,0.026188969612121582,1,18
90,0.026188969612121582,1,18
91,0.026188969612121582,1,18
92,0.026188969612121582,1,18
93,0.026188969612121582,1,18
94,0.026188969612121582,1,18
95,0.026188969612121582,1,18
96,0.026188969612121582,1,18
97,0.026188969612121582,1,18
98,0.026188969612121582,1,18
99,0.026188969612121582,1,18
100,0.026188969612121582,1,18
101,0.026188969612121582,1,18
102,0.026188969612121582,1,18
103,0.026188969612121582,1,18
104,0.026188969612121582,1,18
105,0.026188969612121582,1,18
106,0.026188969612121582,1,18
107,0.026188969612121582,1,18
108,0.026188969612121582,1,18
109,0.026188969612121582,1,18
110,0.026188969612121582,1,18
111,0.026188969612121582,1,18
112,0.026188969612121582,1,18
113,0.026188969612121582,1,18
114,0.026188969612121582,1,18
115,0.026188969612121582,1,18
116,0.026188969612121582,1,18
117,0.026188969612121582,1,18
118,0.026188969612121582,1,18
119,0.026188969612121582,1,18
120,0.026188969612121582,1,18
121,0.026188969612121582,1,18
122,0.026188969612121582,1,18
123,0.026188969612121582,1,18
124,0.026188969612121582,1,18
125,0.026188969612121582,1,18
126,0.026188969612121582,1,18
127,0.026188969612121582,1,18
128,0.026188969612121582,1,18
129,0.026188969612121582,1,18
130,0.026188969612121582,1,18
131,0.026188969612121582,1,18
132,0.026188969612121582,1,18
133,0.026188969612121582,1,18
134,0.026188969612121582,1,18
135,0.026188969612121582,1,18
136,0.026188969612121582,1,18
137,0.026188969612121582,1,18
138,0.026188969612121582,1,18
139,0.026188969612121582,1,18
140,0.026188969612121582,1,18
141,0.026188969612121582,1,18
142,0.026188969612121582,1,18
143,0.026188969612121582,1,18
144,0.026188969612121582,1,18
145,0.026188969612121582,1,18
146,0.026188969612121582,1,18
147,0.026188969612121582,1,18
148,0.026188969612121582,1,18
149,0.026188969612121582,1,18
150,0.026188969612121582,1,18
151,0.026188969612121582,1,18
152,0.026188969612121582,1,18
153,0.026188969612121582,1,18
154,0.026188969612121582,1,18
155,0.026188969612121582,1,18
156,0.026188969612121582,1,18
157,0.026188969612121582,1,18
158,0.026188969612121582,1,18
159,0.026188969612121582,1,18
160,0.026188969612121582,1,18
161,0.026188969612121582,1,18
162,0.026188969612121582,1,18
163,0.026188969612121582,1,18
164,0.026188969612121582,1,18
165,0.026188969612121582,1,18
166,0.026188969612121582,1,18
167,0.026188969612121582,1,18
168,0.026188969612121582,1,18
169,0.026188969612121582,1,18
170,0.026188969612121582,1,18
171,0.026188969612121582,1,18
172,0.026188969612121582,1,18
173,0.026188969612121582,1,18
174,0.026188969612121582,1,18
175,0.026188969612121582,1,18
176,0.026188969612121582,1,18
177,0.026188969612121582,1,18
178,0.026188969612121582,1,18
179,0.026188969612121582,1,18
180,0.026188969612121582,1,18
181,0.026188969612121582,1,18
182,0.026188969612121582,1,18
183,0.026188969612121582,1,18
184,0.026188969612121582,1,18
185,0.026188969612121582,1,18
186,0.026188969612121582,1,18
187,0.026188969612121582,1,18
188,0.026188969612121582,1,18
189,0.026188969612121582,1,18
190,0.026188969612121582,1,18
191,0.026188969612121582,1,18
192,0.026188969612121582,1,18
193,0.026188969612121582,1,18
194,0.026188969612121582,1,18
195,0.026188969612121582,1,18
196,0.026188969612121582,1,18
197,0.026188969612121582,1,18
198,0.026188969612121582,1,18
199,0.026188969612121582,1,18
200,0.026188969612121582,1,18
1,0.06386041641235352,1,19
2,0.06386041641235352,1,19
3,0.06384903192520142,1,19
4,0.06385332345962524,1,19
5,0.06385082006454468,1,19
6,0.06384706497192383,1,19
7,0.06385064125061035,1,19
8,0.06385064125061035,1,19
9,0.06385064125061035,1,19
10,0.06385064125061035,1,19
11,0.06385064125061035,1,19
12,0.06385064125061035,1,19
13,0.06385064125061035,1,19
14,0.06385064125061035,1,19
15,0.06385064125061035,1,19
16,0.06385064125061035,1,19
17,0.06385064125061035,1,19
18,0.06385064125061035,1,19
19,0.06385064125061035,1,19
20,0.0638505220413208,1,19
21,0.0638505220413208,1,19
22,0.0638505220413208,1,19
23,0.0638505220413208,1,19
24,0.0638505220413208,1,19
25,0.0638505220413208,1,19
26,0.0638505220413208,1,19
27,0.0638505220413208,1,19
28,0.0638505220413208,1,19
29,0.0638505220413208,1,19
30,0.0638505220413208,1,19
31,0.0638505220413208,1,19
32,0.0638505220413208,1,19
33,0.0638505220413208,1,19
34,0.0638505220413208,1,19
35,0.0638505220413208,1,19
36,0.0638505220413208,1,19
37,0.0638505220413208,1,19
38,0.0638505220413208,1,19
39,0.0638505220413208,1,19
40,0.0638505220413208,1,19
41,0.0638505220413208,1,19
42,0.0638505220413208,1,19
43,0.0638505220413208,1,19
44,0.0638505220413208,1,19
45,0.0638505220413208,1,19
46,0.0638505220413208,1,19
47,0.0638505220413208,1,19
48,0.0638505220413208,1,19
49,0.0638505220413208,1,19
50,0.06385064125061035,1,19
51,0.06385064125061035,1,19
52,0.06385064125061035,1,19
53,0.06385064125061035,1,19
54,0.06385064125061035,1,19
55,0.06385064125061035,1,19
56,0.06385064125061035,1,19
57,0.06385064125061035,1,19
58,0.06385064125061035,1,19
59,0.06385064125061035,1,19
60,0.06385064125061035,1,19
61,0.06385064125061035,1,19
62,0.06385064125061035,1,19
63,0.06385064125061035,1,19
64,0.06385064125061035,1,19
65,0.06385064125061035,1,19
66,0.06385064125061035,1,19
67,0.06385064125061035,1,19
68,0.06385064125061035,1,19
69,0.06385064125061035,1,19
70,0.06385064125061035,1,19
71,0.06385064125061035,1,19
72,0.06385064125061035,1,19
73,0.06385064125061035,1,19
74,0.06385064125061035,1,19
75,0.06385064125061035,1,19
76,0.06385064125061035,1,19
77,0.06385064125061035,1,19
78,0.06385064125061035,1,19
79,0.06385064125061035,1,19
80,0.06385064125061035,1,19
81,0.06385064125061035,1,19
82,0.06385064125061035,1,19
83,0.06385064125061035,1,19
84,0.06385064125061035,1,19
85,0.06385064125061035,1,19
86,0.06385064125061035,1,19
87,0.06385064125061035,1,19
88,0.06385064125061035,1,19
89,0.06385064125061035,1,19
90,0.06385064125061035,1,19
91,0.0638505220413208,1,19
92,0.0638505220413208,1,19
93,0.0638505220413208,1,19
94,0.0638505220413208,1,19
95,0.0638505220413208,1,19
96,0.0638505220413208,1,19
97,0.0638505220413208,1,19
98,0.0638505220413208,1,19
99,0.0638505220413208,1,19
100,0.0638505220413208,1,19
101,0.0638505220413208,1,19
102,0.0638505220413208,1,19
103,0.0638505220413208,1,19
104,0.0638505220413208,1,19
105,0.0638505220413208,1,19
106,0.0638505220413208,1,19
107,0.0638505220413208,1,19
108,0.0638505220413208,1,19
109,0.0638505220413208,1,19
110,0.0638505220413208,1,19
111,0.0638505220413208,1,19
112,0.0638505220413208,1,19
113,0.0638505220413208,1,19
114,0.0638505220413208,1,19
115,0.0638505220413208,1,19
116,0.0638505220413208,1,19
117,0.0638505220413208,1,19
118,0.0638505220413208,1,19
119,0.0638505220413208,1,19
120,0.0638505220413208,1,19
121,0.0638505220413208,1,19
122,0.0638505220413208,1,19
123,0.0638505220413208,1,19
124,0.0638505220413208,1,19
125,0.0638505220413208,1,19
126,0.0638505220413208,1,19
127,0.0638505220413208,1,19
128,0.0638505220413208,1,19
129,0.0638505220413208,1,19
130,0.0638505220413208,1,19
131,0.0638505220413208,1,19
132,0.0638505220413208,1,19
133,0.0638505220413208,1,19
134,0.0638505220413208,1,19
135,0.0638505220413208,1,19
136,0.0638505220413208,1,19
137,0.0638505220413208,1,19
138,0.0638505220413208,1,19
139,0.0638505220413208,1,19
140,0.0638505220413208,1,19
141,0.0638505220413208,1,19
142,0.0638505220413208,1,19
143,0.0638505220413208,1,19
144,0.0638505220413208,1,19
145,0.0638505220413208,1,19
146,0.0638505220413208,1,19
147,0.0638505220413208,1,19
148,0.0638505220413208,1,19
149,0.0638505220413208,1,19
150,0.0638505220413208,1,19
151,0.0638505220413208,1,19
152,0.0638505220413208,1,19
153,0.0638505220413208,1,19
154,0.0638505220413208,1,19
155,0.0638505220413208,1,19
156,0.0638505220413208,1,19
157,0.0638505220413208,1,19
158,0.0638505220413208,1,19
159,0.0638505220413208,1,19
160,0.0638505220413208,1,19
161,0.0638505220413208,1,19
162,0.0638505220413208,1,19
163,0.0638505220413208,1,19
164,0.0638505220413208,1,19
165,0.0638505220413208,1,19
166,0.0638505220413208,1,19
167,0.0638505220413208,1,19
168,0.0638505220413208,1,19
169,0.0638505220413208,1,19
170,0.0638505220413208,1,19
171,0.0638505220413208,1,19
172,0.0638505220413208,1,19
173,0.0638505220413208,1,19
174,0.0638505220413208,1,19
175,0.0638505220413208,1,19
176,0.0638505220413208,1,19
177,0.0638505220413208,1,19
178,0.0638505220413208,1,19
179,0.0638505220413208,1,19
180,0.0638505220413208,1,19
181,0.0638505220413208,1,19
182,0.0638505220413208,1,19
183,0.0638505220413208,1,19
184,0.0638505220413208,1,19
185,0.0638505220413208,1,19
186,0.0638505220413208,1,19
187,0.0638505220413208,1,19
188,0.0638505220413208,1,19
189,0.0638505220413208,1,19
190,0.0638505220413208,1,19
191,0.0638505220413208,1,19
192,0.0638505220413208,1,19
193,0.0638505220413208,1,19
194,0.0638505220413208,1,19
195,0.0638505220413208,1,19
196,0.0638505220413208,1,19
197,0.0638505220413208,1,19
198,0.0638505220413208,1,19
199,0.0638505220413208,1,19
200,0.0638505220413208,1,19
1,7.76052474975586e-05,1,20
2,7.748603820800781e-05,1,20
3,7.748603820800781e-05,1,20
4,7.748603820800781e-05,1,20
5,7.748603820800781e-05,1,20
6,7.76052474975586e-05,1,20
7,7.76052474975586e-05,1,20
8,7.76052474975586e-05,1,20
9,7.76052474975586e-05,1,20
10,7.76052474975586e-05,1,20
11,7.76052474975586e-05,1,20
12,7.76052474975586e-05,1,20
13,7.76052474975586e-05,1,20
14,7.76052474975586e-05,1,20
15,7.76052474975586e-05,1,20
16,7.76052474975586e-05,1,20
17,7.76052474975586e-05,1,20
18,7.76052474975586e-05,1,20
19,7.76052474975586e-05,1,20
20,7.76052474975586e-05,1,20
21,7.76052474975586e-05,1,20
22,7.76052474975586e-05,1,20
23,7.76052474975586e-05,1,20
24,7.76052474975586e-05,1,20
25,7.76052474975586e-05,1,20
26,7.76052474975586e-05,1,20
27,7.76052474975586e-05,1,20
28,7.76052474975586e-05,1,20
29,7.76052474975586e-05,1,20
30,7.76052474975586e-05,1,20
31,7.76052474975586e-05,1,20
32,7.76052474975586e-05,1,20
33,7.76052474975586e-05,1,20
34,7.76052474975586e-05,1,20
35,7.76052474975586e-05,1,20
36,7.76052474975586e-05,1,20
37,7.76052474975586e-05,1,20
38,7.76052474975586e-05,1,20
39,7.76052474975586e-05,1,20
40,7.76052474975586e-05,1,20
41,7.76052474975586e-05,1,20
42,7.76052474975586e-05,1,20
43,7.76052474975586e-05,1,20
44,7.76052474975586e-05,1,20
45,7.76052474975586e-05,1,20
46,7.76052474975586e-05,1,20
47,7.76052474975586e-05,1,20
48,7.76052474975586e-05,1,20
49,7.76052474975586e-05,1,20
50,7.76052474975586e-05,1,20
51,7.76052474975586e-05,1,20
52,7.76052474975586e-05,1,20
53,7.76052474975586e-05,1,20
54,7.76052474975586e-05,1,20
55,7.76052474975586e-05,1,20
56,7.76052474975586e-05,1,20
57,7.76052474975586e-05,1,20
58,7.76052474975586e-05,1,20
59,7.76052474975586e-05,1,20
60,7.76052474975586e-05,1,20
61,7.76052474975586e-05,1,20
62,7.76052474975586e-05,1,20
63,7.76052474975586e-05,1,20
64,7.76052474975586e-05,1,20
65,7.76052474975586e-05,1,20
66,7.76052474975586e-05,1,20
67,7.76052474975586e-05,1,20
68,7.76052474975586e-05,1,20
69,7.76052474975586e-05,1,20
70,7.76052474975586e-05,1,20
71,7.76052474975586e-05,1,20
72,7.76052474975586e-05,1,20
73,7.76052474975586e-05,1,20
74,7.76052474975586e-05,1,20
75,7.76052474975586e-05,1,20
76,7.76052474975586e-05,1,20
77,7.76052474975586e-05,1,20
78,7.76052474975586e-05,1,20
79,7.76052474975586e-05,1,20
80,7.76052474975586e-05,1,20
81,7.76052474975586e-05,1,20
82,7.76052474975586e-05,1,20
83,7.76052474975586e-05,1,20
84,7.76052474975586e-05,1,20
85,7.76052474975586e-05,1,20
86,7.76052474975586e-05,1,20
87,7.76052474975586e-05,1,20
88,7.76052474975586e-05,1,20
89,7.76052474975586e-05,1,20
90,7.76052474975586e-05,1,20
91,7.76052474975586e-05,1,20
92,7.76052474975586e-05,1,20
93,7.76052474975586e-05,1,20
94,7.76052474975586e-05,1,20
95,7.76052474975586e-05,1,20
96,7.76052474975586e-05,1,20
97,7.76052474975586e-05,1,20
98,7.76052474975586e-05,1,20
99,7.76052474975586e-05,1,20
100,7.76052474975586e-05,1,20
101,7.76052474975586e-05,1,20
102,7.76052474975586e-05,1,20
103,7.76052474975586e-05,1,20
104,7.76052474975586e-05,1,20
105,7.76052474975586e-05,1,20
106,7.76052474975586e-05,1,20
107,7.76052474975586e-05,1,20
108,7.76052474975586e-05,1,20
109,7.76052474975586e-05,1,20
110,7.76052474975586e-05,1,20
111,7.76052474975586e-05,1,20
112,7.76052474975586e-05,1,20
113,7.76052474975586e-05,1,20
114,7.76052474975586e-05,1,20
115,7.76052474975586e-05,1,20
116,7.76052474975586e-05,1,20
117,7.76052474975586e-05,1,20
118,7.76052474975586e-05,1,20
119,7.76052474975586e-05,1,20
120,7.76052474975586e-05,1,20
121,7.76052474975586e-05,1,20
122,7.76052474975586e-05,1,20
123,7.76052474975586e-05,1,20
124,7.76052474975586e-05,1,20
125,7.76052474975586e-05,1,20
126,7.76052474975586e-05,1,20
127,7.76052474975586e-05,1,20
128,7.76052474975586e-05,1,20
129,7.76052474975586e-05,1,20
130,7.76052474975586e-05,1,20
131,7.76052474975586e-05,1,20
132,7.76052474975586e-05,1,20
133,7.76052474975586e-05,1,20
134,7.76052474975586e-05,1,20
135,7.76052474975586e-05,1,20
136,7.76052474975586e-05,1,20
137,7.76052474975586e-05,1,20
138,7.76052474975586e-05,1,20
139,7.76052474975586e-05,1,20
140,7.76052474975586e-05,1,20
141,7.76052474975586e-05,1,20
142,7.76052474975586e-05,1,20
143,7.76052474975586e-05,1,20
144,7.76052474975586e-05,1,20
145,7.76052474975586e-05,1,20
146,7.76052474975586e-05,1,20
147,7.76052474975586e-05,1,20
148,7.76052474975586e-05,1,20
149,7.76052474975586e-05,1,20
150,7.76052474975586e-05,1,20
151,7.76052474975586e-05,1,20
152,7.76052474975586e-05,1,20
153,7.76052474975586e-05,1,20
154,7.76052474975586e-05,1,20
155,7.76052474975586e-05,1,20
156,7.76052474975586e-05,1,20
157,7.76052474975586e-05,1,20
158,7.76052474975586e-05,1,20
159,7.76052474975586e-05,1,20
160,7.76052474975586e-05,1,20
161,7.76052474975586e-05,1,20
162,7.76052474975586e-05,1,20
163,7.76052474975586e-05,1,20
164,7.76052474975586e-05,1,20
165,7.76052474975586e-05,1,20
166,7.76052474975586e-05,1,20
167,7.76052474975586e-05,1,20
168,7.76052474975586e-05,1,20
169,7.76052474975586e-05,1,20
170,7.76052474975586e-05,1,20
171,7.76052474975586e-05,1,20
172,7.76052474975586e-05,1,20
173,7.76052474975586e-05,1,20
174,7.76052474975586e-05,1,20
175,7.76052474975586e-05,1,20
176,7.76052474975586e-05,1,20
177,7.76052474975586e-05,1,20
178,7.76052474975586e-05,1,20
179,7.76052474975586e-05,1,20
180,7.76052474975586e-05,1,20
181,7.76052474975586e-05,1,20
182,7.76052474975586e-05,1,20
183,7.76052474975586e-05,1,20
184,7.76052474975586e-05,1,20
185,7.76052474975586e-05,1,20
186,7.76052474975586e-05,1,20
187,7.76052474975586e-05,1,20
188,7.76052474975586e-05,1,20
189,7.76052474975586e-05,1,20
190,7.76052474975586e-05,1,20
191,7.76052474975586e-05,1,20
192,7.76052474975586e-05,1,20
193,7.76052474975586e-05,1,20
194,7.76052474975586e-05,1,20
195,7.76052474975586e-05,1,20
196,7.76052474975586e-05,1,20
197,7.76052474975586e-05,1,20
198,7.76052474975586e-05,1,20
199,7.76052474975586e-05,1,20
200,7.76052474975586e-05,1,20
1,4.76837158203125e-06,1,21
2,4.76837158203125e-06,1,21
3,4.76837158203125e-06,1,21
4,4.76837158203125e-06,1,21
5,4.76837158203125e-06,1,21
6,4.76837158203125e-06,1,21
7,4.76837158203125e-06,1,21
8,4.76837158203125e-06,1,21
9,4.76837158203125e-06,1,21
10,4.76837158203125e-06,1,21
11,4.76837158203125e-06,1,21
12,4.76837158203125e-06,1,21
13,4.76837158203125e-06,1,21
14,4.76837158203125e-06,1,21
15,4.76837158203125e-06,1,21
16,4.76837158203125e-06,1,21
17,4.76837158203125e-06,1,21
18,4.76837158203125e-06,1,21
19,4.76837158203125e-06,1,21
20,4.76837158203125e-06,1,21
21,4.76837158203125e-06,1,21
22,4.76837158203125e-06,1,21
23,4.76837158203125e-06,1,21
24,4.76837158203125e-06,1,21
25,4.76837158203125e-06,1,21
26,4.76837158203125e-06,1,21
27,4.76837158203125e-06,1,21
28,4.76837158203125e-06,1,21
29,4.76837158203125e-06,1,21
30,4.76837158203125e-06,1,21
31,4.76837158203125e-06,1,21
32,4.76837158203125e-06,1,21
33,4.76837158203125e-06,1,21
34,4.76837158203125e-06,1,21
35,4.76837158203125e-06,1,21
36,4.76837158203125e-06,1,21
37,4.76837158203125e-06,1,21
38,4.76837158203125e-06,1,21
39,4.76837158203125e-06,1,21
40,4.76837158203125e-06,1,21
41,4.76837158203125e-06,1,21
42,4.76837158203125e-06,1,21
43,4.76837158203125e-06,1,21
44,4.76837158203125e-06,1,21
45,4.76837158203125e-06,1,21
46,4.76837158203125e-06,1,21
47,4.76837158203125e-06,1,21
48,4.76837158203125e-06,1,21
49,4.76837158203125e-06,1,21
50,4.76837158203125e-06,1,21
51,4.76837158203125e-06,1,21
52,4.76837158203125e-06,1,21
53,4.76837158203125e-06,1,21
54,4.76837158203125e-06,1,21
55,4.76837158203125e-06,1,21
56,4.76837158203125e-06,1,21
57,4.76837158203125e-06,1,21
58,4.76837158203125e-06,1,21
59,4.76837158203125e-06,1,21
60,4.76837158203125e-06,1,21
61,4.76837158203125e-06,1,21
62,4.76837158203125e-06,1,21
63,4.76837158203125e-06,1,21
64,4.76837158203125e-06,1,21
65,4.76837158203125e-06,1,21
66,4.76837158203125e-06,1,21
67,4.76837158203125e-06,1,21
68,4.76837158203125e-06,1,21
69,4.76837158203125e-06,1,21
70,4.76837158203125e-06,1,21
71,4.76837158203125e-06,1,21
72,4.76837158203125e-06,1,21
73,4.76837158203125e-06,1,21
74,4.76837158203125e-06,1,21
75,4.76837158203125e-06,1,21
76,4.76837158203125e-06,1,21
77,4.76837158203125e-06,1,21
78,4.76837158203125e-06,1,21
79,4.76837158203125e-06,1,21
80,4.76837158203125e-06,1,21
81,4.76837158203125e-06,1,21
82,4.76837158203125e-06,1,21
83,4.76837158203125e-06,1,21
84,4.76837158203125e-06,1,21
85,4.76837158203125e-06,1,21
86,4.76837158203125e-06,1,21
87,4.76837158203125e-06,1,21
88,4.76837158203125e-06,1,21
89,4.76837158203125e-06,1,21
90,4.76837158203125e-06,1,21
91,4.76837158203125e-06,1,21
92,4.76837158203125e-06,1,21
93,4.76837158203125e-06,1,21
94,4.76837158203125e-06,1,21
95,4.76837158203125e-06,1,21
96,4.76837158203125e-06,1,21
97,4.76837158203125e-06,1,21
98,4.76837158203125e-06,1,21
99,4.76837158203125e-06,1,21
100,4.76837158203125e-06,1,21
101,4.76837158203125e-06,1,21
102,4.76837158203125e-06,1,21
103,4.76837158203125e-06,1,21
104,4.76837158203125e-06,1,21
105,4.76837158203125e-06,1,21
106,4.76837158203125e-06,1,21
107,4.76837158203125e-06,1,21
108,4.76837158203125e-06,1,21
109,4.76837158203125e-06,1,21
110,4.76837158203125e-06,1,21
111,4.76837158203125e-06,1,21
112,4.76837158203125e-06,1,21
113,4.76837158203125e-06,1,21
114,4.76837158203125e-06,1,21
115,4.76837158203125e-06,1,21
116,4.76837158203125e-06,1,21
117,4.76837158203125e-06,1,21
118,4.76837158203125e-06,1,21
119,4.76837158203125e-06,1,21
120,4.76837158203125e-06,1,21
121,4.76837158203125e-06,1,21
122,4.76837158203125e-06,1,21
123,4.76837158203125e-06,1,21
124,4.76837158203125e-06,1,21
125,4.76837158203125e-06,1,21
126,4.76837158203125e-06,1,21
127,4.76837158203125e-06,1,21
128,4.76837158203125e-06,1,21
129,4.76837158203125e-06,1,21
130,4.76837158203125e-06,1,21
131,4.76837158203125e-06,1,21
132,4.76837158203125e-06,1,21
133,4.76837158203125e-06,1,21
134,4.76837158203125e-06,1,21
135,4.76837158203125e-06,1,21
136,4.76837158203125e-06,1,21
137,4.76837158203125e-06,1,21
138,4.76837158203125e-06,1,21
139,4.76837158203125e-06,1,21
140,4.76837158203125e-06,1,21
141,4.76837158203125e-06,1,21
142,4.76837158203125e-06,1,21
143,4.76837158203125e-06,1,21
144,4.76837158203125e-06,1,21
145,4.76837158203125e-06,1,21
146,4.76837158203125e-06,1,21
147,4.76837158203125e-06,1,21
148,4.76837158203125e-06,1,21
149,4.76837158203125e-06,1,21
150,4.76837158203125e-06,1,21
151,4.76837158203125e-06,1,21
152,4.76837158203125e-06,1,21
153,4.76837158203125e-06,1,21
154,4.76837158203125e-06,1,21
155,4.76837158203125e-06,1,21
156,4.76837158203125e-06,1,21
157,4.76837158203125e-06,1,21
158,4.76837158203125e-06,1,21
159,4.76837158203125e-06,1,21
160,4.76837158203125e-06,1,21
161,4.76837158203125e-06,1,21
162,4.76837158203125e-06,1,21
163,4.76837158203125e-06,1,21
164,4.76837158203125e-06,1,21
165,4.76837158203125e-06,1,21
166,4.76837158203125e-06,1,21
167,4.76837158203125e-06,1,21
168,4.76837158203125e-06,1,21
169,4.76837158203125e-06,1,21
170,4.76837158203125e-06,1,21
171,4.76837158203125e-06,1,21
172,4.76837158203125e-06,1,21
173,4.76837158203125e-06,1,21
174,4.76837158203125e-06,1,21
175,4.76837158203125e-06,1,21
176,4.76837158203125e-06,1,21
177,4.76837158203125e-06,1,21
178,4.76837158203125e-06,1,21
179,4.76837158203125e-06,1,21
180,4.76837158203125e-06,1,21
181,4.76837158203125e-06,1,21
182,4.76837158203125e-06,1,21
183,4.76837158203125e-06,1,21
184,4.76837158203125e-06,1,21
185,4.76837158203125e-06,1,21
186,4.76837158203125e-06,1,21
187,4.76837158203125e-06,1,21
188,4.76837158203125e-06,1,21
189,4.76837158203125e-06,1,21
190,4.76837158203125e-06,1,21
191,4.76837158203125e-06,1,21
192,4.76837158203125e-06,1,21
193,4.76837158203125e-06,1,21
194,4.76837158203125e-06,1,21
195,4.76837158203125e-06,1,21
196,4.76837158203125e-06,1,21
197,4.76837158203125e-06,1,21
198,4.76837158203125e-06,1,21
199,4.76837158203125e-06,1,21
200,4.76837158203125e-06,1,21
1,7.748603820800781e-06,1,22
2,7.748603820800781e-06,1,22
3,7.748603820800781e-06,1,22
4,7.748603820800781e-06,1,22
5,7.748603820800781e-06,1,22
6,7.748603820800781e-06,1,22
7,7.748603820800781e-06,1,22
8,7.748603820800781e-06,1,22
9,7.748603820800781e-06,1,22
10,7.748603820800781e-06,1,22
11,7.748603820800781e-06,1,22
12,7.748603820800781e-06,1,22
13,7.748603820800781e-06,1,22
14,7.748603820800781e-06,1,22
15,7.748603820800781e-06,1,22
16,7.748603820800781e-06,1,22
17,7.748603820800781e-06,1,22
18,7.748603820800781e-06,1,22
19,7.748603820800781e-06,1,22
20,7.748603820800781e-06,1,22
21,7.748603820800781e-06,1,22
22,7.748603820800781e-06,1,22
23,7.748603820800781e-06,1,22
24,7.748603820800781e-06,1,22
25,7.748603820800781e-06,1,22
26,7.748603820800781e-06,1,22
27,7.748603820800781e-06,1,22
28,7.748603820800781e-06,1,22
29,7.748603820800781e-06,1,22
30,7.748603820800781e-06,1,22
31,7.748603820800781e-06,1,22
32,7.748603820800781e-06,1,22
33,7.748603820800781e-06,1,22
34,7.748603820800781e-06,1,22
35,7.748603820800781e-06,1,22
36,7.748603820800781e-06,1,22
37,7.748603820800781e-06,1,22
38,7.748603820800781e-06,1,22
39,7.748603820800781e-06,1,22
40,7.748603820800781e-06,1,22
41,7.748603820800781e-06,1,22
42,7.748603820800781e-06,1,22
43,7.748603820800781e-06,1,22
44,7.748603820800781e-06,1,22
45,7.748603820800781e-06,1,22
46,7.748603820800781e-06,1,22
47,7.748603820800781e-06,1,22
48,7.748603820800781e-06,1,22
49,7.748603820800781e-06,1,22
50,7.748603820800781e-06,1,22
51,7.748603820800781e-06,1,22
52,7.748603820800781e-06,1,22
53,7.748603820800781e-06,1,22
54,7.748603820800781e-06,1,22
55,7.748603820800781e-06,1,22
56,7.748603820800781e-06,1,22
57,7.748603820800781e-06,1,22
58,7.748603820800781e-06,1,22
59,7.748603820800781e-06,1,22
60,7.748603820800781e-06,1,22
61,7.748603820800781e-06,1,22
62,7.748603820800781e-06,1,22
63,7.748603820800781e-06,1,22
64,7.748603820800781e-06,1,22
65,7.748603820800781e-06,1,22
66,7.748603820800781e-06,1,22
67,7.748603820800781e-06,1,22
68,7.748603820800781e-06,1,22
69,7.748603820800781e-06,1,22
70,7.748603820800781e-06,1,22
71,7.748603820800781e-06,1,22
72,7.748603820800781e-06,1,22
73,7.748603820800781e-06,1,22
74,7.748603820800781e-06,1,22
75,7.748603820800781e-06,1,22
76,7.748603820800781e-06,1,22
77,7.748603820800781e-06,1,22
78,7.748603820800781e-06,1,22
79,7.748603820800781e-06,1,22
80,7.748603820800781e-06,1,22
81,7.748603820800781e-06,1,22
82,7.748603820800781e-06,1,22
83,7.748603820800781e-06,1,22
84,7.748603820800781e-06,1,22
85,7.748603820800781e-06,1,22
86,7.748603820800781e-06,1,22
87,7.748603820800781e-06,1,22
88,7.748603820800781e-06,1,22
89,7.748603820800781e-06,1,22
90,7.748603820800781e-06,1,22
91,7.748603820800781e-06,1,22
92,7.748603820800781e-06,1,22
93,7.748603820800781e-06,1,22
94,7.748603820800781e-06,1,22
95,7.748603820800781e-06,1,22
96,7.748603820800781e-06,1,22
97,7.748603820800781e-06,1,22
98,7.748603820800781e-06,1,22
99,7.748603820800781e-06,1,22
100,7.748603820800781e-06,1,22
101,7.748603820800781e-06,1,22
102,7.748603820800781e-06,1,22
103,7.748603820800781e-06,1,22
104,7.748603820800781e-06,1,22
105,7.748603820800781e-06,1,22
106,7.748603820800781e-06,1,22
107,7.748603820800781e-06,1,22
108,7.748603820800781e-06,1,22
109,7.748603820800781e-06,1,22
110,7.748603820800781e-06,1,22
111,7.748603820800781e-06,1,22
112,7.748603820800781e-06,1,22
113,7.748603820800781e-06,1,22
114,7.748603820800781e-06,1,22
115,7.748603820800781e-06,1,22
116,7.748603820800781e-06,1,22
117,7.748603820800781e-06,1,22
118,7.748603820800781e-06,1,22
119,7.748603820800781e-06,1,22
120,7.748603820800781e-06,1,22
121,7.748603820800781e-06,1,22
122,7.748603820800781e-06,1,22
123,7.748603820800781e-06,1,22
124,7.748603820800781e-06,1,22
125,7.748603820800781e-06,1,22
126,7.748603820800781e-06,1,22
127,7.748603820800781e-06,1,22
128,7.748603820800781e-06,1,22
129,7.748603820800781e-06,1,22
130,7.748603820800781e-06,1,22
131,7.748603820800781e-06,1,22
132,7.748603820800781e-06,1,22
133,7.748603820800781e-06,1,22
134,7.748603820800781e-06,1,22
135,7.748603820800781e-06,1,22
136,7.748603820800781e-06,1,22
137,7.748603820800781e-06,1,22
138,7.748603820800781e-06,1,22
139,7.748603820800781e-06,1,22
140,7.748603820800781e-06,1,22
141,7.748603820800781e-06,1,22
142,7.748603820800781e-06,1,22
143,7.748603820800781e-06,1,22
144,7.748603820800781e-06,1,22
145,7.748603820800781e-06,1,22
146,7.748603820800781e-06,1,22
147,7.748603820800781e-06,1,22
148,7.748603820800781e-06,1,22
149,7.748603820800781e-06,1,22
150,7.748603820800781e-06,1,22
151,7.748603820800781e-06,1,22
152,7.748603820800781e-06,1,22
153,7.748603820800781e-06,1,22
154,7.748603820800781e-06,1,22
155,7.748603820800781e-06,1,22
156,7.748603820800781e-06,1,22
157,7.748603820800781e-06,1,22
158,7.748603820800781e-06,1,22
159,7.748603820800781e-06,1,22
160,7.748603820800781e-06,1,22
161,7.748603820800781e-06,1,22
162,7.748603820800781e-06,1,22
163,7.748603820800781e-06,1,22
164,7.748603820800781e-06,1,22
165,7.748603820800781e-06,1,22
166,7.748603820800781e-06,1,22
167,7.748603820800781e-06,1,22
168,7.748603820800781e-06,1,22
169,7.748603820800781e-06,1,22
170,7.748603820800781e-06,1,22
171,7.748603820800781e-06,1,22
172,7.748603820800781e-06,1,22
173,7.748603820800781e-06,1,22
174,7.748603820800781e-06,1,22
175,7.748603820800781e-06,1,22
176,7.748603820800781e-06,1,22
177,7.748603820800781e-06,1,22
178,7.748603820800781e-06,1,22
179,7.748603820800781e-06,1,22
180,7.748603820800781e-06,1,22
181,7.748603820800781e-06,1,22
182,7.748603820800781e-06,1,22
183,7.748603820800781e-06,1,22
184,7.748603820800781e-06,1,22
185,7.748603820800781e-06,1,22
186,7.748603820800781e-06,1,22
187,7.748603820800781e-06,1,22
188,7.748603820800781e-06,1,22
189,7.748603820800781e-06,1,22
190,7.748603820800781e-06,1,22
191,7.748603820800781e-06,1,22
192,7.748603820800781e-06,1,22
193,7.748603820800781e-06,1,22
194,7.748603820800781e-06,1,22
195,7.748603820800781e-06,1,22
196,7.748603820800781e-06,1,22
197,7.748603820800781e-06,1,22
198,7.748603820800781e-06,1,22
199,7.748603820800781e-06,1,22
200,7.748603820800781e-06,1,22
1,1.7881393432617188e-06,1,23
2,1.7881393432617188e-06,1,23
3,1.7881393432617188e-06,1,23
4,1.7881393432617188e-06,1,23
5,1.7881393432617188e-06,1,23
6,1.7881393432617188e-06,1,23
7,1.7881393432617188e-06,1,23
8,1.7881393432617188e-06,1,23
9,1.7881393432617188e-06,1,23
10,1.7881393432617188e-06,1,23
11,1.7881393432617188e-06,1,23
12,1.7881393432617188e-06,1,23
13,1.7881393432617188e-06,1,23
14,1.7881393432617188e-06,1,23
15,1.7881393432617188e-06,1,23
16,1.7881393432617188e-06,1,23
17,1.7881393432617188e-06,1,23
18,1.7881393432617188e-06,1,23
19,1.7881393432617188e-06,1,23
20,1.7881393432617188e-06,1,23
21,1.7881393432617188e-06,1,23
22,1.7881393432617188e-06,1,23
23,1.7881393432617188e-06,1,23
24,1.7881393432617188e-06,1,23
25,1.7881393432617188e-06,1,23
26,1.7881393432617188e-06,1,23
27,1.7881393432617188e-06,1,23
28,1.7881393432617188e-06,1,23
29,1.7881393432617188e-06,1,23
30,1.7881393432617188e-06,1,23
31,1.7881393432617188e-06,1,23
32,1.7881393432617188e-06,1,23
33,1.7881393432617188e-06,1,23
34,1.7881393432617188e-06,1,23
35,1.7881393432617188e-06,1,23
36,1.7881393432617188e-06,1,23
37,1.7881393432617188e-06,1,23
38,1.7881393432617188e-06,1,23
39,1.7881393432617188e-06,1,23
40,1.7881393432617188e-06,1,23
41,1.7881393432617188e-06,1,23
42,1.7881393432617188e-06,1,23
43,1.7881393432617188e-06,1,23
44,1.7881393432617188e-06,1,23
45,1.7881393432617188e-06,1,23
46,1.7881393432617188e-06,1,23
47,1.7881393432617188e-06,1,23
48,1.7881393432617188e-06,1,23
49,1.7881393432617188e-06,1,23
50,1.7881393432617188e-06,1,23
51,1.7881393432617188e-06,1,23
52,1.7881393432617188e-06,1,23
53,1.7881393432617188e-06,1,23
54,1.7881393432617188e-06,1,23
55,1.7881393432617188e-06,1,23
56,1.7881393432617188e-06,1,23
57,1.7881393432617188e-06,1,23
58,1.7881393432617188e-06,1,23
59,1.7881393432617188e-06,1,23
60,1.7881393432617188e-06,1,23
61,1.7881393432617188e-06,1,23
62,1.7881393432617188e-06,1,23
63,1.7881393432617188e-06,1,23
64,1.7881393432617188e-06,1,23
65,1.7881393432617188e-06,1,23
66,1.7881393432617188e-06,1,23
67,1.7881393432617188e-06,1,23
68,1.7881393432617188e-06,1,23
69,1.7881393432617188e-06,1,23
70,1.7881393432617188e-06,1,23
71,1.7881393432617188e-06,1,23
72,1.7881393432617188e-06,1,23
73,1.7881393432617188e-06,1,23
74,1.7881393432617188e-06,1,23
75,1.7881393432617188e-06,1,23
76,1.7881393432617188e-06,1,23
77,1.7881393432617188e-06,1,23
78,1.7881393432617188e-06,1,23
79,1.7881393432617188e-06,1,23
80,1.7881393432617188e-06,1,23
81,1.7881393432617188e-06,1,23
82,1.7881393432617188e-06,1,23
83,1.7881393432617188e-06,1,23
84,1.7881393432617188e-06,1,23
85,1.7881393432617188e-06,1,23
86,1.7881393432617188e-06,1,23
87,1.7881393432617188e-06,1,23
88,1.7881393432617188e-06,1,23
89,1.7881393432617188e-06,1,23
90,1.7881393432617188e-06,1,23
91,1.7881393432617188e-06,1,23
92,1.7881393432617188e-06,1,23
93,1.7881393432617188e-06,1,23
94,1.7881393432617188e-06,1,23
95,1.7881393432617188e-06,1,23
96,1.7881393432617188e-06,1,23
97,1.7881393432617188e-06,1,23
98,1.7881393432617188e-06,1,23
99,1.7881393432617188e-06,1,23
100,1.7881393432617188e-06,1,23
101,1.7881393432617188e-06,1,23
102,1.7881393432617188e-06,1,23
103,1.7881393432617188e-06,1,23
104,1.7881393432617188e-06,1,23
105,1.7881393432617188e-06,1,23
106,1.7881393432617188e-06,1,23
107,1.7881393432617188e-06,1,23
108,1.7881393432617188e-06,1,23
109,1.7881393432617188e-06,1,23
110,1.7881393432617188e-06,1,23
111,1.7881393432617188e-06,1,23
112,1.7881393432617188e-06,1,23
113,1.7881393432617188e-06,1,23
114,1.7881393432617188e-06,1,23
115,1.7881393432617188e-06,1,23
116,1.7881393432617188e-06,1,23
117,1.7881393432617188e-06,1,23
118,1.7881393432617188e-06,1,23
119,1.7881393432617188e-06,1,23
120,1.7881393432617188e-06,1,23
121,1.7881393432617188e-06,1,23
122,1.7881393432617188e-06,1,23
123,1.7881393432617188e-06,1,23
124,1.7881393432617188e-06,1,23
125,1.7881393432617188e-06,1,23
126,1.7881393432617188e-06,1,23
127,1.7881393432617188e-06,1,23
128,1.7881393432617188e-06,1,23
129,1.7881393432617188e-06,1,23
130,1.7881393432617188e-06,1,23
131,1.7881393432617188e-06,1,23
132,1.7881393432617188e-06,1,23
133,1.7881393432617188e-06,1,23
134,1.7881393432617188e-06,1,23
135,1.7881393432617188e-06,1,23
136,1.7881393432617188e-06,1,23
137,1.7881393432617188e-06,1,23
138,1.7881393432617188e-06,1,23
139,1.7881393432617188e-06,1,23
140,1.7881393432617188e-06,1,23
141,1.7881393432617188e-06,1,23
142,1.7881393432617188e-06,1,23
143,1.7881393432617188e-06,1,23
144,1.7881393432617188e-06,1,23
145,1.7881393432617188e-06,1,23
146,1.7881393432617188e-06,1,23
147,1.7881393432617188e-06,1,23
148,1.7881393432617188e-06,1,23
149,1.7881393432617188e-06,1,23
150,1.7881393432617188e-06,1,23
151,1.7881393432617188e-06,1,23
152,1.7881393432617188e-06,1,23
153,1.7881393432617188e-06,1,23
154,1.7881393432617188e-06,1,23
155,1.7881393432617188e-06,1,23
156,1.7881393432617188e-06,1,23
157,1.7881393432617188e-06,1,23
158,1.7881393432617188e-06,1,23
159,1.7881393432617188e-06,1,23
160,1.7881393432617188e-06,1,23
161,1.7881393432617188e-06,1,23
162,1.7881393432617188e-06,1,23
163,1.7881393432617188e-06,1,23
164,1.7881393432617188e-06,1,23
165,1.7881393432617188e-06,1,23
166,1.7881393432617188e-06,1,23
167,1.7881393432617188e-06,1,23
168,1.7881393432617188e-06,1,23
169,1.7881393432617188e-06,1,23
170,1.7881393432617188e-06,1,23
171,1.7881393432617188e-06,1,23
172,1.7881393432617188e-06,1,23
173,1.7881393432617188e-06,1,23
174,1.7881393432617188e-06,1,23
175,1.7881393432617188e-06,1,23
176,1.7881393432617188e-06,1,23
177,1.7881393432617188e-06,1,23
178,1.7881393432617188e-06,1,23
179,1.7881393432617188e-06,1,23
180,1.7881393432617188e-06,1,23
181,1.7881393432617188e-06,1,23
182,1.7881393432617188e-06,1,23
183,1.7881393432617188e-06,1,23
184,1.7881393432617188e-06,1,23
185,1.7881393432617188e-06,1,23
186,1.7881393432617188e-06,1,23
187,1.7881393432617188e-06,1,23
188,1.7881393432617188e-06,1,23
189,1.7881393432617188e-06,1,23
190,1.7881393432617188e-06,1,23
191,1.7881393432617188e-06,1,23
192,1.7881393432617188e-06,1,23
193,1.7881393432617188e-06,1,23
194,1.7881393432617188e-06,1,23
195,1.7881393432617188e-06,1,23
196,1.7881393432617188e-06,1,23
197,1.7881393432617188e-06,1,23
198,1.7881393432617188e-06,1,23
199,1.7881393432617188e-06,1,23
200,1.7881393432617188e-06,1,23
1,0.10830748081207275,1,24
2,0.10830748081207275,1,24
3,0.10830748081207275,1,24
4,0.10830748081207275,1,24
5,0.10830748081207275,1,24
6,0.10830748081207275,1,24
7,0.10830670595169067,1,24
8,0.10830670595169067,1,24
9,0.10830670595169067,1,24
10,0.10830670595169067,1,24
11,0.10830730199813843,1,24
12,0.10830730199813843,1,24
13,0.10830730199813843,1,24
14,0.10830730199813843,1,24
15,0.10830730199813843,1,24
16,0.10830730199813843,1,24
17,0.10830730199813843,1,24
18,0.10830730199813843,1,24
19,0.10830730199813843,1,24
20,0.2527009844779968,2,24
21,0.2527009844779968,2,24
22,0.2527009844779968,2,24
23,0.2527009844779968,2,24
24,0.2527005672454834,2,24
25,0.2527005672454834,2,24
26,0.2527005672454834,2,24
27,0.2527005672454834,2,24
28,0.2527005672454834,2,24
29,0.25269705057144165,2,24
30,0.273622989654541,2,24
31,0.27360886335372925,2,24
32,0.27360886335372925,2,24
33,0.27360886335372925,2,24
34,0.27360886335372925,2,24
35,0.2736164331436157,2,24
36,0.3522133231163025,3,24
37,0.4740900993347168,4,24
38,0.4740900993347168,4,24
39,0.4740900993347168,4,24
40,0.4740900993347168,4,24
41,0.4740900993347168,4,24
42,0.4740900993347168,4,24
43,0.4740900993347168,4,24
44,0.4740900993347168,4,24
45,0.562808096408844,4,24
46,0.562808096408844,4,24
47,0.562808096408844,4,24
48,0.562808096408844,4,24
49,0.5585335493087769,4,24
50,0.5585335493087769,4,24
51,0.6055207550525665,5,24
52,0.6406374871730804,4,24
53,0.6406374871730804,4,24
54,0.6406374871730804,4,24
55,0.7660976648330688,6,24
56,0.6649192273616791,4,24
57,0.6649192273616791,4,24
58,0.6649192273616791,4,24
59,0.7656950354576111,5,24
60,0.8019735813140869,5,24
61,0.8019735813140869,5,24
62,0.8019735813140869,5,24
63,0.8019735813140869,5,24
64,0.8019735813140869,5,24
65,0.8019735813140869,5,24
66,0.8152053356170654,5,24
67,0.8152053356170654,5,24
68,0.8152053356170654,5,24
69,0.8152053356170654,5,24
70,0.8152053356170654,5,24
71,0.8670652657747269,6,24
72,0.8670652657747269,6,24
73,0.8917625769972801,6,24
74,0.8917625769972801,6,24
75,0.8917625769972801,6,24
76,0.8917625769972801,6,24
77,0.8514566272497177,5,24
78,0.8514566272497177,5,24
79,0.8514566272497177,5,24
80,0.8514566272497177,5,24
81,0.8514566272497177,5,24
82,0.8514566272497177,5,24
83,0.8514566272497177,5,24
84,0.8514566272497177,5,24
85,0.8514566272497177,5,24
86,0.8514566272497177,5,24
87,0.8514566272497177,5,24
88,0.8514566272497177,5,24
89,0.8514566272497177,5,24
90,0.8514566272497177,5,24
91,0.8514566272497177,5,24
92,0.8514566272497177,5,24
93,0.8514566272497177,5,24
94,0.8514566272497177,5,24
95,0.8514566272497177,5,24
96,0.8514566272497177,5,24
97,0.8514566272497177,5,24
98,0.8514566272497177,5,24
99,0.8514566272497177,5,24
100,0.8514566272497177,5,24
101,0.8514566272497177,5,24
102,0.8514566272497177,5,24
103,0.8514566272497177,5,24
104,0.8514566272497177,5,24
105,0.8514566272497177,5,24
106,0.8514566272497177,5,24
107,0.8514566272497177,5,24
108,0.8514566272497177,5,24
109,0.8514566272497177,5,24
110,0.8514566272497177,5,24
111,0.8514566272497177,5,24
112,0.8514566272497177,5,24
113,0.8514566272497177,5,24
114,0.8514566272497177,5,24
115,0.8514566272497177,5,24
116,0.8514566272497177,5,24
117,0.8514566272497177,5,24
118,0.8514566272497177,5,24
119,0.8514566272497177,5,24
120,0.8514566272497177,5,24
121,0.8514566272497177,5,24
122,0.8514566272497177,5,24
123,0.8514566272497177,5,24
124,0.8514566272497177,5,24
125,0.8514566272497177,5,24
126,0.8514566272497177,5,24
127,0.8514566272497177,5,24
128,0.8514566272497177,5,24
129,0.8514566272497177,5,24
130,0.8514566272497177,5,24
131,0.8514566272497177,5,24
132,0.8514566272497177,5,24
133,0.8514566272497177,5,24
134,0.9128667339682579,6,24
135,0.9128667339682579,6,24
136,0.9128667339682579,6,24
137,0.9128667339682579,6,24
138,0.9128667339682579,6,24
139,0.9128667339682579,6,24
140,0.9128667339682579,6,24
141,0.9128667339682579,6,24
142,0.9128667339682579,6,24
143,0.9128667339682579,6,24
144,0.9128667339682579,6,24
145,0.9128667339682579,6,24
146,0.9128667339682579,6,24
147,0.9113352298736572,6,24
148,0.9113352298736572,6,24
149,0.9113352298736572,6,24
150,0.9113352298736572,6,24
151,0.9113352298736572,6,24
152,0.9113352298736572,6,24
153,0.9113352298736572,6,24
154,0.9113352298736572,6,24
155,0.9113352298736572,6,24
156,0.9113352298736572,6,24
157,0.9113352298736572,6,24
158,0.9113352298736572,6,24
159,0.9113352298736572,6,24
160,0.9113352298736572,6,24
161,0.9113352298736572,6,24
162,0.9113352298736572,6,24
163,0.9113352298736572,6,24
164,0.9113352298736572,6,24
165,0.9093588218092918,6,24
166,0.8570413440465927,5,24
167,0.8570413440465927,5,24
168,0.8570413440465927,5,24
169,0.8570413440465927,5,24
170,0.8570413440465927,5,24
171,0.8570413440465927,5,24
172,0.8570413440465927,5,24
173,0.8570413440465927,5,24
174,0.8570413440465927,5,24
175,0.8570413440465927,5,24
176,0.8570413440465927,5,24
177,0.8570413440465927,5,24
178,0.8570413440465927,5,24
179,0.8570413440465927,5,24
180,0.8570413440465927,5,24
181,0.8570413440465927,5,24
182,0.8570413440465927,5,24
183,0.8570413440465927,5,24
184,0.8570413440465927,5,24
185,0.8570413440465927,5,24
186,0.8570413440465927,5,24
187,0.8570413440465927,5,24
188,0.8570413440465927,5,24
189,0.8570413440465927,5,24
190,0.8570413440465927,5,24
191,0.8570413440465927,5,24
192,0.8570413440465927,5,24
193,0.8570413440465927,5,24
194,0.8570413440465927,5,24
195,0.8570413440465927,5,24
196,0.8570413440465927,5,24
197,0.8570413440465927,5,24
198,0.8570413440465927,5,24
199,0.8570413440465927,5,24
200,0.8570413440465927,5,24
1,5.3882598876953125e-05,1,25
2,5.3763389587402344e-05,1,25
3,5.3882598876953125e-05,1,25
4,5.3882598876953125e-05,1,25
5,5.3882598876953125e-05,1,25
6,5.3882598876953125e-05,1,25
7,5.3882598876953125e-05,1,25
8,5.3882598876953125e-05,1,25
9,5.3882598876953125e-05,1,25
10,5.3882598876953125e-05,1,25
11,5.3882598876953125e-05,1,25
12,5.3882598876953125e-05,1,25
13,5.3882598876953125e-05,1,25
14,5.3882598876953125e-05,1,25
15,5.3882598876953125e-05,1,25
16,5.3882598876953125e-05,1,25
17,5.3882598876953125e-05,1,25
18,5.3882598876953125e-05,1,25
19,5.3882598876953125e-05,1,25
20,5.3882598876953125e-05,1,25
21,5.3882598876953125e-05,1,25
22,5.3882598876953125e-05,1,25
23,5.3882598876953125e-05,1,25
24,5.3882598876953125e-05,1,25
25,5.3882598876953125e-05,1,25
26,5.3882598876953125e-05,1,25
27,5.3882598876953125e-05,1,25
28,5.3882598876953125e-05,1,25
29,5.3882598876953125e-05,1,25
30,5.3882598876953125e-05,1,25
31,5.3882598876953125e-05,1,25
32,5.3882598876953125e-05,1,25
33,5.3882598876953125e-05,1,25
34,5.3882598876953125e-05,1,25
35,5.3882598876953125e-05,1,25
36,5.3882598876953125e-05,1,25
37,5.3882598876953125e-05,1,25
38,5.3882598876953125e-05,1,25
39,5.3882598876953125e-05,1,25
40,5.3882598876953125e-05,1,25
41,5.3882598876953125e-05,1,25
42,5.3882598876953125e-05,1,25
43,5.3882598876953125e-05,1,25
44,5.3882598876953125e-05,1,25
45,5.3882598876953125e-05,1,25
46,5.3882598876953125e-05,1,25
47,5.3882598876953125e-05,1,25
48,5.3882598876953125e-05,1,25
49,5.3882598876953125e-05,1,25
50,5.3882598876953125e-05,1,25
51,5.3882598876953125e-05,1,25
52,5.3882598876953125e-05,1,25
53,5.3882598876953125e-05,1,25
54,5.3882598876953125e-05,1,25
55,5.3882598876953125e-05,1,25
56,5.3882598876953125e-05,1,25
57,5.3882598876953125e-05,1,25
58,5.3882598876953125e-05,1,25
59,5.3882598876953125e-05,1,25
60,5.3882598876953125e-05,1,25
61,5.3882598876953125e-05,1,25
62,5.3882598876953125e-05,1,25
63,5.3882598876953125e-05,1,25
64,5.3882598876953125e-05,1,25
65,5.3882598876953125e-05,1,25
66,5.3882598876953125e-05,1,25
67,5.3882598876953125e-05,1,25
68,5.3882598876953125e-05,1,25
69,5.3882598876953125e-05,1,25
70,5.3882598876953125e-05,1,25
71,5.3882598876953125e-05,1,25
72,5.3882598876953125e-05,1,25
73,5.3882598876953125e-05,1,25
74,5.3882598876953125e-05,1,25
75,5.3882598876953125e-05,1,25
76,5.3882598876953125e-05,1,25
77,5.3882598876953125e-05,1,25
78,5.3882598876953125e-05,1,25
79,5.3882598876953125e-05,1,25
80,5.3882598876953125e-05,1,25
81,5.3882598876953125e-05,1,25
82,5.3882598876953125e-05,1,25
83,5.3882598876953125e-05,1,25
84,5.3882598876953125e-05,1,25
85,5.3882598876953125e-05,1,25
86,5.3882598876953125e-05,1,25
87,5.3882598876953125e-05,1,25
88,5.3882598876953125e-05,1,25
89,5.3882598876953125e-05,1,25
90,5.3882598876953125e-05,1,25
91,5.3882598876953125e-05,1,25
92,5.3882598876953125e-05,1,25
93,5.3882598876953125e-05,1,25
94,5.3882598876953125e-05,1,25
95,5.3882598876953125e-05,1,25
96,5.3882598876953125e-05,1,25
97,5.3882598876953125e-05,1,25
98,5.3882598876953125e-05,1,25
99,5.3882598876953125e-05,1,25
100,5.3882598876953125e-05,1,25
101,5.3882598876953125e-05,1,25
102,5.3882598876953125e-05,1,25
103,5.3882598876953125e-05,1,25
104,5.3882598876953125e-05,1,25
105,5.3882598876953125e-05,1,25
106,5.3882598876953125e-05,1,25
107,5.3882598876953125e-05,1,25
108,5.3882598876953125e-05,1,25
109,5.3882598876953125e-05,1,25
110,5.3882598876953125e-05,1,25
111,5.3882598876953125e-05,1,25
112,5.3882598876953125e-05,1,25
113,5.3882598876953125e-05,1,25
114,5.3882598876953125e-05,1,25
115,5.3882598876953125e-05,1,25
116,5.3882598876953125e-05,1,25
117,5.3882598876953125e-05,1,25
118,5.3882598876953125e-05,1,25
119,5.3882598876953125e-05,1,25
120,5.3882598876953125e-05,1,25
121,5.3882598876953125e-05,1,25
122,5.3882598876953125e-05,1,25
123,5.3882598876953125e-05,1,25
124,5.3882598876953125e-05,1,25
125,5.3882598876953125e-05,1,25
126,5.3882598876953125e-05,1,25
127,5.3882598876953125e-05,1,25
128,5.3882598876953125e-05,1,25
129,5.3882598876953125e-05,1,25
130,5.3882598876953125e-05,1,25
131,5.3882598876953125e-05,1,25
132,5.3882598876953125e-05,1,25
133,5.3882598876953125e-05,1,25
134,5.3882598876953125e-05,1,25
135,5.3882598876953125e-05,1,25
136,5.3882598876953125e-05,1,25
137,5.3882598876953125e-05,1,25
138,5.3882598876953125e-05,1,25
139,5.3882598876953125e-05,1,25
140,5.3882598876953125e-05,1,25
141,5.3882598876953125e-05,1,25
142,5.3882598876953125e-05,1,25
143,5.3882598876953125e-05,1,25
144,5.3882598876953125e-05,1,25
145,5.3882598876953125e-05,1,25
146,5.3882598876953125e-05,1,25
147,5.3882598876953125e-05,1,25
148,5.3882598876953125e-05,1,25
149,5.3882598876953125e-05,1,25
150,5.3882598876953125e-05,1,25
151,5.3882598876953125e-05,1,25
152,5.3882598876953125e-05,1,25
153,5.3882598876953125e-05,1,25
154,5.3882598876953125e-05,1,25
155,5.3882598876953125e-05,1,25
156,5.3882598876953125e-05,1,25
157,5.3882598876953125e-05,1,25
158,5.3882598876953125e-05,1,25
159,5.3882598876953125e-05,1,25
160,5.3882598876953125e-05,1,25
161,5.3882598876953125e-05,1,25
162,5.3882598876953125e-05,1,25
163,5.3882598876953125e-05,1,25
164,5.3882598876953125e-05,1,25
165,5.3882598876953125e-05,1,25
166,5.3882598876953125e-05,1,25
167,5.3882598876953125e-05,1,25
168,5.3882598876953125e-05,1,25
169,5.3882598876953125e-05,1,25
170,5.3882598876953125e-05,1,25
171,5.3882598876953125e-05,1,25
172,5.3882598876953125e-05,1,25
173,5.3882598876953125e-05,1,25
174,5.3882598876953125e-05,1,25
175,5.3882598876953125e-05,1,25
176,5.3882598876953125e-05,1,25
177,5.3882598876953125e-05,1,25
178,5.3882598876953125e-05,1,25
179,5.3882598876953125e-05,1,25
180,5.3882598876953125e-05,1,25
181,5.3882598876953125e-05,1,25
182,5.3882598876953125e-05,1,25
183,5.3882598876953125e-05,1,25
184,5.3882598876953125e-05,1,25
185,5.3882598876953125e-05,1,25
186,5.3882598876953125e-05,1,25
187,5.3882598876953125e-05,1,25
188,5.3882598876953125e-05,1,25
189,5.3882598876953125e-05,1,25
190,5.3882598876953125e-05,1,25
191,5.3882598876953125e-05,1,25
192,5.3882598876953125e-05,1,25
193,5.3882598876953125e-05,1,25
194,5.3882598876953125e-05,1,25
195,5.3882598876953125e-05,1,25
196,5.3882598876953125e-05,1,25
197,5.3882598876953125e-05,1,25
198,5.3882598876953125e-05,1,25
199,5.3882598876953125e-05,1,25
200,5.3882598876953125e-05,1,25
1,0.8520615249872208,1,26
2,0.8520615249872208,1,26
3,0.8520615249872208,1,26
4,0.8520615249872208,1,26
5,0.8520615249872208,1,26
6,0.8520615249872208,1,26
7,0.8520615249872208,1,26
8,0.8520615249872208,1,26
9,0.8520615249872208,1,26
10,0.8520615249872208,1,26
11,0.8520615249872208,1,26
12,0.8520615249872208,1,26
13,0.8520615249872208,1,26
14,0.8520615249872208,1,26
15,0.8520615249872208,1,26
16,0.8520615249872208,1,26
17,0.8520615249872208,1,26
18,0.8520615249872208,1,26
19,0.8520615249872208,1,26
20,0.8520615249872208,1,26
21,0.8520615249872208,1,26
22,0.8520615249872208,1,26
23,0.8520615249872208,1,26
24,0.8520615249872208,1,26
25,0.8520615249872208,1,26
26,0.8520615249872208,1,26
27,0.8520615249872208,1,26
28,0.8489292860031128,1,26
29,0.8489292860031128,1,26
30,0.876488596200943,1,26
31,0.876488596200943,1,26
32,0.876488596200943,1,26
33,0.876488596200943,1,26
34,0.876488596200943,1,26
35,0.876488596200943,1,26
36,0.876488596200943,1,26
37,0.876488596200943,1,26
38,0.876488596200943,1,26
39,0.8619023859500885,1,26
40,0.8619023859500885,1,26
41,0.8619023859500885,1,26
42,0.8619023859500885,1,26
43,0.8635795265436172,1,26
44,0.8682055771350861,1,26
45,0.8682055771350861,1,26
46,0.8682055771350861,1,26
47,0.8682055771350861,1,26
48,0.8682055771350861,1,26
49,0.8682055771350861,1,26
50,0.8682055771350861,1,26
51,0.8682055771350861,1,26
52,0.8682055771350861,1,26
53,0.8682055771350861,1,26
54,0.8682055771350861,1,26
55,0.8682055771350861,1,26
56,0.8682055771350861,1,26
57,0.8682055771350861,1,26
58,0.8682055771350861,1,26
59,0.8682055771350861,1,26
60,0.8685533404350281,1,26
61,0.8685533404350281,1,26
62,0.8685533404350281,1,26
63,0.8685533404350281,1,26
64,0.8685533404350281,1,26
65,0.8685533404350281,1,26
66,0.8685533404350281,1,26
67,0.8685533404350281,1,26
68,0.8701919466257095,1,26
69,0.8701919466257095,1,26
70,0.8700704574584961,1,26
71,0.8692925125360489,1,26
72,0.8699008524417877,1,26
73,0.8698398023843765,1,26
74,0.8697924017906189,1,26
75,0.8697924017906189,1,26
76,0.8697924017906189,1,26
77,0.8697924017906189,1,26
78,0.8697924017906189,1,26
79,0.8697671741247177,1,26
80,0.8697671741247177,1,26
81,0.8697671741247177,1,26
82,0.869767427444458,1,26
83,0.869767427444458,1,26
84,0.869767427444458,1,26
85,0.869767427444458,1,26
86,0.869767427444458,1,26
87,0.869767427444458,1,26
88,0.869767427444458,1,26
89,0.869686633348465,1,26
90,0.869686633348465,1,26
91,0.869686633348465,1,26
92,0.869686633348465,1,26
93,0.869686633348465,1,26
94,0.8697715550661087,1,26
95,0.8697715550661087,1,26
96,0.8697715550661087,1,26
97,0.8697715550661087,1,26
98,0.8697715550661087,1,26
99,0.8697715550661087,1,26
100,0.8697715550661087,1,26
101,0.8697715550661087,1,26
102,0.8697715550661087,1,26
103,0.8697715550661087,1,26
104,0.8697715550661087,1,26
105,0.8697715550661087,1,26
106,0.8697715550661087,1,26
107,0.8697715550661087,1,26
108,0.8697715550661087,1,26
109,0.8697715550661087,1,26
110,0.8697715550661087,1,26
111,0.8697715550661087,1,26
112,0.8697715550661087,1,26
113,0.8697715550661087,1,26
114,0.8697715550661087,1,26
115,0.8697715550661087,1,26
116,0.8697715550661087,1,26
117,0.8697715550661087,1,26
118,0.8697715550661087,1,26
119,0.8697715550661087,1,26
120,0.8697715550661087,1,26
121,0.8697715550661087,1,26
122,0.8697715550661087,1,26
123,0.8697715550661087,1,26
124,0.8697715550661087,1,26
125,0.8697715550661087,1,26
126,0.8697715550661087,1,26
127,0.8697715550661087,1,26
128,0.8697715550661087,1,26
129,0.8697715550661087,1,26
130,0.8697715550661087,1,26
131,0.8697715550661087,1,26
132,0.8697715550661087,1,26
133,0.8697715550661087,1,26
134,0.8697715550661087,1,26
135,0.8697715550661087,1,26
136,0.8697715550661087,1,26
137,0.8697338700294495,1,26
138,0.8697338700294495,1,26
139,0.8697338700294495,1,26
140,0.8697338700294495,1,26
141,0.8697338700294495,1,26
142,0.8697338700294495,1,26
143,0.8697338700294495,1,26
144,0.8697338700294495,1,26
145,0.8697338700294495,1,26
146,0.8697338700294495,1,26
147,0.8697338700294495,1,26
148,0.8697338700294495,1,26
149,0.8697338700294495,1,26
150,0.8697338700294495,1,26
151,0.8697338700294495,1,26
152,0.8697338700294495,1,26
153,0.8697338700294495,1,26
154,0.8697338700294495,1,26
155,0.8697338700294495,1,26
156,0.8697338700294495,1,26
157,0.8697338700294495,1,26
158,0.8697338700294495,1,26
159,0.8697338700294495,1,26
160,0.8697338700294495,1,26
161,0.8697338700294495,1,26
162,0.8697338700294495,1,26
163,0.8697338700294495,1,26
164,0.8697338700294495,1,26
165,0.8697338700294495,1,26
166,0.8697338700294495,1,26
167,0.8697338700294495,1,26
168,0.8697338700294495,1,26
169,0.8697338700294495,1,26
170,0.8697338700294495,1,26
171,0.8697338700294495,1,26
172,0.8697338700294495,1,26
173,0.8697338700294495,1,26
174,0.8697338700294495,1,26
175,0.8697338700294495,1,26
176,0.8697338700294495,1,26
177,0.8697338700294495,1,26
178,0.8697338700294495,1,26
179,0.8697338700294495,1,26
180,0.8697338700294495,1,26
181,0.8697338700294495,1,26
182,0.8697338700294495,1,26
183,0.8697338700294495,1,26
184,0.8697338700294495,1,26
185,0.8697338700294495,1,26
186,0.8697338700294495,1,26
187,0.8697338700294495,1,26
188,0.8697338700294495,1,26
189,0.8697597682476044,1,26
190,0.8697597682476044,1,26
191,0.8697597682476044,1,26
192,0.8697597682476044,1,26
193,0.8697597682476044,1,26
194,0.8697597682476044,1,26
195,0.8697597682476044,1,26
196,0.8697597682476044,1,26
197,0.8697597682476044,1,26
198,0.8697597682476044,1,26
199,0.8697597682476044,1,26
200,0.8697597682476044,1,26
1,0.6273158192634583,1,27
2,0.6278775036334991,1,27
3,0.6278775036334991,1,27
4,0.6278775036334991,1,27
5,0.6514763534069061,1,27
6,0.8039909452199936,3,27
7,0.8109576255083084,2,27
8,0.8109576255083084,2,27
9,0.8258882164955139,2,27
10,0.8258882164955139,2,27
11,0.8258882164955139,2,27
12,0.8103327304124832,2,27
13,0.8298152089118958,2,27
14,0.8298891931772232,2,27
15,0.8298891931772232,2,27
16,0.8298891931772232,2,27
17,0.8658962994813919,2,27
18,0.8658962994813919,2,27
19,0.8658962994813919,2,27
20,0.8658962994813919,2,27
21,0.8663487732410431,2,27
22,0.8663487732410431,2,27
23,0.8663487732410431,2,27
24,0.8663487732410431,2,27
25,0.8663487732410431,2,27
26,0.8663487732410431,2,27
27,0.8663487732410431,2,27
28,0.8703567832708359,2,27
29,0.8713869452476501,2,27
30,0.8713869452476501,2,27
31,0.8713869452476501,2,27
32,0.8713869452476501,2,27
33,0.8713869452476501,2,27
34,0.8741514831781387,2,27
35,0.8741514831781387,2,27
36,0.8741514831781387,2,27
37,0.8741514831781387,2,27
38,0.8741514831781387,2,27
39,0.947317473590374,3,27
40,0.947317473590374,3,27
41,0.947317473590374,3,27
42,0.947317473590374,3,27
43,0.947317473590374,3,27
44,0.947317473590374,3,27
45,0.947317473590374,3,27
46,0.947317473590374,3,27
47,0.947317473590374,3,27
48,0.947317473590374,3,27
49,0.947317473590374,3,27
50,0.947317473590374,3,27
51,0.947317473590374,3,27
52,0.947317473590374,3,27
53,0.947317473590374,3,27
54,0.947317473590374,3,27
55,0.947317473590374,3,27
56,0.947317473590374,3,27
57,0.947317473590374,3,27
58,0.9460275694727898,3,27
59,0.9460275694727898,3,27
60,0.9460275694727898,3,27
61,0.9460275694727898,3,27
62,0.9460275694727898,3,27
63,0.9472873955965042,3,27
64,0.9472873955965042,3,27
65,0.9472873955965042,3,27
66,0.9472873955965042,3,27
67,0.9472873955965042,3,27
68,0.9366535618901253,3,27
69,0.9366535618901253,3,27
70,0.9372536540031433,3,27
71,0.9372536540031433,3,27
72,0.9372536540031433,3,27
73,0.938020583242178,3,27
74,0.938020583242178,3,27
75,0.938020583242178,3,27
76,0.938020583242178,3,27
77,0.938020583242178,3,27
78,0.938020583242178,3,27
79,0.938020583242178,3,27
80,0.9371460229158401,3,27
81,0.9371460229158401,3,27
82,0.9371460229158401,3,27
83,0.9371913373470306,3,27
84,0.9371913373470306,3,27
85,0.9371913373470306,3,27
86,0.9371913373470306,3,27
87,0.9371913373470306,3,27
88,0.9410480745136738,3,27
89,0.9410480745136738,3,27
90,0.9410480745136738,3,27
91,0.9410480745136738,3,27
92,0.9410480745136738,3,27
93,0.9410480745136738,3,27
94,0.9410480745136738,3,27
95,0.9410480745136738,3,27
96,0.9410480745136738,3,27
97,0.9410480745136738,3,27
98,0.9433983191847801,3,27
99,0.9433983191847801,3,27
100,0.9433983191847801,3,27
101,0.9433983191847801,3,27
102,0.9433983191847801,3,27
103,0.9409469850361347,3,27
104,0.9409469850361347,3,27
105,0.9409469850361347,3,27
106,0.9409469850361347,3,27
107,0.9409469850361347,3,27
108,0.9409469850361347,3,27
109,0.9409469850361347,3,27
110,0.9409469850361347,3,27
111,0.9409469850361347,3,27
112,0.9409469850361347,3,27
113,0.9409469850361347,3,27
114,0.9409469850361347,3,27
115,0.9409469850361347,3,27
116,0.9409469850361347,3,27
117,0.9409469850361347,3,27
118,0.9409469850361347,3,27
119,0.9409469850361347,3,27
120,0.9409469850361347,3,27
121,0.9409469850361347,3,27
122,0.9409469850361347,3,27
123,0.9409469850361347,3,27
124,0.9409469850361347,3,27
125,0.9409469850361347,3,27
126,0.9409469850361347,3,27
127,0.9409469850361347,3,27
128,0.9409469850361347,3,27
129,0.9409469850361347,3,27
130,0.9409469850361347,3,27
131,0.9409469850361347,3,27
132,0.9403204768896103,3,27
133,0.9408732876181602,3,27
134,0.9408732876181602,3,27
135,0.9408732876181602,3,27
136,0.9408732876181602,3,27
137,0.9408732876181602,3,27
138,0.9408732876181602,3,27
139,0.9408732876181602,3,27
140,0.9408732876181602,3,27
141,0.9408732876181602,3,27
142,0.9408732876181602,3,27
143,0.9408732876181602,3,27
144,0.9408732876181602,3,27
145,0.9408732876181602,3,27
146,0.9408732876181602,3,27
147,0.9408732876181602,3,27
148,0.9408732876181602,3,27
149,0.9408732876181602,3,27
150,0.9413070753216743,3,27
151,0.9413070753216743,3,27
152,0.9413070753216743,3,27
153,0.9413070753216743,3,27
154,0.9413070753216743,3,27
155,0.9413070753216743,3,27
156,0.9413070753216743,3,27
157,0.9413070753216743,3,27
158,0.9413070753216743,3,27
159,0.9413070753216743,3,27
160,0.9413070753216743,3,27
161,0.9413070753216743,3,27
162,0.9413070753216743,3,27
163,0.9413070753216743,3,27
164,0.9413070753216743,3,27
165,0.9413070753216743,3,27
166,0.9413070753216743,3,27
167,0.9413070753216743,3,27
168,0.9413070753216743,3,27
169,0.9413070753216743,3,27
170,0.9413070753216743,3,27
171,0.9413070753216743,3,27
172,0.9413070753216743,3,27
173,0.9413070753216743,3,27
174,0.9413070753216743,3,27
175,0.9413070753216743,3,27
176,0.9413070753216743,3,27
177,0.9413070753216743,3,27
178,0.9413070753216743,3,27
179,0.9413070753216743,3,27
180,0.9413070753216743,3,27
181,0.9413070753216743,3,27
182,0.9413070753216743,3,27
183,0.9413070753216743,3,27
184,0.9413070753216743,3,27
185,0.9413070753216743,3,27
186,0.9413070753216743,3,27
187,0.9413070753216743,3,27
188,0.9413070753216743,3,27
189,0.9413070753216743,3,27
190,0.9413070753216743,3,27
191,0.9413070753216743,3,27
192,0.9413070753216743,3,27
193,0.9413070753216743,3,27
194,0.9413070753216743,3,27
195,0.9413070753216743,3,27
196,0.9413070753216743,3,27
197,0.9413070753216743,3,27
198,0.9411196336150169,3,27
199,0.9411196336150169,3,27
200,0.9411196336150169,3,27
1,0.001390695571899414,1,28
2,0.001390695571899414,1,28
3,0.001390695571899414,1,28
4,0.001390695571899414,1,28
5,0.001390695571899414,1,28
6,0.001390695571899414,1,28
7,0.001390695571899414,1,28
8,0.001390695571899414,1,28
9,0.001390695571899414,1,28
10,0.001390695571899414,1,28
11,0.0013908743858337402,1,28
12,0.0013908743858337402,1,28
13,0.0013908743858337402,1,28
14,0.0013908743858337402,1,28
15,0.0013908743858337402,1,28
16,0.0013908743858337402,1,28
17,0.0013908743858337402,1,28
18,0.0013908743858337402,1,28
19,0.0013908743858337402,1,28
20,0.0013908743858337402,1,28
21,0.0013908743858337402,1,28
22,0.0013908743858337402,1,28
23,0.0013908743858337402,1,28
24,0.0013908743858337402,1,28
25,0.0013908743858337402,1,28
26,0.0013908743858337402,1,28
27,0.0013908743858337402,1,28
28,0.0013908743858337402,1,28
29,0.0013908743858337402,1,28
30,0.0013908743858337402,1,28
31,0.0013908743858337402,1,28
32,0.0013908743858337402,1,28
33,0.0013908743858337402,1,28
34,0.0013908743858337402,1,28
35,0.0013908743858337402,1,28
36,0.0013908743858337402,1,28
37,0.0013908743858337402,1,28
38,0.0013908743858337402,1,28
39,0.0013908743858337402,1,28
40,0.0013908743858337402,1,28
41,0.0013908743858337402,1,28
42,0.0013908743858337402,1,28
43,0.0013908743858337402,1,28
44,0.0013908743858337402,1,28
45,0.0013908743858337402,1,28
46,0.0013908743858337402,1,28
47,0.0013908743858337402,1,28
48,0.0013908743858337402,1,28
49,0.0013908743858337402,1,28
50,0.0013908743858337402,1,28
51,0.0013908743858337402,1,28
52,0.0013908743858337402,1,28
53,0.0013908743858337402,1,28
54,0.0013908743858337402,1,28
55,0.0013908743858337402,1,28
56,0.0013908743858337402,1,28
57,0.0013908743858337402,1,28
58,0.0013908743858337402,1,28
59,0.0013908743858337402,1,28
60,0.0013908743858337402,1,28
61,0.0013908743858337402,1,28
62,0.0013908743858337402,1,28
63,0.0013908743858337402,1,28
64,0.0013908743858337402,1,28
65,0.0013908743858337402,1,28
66,0.0013908743858337402,1,28
67,0.0013908743858337402,1,28
68,0.0013908743858337402,1,28
69,0.0013908743858337402,1,28
70,0.0013908743858337402,1,28
71,0.0013908743858337402,1,28
72,0.0013908743858337402,1,28
73,0.0013908743858337402,1,28
74,0.0013908743858337402,1,28
75,0.0013908743858337402,1,28
76,0.0013908743858337402,1,28
77,0.0013908743858337402,1,28
78,0.0013908743858337402,1,28
79,0.0013908743858337402,1,28
80,0.0013908743858337402,1,28
81,0.0013908743858337402,1,28
82,0.0013908743858337402,1,28
83,0.0013908743858337402,1,28
84,0.0013908743858337402,1,28
85,0.0013908743858337402,1,28
86,0.0013908743858337402,1,28
87,0.0013908743858337402,1,28
88,0.0013908743858337402,1,28
89,0.0013908743858337402,1,28
90,0.0013908743858337402,1,28
91,0.0013908743858337402,1,28
92,0.0013908743858337402,1,28
93,0.0013908743858337402,1,28
94,0.0013908743858337402,1,28
95,0.0013908743858337402,1,28
96,0.0013908743858337402,1,28
97,0.0013908743858337402,1,28
98,0.0013908743858337402,1,28
99,0.0013908743858337402,1,28
100,0.0013908743858337402,1,28
101,0.0013908743858337402,1,28
102,0.0013908743858337402,1,28
103,0.0013908743858337402,1,28
104,0.0013908743858337402,1,28
105,0.0013908743858337402,1,28
106,0.0013908743858337402,1,28
107,0.0013908743858337402,1,28
108,0.0013908743858337402,1,28
109,0.0013908743858337402,1,28
110,0.0013908743858337402,1,28
111,0.0013908743858337402,1,28
112,0.0013908743858337402,1,28
113,0.0013908743858337402,1,28
114,0.0013908743858337402,1,28
115,0.0013908743858337402,1,28
116,0.0013908743858337402,1,28
117,0.0013908743858337402,1,28
118,0.0013908743858337402,1,28
119,0.0013908743858337402,1,28
120,0.0013908743858337402,1,28
121,0.0013908743858337402,1,28
122,0.0013908743858337402,1,28
123,0.0013908743858337402,1,28
124,0.0013908743858337402,1,28
125,0.0013908743858337402,1,28
126,0.0013908743858337402,1,28
127,0.0013908743858337402,1,28
128,0.0013908743858337402,1,28
129,0.0013908743858337402,1,28
130,0.0013908743858337402,1,28
131,0.0013908743858337402,1,28
132,0.0013908743858337402,1,28
133,0.0013908743858337402,1,28
134,0.0013908743858337402,1,28
135,0.0013908743858337402,1,28
136,0.0013908743858337402,1,28
137,0.0013908743858337402,1,28
138,0.0013908743858337402,1,28
139,0.0013908743858337402,1,28
140,0.0013908743858337402,1,28
141,0.0013908743858337402,1,28
142,0.0013908743858337402,1,28
143,0.0013908743858337402,1,28
144,0.0013908743858337402,1,28
145,0.0013908743858337402,1,28
146,0.0013908743858337402,1,28
147,0.0013908743858337402,1,28
148,0.0013908743858337402,1,28
149,0.0013908743858337402,1,28
150,0.0013908743858337402,1,28
151,0.0013908743858337402,1,28
152,0.0013908743858337402,1,28
153,0.0013908743858337402,1,28
154,0.0013908743858337402,1,28
155,0.0013908743858337402,1,28
156,0.0013908743858337402,1,28
157,0.0013908743858337402,1,28
158,0.0013908743858337402,1,28
159,0.0013908743858337402,1,28
160,0.0013908743858337402,1,28
161,0.0013908743858337402,1,28
162,0.0013908743858337402,1,28
163,0.0013908743858337402,1,28
164,0.0013908743858337402,1,28
165,0.0013908743858337402,1,28
166,0.0013908743858337402,1,28
167,0.0013908743858337402,1,28
168,0.0013908743858337402,1,28
169,0.0013908743858337402,1,28
170,0.0013908743858337402,1,28
171,0.0013908743858337402,1,28
172,0.0013908743858337402,1,28
173,0.0013908743858337402,1,28
174,0.0013908743858337402,1,28
175,0.0013908743858337402,1,28
176,0.0013908743858337402,1,28
177,0.0013908743858337402,1,28
178,0.0013908743858337402,1,28
179,0.0013908743858337402,1,28
180,0.0013908743858337402,1,28
181,0.0013908743858337402,1,28
182,0.0013908743858337402,1,28
183,0.0013908743858337402,1,28
184,0.0013908743858337402,1,28
185,0.0013908743858337402,1,28
186,0.0013908743858337402,1,28
187,0.0013908743858337402,1,28
188,0.0013908743858337402,1,28
189,0.0013908743858337402,1,28
190,0.0013908743858337402,1,28
191,0.0013908743858337402,1,28
192,0.0013908743858337402,1,28
193,0.0013908743858337402,1,28
194,0.0013908743858337402,1,28
195,0.0013908743858337402,1,28
196,0.0013908743858337402,1,28
197,0.0013908743858337402,1,28
198,0.0013908743858337402,1,28
199,0.0013908743858337402,1,28
200,0.0013908743858337402,1,28
1,0.003115713596343994,1,29
2,0.003115713596343994,1,29
3,0.003115713596343994,1,29
4,0.003115713596343994,1,29
5,0.003115713596343994,1,29
6,0.003115713596343994,1,29
7,0.003115713596343994,1,29
8,0.003115713596343994,1,29
9,0.003115713596343994,1,29
10,0.003115713596343994,1,29
11,0.003115713596343994,1,29
12,0.003115713596343994,1,29
13,0.003115713596343994,1,29
14,0.003115713596343994,1,29
15,0.003115713596343994,1,29
16,0.003115713596343994,1,29
17,0.003115713596343994,1,29
18,0.003115713596343994,1,29
19,0.003115713596343994,1,29
20,0.003115713596343994,1,29
21,0.003115713596343994,1,29
22,0.003115713596343994,1,29
23,0.003115713596343994,1,29
24,0.003115713596343994,1,29
25,0.003115713596343994,1,29
26,0.003115713596343994,1,29
27,0.003115713596343994,1,29
28,0.003115713596343994,1,29
29,0.003115713596343994,1,29
30,0.003115713596343994,1,29
31,0.003115713596343994,1,29
32,0.003115713596343994,1,29
33,0.003115713596343994,1,29
34,0.003115713596343994,1,29
35,0.003115713596343994,1,29
36,0.003115713596343994,1,29
37,0.003115713596343994,1,29
38,0.003115713596343994,1,29
39,0.003115713596343994,1,29
40,0.003115713596343994,1,29
41,0.003115713596343994,1,29
42,0.003115713596343994,1,29
43,0.003115713596343994,1,29
44,0.003115713596343994,1,29
45,0.003115713596343994,1,29
46,0.003115713596343994,1,29
47,0.003115713596343994,1,29
48,0.003115713596343994,1,29
49,0.003115713596343994,1,29
50,0.003115713596343994,1,29
51,0.003115713596343994,1,29
52,0.003115713596343994,1,29
53,0.003115713596343994,1,29
54,0.003115713596343994,1,29
55,0.003115713596343994,1,29
56,0.003115713596343994,1,29
57,0.003115713596343994,1,29
58,0.003115713596343994,1,29
59,0.003115713596343994,1,29
60,0.003115713596343994,1,29
61,0.003115713596343994,1,29
62,0.003115713596343994,1,29
63,0.003115713596343994,1,29
64,0.003115713596343994,1,29
65,0.003115713596343994,1,29
66,0.003115713596343994,1,29
67,0.003115713596343994,1,29
68,0.003115713596343994,1,29
69,0.003115713596343994,1,29
70,0.003115713596343994,1,29
71,0.003115713596343994,1,29
72,0.003115713596343994,1,29
73,0.003115713596343994,1,29
74,0.003115713596343994,1,29
75,0.003115713596343994,1,29
76,0.003115713596343994,1,29
77,0.003115713596343994,1,29
78,0.003115713596343994,1,29
79,0.003115713596343994,1,29
80,0.003115713596343994,1,29
81,0.003115713596343994,1,29
82,0.003115713596343994,1,29
83,0.003115713596343994,1,29
84,0.003115713596343994,1,29
85,0.003115713596343994,1,29
86,0.003115713596343994,1,29
87,0.003115713596343994,1,29
88,0.003115713596343994,1,29
89,0.003115713596343994,1,29
90,0.003115713596343994,1,29
91,0.003115713596343994,1,29
92,0.003115713596343994,1,29
93,0.003115713596343994,1,29
94,0.003115713596343994,1,29
95,0.003115713596343994,1,29
96,0.003115713596343994,1,29
97,0.003115713596343994,1,29
98,0.003115713596343994,1,29
99,0.003115713596343994,1,29
100,0.003115713596343994,1,29
101,0.003115713596343994,1,29
102,0.003115713596343994,1,29
103,0.003115713596343994,1,29
104,0.003115713596343994,1,29
105,0.003115713596343994,1,29
106,0.003115713596343994,1,29
107,0.003115713596343994,1,29
108,0.003115713596343994,1,29
109,0.003115713596343994,1,29
110,0.003115713596343994,1,29
111,0.003115713596343994,1,29
112,0.003115713596343994,1,29
113,0.003115713596343994,1,29
114,0.003115713596343994,1,29
115,0.003115713596343994,1,29
116,0.003115713596343994,1,29
117,0.003115713596343994,1,29
118,0.003115713596343994,1,29
119,0.003115713596343994,1,29
120,0.003115713596343994,1,29
121,0.003115713596343994,1,29
122,0.003115713596343994,1,29
123,0.003115713596343994,1,29
124,0.003115713596343994,1,29
125,0.003115713596343994,1,29
126,0.003115713596343994,1,29
127,0.003115713596343994,1,29
128,0.003115713596343994,1,29
129,0.003115713596343994,1,29
130,0.003115713596343994,1,29
131,0.003115713596343994,1,29
132,0.003115713596343994,1,29
133,0.003115713596343994,1,29
134,0.003115713596343994,1,29
135,0.003115713596343994,1,29
136,0.003115713596343994,1,29
137,0.003115713596343994,1,29
138,0.003115713596343994,1,29
139,0.003115713596343994,1,29
140,0.003115713596343994,1,29
141,0.003115713596343994,1,29
142,0.003115713596343994,1,29
143,0.003115713596343994,1,29
144,0.003115713596343994,1,29
145,0.003115713596343994,1,29
146,0.003115713596343994,1,29
147,0.003115713596343994,1,29
148,0.003115713596343994,1,29
149,0.003115713596343994,1,29
150,0.003115713596343994,1,29
151,0.003115713596343994,1,29
152,0.003115713596343994,1,29
153,0.003115713596343994,1,29
154,0.003115713596343994,1,29
155,0.003115713596343994,1,29
156,0.003115713596343994,1,29
157,0.003115713596343994,1,29
158,0.003115713596343994,1,29
159,0.003115713596343994,1,29
160,0.003115713596343994,1,29
161,0.003115713596343994,1,29
162,0.003115713596343994,1,29
163,0.003115713596343994,1,29
164,0.003115713596343994,1,29
165,0.003115713596343994,1,29
166,0.003115713596343994,1,29
167,0.003115713596343994,1,29
168,0.003115713596343994,1,29
169,0.003115713596343994,1,29
170,0.003115713596343994,1,29
171,0.003115713596343994,1,29
172,0.003115713596343994,1,29
173,0.003115713596343994,1,29
174,0.003115713596343994,1,29
175,0.003115713596343994,1,29
176,0.003115713596343994,1,29
177,0.003115713596343994,1,29
178,0.003115713596343994,1,29
179,0.003115713596343994,1,29
180,0.003115713596343994,1,29
181,0.003115713596343994,1,29
182,0.003115713596343994,1,29
183,0.003115713596343994,1,29
184,0.003115713596343994,1,29
185,0.003115713596343994,1,29
186,0.003115713596343994,1,29
187,0.003115713596343994,1,29
188,0.003115713596343994,1,29
189,0.003115713596343994,1,29
190,0.003115713596343994,1,29
191,0.003115713596343994,1,29
192,0.003115713596343994,1,29
193,0.003115713596343994,1,29
194,0.003115713596343994,1,29
195,0.003115713596343994,1,29
196,0.003115713596343994,1,29
197,0.003115713596343994,1,29
198,0.003115713596343994,1,29
199,0.003115713596343994,1,29
200,0.003115713596343994,1,29
1,2.968311309814453e-05,1,30
2,2.968311309814453e-05,1,30
3,2.968311309814453e-05,1,30
4,2.968311309814453e-05,1,30
5,2.968311309814453e-05,1,30
6,2.968311309814453e-05,1,30
7,2.968311309814453e-05,1,30
8,2.968311309814453e-05,1,30
9,2.968311309814453e-05,1,30
10,2.968311309814453e-05,1,30
11,2.968311309814453e-05,1,30
12,2.968311309814453e-05,1,30
13,2.968311309814453e-05,1,30
14,2.968311309814453e-05,1,30
15,2.968311309814453e-05,1,30
16,2.968311309814453e-05,1,30
17,2.968311309814453e-05,1,30
18,2.968311309814453e-05,1,30
19,2.968311309814453e-05,1,30
20,2.968311309814453e-05,1,30
21,2.968311309814453e-05,1,30
22,2.968311309814453e-05,1,30
23,2.968311309814453e-05,1,30
24,2.968311309814453e-05,1,30
25,2.968311309814453e-05,1,30
26,2.968311309814453e-05,1,30
27,2.968311309814453e-05,1,30
28,2.968311309814453e-05,1,30
29,2.968311309814453e-05,1,30
30,2.968311309814453e-05,1,30
31,2.968311309814453e-05,1,30
32,2.968311309814453e-05,1,30
33,2.968311309814453e-05,1,30
34,2.968311309814453e-05,1,30
35,2.968311309814453e-05,1,30
36,2.968311309814453e-05,1,30
37,2.968311309814453e-05,1,30
38,2.968311309814453e-05,1,30
39,2.968311309814453e-05,1,30
40,2.968311309814453e-05,1,30
41,2.968311309814453e-05,1,30
42,2.968311309814453e-05,1,30
43,2.968311309814453e-05,1,30
44,2.968311309814453e-05,1,30
45,2.968311309814453e-05,1,30
46,2.968311309814453e-05,1,30
47,2.968311309814453e-05,1,30
48,2.968311309814453e-05,1,30
49,2.968311309814453e-05,1,30
50,2.968311309814453e-05,1,30
51,2.968311309814453e-05,1,30
52,2.968311309814453e-05,1,30
53,2.968311309814453e-05,1,30
54,2.968311309814453e-05,1,30
55,2.968311309814453e-05,1,30
56,2.968311309814453e-05,1,30
57,2.968311309814453e-05,1,30
58,2.968311309814453e-05,1,30
59,2.968311309814453e-05,1,30
60,2.968311309814453e-05,1,30
61,2.968311309814453e-05,1,30
62,2.968311309814453e-05,1,30
63,2.968311309814453e-05,1,30
64,2.968311309814453e-05,1,30
65,2.968311309814453e-05,1,30
66,2.968311309814453e-05,1,30
67,2.968311309814453e-05,1,30
68,2.968311309814453e-05,1,30
69,2.968311309814453e-05,1,30
70,2.968311309814453e-05,1,30
71,2.968311309814453e-05,1,30
72,2.968311309814453e-05,1,30
73,2.968311309814453e-05,1,30
74,2.968311309814453e-05,1,30
75,2.968311309814453e-05,1,30
76,2.968311309814453e-05,1,30
77,2.968311309814453e-05,1,30
78,2.968311309814453e-05,1,30
79,2.968311309814453e-05,1,30
80,2.968311309814453e-05,1,30
81,2.968311309814453e-05,1,30
82,2.968311309814453e-05,1,30
83,2.968311309814453e-05,1,30
84,2.968311309814453e-05,1,30
85,2.968311309814453e-05,1,30
86,2.968311309814453e-05,1,30
87,2.968311309814453e-05,1,30
88,2.968311309814453e-05,1,30
89,2.968311309814453e-05,1,30
90,2.968311309814453e-05,1,30
91,2.968311309814453e-05,1,30
92,2.968311309814453e-05,1,30
93,2.968311309814453e-05,1,30
94,2.968311309814453e-05,1,30
95,2.968311309814453e-05,1,30
96,2.968311309814453e-05,1,30
97,2.968311309814453e-05,1,30
98,2.968311309814453e-05,1,30
99,2.968311309814453e-05,1,30
100,2.968311309814453e-05,1,30
101,2.968311309814453e-05,1,30
102,2.968311309814453e-05,1,30
103,2.968311309814453e-05,1,30
104,2.968311309814453e-05,1,30
105,2.968311309814453e-05,1,30
106,2.968311309814453e-05,1,30
107,2.968311309814453e-05,1,30
108,2.968311309814453e-05,1,30
109,2.968311309814453e-05,1,30
110,2.968311309814453e-05,1,30
111,2.968311309814453e-05,1,30
112,2.968311309814453e-05,1,30
113,2.968311309814453e-05,1,30
114,2.968311309814453e-05,1,30
115,2.968311309814453e-05,1,30
116,2.968311309814453e-05,1,30
117,2.968311309814453e-05,1,30
118,2.968311309814453e-05,1,30
119,2.968311309814453e-05,1,30
120,2.968311309814453e-05,1,30
121,2.968311309814453e-05,1,30
122,2.968311309814453e-05,1,30
123,2.968311309814453e-05,1,30
124,2.968311309814453e-05,1,30
125,2.968311309814453e-05,1,30
126,2.968311309814453e-05,1,30
127,2.968311309814453e-05,1,30
128,2.968311309814453e-05,1,30
129,2.968311309814453e-05,1,30
130,2.968311309814453e-05,1,30
131,2.968311309814453e-05,1,30
132,2.968311309814453e-05,1,30
133,2.968311309814453e-05,1,30
134,2.968311309814453e-05,1,30
135,2.968311309814453e-05,1,30
136,2.968311309814453e-05,1,30
137,2.968311309814453e-05,1,30
138,2.968311309814453e-05,1,30
139,2.968311309814453e-05,1,30
140,2.968311309814453e-05,1,30
141,2.968311309814453e-05,1,30
142,2.968311309814453e-05,1,30
143,2.968311309814453e-05,1,30
144,2.968311309814453e-05,1,30
145,2.968311309814453e-05,1,30
146,2.968311309814453e-05,1,30
147,2.968311309814453e-05,1,30
148,2.968311309814453e-05,1,30
149,2.968311309814453e-05,1,30
150,2.968311309814453e-05,1,30
151,2.968311309814453e-05,1,30
152,2.968311309814453e-05,1,30
153,2.968311309814453e-05,1,30
154,2.968311309814453e-05,1,30
155,2.968311309814453e-05,1,30
156,2.968311309814453e-05,1,30
157,2.968311309814453e-05,1,30
158,2.968311309814453e-05,1,30
159,2.968311309814453e-05,1,30
160,2.968311309814453e-05,1,30
161,2.968311309814453e-05,1,30
162,2.968311309814453e-05,1,30
163,2.968311309814453e-05,1,30
164,2.968311309814453e-05,1,30
165,2.968311309814453e-05,1,30
166,2.968311309814453e-05,1,30
167,2.968311309814453e-05,1,30
168,2.968311309814453e-05,1,30
169,2.968311309814453e-05,1,30
170,2.968311309814453e-05,1,30
171,2.968311309814453e-05,1,30
172,2.968311309814453e-05,1,30
173,2.968311309814453e-05,1,30
174,2.968311309814453e-05,1,30
175,2.968311309814453e-05,1,30
176,2.968311309814453e-05,1,30
177,2.968311309814453e-05,1,30
178,2.968311309814453e-05,1,30
179,2.968311309814453e-05,1,30
180,2.968311309814453e-05,1,30
181,2.968311309814453e-05,1,30
182,2.968311309814453e-05,1,30
183,2.968311309814453e-05,1,30
184,2.968311309814453e-05,1,30
185,2.968311309814453e-05,1,30
186,2.968311309814453e-05,1,30
187,2.968311309814453e-05,1,30
188,2.968311309814453e-05,1,30
189,2.968311309814453e-05,1,30
190,2.968311309814453e-05,1,30
191,2.968311309814453e-05,1,30
192,2.968311309814453e-05,1,30
193,2.968311309814453e-05,1,30
194,2.968311309814453e-05,1,30
195,2.968311309814453e-05,1,30
196,2.968311309814453e-05,1,30
197,2.968311309814453e-05,1,30
198,2.968311309814453e-05,1,30
199,2.968311309814453e-05,1,30
200,2.968311309814453e-05,1,30
1,6.794929504394531e-06,1,31
2,6.794929504394531e-06,1,31
3,6.794929504394531e-06,1,31
4,6.794929504394531e-06,1,31
5,6.794929504394531e-06,1,31
6,6.794929504394531e-06,1,31
7,6.794929504394531e-06,1,31
8,6.794929504394531e-06,1,31
9,6.794929504394531e-06,1,31
10,6.794929504394531e-06,1,31
11,6.794929504394531e-06,1,31
12,6.794929504394531e-06,1,31
13,6.794929504394531e-06,1,31
14,6.794929504394531e-06,1,31
15,6.794929504394531e-06,1,31
16,6.794929504394531e-06,1,31
17,6.794929504394531e-06,1,31
18,6.794929504394531e-06,1,31
19,6.794929504394531e-06,1,31
20,6.794929504394531e-06,1,31
21,6.794929504394531e-06,1,31
22,6.794929504394531e-06,1,31
23,6.794929504394531e-06,1,31
24,6.794929504394531e-06,1,31
25,6.794929504394531e-06,1,31
26,6.794929504394531e-06,1,31
27,6.794929504394531e-06,1,31
28,6.794929504394531e-06,1,31
29,6.794929504394531e-06,1,31
30,6.794929504394531e-06,1,31
31,6.794929504394531e-06,1,31
32,6.794929504394531e-06,1,31
33,6.794929504394531e-06,1,31
34,6.794929504394531e-06,1,31
35,6.794929504394531e-06,1,31
36,6.794929504394531e-06,1,31
37,6.794929504394531e-06,1,31
38,6.794929504394531e-06,1,31
39,6.794929504394531e-06,1,31
40,6.794929504394531e-06,1,31
41,6.794929504394531e-06,1,31
42,6.794929504394531e-06,1,31
43,6.794929504394531e-06,1,31
44,6.794929504394531e-06,1,31
45,6.794929504394531e-06,1,31
46,6.794929504394531e-06,1,31
47,6.794929504394531e-06,1,31
48,6.794929504394531e-06,1,31
49,6.794929504394531e-06,1,31
50,6.794929504394531e-06,1,31
51,6.794929504394531e-06,1,31
52,6.794929504394531e-06,1,31
53,6.794929504394531e-06,1,31
54,6.794929504394531e-06,1,31
55,6.794929504394531e-06,1,31
56,6.794929504394531e-06,1,31
57,6.794929504394531e-06,1,31
58,6.794929504394531e-06,1,31
59,6.794929504394531e-06,1,31
60,6.794929504394531e-06,1,31
61,6.794929504394531e-06,1,31
62,6.794929504394531e-06,1,31
63,6.794929504394531e-06,1,31
64,6.794929504394531e-06,1,31
65,6.794929504394531e-06,1,31
66,6.794929504394531e-06,1,31
67,6.794929504394531e-06,1,31
68,6.794929504394531e-06,1,31
69,6.794929504394531e-06,1,31
70,6.794929504394531e-06,1,31
71,6.794929504394531e-06,1,31
72,6.794929504394531e-06,1,31
73,6.794929504394531e-06,1,31
74,6.794929504394531e-06,1,31
75,6.794929504394531e-06,1,31
76,6.794929504394531e-06,1,31
77,6.794929504394531e-06,1,31
78,6.794929504394531e-06,1,31
79,6.794929504394531e-06,1,31
80,6.794929504394531e-06,1,31
81,6.794929504394531e-06,1,31
82,6.794929504394531e-06,1,31
83,6.794929504394531e-06,1,31
84,6.794929504394531e-06,1,31
85,6.794929504394531e-06,1,31
86,6.794929504394531e-06,1,31
87,6.794929504394531e-06,1,31
88,6.794929504394531e-06,1,31
89,6.794929504394531e-06,1,31
90,6.794929504394531e-06,1,31
91,6.794929504394531e-06,1,31
92,6.794929504394531e-06,1,31
93,6.794929504394531e-06,1,31
94,6.794929504394531e-06,1,31
95,6.794929504394531e-06,1,31
96,6.794929504394531e-06,1,31
97,6.794929504394531e-06,1,31
98,6.794929504394531e-06,1,31
99,6.794929504394531e-06,1,31
100,6.794929504394531e-06,1,31
101,6.794929504394531e-06,1,31
102,6.794929504394531e-06,1,31
103,6.794929504394531e-06,1,31
104,6.794929504394531e-06,1,31
105,6.794929504394531e-06,1,31
106,6.794929504394531e-06,1,31
107,6.794929504394531e-06,1,31
108,6.794929504394531e-06,1,31
109,6.794929504394531e-06,1,31
110,6.794929504394531e-06,1,31
111,6.794929504394531e-06,1,31
112,6.794929504394531e-06,1,31
113,6.794929504394531e-06,1,31
114,6.794929504394531e-06,1,31
115,6.794929504394531e-06,1,31
116,6.794929504394531e-06,1,31
117,6.794929504394531e-06,1,31
118,6.794929504394531e-06,1,31
119,6.794929504394531e-06,1,31
120,6.794929504394531e-06,1,31
121,6.794929504394531e-06,1,31
122,6.794929504394531e-06,1,31
123,6.794929504394531e-06,1,31
124,6.794929504394531e-06,1,31
125,6.794929504394531e-06,1,31
126,6.794929504394531e-06,1,31
127,6.794929504394531e-06,1,31
128,6.794929504394531e-06,1,31
129,6.794929504394531e-06,1,31
130,6.794929504394531e-06,1,31
131,6.794929504394531e-06,1,31
132,6.794929504394531e-06,1,31
133,6.794929504394531e-06,1,31
134,6.794929504394531e-06,1,31
135,6.794929504394531e-06,1,31
136,6.794929504394531e-06,1,31
137,6.794929504394531e-06,1,31
138,6.794929504394531e-06,1,31
139,6.794929504394531e-06,1,31
140,6.794929504394531e-06,1,31
141,6.794929504394531e-06,1,31
142,6.794929504394531e-06,1,31
143,6.794929504394531e-06,1,31
144,6.794929504394531e-06,1,31
145,6.794929504394531e-06,1,31
146,6.794929504394531e-06,1,31
147,6.794929504394531e-06,1,31
148,6.794929504394531e-06,1,31
149,6.794929504394531e-06,1,31
150,6.794929504394531e-06,1,31
151,6.794929504394531e-06,1,31
152,6.794929504394531e-06,1,31
153,6.794929504394531e-06,1,31
154,6.794929504394531e-06,1,31
155,6.794929504394531e-06,1,31
156,6.794929504394531e-06,1,31
157,6.794929504394531e-06,1,31
158,6.794929504394531e-06,1,31
159,6.794929504394531e-06,1,31
160,6.794929504394531e-06,1,31
161,6.794929504394531e-06,1,31
162,6.794929504394531e-06,1,31
163,6.794929504394531e-06,1,31
164,6.794929504394531e-06,1,31
165,6.794929504394531e-06,1,31
166,6.794929504394531e-06,1,31
167,6.794929504394531e-06,1,31
168,6.794929504394531e-06,1,31
169,6.794929504394531e-06,1,31
170,6.794929504394531e-06,1,31
171,6.794929504394531e-06,1,31
172,6.794929504394531e-06,1,31
173,6.794929504394531e-06,1,31
174,6.794929504394531e-06,1,31
175,6.794929504394531e-06,1,31
176,6.794929504394531e-06,1,31
177,6.794929504394531e-06,1,31
178,6.794929504394531e-06,1,31
179,6.794929504394531e-06,1,31
180,6.794929504394531e-06,1,31
181,6.794929504394531e-06,1,31
182,6.794929504394531e-06,1,31
183,6.794929504394531e-06,1,31
184,6.794929504394531e-06,1,31
185,6.794929504394531e-06,1,31
186,6.794929504394531e-06,1,31
187,6.794929504394531e-06,1,31
188,6.794929504394531e-06,1,31
189,6.794929504394531e-06,1,31
190,6.794929504394531e-06,1,31
191,6.794929504394531e-06,1,31
192,6.794929504394531e-06,1,31
193,6.794929504394531e-06,1,31
194,6.794929504394531e-06,1,31
195,6.794929504394531e-06,1,31
196,6.794929504394531e-06,1,31
197,6.794929504394531e-06,1,31
198,6.794929504394531e-06,1,31
199,6.794929504394531e-06,1,31
200,6.794929504394531e-06,1,31
1,5.0067901611328125e-06,1,32
2,5.0067901611328125e-06,1,32
3,5.0067901611328125e-06,1,32
4,5.0067901611328125e-06,1,32
5,5.0067901611328125e-06,1,32
6,5.0067901611328125e-06,1,32
7,5.0067901611328125e-06,1,32
8,5.0067901611328125e-06,1,32
9,5.0067901611328125e-06,1,32
10,5.0067901611328125e-06,1,32
11,5.0067901611328125e-06,1,32
12,5.0067901611328125e-06,1,32
13,5.0067901611328125e-06,1,32
14,5.0067901611328125e-06,1,32
15,5.0067901611328125e-06,1,32
16,5.0067901611328125e-06,1,32
17,5.0067901611328125e-06,1,32
18,5.0067901611328125e-06,1,32
19,5.0067901611328125e-06,1,32
20,5.0067901611328125e-06,1,32
21,5.0067901611328125e-06,1,32
22,5.0067901611328125e-06,1,32
23,5.0067901611328125e-06,1,32
24,5.0067901611328125e-06,1,32
25,5.0067901611328125e-06,1,32
26,5.0067901611328125e-06,1,32
27,5.0067901611328125e-06,1,32
28,5.0067901611328125e-06,1,32
29,5.0067901611328125e-06,1,32
30,5.0067901611328125e-06,1,32
31,5.0067901611328125e-06,1,32
32,5.0067901611328125e-06,1,32
33,5.0067901611328125e-06,1,32
34,5.0067901611328125e-06,1,32
35,5.0067901611328125e-06,1,32
36,5.0067901611328125e-06,1,32
37,5.0067901611328125e-06,1,32
38,5.0067901611328125e-06,1,32
39,5.0067901611328125e-06,1,32
40,5.0067901611328125e-06,1,32
41,5.0067901611328125e-06,1,32
42,5.0067901611328125e-06,1,32
43,5.0067901611328125e-06,1,32
44,5.0067901611328125e-06,1,32
45,5.0067901611328125e-06,1,32
46,5.0067901611328125e-06,1,32
47,5.0067901611328125e-06,1,32
48,5.0067901611328125e-06,1,32
49,5.0067901611328125e-06,1,32
50,5.0067901611328125e-06,1,32
51,5.0067901611328125e-06,1,32
52,5.0067901611328125e-06,1,32
53,5.0067901611328125e-06,1,32
54,5.0067901611328125e-06,1,32
55,5.0067901611328125e-06,1,32
56,5.0067901611328125e-06,1,32
57,5.0067901611328125e-06,1,32
58,5.0067901611328125e-06,1,32
59,5.0067901611328125e-06,1,32
60,5.0067901611328125e-06,1,32
61,5.0067901611328125e-06,1,32
62,5.0067901611328125e-06,1,32
63,5.0067901611328125e-06,1,32
64,5.0067901611328125e-06,1,32
65,5.0067901611328125e-06,1,32
66,5.0067901611328125e-06,1,32
67,5.0067901611328125e-06,1,32
68,5.0067901611328125e-06,1,32
69,5.0067901611328125e-06,1,32
70,5.0067901611328125e-06,1,32
71,5.0067901611328125e-06,1,32
72,5.0067901611328125e-06,1,32
73,5.0067901611328125e-06,1,32
74,5.0067901611328125e-06,1,32
75,5.0067901611328125e-06,1,32
76,5.0067901611328125e-06,1,32
77,5.0067901611328125e-06,1,32
78,5.0067901611328125e-06,1,32
79,5.0067901611328125e-06,1,32
80,5.0067901611328125e-06,1,32
81,5.0067901611328125e-06,1,32
82,5.0067901611328125e-06,1,32
83,5.0067901611328125e-06,1,32
84,5.0067901611328125e-06,1,32
85,5.0067901611328125e-06,1,32
86,5.0067901611328125e-06,1,32
87,5.0067901611328125e-06,1,32
88,5.0067901611328125e-06,1,32
89,5.0067901611328125e-06,1,32
90,5.0067901611328125e-06,1,32
91,5.0067901611328125e-06,1,32
92,5.0067901611328125e-06,1,32
93,5.0067901611328125e-06,1,32
94,5.0067901611328125e-06,1,32
95,5.0067901611328125e-06,1,32
96,5.0067901611328125e-06,1,32
97,5.0067901611328125e-06,1,32
98,5.0067901611328125e-06,1,32
99,5.0067901611328125e-06,1,32
100,5.0067901611328125e-06,1,32
101,5.0067901611328125e-06,1,32
102,5.0067901611328125e-06,1,32
103,5.0067901611328125e-06,1,32
104,5.0067901611328125e-06,1,32
105,5.0067901611328125e-06,1,32
106,5.0067901611328125e-06,1,32
107,5.0067901611328125e-06,1,32
108,5.0067901611328125e-06,1,32
109,5.0067901611328125e-06,1,32
110,5.0067901611328125e-06,1,32
111,5.0067901611328125e-06,1,32
112,5.0067901611328125e-06,1,32
113,5.0067901611328125e-06,1,32
114,5.0067901611328125e-06,1,32
115,5.0067901611328125e-06,1,32
116,5.0067901611328125e-06,1,32
117,5.0067901611328125e-06,1,32
118,5.0067901611328125e-06,1,32
119,5.0067901611328125e-06,1,32
120,5.0067901611328125e-06,1,32
121,5.0067901611328125e-06,1,32
122,5.0067901611328125e-06,1,32
123,5.0067901611328125e-06,1,32
124,5.0067901611328125e-06,1,32
125,5.0067901611328125e-06,1,32
126,5.0067901611328125e-06,1,32
127,5.0067901611328125e-06,1,32
128,5.0067901611328125e-06,1,32
129,5.0067901611328125e-06,1,32
130,5.0067901611328125e-06,1,32
131,5.0067901611328125e-06,1,32
132,5.0067901611328125e-06,1,32
133,5.0067901611328125e-06,1,32
134,5.0067901611328125e-06,1,32
135,5.0067901611328125e-06,1,32
136,5.0067901611328125e-06,1,32
137,5.0067901611328125e-06,1,32
138,5.0067901611328125e-06,1,32
139,5.0067901611328125e-06,1,32
140,5.0067901611328125e-06,1,32
141,5.0067901611328125e-06,1,32
142,5.0067901611328125e-06,1,32
143,5.0067901611328125e-06,1,32
144,5.0067901611328125e-06,1,32
145,5.0067901611328125e-06,1,32
146,5.0067901611328125e-06,1,32
147,5.0067901611328125e-06,1,32
148,5.0067901611328125e-06,1,32
149,5.0067901611328125e-06,1,32
150,5.0067901611328125e-06,1,32
151,5.0067901611328125e-06,1,32
152,5.0067901611328125e-06,1,32
153,5.0067901611328125e-06,1,32
154,5.0067901611328125e-06,1,32
155,5.0067901611328125e-06,1,32
156,5.0067901611328125e-06,1,32
157,5.0067901611328125e-06,1,32
158,5.0067901611328125e-06,1,32
159,5.0067901611328125e-06,1,32
160,5.0067901611328125e-06,1,32
161,5.0067901611328125e-06,1,32
162,5.0067901611328125e-06,1,32
163,5.0067901611328125e-06,1,32
164,5.0067901611328125e-06,1,32
165,5.0067901611328125e-06,1,32
166,5.0067901611328125e-06,1,32
167,5.0067901611328125e-06,1,32
168,5.0067901611328125e-06,1,32
169,5.0067901611328125e-06,1,32
170,5.0067901611328125e-06,1,32
171,5.0067901611328125e-06,1,32
172,5.0067901611328125e-06,1,32
173,5.0067901611328125e-06,1,32
174,5.0067901611328125e-06,1,32
175,5.0067901611328125e-06,1,32
176,5.0067901611328125e-06,1,32
177,5.0067901611328125e-06,1,32
178,5.0067901611328125e-06,1,32
179,5.0067901611328125e-06,1,32
180,5.0067901611328125e-06,1,32
181,5.0067901611328125e-06,1,32
182,5.0067901611328125e-06,1,32
183,5.0067901611328125e-06,1,32
184,5.0067901611328125e-06,1,32
185,5.0067901611328125e-06,1,32
186,5.0067901611328125e-06,1,32
187,5.0067901611328125e-06,1,32
188,5.0067901611328125e-06,1,32
189,5.0067901611328125e-06,1,32
190,5.0067901611328125e-06,1,32
191,5.0067901611328125e-06,1,32
192,5.0067901611328125e-06,1,32
193,5.0067901611328125e-06,1,32
194,5.0067901611328125e-06,1,32
195,5.0067901611328125e-06,1,32
196,5.0067901611328125e-06,1,32
197,5.0067901611328125e-06,1,32
198,5.0067901611328125e-06,1,32
199,5.0067901611328125e-06,1,32
200,5.0067901611328125e-06,1,32
1,1.52587890625e-05,1,33
2,1.52587890625e-05,1,33
3,1.52587890625e-05,1,33
4,1.52587890625e-05,1,33
5,1.52587890625e-05,1,33
6,1.52587890625e-05,1,33
7,1.52587890625e-05,1,33
8,1.52587890625e-05,1,33
9,1.52587890625e-05,1,33
10,1.52587890625e-05,1,33
11,1.52587890625e-05,1,33
12,1.52587890625e-05,1,33
13,1.52587890625e-05,1,33
14,1.52587890625e-05,1,33
15,1.52587890625e-05,1,33
16,1.52587890625e-05,1,33
17,1.52587890625e-05,1,33
18,1.52587890625e-05,1,33
19,1.52587890625e-05,1,33
20,1.52587890625e-05,1,33
21,1.52587890625e-05,1,33
22,1.52587890625e-05,1,33
23,1.52587890625e-05,1,33
24,1.52587890625e-05,1,33
25,1.52587890625e-05,1,33
26,1.52587890625e-05,1,33
27,1.52587890625e-05,1,33
28,1.52587890625e-05,1,33
29,1.52587890625e-05,1,33
30,1.52587890625e-05,1,33
31,1.52587890625e-05,1,33
32,1.52587890625e-05,1,33
33,1.52587890625e-05,1,33
34,1.52587890625e-05,1,33
35,1.52587890625e-05,1,33
36,1.52587890625e-05,1,33
37,1.52587890625e-05,1,33
38,1.52587890625e-05,1,33
39,1.52587890625e-05,1,33
40,1.52587890625e-05,1,33
41,1.52587890625e-05,1,33
42,1.52587890625e-05,1,33
43,1.52587890625e-05,1,33
44,1.52587890625e-05,1,33
45,1.52587890625e-05,1,33
46,1.52587890625e-05,1,33
47,1.52587890625e-05,1,33
48,1.52587890625e-05,1,33
49,1.52587890625e-05,1,33
50,1.52587890625e-05,1,33
51,1.52587890625e-05,1,33
52,1.52587890625e-05,1,33
53,1.52587890625e-05,1,33
54,1.52587890625e-05,1,33
55,1.52587890625e-05,1,33
56,1.52587890625e-05,1,33
57,1.52587890625e-05,1,33
58,1.52587890625e-05,1,33
59,1.52587890625e-05,1,33
60,1.52587890625e-05,1,33
61,1.52587890625e-05,1,33
62,1.52587890625e-05,1,33
63,1.52587890625e-05,1,33
64,1.52587890625e-05,1,33
65,1.52587890625e-05,1,33
66,1.52587890625e-05,1,33
67,1.52587890625e-05,1,33
68,1.52587890625e-05,1,33
69,1.52587890625e-05,1,33
70,1.52587890625e-05,1,33
71,1.52587890625e-05,1,33
72,1.52587890625e-05,1,33
73,1.52587890625e-05,1,33
74,1.52587890625e-05,1,33
75,1.52587890625e-05,1,33
76,1.52587890625e-05,1,33
77,1.52587890625e-05,1,33
78,1.52587890625e-05,1,33
79,1.52587890625e-05,1,33
80,1.52587890625e-05,1,33
81,1.52587890625e-05,1,33
82,1.52587890625e-05,1,33
83,1.52587890625e-05,1,33
84,1.52587890625e-05,1,33
85,1.52587890625e-05,1,33
86,1.52587890625e-05,1,33
87,1.52587890625e-05,1,33
88,1.52587890625e-05,1,33
89,1.52587890625e-05,1,33
90,1.52587890625e-05,1,33
91,1.52587890625e-05,1,33
92,1.52587890625e-05,1,33
93,1.52587890625e-05,1,33
94,1.52587890625e-05,1,33
95,1.52587890625e-05,1,33
96,1.52587890625e-05,1,33
97,1.52587890625e-05,1,33
98,1.52587890625e-05,1,33
99,1.52587890625e-05,1,33
100,1.52587890625e-05,1,33
101,1.52587890625e-05,1,33
102,1.52587890625e-05,1,33
103,1.52587890625e-05,1,33
104,1.52587890625e-05,1,33
105,1.52587890625e-05,1,33
106,1.52587890625e-05,1,33
107,1.52587890625e-05,1,33
108,1.52587890625e-05,1,33
109,1.52587890625e-05,1,33
110,1.52587890625e-05,1,33
111,1.52587890625e-05,1,33
112,1.52587890625e-05,1,33
113,1.52587890625e-05,1,33
114,1.52587890625e-05,1,33
115,1.52587890625e-05,1,33
116,1.52587890625e-05,1,33
117,1.52587890625e-05,1,33
118,1.52587890625e-05,1,33
119,1.52587890625e-05,1,33
120,1.52587890625e-05,1,33
121,1.52587890625e-05,1,33
122,1.52587890625e-05,1,33
123,1.52587890625e-05,1,33
124,1.52587890625e-05,1,33
125,1.52587890625e-05,1,33
126,1.52587890625e-05,1,33
127,1.52587890625e-05,1,33
128,1.52587890625e-05,1,33
129,1.52587890625e-05,1,33
130,1.52587890625e-05,1,33
131,1.52587890625e-05,1,33
132,1.52587890625e-05,1,33
133,1.52587890625e-05,1,33
134,1.52587890625e-05,1,33
135,1.52587890625e-05,1,33
136,1.52587890625e-05,1,33
137,1.52587890625e-05,1,33
138,1.52587890625e-05,1,33
139,1.52587890625e-05,1,33
140,1.52587890625e-05,1,33
141,1.52587890625e-05,1,33
142,1.52587890625e-05,1,33
143,1.52587890625e-05,1,33
144,1.52587890625e-05,1,33
145,1.52587890625e-05,1,33
146,1.52587890625e-05,1,33
147,1.52587890625e-05,1,33
148,1.52587890625e-05,1,33
149,1.52587890625e-05,1,33
150,1.52587890625e-05,1,33
151,1.52587890625e-05,1,33
152,1.52587890625e-05,1,33
153,1.52587890625e-05,1,33
154,1.52587890625e-05,1,33
155,1.52587890625e-05,1,33
156,1.52587890625e-05,1,33
157,1.52587890625e-05,1,33
158,1.52587890625e-05,1,33
159,1.52587890625e-05,1,33
160,1.52587890625e-05,1,33
161,1.52587890625e-05,1,33
162,1.52587890625e-05,1,33
163,1.52587890625e-05,1,33
164,1.52587890625e-05,1,33
165,1.52587890625e-05,1,33
166,1.52587890625e-05,1,33
167,1.52587890625e-05,1,33
168,1.52587890625e-05,1,33
169,1.52587890625e-05,1,33
170,1.52587890625e-05,1,33
171,1.52587890625e-05,1,33
172,1.52587890625e-05,1,33
173,1.52587890625e-05,1,33
174,1.52587890625e-05,1,33
175,1.52587890625e-05,1,33
176,1.52587890625e-05,1,33
177,1.52587890625e-05,1,33
178,1.52587890625e-05,1,33
179,1.52587890625e-05,1,33
180,1.52587890625e-05,1,33
181,1.52587890625e-05,1,33
182,1.52587890625e-05,1,33
183,1.52587890625e-05,1,33
184,1.52587890625e-05,1,33
185,1.52587890625e-05,1,33
186,1.52587890625e-05,1,33
187,1.52587890625e-05,1,33
188,1.52587890625e-05,1,33
189,1.52587890625e-05,1,33
190,1.52587890625e-05,1,33
191,1.52587890625e-05,1,33
192,1.52587890625e-05,1,33
193,1.52587890625e-05,1,33
194,1.52587890625e-05,1,33
195,1.52587890625e-05,1,33
196,1.52587890625e-05,1,33
197,1.52587890625e-05,1,33
198,1.52587890625e-05,1,33
199,1.52587890625e-05,1,33
200,1.52587890625e-05,1,33
1,0.015063464641571045,1,34
2,0.015043318271636963,1,34
3,0.015043318271636963,1,34
4,0.015043318271636963,1,34
5,0.015043318271636963,1,34
6,0.01506197452545166,1,34
7,0.015063107013702393,1,34
8,0.015063107013702393,1,34
9,0.015063107013702393,1,34
10,0.015063107013702393,1,34
11,0.015063226222991943,1,34
12,0.015063226222991943,1,34
13,0.015063226222991943,1,34
14,0.015063226222991943,1,34
15,0.015063226222991943,1,34
16,0.015063226222991943,1,34
17,0.015063226222991943,1,34
18,0.015063226222991943,1,34
19,0.015063226222991943,1,34
20,0.015063226222991943,1,34
21,0.015063226222991943,1,34
22,0.015063226222991943,1,34
23,0.015063226222991943,1,34
24,0.015063226222991943,1,34
25,0.015063226222991943,1,34
26,0.015063226222991943,1,34
27,0.015063226222991943,1,34
28,0.015063226222991943,1,34
29,0.015063226222991943,1,34
30,0.015063226222991943,1,34
31,0.015063226222991943,1,34
32,0.015063226222991943,1,34
33,0.015063226222991943,1,34
34,0.015063226222991943,1,34
35,0.015063226222991943,1,34
36,0.015063226222991943,1,34
37,0.015063226222991943,1,34
38,0.015063226222991943,1,34
39,0.015063226222991943,1,34
40,0.015063226222991943,1,34
41,0.015063226222991943,1,34
42,0.015063226222991943,1,34
43,0.015063226222991943,1,34
44,0.015063226222991943,1,34
45,0.015063226222991943,1,34
46,0.015063226222991943,1,34
47,0.015063226222991943,1,34
48,0.015063226222991943,1,34
49,0.015063226222991943,1,34
50,0.015063226222991943,1,34
51,0.015063226222991943,1,34
52,0.015063226222991943,1,34
53,0.015063226222991943,1,34
54,0.015063226222991943,1,34
55,0.015063226222991943,1,34
56,0.015063226222991943,1,34
57,0.015063226222991943,1,34
58,0.015063226222991943,1,34
59,0.015063226222991943,1,34
60,0.015063226222991943,1,34
61,0.015063226222991943,1,34
62,0.015063226222991943,1,34
63,0.015063226222991943,1,34
64,0.015063226222991943,1,34
65,0.015063226222991943,1,34
66,0.015063226222991943,1,34
67,0.015063226222991943,1,34
68,0.015063226222991943,1,34
69,0.015063226222991943,1,34
70,0.015063226222991943,1,34
71,0.015063226222991943,1,34
72,0.015063226222991943,1,34
73,0.015063226222991943,1,34
74,0.015063226222991943,1,34
75,0.015063226222991943,1,34
76,0.015063226222991943,1,34
77,0.015063226222991943,1,34
78,0.015063226222991943,1,34
79,0.015063226222991943,1,34
80,0.015063226222991943,1,34
81,0.015063226222991943,1,34
82,0.015063226222991943,1,34
83,0.015063226222991943,1,34
84,0.015063226222991943,1,34
85,0.015063226222991943,1,34
86,0.015063226222991943,1,34
87,0.015063226222991943,1,34
88,0.015063226222991943,1,34
89,0.015063226222991943,1,34
90,0.015063226222991943,1,34
91,0.015063226222991943,1,34
92,0.015063226222991943,1,34
93,0.015063226222991943,1,34
94,0.015063226222991943,1,34
95,0.015063226222991943,1,34
96,0.015063226222991943,1,34
97,0.015063226222991943,1,34
98,0.015063226222991943,1,34
99,0.015063226222991943,1,34
100,0.015063226222991943,1,34
101,0.015063226222991943,1,34
102,0.015063226222991943,1,34
103,0.015063226222991943,1,34
104,0.015063226222991943,1,34
105,0.015063226222991943,1,34
106,0.015063226222991943,1,34
107,0.015063226222991943,1,34
108,0.015063226222991943,1,34
109,0.015063226222991943,1,34
110,0.015063226222991943,1,34
111,0.015063226222991943,1,34
112,0.015063226222991943,1,34
113,0.015063226222991943,1,34
114,0.015063226222991943,1,34
115,0.015063226222991943,1,34
116,0.015063226222991943,1,34
117,0.015063226222991943,1,34
118,0.015063226222991943,1,34
119,0.015063226222991943,1,34
120,0.015063226222991943,1,34
121,0.015063226222991943,1,34
122,0.015063226222991943,1,34
123,0.015063226222991943,1,34
124,0.015063226222991943,1,34
125,0.015063226222991943,1,34
126,0.015063226222991943,1,34
127,0.015063226222991943,1,34
128,0.015063226222991943,1,34
129,0.015063226222991943,1,34
130,0.015063226222991943,1,34
131,0.015063226222991943,1,34
132,0.015063226222991943,1,34
133,0.015063226222991943,1,34
134,0.015063226222991943,1,34
135,0.015063226222991943,1,34
136,0.015063226222991943,1,34
137,0.015063226222991943,1,34
138,0.015063226222991943,1,34
139,0.015063226222991943,1,34
140,0.015063226222991943,1,34
141,0.015063226222991943,1,34
142,0.015063226222991943,1,34
143,0.015063226222991943,1,34
144,0.015063226222991943,1,34
145,0.015063226222991943,1,34
146,0.015063226222991943,1,34
147,0.015063226222991943,1,34
148,0.015063226222991943,1,34
149,0.015063226222991943,1,34
150,0.015063226222991943,1,34
151,0.015063226222991943,1,34
152,0.015063226222991943,1,34
153,0.015063226222991943,1,34
154,0.015063226222991943,1,34
155,0.015063226222991943,1,34
156,0.015063226222991943,1,34
157,0.015063226222991943,1,34
158,0.015063226222991943,1,34
159,0.015063226222991943,1,34
160,0.015063226222991943,1,34
161,0.015063226222991943,1,34
162,0.015063226222991943,1,34
163,0.015063226222991943,1,34
164,0.015063226222991943,1,34
165,0.015063226222991943,1,34
166,0.015063226222991943,1,34
167,0.015063226222991943,1,34
168,0.015063226222991943,1,34
169,0.015063226222991943,1,34
170,0.015063226222991943,1,34
171,0.015063226222991943,1,34
172,0.015063226222991943,1,34
173,0.015063226222991943,1,34
174,0.015063226222991943,1,34
175,0.015063226222991943,1,34
176,0.015063226222991943,1,34
177,0.015063226222991943,1,34
178,0.015063226222991943,1,34
179,0.015063226222991943,1,34
180,0.015063226222991943,1,34
181,0.015063226222991943,1,34
182,0.015063226222991943,1,34
183,0.015063226222991943,1,34
184,0.015063226222991943,1,34
185,0.015063226222991943,1,34
186,0.015063226222991943,1,34
187,0.015063226222991943,1,34
188,0.015063226222991943,1,34
189,0.015063226222991943,1,34
190,0.015063226222991943,1,34
191,0.015063226222991943,1,34
192,0.015063226222991943,1,34
193,0.015063226222991943,1,34
194,0.015063226222991943,1,34
195,0.015063226222991943,1,34
196,0.015063226222991943,1,34
197,0.015063226222991943,1,34
198,0.015063226222991943,1,34
199,0.015063226222991943,1,34
200,0.015063226222991943,1,34
1,2.1338462829589844e-05,1,35
2,2.1338462829589844e-05,1,35
3,2.1338462829589844e-05,1,35
4,2.1338462829589844e-05,1,35
5,2.1338462829589844e-05,1,35
6,2.1338462829589844e-05,1,35
7,2.1338462829589844e-05,1,35
8,2.1338462829589844e-05,1,35
9,2.1338462829589844e-05,1,35
10,2.1338462829589844e-05,1,35
11,2.1338462829589844e-05,1,35
12,2.1338462829589844e-05,1,35
13,2.1338462829589844e-05,1,35
14,2.1338462829589844e-05,1,35
15,2.1338462829589844e-05,1,35
16,2.1338462829589844e-05,1,35
17,2.1338462829589844e-05,1,35
18,2.1338462829589844e-05,1,35
19,2.1338462829589844e-05,1,35
20,2.1338462829589844e-05,1,35
21,2.1338462829589844e-05,1,35
22,2.1338462829589844e-05,1,35
23,2.1338462829589844e-05,1,35
24,2.1338462829589844e-05,1,35
25,2.1338462829589844e-05,1,35
26,2.1338462829589844e-05,1,35
27,2.1338462829589844e-05,1,35
28,2.1338462829589844e-05,1,35
29,2.1338462829589844e-05,1,35
30,2.1338462829589844e-05,1,35
31,2.1338462829589844e-05,1,35
32,2.1338462829589844e-05,1,35
33,2.1338462829589844e-05,1,35
34,2.1338462829589844e-05,1,35
35,2.1338462829589844e-05,1,35
36,2.1338462829589844e-05,1,35
37,2.1338462829589844e-05,1,35
38,2.1338462829589844e-05,1,35
39,2.1338462829589844e-05,1,35
40,2.1338462829589844e-05,1,35
41,2.1338462829589844e-05,1,35
42,2.1338462829589844e-05,1,35
43,2.1338462829589844e-05,1,35
44,2.1338462829589844e-05,1,35
45,2.1338462829589844e-05,1,35
46,2.1338462829589844e-05,1,35
47,2.1338462829589844e-05,1,35
48,2.1338462829589844e-05,1,35
49,2.1338462829589844e-05,1,35
50,2.1338462829589844e-05,1,35
51,2.1338462829589844e-05,1,35
52,2.1338462829589844e-05,1,35
53,2.1338462829589844e-05,1,35
54,2.1338462829589844e-05,1,35
55,2.1338462829589844e-05,1,35
56,2.1338462829589844e-05,1,35
57,2.1338462829589844e-05,1,35
58,2.1338462829589844e-05,1,35
59,2.1338462829589844e-05,1,35
60,2.1338462829589844e-05,1,35
61,2.1338462829589844e-05,1,35
62,2.1338462829589844e-05,1,35
63,2.1338462829589844e-05,1,35
64,2.1338462829589844e-05,1,35
65,2.1338462829589844e-05,1,35
66,2.1338462829589844e-05,1,35
67,2.1338462829589844e-05,1,35
68,2.1338462829589844e-05,1,35
69,2.1338462829589844e-05,1,35
70,2.1338462829589844e-05,1,35
71,2.1338462829589844e-05,1,35
72,2.1338462829589844e-05,1,35
73,2.1338462829589844e-05,1,35
74,2.1338462829589844e-05,1,35
75,2.1338462829589844e-05,1,35
76,2.1338462829589844e-05,1,35
77,2.1338462829589844e-05,1,35
78,2.1338462829589844e-05,1,35
79,2.1338462829589844e-05,1,35
80,2.1338462829589844e-05,1,35
81,2.1338462829589844e-05,1,35
82,2.1338462829589844e-05,1,35
83,2.1338462829589844e-05,1,35
84,2.1338462829589844e-05,1,35
85,2.1338462829589844e-05,1,35
86,2.1338462829589844e-05,1,35
87,2.1338462829589844e-05,1,35
88,2.1338462829589844e-05,1,35
89,2.1338462829589844e-05,1,35
90,2.1338462829589844e-05,1,35
91,2.1338462829589844e-05,1,35
92,2.1338462829589844e-05,1,35
93,2.1338462829589844e-05,1,35
94,2.1338462829589844e-05,1,35
95,2.1338462829589844e-05,1,35
96,2.1338462829589844e-05,1,35
97,2.1338462829589844e-05,1,35
98,2.1338462829589844e-05,1,35
99,2.1338462829589844e-05,1,35
100,2.1338462829589844e-05,1,35
101,2.1338462829589844e-05,1,35
102,2.1338462829589844e-05,1,35
103,2.1338462829589844e-05,1,35
104,2.1338462829589844e-05,1,35
105,2.1338462829589844e-05,1,35
106,2.1338462829589844e-05,1,35
107,2.1338462829589844e-05,1,35
108,2.1338462829589844e-05,1,35
109,2.1338462829589844e-05,1,35
110,2.1338462829589844e-05,1,35
111,2.1338462829589844e-05,1,35
112,2.1338462829589844e-05,1,35
113,2.1338462829589844e-05,1,35
114,2.1338462829589844e-05,1,35
115,2.1338462829589844e-05,1,35
116,2.1338462829589844e-05,1,35
117,2.1338462829589844e-05,1,35
118,2.1338462829589844e-05,1,35
119,2.1338462829589844e-05,1,35
120,2.1338462829589844e-05,1,35
121,2.1338462829589844e-05,1,35
122,2.1338462829589844e-05,1,35
123,2.1338462829589844e-05,1,35
124,2.1338462829589844e-05,1,35
125,2.1338462829589844e-05,1,35
126,2.1338462829589844e-05,1,35
127,2.1338462829589844e-05,1,35
128,2.1338462829589844e-05,1,35
129,2.1338462829589844e-05,1,35
130,2.1338462829589844e-05,1,35
131,2.1338462829589844e-05,1,35
132,2.1338462829589844e-05,1,35
133,2.1338462829589844e-05,1,35
134,2.1338462829589844e-05,1,35
135,2.1338462829589844e-05,1,35
136,2.1338462829589844e-05,1,35
137,2.1338462829589844e-05,1,35
138,2.1338462829589844e-05,1,35
139,2.1338462829589844e-05,1,35
140,2.1338462829589844e-05,1,35
141,2.1338462829589844e-05,1,35
142,2.1338462829589844e-05,1,35
143,2.1338462829589844e-05,1,35
144,2.1338462829589844e-05,1,35
145,2.1338462829589844e-05,1,35
146,2.1338462829589844e-05,1,35
147,2.1338462829589844e-05,1,35
148,2.1338462829589844e-05,1,35
149,2.1338462829589844e-05,1,35
150,2.1338462829589844e-05,1,35
151,2.1338462829589844e-05,1,35
152,2.1338462829589844e-05,1,35
153,2.1338462829589844e-05,1,35
154,2.1338462829589844e-05,1,35
155,2.1338462829589844e-05,1,35
156,2.1338462829589844e-05,1,35
157,2.1338462829589844e-05,1,35
158,2.1338462829589844e-05,1,35
159,2.1338462829589844e-05,1,35
160,2.1338462829589844e-05,1,35
161,2.1338462829589844e-05,1,35
162,2.1338462829589844e-05,1,35
163,2.1338462829589844e-05,1,35
164,2.1338462829589844e-05,1,35
165,2.1338462829589844e-05,1,35
166,2.1338462829589844e-05,1,35
167,2.1338462829589844e-05,1,35
168,2.1338462829589844e-05,1,35
169,2.1338462829589844e-05,1,35
170,2.1338462829589844e-05,1,35
171,2.1338462829589844e-05,1,35
172,2.1338462829589844e-05,1,35
173,2.1338462829589844e-05,1,35
174,2.1338462829589844e-05,1,35
175,2.1338462829589844e-05,1,35
176,2.1338462829589844e-05,1,35
177,2.1338462829589844e-05,1,35
178,2.1338462829589844e-05,1,35
179,2.1338462829589844e-05,1,35
180,2.1338462829589844e-05,1,35
181,2.1338462829589844e-05,1,35
182,2.1338462829589844e-05,1,35
183,2.1338462829589844e-05,1,35
184,2.1338462829589844e-05,1,35
185,2.1338462829589844e-05,1,35
186,2.1338462829589844e-05,1,35
187,2.1338462829589844e-05,1,35
188,2.1338462829589844e-05,1,35
189,2.1338462829589844e-05,1,35
190,2.1338462829589844e-05,1,35
191,2.1338462829589844e-05,1,35
192,2.1338462829589844e-05,1,35
193,2.1338462829589844e-05,1,35
194,2.1338462829589844e-05,1,35
195,2.1338462829589844e-05,1,35
196,2.1338462829589844e-05,1,35
197,2.1338462829589844e-05,1,35
198,2.1338462829589844e-05,1,35
199,2.1338462829589844e-05,1,35
200,2.1338462829589844e-05,1,35
1,0.0001499652862548828,1,36
2,0.0001499652862548828,1,36
3,0.0001499652862548828,1,36
4,0.0001499652862548828,1,36
5,0.0001499652862548828,1,36
6,0.0001499652862548828,1,36
7,0.0001499652862548828,1,36
8,0.0001499652862548828,1,36
9,0.0001499652862548828,1,36
10,0.0001499652862548828,1,36
11,0.0001499652862548828,1,36
12,0.0001499652862548828,1,36
13,0.0001499652862548828,1,36
14,0.0001499652862548828,1,36
15,0.0001499652862548828,1,36
16,0.0001499652862548828,1,36
17,0.0001499652862548828,1,36
18,0.0001499652862548828,1,36
19,0.0001499652862548828,1,36
20,0.0001499652862548828,1,36
21,0.0001499652862548828,1,36
22,0.0001499652862548828,1,36
23,0.0001499652862548828,1,36
24,0.0001499652862548828,1,36
25,0.0001499652862548828,1,36
26,0.0001499652862548828,1,36
27,0.0001499652862548828,1,36
28,0.0001499652862548828,1,36
29,0.0001499652862548828,1,36
30,0.0001499652862548828,1,36
31,0.0001499652862548828,1,36
32,0.0001499652862548828,1,36
33,0.0001499652862548828,1,36
34,0.0001499652862548828,1,36
35,0.0001499652862548828,1,36
36,0.0001499652862548828,1,36
37,0.0001499652862548828,1,36
38,0.0001499652862548828,1,36
39,0.0001499652862548828,1,36
40,0.0001499652862548828,1,36
41,0.0001499652862548828,1,36
42,0.0001499652862548828,1,36
43,0.0001499652862548828,1,36
44,0.0001499652862548828,1,36
45,0.0001499652862548828,1,36
46,0.0001499652862548828,1,36
47,0.0001499652862548828,1,36
48,0.0001499652862548828,1,36
49,0.0001499652862548828,1,36
50,0.0001499652862548828,1,36
51,0.0001499652862548828,1,36
52,0.0001499652862548828,1,36
53,0.0001499652862548828,1,36
54,0.0001499652862548828,1,36
55,0.0001499652862548828,1,36
56,0.0001499652862548828,1,36
57,0.0001499652862548828,1,36
58,0.0001499652862548828,1,36
59,0.0001499652862548828,1,36
60,0.0001499652862548828,1,36
61,0.0001499652862548828,1,36
62,0.0001499652862548828,1,36
63,0.0001499652862548828,1,36
64,0.0001499652862548828,1,36
65,0.0001499652862548828,1,36
66,0.0001499652862548828,1,36
67,0.0001499652862548828,1,36
68,0.0001499652862548828,1,36
69,0.0001499652862548828,1,36
70,0.0001499652862548828,1,36
71,0.0001499652862548828,1,36
72,0.0001499652862548828,1,36
73,0.0001499652862548828,1,36
74,0.0001499652862548828,1,36
75,0.0001499652862548828,1,36
76,0.0001499652862548828,1,36
77,0.0001499652862548828,1,36
78,0.0001499652862548828,1,36
79,0.0001499652862548828,1,36
80,0.0001499652862548828,1,36
81,0.0001499652862548828,1,36
82,0.0001499652862548828,1,36
83,0.0001499652862548828,1,36
84,0.0001499652862548828,1,36
85,0.0001499652862548828,1,36
86,0.0001499652862548828,1,36
87,0.0001499652862548828,1,36
88,0.0001499652862548828,1,36
89,0.0001499652862548828,1,36
90,0.0001499652862548828,1,36
91,0.0001499652862548828,1,36
92,0.0001499652862548828,1,36
93,0.0001499652862548828,1,36
94,0.0001499652862548828,1,36
95,0.0001499652862548828,1,36
96,0.0001499652862548828,1,36
97,0.0001499652862548828,1,36
98,0.0001499652862548828,1,36
99,0.0001499652862548828,1,36
100,0.0001499652862548828,1,36
101,0.0001499652862548828,1,36
102,0.0001499652862548828,1,36
103,0.0001499652862548828,1,36
104,0.0001499652862548828,1,36
105,0.0001499652862548828,1,36
106,0.0001499652862548828,1,36
107,0.0001499652862548828,1,36
108,0.0001499652862548828,1,36
109,0.0001499652862548828,1,36
110,0.0001499652862548828,1,36
111,0.0001499652862548828,1,36
112,0.0001499652862548828,1,36
113,0.0001499652862548828,1,36
114,0.0001499652862548828,1,36
115,0.0001499652862548828,1,36
116,0.0001499652862548828,1,36
117,0.0001499652862548828,1,36
118,0.0001499652862548828,1,36
119,0.0001499652862548828,1,36
120,0.0001499652862548828,1,36
121,0.0001499652862548828,1,36
122,0.0001499652862548828,1,36
123,0.0001499652862548828,1,36
124,0.0001499652862548828,1,36
125,0.0001499652862548828,1,36
126,0.0001499652862548828,1,36
127,0.0001499652862548828,1,36
128,0.0001499652862548828,1,36
129,0.0001499652862548828,1,36
130,0.0001499652862548828,1,36
131,0.0001499652862548828,1,36
132,0.0001499652862548828,1,36
133,0.0001499652862548828,1,36
134,0.0001499652862548828,1,36
135,0.0001499652862548828,1,36
136,0.0001499652862548828,1,36
137,0.0001499652862548828,1,36
138,0.0001499652862548828,1,36
139,0.0001499652862548828,1,36
140,0.0001499652862548828,1,36
141,0.0001499652862548828,1,36
142,0.0001499652862548828,1,36
143,0.0001499652862548828,1,36
144,0.0001499652862548828,1,36
145,0.0001499652862548828,1,36
146,0.0001499652862548828,1,36
147,0.0001499652862548828,1,36
148,0.0001499652862548828,1,36
149,0.0001499652862548828,1,36
150,0.0001499652862548828,1,36
151,0.0001499652862548828,1,36
152,0.0001499652862548828,1,36
153,0.0001499652862548828,1,36
154,0.0001499652862548828,1,36
155,0.0001499652862548828,1,36
156,0.0001499652862548828,1,36
157,0.0001499652862548828,1,36
158,0.0001499652862548828,1,36
159,0.0001499652862548828,1,36
160,0.0001499652862548828,1,36
161,0.0001499652862548828,1,36
162,0.0001499652862548828,1,36
163,0.0001499652862548828,1,36
164,0.0001499652862548828,1,36
165,0.0001499652862548828,1,36
166,0.0001499652862548828,1,36
167,0.0001499652862548828,1,36
168,0.0001499652862548828,1,36
169,0.0001499652862548828,1,36
170,0.0001499652862548828,1,36
171,0.0001499652862548828,1,36
172,0.0001499652862548828,1,36
173,0.0001499652862548828,1,36
174,0.0001499652862548828,1,36
175,0.0001499652862548828,1,36
176,0.0001499652862548828,1,36
177,0.0001499652862548828,1,36
178,0.0001499652862548828,1,36
179,0.0001499652862548828,1,36
180,0.0001499652862548828,1,36
181,0.0001499652862548828,1,36
182,0.0001499652862548828,1,36
183,0.0001499652862548828,1,36
184,0.0001499652862548828,1,36
185,0.0001499652862548828,1,36
186,0.0001499652862548828,1,36
187,0.0001499652862548828,1,36
188,0.0001499652862548828,1,36
189,0.0001499652862548828,1,36
190,0.0001499652862548828,1,36
191,0.0001499652862548828,1,36
192,0.0001499652862548828,1,36
193,0.0001499652862548828,1,36
194,0.0001499652862548828,1,36
195,0.0001499652862548828,1,36
196,0.0001499652862548828,1,36
197,0.0001499652862548828,1,36
198,0.0001499652862548828,1,36
199,0.0001499652862548828,1,36
200,0.0001499652862548828,1,36
1,3.5762786865234375e-07,1,37
2,3.5762786865234375e-07,1,37
3,3.5762786865234375e-07,1,37
4,3.5762786865234375e-07,1,37
5,3.5762786865234375e-07,1,37
6,3.5762786865234375e-07,1,37
7,3.5762786865234375e-07,1,37
8,3.5762786865234375e-07,1,37
9,3.5762786865234375e-07,1,37
10,3.5762786865234375e-07,1,37
11,3.5762786865234375e-07,1,37
12,3.5762786865234375e-07,1,37
13,3.5762786865234375e-07,1,37
14,3.5762786865234375e-07,1,37
15,3.5762786865234375e-07,1,37
16,3.5762786865234375e-07,1,37
17,3.5762786865234375e-07,1,37
18,3.5762786865234375e-07,1,37
19,3.5762786865234375e-07,1,37
20,3.5762786865234375e-07,1,37
21,3.5762786865234375e-07,1,37
22,3.5762786865234375e-07,1,37
23,3.5762786865234375e-07,1,37
24,3.5762786865234375e-07,1,37
25,3.5762786865234375e-07,1,37
26,3.5762786865234375e-07,1,37
27,3.5762786865234375e-07,1,37
28,3.5762786865234375e-07,1,37
29,3.5762786865234375e-07,1,37
30,3.5762786865234375e-07,1,37
31,3.5762786865234375e-07,1,37
32,3.5762786865234375e-07,1,37
33,3.5762786865234375e-07,1,37
34,3.5762786865234375e-07,1,37
35,3.5762786865234375e-07,1,37
36,3.5762786865234375e-07,1,37
37,3.5762786865234375e-07,1,37
38,3.5762786865234375e-07,1,37
39,3.5762786865234375e-07,1,37
40,3.5762786865234375e-07,1,37
41,3.5762786865234375e-07,1,37
42,3.5762786865234375e-07,1,37
43,3.5762786865234375e-07,1,37
44,3.5762786865234375e-07,1,37
45,3.5762786865234375e-07,1,37
46,3.5762786865234375e-07,1,37
47,3.5762786865234375e-07,1,37
48,3.5762786865234375e-07,1,37
49,3.5762786865234375e-07,1,37
50,3.5762786865234375e-07,1,37
51,3.5762786865234375e-07,1,37
52,3.5762786865234375e-07,1,37
53,3.5762786865234375e-07,1,37
54,3.5762786865234375e-07,1,37
55,3.5762786865234375e-07,1,37
56,3.5762786865234375e-07,1,37
57,3.5762786865234375e-07,1,37
58,3.5762786865234375e-07,1,37
59,3.5762786865234375e-07,1,37
60,3.5762786865234375e-07,1,37
61,3.5762786865234375e-07,1,37
62,3.5762786865234375e-07,1,37
63,3.5762786865234375e-07,1,37
64,3.5762786865234375e-07,1,37
65,3.5762786865234375e-07,1,37
66,3.5762786865234375e-07,1,37
67,3.5762786865234375e-07,1,37
68,3.5762786865234375e-07,1,37
69,3.5762786865234375e-07,1,37
70,3.5762786865234375e-07,1,37
71,3.5762786865234375e-07,1,37
72,3.5762786865234375e-07,1,37
73,3.5762786865234375e-07,1,37
74,3.5762786865234375e-07,1,37
75,3.5762786865234375e-07,1,37
76,3.5762786865234375e-07,1,37
77,3.5762786865234375e-07,1,37
78,3.5762786865234375e-07,1,37
79,3.5762786865234375e-07,1,37
80,3.5762786865234375e-07,1,37
81,3.5762786865234375e-07,1,37
82,3.5762786865234375e-07,1,37
83,3.5762786865234375e-07,1,37
84,3.5762786865234375e-07,1,37
85,3.5762786865234375e-07,1,37
86,3.5762786865234375e-07,1,37
87,3.5762786865234375e-07,1,37
88,3.5762786865234375e-07,1,37
89,3.5762786865234375e-07,1,37
90,3.5762786865234375e-07,1,37
91,3.5762786865234375e-07,1,37
92,3.5762786865234375e-07,1,37
93,3.5762786865234375e-07,1,37
94,3.5762786865234375e-07,1,37
95,3.5762786865234375e-07,1,37
96,3.5762786865234375e-07,1,37
97,3.5762786865234375e-07,1,37
98,3.5762786865234375e-07,1,37
99,3.5762786865234375e-07,1,37
100,3.5762786865234375e-07,1,37
101,3.5762786865234375e-07,1,37
102,3.5762786865234375e-07,1,37
103,3.5762786865234375e-07,1,37
104,3.5762786865234375e-07,1,37
105,3.5762786865234375e-07,1,37
106,3.5762786865234375e-07,1,37
107,3.5762786865234375e-07,1,37
108,3.5762786865234375e-07,1,37
109,3.5762786865234375e-07,1,37
110,3.5762786865234375e-07,1,37
111,3.5762786865234375e-07,1,37
112,3.5762786865234375e-07,1,37
113,3.5762786865234375e-07,1,37
114,3.5762786865234375e-07,1,37
115,3.5762786865234375e-07,1,37
116,3.5762786865234375e-07,1,37
117,3.5762786865234375e-07,1,37
118,3.5762786865234375e-07,1,37
119,3.5762786865234375e-07,1,37
120,3.5762786865234375e-07,1,37
121,3.5762786865234375e-07,1,37
122,3.5762786865234375e-07,1,37
123,3.5762786865234375e-07,1,37
124,3.5762786865234375e-07,1,37
125,3.5762786865234375e-07,1,37
126,3.5762786865234375e-07,1,37
127,3.5762786865234375e-07,1,37
128,3.5762786865234375e-07,1,37
129,3.5762786865234375e-07,1,37
130,3.5762786865234375e-07,1,37
131,3.5762786865234375e-07,1,37
132,3.5762786865234375e-07,1,37
133,3.5762786865234375e-07,1,37
134,3.5762786865234375e-07,1,37
135,3.5762786865234375e-07,1,37
136,3.5762786865234375e-07,1,37
137,3.5762786865234375e-07,1,37
138,3.5762786865234375e-07,1,37
139,3.5762786865234375e-07,1,37
140,3.5762786865234375e-07,1,37
141,3.5762786865234375e-07,1,37
142,3.5762786865234375e-07,1,37
143,3.5762786865234375e-07,1,37
144,3.5762786865234375e-07,1,37
145,3.5762786865234375e-07,1,37
146,3.5762786865234375e-07,1,37
147,3.5762786865234375e-07,1,37
148,3.5762786865234375e-07,1,37
149,3.5762786865234375e-07,1,37
150,3.5762786865234375e-07,1,37
151,3.5762786865234375e-07,1,37
152,3.5762786865234375e-07,1,37
153,3.5762786865234375e-07,1,37
154,3.5762786865234375e-07,1,37
155,3.5762786865234375e-07,1,37
156,3.5762786865234375e-07,1,37
157,3.5762786865234375e-07,1,37
158,3.5762786865234375e-07,1,37
159,3.5762786865234375e-07,1,37
160,3.5762786865234375e-07,1,37
161,3.5762786865234375e-07,1,37
162,3.5762786865234375e-07,1,37
163,3.5762786865234375e-07,1,37
164,3.5762786865234375e-07,1,37
165,3.5762786865234375e-07,1,37
166,3.5762786865234375e-07,1,37
167,3.5762786865234375e-07,1,37
168,3.5762786865234375e-07,1,37
169,3.5762786865234375e-07,1,37
170,3.5762786865234375e-07,1,37
171,3.5762786865234375e-07,1,37
172,3.5762786865234375e-07,1,37
173,3.5762786865234375e-07,1,37
174,3.5762786865234375e-07,1,37
175,3.5762786865234375e-07,1,37
176,3.5762786865234375e-07,1,37
177,3.5762786865234375e-07,1,37
178,3.5762786865234375e-07,1,37
179,3.5762786865234375e-07,1,37
180,3.5762786865234375e-07,1,37
181,3.5762786865234375e-07,1,37
182,3.5762786865234375e-07,1,37
183,3.5762786865234375e-07,1,37
184,3.5762786865234375e-07,1,37
185,3.5762786865234375e-07,1,37
186,3.5762786865234375e-07,1,37
187,3.5762786865234375e-07,1,37
188,3.5762786865234375e-07,1,37
189,3.5762786865234375e-07,1,37
190,3.5762786865234375e-07,1,37
191,3.5762786865234375e-07,1,37
192,3.5762786865234375e-07,1,37
193,3.5762786865234375e-07,1,37
194,3.5762786865234375e-07,1,37
195,3.5762786865234375e-07,1,37
196,3.5762786865234375e-07,1,37
197,3.5762786865234375e-07,1,37
198,3.5762786865234375e-07,1,37
199,3.5762786865234375e-07,1,37
200,3.5762786865234375e-07,1,37
1,5.960464477539062e-07,1,38
2,5.960464477539062e-07,1,38
3,5.960464477539062e-07,1,38
4,5.960464477539062e-07,1,38
5,5.960464477539062e-07,1,38
6,5.960464477539062e-07,1,38
7,5.960464477539062e-07,1,38
8,5.960464477539062e-07,1,38
9,5.960464477539062e-07,1,38
10,5.960464477539062e-07,1,38
11,5.960464477539062e-07,1,38
12,5.960464477539062e-07,1,38
13,5.960464477539062e-07,1,38
14,5.960464477539062e-07,1,38
15,5.960464477539062e-07,1,38
16,5.960464477539062e-07,1,38
17,5.960464477539062e-07,1,38
18,5.960464477539062e-07,1,38
19,5.960464477539062e-07,1,38
20,5.960464477539062e-07,1,38
21,5.960464477539062e-07,1,38
22,5.960464477539062e-07,1,38
23,5.960464477539062e-07,1,38
24,5.960464477539062e-07,1,38
25,5.960464477539062e-07,1,38
26,5.960464477539062e-07,1,38
27,5.960464477539062e-07,1,38
28,5.960464477539062e-07,1,38
29,5.960464477539062e-07,1,38
30,5.960464477539062e-07,1,38
31,5.960464477539062e-07,1,38
32,5.960464477539062e-07,1,38
33,5.960464477539062e-07,1,38
34,5.960464477539062e-07,1,38
35,5.960464477539062e-07,1,38
36,5.960464477539062e-07,1,38
37,5.960464477539062e-07,1,38
38,5.960464477539062e-07,1,38
39,5.960464477539062e-07,1,38
40,5.960464477539062e-07,1,38
41,5.960464477539062e-07,1,38
42,5.960464477539062e-07,1,38
43,5.960464477539062e-07,1,38
44,5.960464477539062e-07,1,38
45,5.960464477539062e-07,1,38
46,5.960464477539062e-07,1,38
47,5.960464477539062e-07,1,38
48,5.960464477539062e-07,1,38
49,5.960464477539062e-07,1,38
50,5.960464477539062e-07,1,38
51,5.960464477539062e-07,1,38
52,5.960464477539062e-07,1,38
53,5.960464477539062e-07,1,38
54,5.960464477539062e-07,1,38
55,5.960464477539062e-07,1,38
56,5.960464477539062e-07,1,38
57,5.960464477539062e-07,1,38
58,5.960464477539062e-07,1,38
59,5.960464477539062e-07,1,38
60,5.960464477539062e-07,1,38
61,5.960464477539062e-07,1,38
62,5.960464477539062e-07,1,38
63,5.960464477539062e-07,1,38
64,5.960464477539062e-07,1,38
65,5.960464477539062e-07,1,38
66,5.960464477539062e-07,1,38
67,5.960464477539062e-07,1,38
68,5.960464477539062e-07,1,38
69,5.960464477539062e-07,1,38
70,5.960464477539062e-07,1,38
71,5.960464477539062e-07,1,38
72,5.960464477539062e-07,1,38
73,5.960464477539062e-07,1,38
74,5.960464477539062e-07,1,38
75,5.960464477539062e-07,1,38
76,5.960464477539062e-07,1,38
77,5.960464477539062e-07,1,38
78,5.960464477539062e-07,1,38
79,5.960464477539062e-07,1,38
80,5.960464477539062e-07,1,38
81,5.960464477539062e-07,1,38
82,5.960464477539062e-07,1,38
83,5.960464477539062e-07,1,38
84,5.960464477539062e-07,1,38
85,5.960464477539062e-07,1,38
86,5.960464477539062e-07,1,38
87,5.960464477539062e-07,1,38
88,5.960464477539062e-07,1,38
89,5.960464477539062e-07,1,38
90,5.960464477539062e-07,1,38
91,5.960464477539062e-07,1,38
92,5.960464477539062e-07,1,38
93,5.960464477539062e-07,1,38
94,5.960464477539062e-07,1,38
95,5.960464477539062e-07,1,38
96,5.960464477539062e-07,1,38
97,5.960464477539062e-07,1,38
98,5.960464477539062e-07,1,38
99,5.960464477539062e-07,1,38
100,5.960464477539062e-07,1,38
101,5.960464477539062e-07,1,38
102,5.960464477539062e-07,1,38
103,5.960464477539062e-07,1,38
104,5.960464477539062e-07,1,38
105,5.960464477539062e-07,1,38
106,5.960464477539062e-07,1,38
107,5.960464477539062e-07,1,38
108,5.960464477539062e-07,1,38
109,5.960464477539062e-07,1,38
110,5.960464477539062e-07,1,38
111,5.960464477539062e-07,1,38
112,5.960464477539062e-07,1,38
113,5.960464477539062e-07,1,38
114,5.960464477539062e-07,1,38
115,5.960464477539062e-07,1,38
116,5.960464477539062e-07,1,38
117,5.960464477539062e-07,1,38
118,5.960464477539062e-07,1,38
119,5.960464477539062e-07,1,38
120,5.960464477539062e-07,1,38
121,5.960464477539062e-07,1,38
122,5.960464477539062e-07,1,38
123,5.960464477539062e-07,1,38
124,5.960464477539062e-07,1,38
125,5.960464477539062e-07,1,38
126,5.960464477539062e-07,1,38
127,5.960464477539062e-07,1,38
128,5.960464477539062e-07,1,38
129,5.960464477539062e-07,1,38
130,5.960464477539062e-07,1,38
131,5.960464477539062e-07,1,38
132,5.960464477539062e-07,1,38
133,5.960464477539062e-07,1,38
134,5.960464477539062e-07,1,38
135,5.960464477539062e-07,1,38
136,5.960464477539062e-07,1,38
137,5.960464477539062e-07,1,38
138,5.960464477539062e-07,1,38
139,5.960464477539062e-07,1,38
140,5.960464477539062e-07,1,38
141,5.960464477539062e-07,1,38
142,5.960464477539062e-07,1,38
143,5.960464477539062e-07,1,38
144,5.960464477539062e-07,1,38
145,5.960464477539062e-07,1,38
146,5.960464477539062e-07,1,38
147,5.960464477539062e-07,1,38
148,5.960464477539062e-07,1,38
149,5.960464477539062e-07,1,38
150,5.960464477539062e-07,1,38
151,5.960464477539062e-07,1,38
152,5.960464477539062e-07,1,38
153,5.960464477539062e-07,1,38
154,5.960464477539062e-07,1,38
155,5.960464477539062e-07,1,38
156,5.960464477539062e-07,1,38
157,5.960464477539062e-07,1,38
158,5.960464477539062e-07,1,38
159,5.960464477539062e-07,1,38
160,5.960464477539062e-07,1,38
161,5.960464477539062e-07,1,38
162,5.960464477539062e-07,1,38
163,5.960464477539062e-07,1,38
164,5.960464477539062e-07,1,38
165,5.960464477539062e-07,1,38
166,5.960464477539062e-07,1,38
167,5.960464477539062e-07,1,38
168,5.960464477539062e-07,1,38
169,5.960464477539062e-07,1,38
170,5.960464477539062e-07,1,38
171,5.960464477539062e-07,1,38
172,5.960464477539062e-07,1,38
173,5.960464477539062e-07,1,38
174,5.960464477539062e-07,1,38
175,5.960464477539062e-07,1,38
176,5.960464477539062e-07,1,38
177,5.960464477539062e-07,1,38
178,5.960464477539062e-07,1,38
179,5.960464477539062e-07,1,38
180,5.960464477539062e-07,1,38
181,5.960464477539062e-07,1,38
182,5.960464477539062e-07,1,38
183,5.960464477539062e-07,1,38
184,5.960464477539062e-07,1,38
185,5.960464477539062e-07,1,38
186,5.960464477539062e-07,1,38
187,5.960464477539062e-07,1,38
188,5.960464477539062e-07,1,38
189,5.960464477539062e-07,1,38
190,5.960464477539062e-07,1,38
191,5.960464477539062e-07,1,38
192,5.960464477539062e-07,1,38
193,5.960464477539062e-07,1,38
194,5.960464477539062e-07,1,38
195,5.960464477539062e-07,1,38
196,5.960464477539062e-07,1,38
197,5.960464477539062e-07,1,38
198,5.960464477539062e-07,1,38
199,5.960464477539062e-07,1,38
200,5.960464477539062e-07,1,38
1,5.9604644775390625e-06,1,39
2,5.9604644775390625e-06,1,39
3,5.9604644775390625e-06,1,39
4,5.9604644775390625e-06,1,39
5,5.9604644775390625e-06,1,39
6,5.9604644775390625e-06,1,39
7,5.9604644775390625e-06,1,39
8,5.9604644775390625e-06,1,39
9,5.9604644775390625e-06,1,39
10,5.9604644775390625e-06,1,39
11,5.9604644775390625e-06,1,39
12,5.9604644775390625e-06,1,39
13,5.9604644775390625e-06,1,39
14,5.9604644775390625e-06,1,39
15,5.9604644775390625e-06,1,39
16,5.9604644775390625e-06,1,39
17,5.9604644775390625e-06,1,39
18,5.9604644775390625e-06,1,39
19,5.9604644775390625e-06,1,39
20,5.9604644775390625e-06,1,39
21,5.9604644775390625e-06,1,39
22,5.9604644775390625e-06,1,39
23,5.9604644775390625e-06,1,39
24,5.9604644775390625e-06,1,39
25,5.9604644775390625e-06,1,39
26,5.9604644775390625e-06,1,39
27,5.9604644775390625e-06,1,39
28,5.9604644775390625e-06,1,39
29,5.9604644775390625e-06,1,39
30,5.9604644775390625e-06,1,39
31,5.9604644775390625e-06,1,39
32,5.9604644775390625e-06,1,39
33,5.9604644775390625e-06,1,39
34,5.9604644775390625e-06,1,39
35,5.9604644775390625e-06,1,39
36,5.9604644775390625e-06,1,39
37,5.9604644775390625e-06,1,39
38,5.9604644775390625e-06,1,39
39,5.9604644775390625e-06,1,39
40,5.9604644775390625e-06,1,39
41,5.9604644775390625e-06,1,39
42,5.9604644775390625e-06,1,39
43,5.9604644775390625e-06,1,39
44,5.9604644775390625e-06,1,39
45,5.9604644775390625e-06,1,39
46,5.9604644775390625e-06,1,39
47,5.9604644775390625e-06,1,39
48,5.9604644775390625e-06,1,39
49,5.9604644775390625e-06,1,39
50,5.9604644775390625e-06,1,39
51,5.9604644775390625e-06,1,39
52,5.9604644775390625e-06,1,39
53,5.9604644775390625e-06,1,39
54,5.9604644775390625e-06,1,39
55,5.9604644775390625e-06,1,39
56,5.9604644775390625e-06,1,39
57,5.9604644775390625e-06,1,39
58,5.9604644775390625e-06,1,39
59,5.9604644775390625e-06,1,39
60,5.9604644775390625e-06,1,39
61,5.9604644775390625e-06,1,39
62,5.9604644775390625e-06,1,39
63,5.9604644775390625e-06,1,39
64,5.9604644775390625e-06,1,39
65,5.9604644775390625e-06,1,39
66,5.9604644775390625e-06,1,39
67,5.9604644775390625e-06,1,39
68,5.9604644775390625e-06,1,39
69,5.9604644775390625e-06,1,39
70,5.9604644775390625e-06,1,39
71,5.9604644775390625e-06,1,39
72,5.9604644775390625e-06,1,39
73,5.9604644775390625e-06,1,39
74,5.9604644775390625e-06,1,39
75,5.9604644775390625e-06,1,39
76,5.9604644775390625e-06,1,39
77,5.9604644775390625e-06,1,39
78,5.9604644775390625e-06,1,39
79,5.9604644775390625e-06,1,39
80,5.9604644775390625e-06,1,39
81,5.9604644775390625e-06,1,39
82,5.9604644775390625e-06,1,39
83,5.9604644775390625e-06,1,39
84,5.9604644775390625e-06,1,39
85,5.9604644775390625e-06,1,39
86,5.9604644775390625e-06,1,39
87,5.9604644775390625e-06,1,39
88,5.9604644775390625e-06,1,39
89,5.9604644775390625e-06,1,39
90,5.9604644775390625e-06,1,39
91,5.9604644775390625e-06,1,39
92,5.9604644775390625e-06,1,39
93,5.9604644775390625e-06,1,39
94,5.9604644775390625e-06,1,39
95,5.9604644775390625e-06,1,39
96,5.9604644775390625e-06,1,39
97,5.9604644775390625e-06,1,39
98,5.9604644775390625e-06,1,39
99,5.9604644775390625e-06,1,39
100,5.9604644775390625e-06,1,39
101,5.9604644775390625e-06,1,39
102,5.9604644775390625e-06,1,39
103,5.9604644775390625e-06,1,39
104,5.9604644775390625e-06,1,39
105,5.9604644775390625e-06,1,39
106,5.9604644775390625e-06,1,39
107,5.9604644775390625e-06,1,39
108,5.9604644775390625e-06,1,39
109,5.9604644775390625e-06,1,39
110,5.9604644775390625e-06,1,39
111,5.9604644775390625e-06,1,39
112,5.9604644775390625e-06,1,39
113,5.9604644775390625e-06,1,39
114,5.9604644775390625e-06,1,39
115,5.9604644775390625e-06,1,39
116,5.9604644775390625e-06,1,39
117,5.9604644775390625e-06,1,39
118,5.9604644775390625e-06,1,39
119,5.9604644775390625e-06,1,39
120,5.9604644775390625e-06,1,39
121,5.9604644775390625e-06,1,39
122,5.9604644775390625e-06,1,39
123,5.9604644775390625e-06,1,39
124,5.9604644775390625e-06,1,39
125,5.9604644775390625e-06,1,39
126,5.9604644775390625e-06,1,39
127,5.9604644775390625e-06,1,39
128,5.9604644775390625e-06,1,39
129,5.9604644775390625e-06,1,39
130,5.9604644775390625e-06,1,39
131,5.9604644775390625e-06,1,39
132,5.9604644775390625e-06,1,39
133,5.9604644775390625e-06,1,39
134,5.9604644775390625e-06,1,39
135,5.9604644775390625e-06,1,39
136,5.9604644775390625e-06,1,39
137,5.9604644775390625e-06,1,39
138,5.9604644775390625e-06,1,39
139,5.9604644775390625e-06,1,39
140,5.9604644775390625e-06,1,39
141,5.9604644775390625e-06,1,39
142,5.9604644775390625e-06,1,39
143,5.9604644775390625e-06,1,39
144,5.9604644775390625e-06,1,39
145,5.9604644775390625e-06,1,39
146,5.9604644775390625e-06,1,39
147,5.9604644775390625e-06,1,39
148,5.9604644775390625e-06,1,39
149,5.9604644775390625e-06,1,39
150,5.9604644775390625e-06,1,39
151,5.9604644775390625e-06,1,39
152,5.9604644775390625e-06,1,39
153,5.9604644775390625e-06,1,39
154,5.9604644775390625e-06,1,39
155,5.9604644775390625e-06,1,39
156,5.9604644775390625e-06,1,39
157,5.9604644775390625e-06,1,39
158,5.9604644775390625e-06,1,39
159,5.9604644775390625e-06,1,39
160,5.9604644775390625e-06,1,39
161,5.9604644775390625e-06,1,39
162,5.9604644775390625e-06,1,39
163,5.9604644775390625e-06,1,39
164,5.9604644775390625e-06,1,39
165,5.9604644775390625e-06,1,39
166,5.9604644775390625e-06,1,39
167,5.9604644775390625e-06,1,39
168,5.9604644775390625e-06,1,39
169,5.9604644775390625e-06,1,39
170,5.9604644775390625e-06,1,39
171,5.9604644775390625e-06,1,39
172,5.9604644775390625e-06,1,39
173,5.9604644775390625e-06,1,39
174,5.9604644775390625e-06,1,39
175,5.9604644775390625e-06,1,39
176,5.9604644775390625e-06,1,39
177,5.9604644775390625e-06,1,39
178,5.9604644775390625e-06,1,39
179,5.9604644775390625e-06,1,39
180,5.9604644775390625e-06,1,39
181,5.9604644775390625e-06,1,39
182,5.9604644775390625e-06,1,39
183,5.9604644775390625e-06,1,39
184,5.9604644775390625e-06,1,39
185,5.9604644775390625e-06,1,39
186,5.9604644775390625e-06,1,39
187,5.9604644775390625e-06,1,39
188,5.9604644775390625e-06,1,39
189,5.9604644775390625e-06,1,39
190,5.9604644775390625e-06,1,39
191,5.9604644775390625e-06,1,39
192,5.9604644775390625e-06,1,39
193,5.9604644775390625e-06,1,39
194,5.9604644775390625e-06,1,39
195,5.9604644775390625e-06,1,39
196,5.9604644775390625e-06,1,39
197,5.9604644775390625e-06,1,39
198,5.9604644775390625e-06,1,39
199,5.9604644775390625e-06,1,39
200,5.9604644775390625e-06,1,39
1,0.00045496225357055664,1,40
2,0.00045567750930786133,1,40
3,0.00045567750930786133,1,40
4,0.00045567750930786133,1,40
5,0.00045567750930786133,1,40
6,0.0004552006721496582,1,40
7,0.0004550814628601074,1,40
8,0.0004550814628601074,1,40
9,0.0004550814628601074,1,40
10,0.0004550814628601074,1,40
11,0.0004550814628601074,1,40
12,0.0004550814628601074,1,40
13,0.0004550814628601074,1,40
14,0.0004550814628601074,1,40
15,0.0004550814628601074,1,40
16,0.0004550814628601074,1,40
17,0.0004550814628601074,1,40
18,0.0004550814628601074,1,40
19,0.0004550814628601074,1,40
20,0.0004550814628601074,1,40
21,0.0004550814628601074,1,40
22,0.0004550814628601074,1,40
23,0.0004550814628601074,1,40
24,0.0004550814628601074,1,40
25,0.0004550814628601074,1,40
26,0.0004550814628601074,1,40
27,0.0004550814628601074,1,40
28,0.0004550814628601074,1,40
29,0.0004550814628601074,1,40
30,0.0004550814628601074,1,40
31,0.0004550814628601074,1,40
32,0.0004550814628601074,1,40
33,0.0004550814628601074,1,40
34,0.0004550814628601074,1,40
35,0.0004550814628601074,1,40
36,0.0004550814628601074,1,40
37,0.0004550814628601074,1,40
38,0.0004550814628601074,1,40
39,0.0004550814628601074,1,40
40,0.0004550814628601074,1,40
41,0.0004550814628601074,1,40
42,0.0004550814628601074,1,40
43,0.0004550814628601074,1,40
44,0.0004550814628601074,1,40
45,0.0004550814628601074,1,40
46,0.0004550814628601074,1,40
47,0.0004550814628601074,1,40
48,0.0004550814628601074,1,40
49,0.0004550814628601074,1,40
50,0.0004550814628601074,1,40
51,0.0004550814628601074,1,40
52,0.0004550814628601074,1,40
53,0.0004550814628601074,1,40
54,0.0004550814628601074,1,40
55,0.0004550814628601074,1,40
56,0.0004550814628601074,1,40
57,0.0004550814628601074,1,40
58,0.0004550814628601074,1,40
59,0.0004550814628601074,1,40
60,0.0004550814628601074,1,40
61,0.0004550814628601074,1,40
62,0.0004550814628601074,1,40
63,0.0004550814628601074,1,40
64,0.0004550814628601074,1,40
65,0.0004550814628601074,1,40
66,0.0004550814628601074,1,40
67,0.0004550814628601074,1,40
68,0.0004550814628601074,1,40
69,0.0004550814628601074,1,40
70,0.0004550814628601074,1,40
71,0.0004550814628601074,1,40
72,0.0004550814628601074,1,40
73,0.0004550814628601074,1,40
74,0.0004550814628601074,1,40
75,0.0004550814628601074,1,40
76,0.0004550814628601074,1,40
77,0.0004550814628601074,1,40
78,0.0004550814628601074,1,40
79,0.0004550814628601074,1,40
80,0.0004550814628601074,1,40
81,0.0004550814628601074,1,40
82,0.0004550814628601074,1,40
83,0.0004550814628601074,1,40
84,0.0004550814628601074,1,40
85,0.0004550814628601074,1,40
86,0.0004550814628601074,1,40
87,0.0004550814628601074,1,40
88,0.0004550814628601074,1,40
89,0.0004550814628601074,1,40
90,0.0004550814628601074,1,40
91,0.0004550814628601074,1,40
92,0.0004550814628601074,1,40
93,0.0004550814628601074,1,40
94,0.0004550814628601074,1,40
95,0.0004550814628601074,1,40
96,0.0004550814628601074,1,40
97,0.0004550814628601074,1,40
98,0.0004550814628601074,1,40
99,0.0004550814628601074,1,40
100,0.0004550814628601074,1,40
101,0.0004550814628601074,1,40
102,0.0004550814628601074,1,40
103,0.0004550814628601074,1,40
104,0.0004550814628601074,1,40
105,0.0004550814628601074,1,40
106,0.0004550814628601074,1,40
107,0.0004550814628601074,1,40
108,0.0004550814628601074,1,40
109,0.0004550814628601074,1,40
110,0.0004550814628601074,1,40
111,0.0004550814628601074,1,40
112,0.0004550814628601074,1,40
113,0.0004550814628601074,1,40
114,0.0004550814628601074,1,40
115,0.0004550814628601074,1,40
116,0.0004550814628601074,1,40
117,0.0004550814628601074,1,40
118,0.0004550814628601074,1,40
119,0.0004550814628601074,1,40
120,0.0004550814628601074,1,40
121,0.0004550814628601074,1,40
122,0.0004550814628601074,1,40
123,0.0004550814628601074,1,40
124,0.0004550814628601074,1,40
125,0.0004550814628601074,1,40
126,0.0004550814628601074,1,40
127,0.0004550814628601074,1,40
128,0.0004550814628601074,1,40
129,0.0004550814628601074,1,40
130,0.0004550814628601074,1,40
131,0.0004550814628601074,1,40
132,0.0004550814628601074,1,40
133,0.0004550814628601074,1,40
134,0.0004550814628601074,1,40
135,0.0004550814628601074,1,40
136,0.0004550814628601074,1,40
137,0.0004550814628601074,1,40
138,0.0004550814628601074,1,40
139,0.0004550814628601074,1,40
140,0.0004550814628601074,1,40
141,0.0004550814628601074,1,40
142,0.0004550814628601074,1,40
143,0.0004550814628601074,1,40
144,0.0004550814628601074,1,40
145,0.0004550814628601074,1,40
146,0.0004550814628601074,1,40
147,0.0004550814628601074,1,40
148,0.0004550814628601074,1,40
149,0.0004550814628601074,1,40
150,0.0004550814628601074,1,40
151,0.0004550814628601074,1,40
152,0.0004550814628601074,1,40
153,0.0004550814628601074,1,40
154,0.0004550814628601074,1,40
155,0.0004550814628601074,1,40
156,0.0004550814628601074,1,40
157,0.0004550814628601074,1,40
158,0.0004550814628601074,1,40
159,0.0004550814628601074,1,40
160,0.0004550814628601074,1,40
161,0.0004550814628601074,1,40
162,0.0004550814628601074,1,40
163,0.0004550814628601074,1,40
164,0.0004550814628601074,1,40
165,0.0004550814628601074,1,40
166,0.0004550814628601074,1,40
167,0.0004550814628601074,1,40
168,0.0004550814628601074,1,40
169,0.0004550814628601074,1,40
170,0.0004550814628601074,1,40
171,0.0004550814628601074,1,40
172,0.0004550814628601074,1,40
173,0.0004550814628601074,1,40
174,0.0004550814628601074,1,40
175,0.0004550814628601074,1,40
176,0.0004550814628601074,1,40
177,0.0004550814628601074,1,40
178,0.0004550814628601074,1,40
179,0.0004550814628601074,1,40
180,0.0004550814628601074,1,40
181,0.0004550814628601074,1,40
182,0.0004550814628601074,1,40
183,0.0004550814628601074,1,40
184,0.0004550814628601074,1,40
185,0.0004550814628601074,1,40
186,0.0004550814628601074,1,40
187,0.0004550814628601074,1,40
188,0.0004550814628601074,1,40
189,0.0004550814628601074,1,40
190,0.0004550814628601074,1,40
191,0.0004550814628601074,1,40
192,0.0004550814628601074,1,40
193,0.0004550814628601074,1,40
194,0.0004550814628601074,1,40
195,0.0004550814628601074,1,40
196,0.0004550814628601074,1,40
197,0.0004550814628601074,1,40
198,0.0004550814628601074,1,40
199,0.0004550814628601074,1,40
200,0.0004550814628601074,1,40
1,0.0002974867820739746,1,41
2,0.0002974867820739746,1,41
3,0.0002974867820739746,1,41
4,0.0002974867820739746,1,41
5,0.0002974867820739746,1,41
6,0.0002974867820739746,1,41
7,0.0002974867820739746,1,41
8,0.0002974867820739746,1,41
9,0.0002974867820739746,1,41
10,0.0002974867820739746,1,41
11,0.0002974867820739746,1,41
12,0.0002974867820739746,1,41
13,0.0002974867820739746,1,41
14,0.0002974867820739746,1,41
15,0.0002974867820739746,1,41
16,0.0002974867820739746,1,41
17,0.0002974867820739746,1,41
18,0.0002974867820739746,1,41
19,0.0002974867820739746,1,41
20,0.0002974867820739746,1,41
21,0.0002974867820739746,1,41
22,0.0002974867820739746,1,41
23,0.0002974867820739746,1,41
24,0.0002974867820739746,1,41
25,0.0002974867820739746,1,41
26,0.0002974867820739746,1,41
27,0.0002974867820739746,1,41
28,0.0002974867820739746,1,41
29,0.0002974867820739746,1,41
30,0.0002974867820739746,1,41
31,0.0002974867820739746,1,41
32,0.0002974867820739746,1,41
33,0.0002974867820739746,1,41
34,0.0002974867820739746,1,41
35,0.0002974867820739746,1,41
36,0.0002974867820739746,1,41
37,0.0002974867820739746,1,41
38,0.0002974867820739746,1,41
39,0.0002974867820739746,1,41
40,0.0002974867820739746,1,41
41,0.0002974867820739746,1,41
42,0.0002974867820739746,1,41
43,0.0002974867820739746,1,41
44,0.0002974867820739746,1,41
45,0.0002974867820739746,1,41
46,0.0002974867820739746,1,41
47,0.0002974867820739746,1,41
48,0.0002974867820739746,1,41
49,0.0002974867820739746,1,41
50,0.0002974867820739746,1,41
51,0.0002974867820739746,1,41
52,0.0002974867820739746,1,41
53,0.0002974867820739746,1,41
54,0.0002974867820739746,1,41
55,0.0002974867820739746,1,41
56,0.0002974867820739746,1,41
57,0.0002974867820739746,1,41
58,0.0002974867820739746,1,41
59,0.0002974867820739746,1,41
60,0.0002974867820739746,1,41
61,0.0002974867820739746,1,41
62,0.0002974867820739746,1,41
63,0.0002974867820739746,1,41
64,0.0002974867820739746,1,41
65,0.0002974867820739746,1,41
66,0.0002974867820739746,1,41
67,0.0002974867820739746,1,41
68,0.0002974867820739746,1,41
69,0.0002974867820739746,1,41
70,0.0002974867820739746,1,41
71,0.0002974867820739746,1,41
72,0.0002974867820739746,1,41
73,0.0002974867820739746,1,41
74,0.0002974867820739746,1,41
75,0.0002974867820739746,1,41
76,0.0002974867820739746,1,41
77,0.0002974867820739746,1,41
78,0.0002974867820739746,1,41
79,0.0002974867820739746,1,41
80,0.0002974867820739746,1,41
81,0.0002974867820739746,1,41
82,0.0002974867820739746,1,41
83,0.0002974867820739746,1,41
84,0.0002974867820739746,1,41
85,0.0002974867820739746,1,41
86,0.0002974867820739746,1,41
87,0.0002974867820739746,1,41
88,0.0002974867820739746,1,41
89,0.0002974867820739746,1,41
90,0.0002974867820739746,1,41
91,0.0002974867820739746,1,41
92,0.0002974867820739746,1,41
93,0.0002974867820739746,1,41
94,0.0002974867820739746,1,41
95,0.0002974867820739746,1,41
96,0.0002974867820739746,1,41
97,0.0002974867820739746,1,41
98,0.0002974867820739746,1,41
99,0.0002974867820739746,1,41
100,0.0002974867820739746,1,41
101,0.0002974867820739746,1,41
102,0.0002974867820739746,1,41
103,0.0002974867820739746,1,41
104,0.0002974867820739746,1,41
105,0.0002974867820739746,1,41
106,0.0002974867820739746,1,41
107,0.0002974867820739746,1,41
108,0.0002974867820739746,1,41
109,0.0002974867820739746,1,41
110,0.0002974867820739746,1,41
111,0.0002974867820739746,1,41
112,0.0002974867820739746,1,41
113,0.0002974867820739746,1,41
114,0.0002974867820739746,1,41
115,0.0002974867820739746,1,41
116,0.0002974867820739746,1,41
117,0.0002974867820739746,1,41
118,0.0002974867820739746,1,41
119,0.0002974867820739746,1,41
120,0.0002974867820739746,1,41
121,0.0002974867820739746,1,41
122,0.0002974867820739746,1,41
123,0.0002974867820739746,1,41
124,0.0002974867820739746,1,41
125,0.0002974867820739746,1,41
126,0.0002974867820739746,1,41
127,0.0002974867820739746,1,41
128,0.0002974867820739746,1,41
129,0.0002974867820739746,1,41
130,0.0002974867820739746,1,41
131,0.0002974867820739746,1,41
132,0.0002974867820739746,1,41
133,0.0002974867820739746,1,41
134,0.0002974867820739746,1,41
135,0.0002974867820739746,1,41
136,0.0002974867820739746,1,41
137,0.0002974867820739746,1,41
138,0.0002974867820739746,1,41
139,0.0002974867820739746,1,41
140,0.0002974867820739746,1,41
141,0.0002974867820739746,1,41
142,0.0002974867820739746,1,41
143,0.0002974867820739746,1,41
144,0.0002974867820739746,1,41
145,0.0002974867820739746,1,41
146,0.0002974867820739746,1,41
147,0.0002974867820739746,1,41
148,0.0002974867820739746,1,41
149,0.0002974867820739746,1,41
150,0.0002974867820739746,1,41
151,0.0002974867820739746,1,41
152,0.0002974867820739746,1,41
153,0.0002974867820739746,1,41
154,0.0002974867820739746,1,41
155,0.0002974867820739746,1,41
156,0.0002974867820739746,1,41
157,0.0002974867820739746,1,41
158,0.0002974867820739746,1,41
159,0.0002974867820739746,1,41
160,0.0002974867820739746,1,41
161,0.0002974867820739746,1,41
162,0.0002974867820739746,1,41
163,0.0002974867820739746,1,41
164,0.0002974867820739746,1,41
165,0.0002974867820739746,1,41
166,0.0002974867820739746,1,41
167,0.0002974867820739746,1,41
168,0.0002974867820739746,1,41
169,0.0002974867820739746,1,41
170,0.0002974867820739746,1,41
171,0.0002974867820739746,1,41
172,0.0002974867820739746,1,41
173,0.0002974867820739746,1,41
174,0.0002974867820739746,1,41
175,0.0002974867820739746,1,41
176,0.0002974867820739746,1,41
177,0.0002974867820739746,1,41
178,0.0002974867820739746,1,41
179,0.0002974867820739746,1,41
180,0.0002974867820739746,1,41
181,0.0002974867820739746,1,41
182,0.0002974867820739746,1,41
183,0.0002974867820739746,1,41
184,0.0002974867820739746,1,41
185,0.0002974867820739746,1,41
186,0.0002974867820739746,1,41
187,0.0002974867820739746,1,41
188,0.0002974867820739746,1,41
189,0.0002974867820739746,1,41
190,0.0002974867820739746,1,41
191,0.0002974867820739746,1,41
192,0.0002974867820739746,1,41
193,0.0002974867820739746,1,41
194,0.0002974867820739746,1,41
195,0.0002974867820739746,1,41
196,0.0002974867820739746,1,41
197,0.0002974867820739746,1,41
198,0.0002974867820739746,1,41
199,0.0002974867820739746,1,41
200,0.0002974867820739746,1,41
1,0.03278481960296631,1,42
2,0.03278481960296631,1,42
3,0.0327831506729126,1,42
4,0.032782912254333496,1,42
5,0.03278470039367676,1,42
6,0.03278470039367676,1,42
7,0.032783448696136475,1,42
8,0.032783448696136475,1,42
9,0.03278380632400513,1,42
10,0.03278380632400513,1,42
11,0.03278404474258423,1,42
12,0.03278404474258423,1,42
13,0.03278404474258423,1,42
14,0.03278404474258423,1,42
15,0.03278404474258423,1,42
16,0.03278404474258423,1,42
17,0.03278404474258423,1,42
18,0.03278404474258423,1,42
19,0.03278404474258423,1,42
20,0.03278404474258423,1,42
21,0.03278404474258423,1,42
22,0.03278404474258423,1,42
23,0.03278404474258423,1,42
24,0.03278404474258423,1,42
25,0.03278404474258423,1,42
26,0.03278404474258423,1,42
27,0.03278404474258423,1,42
28,0.03278404474258423,1,42
29,0.03278404474258423,1,42
30,0.03278404474258423,1,42
31,0.03278404474258423,1,42
32,0.03278404474258423,1,42
33,0.03278404474258423,1,42
34,0.03278404474258423,1,42
35,0.03278404474258423,1,42
36,0.03278404474258423,1,42
37,0.03278404474258423,1,42
38,0.03278404474258423,1,42
39,0.03278404474258423,1,42
40,0.03278404474258423,1,42
41,0.03278404474258423,1,42
42,0.03278404474258423,1,42
43,0.03278404474258423,1,42
44,0.03278404474258423,1,42
45,0.03278404474258423,1,42
46,0.03278404474258423,1,42
47,0.03278404474258423,1,42
48,0.03278404474258423,1,42
49,0.03278404474258423,1,42
50,0.03278404474258423,1,42
51,0.03278404474258423,1,42
52,0.03278404474258423,1,42
53,0.03278404474258423,1,42
54,0.03278404474258423,1,42
55,0.03278404474258423,1,42
56,0.03278404474258423,1,42
57,0.03278404474258423,1,42
58,0.03278404474258423,1,42
59,0.03278404474258423,1,42
60,0.03278404474258423,1,42
61,0.03278404474258423,1,42
62,0.03278404474258423,1,42
63,0.03278404474258423,1,42
64,0.03278404474258423,1,42
65,0.03278404474258423,1,42
66,0.03278404474258423,1,42
67,0.03278404474258423,1,42
68,0.03278404474258423,1,42
69,0.03278404474258423,1,42
70,0.03278404474258423,1,42
71,0.03278404474258423,1,42
72,0.03278404474258423,1,42
73,0.03278404474258423,1,42
74,0.03278404474258423,1,42
75,0.03278404474258423,1,42
76,0.03278404474258423,1,42
77,0.03278404474258423,1,42
78,0.03278404474258423,1,42
79,0.03278404474258423,1,42
80,0.03278404474258423,1,42
81,0.03278404474258423,1,42
82,0.03278404474258423,1,42
83,0.03278404474258423,1,42
84,0.03278404474258423,1,42
85,0.03278404474258423,1,42
86,0.03278404474258423,1,42
87,0.03278404474258423,1,42
88,0.03278404474258423,1,42
89,0.03278404474258423,1,42
90,0.03278404474258423,1,42
91,0.03278404474258423,1,42
92,0.03278404474258423,1,42
93,0.03278404474258423,1,42
94,0.03278404474258423,1,42
95,0.03278404474258423,1,42
96,0.03278404474258423,1,42
97,0.03278404474258423,1,42
98,0.03278404474258423,1,42
99,0.03278404474258423,1,42
100,0.03278404474258423,1,42
101,0.03278404474258423,1,42
102,0.03278404474258423,1,42
103,0.03278404474258423,1,42
104,0.03278404474258423,1,42
105,0.03278404474258423,1,42
106,0.03278404474258423,1,42
107,0.03278404474258423,1,42
108,0.03278404474258423,1,42
109,0.03278404474258423,1,42
110,0.03278404474258423,1,42
111,0.03278404474258423,1,42
112,0.03278404474258423,1,42
113,0.03278404474258423,1,42
114,0.03278404474258423,1,42
115,0.03278404474258423,1,42
116,0.03278404474258423,1,42
117,0.03278404474258423,1,42
118,0.03278404474258423,1,42
119,0.03278404474258423,1,42
120,0.03278404474258423,1,42
121,0.03278404474258423,1,42
122,0.03278404474258423,1,42
123,0.03278404474258423,1,42
124,0.03278404474258423,1,42
125,0.03278404474258423,1,42
126,0.03278404474258423,1,42
127,0.03278404474258423,1,42
128,0.03278404474258423,1,42
129,0.03278404474258423,1,42
130,0.03278404474258423,1,42
131,0.03278404474258423,1,42
132,0.03278404474258423,1,42
133,0.03278404474258423,1,42
134,0.03278404474258423,1,42
135,0.03278404474258423,1,42
136,0.03278404474258423,1,42
137,0.03278404474258423,1,42
138,0.03278404474258423,1,42
139,0.03278404474258423,1,42
140,0.03278404474258423,1,42
141,0.03278404474258423,1,42
142,0.03278404474258423,1,42
143,0.03278404474258423,1,42
144,0.03278404474258423,1,42
145,0.03278404474258423,1,42
146,0.03278404474258423,1,42
147,0.03278404474258423,1,42
148,0.03278404474258423,1,42
149,0.03278404474258423,1,42
150,0.03278404474258423,1,42
151,0.03278404474258423,1,42
152,0.03278404474258423,1,42
153,0.03278404474258423,1,42
154,0.03278404474258423,1,42
155,0.03278404474258423,1,42
156,0.03278404474258423,1,42
157,0.03278404474258423,1,42
158,0.03278404474258423,1,42
159,0.03278404474258423,1,42
160,0.03278404474258423,1,42
161,0.03278404474258423,1,42
162,0.03278404474258423,1,42
163,0.03278404474258423,1,42
164,0.03278404474258423,1,42
165,0.03278404474258423,1,42
166,0.03278404474258423,1,42
167,0.03278404474258423,1,42
168,0.03278404474258423,1,42
169,0.03278404474258423,1,42
170,0.03278404474258423,1,42
171,0.03278404474258423,1,42
172,0.03278404474258423,1,42
173,0.03278404474258423,1,42
174,0.03278404474258423,1,42
175,0.03278404474258423,1,42
176,0.03278404474258423,1,42
177,0.03278404474258423,1,42
178,0.03278404474258423,1,42
179,0.03278404474258423,1,42
180,0.03278404474258423,1,42
181,0.03278404474258423,1,42
182,0.03278404474258423,1,42
183,0.03278404474258423,1,42
184,0.03278404474258423,1,42
185,0.03278404474258423,1,42
186,0.03278404474258423,1,42
187,0.03278404474258423,1,42
188,0.03278404474258423,1,42
189,0.03278404474258423,1,42
190,0.03278404474258423,1,42
191,0.03278404474258423,1,42
192,0.03278404474258423,1,42
193,0.03278404474258423,1,42
194,0.03278404474258423,1,42
195,0.03278404474258423,1,42
196,0.03278404474258423,1,42
197,0.03278404474258423,1,42
198,0.03278404474258423,1,42
199,0.03278404474258423,1,42
200,0.03278404474258423,1,42
1,0.004838883876800537,1,43
2,0.0048372745513916016,1,43
3,0.0048372745513916016,1,43
4,0.0048372745513916016,1,43
5,0.0048372745513916016,1,43
6,0.0048386454582214355,1,43
7,0.004838764667510986,1,43
8,0.004838764667510986,1,43
9,0.004838764667510986,1,43
10,0.004838764667510986,1,43
11,0.0048386454582214355,1,43
12,0.0048386454582214355,1,43
13,0.0048386454582214355,1,43
14,0.0048386454582214355,1,43
15,0.0048386454582214355,1,43
16,0.0048386454582214355,1,43
17,0.0048386454582214355,1,43
18,0.0048386454582214355,1,43
19,0.0048386454582214355,1,43
20,0.0048386454582214355,1,43
21,0.0048386454582214355,1,43
22,0.0048386454582214355,1,43
23,0.0048386454582214355,1,43
24,0.0048386454582214355,1,43
25,0.0048386454582214355,1,43
26,0.0048386454582214355,1,43
27,0.0048386454582214355,1,43
28,0.0048386454582214355,1,43
29,0.0048386454582214355,1,43
30,0.0048386454582214355,1,43
31,0.0048386454582214355,1,43
32,0.0048386454582214355,1,43
33,0.0048386454582214355,1,43
34,0.0048386454582214355,1,43
35,0.0048386454582214355,1,43
36,0.0048386454582214355,1,43
37,0.0048386454582214355,1,43
38,0.0048386454582214355,1,43
39,0.0048386454582214355,1,43
40,0.0048386454582214355,1,43
41,0.0048386454582214355,1,43
42,0.0048386454582214355,1,43
43,0.0048386454582214355,1,43
44,0.0048386454582214355,1,43
45,0.0048386454582214355,1,43
46,0.0048386454582214355,1,43
47,0.0048386454582214355,1,43
48,0.0048386454582214355,1,43
49,0.0048386454582214355,1,43
50,0.0048386454582214355,1,43
51,0.0048386454582214355,1,43
52,0.0048386454582214355,1,43
53,0.0048386454582214355,1,43
54,0.0048386454582214355,1,43
55,0.0048386454582214355,1,43
56,0.0048386454582214355,1,43
57,0.0048386454582214355,1,43
58,0.0048386454582214355,1,43
59,0.0048386454582214355,1,43
60,0.0048386454582214355,1,43
61,0.0048386454582214355,1,43
62,0.0048386454582214355,1,43
63,0.0048386454582214355,1,43
64,0.0048386454582214355,1,43
65,0.0048386454582214355,1,43
66,0.0048386454582214355,1,43
67,0.0048386454582214355,1,43
68,0.0048386454582214355,1,43
69,0.0048386454582214355,1,43
70,0.0048386454582214355,1,43
71,0.0048386454582214355,1,43
72,0.0048386454582214355,1,43
73,0.0048386454582214355,1,43
74,0.0048386454582214355,1,43
75,0.0048386454582214355,1,43
76,0.0048386454582214355,1,43
77,0.0048386454582214355,1,43
78,0.0048386454582214355,1,43
79,0.0048386454582214355,1,43
80,0.0048386454582214355,1,43
81,0.0048386454582214355,1,43
82,0.0048386454582214355,1,43
83,0.0048386454582214355,1,43
84,0.0048386454582214355,1,43
85,0.0048386454582214355,1,43
86,0.0048386454582214355,1,43
87,0.0048386454582214355,1,43
88,0.0048386454582214355,1,43
89,0.0048386454582214355,1,43
90,0.0048386454582214355,1,43
91,0.0048386454582214355,1,43
92,0.0048386454582214355,1,43
93,0.0048386454582214355,1,43
94,0.0048386454582214355,1,43
95,0.0048386454582214355,1,43
96,0.0048386454582214355,1,43
97,0.0048386454582214355,1,43
98,0.0048386454582214355,1,43
99,0.0048386454582214355,1,43
100,0.0048386454582214355,1,43
101,0.0048386454582214355,1,43
102,0.0048386454582214355,1,43
103,0.0048386454582214355,1,43
104,0.0048386454582214355,1,43
105,0.0048386454582214355,1,43
106,0.0048386454582214355,1,43
107,0.0048386454582214355,1,43
108,0.0048386454582214355,1,43
109,0.0048386454582214355,1,43
110,0.0048386454582214355,1,43
111,0.0048386454582214355,1,43
112,0.0048386454582214355,1,43
113,0.0048386454582214355,1,43
114,0.0048386454582214355,1,43
115,0.0048386454582214355,1,43
116,0.0048386454582214355,1,43
117,0.0048386454582214355,1,43
118,0.0048386454582214355,1,43
119,0.0048386454582214355,1,43
120,0.0048386454582214355,1,43
121,0.0048386454582214355,1,43
122,0.0048386454582214355,1,43
123,0.0048386454582214355,1,43
124,0.0048386454582214355,1,43
125,0.0048386454582214355,1,43
126,0.0048386454582214355,1,43
127,0.0048386454582214355,1,43
128,0.0048386454582214355,1,43
129,0.0048386454582214355,1,43
130,0.0048386454582214355,1,43
131,0.0048386454582214355,1,43
132,0.0048386454582214355,1,43
133,0.0048386454582214355,1,43
134,0.0048386454582214355,1,43
135,0.0048386454582214355,1,43
136,0.0048386454582214355,1,43
137,0.0048386454582214355,1,43
138,0.0048386454582214355,1,43
139,0.0048386454582214355,1,43
140,0.0048386454582214355,1,43
141,0.0048386454582214355,1,43
142,0.0048386454582214355,1,43
143,0.0048386454582214355,1,43
144,0.0048386454582214355,1,43
145,0.0048386454582214355,1,43
146,0.0048386454582214355,1,43
147,0.0048386454582214355,1,43
148,0.0048386454582214355,1,43
149,0.0048386454582214355,1,43
150,0.0048386454582214355,1,43
151,0.0048386454582214355,1,43
152,0.0048386454582214355,1,43
153,0.0048386454582214355,1,43
154,0.0048386454582214355,1,43
155,0.0048386454582214355,1,43
156,0.0048386454582214355,1,43
157,0.0048386454582214355,1,43
158,0.0048386454582214355,1,43
159,0.0048386454582214355,1,43
160,0.0048386454582214355,1,43
161,0.0048386454582214355,1,43
162,0.0048386454582214355,1,43
163,0.0048386454582214355,1,43
164,0.0048386454582214355,1,43
165,0.0048386454582214355,1,43
166,0.0048386454582214355,1,43
167,0.0048386454582214355,1,43
168,0.0048386454582214355,1,43
169,0.0048386454582214355,1,43
170,0.0048386454582214355,1,43
171,0.0048386454582214355,1,43
172,0.0048386454582214355,1,43
173,0.0048386454582214355,1,43
174,0.0048386454582214355,1,43
175,0.0048386454582214355,1,43
176,0.0048386454582214355,1,43
177,0.0048386454582214355,1,43
178,0.0048386454582214355,1,43
179,0.0048386454582214355,1,43
180,0.0048386454582214355,1,43
181,0.0048386454582214355,1,43
182,0.0048386454582214355,1,43
183,0.0048386454582214355,1,43
184,0.0048386454582214355,1,43
185,0.0048386454582214355,1,43
186,0.0048386454582214355,1,43
187,0.0048386454582214355,1,43
188,0.0048386454582214355,1,43
189,0.0048386454582214355,1,43
190,0.0048386454582214355,1,43
191,0.0048386454582214355,1,43
192,0.0048386454582214355,1,43
193,0.0048386454582214355,1,43
194,0.0048386454582214355,1,43
195,0.0048386454582214355,1,43
196,0.0048386454582214355,1,43
197,0.0048386454582214355,1,43
198,0.0048386454582214355,1,43
199,0.0048386454582214355,1,43
200,0.0048386454582214355,1,43
1,2.6226043701171875e-06,1,44
2,2.6226043701171875e-06,1,44
3,2.6226043701171875e-06,1,44
4,2.6226043701171875e-06,1,44
5,2.6226043701171875e-06,1,44
6,2.6226043701171875e-06,1,44
7,2.6226043701171875e-06,1,44
8,2.6226043701171875e-06,1,44
9,2.6226043701171875e-06,1,44
10,2.6226043701171875e-06,1,44
11,2.6226043701171875e-06,1,44
12,2.6226043701171875e-06,1,44
13,2.6226043701171875e-06,1,44
14,2.6226043701171875e-06,1,44
15,2.6226043701171875e-06,1,44
16,2.6226043701171875e-06,1,44
17,2.6226043701171875e-06,1,44
18,2.6226043701171875e-06,1,44
19,2.6226043701171875e-06,1,44
20,2.6226043701171875e-06,1,44
21,2.6226043701171875e-06,1,44
22,2.6226043701171875e-06,1,44
23,2.6226043701171875e-06,1,44
24,2.6226043701171875e-06,1,44
25,2.6226043701171875e-06,1,44
26,2.6226043701171875e-06,1,44
27,2.6226043701171875e-06,1,44
28,2.6226043701171875e-06,1,44
29,2.6226043701171875e-06,1,44
30,2.6226043701171875e-06,1,44
31,2.6226043701171875e-06,1,44
32,2.6226043701171875e-06,1,44
33,2.6226043701171875e-06,1,44
34,2.6226043701171875e-06,1,44
35,2.6226043701171875e-06,1,44
36,2.6226043701171875e-06,1,44
37,2.6226043701171875e-06,1,44
38,2.6226043701171875e-06,1,44
39,2.6226043701171875e-06,1,44
40,2.6226043701171875e-06,1,44
41,2.6226043701171875e-06,1,44
42,2.6226043701171875e-06,1,44
43,2.6226043701171875e-06,1,44
44,2.6226043701171875e-06,1,44
45,2.6226043701171875e-06,1,44
46,2.6226043701171875e-06,1,44
47,2.6226043701171875e-06,1,44
48,2.6226043701171875e-06,1,44
49,2.6226043701171875e-06,1,44
50,2.6226043701171875e-06,1,44
51,2.6226043701171875e-06,1,44
52,2.6226043701171875e-06,1,44
53,2.6226043701171875e-06,1,44
54,2.6226043701171875e-06,1,44
55,2.6226043701171875e-06,1,44
56,2.6226043701171875e-06,1,44
57,2.6226043701171875e-06,1,44
58,2.6226043701171875e-06,1,44
59,2.6226043701171875e-06,1,44
60,2.6226043701171875e-06,1,44
61,2.6226043701171875e-06,1,44
62,2.6226043701171875e-06,1,44
63,2.6226043701171875e-06,1,44
64,2.6226043701171875e-06,1,44
65,2.6226043701171875e-06,1,44
66,2.6226043701171875e-06,1,44
67,2.6226043701171875e-06,1,44
68,2.6226043701171875e-06,1,44
69,2.6226043701171875e-06,1,44
70,2.6226043701171875e-06,1,44
71,2.6226043701171875e-06,1,44
72,2.6226043701171875e-06,1,44
73,2.6226043701171875e-06,1,44
74,2.6226043701171875e-06,1,44
75,2.6226043701171875e-06,1,44
76,2.6226043701171875e-06,1,44
77,2.6226043701171875e-06,1,44
78,2.6226043701171875e-06,1,44
79,2.6226043701171875e-06,1,44
80,2.6226043701171875e-06,1,44
81,2.6226043701171875e-06,1,44
82,2.6226043701171875e-06,1,44
83,2.6226043701171875e-06,1,44
84,2.6226043701171875e-06,1,44
85,2.6226043701171875e-06,1,44
86,2.6226043701171875e-06,1,44
87,2.6226043701171875e-06,1,44
88,2.6226043701171875e-06,1,44
89,2.6226043701171875e-06,1,44
90,2.6226043701171875e-06,1,44
91,2.6226043701171875e-06,1,44
92,2.6226043701171875e-06,1,44
93,2.6226043701171875e-06,1,44
94,2.6226043701171875e-06,1,44
95,2.6226043701171875e-06,1,44
96,2.6226043701171875e-06,1,44
97,2.6226043701171875e-06,1,44
98,2.6226043701171875e-06,1,44
99,2.6226043701171875e-06,1,44
100,2.6226043701171875e-06,1,44
101,2.6226043701171875e-06,1,44
102,2.6226043701171875e-06,1,44
103,2.6226043701171875e-06,1,44
104,2.6226043701171875e-06,1,44
105,2.6226043701171875e-06,1,44
106,2.6226043701171875e-06,1,44
107,2.6226043701171875e-06,1,44
108,2.6226043701171875e-06,1,44
109,2.6226043701171875e-06,1,44
110,2.6226043701171875e-06,1,44
111,2.6226043701171875e-06,1,44
112,2.6226043701171875e-06,1,44
113,2.6226043701171875e-06,1,44
114,2.6226043701171875e-06,1,44
115,2.6226043701171875e-06,1,44
116,2.6226043701171875e-06,1,44
117,2.6226043701171875e-06,1,44
118,2.6226043701171875e-06,1,44
119,2.6226043701171875e-06,1,44
120,2.6226043701171875e-06,1,44
121,2.6226043701171875e-06,1,44
122,2.6226043701171875e-06,1,44
123,2.6226043701171875e-06,1,44
124,2.6226043701171875e-06,1,44
125,2.6226043701171875e-06,1,44
126,2.6226043701171875e-06,1,44
127,2.6226043701171875e-06,1,44
128,2.6226043701171875e-06,1,44
129,2.6226043701171875e-06,1,44
130,2.6226043701171875e-06,1,44
131,2.6226043701171875e-06,1,44
132,2.6226043701171875e-06,1,44
133,2.6226043701171875e-06,1,44
134,2.6226043701171875e-06,1,44
135,2.6226043701171875e-06,1,44
136,2.6226043701171875e-06,1,44
137,2.6226043701171875e-06,1,44
138,2.6226043701171875e-06,1,44
139,2.6226043701171875e-06,1,44
140,2.6226043701171875e-06,1,44
141,2.6226043701171875e-06,1,44
142,2.6226043701171875e-06,1,44
143,2.6226043701171875e-06,1,44
144,2.6226043701171875e-06,1,44
145,2.6226043701171875e-06,1,44
146,2.6226043701171875e-06,1,44
147,2.6226043701171875e-06,1,44
148,2.6226043701171875e-06,1,44
149,2.6226043701171875e-06,1,44
150,2.6226043701171875e-06,1,44
151,2.6226043701171875e-06,1,44
152,2.6226043701171875e-06,1,44
153,2.6226043701171875e-06,1,44
154,2.6226043701171875e-06,1,44
155,2.6226043701171875e-06,1,44
156,2.6226043701171875e-06,1,44
157,2.6226043701171875e-06,1,44
158,2.6226043701171875e-06,1,44
159,2.6226043701171875e-06,1,44
160,2.6226043701171875e-06,1,44
161,2.6226043701171875e-06,1,44
162,2.6226043701171875e-06,1,44
163,2.6226043701171875e-06,1,44
164,2.6226043701171875e-06,1,44
165,2.6226043701171875e-06,1,44
166,2.6226043701171875e-06,1,44
167,2.6226043701171875e-06,1,44
168,2.6226043701171875e-06,1,44
169,2.6226043701171875e-06,1,44
170,2.6226043701171875e-06,1,44
171,2.6226043701171875e-06,1,44
172,2.6226043701171875e-06,1,44
173,2.6226043701171875e-06,1,44
174,2.6226043701171875e-06,1,44
175,2.6226043701171875e-06,1,44
176,2.6226043701171875e-06,1,44
177,2.6226043701171875e-06,1,44
178,2.6226043701171875e-06,1,44
179,2.6226043701171875e-06,1,44
180,2.6226043701171875e-06,1,44
181,2.6226043701171875e-06,1,44
182,2.6226043701171875e-06,1,44
183,2.6226043701171875e-06,1,44
184,2.6226043701171875e-06,1,44
185,2.6226043701171875e-06,1,44
186,2.6226043701171875e-06,1,44
187,2.6226043701171875e-06,1,44
188,2.6226043701171875e-06,1,44
189,2.6226043701171875e-06,1,44
190,2.6226043701171875e-06,1,44
191,2.6226043701171875e-06,1,44
192,2.6226043701171875e-06,1,44
193,2.6226043701171875e-06,1,44
194,2.6226043701171875e-06,1,44
195,2.6226043701171875e-06,1,44
196,2.6226043701171875e-06,1,44
197,2.6226043701171875e-06,1,44
198,2.6226043701171875e-06,1,44
199,2.6226043701171875e-06,1,44
200,2.6226043701171875e-06,1,44
1,1.5020370483398438e-05,1,45
2,1.5020370483398438e-05,1,45
3,1.5020370483398438e-05,1,45
4,1.5020370483398438e-05,1,45
5,1.5020370483398438e-05,1,45
6,1.5020370483398438e-05,1,45
7,1.5020370483398438e-05,1,45
8,1.5020370483398438e-05,1,45
9,1.5020370483398438e-05,1,45
10,1.5020370483398438e-05,1,45
11,1.5020370483398438e-05,1,45
12,1.5020370483398438e-05,1,45
13,1.5020370483398438e-05,1,45
14,1.5020370483398438e-05,1,45
15,1.5020370483398438e-05,1,45
16,1.5020370483398438e-05,1,45
17,1.5020370483398438e-05,1,45
18,1.5020370483398438e-05,1,45
19,1.5020370483398438e-05,1,45
20,1.5020370483398438e-05,1,45
21,1.5020370483398438e-05,1,45
22,1.5020370483398438e-05,1,45
23,1.5020370483398438e-05,1,45
24,1.5020370483398438e-05,1,45
25,1.5020370483398438e-05,1,45
26,1.5020370483398438e-05,1,45
27,1.5020370483398438e-05,1,45
28,1.5020370483398438e-05,1,45
29,1.5020370483398438e-05,1,45
30,1.5020370483398438e-05,1,45
31,1.5020370483398438e-05,1,45
32,1.5020370483398438e-05,1,45
33,1.5020370483398438e-05,1,45
34,1.5020370483398438e-05,1,45
35,1.5020370483398438e-05,1,45
36,1.5020370483398438e-05,1,45
37,1.5020370483398438e-05,1,45
38,1.5020370483398438e-05,1,45
39,1.5020370483398438e-05,1,45
40,1.5020370483398438e-05,1,45
41,1.5020370483398438e-05,1,45
42,1.5020370483398438e-05,1,45
43,1.5020370483398438e-05,1,45
44,1.5020370483398438e-05,1,45
45,1.5020370483398438e-05,1,45
46,1.5020370483398438e-05,1,45
47,1.5020370483398438e-05,1,45
48,1.5020370483398438e-05,1,45
49,1.5020370483398438e-05,1,45
50,1.5020370483398438e-05,1,45
51,1.5020370483398438e-05,1,45
52,1.5020370483398438e-05,1,45
53,1.5020370483398438e-05,1,45
54,1.5020370483398438e-05,1,45
55,1.5020370483398438e-05,1,45
56,1.5020370483398438e-05,1,45
57,1.5020370483398438e-05,1,45
58,1.5020370483398438e-05,1,45
59,1.5020370483398438e-05,1,45
60,1.5020370483398438e-05,1,45
61,1.5020370483398438e-05,1,45
62,1.5020370483398438e-05,1,45
63,1.5020370483398438e-05,1,45
64,1.5020370483398438e-05,1,45
65,1.5020370483398438e-05,1,45
66,1.5020370483398438e-05,1,45
67,1.5020370483398438e-05,1,45
68,1.5020370483398438e-05,1,45
69,1.5020370483398438e-05,1,45
70,1.5020370483398438e-05,1,45
71,1.5020370483398438e-05,1,45
72,1.5020370483398438e-05,1,45
73,1.5020370483398438e-05,1,45
74,1.5020370483398438e-05,1,45
75,1.5020370483398438e-05,1,45
76,1.5020370483398438e-05,1,45
77,1.5020370483398438e-05,1,45
78,1.5020370483398438e-05,1,45
79,1.5020370483398438e-05,1,45
80,1.5020370483398438e-05,1,45
81,1.5020370483398438e-05,1,45
82,1.5020370483398438e-05,1,45
83,1.5020370483398438e-05,1,45
84,1.5020370483398438e-05,1,45
85,1.5020370483398438e-05,1,45
86,1.5020370483398438e-05,1,45
87,1.5020370483398438e-05,1,45
88,1.5020370483398438e-05,1,45
89,1.5020370483398438e-05,1,45
90,1.5020370483398438e-05,1,45
91,1.5020370483398438e-05,1,45
92,1.5020370483398438e-05,1,45
93,1.5020370483398438e-05,1,45
94,1.5020370483398438e-05,1,45
95,1.5020370483398438e-05,1,45
96,1.5020370483398438e-05,1,45
97,1.5020370483398438e-05,1,45
98,1.5020370483398438e-05,1,45
99,1.5020370483398438e-05,1,45
100,1.5020370483398438e-05,1,45
101,1.5020370483398438e-05,1,45
102,1.5020370483398438e-05,1,45
103,1.5020370483398438e-05,1,45
104,1.5020370483398438e-05,1,45
105,1.5020370483398438e-05,1,45
106,1.5020370483398438e-05,1,45
107,1.5020370483398438e-05,1,45
108,1.5020370483398438e-05,1,45
109,1.5020370483398438e-05,1,45
110,1.5020370483398438e-05,1,45
111,1.5020370483398438e-05,1,45
112,1.5020370483398438e-05,1,45
113,1.5020370483398438e-05,1,45
114,1.5020370483398438e-05,1,45
115,1.5020370483398438e-05,1,45
116,1.5020370483398438e-05,1,45
117,1.5020370483398438e-05,1,45
118,1.5020370483398438e-05,1,45
119,1.5020370483398438e-05,1,45
120,1.5020370483398438e-05,1,45
121,1.5020370483398438e-05,1,45
122,1.5020370483398438e-05,1,45
123,1.5020370483398438e-05,1,45
124,1.5020370483398438e-05,1,45
125,1.5020370483398438e-05,1,45
126,1.5020370483398438e-05,1,45
127,1.5020370483398438e-05,1,45
128,1.5020370483398438e-05,1,45
129,1.5020370483398438e-05,1,45
130,1.5020370483398438e-05,1,45
131,1.5020370483398438e-05,1,45
132,1.5020370483398438e-05,1,45
133,1.5020370483398438e-05,1,45
134,1.5020370483398438e-05,1,45
135,1.5020370483398438e-05,1,45
136,1.5020370483398438e-05,1,45
137,1.5020370483398438e-05,1,45
138,1.5020370483398438e-05,1,45
139,1.5020370483398438e-05,1,45
140,1.5020370483398438e-05,1,45
141,1.5020370483398438e-05,1,45
142,1.5020370483398438e-05,1,45
143,1.5020370483398438e-05,1,45
144,1.5020370483398438e-05,1,45
145,1.5020370483398438e-05,1,45
146,1.5020370483398438e-05,1,45
147,1.5020370483398438e-05,1,45
148,1.5020370483398438e-05,1,45
149,1.5020370483398438e-05,1,45
150,1.5020370483398438e-05,1,45
151,1.5020370483398438e-05,1,45
152,1.5020370483398438e-05,1,45
153,1.5020370483398438e-05,1,45
154,1.5020370483398438e-05,1,45
155,1.5020370483398438e-05,1,45
156,1.5020370483398438e-05,1,45
157,1.5020370483398438e-05,1,45
158,1.5020370483398438e-05,1,45
159,1.5020370483398438e-05,1,45
160,1.5020370483398438e-05,1,45
161,1.5020370483398438e-05,1,45
162,1.5020370483398438e-05,1,45
163,1.5020370483398438e-05,1,45
164,1.5020370483398438e-05,1,45
165,1.5020370483398438e-05,1,45
166,1.5020370483398438e-05,1,45
167,1.5020370483398438e-05,1,45
168,1.5020370483398438e-05,1,45
169,1.5020370483398438e-05,1,45
170,1.5020370483398438e-05,1,45
171,1.5020370483398438e-05,1,45
172,1.5020370483398438e-05,1,45
173,1.5020370483398438e-05,1,45
174,1.5020370483398438e-05,1,45
175,1.5020370483398438e-05,1,45
176,1.5020370483398438e-05,1,45
177,1.5020370483398438e-05,1,45
178,1.5020370483398438e-05,1,45
179,1.5020370483398438e-05,1,45
180,1.5020370483398438e-05,1,45
181,1.5020370483398438e-05,1,45
182,1.5020370483398438e-05,1,45
183,1.5020370483398438e-05,1,45
184,1.5020370483398438e-05,1,45
185,1.5020370483398438e-05,1,45
186,1.5020370483398438e-05,1,45
187,1.5020370483398438e-05,1,45
188,1.5020370483398438e-05,1,45
189,1.5020370483398438e-05,1,45
190,1.5020370483398438e-05,1,45
191,1.5020370483398438e-05,1,45
192,1.5020370483398438e-05,1,45
193,1.5020370483398438e-05,1,45
194,1.5020370483398438e-05,1,45
195,1.5020370483398438e-05,1,45
196,1.5020370483398438e-05,1,45
197,1.5020370483398438e-05,1,45
198,1.5020370483398438e-05,1,45
199,1.5020370483398438e-05,1,45
200,1.5020370483398438e-05,1,45
1,0.00011134147644042969,1,46
2,0.00011134147644042969,1,46
3,0.00011134147644042969,1,46
4,0.00011134147644042969,1,46
5,0.00011134147644042969,1,46
6,0.00011146068572998047,1,46
7,0.00011134147644042969,1,46
8,0.00011134147644042969,1,46
9,0.00011134147644042969,1,46
10,0.00011134147644042969,1,46
11,0.00011134147644042969,1,46
12,0.00011134147644042969,1,46
13,0.00011134147644042969,1,46
14,0.00011134147644042969,1,46
15,0.00011134147644042969,1,46
16,0.00011134147644042969,1,46
17,0.00011134147644042969,1,46
18,0.00011134147644042969,1,46
19,0.00011134147644042969,1,46
20,0.00011134147644042969,1,46
21,0.00011134147644042969,1,46
22,0.00011134147644042969,1,46
23,0.00011134147644042969,1,46
24,0.00011134147644042969,1,46
25,0.00011134147644042969,1,46
26,0.00011134147644042969,1,46
27,0.00011134147644042969,1,46
28,0.00011134147644042969,1,46
29,0.00011134147644042969,1,46
30,0.00011134147644042969,1,46
31,0.00011134147644042969,1,46
32,0.00011134147644042969,1,46
33,0.00011134147644042969,1,46
34,0.00011134147644042969,1,46
35,0.00011134147644042969,1,46
36,0.00011134147644042969,1,46
37,0.00011134147644042969,1,46
38,0.00011134147644042969,1,46
39,0.00011134147644042969,1,46
40,0.00011134147644042969,1,46
41,0.00011134147644042969,1,46
42,0.00011134147644042969,1,46
43,0.00011134147644042969,1,46
44,0.00011134147644042969,1,46
45,0.00011134147644042969,1,46
46,0.00011134147644042969,1,46
47,0.00011134147644042969,1,46
48,0.00011134147644042969,1,46
49,0.00011134147644042969,1,46
50,0.00011134147644042969,1,46
51,0.00011134147644042969,1,46
52,0.00011134147644042969,1,46
53,0.00011134147644042969,1,46
54,0.00011134147644042969,1,46
55,0.00011134147644042969,1,46
56,0.00011134147644042969,1,46
57,0.00011134147644042969,1,46
58,0.00011134147644042969,1,46
59,0.00011134147644042969,1,46
60,0.00011134147644042969,1,46
61,0.00011134147644042969,1,46
62,0.00011134147644042969,1,46
63,0.00011134147644042969,1,46
64,0.00011134147644042969,1,46
65,0.00011134147644042969,1,46
66,0.00011134147644042969,1,46
67,0.00011134147644042969,1,46
68,0.00011134147644042969,1,46
69,0.00011134147644042969,1,46
70,0.00011134147644042969,1,46
71,0.00011134147644042969,1,46
72,0.00011134147644042969,1,46
73,0.00011134147644042969,1,46
74,0.00011134147644042969,1,46
75,0.00011134147644042969,1,46
76,0.00011134147644042969,1,46
77,0.00011134147644042969,1,46
78,0.00011134147644042969,1,46
79,0.00011134147644042969,1,46
80,0.00011134147644042969,1,46
81,0.00011134147644042969,1,46
82,0.00011134147644042969,1,46
83,0.00011134147644042969,1,46
84,0.00011134147644042969,1,46
85,0.00011134147644042969,1,46
86,0.00011134147644042969,1,46
87,0.00011134147644042969,1,46
88,0.00011134147644042969,1,46
89,0.00011134147644042969,1,46
90,0.00011134147644042969,1,46
91,0.00011134147644042969,1,46
92,0.00011134147644042969,1,46
93,0.00011134147644042969,1,46
94,0.00011134147644042969,1,46
95,0.00011134147644042969,1,46
96,0.00011134147644042969,1,46
97,0.00011134147644042969,1,46
98,0.00011134147644042969,1,46
99,0.00011134147644042969,1,46
100,0.00011134147644042969,1,46
101,0.00011134147644042969,1,46
102,0.00011134147644042969,1,46
103,0.00011134147644042969,1,46
104,0.00011134147644042969,1,46
105,0.00011134147644042969,1,46
106,0.00011134147644042969,1,46
107,0.00011134147644042969,1,46
108,0.00011134147644042969,1,46
109,0.00011134147644042969,1,46
110,0.00011134147644042969,1,46
111,0.00011134147644042969,1,46
112,0.00011134147644042969,1,46
113,0.00011134147644042969,1,46
114,0.00011134147644042969,1,46
115,0.00011134147644042969,1,46
116,0.00011134147644042969,1,46
117,0.00011134147644042969,1,46
118,0.00011134147644042969,1,46
119,0.00011134147644042969,1,46
120,0.00011134147644042969,1,46
121,0.00011134147644042969,1,46
122,0.00011134147644042969,1,46
123,0.00011134147644042969,1,46
124,0.00011134147644042969,1,46
125,0.00011134147644042969,1,46
126,0.00011134147644042969,1,46
127,0.00011134147644042969,1,46
128,0.00011134147644042969,1,46
129,0.00011134147644042969,1,46
130,0.00011134147644042969,1,46
131,0.00011134147644042969,1,46
132,0.00011134147644042969,1,46
133,0.00011134147644042969,1,46
134,0.00011134147644042969,1,46
135,0.00011134147644042969,1,46
136,0.00011134147644042969,1,46
137,0.00011134147644042969,1,46
138,0.00011134147644042969,1,46
139,0.00011134147644042969,1,46
140,0.00011134147644042969,1,46
141,0.00011134147644042969,1,46
142,0.00011134147644042969,1,46
143,0.00011134147644042969,1,46
144,0.00011134147644042969,1,46
145,0.00011134147644042969,1,46
146,0.00011134147644042969,1,46
147,0.00011134147644042969,1,46
148,0.00011134147644042969,1,46
149,0.00011134147644042969,1,46
150,0.00011134147644042969,1,46
151,0.00011134147644042969,1,46
152,0.00011134147644042969,1,46
153,0.00011134147644042969,1,46
154,0.00011134147644042969,1,46
155,0.00011134147644042969,1,46
156,0.00011134147644042969,1,46
157,0.00011134147644042969,1,46
158,0.00011134147644042969,1,46
159,0.00011134147644042969,1,46
160,0.00011134147644042969,1,46
161,0.00011134147644042969,1,46
162,0.00011134147644042969,1,46
163,0.00011134147644042969,1,46
164,0.00011134147644042969,1,46
165,0.00011134147644042969,1,46
166,0.00011134147644042969,1,46
167,0.00011134147644042969,1,46
168,0.00011134147644042969,1,46
169,0.00011134147644042969,1,46
170,0.00011134147644042969,1,46
171,0.00011134147644042969,1,46
172,0.00011134147644042969,1,46
173,0.00011134147644042969,1,46
174,0.00011134147644042969,1,46
175,0.00011134147644042969,1,46
176,0.00011134147644042969,1,46
177,0.00011134147644042969,1,46
178,0.00011134147644042969,1,46
179,0.00011134147644042969,1,46
180,0.00011134147644042969,1,46
181,0.00011134147644042969,1,46
182,0.00011134147644042969,1,46
183,0.00011134147644042969,1,46
184,0.00011134147644042969,1,46
185,0.00011134147644042969,1,46
186,0.00011134147644042969,1,46
187,0.00011134147644042969,1,46
188,0.00011134147644042969,1,46
189,0.00011134147644042969,1,46
190,0.00011134147644042969,1,46
191,0.00011134147644042969,1,46
192,0.00011134147644042969,1,46
193,0.00011134147644042969,1,46
194,0.00011134147644042969,1,46
195,0.00011134147644042969,1,46
196,0.00011134147644042969,1,46
197,0.00011134147644042969,1,46
198,0.00011134147644042969,1,46
199,0.00011134147644042969,1,46
200,0.00011134147644042969,1,46
1,0.0006605982780456543,1,47
2,0.0006605982780456543,1,47
3,0.0006605982780456543,1,47
4,0.0006605982780456543,1,47
5,0.0006605982780456543,1,47
6,0.0006605982780456543,1,47
7,0.0006605982780456543,1,47
8,0.0006605982780456543,1,47
9,0.0006605982780456543,1,47
10,0.0006605982780456543,1,47
11,0.0006605982780456543,1,47
12,0.0006605982780456543,1,47
13,0.0006605982780456543,1,47
14,0.0006605982780456543,1,47
15,0.0006605982780456543,1,47
16,0.0006605982780456543,1,47
17,0.0006605982780456543,1,47
18,0.0006605982780456543,1,47
19,0.0006605982780456543,1,47
20,0.0006605982780456543,1,47
21,0.0006605982780456543,1,47
22,0.0006605982780456543,1,47
23,0.0006605982780456543,1,47
24,0.0006605982780456543,1,47
25,0.0006605982780456543,1,47
26,0.0006605982780456543,1,47
27,0.0006605982780456543,1,47
28,0.0006605982780456543,1,47
29,0.0006605982780456543,1,47
30,0.0006605982780456543,1,47
31,0.0006605982780456543,1,47
32,0.0006605982780456543,1,47
33,0.0006605982780456543,1,47
34,0.0006605982780456543,1,47
35,0.0006605982780456543,1,47
36,0.0006605982780456543,1,47
37,0.0006605982780456543,1,47
38,0.0006605982780456543,1,47
39,0.0006605982780456543,1,47
40,0.0006605982780456543,1,47
41,0.0006605982780456543,1,47
42,0.0006605982780456543,1,47
43,0.0006605982780456543,1,47
44,0.0006605982780456543,1,47
45,0.0006605982780456543,1,47
46,0.0006605982780456543,1,47
47,0.0006605982780456543,1,47
48,0.0006605982780456543,1,47
49,0.0006605982780456543,1,47
50,0.0006605982780456543,1,47
51,0.0006605982780456543,1,47
52,0.0006605982780456543,1,47
53,0.0006605982780456543,1,47
54,0.0006605982780456543,1,47
55,0.0006605982780456543,1,47
56,0.0006605982780456543,1,47
57,0.0006605982780456543,1,47
58,0.0006605982780456543,1,47
59,0.0006605982780456543,1,47
60,0.0006605982780456543,1,47
61,0.0006605982780456543,1,47
62,0.0006605982780456543,1,47
63,0.0006605982780456543,1,47
64,0.0006605982780456543,1,47
65,0.0006605982780456543,1,47
66,0.0006605982780456543,1,47
67,0.0006605982780456543,1,47
68,0.0006605982780456543,1,47
69,0.0006605982780456543,1,47
70,0.0006605982780456543,1,47
71,0.0006605982780456543,1,47
72,0.0006605982780456543,1,47
73,0.0006605982780456543,1,47
74,0.0006605982780456543,1,47
75,0.0006605982780456543,1,47
76,0.0006605982780456543,1,47
77,0.0006605982780456543,1,47
78,0.0006605982780456543,1,47
79,0.0006605982780456543,1,47
80,0.0006605982780456543,1,47
81,0.0006605982780456543,1,47
82,0.0006605982780456543,1,47
83,0.0006605982780456543,1,47
84,0.0006605982780456543,1,47
85,0.0006605982780456543,1,47
86,0.0006605982780456543,1,47
87,0.0006605982780456543,1,47
88,0.0006605982780456543,1,47
89,0.0006605982780456543,1,47
90,0.0006605982780456543,1,47
91,0.0006605982780456543,1,47
92,0.0006605982780456543,1,47
93,0.0006605982780456543,1,47
94,0.0006605982780456543,1,47
95,0.0006605982780456543,1,47
96,0.0006605982780456543,1,47
97,0.0006605982780456543,1,47
98,0.0006605982780456543,1,47
99,0.0006605982780456543,1,47
100,0.0006605982780456543,1,47
101,0.0006605982780456543,1,47
102,0.0006605982780456543,1,47
103,0.0006605982780456543,1,47
104,0.0006605982780456543,1,47
105,0.0006605982780456543,1,47
106,0.0006605982780456543,1,47
107,0.0006605982780456543,1,47
108,0.0006605982780456543,1,47
109,0.0006605982780456543,1,47
110,0.0006605982780456543,1,47
111,0.0006605982780456543,1,47
112,0.0006605982780456543,1,47
113,0.0006605982780456543,1,47
114,0.0006605982780456543,1,47
115,0.0006605982780456543,1,47
116,0.0006605982780456543,1,47
117,0.0006605982780456543,1,47
118,0.0006605982780456543,1,47
119,0.0006605982780456543,1,47
120,0.0006605982780456543,1,47
121,0.0006605982780456543,1,47
122,0.0006605982780456543,1,47
123,0.0006605982780456543,1,47
124,0.0006605982780456543,1,47
125,0.0006605982780456543,1,47
126,0.0006605982780456543,1,47
127,0.0006605982780456543,1,47
128,0.0006605982780456543,1,47
129,0.0006605982780456543,1,47
130,0.0006605982780456543,1,47
131,0.0006605982780456543,1,47
132,0.0006605982780456543,1,47
133,0.0006605982780456543,1,47
134,0.0006605982780456543,1,47
135,0.0006605982780456543,1,47
136,0.0006605982780456543,1,47
137,0.0006605982780456543,1,47
138,0.0006605982780456543,1,47
139,0.0006605982780456543,1,47
140,0.0006605982780456543,1,47
141,0.0006605982780456543,1,47
142,0.0006605982780456543,1,47
143,0.0006605982780456543,1,47
144,0.0006605982780456543,1,47
145,0.0006605982780456543,1,47
146,0.0006605982780456543,1,47
147,0.0006605982780456543,1,47
148,0.0006605982780456543,1,47
149,0.0006605982780456543,1,47
150,0.0006605982780456543,1,47
151,0.0006605982780456543,1,47
152,0.0006605982780456543,1,47
153,0.0006605982780456543,1,47
154,0.0006605982780456543,1,47
155,0.0006605982780456543,1,47
156,0.0006605982780456543,1,47
157,0.0006605982780456543,1,47
158,0.0006605982780456543,1,47
159,0.0006605982780456543,1,47
160,0.0006605982780456543,1,47
161,0.0006605982780456543,1,47
162,0.0006605982780456543,1,47
163,0.0006605982780456543,1,47
164,0.0006605982780456543,1,47
165,0.0006605982780456543,1,47
166,0.0006605982780456543,1,47
167,0.0006605982780456543,1,47
168,0.0006605982780456543,1,47
169,0.0006605982780456543,1,47
170,0.0006605982780456543,1,47
171,0.0006605982780456543,1,47
172,0.0006605982780456543,1,47
173,0.0006605982780456543,1,47
174,0.0006605982780456543,1,47
175,0.0006605982780456543,1,47
176,0.0006605982780456543,1,47
177,0.0006605982780456543,1,47
178,0.0006605982780456543,1,47
179,0.0006605982780456543,1,47
180,0.0006605982780456543,1,47
181,0.0006605982780456543,1,47
182,0.0006605982780456543,1,47
183,0.0006605982780456543,1,47
184,0.0006605982780456543,1,47
185,0.0006605982780456543,1,47
186,0.0006605982780456543,1,47
187,0.0006605982780456543,1,47
188,0.0006605982780456543,1,47
189,0.0006605982780456543,1,47
190,0.0006605982780456543,1,47
191,0.0006605982780456543,1,47
192,0.0006605982780456543,1,47
193,0.0006605982780456543,1,47
194,0.0006605982780456543,1,47
195,0.0006605982780456543,1,47
196,0.0006605982780456543,1,47
197,0.0006605982780456543,1,47
198,0.0006605982780456543,1,47
199,0.0006605982780456543,1,47
200,0.0006605982780456543,1,47
1,0.5625201463699341,4,48
2,0.5625201463699341,4,48
3,0.5625201463699341,4,48
4,0.5625201463699341,4,48
5,0.693915843963623,4,48
6,0.693915843963623,4,48
7,0.693915843963623,4,48
8,0.693915843963623,4,48
9,0.693915843963623,4,48
10,0.693915843963623,4,48
11,0.693915843963623,4,48
12,0.7166371941566467,4,48
13,0.7166371941566467,4,48
14,0.7166371941566467,4,48
15,0.7165733873844147,4,48
16,0.7171371877193451,4,48
17,0.8171159029006958,4,48
18,0.8171159029006958,4,48
19,0.8171159029006958,4,48
20,0.8171159029006958,4,48
21,0.8171159029006958,4,48
22,0.8171159029006958,4,48
23,0.8258850127458572,4,48
24,0.826652318239212,4,48
25,0.807844415307045,4,48
26,0.807844415307045,4,48
27,0.8560027629137039,4,48
28,0.8560027629137039,4,48
29,0.8560027629137039,4,48
30,0.8560027629137039,4,48
31,0.8565037846565247,4,48
32,0.8565037846565247,4,48
33,0.8565037846565247,4,48
34,0.8565037846565247,4,48
35,0.8565037846565247,4,48
36,0.8565037846565247,4,48
37,0.8565037846565247,4,48
38,0.8565037846565247,4,48
39,0.8565037846565247,4,48
40,0.8565037846565247,4,48
41,0.857743501663208,4,48
42,0.857743501663208,4,48
43,0.857743501663208,4,48
44,0.857743501663208,4,48
45,0.857743501663208,4,48
46,0.857743501663208,4,48
47,0.857743501663208,4,48
48,0.857743501663208,4,48
49,0.857743501663208,4,48
50,0.857743501663208,4,48
51,0.857743501663208,4,48
52,0.857743501663208,4,48
53,0.857743501663208,4,48
54,0.8565852791070938,4,48
55,0.8565852791070938,4,48
56,0.8565852791070938,4,48
57,0.8565852791070938,4,48
58,0.8725029975175858,4,48
59,0.8725029975175858,4,48
60,0.8725029975175858,4,48
61,0.8725029975175858,4,48
62,0.8725029975175858,4,48
63,0.8725029975175858,4,48
64,0.8725029975175858,4,48
65,0.8733603805303574,4,48
66,0.8733603805303574,4,48
67,0.8733603805303574,4,48
68,0.8733603805303574,4,48
69,0.8733603805303574,4,48
70,0.8733668923377991,4,48
71,0.8733668923377991,4,48
72,0.8733668923377991,4,48
73,0.8733668923377991,4,48
74,0.8733668923377991,4,48
75,0.8733668923377991,4,48
76,0.8733668923377991,4,48
77,0.8733668923377991,4,48
78,0.8733668923377991,4,48
79,0.8733668923377991,4,48
80,0.8733668923377991,4,48
81,0.8733668923377991,4,48
82,0.8733668923377991,4,48
83,0.8733668923377991,4,48
84,0.8733668923377991,4,48
85,0.8733668923377991,4,48
86,0.8733668923377991,4,48
87,0.8733668923377991,4,48
88,0.8733668923377991,4,48
89,0.8733668923377991,4,48
90,0.8733668923377991,4,48
91,0.8733668923377991,4,48
92,0.8733668923377991,4,48
93,0.870422899723053,4,48
94,0.870422899723053,4,48
95,0.870422899723053,4,48
96,0.870422899723053,4,48
97,0.870422899723053,4,48
98,0.870422899723053,4,48
99,0.870422899723053,4,48
100,0.870422899723053,4,48
101,0.870422899723053,4,48
102,0.870422899723053,4,48
103,0.870422899723053,4,48
104,0.870422899723053,4,48
105,0.8886316791176796,4,48
106,0.8886316791176796,4,48
107,0.8886316791176796,4,48
108,0.8886316791176796,4,48
109,0.8886316791176796,4,48
110,0.8886316791176796,4,48
111,0.8886316791176796,4,48
112,0.8886316791176796,4,48
113,0.8886316791176796,4,48
114,0.8886316791176796,4,48
115,0.8886316791176796,4,48
116,0.8886316791176796,4,48
117,0.8886316791176796,4,48
118,0.8886316791176796,4,48
119,0.8886316791176796,4,48
120,0.8886316791176796,4,48
121,0.8886316791176796,4,48
122,0.8886316791176796,4,48
123,0.8886316791176796,4,48
124,0.8886316791176796,4,48
125,0.8886316791176796,4,48
126,0.8886316791176796,4,48
127,0.8886316791176796,4,48
128,0.8886316791176796,4,48
129,0.8886316791176796,4,48
130,0.8886316791176796,4,48
131,0.8886316791176796,4,48
132,0.8886316791176796,4,48
133,0.8886316791176796,4,48
134,0.8886316791176796,4,48
135,0.8886316791176796,4,48
136,0.8886316791176796,4,48
137,0.8886316791176796,4,48
138,0.8886316791176796,4,48
139,0.8886316791176796,4,48
140,0.8886316791176796,4,48
141,0.8886316791176796,4,48
142,0.8886316791176796,4,48
143,0.8886316791176796,4,48
144,0.8886316791176796,4,48
145,0.8886316791176796,4,48
146,0.8886316791176796,4,48
147,0.8886316791176796,4,48
148,0.8886316791176796,4,48
149,0.8886316791176796,4,48
150,0.8886316791176796,4,48
151,0.8886316791176796,4,48
152,0.8886316791176796,4,48
153,0.8886316791176796,4,48
154,0.8886316791176796,4,48
155,0.8886316791176796,4,48
156,0.8886316791176796,4,48
157,0.8886316791176796,4,48
158,0.8886316791176796,4,48
159,0.8886316791176796,4,48
160,0.8886316791176796,4,48
161,0.8886316791176796,4,48
162,0.8886316791176796,4,48
163,0.8886316791176796,4,48
164,0.8886316791176796,4,48
165,0.8886316791176796,4,48
166,0.8886316791176796,4,48
167,0.8886316791176796,4,48
168,0.8886316791176796,4,48
169,0.8888513594865799,4,48
170,0.8888513594865799,4,48
171,0.8888513594865799,4,48
172,0.8888513594865799,4,48
173,0.8888513594865799,4,48
174,0.8888513594865799,4,48
175,0.8888513594865799,4,48
176,0.8888513594865799,4,48
177,0.8888513594865799,4,48
178,0.8888513594865799,4,48
179,0.8888513594865799,4,48
180,0.8888513594865799,4,48
181,0.8888513594865799,4,48
182,0.8888513594865799,4,48
183,0.8888513594865799,4,48
184,0.8888513594865799,4,48
185,0.8888513594865799,4,48
186,0.8888513594865799,4,48
187,0.8888513594865799,4,48
188,0.8888513594865799,4,48
189,0.8888513594865799,4,48
190,0.8888513594865799,4,48
191,0.8888513594865799,4,48
192,0.8888513594865799,4,48
193,0.8888513594865799,4,48
194,0.8888513594865799,4,48
195,0.8888513594865799,4,48
196,0.8888513594865799,4,48
197,0.8888513594865799,4,48
198,0.8888513594865799,4,48
199,0.8888513594865799,4,48
200,0.8888513594865799,4,48
1,0.5297308266162872,1,49
2,0.5297366082668304,1,49
3,0.5299051702022552,1,49
4,0.5297394394874573,1,49
5,0.5297394394874573,1,49
6,0.5297394394874573,1,49
7,0.5297394394874573,1,49
8,0.5297394394874573,1,49
9,0.5297394394874573,1,49
10,0.5297394394874573,1,49
11,0.5297394394874573,1,49
12,0.5297394394874573,1,49
13,0.5297481417655945,1,49
14,0.5297481417655945,1,49
15,0.5297481417655945,1,49
16,0.5297500789165497,1,49
17,0.5297500789165497,1,49
18,0.5297500789165497,1,49
19,0.5297500789165497,1,49
20,0.5297500789165497,1,49
21,0.5297500789165497,1,49
22,0.5297500789165497,1,49
23,0.5297500789165497,1,49
24,0.5297500789165497,1,49
25,0.5297500789165497,1,49
26,0.5297496914863586,1,49
27,0.5297497510910034,1,49
28,0.5297497510910034,1,49
29,0.5297496914863586,1,49
30,0.5297498106956482,1,49
31,0.5297498106956482,1,49
32,0.5297498106956482,1,49
33,0.5297498106956482,1,49
34,0.5297498106956482,1,49
35,0.5297496914863586,1,49
36,0.5297496914863586,1,49
37,0.5297496914863586,1,49
38,0.5297496318817139,1,49
39,0.5297496318817139,1,49
40,0.5297496914863586,1,49
41,0.5297496914863586,1,49
42,0.5297496914863586,1,49
43,0.5297496914863586,1,49
44,0.5297496914863586,1,49
45,0.5297496914863586,1,49
46,0.5297496914863586,1,49
47,0.5297496914863586,1,49
48,0.5297496914863586,1,49
49,0.529749870300293,1,49
50,0.5297497510910034,1,49
51,0.5297497510910034,1,49
52,0.5297497510910034,1,49
53,0.5297497510910034,1,49
54,0.5297497510910034,1,49
55,0.5297497510910034,1,49
56,0.5297497510910034,1,49
57,0.5297497510910034,1,49
58,0.5297497510910034,1,49
59,0.5297497510910034,1,49
60,0.5297497510910034,1,49
61,0.5297497510910034,1,49
62,0.5297497510910034,1,49
63,0.5297497510910034,1,49
64,0.5297497510910034,1,49
65,0.5297497510910034,1,49
66,0.5297497510910034,1,49
67,0.5297497510910034,1,49
68,0.5297497510910034,1,49
69,0.5297497510910034,1,49
70,0.5297497510910034,1,49
71,0.5297497510910034,1,49
72,0.5297497510910034,1,49
73,0.5297497510910034,1,49
74,0.5297497510910034,1,49
75,0.5297497510910034,1,49
76,0.5297497510910034,1,49
77,0.5297497510910034,1,49
78,0.5297497510910034,1,49
79,0.5297497510910034,1,49
80,0.5297497510910034,1,49
81,0.5297497510910034,1,49
82,0.5297497510910034,1,49
83,0.5297497510910034,1,49
84,0.5297497510910034,1,49
85,0.5297497510910034,1,49
86,0.5297497510910034,1,49
87,0.5297497510910034,1,49
88,0.5297497510910034,1,49
89,0.5297497510910034,1,49
90,0.5297497510910034,1,49
91,0.5297497510910034,1,49
92,0.5297497510910034,1,49
93,0.5297497510910034,1,49
94,0.5297497510910034,1,49
95,0.5297497510910034,1,49
96,0.5297497510910034,1,49
97,0.5297497510910034,1,49
98,0.5297497510910034,1,49
99,0.5297497510910034,1,49
100,0.5297497510910034,1,49
101,0.5297497510910034,1,49
102,0.5297497510910034,1,49
103,0.5297497510910034,1,49
104,0.5297497510910034,1,49
105,0.5297497510910034,1,49
106,0.5297497510910034,1,49
107,0.5297497510910034,1,49
108,0.5297497510910034,1,49
109,0.5297497510910034,1,49
110,0.5297497510910034,1,49
111,0.5297497510910034,1,49
112,0.5297497510910034,1,49
113,0.5297497510910034,1,49
114,0.5297497510910034,1,49
115,0.5297497510910034,1,49
116,0.5297497510910034,1,49
117,0.5297497510910034,1,49
118,0.5297497510910034,1,49
119,0.5297497510910034,1,49
120,0.5297497510910034,1,49
121,0.5297497510910034,1,49
122,0.5297497510910034,1,49
123,0.5297497510910034,1,49
124,0.5297497510910034,1,49
125,0.5297497510910034,1,49
126,0.5297497510910034,1,49
127,0.5297497510910034,1,49
128,0.5297497510910034,1,49
129,0.5297497510910034,1,49
130,0.5297497510910034,1,49
131,0.5297497510910034,1,49
132,0.5297497510910034,1,49
133,0.5297497510910034,1,49
134,0.5297497510910034,1,49
135,0.5297497510910034,1,49
136,0.5297497510910034,1,49
137,0.5297497510910034,1,49
138,0.5297497510910034,1,49
139,0.5297497510910034,1,49
140,0.5297497510910034,1,49
141,0.5297497510910034,1,49
142,0.5297497510910034,1,49
143,0.5297497510910034,1,49
144,0.5297497510910034,1,49
145,0.5297497510910034,1,49
146,0.5297497510910034,1,49
147,0.5297497510910034,1,49
148,0.5297497510910034,1,49
149,0.5297497510910034,1,49
150,0.5297497510910034,1,49
151,0.5297497510910034,1,49
152,0.5297497510910034,1,49
153,0.5297497510910034,1,49
154,0.5297497510910034,1,49
155,0.5297497510910034,1,49
156,0.5297497510910034,1,49
157,0.5297497510910034,1,49
158,0.5297497510910034,1,49
159,0.5297497510910034,1,49
160,0.5297497510910034,1,49
161,0.5297497510910034,1,49
162,0.5297497510910034,1,49
163,0.5297497510910034,1,49
164,0.5297497510910034,1,49
165,0.5297497510910034,1,49
166,0.5297497510910034,1,49
167,0.5297497510910034,1,49
168,0.5297497510910034,1,49
169,0.5297497510910034,1,49
170,0.5297497510910034,1,49
171,0.5297497510910034,1,49
172,0.5297497510910034,1,49
173,0.5297497510910034,1,49
174,0.5297497510910034,1,49
175,0.5297497510910034,1,49
176,0.5297497510910034,1,49
177,0.5297497510910034,1,49
178,0.5297497510910034,1,49
179,0.5297497510910034,1,49
180,0.5297497510910034,1,49
181,0.5297497510910034,1,49
182,0.5297497510910034,1,49
183,0.5297497510910034,1,49
184,0.5297497510910034,1,49
185,0.5297497510910034,1,49
186,0.5297497510910034,1,49
187,0.5297497510910034,1,49
188,0.5297497510910034,1,49
189,0.5297497510910034,1,49
190,0.5297497510910034,1,49
191,0.5297497510910034,1,49
192,0.5297497510910034,1,49
193,0.5297497510910034,1,49
194,0.5297497510910034,1,49
195,0.5297497510910034,1,49
196,0.5297497510910034,1,49
197,0.5297497510910034,1,49
198,0.5297497510910034,1,49
199,0.5297497510910034,1,49
200,0.5297497510910034,1,49
1,1.4781951904296875e-05,1,50
2,1.4781951904296875e-05,1,50
3,1.4781951904296875e-05,1,50
4,1.4781951904296875e-05,1,50
5,1.4781951904296875e-05,1,50
6,1.4781951904296875e-05,1,50
7,1.4781951904296875e-05,1,50
8,1.4781951904296875e-05,1,50
9,1.4781951904296875e-05,1,50
10,1.4781951904296875e-05,1,50
11,1.4781951904296875e-05,1,50
12,1.4781951904296875e-05,1,50
13,1.4781951904296875e-05,1,50
14,1.4781951904296875e-05,1,50
15,1.4781951904296875e-05,1,50
16,1.4781951904296875e-05,1,50
17,1.4781951904296875e-05,1,50
18,1.4781951904296875e-05,1,50
19,1.4781951904296875e-05,1,50
20,1.4781951904296875e-05,1,50
21,1.4781951904296875e-05,1,50
22,1.4781951904296875e-05,1,50
23,1.4781951904296875e-05,1,50
24,1.4781951904296875e-05,1,50
25,1.4781951904296875e-05,1,50
26,1.4781951904296875e-05,1,50
27,1.4781951904296875e-05,1,50
28,1.4781951904296875e-05,1,50
29,1.4781951904296875e-05,1,50
30,1.4781951904296875e-05,1,50
31,1.4781951904296875e-05,1,50
32,1.4781951904296875e-05,1,50
33,1.4781951904296875e-05,1,50
34,1.4781951904296875e-05,1,50
35,1.4781951904296875e-05,1,50
36,1.4781951904296875e-05,1,50
37,1.4781951904296875e-05,1,50
38,1.4781951904296875e-05,1,50
39,1.4781951904296875e-05,1,50
40,1.4781951904296875e-05,1,50
41,1.4781951904296875e-05,1,50
42,1.4781951904296875e-05,1,50
43,1.4781951904296875e-05,1,50
44,1.4781951904296875e-05,1,50
45,1.4781951904296875e-05,1,50
46,1.4781951904296875e-05,1,50
47,1.4781951904296875e-05,1,50
48,1.4781951904296875e-05,1,50
49,1.4781951904296875e-05,1,50
50,1.4781951904296875e-05,1,50
51,1.4781951904296875e-05,1,50
52,1.4781951904296875e-05,1,50
53,1.4781951904296875e-05,1,50
54,1.4781951904296875e-05,1,50
55,1.4781951904296875e-05,1,50
56,1.4781951904296875e-05,1,50
57,1.4781951904296875e-05,1,50
58,1.4781951904296875e-05,1,50
59,1.4781951904296875e-05,1,50
60,1.4781951904296875e-05,1,50
61,1.4781951904296875e-05,1,50
62,1.4781951904296875e-05,1,50
63,1.4781951904296875e-05,1,50
64,1.4781951904296875e-05,1,50
65,1.4781951904296875e-05,1,50
66,1.4781951904296875e-05,1,50
67,1.4781951904296875e-05,1,50
68,1.4781951904296875e-05,1,50
69,1.4781951904296875e-05,1,50
70,1.4781951904296875e-05,1,50
71,1.4781951904296875e-05,1,50
72,1.4781951904296875e-05,1,50
73,1.4781951904296875e-05,1,50
74,1.4781951904296875e-05,1,50
75,1.4781951904296875e-05,1,50
76,1.4781951904296875e-05,1,50
77,1.4781951904296875e-05,1,50
78,1.4781951904296875e-05,1,50
79,1.4781951904296875e-05,1,50
80,1.4781951904296875e-05,1,50
81,1.4781951904296875e-05,1,50
82,1.4781951904296875e-05,1,50
83,1.4781951904296875e-05,1,50
84,1.4781951904296875e-05,1,50
85,1.4781951904296875e-05,1,50
86,1.4781951904296875e-05,1,50
87,1.4781951904296875e-05,1,50
88,1.4781951904296875e-05,1,50
89,1.4781951904296875e-05,1,50
90,1.4781951904296875e-05,1,50
91,1.4781951904296875e-05,1,50
92,1.4781951904296875e-05,1,50
93,1.4781951904296875e-05,1,50
94,1.4781951904296875e-05,1,50
95,1.4781951904296875e-05,1,50
96,1.4781951904296875e-05,1,50
97,1.4781951904296875e-05,1,50
98,1.4781951904296875e-05,1,50
99,1.4781951904296875e-05,1,50
100,1.4781951904296875e-05,1,50
101,1.4781951904296875e-05,1,50
102,1.4781951904296875e-05,1,50
103,1.4781951904296875e-05,1,50
104,1.4781951904296875e-05,1,50
105,1.4781951904296875e-05,1,50
106,1.4781951904296875e-05,1,50
107,1.4781951904296875e-05,1,50
108,1.4781951904296875e-05,1,50
109,1.4781951904296875e-05,1,50
110,1.4781951904296875e-05,1,50
111,1.4781951904296875e-05,1,50
112,1.4781951904296875e-05,1,50
113,1.4781951904296875e-05,1,50
114,1.4781951904296875e-05,1,50
115,1.4781951904296875e-05,1,50
116,1.4781951904296875e-05,1,50
117,1.4781951904296875e-05,1,50
118,1.4781951904296875e-05,1,50
119,1.4781951904296875e-05,1,50
120,1.4781951904296875e-05,1,50
121,1.4781951904296875e-05,1,50
122,1.4781951904296875e-05,1,50
123,1.4781951904296875e-05,1,50
124,1.4781951904296875e-05,1,50
125,1.4781951904296875e-05,1,50
126,1.4781951904296875e-05,1,50
127,1.4781951904296875e-05,1,50
128,1.4781951904296875e-05,1,50
129,1.4781951904296875e-05,1,50
130,1.4781951904296875e-05,1,50
131,1.4781951904296875e-05,1,50
132,1.4781951904296875e-05,1,50
133,1.4781951904296875e-05,1,50
134,1.4781951904296875e-05,1,50
135,1.4781951904296875e-05,1,50
136,1.4781951904296875e-05,1,50
137,1.4781951904296875e-05,1,50
138,1.4781951904296875e-05,1,50
139,1.4781951904296875e-05,1,50
140,1.4781951904296875e-05,1,50
141,1.4781951904296875e-05,1,50
142,1.4781951904296875e-05,1,50
143,1.4781951904296875e-05,1,50
144,1.4781951904296875e-05,1,50
145,1.4781951904296875e-05,1,50
146,1.4781951904296875e-05,1,50
147,1.4781951904296875e-05,1,50
148,1.4781951904296875e-05,1,50
149,1.4781951904296875e-05,1,50
150,1.4781951904296875e-05,1,50
151,1.4781951904296875e-05,1,50
152,1.4781951904296875e-05,1,50
153,1.4781951904296875e-05,1,50
154,1.4781951904296875e-05,1,50
155,1.4781951904296875e-05,1,50
156,1.4781951904296875e-05,1,50
157,1.4781951904296875e-05,1,50
158,1.4781951904296875e-05,1,50
159,1.4781951904296875e-05,1,50
160,1.4781951904296875e-05,1,50
161,1.4781951904296875e-05,1,50
162,1.4781951904296875e-05,1,50
163,1.4781951904296875e-05,1,50
164,1.4781951904296875e-05,1,50
165,1.4781951904296875e-05,1,50
166,1.4781951904296875e-05,1,50
167,1.4781951904296875e-05,1,50
168,1.4781951904296875e-05,1,50
169,1.4781951904296875e-05,1,50
170,1.4781951904296875e-05,1,50
171,1.4781951904296875e-05,1,50
172,1.4781951904296875e-05,1,50
173,1.4781951904296875e-05,1,50
174,1.4781951904296875e-05,1,50
175,1.4781951904296875e-05,1,50
176,1.4781951904296875e-05,1,50
177,1.4781951904296875e-05,1,50
178,1.4781951904296875e-05,1,50
179,1.4781951904296875e-05,1,50
180,1.4781951904296875e-05,1,50
181,1.4781951904296875e-05,1,50
182,1.4781951904296875e-05,1,50
183,1.4781951904296875e-05,1,50
184,1.4781951904296875e-05,1,50
185,1.4781951904296875e-05,1,50
186,1.4781951904296875e-05,1,50
187,1.4781951904296875e-05,1,50
188,1.4781951904296875e-05,1,50
189,1.4781951904296875e-05,1,50
190,1.4781951904296875e-05,1,50
191,1.4781951904296875e-05,1,50
192,1.4781951904296875e-05,1,50
193,1.4781951904296875e-05,1,50
194,1.4781951904296875e-05,1,50
195,1.4781951904296875e-05,1,50
196,1.4781951904296875e-05,1,50
197,1.4781951904296875e-05,1,50
198,1.4781951904296875e-05,1,50
199,1.4781951904296875e-05,1,50
200,1.4781951904296875e-05,1,50
1,0.9995933038298972,1,51
2,0.9995933038298972,1,51
3,0.9995933038298972,1,51
4,0.9995933038298972,1,51
5,0.9995933038298972,1,51
6,0.9995933038298972,1,51
7,0.9995933038298972,1,51
8,0.9995933038298972,1,51
9,0.9995933036261704,1,51
10,0.9995933036261704,1,51
11,0.9995933036261704,1,51
12,0.9995933030440938,1,51
13,0.9995933030440938,1,51
14,0.9995933030440938,1,51
15,0.9995933030440938,1,51
16,0.9995933030440938,1,51
17,0.9995933030440938,1,51
18,0.9995933030440938,1,51
19,0.9995933030440938,1,51
20,0.9995933030440938,1,51
21,0.9995933030440938,1,51
22,0.9995933030440938,1,51
23,0.9995933030440938,1,51
24,0.9995933030440938,1,51
25,0.9995933030440938,1,51
26,0.9995933030440938,1,51
27,0.9995933030440938,1,51
28,0.9995933030440938,1,51
29,0.9995933030440938,1,51
30,0.9995933030440938,1,51
31,0.9995933030440938,1,51
32,0.9995933030440938,1,51
33,0.9995933030440938,1,51
34,0.9995933030440938,1,51
35,0.9995933030440938,1,51
36,0.9995933030440938,1,51
37,0.9995933030440938,1,51
38,0.9995933030440938,1,51
39,0.9995933030440938,1,51
40,0.9995933030440938,1,51
41,0.9995933030440938,1,51
42,0.9995933030440938,1,51
43,0.9995933030440938,1,51
44,0.9995933030440938,1,51
45,0.9995933030440938,1,51
46,0.9995933030440938,1,51
47,0.9995933030440938,1,51
48,0.9995933030440938,1,51
49,0.9995933030440938,1,51
50,0.9995933030440938,1,51
51,0.9995933030440938,1,51
52,0.9995933030440938,1,51
53,0.9995933030440938,1,51
54,0.9995933030440938,1,51
55,0.9995933030440938,1,51
56,0.9995933030440938,1,51
57,0.9995933030440938,1,51
58,0.9995933030440938,1,51
59,0.9995933030440938,1,51
60,0.9995933030440938,1,51
61,0.9995933030440938,1,51
62,0.9995933030440938,1,51
63,0.9995933030440938,1,51
64,0.9995933030440938,1,51
65,0.9995933030440938,1,51
66,0.9995933030440938,1,51
67,0.9995933030440938,1,51
68,0.9995933030440938,1,51
69,0.9995933030440938,1,51
70,0.9995933030440938,1,51
71,0.9995933030440938,1,51
72,0.9995933030440938,1,51
73,0.9995933030440938,1,51
74,0.9995933030440938,1,51
75,0.9995933030440938,1,51
76,0.9995933030440938,1,51
77,0.9995933030440938,1,51
78,0.9995933030440938,1,51
79,0.9995933030440938,1,51
80,0.9995933030440938,1,51
81,0.9995933030440938,1,51
82,0.9995933030440938,1,51
83,0.9995933030440938,1,51
84,0.9995933030440938,1,51
85,0.9995933030440938,1,51
86,0.9995933030440938,1,51
87,0.9995933030440938,1,51
88,0.9995933030440938,1,51
89,0.9995933030440938,1,51
90,0.9995933030440938,1,51
91,0.9995933030440938,1,51
92,0.9995933030440938,1,51
93,0.9995933030440938,1,51
94,0.9995933030440938,1,51
95,0.9995933030440938,1,51
96,0.9995933030440938,1,51
97,0.9995933030440938,1,51
98,0.9995933030440938,1,51
99,0.9995933030440938,1,51
100,0.9995933030440938,1,51
101,0.9995933030440938,1,51
102,0.9995933030440938,1,51
103,0.9995933030440938,1,51
104,0.9995933030440938,1,51
105,0.9995933030440938,1,51
106,0.9995933030440938,1,51
107,0.9995933030440938,1,51
108,0.9995933030440938,1,51
109,0.9995933030440938,1,51
110,0.9995933030440938,1,51
111,0.9995933030440938,1,51
112,0.9995933030440938,1,51
113,0.9995933030440938,1,51
114,0.9995933030440938,1,51
115,0.9995933030440938,1,51
116,0.9995933030440938,1,51
117,0.9995933030440938,1,51
118,0.9995933030440938,1,51
119,0.9995933030440938,1,51
120,0.9995933030440938,1,51
121,0.9995933030440938,1,51
122,0.9995933030440938,1,51
123,0.9995933030440938,1,51
124,0.9995933030440938,1,51
125,0.9995933030440938,1,51
126,0.9995933030440938,1,51
127,0.9995933030440938,1,51
128,0.9995933030440938,1,51
129,0.9995933030440938,1,51
130,0.9995933030440938,1,51
131,0.9995933030440938,1,51
132,0.9995933030440938,1,51
133,0.9995933030440938,1,51
134,0.9995933030440938,1,51
135,0.9995933030440938,1,51
136,0.9995933030440938,1,51
137,0.9995933030440938,1,51
138,0.9995933030440938,1,51
139,0.9995933030440938,1,51
140,0.9995933030440938,1,51
141,0.9995933030440938,1,51
142,0.9995933030440938,1,51
143,0.9995933030440938,1,51
144,0.9995933030440938,1,51
145,0.9995933030440938,1,51
146,0.9995933030440938,1,51
147,0.9995933030440938,1,51
148,0.9995933030440938,1,51
149,0.9995933030440938,1,51
150,0.9995933030440938,1,51
151,0.9995933030440938,1,51
152,0.9995933030440938,1,51
153,0.9995933030440938,1,51
154,0.9995933030440938,1,51
155,0.9995933030440938,1,51
156,0.9995933030440938,1,51
157,0.9995933030440938,1,51
158,0.9995933030440938,1,51
159,0.9995933030440938,1,51
160,0.9995933030440938,1,51
161,0.9995933030440938,1,51
162,0.9995933030440938,1,51
163,0.9995933030440938,1,51
164,0.9995933030440938,1,51
165,0.9995933030440938,1,51
166,0.9995933030440938,1,51
167,0.9995933030440938,1,51
168,0.9995933030440938,1,51
169,0.9995933030440938,1,51
170,0.9995933030440938,1,51
171,0.9995933030440938,1,51
172,0.9995933030440938,1,51
173,0.9995933030440938,1,51
174,0.9995933030440938,1,51
175,0.9995933030440938,1,51
176,0.9995933030440938,1,51
177,0.9995933030440938,1,51
178,0.9995933030440938,1,51
179,0.9995933030440938,1,51
180,0.9995933030440938,1,51
181,0.9995933030440938,1,51
182,0.9995933030440938,1,51
183,0.9995933030440938,1,51
184,0.9995933030440938,1,51
185,0.9995933030440938,1,51
186,0.9995933030440938,1,51
187,0.9995933030440938,1,51
188,0.9995933030440938,1,51
189,0.9995933030440938,1,51
190,0.9995933030440938,1,51
191,0.9995933030440938,1,51
192,0.9995933030440938,1,51
193,0.9995933030440938,1,51
194,0.9995933030440938,1,51
195,0.9995933030440938,1,51
196,0.9995933030440938,1,51
197,0.9995933030440938,1,51
198,0.9995933030440938,1,51
199,0.9995933030440938,1,51
200,0.9995933030440938,1,51
1,0.0002893805503845215,1,52
2,0.0002893805503845215,1,52
3,0.0002893805503845215,1,52
4,0.0002893805503845215,1,52
5,0.0002893805503845215,1,52
6,0.0002893805503845215,1,52
7,0.0002893805503845215,1,52
8,0.0002893805503845215,1,52
9,0.0002893805503845215,1,52
10,0.0002893805503845215,1,52
11,0.0002893805503845215,1,52
12,0.0002893805503845215,1,52
13,0.0002893805503845215,1,52
14,0.0002893805503845215,1,52
15,0.0002893805503845215,1,52
16,0.0002893805503845215,1,52
17,0.0002893805503845215,1,52
18,0.0002893805503845215,1,52
19,0.0002893805503845215,1,52
20,0.0002893805503845215,1,52
21,0.0002893805503845215,1,52
22,0.0002893805503845215,1,52
23,0.0002893805503845215,1,52
24,0.0002893805503845215,1,52
25,0.0002893805503845215,1,52
26,0.0002893805503845215,1,52
27,0.0002893805503845215,1,52
28,0.0002893805503845215,1,52
29,0.0002893805503845215,1,52
30,0.0002893805503845215,1,52
31,0.0002893805503845215,1,52
32,0.0002893805503845215,1,52
33,0.0002893805503845215,1,52
34,0.0002893805503845215,1,52
35,0.0002893805503845215,1,52
36,0.0002893805503845215,1,52
37,0.0002893805503845215,1,52
38,0.0002893805503845215,1,52
39,0.0002893805503845215,1,52
40,0.0002893805503845215,1,52
41,0.0002893805503845215,1,52
42,0.0002893805503845215,1,52
43,0.0002893805503845215,1,52
44,0.0002893805503845215,1,52
45,0.0002893805503845215,1,52
46,0.0002893805503845215,1,52
47,0.0002893805503845215,1,52
48,0.0002893805503845215,1,52
49,0.0002893805503845215,1,52
50,0.0002893805503845215,1,52
51,0.0002893805503845215,1,52
52,0.0002893805503845215,1,52
53,0.0002893805503845215,1,52
54,0.0002893805503845215,1,52
55,0.0002893805503845215,1,52
56,0.0002893805503845215,1,52
57,0.0002893805503845215,1,52
58,0.0002893805503845215,1,52
59,0.0002893805503845215,1,52
60,0.0002893805503845215,1,52
61,0.0002893805503845215,1,52
62,0.0002893805503845215,1,52
63,0.0002893805503845215,1,52
64,0.0002893805503845215,1,52
65,0.0002893805503845215,1,52
66,0.0002893805503845215,1,52
67,0.0002893805503845215,1,52
68,0.0002893805503845215,1,52
69,0.0002893805503845215,1,52
70,0.0002893805503845215,1,52
71,0.0002893805503845215,1,52
72,0.0002893805503845215,1,52
73,0.0002893805503845215,1,52
74,0.0002893805503845215,1,52
75,0.0002893805503845215,1,52
76,0.0002893805503845215,1,52
77,0.0002893805503845215,1,52
78,0.0002893805503845215,1,52
79,0.0002893805503845215,1,52
80,0.0002893805503845215,1,52
81,0.0002893805503845215,1,52
82,0.0002893805503845215,1,52
83,0.0002893805503845215,1,52
84,0.0002893805503845215,1,52
85,0.0002893805503845215,1,52
86,0.0002893805503845215,1,52
87,0.0002893805503845215,1,52
88,0.0002893805503845215,1,52
89,0.0002893805503845215,1,52
90,0.0002893805503845215,1,52
91,0.0002893805503845215,1,52
92,0.0002893805503845215,1,52
93,0.0002893805503845215,1,52
94,0.0002893805503845215,1,52
95,0.0002893805503845215,1,52
96,0.0002893805503845215,1,52
97,0.0002893805503845215,1,52
98,0.0002893805503845215,1,52
99,0.0002893805503845215,1,52
100,0.0002893805503845215,1,52
101,0.0002893805503845215,1,52
102,0.0002893805503845215,1,52
103,0.0002893805503845215,1,52
104,0.0002893805503845215,1,52
105,0.0002893805503845215,1,52
106,0.0002893805503845215,1,52
107,0.0002893805503845215,1,52
108,0.0002893805503845215,1,52
109,0.0002893805503845215,1,52
110,0.0002893805503845215,1,52
111,0.0002893805503845215,1,52
112,0.0002893805503845215,1,52
113,0.0002893805503845215,1,52
114,0.0002893805503845215,1,52
115,0.0002893805503845215,1,52
116,0.0002893805503845215,1,52
117,0.0002893805503845215,1,52
118,0.0002893805503845215,1,52
119,0.0002893805503845215,1,52
120,0.0002893805503845215,1,52
121,0.0002893805503845215,1,52
122,0.0002893805503845215,1,52
123,0.0002893805503845215,1,52
124,0.0002893805503845215,1,52
125,0.0002893805503845215,1,52
126,0.0002893805503845215,1,52
127,0.0002893805503845215,1,52
128,0.0002893805503845215,1,52
129,0.0002893805503845215,1,52
130,0.0002893805503845215,1,52
131,0.0002893805503845215,1,52
132,0.0002893805503845215,1,52
133,0.0002893805503845215,1,52
134,0.0002893805503845215,1,52
135,0.0002893805503845215,1,52
136,0.0002893805503845215,1,52
137,0.0002893805503845215,1,52
138,0.0002893805503845215,1,52
139,0.0002893805503845215,1,52
140,0.0002893805503845215,1,52
141,0.0002893805503845215,1,52
142,0.0002893805503845215,1,52
143,0.0002893805503845215,1,52
144,0.0002893805503845215,1,52
145,0.0002893805503845215,1,52
146,0.0002893805503845215,1,52
147,0.0002893805503845215,1,52
148,0.0002893805503845215,1,52
149,0.0002893805503845215,1,52
150,0.0002893805503845215,1,52
151,0.0002893805503845215,1,52
152,0.0002893805503845215,1,52
153,0.0002893805503845215,1,52
154,0.0002893805503845215,1,52
155,0.0002893805503845215,1,52
156,0.0002893805503845215,1,52
157,0.0002893805503845215,1,52
158,0.0002893805503845215,1,52
159,0.0002893805503845215,1,52
160,0.0002893805503845215,1,52
161,0.0002893805503845215,1,52
162,0.0002893805503845215,1,52
163,0.0002893805503845215,1,52
164,0.0002893805503845215,1,52
165,0.0002893805503845215,1,52
166,0.0002893805503845215,1,52
167,0.0002893805503845215,1,52
168,0.0002893805503845215,1,52
169,0.0002893805503845215,1,52
170,0.0002893805503845215,1,52
171,0.0002893805503845215,1,52
172,0.0002893805503845215,1,52
173,0.0002893805503845215,1,52
174,0.0002893805503845215,1,52
175,0.0002893805503845215,1,52
176,0.0002893805503845215,1,52
177,0.0002893805503845215,1,52
178,0.0002893805503845215,1,52
179,0.0002893805503845215,1,52
180,0.0002893805503845215,1,52
181,0.0002893805503845215,1,52
182,0.0002893805503845215,1,52
183,0.0002893805503845215,1,52
184,0.0002893805503845215,1,52
185,0.0002893805503845215,1,52
186,0.0002893805503845215,1,52
187,0.0002893805503845215,1,52
188,0.0002893805503845215,1,52
189,0.0002893805503845215,1,52
190,0.0002893805503845215,1,52
191,0.0002893805503845215,1,52
192,0.0002893805503845215,1,52
193,0.0002893805503845215,1,52
194,0.0002893805503845215,1,52
195,0.0002893805503845215,1,52
196,0.0002893805503845215,1,52
197,0.0002893805503845215,1,52
198,0.0002893805503845215,1,52
199,0.0002893805503845215,1,52
200,0.0002893805503845215,1,52
1,2.1457672119140625e-06,1,53
2,2.1457672119140625e-06,1,53
3,2.1457672119140625e-06,1,53
4,2.1457672119140625e-06,1,53
5,2.1457672119140625e-06,1,53
6,2.1457672119140625e-06,1,53
7,2.1457672119140625e-06,1,53
8,2.1457672119140625e-06,1,53
9,2.1457672119140625e-06,1,53
10,2.1457672119140625e-06,1,53
11,2.1457672119140625e-06,1,53
12,2.1457672119140625e-06,1,53
13,2.1457672119140625e-06,1,53
14,2.1457672119140625e-06,1,53
15,2.1457672119140625e-06,1,53
16,2.1457672119140625e-06,1,53
17,2.1457672119140625e-06,1,53
18,2.1457672119140625e-06,1,53
19,2.1457672119140625e-06,1,53
20,2.1457672119140625e-06,1,53
21,2.1457672119140625e-06,1,53
22,2.1457672119140625e-06,1,53
23,2.1457672119140625e-06,1,53
24,2.1457672119140625e-06,1,53
25,2.1457672119140625e-06,1,53
26,2.1457672119140625e-06,1,53
27,2.1457672119140625e-06,1,53
28,2.1457672119140625e-06,1,53
29,2.1457672119140625e-06,1,53
30,2.1457672119140625e-06,1,53
31,2.1457672119140625e-06,1,53
32,2.1457672119140625e-06,1,53
33,2.1457672119140625e-06,1,53
34,2.1457672119140625e-06,1,53
35,2.1457672119140625e-06,1,53
36,2.1457672119140625e-06,1,53
37,2.1457672119140625e-06,1,53
38,2.1457672119140625e-06,1,53
39,2.1457672119140625e-06,1,53
40,2.1457672119140625e-06,1,53
41,2.1457672119140625e-06,1,53
42,2.1457672119140625e-06,1,53
43,2.1457672119140625e-06,1,53
44,2.1457672119140625e-06,1,53
45,2.1457672119140625e-06,1,53
46,2.1457672119140625e-06,1,53
47,2.1457672119140625e-06,1,53
48,2.1457672119140625e-06,1,53
49,2.1457672119140625e-06,1,53
50,2.1457672119140625e-06,1,53
51,2.1457672119140625e-06,1,53
52,2.1457672119140625e-06,1,53
53,2.1457672119140625e-06,1,53
54,2.1457672119140625e-06,1,53
55,2.1457672119140625e-06,1,53
56,2.1457672119140625e-06,1,53
57,2.1457672119140625e-06,1,53
58,2.1457672119140625e-06,1,53
59,2.1457672119140625e-06,1,53
60,2.1457672119140625e-06,1,53
61,2.1457672119140625e-06,1,53
62,2.1457672119140625e-06,1,53
63,2.1457672119140625e-06,1,53
64,2.1457672119140625e-06,1,53
65,2.1457672119140625e-06,1,53
66,2.1457672119140625e-06,1,53
67,2.1457672119140625e-06,1,53
68,2.1457672119140625e-06,1,53
69,2.1457672119140625e-06,1,53
70,2.1457672119140625e-06,1,53
71,2.1457672119140625e-06,1,53
72,2.1457672119140625e-06,1,53
73,2.1457672119140625e-06,1,53
74,2.1457672119140625e-06,1,53
75,2.1457672119140625e-06,1,53
76,2.1457672119140625e-06,1,53
77,2.1457672119140625e-06,1,53
78,2.1457672119140625e-06,1,53
79,2.1457672119140625e-06,1,53
80,2.1457672119140625e-06,1,53
81,2.1457672119140625e-06,1,53
82,2.1457672119140625e-06,1,53
83,2.1457672119140625e-06,1,53
84,2.1457672119140625e-06,1,53
85,2.1457672119140625e-06,1,53
86,2.1457672119140625e-06,1,53
87,2.1457672119140625e-06,1,53
88,2.1457672119140625e-06,1,53
89,2.1457672119140625e-06,1,53
90,2.1457672119140625e-06,1,53
91,2.1457672119140625e-06,1,53
92,2.1457672119140625e-06,1,53
93,2.1457672119140625e-06,1,53
94,2.1457672119140625e-06,1,53
95,2.1457672119140625e-06,1,53
96,2.1457672119140625e-06,1,53
97,2.1457672119140625e-06,1,53
98,2.1457672119140625e-06,1,53
99,2.1457672119140625e-06,1,53
100,2.1457672119140625e-06,1,53
101,2.1457672119140625e-06,1,53
102,2.1457672119140625e-06,1,53
103,2.1457672119140625e-06,1,53
104,2.1457672119140625e-06,1,53
105,2.1457672119140625e-06,1,53
106,2.1457672119140625e-06,1,53
107,2.1457672119140625e-06,1,53
108,2.1457672119140625e-06,1,53
109,2.1457672119140625e-06,1,53
110,2.1457672119140625e-06,1,53
111,2.1457672119140625e-06,1,53
112,2.1457672119140625e-06,1,53
113,2.1457672119140625e-06,1,53
114,2.1457672119140625e-06,1,53
115,2.1457672119140625e-06,1,53
116,2.1457672119140625e-06,1,53
117,2.1457672119140625e-06,1,53
118,2.1457672119140625e-06,1,53
119,2.1457672119140625e-06,1,53
120,2.1457672119140625e-06,1,53
121,2.1457672119140625e-06,1,53
122,2.1457672119140625e-06,1,53
123,2.1457672119140625e-06,1,53
124,2.1457672119140625e-06,1,53
125,2.1457672119140625e-06,1,53
126,2.1457672119140625e-06,1,53
127,2.1457672119140625e-06,1,53
128,2.1457672119140625e-06,1,53
129,2.1457672119140625e-06,1,53
130,2.1457672119140625e-06,1,53
131,2.1457672119140625e-06,1,53
132,2.1457672119140625e-06,1,53
133,2.1457672119140625e-06,1,53
134,2.1457672119140625e-06,1,53
135,2.1457672119140625e-06,1,53
136,2.1457672119140625e-06,1,53
137,2.1457672119140625e-06,1,53
138,2.1457672119140625e-06,1,53
139,2.1457672119140625e-06,1,53
140,2.1457672119140625e-06,1,53
141,2.1457672119140625e-06,1,53
142,2.1457672119140625e-06,1,53
143,2.1457672119140625e-06,1,53
144,2.1457672119140625e-06,1,53
145,2.1457672119140625e-06,1,53
146,2.1457672119140625e-06,1,53
147,2.1457672119140625e-06,1,53
148,2.1457672119140625e-06,1,53
149,2.1457672119140625e-06,1,53
150,2.1457672119140625e-06,1,53
151,2.1457672119140625e-06,1,53
152,2.1457672119140625e-06,1,53
153,2.1457672119140625e-06,1,53
154,2.1457672119140625e-06,1,53
155,2.1457672119140625e-06,1,53
156,2.1457672119140625e-06,1,53
157,2.1457672119140625e-06,1,53
158,2.1457672119140625e-06,1,53
159,2.1457672119140625e-06,1,53
160,2.1457672119140625e-06,1,53
161,2.1457672119140625e-06,1,53
162,2.1457672119140625e-06,1,53
163,2.1457672119140625e-06,1,53
164,2.1457672119140625e-06,1,53
165,2.1457672119140625e-06,1,53
166,2.1457672119140625e-06,1,53
167,2.1457672119140625e-06,1,53
168,2.1457672119140625e-06,1,53
169,2.1457672119140625e-06,1,53
170,2.1457672119140625e-06,1,53
171,2.1457672119140625e-06,1,53
172,2.1457672119140625e-06,1,53
173,2.1457672119140625e-06,1,53
174,2.1457672119140625e-06,1,53
175,2.1457672119140625e-06,1,53
176,2.1457672119140625e-06,1,53
177,2.1457672119140625e-06,1,53
178,2.1457672119140625e-06,1,53
179,2.1457672119140625e-06,1,53
180,2.1457672119140625e-06,1,53
181,2.1457672119140625e-06,1,53
182,2.1457672119140625e-06,1,53
183,2.1457672119140625e-06,1,53
184,2.1457672119140625e-06,1,53
185,2.1457672119140625e-06,1,53
186,2.1457672119140625e-06,1,53
187,2.1457672119140625e-06,1,53
188,2.1457672119140625e-06,1,53
189,2.1457672119140625e-06,1,53
190,2.1457672119140625e-06,1,53
191,2.1457672119140625e-06,1,53
192,2.1457672119140625e-06,1,53
193,2.1457672119140625e-06,1,53
194,2.1457672119140625e-06,1,53
195,2.1457672119140625e-06,1,53
196,2.1457672119140625e-06,1,53
197,2.1457672119140625e-06,1,53
198,2.1457672119140625e-06,1,53
199,2.1457672119140625e-06,1,53
200,2.1457672119140625e-06,1,53
1,0.0003660917282104492,1,54
2,0.0003660917282104492,1,54
3,0.0003660917282104492,1,54
4,0.0003660917282104492,1,54
5,0.0003660917282104492,1,54
6,0.0003660917282104492,1,54
7,0.0003660917282104492,1,54
8,0.0003660917282104492,1,54
9,0.0003660917282104492,1,54
10,0.0003660917282104492,1,54
11,0.0003660917282104492,1,54
12,0.0003660917282104492,1,54
13,0.0003660917282104492,1,54
14,0.0003660917282104492,1,54
15,0.0003660917282104492,1,54
16,0.0003660917282104492,1,54
17,0.0003660917282104492,1,54
18,0.0003660917282104492,1,54
19,0.0003660917282104492,1,54
20,0.0003660917282104492,1,54
21,0.0003660917282104492,1,54
22,0.0003660917282104492,1,54
23,0.0003660917282104492,1,54
24,0.0003660917282104492,1,54
25,0.0003660917282104492,1,54
26,0.0003660917282104492,1,54
27,0.0003660917282104492,1,54
28,0.0003660917282104492,1,54
29,0.0003660917282104492,1,54
30,0.0003660917282104492,1,54
31,0.0003660917282104492,1,54
32,0.0003660917282104492,1,54
33,0.0003660917282104492,1,54
34,0.0003660917282104492,1,54
35,0.0003660917282104492,1,54
36,0.0003660917282104492,1,54
37,0.0003660917282104492,1,54
38,0.0003660917282104492,1,54
39,0.0003660917282104492,1,54
40,0.0003660917282104492,1,54
41,0.0003660917282104492,1,54
42,0.0003660917282104492,1,54
43,0.0003660917282104492,1,54
44,0.0003660917282104492,1,54
45,0.0003660917282104492,1,54
46,0.0003660917282104492,1,54
47,0.0003660917282104492,1,54
48,0.0003660917282104492,1,54
49,0.0003660917282104492,1,54
50,0.0003660917282104492,1,54
51,0.0003660917282104492,1,54
52,0.0003660917282104492,1,54
53,0.0003660917282104492,1,54
54,0.0003660917282104492,1,54
55,0.0003660917282104492,1,54
56,0.0003660917282104492,1,54
57,0.0003660917282104492,1,54
58,0.0003660917282104492,1,54
59,0.0003660917282104492,1,54
60,0.0003660917282104492,1,54
61,0.0003660917282104492,1,54
62,0.0003660917282104492,1,54
63,0.0003660917282104492,1,54
64,0.0003660917282104492,1,54
65,0.0003660917282104492,1,54
66,0.0003660917282104492,1,54
67,0.0003660917282104492,1,54
68,0.0003660917282104492,1,54
69,0.0003660917282104492,1,54
70,0.0003660917282104492,1,54
71,0.0003660917282104492,1,54
72,0.0003660917282104492,1,54
73,0.0003660917282104492,1,54
74,0.0003660917282104492,1,54
75,0.0003660917282104492,1,54
76,0.0003660917282104492,1,54
77,0.0003660917282104492,1,54
78,0.0003660917282104492,1,54
79,0.0003660917282104492,1,54
80,0.0003660917282104492,1,54
81,0.0003660917282104492,1,54
82,0.0003660917282104492,1,54
83,0.0003660917282104492,1,54
84,0.0003660917282104492,1,54
85,0.0003660917282104492,1,54
86,0.0003660917282104492,1,54
87,0.0003660917282104492,1,54
88,0.0003660917282104492,1,54
89,0.0003660917282104492,1,54
90,0.0003660917282104492,1,54
91,0.0003660917282104492,1,54
92,0.0003660917282104492,1,54
93,0.0003660917282104492,1,54
94,0.0003660917282104492,1,54
95,0.0003660917282104492,1,54
96,0.0003660917282104492,1,54
97,0.0003660917282104492,1,54
98,0.0003660917282104492,1,54
99,0.0003660917282104492,1,54
100,0.0003660917282104492,1,54
101,0.0003660917282104492,1,54
102,0.0003660917282104492,1,54
103,0.0003660917282104492,1,54
104,0.0003660917282104492,1,54
105,0.0003660917282104492,1,54
106,0.0003660917282104492,1,54
107,0.0003660917282104492,1,54
108,0.0003660917282104492,1,54
109,0.0003660917282104492,1,54
110,0.0003660917282104492,1,54
111,0.0003660917282104492,1,54
112,0.0003660917282104492,1,54
113,0.0003660917282104492,1,54
114,0.0003660917282104492,1,54
115,0.0003660917282104492,1,54
116,0.0003660917282104492,1,54
117,0.0003660917282104492,1,54
118,0.0003660917282104492,1,54
119,0.0003660917282104492,1,54
120,0.0003660917282104492,1,54
121,0.0003660917282104492,1,54
122,0.0003660917282104492,1,54
123,0.0003660917282104492,1,54
124,0.0003660917282104492,1,54
125,0.0003660917282104492,1,54
126,0.0003660917282104492,1,54
127,0.0003660917282104492,1,54
128,0.0003660917282104492,1,54
129,0.0003660917282104492,1,54
130,0.0003660917282104492,1,54
131,0.0003660917282104492,1,54
132,0.0003660917282104492,1,54
133,0.0003660917282104492,1,54
134,0.0003660917282104492,1,54
135,0.0003660917282104492,1,54
136,0.0003660917282104492,1,54
137,0.0003660917282104492,1,54
138,0.0003660917282104492,1,54
139,0.0003660917282104492,1,54
140,0.0003660917282104492,1,54
141,0.0003660917282104492,1,54
142,0.0003660917282104492,1,54
143,0.0003660917282104492,1,54
144,0.0003660917282104492,1,54
145,0.0003660917282104492,1,54
146,0.0003660917282104492,1,54
147,0.0003660917282104492,1,54
148,0.0003660917282104492,1,54
149,0.0003660917282104492,1,54
150,0.0003660917282104492,1,54
151,0.0003660917282104492,1,54
152,0.0003660917282104492,1,54
153,0.0003660917282104492,1,54
154,0.0003660917282104492,1,54
155,0.0003660917282104492,1,54
156,0.0003660917282104492,1,54
157,0.0003660917282104492,1,54
158,0.0003660917282104492,1,54
159,0.0003660917282104492,1,54
160,0.0003660917282104492,1,54
161,0.0003660917282104492,1,54
162,0.0003660917282104492,1,54
163,0.0003660917282104492,1,54
164,0.0003660917282104492,1,54
165,0.0003660917282104492,1,54
166,0.0003660917282104492,1,54
167,0.0003660917282104492,1,54
168,0.0003660917282104492,1,54
169,0.0003660917282104492,1,54
170,0.0003660917282104492,1,54
171,0.0003660917282104492,1,54
172,0.0003660917282104492,1,54
173,0.0003660917282104492,1,54
174,0.0003660917282104492,1,54
175,0.0003660917282104492,1,54
176,0.0003660917282104492,1,54
177,0.0003660917282104492,1,54
178,0.0003660917282104492,1,54
179,0.0003660917282104492,1,54
180,0.0003660917282104492,1,54
181,0.0003660917282104492,1,54
182,0.0003660917282104492,1,54
183,0.0003660917282104492,1,54
184,0.0003660917282104492,1,54
185,0.0003660917282104492,1,54
186,0.0003660917282104492,1,54
187,0.0003660917282104492,1,54
188,0.0003660917282104492,1,54
189,0.0003660917282104492,1,54
190,0.0003660917282104492,1,54
191,0.0003660917282104492,1,54
192,0.0003660917282104492,1,54
193,0.0003660917282104492,1,54
194,0.0003660917282104492,1,54
195,0.0003660917282104492,1,54
196,0.0003660917282104492,1,54
197,0.0003660917282104492,1,54
198,0.0003660917282104492,1,54
199,0.0003660917282104492,1,54
200,0.0003660917282104492,1,54
1,0.2457483410835266,1,55
2,0.3384336829185486,2,55
3,0.47424548864364624,3,55
4,0.47424548864364624,3,55
5,0.47424548864364624,3,55
6,0.47424548864364624,3,55
7,0.47424548864364624,3,55
8,0.5183024704456329,3,55
9,0.6792218685150146,5,55
10,0.6183992028236389,4,55
11,0.5602351129055023,2,55
12,0.5602351129055023,2,55
13,0.5961254835128784,2,55
14,0.6012381911277771,2,55
15,0.6012381911277771,2,55
16,0.8131445646286011,5,55
17,0.7198342084884644,3,55
18,0.7198342084884644,3,55
19,0.742727667093277,3,55
20,0.7795824706554413,3,55
21,0.7963390052318573,3,55
22,0.7963390052318573,3,55
23,0.7963390052318573,3,55
24,0.7958116829395294,3,55
25,0.7958116829395294,3,55
26,0.7958116829395294,3,55
27,0.7958116829395294,3,55
28,0.7958116829395294,3,55
29,0.7958116829395294,3,55
30,0.7890653908252716,3,55
31,0.7890653908252716,3,55
32,0.7890653908252716,3,55
33,0.7890653908252716,3,55
34,0.7890653908252716,3,55
35,0.7890653908252716,3,55
36,0.7890653908252716,3,55
37,0.7953475564718246,3,55
38,0.7962941229343414,3,55
39,0.7962941229343414,3,55
40,0.7962941229343414,3,55
41,0.7962941229343414,3,55
42,0.7962941229343414,3,55
43,0.7962941229343414,3,55
44,0.7963186949491501,3,55
45,0.7963186949491501,3,55
46,0.7963186949491501,3,55
47,0.7963186949491501,3,55
48,0.7963186949491501,3,55
49,0.7963186949491501,3,55
50,0.7963186949491501,3,55
51,0.7963186949491501,3,55
52,0.7963186949491501,3,55
53,0.7963186949491501,3,55
54,0.7963186949491501,3,55
55,0.7963186949491501,3,55
56,0.7963186949491501,3,55
57,0.7963186949491501,3,55
58,0.7963186949491501,3,55
59,0.8287876695394516,3,55
60,0.8287876695394516,3,55
61,0.8287876695394516,3,55
62,0.8287876695394516,3,55
63,0.8287876695394516,3,55
64,0.8287876695394516,3,55
65,0.8287876695394516,3,55
66,0.8287876695394516,3,55
67,0.8228034228086472,3,55
68,0.8228034228086472,3,55
69,0.8228034228086472,3,55
70,0.8228034228086472,3,55
71,0.8228034228086472,3,55
72,0.8228034228086472,3,55
73,0.8228034228086472,3,55
74,0.8228034228086472,3,55
75,0.8228034228086472,3,55
76,0.8228034228086472,3,55
77,0.8228034228086472,3,55
78,0.8228034228086472,3,55
79,0.8228034228086472,3,55
80,0.8228034228086472,3,55
81,0.8228034228086472,3,55
82,0.8228034228086472,3,55
83,0.8228034228086472,3,55
84,0.8228034228086472,3,55
85,0.8228034228086472,3,55
86,0.8228034228086472,3,55
87,0.8228034228086472,3,55
88,0.8228034228086472,3,55
89,0.8228034228086472,3,55
90,0.8228034228086472,3,55
91,0.8228034228086472,3,55
92,0.8228034228086472,3,55
93,0.8228034228086472,3,55
94,0.8228034228086472,3,55
95,0.8228034228086472,3,55
96,0.8228034228086472,3,55
97,0.8228034228086472,3,55
98,0.8228034228086472,3,55
99,0.8228034228086472,3,55
100,0.8228034228086472,3,55
101,0.8228034228086472,3,55
102,0.8228034228086472,3,55
103,0.8228034228086472,3,55
104,0.8228034228086472,3,55
105,0.8228034228086472,3,55
106,0.8228034228086472,3,55
107,0.8228034228086472,3,55
108,0.8228034228086472,3,55
109,0.8228034228086472,3,55
110,0.8228034228086472,3,55
111,0.8228034228086472,3,55
112,0.8228034228086472,3,55
113,0.8228034228086472,3,55
114,0.8228034228086472,3,55
115,0.8228034228086472,3,55
116,0.8228034228086472,3,55
117,0.8228034228086472,3,55
118,0.8228034228086472,3,55
119,0.8228034228086472,3,55
120,0.8228034228086472,3,55
121,0.8228034228086472,3,55
122,0.8228034228086472,3,55
123,0.8228034228086472,3,55
124,0.8228034228086472,3,55
125,0.8228034228086472,3,55
126,0.8228034228086472,3,55
127,0.8228034228086472,3,55
128,0.8228034228086472,3,55
129,0.8228034228086472,3,55
130,0.8228034228086472,3,55
131,0.8228034228086472,3,55
132,0.8228034228086472,3,55
133,0.8228034228086472,3,55
134,0.8228034228086472,3,55
135,0.8228034228086472,3,55
136,0.8228034228086472,3,55
137,0.8228034228086472,3,55
138,0.8228034228086472,3,55
139,0.8228034228086472,3,55
140,0.8228034228086472,3,55
141,0.8228034228086472,3,55
142,0.8228034228086472,3,55
143,0.8228034228086472,3,55
144,0.8228034228086472,3,55
145,0.8228034228086472,3,55
146,0.8228034228086472,3,55
147,0.8228034228086472,3,55
148,0.8282005935907364,3,55
149,0.8282005935907364,3,55
150,0.8282005935907364,3,55
151,0.8282005935907364,3,55
152,0.8282005935907364,3,55
153,0.8282005935907364,3,55
154,0.8282005935907364,3,55
155,0.8282005935907364,3,55
156,0.8282005935907364,3,55
157,0.8282005935907364,3,55
158,0.8282005935907364,3,55
159,0.8282005935907364,3,55
160,0.8282005935907364,3,55
161,0.8282005935907364,3,55
162,0.8282005935907364,3,55
163,0.8282005935907364,3,55
164,0.8282005935907364,3,55
165,0.8282005935907364,3,55
166,0.8282005935907364,3,55
167,0.8282005935907364,3,55
168,0.8282005935907364,3,55
169,0.8282005935907364,3,55
170,0.8282005935907364,3,55
171,0.8282005935907364,3,55
172,0.8282005935907364,3,55
173,0.8282005935907364,3,55
174,0.8282005935907364,3,55
175,0.8282005935907364,3,55
176,0.8282005935907364,3,55
177,0.8282005935907364,3,55
178,0.8282005935907364,3,55
179,0.8282005935907364,3,55
180,0.8282005935907364,3,55
181,0.8282005935907364,3,55
182,0.8282005935907364,3,55
183,0.8282005935907364,3,55
184,0.8282005935907364,3,55
185,0.8282005935907364,3,55
186,0.8282005935907364,3,55
187,0.8282005935907364,3,55
188,0.8282005935907364,3,55
189,0.8282005935907364,3,55
190,0.8282005935907364,3,55
191,0.8282005935907364,3,55
192,0.8282005935907364,3,55
193,0.8282005935907364,3,55
194,0.8282005935907364,3,55
195,0.8282005935907364,3,55
196,0.8282005935907364,3,55
197,0.8282005935907364,3,55
198,0.8282005935907364,3,55
199,0.8282005935907364,3,55
200,0.8282005935907364,3,55
1,0.28660356998443604,1,56
2,0.28691667318344116,1,56
3,0.2866209149360657,1,56
4,0.2865968942642212,1,56
5,0.28662562370300293,1,56
6,0.2866249084472656,1,56
7,0.2866249084472656,1,56
8,0.2866249084472656,1,56
9,0.2866249084472656,1,56
10,0.2866249084472656,1,56
11,0.2866249084472656,1,56
12,0.2866249084472656,1,56
13,0.4335285425186157,2,56
14,0.4335285425186157,2,56
15,0.4335285425186157,2,56
16,0.4335285425186157,2,56
17,0.4335285425186157,2,56
18,0.4334854483604431,2,56
19,0.4334854483604431,2,56
20,0.4334854483604431,2,56
21,0.43353790044784546,2,56
22,0.43353790044784546,2,56
23,0.43348342180252075,2,56
24,0.43348342180252075,2,56
25,0.46109843254089355,2,56
26,0.461103618144989,2,56
27,0.4611093997955322,2,56
28,0.46111738681793213,2,56
29,0.46111494302749634,2,56
30,0.46111494302749634,2,56
31,0.46111512184143066,2,56
32,0.46111512184143066,2,56
33,0.5510187745094299,3,56
34,0.5510187745094299,3,56
35,0.6158542633056641,3,56
36,0.6158542633056641,3,56
37,0.6158237755298615,3,56
38,0.6158237755298615,3,56
39,0.6158237755298615,3,56
40,0.6158237755298615,3,56
41,0.785227969288826,4,56
42,0.785227969288826,4,56
43,0.7627194970846176,3,56
44,0.7867401540279388,4,56
45,0.8725947141647339,4,56
46,0.8725947141647339,4,56
47,0.8725947141647339,4,56
48,0.8583701997995377,4,56
49,0.8583701997995377,4,56
50,0.8179997801780701,3,56
51,0.8801770657300949,4,56
52,0.8801770657300949,4,56
53,0.8801770657300949,4,56
54,0.8801770657300949,4,56
55,0.888385459780693,4,56
56,0.8897262364625931,4,56
57,0.8897262364625931,4,56
58,0.8878439366817474,4,56
59,0.8878439366817474,4,56
60,0.8878439366817474,4,56
61,0.8878439366817474,4,56
62,0.8878439366817474,4,56
63,0.8878439366817474,4,56
64,0.8878439366817474,4,56
65,0.8878439366817474,4,56
66,0.8878439366817474,4,56
67,0.8878439366817474,4,56
68,0.8878439366817474,4,56
69,0.8878439366817474,4,56
70,0.8878439366817474,4,56
71,0.8878439366817474,4,56
72,0.8878439366817474,4,56
73,0.8887282460927963,4,56
74,0.8887282460927963,4,56
75,0.8886652141809464,4,56
76,0.8886652141809464,4,56
77,0.8886652141809464,4,56
78,0.8874876201152802,4,56
79,0.8874876201152802,4,56
80,0.8874876201152802,4,56
81,0.8874876201152802,4,56
82,0.8874876201152802,4,56
83,0.8874876201152802,4,56
84,0.8874876201152802,4,56
85,0.8874876201152802,4,56
86,0.8874876201152802,4,56
87,0.8874876201152802,4,56
88,0.8874876201152802,4,56
89,0.8874876201152802,4,56
90,0.8874876201152802,4,56
91,0.8874876201152802,4,56
92,0.8874876201152802,4,56
93,0.8874876201152802,4,56
94,0.8874876201152802,4,56
95,0.8874876201152802,4,56
96,0.8874876201152802,4,56
97,0.8874876201152802,4,56
98,0.8874876201152802,4,56
99,0.8874876201152802,4,56
100,0.8874876201152802,4,56
101,0.8849131837487221,4,56
102,0.8849131837487221,4,56
103,0.8849131837487221,4,56
104,0.8849131837487221,4,56
105,0.8849131837487221,4,56
106,0.8892180323600769,4,56
107,0.8892180323600769,4,56
108,0.8892180323600769,4,56
109,0.8892180323600769,4,56
110,0.8892180323600769,4,56
111,0.8892180323600769,4,56
112,0.8892180323600769,4,56
113,0.8892180323600769,4,56
114,0.8892180323600769,4,56
115,0.8892180323600769,4,56
116,0.8892180323600769,4,56
117,0.8892180323600769,4,56
118,0.8892180323600769,4,56
119,0.8892180323600769,4,56
120,0.8892180323600769,4,56
121,0.8892180323600769,4,56
122,0.8892180323600769,4,56
123,0.8892180323600769,4,56
124,0.8892180323600769,4,56
125,0.8892180323600769,4,56
126,0.8892180323600769,4,56
127,0.8892180323600769,4,56
128,0.8892180323600769,4,56
129,0.8892180323600769,4,56
130,0.8892180323600769,4,56
131,0.8892180323600769,4,56
132,0.8892180323600769,4,56
133,0.8892180323600769,4,56
134,0.8892180323600769,4,56
135,0.8892180323600769,4,56
136,0.8892180323600769,4,56
137,0.8887766674160957,4,56
138,0.8887766674160957,4,56
139,0.8887766674160957,4,56
140,0.8887766674160957,4,56
141,0.8887766674160957,4,56
142,0.8824242725968361,4,56
143,0.8824242725968361,4,56
144,0.8895362243056297,4,56
145,0.8895362243056297,4,56
146,0.8895362243056297,4,56
147,0.8895362243056297,4,56
148,0.8881212845444679,4,56
149,0.8881212845444679,4,56
150,0.8881212845444679,4,56
151,0.8870164006948471,4,56
152,0.8870164006948471,4,56
153,0.8870164006948471,4,56
154,0.8870164006948471,4,56
155,0.8873496651649475,4,56
156,0.8873496651649475,4,56
157,0.8873496651649475,4,56
158,0.8873496651649475,4,56
159,0.8873496651649475,4,56
160,0.8873496651649475,4,56
161,0.8873496651649475,4,56
162,0.8873496651649475,4,56
163,0.8873496651649475,4,56
164,0.8873496651649475,4,56
165,0.8873496651649475,4,56
166,0.8873496651649475,4,56
167,0.8873496651649475,4,56
168,0.8873496651649475,4,56
169,0.8873496651649475,4,56
170,0.8873496651649475,4,56
171,0.8873496651649475,4,56
172,0.8873496651649475,4,56
173,0.8873496651649475,4,56
174,0.8873496651649475,4,56
175,0.8873496651649475,4,56
176,0.8873496651649475,4,56
177,0.8873496651649475,4,56
178,0.8873496651649475,4,56
179,0.8873496651649475,4,56
180,0.8873496651649475,4,56
181,0.8873496651649475,4,56
182,0.8873496651649475,4,56
183,0.8873496651649475,4,56
184,0.8873496651649475,4,56
185,0.8873496651649475,4,56
186,0.8856659829616547,4,56
187,0.8856659829616547,4,56
188,0.8856659829616547,4,56
189,0.8856659829616547,4,56
190,0.8869117945432663,4,56
191,0.8869117945432663,4,56
192,0.8869117945432663,4,56
193,0.8869117945432663,4,56
194,0.8869117945432663,4,56
195,0.8869117945432663,4,56
196,0.8869117945432663,4,56
197,0.8869117945432663,4,56
198,0.8869117945432663,4,56
199,0.8869117945432663,4,56
200,0.8869117945432663,4,56
1,2.181529998779297e-05,1,57
2,2.1696090698242188e-05,1,57
3,2.1696090698242188e-05,1,57
4,2.1696090698242188e-05,1,57
5,2.1696090698242188e-05,1,57
6,2.1696090698242188e-05,1,57
7,2.1696090698242188e-05,1,57
8,2.1696090698242188e-05,1,57
9,2.1696090698242188e-05,1,57
10,2.1696090698242188e-05,1,57
11,2.1696090698242188e-05,1,57
12,2.1696090698242188e-05,1,57
13,2.1696090698242188e-05,1,57
14,2.1696090698242188e-05,1,57
15,2.1696090698242188e-05,1,57
16,2.1696090698242188e-05,1,57
17,2.1696090698242188e-05,1,57
18,2.1696090698242188e-05,1,57
19,2.1696090698242188e-05,1,57
20,2.1696090698242188e-05,1,57
21,2.1696090698242188e-05,1,57
22,2.1696090698242188e-05,1,57
23,2.1696090698242188e-05,1,57
24,2.1696090698242188e-05,1,57
25,2.1696090698242188e-05,1,57
26,2.1696090698242188e-05,1,57
27,2.1696090698242188e-05,1,57
28,2.1696090698242188e-05,1,57
29,2.1696090698242188e-05,1,57
30,2.1696090698242188e-05,1,57
31,2.1696090698242188e-05,1,57
32,2.1696090698242188e-05,1,57
33,2.1696090698242188e-05,1,57
34,2.1696090698242188e-05,1,57
35,2.1696090698242188e-05,1,57
36,2.1696090698242188e-05,1,57
37,2.1696090698242188e-05,1,57
38,2.1696090698242188e-05,1,57
39,2.1696090698242188e-05,1,57
40,2.1696090698242188e-05,1,57
41,2.1696090698242188e-05,1,57
42,2.1696090698242188e-05,1,57
43,2.1696090698242188e-05,1,57
44,2.1696090698242188e-05,1,57
45,2.1696090698242188e-05,1,57
46,2.1696090698242188e-05,1,57
47,2.1696090698242188e-05,1,57
48,2.1696090698242188e-05,1,57
49,2.1696090698242188e-05,1,57
50,2.1696090698242188e-05,1,57
51,2.1696090698242188e-05,1,57
52,2.1696090698242188e-05,1,57
53,2.1696090698242188e-05,1,57
54,2.1696090698242188e-05,1,57
55,2.1696090698242188e-05,1,57
56,2.1696090698242188e-05,1,57
57,2.1696090698242188e-05,1,57
58,2.1696090698242188e-05,1,57
59,2.1696090698242188e-05,1,57
60,2.1696090698242188e-05,1,57
61,2.1696090698242188e-05,1,57
62,2.1696090698242188e-05,1,57
63,2.1696090698242188e-05,1,57
64,2.1696090698242188e-05,1,57
65,2.1696090698242188e-05,1,57
66,2.1696090698242188e-05,1,57
67,2.1696090698242188e-05,1,57
68,2.1696090698242188e-05,1,57
69,2.1696090698242188e-05,1,57
70,2.1696090698242188e-05,1,57
71,2.1696090698242188e-05,1,57
72,2.1696090698242188e-05,1,57
73,2.1696090698242188e-05,1,57
74,2.1696090698242188e-05,1,57
75,2.1696090698242188e-05,1,57
76,2.1696090698242188e-05,1,57
77,2.1696090698242188e-05,1,57
78,2.1696090698242188e-05,1,57
79,2.1696090698242188e-05,1,57
80,2.1696090698242188e-05,1,57
81,2.1696090698242188e-05,1,57
82,2.1696090698242188e-05,1,57
83,2.1696090698242188e-05,1,57
84,2.1696090698242188e-05,1,57
85,2.1696090698242188e-05,1,57
86,2.1696090698242188e-05,1,57
87,2.1696090698242188e-05,1,57
88,2.1696090698242188e-05,1,57
89,2.1696090698242188e-05,1,57
90,2.1696090698242188e-05,1,57
91,2.1696090698242188e-05,1,57
92,2.1696090698242188e-05,1,57
93,2.1696090698242188e-05,1,57
94,2.1696090698242188e-05,1,57
95,2.1696090698242188e-05,1,57
96,2.1696090698242188e-05,1,57
97,2.1696090698242188e-05,1,57
98,2.1696090698242188e-05,1,57
99,2.1696090698242188e-05,1,57
100,2.1696090698242188e-05,1,57
101,2.1696090698242188e-05,1,57
102,2.1696090698242188e-05,1,57
103,2.1696090698242188e-05,1,57
104,2.1696090698242188e-05,1,57
105,2.1696090698242188e-05,1,57
106,2.1696090698242188e-05,1,57
107,2.1696090698242188e-05,1,57
108,2.1696090698242188e-05,1,57
109,2.1696090698242188e-05,1,57
110,2.1696090698242188e-05,1,57
111,2.1696090698242188e-05,1,57
112,2.1696090698242188e-05,1,57
113,2.1696090698242188e-05,1,57
114,2.1696090698242188e-05,1,57
115,2.1696090698242188e-05,1,57
116,2.1696090698242188e-05,1,57
117,2.1696090698242188e-05,1,57
118,2.1696090698242188e-05,1,57
119,2.1696090698242188e-05,1,57
120,2.1696090698242188e-05,1,57
121,2.1696090698242188e-05,1,57
122,2.1696090698242188e-05,1,57
123,2.1696090698242188e-05,1,57
124,2.1696090698242188e-05,1,57
125,2.1696090698242188e-05,1,57
126,2.1696090698242188e-05,1,57
127,2.1696090698242188e-05,1,57
128,2.1696090698242188e-05,1,57
129,2.1696090698242188e-05,1,57
130,2.1696090698242188e-05,1,57
131,2.1696090698242188e-05,1,57
132,2.1696090698242188e-05,1,57
133,2.1696090698242188e-05,1,57
134,2.1696090698242188e-05,1,57
135,2.1696090698242188e-05,1,57
136,2.1696090698242188e-05,1,57
137,2.1696090698242188e-05,1,57
138,2.1696090698242188e-05,1,57
139,2.1696090698242188e-05,1,57
140,2.1696090698242188e-05,1,57
141,2.1696090698242188e-05,1,57
142,2.1696090698242188e-05,1,57
143,2.1696090698242188e-05,1,57
144,2.1696090698242188e-05,1,57
145,2.1696090698242188e-05,1,57
146,2.1696090698242188e-05,1,57
147,2.1696090698242188e-05,1,57
148,2.1696090698242188e-05,1,57
149,2.1696090698242188e-05,1,57
150,2.1696090698242188e-05,1,57
151,2.1696090698242188e-05,1,57
152,2.1696090698242188e-05,1,57
153,2.1696090698242188e-05,1,57
154,2.1696090698242188e-05,1,57
155,2.1696090698242188e-05,1,57
156,2.1696090698242188e-05,1,57
157,2.1696090698242188e-05,1,57
158,2.1696090698242188e-05,1,57
159,2.1696090698242188e-05,1,57
160,2.1696090698242188e-05,1,57
161,2.1696090698242188e-05,1,57
162,2.1696090698242188e-05,1,57
163,2.1696090698242188e-05,1,57
164,2.1696090698242188e-05,1,57
165,2.1696090698242188e-05,1,57
166,2.1696090698242188e-05,1,57
167,2.1696090698242188e-05,1,57
168,2.1696090698242188e-05,1,57
169,2.1696090698242188e-05,1,57
170,2.1696090698242188e-05,1,57
171,2.1696090698242188e-05,1,57
172,2.1696090698242188e-05,1,57
173,2.1696090698242188e-05,1,57
174,2.1696090698242188e-05,1,57
175,2.1696090698242188e-05,1,57
176,2.1696090698242188e-05,1,57
177,2.1696090698242188e-05,1,57
178,2.1696090698242188e-05,1,57
179,2.1696090698242188e-05,1,57
180,2.1696090698242188e-05,1,57
181,2.1696090698242188e-05,1,57
182,2.1696090698242188e-05,1,57
183,2.1696090698242188e-05,1,57
184,2.1696090698242188e-05,1,57
185,2.1696090698242188e-05,1,57
186,2.1696090698242188e-05,1,57
187,2.1696090698242188e-05,1,57
188,2.1696090698242188e-05,1,57
189,2.1696090698242188e-05,1,57
190,2.1696090698242188e-05,1,57
191,2.1696090698242188e-05,1,57
192,2.1696090698242188e-05,1,57
193,2.1696090698242188e-05,1,57
194,2.1696090698242188e-05,1,57
195,2.1696090698242188e-05,1,57
196,2.1696090698242188e-05,1,57
197,2.1696090698242188e-05,1,57
198,2.1696090698242188e-05,1,57
199,2.1696090698242188e-05,1,57
200,2.1696090698242188e-05,1,57
1,0.00018733739852905273,1,58
2,0.00018733739852905273,1,58
3,0.00018733739852905273,1,58
4,0.00018733739852905273,1,58
5,0.00018733739852905273,1,58
6,0.00018733739852905273,1,58
7,0.00018733739852905273,1,58
8,0.00018733739852905273,1,58
9,0.00018733739852905273,1,58
10,0.00018733739852905273,1,58
11,0.00018733739852905273,1,58
12,0.00018733739852905273,1,58
13,0.00018733739852905273,1,58
14,0.00018733739852905273,1,58
15,0.00018733739852905273,1,58
16,0.00018733739852905273,1,58
17,0.00018733739852905273,1,58
18,0.00018733739852905273,1,58
19,0.00018733739852905273,1,58
20,0.00018733739852905273,1,58
21,0.00018733739852905273,1,58
22,0.00018733739852905273,1,58
23,0.00018733739852905273,1,58
24,0.00018733739852905273,1,58
25,0.00018733739852905273,1,58
26,0.00018733739852905273,1,58
27,0.00018733739852905273,1,58
28,0.00018733739852905273,1,58
29,0.00018733739852905273,1,58
30,0.00018733739852905273,1,58
31,0.00018733739852905273,1,58
32,0.00018733739852905273,1,58
33,0.00018733739852905273,1,58
34,0.00018733739852905273,1,58
35,0.00018733739852905273,1,58
36,0.00018733739852905273,1,58
37,0.00018733739852905273,1,58
38,0.00018733739852905273,1,58
39,0.00018733739852905273,1,58
40,0.00018733739852905273,1,58
41,0.00018733739852905273,1,58
42,0.00018733739852905273,1,58
43,0.00018733739852905273,1,58
44,0.00018733739852905273,1,58
45,0.00018733739852905273,1,58
46,0.00018733739852905273,1,58
47,0.00018733739852905273,1,58
48,0.00018733739852905273,1,58
49,0.00018733739852905273,1,58
50,0.00018733739852905273,1,58
51,0.00018733739852905273,1,58
52,0.00018733739852905273,1,58
53,0.00018733739852905273,1,58
54,0.00018733739852905273,1,58
55,0.00018733739852905273,1,58
56,0.00018733739852905273,1,58
57,0.00018733739852905273,1,58
58,0.00018733739852905273,1,58
59,0.00018733739852905273,1,58
60,0.00018733739852905273,1,58
61,0.00018733739852905273,1,58
62,0.00018733739852905273,1,58
63,0.00018733739852905273,1,58
64,0.00018733739852905273,1,58
65,0.00018733739852905273,1,58
66,0.00018733739852905273,1,58
67,0.00018733739852905273,1,58
68,0.00018733739852905273,1,58
69,0.00018733739852905273,1,58
70,0.00018733739852905273,1,58
71,0.00018733739852905273,1,58
72,0.00018733739852905273,1,58
73,0.00018733739852905273,1,58
74,0.00018733739852905273,1,58
75,0.00018733739852905273,1,58
76,0.00018733739852905273,1,58
77,0.00018733739852905273,1,58
78,0.00018733739852905273,1,58
79,0.00018733739852905273,1,58
80,0.00018733739852905273,1,58
81,0.00018733739852905273,1,58
82,0.00018733739852905273,1,58
83,0.00018733739852905273,1,58
84,0.00018733739852905273,1,58
85,0.00018733739852905273,1,58
86,0.00018733739852905273,1,58
87,0.00018733739852905273,1,58
88,0.00018733739852905273,1,58
89,0.00018733739852905273,1,58
90,0.00018733739852905273,1,58
91,0.00018733739852905273,1,58
92,0.00018733739852905273,1,58
93,0.00018733739852905273,1,58
94,0.00018733739852905273,1,58
95,0.00018733739852905273,1,58
96,0.00018733739852905273,1,58
97,0.00018733739852905273,1,58
98,0.00018733739852905273,1,58
99,0.00018733739852905273,1,58
100,0.00018733739852905273,1,58
101,0.00018733739852905273,1,58
102,0.00018733739852905273,1,58
103,0.00018733739852905273,1,58
104,0.00018733739852905273,1,58
105,0.00018733739852905273,1,58
106,0.00018733739852905273,1,58
107,0.00018733739852905273,1,58
108,0.00018733739852905273,1,58
109,0.00018733739852905273,1,58
110,0.00018733739852905273,1,58
111,0.00018733739852905273,1,58
112,0.00018733739852905273,1,58
113,0.00018733739852905273,1,58
114,0.00018733739852905273,1,58
115,0.00018733739852905273,1,58
116,0.00018733739852905273,1,58
117,0.00018733739852905273,1,58
118,0.00018733739852905273,1,58
119,0.00018733739852905273,1,58
120,0.00018733739852905273,1,58
121,0.00018733739852905273,1,58
122,0.00018733739852905273,1,58
123,0.00018733739852905273,1,58
124,0.00018733739852905273,1,58
125,0.00018733739852905273,1,58
126,0.00018733739852905273,1,58
127,0.00018733739852905273,1,58
128,0.00018733739852905273,1,58
129,0.00018733739852905273,1,58
130,0.00018733739852905273,1,58
131,0.00018733739852905273,1,58
132,0.00018733739852905273,1,58
133,0.00018733739852905273,1,58
134,0.00018733739852905273,1,58
135,0.00018733739852905273,1,58
136,0.00018733739852905273,1,58
137,0.00018733739852905273,1,58
138,0.00018733739852905273,1,58
139,0.00018733739852905273,1,58
140,0.00018733739852905273,1,58
141,0.00018733739852905273,1,58
142,0.00018733739852905273,1,58
143,0.00018733739852905273,1,58
144,0.00018733739852905273,1,58
145,0.00018733739852905273,1,58
146,0.00018733739852905273,1,58
147,0.00018733739852905273,1,58
148,0.00018733739852905273,1,58
149,0.00018733739852905273,1,58
150,0.00018733739852905273,1,58
151,0.00018733739852905273,1,58
152,0.00018733739852905273,1,58
153,0.00018733739852905273,1,58
154,0.00018733739852905273,1,58
155,0.00018733739852905273,1,58
156,0.00018733739852905273,1,58
157,0.00018733739852905273,1,58
158,0.00018733739852905273,1,58
159,0.00018733739852905273,1,58
160,0.00018733739852905273,1,58
161,0.00018733739852905273,1,58
162,0.00018733739852905273,1,58
163,0.00018733739852905273,1,58
164,0.00018733739852905273,1,58
165,0.00018733739852905273,1,58
166,0.00018733739852905273,1,58
167,0.00018733739852905273,1,58
168,0.00018733739852905273,1,58
169,0.00018733739852905273,1,58
170,0.00018733739852905273,1,58
171,0.00018733739852905273,1,58
172,0.00018733739852905273,1,58
173,0.00018733739852905273,1,58
174,0.00018733739852905273,1,58
175,0.00018733739852905273,1,58
176,0.00018733739852905273,1,58
177,0.00018733739852905273,1,58
178,0.00018733739852905273,1,58
179,0.00018733739852905273,1,58
180,0.00018733739852905273,1,58
181,0.00018733739852905273,1,58
182,0.00018733739852905273,1,58
183,0.00018733739852905273,1,58
184,0.00018733739852905273,1,58
185,0.00018733739852905273,1,58
186,0.00018733739852905273,1,58
187,0.00018733739852905273,1,58
188,0.00018733739852905273,1,58
189,0.00018733739852905273,1,58
190,0.00018733739852905273,1,58
191,0.00018733739852905273,1,58
192,0.00018733739852905273,1,58
193,0.00018733739852905273,1,58
194,0.00018733739852905273,1,58
195,0.00018733739852905273,1,58
196,0.00018733739852905273,1,58
197,0.00018733739852905273,1,58
198,0.00018733739852905273,1,58
199,0.00018733739852905273,1,58
200,0.00018733739852905273,1,58
1,0.001662135124206543,1,59
2,0.001662135124206543,1,59
3,0.001662135124206543,1,59
4,0.001662135124206543,1,59
5,0.001662135124206543,1,59
6,0.001662135124206543,1,59
7,0.001662135124206543,1,59
8,0.001662135124206543,1,59
9,0.001662135124206543,1,59
10,0.001662135124206543,1,59
11,0.001662135124206543,1,59
12,0.001662135124206543,1,59
13,0.001662135124206543,1,59
14,0.001662135124206543,1,59
15,0.001662135124206543,1,59
16,0.001662135124206543,1,59
17,0.001662135124206543,1,59
18,0.001662135124206543,1,59
19,0.001662135124206543,1,59
20,0.001662135124206543,1,59
21,0.001662135124206543,1,59
22,0.001662135124206543,1,59
23,0.001662135124206543,1,59
24,0.001662135124206543,1,59
25,0.001662135124206543,1,59
26,0.001662135124206543,1,59
27,0.001662135124206543,1,59
28,0.001662135124206543,1,59
29,0.001662135124206543,1,59
30,0.001662135124206543,1,59
31,0.001662135124206543,1,59
32,0.001662135124206543,1,59
33,0.001662135124206543,1,59
34,0.001662135124206543,1,59
35,0.001662135124206543,1,59
36,0.001662135124206543,1,59
37,0.001662135124206543,1,59
38,0.001662135124206543,1,59
39,0.001662135124206543,1,59
40,0.001662135124206543,1,59
41,0.001662135124206543,1,59
42,0.001662135124206543,1,59
43,0.001662135124206543,1,59
44,0.001662135124206543,1,59
45,0.001662135124206543,1,59
46,0.001662135124206543,1,59
47,0.001662135124206543,1,59
48,0.001662135124206543,1,59
49,0.001662135124206543,1,59
50,0.001662135124206543,1,59
51,0.001662135124206543,1,59
52,0.001662135124206543,1,59
53,0.001662135124206543,1,59
54,0.001662135124206543,1,59
55,0.001662135124206543,1,59
56,0.001662135124206543,1,59
57,0.001662135124206543,1,59
58,0.001662135124206543,1,59
59,0.001662135124206543,1,59
60,0.001662135124206543,1,59
61,0.001662135124206543,1,59
62,0.001662135124206543,1,59
63,0.001662135124206543,1,59
64,0.001662135124206543,1,59
65,0.001662135124206543,1,59
66,0.001662135124206543,1,59
67,0.001662135124206543,1,59
68,0.001662135124206543,1,59
69,0.001662135124206543,1,59
70,0.001662135124206543,1,59
71,0.001662135124206543,1,59
72,0.001662135124206543,1,59
73,0.001662135124206543,1,59
74,0.001662135124206543,1,59
75,0.001662135124206543,1,59
76,0.001662135124206543,1,59
77,0.001662135124206543,1,59
78,0.001662135124206543,1,59
79,0.001662135124206543,1,59
80,0.001662135124206543,1,59
81,0.001662135124206543,1,59
82,0.001662135124206543,1,59
83,0.001662135124206543,1,59
84,0.001662135124206543,1,59
85,0.001662135124206543,1,59
86,0.001662135124206543,1,59
87,0.001662135124206543,1,59
88,0.001662135124206543,1,59
89,0.001662135124206543,1,59
90,0.001662135124206543,1,59
91,0.001662135124206543,1,59
92,0.001662135124206543,1,59
93,0.001662135124206543,1,59
94,0.001662135124206543,1,59
95,0.001662135124206543,1,59
96,0.001662135124206543,1,59
97,0.001662135124206543,1,59
98,0.001662135124206543,1,59
99,0.001662135124206543,1,59
100,0.001662135124206543,1,59
101,0.001662135124206543,1,59
102,0.001662135124206543,1,59
103,0.001662135124206543,1,59
104,0.001662135124206543,1,59
105,0.001662135124206543,1,59
106,0.001662135124206543,1,59
107,0.001662135124206543,1,59
108,0.001662135124206543,1,59
109,0.001662135124206543,1,59
110,0.001662135124206543,1,59
111,0.001662135124206543,1,59
112,0.001662135124206543,1,59
113,0.001662135124206543,1,59
114,0.001662135124206543,1,59
115,0.001662135124206543,1,59
116,0.001662135124206543,1,59
117,0.001662135124206543,1,59
118,0.001662135124206543,1,59
119,0.001662135124206543,1,59
120,0.001662135124206543,1,59
121,0.001662135124206543,1,59
122,0.001662135124206543,1,59
123,0.001662135124206543,1,59
124,0.001662135124206543,1,59
125,0.001662135124206543,1,59
126,0.001662135124206543,1,59
127,0.001662135124206543,1,59
128,0.001662135124206543,1,59
129,0.001662135124206543,1,59
130,0.001662135124206543,1,59
131,0.001662135124206543,1,59
132,0.001662135124206543,1,59
133,0.001662135124206543,1,59
134,0.001662135124206543,1,59
135,0.001662135124206543,1,59
136,0.001662135124206543,1,59
137,0.001662135124206543,1,59
138,0.001662135124206543,1,59
139,0.001662135124206543,1,59
140,0.001662135124206543,1,59
141,0.001662135124206543,1,59
142,0.001662135124206543,1,59
143,0.001662135124206543,1,59
144,0.001662135124206543,1,59
145,0.001662135124206543,1,59
146,0.001662135124206543,1,59
147,0.001662135124206543,1,59
148,0.001662135124206543,1,59
149,0.001662135124206543,1,59
150,0.001662135124206543,1,59
151,0.001662135124206543,1,59
152,0.001662135124206543,1,59
153,0.001662135124206543,1,59
154,0.001662135124206543,1,59
155,0.001662135124206543,1,59
156,0.001662135124206543,1,59
157,0.001662135124206543,1,59
158,0.001662135124206543,1,59
159,0.001662135124206543,1,59
160,0.001662135124206543,1,59
161,0.001662135124206543,1,59
162,0.001662135124206543,1,59
163,0.001662135124206543,1,59
164,0.001662135124206543,1,59
165,0.001662135124206543,1,59
166,0.001662135124206543,1,59
167,0.001662135124206543,1,59
168,0.001662135124206543,1,59
169,0.001662135124206543,1,59
170,0.001662135124206543,1,59
171,0.001662135124206543,1,59
172,0.001662135124206543,1,59
173,0.001662135124206543,1,59
174,0.001662135124206543,1,59
175,0.001662135124206543,1,59
176,0.001662135124206543,1,59
177,0.001662135124206543,1,59
178,0.001662135124206543,1,59
179,0.001662135124206543,1,59
180,0.001662135124206543,1,59
181,0.001662135124206543,1,59
182,0.001662135124206543,1,59
183,0.001662135124206543,1,59
184,0.001662135124206543,1,59
185,0.001662135124206543,1,59
186,0.001662135124206543,1,59
187,0.001662135124206543,1,59
188,0.001662135124206543,1,59
189,0.001662135124206543,1,59
190,0.001662135124206543,1,59
191,0.001662135124206543,1,59
192,0.001662135124206543,1,59
193,0.001662135124206543,1,59
194,0.001662135124206543,1,59
195,0.001662135124206543,1,59
196,0.001662135124206543,1,59
197,0.001662135124206543,1,59
198,0.001662135124206543,1,59
199,0.001662135124206543,1,59
200,0.001662135124206543,1,59
1,0.00033533573150634766,1,60
2,0.00033485889434814453,1,60
3,0.00033485889434814453,1,60
4,0.00033485889434814453,1,60
5,0.00033485889434814453,1,60
6,0.00033533573150634766,1,60
7,0.00033533573150634766,1,60
8,0.00033533573150634766,1,60
9,0.00033533573150634766,1,60
10,0.00033533573150634766,1,60
11,0.00033533573150634766,1,60
12,0.00033533573150634766,1,60
13,0.00033533573150634766,1,60
14,0.00033533573150634766,1,60
15,0.00033533573150634766,1,60
16,0.00033533573150634766,1,60
17,0.00033533573150634766,1,60
18,0.00033533573150634766,1,60
19,0.00033533573150634766,1,60
20,0.00033533573150634766,1,60
21,0.00033533573150634766,1,60
22,0.00033533573150634766,1,60
23,0.00033533573150634766,1,60
24,0.00033533573150634766,1,60
25,0.00033533573150634766,1,60
26,0.00033533573150634766,1,60
27,0.00033533573150634766,1,60
28,0.00033533573150634766,1,60
29,0.00033533573150634766,1,60
30,0.00033533573150634766,1,60
31,0.00033533573150634766,1,60
32,0.00033533573150634766,1,60
33,0.00033533573150634766,1,60
34,0.00033533573150634766,1,60
35,0.00033533573150634766,1,60
36,0.00033533573150634766,1,60
37,0.00033533573150634766,1,60
38,0.00033533573150634766,1,60
39,0.00033533573150634766,1,60
40,0.00033533573150634766,1,60
41,0.00033533573150634766,1,60
42,0.00033533573150634766,1,60
43,0.00033533573150634766,1,60
44,0.00033533573150634766,1,60
45,0.00033533573150634766,1,60
46,0.00033533573150634766,1,60
47,0.00033533573150634766,1,60
48,0.00033533573150634766,1,60
49,0.00033533573150634766,1,60
50,0.00033533573150634766,1,60
51,0.00033533573150634766,1,60
52,0.00033533573150634766,1,60
53,0.00033533573150634766,1,60
54,0.00033533573150634766,1,60
55,0.00033533573150634766,1,60
56,0.00033533573150634766,1,60
57,0.00033533573150634766,1,60
58,0.00033533573150634766,1,60
59,0.00033533573150634766,1,60
60,0.00033533573150634766,1,60
61,0.00033533573150634766,1,60
62,0.00033533573150634766,1,60
63,0.00033533573150634766,1,60
64,0.00033533573150634766,1,60
65,0.00033533573150634766,1,60
66,0.00033533573150634766,1,60
67,0.00033533573150634766,1,60
68,0.00033533573150634766,1,60
69,0.00033533573150634766,1,60
70,0.00033533573150634766,1,60
71,0.00033533573150634766,1,60
72,0.00033533573150634766,1,60
73,0.00033533573150634766,1,60
74,0.00033533573150634766,1,60
75,0.00033533573150634766,1,60
76,0.00033533573150634766,1,60
77,0.00033533573150634766,1,60
78,0.00033533573150634766,1,60
79,0.00033533573150634766,1,60
80,0.00033533573150634766,1,60
81,0.00033533573150634766,1,60
82,0.00033533573150634766,1,60
83,0.00033533573150634766,1,60
84,0.00033533573150634766,1,60
85,0.00033533573150634766,1,60
86,0.00033533573150634766,1,60
87,0.00033533573150634766,1,60
88,0.00033533573150634766,1,60
89,0.00033533573150634766,1,60
90,0.00033533573150634766,1,60
91,0.00033533573150634766,1,60
92,0.00033533573150634766,1,60
93,0.00033533573150634766,1,60
94,0.00033533573150634766,1,60
95,0.00033533573150634766,1,60
96,0.00033533573150634766,1,60
97,0.00033533573150634766,1,60
98,0.00033533573150634766,1,60
99,0.00033533573150634766,1,60
100,0.00033533573150634766,1,60
101,0.00033533573150634766,1,60
102,0.00033533573150634766,1,60
103,0.00033533573150634766,1,60
104,0.00033533573150634766,1,60
105,0.00033533573150634766,1,60
106,0.00033533573150634766,1,60
107,0.00033533573150634766,1,60
108,0.00033533573150634766,1,60
109,0.00033533573150634766,1,60
110,0.00033533573150634766,1,60
111,0.00033533573150634766,1,60
112,0.00033533573150634766,1,60
113,0.00033533573150634766,1,60
114,0.00033533573150634766,1,60
115,0.00033533573150634766,1,60
116,0.00033533573150634766,1,60
117,0.00033533573150634766,1,60
118,0.00033533573150634766,1,60
119,0.00033533573150634766,1,60
120,0.00033533573150634766,1,60
121,0.00033533573150634766,1,60
122,0.00033533573150634766,1,60
123,0.00033533573150634766,1,60
124,0.00033533573150634766,1,60
125,0.00033533573150634766,1,60
126,0.00033533573150634766,1,60
127,0.00033533573150634766,1,60
128,0.00033533573150634766,1,60
129,0.00033533573150634766,1,60
130,0.00033533573150634766,1,60
131,0.00033533573150634766,1,60
132,0.00033533573150634766,1,60
133,0.00033533573150634766,1,60
134,0.00033533573150634766,1,60
135,0.00033533573150634766,1,60
136,0.00033533573150634766,1,60
137,0.00033533573150634766,1,60
138,0.00033533573150634766,1,60
139,0.00033533573150634766,1,60
140,0.00033533573150634766,1,60
141,0.00033533573150634766,1,60
142,0.00033533573150634766,1,60
143,0.00033533573150634766,1,60
144,0.00033533573150634766,1,60
145,0.00033533573150634766,1,60
146,0.00033533573150634766,1,60
147,0.00033533573150634766,1,60
148,0.00033533573150634766,1,60
149,0.00033533573150634766,1,60
150,0.00033533573150634766,1,60
151,0.00033533573150634766,1,60
152,0.00033533573150634766,1,60
153,0.00033533573150634766,1,60
154,0.00033533573150634766,1,60
155,0.00033533573150634766,1,60
156,0.00033533573150634766,1,60
157,0.00033533573150634766,1,60
158,0.00033533573150634766,1,60
159,0.00033533573150634766,1,60
160,0.00033533573150634766,1,60
161,0.00033533573150634766,1,60
162,0.00033533573150634766,1,60
163,0.00033533573150634766,1,60
164,0.00033533573150634766,1,60
165,0.00033533573150634766,1,60
166,0.00033533573150634766,1,60
167,0.00033533573150634766,1,60
168,0.00033533573150634766,1,60
169,0.00033533573150634766,1,60
170,0.00033533573150634766,1,60
171,0.00033533573150634766,1,60
172,0.00033533573150634766,1,60
173,0.00033533573150634766,1,60
174,0.00033533573150634766,1,60
175,0.00033533573150634766,1,60
176,0.00033533573150634766,1,60
177,0.00033533573150634766,1,60
178,0.00033533573150634766,1,60
179,0.00033533573150634766,1,60
180,0.00033533573150634766,1,60
181,0.00033533573150634766,1,60
182,0.00033533573150634766,1,60
183,0.00033533573150634766,1,60
184,0.00033533573150634766,1,60
185,0.00033533573150634766,1,60
186,0.00033533573150634766,1,60
187,0.00033533573150634766,1,60
188,0.00033533573150634766,1,60
189,0.00033533573150634766,1,60
190,0.00033533573150634766,1,60
191,0.00033533573150634766,1,60
192,0.00033533573150634766,1,60
193,0.00033533573150634766,1,60
194,0.00033533573150634766,1,60
195,0.00033533573150634766,1,60
196,0.00033533573150634766,1,60
197,0.00033533573150634766,1,60
198,0.00033533573150634766,1,60
199,0.00033533573150634766,1,60
200,0.00033533573150634766,1,60
1,1.704692840576172e-05,1,61
2,1.704692840576172e-05,1,61
3,1.704692840576172e-05,1,61
4,1.704692840576172e-05,1,61
5,1.704692840576172e-05,1,61
6,1.704692840576172e-05,1,61
7,1.704692840576172e-05,1,61
8,1.704692840576172e-05,1,61
9,1.704692840576172e-05,1,61
10,1.704692840576172e-05,1,61
11,1.704692840576172e-05,1,61
12,1.704692840576172e-05,1,61
13,1.704692840576172e-05,1,61
14,1.704692840576172e-05,1,61
15,1.704692840576172e-05,1,61
16,1.704692840576172e-05,1,61
17,1.704692840576172e-05,1,61
18,1.704692840576172e-05,1,61
19,1.704692840576172e-05,1,61
20,1.704692840576172e-05,1,61
21,1.704692840576172e-05,1,61
22,1.704692840576172e-05,1,61
23,1.704692840576172e-05,1,61
24,1.704692840576172e-05,1,61
25,1.704692840576172e-05,1,61
26,1.704692840576172e-05,1,61
27,1.704692840576172e-05,1,61
28,1.704692840576172e-05,1,61
29,1.704692840576172e-05,1,61
30,1.704692840576172e-05,1,61
31,1.704692840576172e-05,1,61
32,1.704692840576172e-05,1,61
33,1.704692840576172e-05,1,61
34,1.704692840576172e-05,1,61
35,1.704692840576172e-05,1,61
36,1.704692840576172e-05,1,61
37,1.704692840576172e-05,1,61
38,1.704692840576172e-05,1,61
39,1.704692840576172e-05,1,61
40,1.704692840576172e-05,1,61
41,1.704692840576172e-05,1,61
42,1.704692840576172e-05,1,61
43,1.704692840576172e-05,1,61
44,1.704692840576172e-05,1,61
45,1.704692840576172e-05,1,61
46,1.704692840576172e-05,1,61
47,1.704692840576172e-05,1,61
48,1.704692840576172e-05,1,61
49,1.704692840576172e-05,1,61
50,1.704692840576172e-05,1,61
51,1.704692840576172e-05,1,61
52,1.704692840576172e-05,1,61
53,1.704692840576172e-05,1,61
54,1.704692840576172e-05,1,61
55,1.704692840576172e-05,1,61
56,1.704692840576172e-05,1,61
57,1.704692840576172e-05,1,61
58,1.704692840576172e-05,1,61
59,1.704692840576172e-05,1,61
60,1.704692840576172e-05,1,61
61,1.704692840576172e-05,1,61
62,1.704692840576172e-05,1,61
63,1.704692840576172e-05,1,61
64,1.704692840576172e-05,1,61
65,1.704692840576172e-05,1,61
66,1.704692840576172e-05,1,61
67,1.704692840576172e-05,1,61
68,1.704692840576172e-05,1,61
69,1.704692840576172e-05,1,61
70,1.704692840576172e-05,1,61
71,1.704692840576172e-05,1,61
72,1.704692840576172e-05,1,61
73,1.704692840576172e-05,1,61
74,1.704692840576172e-05,1,61
75,1.704692840576172e-05,1,61
76,1.704692840576172e-05,1,61
77,1.704692840576172e-05,1,61
78,1.704692840576172e-05,1,61
79,1.704692840576172e-05,1,61
80,1.704692840576172e-05,1,61
81,1.704692840576172e-05,1,61
82,1.704692840576172e-05,1,61
83,1.704692840576172e-05,1,61
84,1.704692840576172e-05,1,61
85,1.704692840576172e-05,1,61
86,1.704692840576172e-05,1,61
87,1.704692840576172e-05,1,61
88,1.704692840576172e-05,1,61
89,1.704692840576172e-05,1,61
90,1.704692840576172e-05,1,61
91,1.704692840576172e-05,1,61
92,1.704692840576172e-05,1,61
93,1.704692840576172e-05,1,61
94,1.704692840576172e-05,1,61
95,1.704692840576172e-05,1,61
96,1.704692840576172e-05,1,61
97,1.704692840576172e-05,1,61
98,1.704692840576172e-05,1,61
99,1.704692840576172e-05,1,61
100,1.704692840576172e-05,1,61
101,1.704692840576172e-05,1,61
102,1.704692840576172e-05,1,61
103,1.704692840576172e-05,1,61
104,1.704692840576172e-05,1,61
105,1.704692840576172e-05,1,61
106,1.704692840576172e-05,1,61
107,1.704692840576172e-05,1,61
108,1.704692840576172e-05,1,61
109,1.704692840576172e-05,1,61
110,1.704692840576172e-05,1,61
111,1.704692840576172e-05,1,61
112,1.704692840576172e-05,1,61
113,1.704692840576172e-05,1,61
114,1.704692840576172e-05,1,61
115,1.704692840576172e-05,1,61
116,1.704692840576172e-05,1,61
117,1.704692840576172e-05,1,61
118,1.704692840576172e-05,1,61
119,1.704692840576172e-05,1,61
120,1.704692840576172e-05,1,61
121,1.704692840576172e-05,1,61
122,1.704692840576172e-05,1,61
123,1.704692840576172e-05,1,61
124,1.704692840576172e-05,1,61
125,1.704692840576172e-05,1,61
126,1.704692840576172e-05,1,61
127,1.704692840576172e-05,1,61
128,1.704692840576172e-05,1,61
129,1.704692840576172e-05,1,61
130,1.704692840576172e-05,1,61
131,1.704692840576172e-05,1,61
132,1.704692840576172e-05,1,61
133,1.704692840576172e-05,1,61
134,1.704692840576172e-05,1,61
135,1.704692840576172e-05,1,61
136,1.704692840576172e-05,1,61
137,1.704692840576172e-05,1,61
138,1.704692840576172e-05,1,61
139,1.704692840576172e-05,1,61
140,1.704692840576172e-05,1,61
141,1.704692840576172e-05,1,61
142,1.704692840576172e-05,1,61
143,1.704692840576172e-05,1,61
144,1.704692840576172e-05,1,61
145,1.704692840576172e-05,1,61
146,1.704692840576172e-05,1,61
147,1.704692840576172e-05,1,61
148,1.704692840576172e-05,1,61
149,1.704692840576172e-05,1,61
150,1.704692840576172e-05,1,61
151,1.704692840576172e-05,1,61
152,1.704692840576172e-05,1,61
153,1.704692840576172e-05,1,61
154,1.704692840576172e-05,1,61
155,1.704692840576172e-05,1,61
156,1.704692840576172e-05,1,61
157,1.704692840576172e-05,1,61
158,1.704692840576172e-05,1,61
159,1.704692840576172e-05,1,61
160,1.704692840576172e-05,1,61
161,1.704692840576172e-05,1,61
162,1.704692840576172e-05,1,61
163,1.704692840576172e-05,1,61
164,1.704692840576172e-05,1,61
165,1.704692840576172e-05,1,61
166,1.704692840576172e-05,1,61
167,1.704692840576172e-05,1,61
168,1.704692840576172e-05,1,61
169,1.704692840576172e-05,1,61
170,1.704692840576172e-05,1,61
171,1.704692840576172e-05,1,61
172,1.704692840576172e-05,1,61
173,1.704692840576172e-05,1,61
174,1.704692840576172e-05,1,61
175,1.704692840576172e-05,1,61
176,1.704692840576172e-05,1,61
177,1.704692840576172e-05,1,61
178,1.704692840576172e-05,1,61
179,1.704692840576172e-05,1,61
180,1.704692840576172e-05,1,61
181,1.704692840576172e-05,1,61
182,1.704692840576172e-05,1,61
183,1.704692840576172e-05,1,61
184,1.704692840576172e-05,1,61
185,1.704692840576172e-05,1,61
186,1.704692840576172e-05,1,61
187,1.704692840576172e-05,1,61
188,1.704692840576172e-05,1,61
189,1.704692840576172e-05,1,61
190,1.704692840576172e-05,1,61
191,1.704692840576172e-05,1,61
192,1.704692840576172e-05,1,61
193,1.704692840576172e-05,1,61
194,1.704692840576172e-05,1,61
195,1.704692840576172e-05,1,61
196,1.704692840576172e-05,1,61
197,1.704692840576172e-05,1,61
198,1.704692840576172e-05,1,61
199,1.704692840576172e-05,1,61
200,1.704692840576172e-05,1,61
1,0.007510125637054443,1,62
2,0.007510125637054443,1,62
3,0.0075113773345947266,1,62
4,0.0075119733810424805,1,62
5,0.007510662078857422,1,62
6,0.007510662078857422,1,62
7,0.00751185417175293,1,62
8,0.00751185417175293,1,62
9,0.00751185417175293,1,62
10,0.007512092590332031,1,62
11,0.007512092590332031,1,62
12,0.007512092590332031,1,62
13,0.007512092590332031,1,62
14,0.007512092590332031,1,62
15,0.007512092590332031,1,62
16,0.007512092590332031,1,62
17,0.007512092590332031,1,62
18,0.007512092590332031,1,62
19,0.007512092590332031,1,62
20,0.007512092590332031,1,62
21,0.007512092590332031,1,62
22,0.007512092590332031,1,62
23,0.007512092590332031,1,62
24,0.007512092590332031,1,62
25,0.007512092590332031,1,62
26,0.007512092590332031,1,62
27,0.007512092590332031,1,62
28,0.007512092590332031,1,62
29,0.007512092590332031,1,62
30,0.007512092590332031,1,62
31,0.007512092590332031,1,62
32,0.007512092590332031,1,62
33,0.007512092590332031,1,62
34,0.007512092590332031,1,62
35,0.007512092590332031,1,62
36,0.007512092590332031,1,62
37,0.007512092590332031,1,62
38,0.007512092590332031,1,62
39,0.007512092590332031,1,62
40,0.007512092590332031,1,62
41,0.007512092590332031,1,62
42,0.007512092590332031,1,62
43,0.007512092590332031,1,62
44,0.007512092590332031,1,62
45,0.007512092590332031,1,62
46,0.007512092590332031,1,62
47,0.007512092590332031,1,62
48,0.007512092590332031,1,62
49,0.007512092590332031,1,62
50,0.007512092590332031,1,62
51,0.007512092590332031,1,62
52,0.007512092590332031,1,62
53,0.007512092590332031,1,62
54,0.007512092590332031,1,62
55,0.007512092590332031,1,62
56,0.007512092590332031,1,62
57,0.007512092590332031,1,62
58,0.007512092590332031,1,62
59,0.007512092590332031,1,62
60,0.007512092590332031,1,62
61,0.007512092590332031,1,62
62,0.007512092590332031,1,62
63,0.007512092590332031,1,62
64,0.007512092590332031,1,62
65,0.007512092590332031,1,62
66,0.007512092590332031,1,62
67,0.007512092590332031,1,62
68,0.007512092590332031,1,62
69,0.007512092590332031,1,62
70,0.007512092590332031,1,62
71,0.007512092590332031,1,62
72,0.007512092590332031,1,62
73,0.007512092590332031,1,62
74,0.007512092590332031,1,62
75,0.007512092590332031,1,62
76,0.007512092590332031,1,62
77,0.007512092590332031,1,62
78,0.007512092590332031,1,62
79,0.007512092590332031,1,62
80,0.007512092590332031,1,62
81,0.007512092590332031,1,62
82,0.007512092590332031,1,62
83,0.007512092590332031,1,62
84,0.007512092590332031,1,62
85,0.007512092590332031,1,62
86,0.007512092590332031,1,62
87,0.007512092590332031,1,62
88,0.007512092590332031,1,62
89,0.007512092590332031,1,62
90,0.007512092590332031,1,62
91,0.007512092590332031,1,62
92,0.007512092590332031,1,62
93,0.007512092590332031,1,62
94,0.007512092590332031,1,62
95,0.007512092590332031,1,62
96,0.007512092590332031,1,62
97,0.007512092590332031,1,62
98,0.007512092590332031,1,62
99,0.007512092590332031,1,62
100,0.007512092590332031,1,62
101,0.007512092590332031,1,62
102,0.007512092590332031,1,62
103,0.007512092590332031,1,62
104,0.007512092590332031,1,62
105,0.007512092590332031,1,62
106,0.007512092590332031,1,62
107,0.007512092590332031,1,62
108,0.007512092590332031,1,62
109,0.007512092590332031,1,62
110,0.007512092590332031,1,62
111,0.007512092590332031,1,62
112,0.007512092590332031,1,62
113,0.007512092590332031,1,62
114,0.007512092590332031,1,62
115,0.007512092590332031,1,62
116,0.007512092590332031,1,62
117,0.007512092590332031,1,62
118,0.007512092590332031,1,62
119,0.007512092590332031,1,62
120,0.007512092590332031,1,62
121,0.007512092590332031,1,62
122,0.007512092590332031,1,62
123,0.007512092590332031,1,62
124,0.007512092590332031,1,62
125,0.007512092590332031,1,62
126,0.007512092590332031,1,62
127,0.007512092590332031,1,62
128,0.007512092590332031,1,62
129,0.007512092590332031,1,62
130,0.007512092590332031,1,62
131,0.007512092590332031,1,62
132,0.007512092590332031,1,62
133,0.007512092590332031,1,62
134,0.007512092590332031,1,62
135,0.007512092590332031,1,62
136,0.007512092590332031,1,62
137,0.007512092590332031,1,62
138,0.007512092590332031,1,62
139,0.007512092590332031,1,62
140,0.007512092590332031,1,62
141,0.007512092590332031,1,62
142,0.007512092590332031,1,62
143,0.007512092590332031,1,62
144,0.007512092590332031,1,62
145,0.007512092590332031,1,62
146,0.007512092590332031,1,62
147,0.007512092590332031,1,62
148,0.007512092590332031,1,62
149,0.007512092590332031,1,62
150,0.007512092590332031,1,62
151,0.007512092590332031,1,62
152,0.007512092590332031,1,62
153,0.007512092590332031,1,62
154,0.007512092590332031,1,62
155,0.007512092590332031,1,62
156,0.007512092590332031,1,62
157,0.007512092590332031,1,62
158,0.007512092590332031,1,62
159,0.007512092590332031,1,62
160,0.007512092590332031,1,62
161,0.007512092590332031,1,62
162,0.007512092590332031,1,62
163,0.007512092590332031,1,62
164,0.007512092590332031,1,62
165,0.007512092590332031,1,62
166,0.007512092590332031,1,62
167,0.007512092590332031,1,62
168,0.007512092590332031,1,62
169,0.007512092590332031,1,62
170,0.007512092590332031,1,62
171,0.007512092590332031,1,62
172,0.007512092590332031,1,62
173,0.007512092590332031,1,62
174,0.007512092590332031,1,62
175,0.007512092590332031,1,62
176,0.007512092590332031,1,62
177,0.007512092590332031,1,62
178,0.007512092590332031,1,62
179,0.007512092590332031,1,62
180,0.007512092590332031,1,62
181,0.007512092590332031,1,62
182,0.007512092590332031,1,62
183,0.007512092590332031,1,62
184,0.007512092590332031,1,62
185,0.007512092590332031,1,62
186,0.007512092590332031,1,62
187,0.007512092590332031,1,62
188,0.007512092590332031,1,62
189,0.007512092590332031,1,62
190,0.007512092590332031,1,62
191,0.007512092590332031,1,62
192,0.007512092590332031,1,62
193,0.007512092590332031,1,62
194,0.007512092590332031,1,62
195,0.007512092590332031,1,62
196,0.007512092590332031,1,62
197,0.007512092590332031,1,62
198,0.007512092590332031,1,62
199,0.007512092590332031,1,62
200,0.007512092590332031,1,62
1,1.0967254638671875e-05,1,63
2,1.0967254638671875e-05,1,63
3,1.0967254638671875e-05,1,63
4,1.0967254638671875e-05,1,63
5,1.0967254638671875e-05,1,63
6,1.0967254638671875e-05,1,63
7,1.0967254638671875e-05,1,63
8,1.0967254638671875e-05,1,63
9,1.0967254638671875e-05,1,63
10,1.0967254638671875e-05,1,63
11,1.0967254638671875e-05,1,63
12,1.0967254638671875e-05,1,63
13,1.0967254638671875e-05,1,63
14,1.0967254638671875e-05,1,63
15,1.0967254638671875e-05,1,63
16,1.0967254638671875e-05,1,63
17,1.0967254638671875e-05,1,63
18,1.0967254638671875e-05,1,63
19,1.0967254638671875e-05,1,63
20,1.0967254638671875e-05,1,63
21,1.0967254638671875e-05,1,63
22,1.0967254638671875e-05,1,63
23,1.0967254638671875e-05,1,63
24,1.0967254638671875e-05,1,63
25,1.0967254638671875e-05,1,63
26,1.0967254638671875e-05,1,63
27,1.0967254638671875e-05,1,63
28,1.0967254638671875e-05,1,63
29,1.0967254638671875e-05,1,63
30,1.0967254638671875e-05,1,63
31,1.0967254638671875e-05,1,63
32,1.0967254638671875e-05,1,63
33,1.0967254638671875e-05,1,63
34,1.0967254638671875e-05,1,63
35,1.0967254638671875e-05,1,63
36,1.0967254638671875e-05,1,63
37,1.0967254638671875e-05,1,63
38,1.0967254638671875e-05,1,63
39,1.0967254638671875e-05,1,63
40,1.0967254638671875e-05,1,63
41,1.0967254638671875e-05,1,63
42,1.0967254638671875e-05,1,63
43,1.0967254638671875e-05,1,63
44,1.0967254638671875e-05,1,63
45,1.0967254638671875e-05,1,63
46,1.0967254638671875e-05,1,63
47,1.0967254638671875e-05,1,63
48,1.0967254638671875e-05,1,63
49,1.0967254638671875e-05,1,63
50,1.0967254638671875e-05,1,63
51,1.0967254638671875e-05,1,63
52,1.0967254638671875e-05,1,63
53,1.0967254638671875e-05,1,63
54,1.0967254638671875e-05,1,63
55,1.0967254638671875e-05,1,63
56,1.0967254638671875e-05,1,63
57,1.0967254638671875e-05,1,63
58,1.0967254638671875e-05,1,63
59,1.0967254638671875e-05,1,63
60,1.0967254638671875e-05,1,63
61,1.0967254638671875e-05,1,63
62,1.0967254638671875e-05,1,63
63,1.0967254638671875e-05,1,63
64,1.0967254638671875e-05,1,63
65,1.0967254638671875e-05,1,63
66,1.0967254638671875e-05,1,63
67,1.0967254638671875e-05,1,63
68,1.0967254638671875e-05,1,63
69,1.0967254638671875e-05,1,63
70,1.0967254638671875e-05,1,63
71,1.0967254638671875e-05,1,63
72,1.0967254638671875e-05,1,63
73,1.0967254638671875e-05,1,63
74,1.0967254638671875e-05,1,63
75,1.0967254638671875e-05,1,63
76,1.0967254638671875e-05,1,63
77,1.0967254638671875e-05,1,63
78,1.0967254638671875e-05,1,63
79,1.0967254638671875e-05,1,63
80,1.0967254638671875e-05,1,63
81,1.0967254638671875e-05,1,63
82,1.0967254638671875e-05,1,63
83,1.0967254638671875e-05,1,63
84,1.0967254638671875e-05,1,63
85,1.0967254638671875e-05,1,63
86,1.0967254638671875e-05,1,63
87,1.0967254638671875e-05,1,63
88,1.0967254638671875e-05,1,63
89,1.0967254638671875e-05,1,63
90,1.0967254638671875e-05,1,63
91,1.0967254638671875e-05,1,63
92,1.0967254638671875e-05,1,63
93,1.0967254638671875e-05,1,63
94,1.0967254638671875e-05,1,63
95,1.0967254638671875e-05,1,63
96,1.0967254638671875e-05,1,63
97,1.0967254638671875e-05,1,63
98,1.0967254638671875e-05,1,63
99,1.0967254638671875e-05,1,63
100,1.0967254638671875e-05,1,63
101,1.0967254638671875e-05,1,63
102,1.0967254638671875e-05,1,63
103,1.0967254638671875e-05,1,63
104,1.0967254638671875e-05,1,63
105,1.0967254638671875e-05,1,63
106,1.0967254638671875e-05,1,63
107,1.0967254638671875e-05,1,63
108,1.0967254638671875e-05,1,63
109,1.0967254638671875e-05,1,63
110,1.0967254638671875e-05,1,63
111,1.0967254638671875e-05,1,63
112,1.0967254638671875e-05,1,63
113,1.0967254638671875e-05,1,63
114,1.0967254638671875e-05,1,63
115,1.0967254638671875e-05,1,63
116,1.0967254638671875e-05,1,63
117,1.0967254638671875e-05,1,63
118,1.0967254638671875e-05,1,63
119,1.0967254638671875e-05,1,63
120,1.0967254638671875e-05,1,63
121,1.0967254638671875e-05,1,63
122,1.0967254638671875e-05,1,63
123,1.0967254638671875e-05,1,63
124,1.0967254638671875e-05,1,63
125,1.0967254638671875e-05,1,63
126,1.0967254638671875e-05,1,63
127,1.0967254638671875e-05,1,63
128,1.0967254638671875e-05,1,63
129,1.0967254638671875e-05,1,63
130,1.0967254638671875e-05,1,63
131,1.0967254638671875e-05,1,63
132,1.0967254638671875e-05,1,63
133,1.0967254638671875e-05,1,63
134,1.0967254638671875e-05,1,63
135,1.0967254638671875e-05,1,63
136,1.0967254638671875e-05,1,63
137,1.0967254638671875e-05,1,63
138,1.0967254638671875e-05,1,63
139,1.0967254638671875e-05,1,63
140,1.0967254638671875e-05,1,63
141,1.0967254638671875e-05,1,63
142,1.0967254638671875e-05,1,63
143,1.0967254638671875e-05,1,63
144,1.0967254638671875e-05,1,63
145,1.0967254638671875e-05,1,63
146,1.0967254638671875e-05,1,63
147,1.0967254638671875e-05,1,63
148,1.0967254638671875e-05,1,63
149,1.0967254638671875e-05,1,63
150,1.0967254638671875e-05,1,63
151,1.0967254638671875e-05,1,63
152,1.0967254638671875e-05,1,63
153,1.0967254638671875e-05,1,63
154,1.0967254638671875e-05,1,63
155,1.0967254638671875e-05,1,63
156,1.0967254638671875e-05,1,63
157,1.0967254638671875e-05,1,63
158,1.0967254638671875e-05,1,63
159,1.0967254638671875e-05,1,63
160,1.0967254638671875e-05,1,63
161,1.0967254638671875e-05,1,63
162,1.0967254638671875e-05,1,63
163,1.0967254638671875e-05,1,63
164,1.0967254638671875e-05,1,63
165,1.0967254638671875e-05,1,63
166,1.0967254638671875e-05,1,63
167,1.0967254638671875e-05,1,63
168,1.0967254638671875e-05,1,63
169,1.0967254638671875e-05,1,63
170,1.0967254638671875e-05,1,63
171,1.0967254638671875e-05,1,63
172,1.0967254638671875e-05,1,63
173,1.0967254638671875e-05,1,63
174,1.0967254638671875e-05,1,63
175,1.0967254638671875e-05,1,63
176,1.0967254638671875e-05,1,63
177,1.0967254638671875e-05,1,63
178,1.0967254638671875e-05,1,63
179,1.0967254638671875e-05,1,63
180,1.0967254638671875e-05,1,63
181,1.0967254638671875e-05,1,63
182,1.0967254638671875e-05,1,63
183,1.0967254638671875e-05,1,63
184,1.0967254638671875e-05,1,63
185,1.0967254638671875e-05,1,63
186,1.0967254638671875e-05,1,63
187,1.0967254638671875e-05,1,63
188,1.0967254638671875e-05,1,63
189,1.0967254638671875e-05,1,63
190,1.0967254638671875e-05,1,63
191,1.0967254638671875e-05,1,63
192,1.0967254638671875e-05,1,63
193,1.0967254638671875e-05,1,63
194,1.0967254638671875e-05,1,63
195,1.0967254638671875e-05,1,63
196,1.0967254638671875e-05,1,63
197,1.0967254638671875e-05,1,63
198,1.0967254638671875e-05,1,63
199,1.0967254638671875e-05,1,63
200,1.0967254638671875e-05,1,63
1,8.475780487060547e-05,1,64
2,8.475780487060547e-05,1,64
3,8.475780487060547e-05,1,64
4,8.475780487060547e-05,1,64
5,8.475780487060547e-05,1,64
6,8.475780487060547e-05,1,64
7,8.475780487060547e-05,1,64
8,8.475780487060547e-05,1,64
9,8.475780487060547e-05,1,64
10,8.475780487060547e-05,1,64
11,8.475780487060547e-05,1,64
12,8.475780487060547e-05,1,64
13,8.475780487060547e-05,1,64
14,8.475780487060547e-05,1,64
15,8.475780487060547e-05,1,64
16,8.475780487060547e-05,1,64
17,8.475780487060547e-05,1,64
18,8.475780487060547e-05,1,64
19,8.475780487060547e-05,1,64
20,8.475780487060547e-05,1,64
21,8.475780487060547e-05,1,64
22,8.475780487060547e-05,1,64
23,8.475780487060547e-05,1,64
24,8.475780487060547e-05,1,64
25,8.475780487060547e-05,1,64
26,8.475780487060547e-05,1,64
27,8.475780487060547e-05,1,64
28,8.475780487060547e-05,1,64
29,8.475780487060547e-05,1,64
30,8.475780487060547e-05,1,64
31,8.475780487060547e-05,1,64
32,8.475780487060547e-05,1,64
33,8.475780487060547e-05,1,64
34,8.475780487060547e-05,1,64
35,8.475780487060547e-05,1,64
36,8.475780487060547e-05,1,64
37,8.475780487060547e-05,1,64
38,8.475780487060547e-05,1,64
39,8.475780487060547e-05,1,64
40,8.475780487060547e-05,1,64
41,8.475780487060547e-05,1,64
42,8.475780487060547e-05,1,64
43,8.475780487060547e-05,1,64
44,8.475780487060547e-05,1,64
45,8.475780487060547e-05,1,64
46,8.475780487060547e-05,1,64
47,8.475780487060547e-05,1,64
48,8.475780487060547e-05,1,64
49,8.475780487060547e-05,1,64
50,8.475780487060547e-05,1,64
51,8.475780487060547e-05,1,64
52,8.475780487060547e-05,1,64
53,8.475780487060547e-05,1,64
54,8.475780487060547e-05,1,64
55,8.475780487060547e-05,1,64
56,8.475780487060547e-05,1,64
57,8.475780487060547e-05,1,64
58,8.475780487060547e-05,1,64
59,8.475780487060547e-05,1,64
60,8.475780487060547e-05,1,64
61,8.475780487060547e-05,1,64
62,8.475780487060547e-05,1,64
63,8.475780487060547e-05,1,64
64,8.475780487060547e-05,1,64
65,8.475780487060547e-05,1,64
66,8.475780487060547e-05,1,64
67,8.475780487060547e-05,1,64
68,8.475780487060547e-05,1,64
69,8.475780487060547e-05,1,64
70,8.475780487060547e-05,1,64
71,8.475780487060547e-05,1,64
72,8.475780487060547e-05,1,64
73,8.475780487060547e-05,1,64
74,8.475780487060547e-05,1,64
75,8.475780487060547e-05,1,64
76,8.475780487060547e-05,1,64
77,8.475780487060547e-05,1,64
78,8.475780487060547e-05,1,64
79,8.475780487060547e-05,1,64
80,8.475780487060547e-05,1,64
81,8.475780487060547e-05,1,64
82,8.475780487060547e-05,1,64
83,8.475780487060547e-05,1,64
84,8.475780487060547e-05,1,64
85,8.475780487060547e-05,1,64
86,8.475780487060547e-05,1,64
87,8.475780487060547e-05,1,64
88,8.475780487060547e-05,1,64
89,8.475780487060547e-05,1,64
90,8.475780487060547e-05,1,64
91,8.475780487060547e-05,1,64
92,8.475780487060547e-05,1,64
93,8.475780487060547e-05,1,64
94,8.475780487060547e-05,1,64
95,8.475780487060547e-05,1,64
96,8.475780487060547e-05,1,64
97,8.475780487060547e-05,1,64
98,8.475780487060547e-05,1,64
99,8.475780487060547e-05,1,64
100,8.475780487060547e-05,1,64
101,8.475780487060547e-05,1,64
102,8.475780487060547e-05,1,64
103,8.475780487060547e-05,1,64
104,8.475780487060547e-05,1,64
105,8.475780487060547e-05,1,64
106,8.475780487060547e-05,1,64
107,8.475780487060547e-05,1,64
108,8.475780487060547e-05,1,64
109,8.475780487060547e-05,1,64
110,8.475780487060547e-05,1,64
111,8.475780487060547e-05,1,64
112,8.475780487060547e-05,1,64
113,8.475780487060547e-05,1,64
114,8.475780487060547e-05,1,64
115,8.475780487060547e-05,1,64
116,8.475780487060547e-05,1,64
117,8.475780487060547e-05,1,64
118,8.475780487060547e-05,1,64
119,8.475780487060547e-05,1,64
120,8.475780487060547e-05,1,64
121,8.475780487060547e-05,1,64
122,8.475780487060547e-05,1,64
123,8.475780487060547e-05,1,64
124,8.475780487060547e-05,1,64
125,8.475780487060547e-05,1,64
126,8.475780487060547e-05,1,64
127,8.475780487060547e-05,1,64
128,8.475780487060547e-05,1,64
129,8.475780487060547e-05,1,64
130,8.475780487060547e-05,1,64
131,8.475780487060547e-05,1,64
132,8.475780487060547e-05,1,64
133,8.475780487060547e-05,1,64
134,8.475780487060547e-05,1,64
135,8.475780487060547e-05,1,64
136,8.475780487060547e-05,1,64
137,8.475780487060547e-05,1,64
138,8.475780487060547e-05,1,64
139,8.475780487060547e-05,1,64
140,8.475780487060547e-05,1,64
141,8.475780487060547e-05,1,64
142,8.475780487060547e-05,1,64
143,8.475780487060547e-05,1,64
144,8.475780487060547e-05,1,64
145,8.475780487060547e-05,1,64
146,8.475780487060547e-05,1,64
147,8.475780487060547e-05,1,64
148,8.475780487060547e-05,1,64
149,8.475780487060547e-05,1,64
150,8.475780487060547e-05,1,64
151,8.475780487060547e-05,1,64
152,8.475780487060547e-05,1,64
153,8.475780487060547e-05,1,64
154,8.475780487060547e-05,1,64
155,8.475780487060547e-05,1,64
156,8.475780487060547e-05,1,64
157,8.475780487060547e-05,1,64
158,8.475780487060547e-05,1,64
159,8.475780487060547e-05,1,64
160,8.475780487060547e-05,1,64
161,8.475780487060547e-05,1,64
162,8.475780487060547e-05,1,64
163,8.475780487060547e-05,1,64
164,8.475780487060547e-05,1,64
165,8.475780487060547e-05,1,64
166,8.475780487060547e-05,1,64
167,8.475780487060547e-05,1,64
168,8.475780487060547e-05,1,64
169,8.475780487060547e-05,1,64
170,8.475780487060547e-05,1,64
171,8.475780487060547e-05,1,64
172,8.475780487060547e-05,1,64
173,8.475780487060547e-05,1,64
174,8.475780487060547e-05,1,64
175,8.475780487060547e-05,1,64
176,8.475780487060547e-05,1,64
177,8.475780487060547e-05,1,64
178,8.475780487060547e-05,1,64
179,8.475780487060547e-05,1,64
180,8.475780487060547e-05,1,64
181,8.475780487060547e-05,1,64
182,8.475780487060547e-05,1,64
183,8.475780487060547e-05,1,64
184,8.475780487060547e-05,1,64
185,8.475780487060547e-05,1,64
186,8.475780487060547e-05,1,64
187,8.475780487060547e-05,1,64
188,8.475780487060547e-05,1,64
189,8.475780487060547e-05,1,64
190,8.475780487060547e-05,1,64
191,8.475780487060547e-05,1,64
192,8.475780487060547e-05,1,64
193,8.475780487060547e-05,1,64
194,8.475780487060547e-05,1,64
195,8.475780487060547e-05,1,64
196,8.475780487060547e-05,1,64
197,8.475780487060547e-05,1,64
198,8.475780487060547e-05,1,64
199,8.475780487060547e-05,1,64
200,8.475780487060547e-05,1,64
1,2.4080276489257812e-05,1,65
2,2.4080276489257812e-05,1,65
3,2.4080276489257812e-05,1,65
4,2.4080276489257812e-05,1,65
5,2.4080276489257812e-05,1,65
6,2.4080276489257812e-05,1,65
7,2.4080276489257812e-05,1,65
8,2.4080276489257812e-05,1,65
9,2.4080276489257812e-05,1,65
10,2.4080276489257812e-05,1,65
11,2.4080276489257812e-05,1,65
12,2.4080276489257812e-05,1,65
13,2.4080276489257812e-05,1,65
14,2.4080276489257812e-05,1,65
15,2.4080276489257812e-05,1,65
16,2.4080276489257812e-05,1,65
17,2.4080276489257812e-05,1,65
18,2.4080276489257812e-05,1,65
19,2.4080276489257812e-05,1,65
20,2.4080276489257812e-05,1,65
21,2.4080276489257812e-05,1,65
22,2.4080276489257812e-05,1,65
23,2.4080276489257812e-05,1,65
24,2.4080276489257812e-05,1,65
25,2.4080276489257812e-05,1,65
26,2.4080276489257812e-05,1,65
27,2.4080276489257812e-05,1,65
28,2.4080276489257812e-05,1,65
29,2.4080276489257812e-05,1,65
30,2.4080276489257812e-05,1,65
31,2.4080276489257812e-05,1,65
32,2.4080276489257812e-05,1,65
33,2.4080276489257812e-05,1,65
34,2.4080276489257812e-05,1,65
35,2.4080276489257812e-05,1,65
36,2.4080276489257812e-05,1,65
37,2.4080276489257812e-05,1,65
38,2.4080276489257812e-05,1,65
39,2.4080276489257812e-05,1,65
40,2.4080276489257812e-05,1,65
41,2.4080276489257812e-05,1,65
42,2.4080276489257812e-05,1,65
43,2.4080276489257812e-05,1,65
44,2.4080276489257812e-05,1,65
45,2.4080276489257812e-05,1,65
46,2.4080276489257812e-05,1,65
47,2.4080276489257812e-05,1,65
48,2.4080276489257812e-05,1,65
49,2.4080276489257812e-05,1,65
50,2.4080276489257812e-05,1,65
51,2.4080276489257812e-05,1,65
52,2.4080276489257812e-05,1,65
53,2.4080276489257812e-05,1,65
54,2.4080276489257812e-05,1,65
55,2.4080276489257812e-05,1,65
56,2.4080276489257812e-05,1,65
57,2.4080276489257812e-05,1,65
58,2.4080276489257812e-05,1,65
59,2.4080276489257812e-05,1,65
60,2.4080276489257812e-05,1,65
61,2.4080276489257812e-05,1,65
62,2.4080276489257812e-05,1,65
63,2.4080276489257812e-05,1,65
64,2.4080276489257812e-05,1,65
65,2.4080276489257812e-05,1,65
66,2.4080276489257812e-05,1,65
67,2.4080276489257812e-05,1,65
68,2.4080276489257812e-05,1,65
69,2.4080276489257812e-05,1,65
70,2.4080276489257812e-05,1,65
71,2.4080276489257812e-05,1,65
72,2.4080276489257812e-05,1,65
73,2.4080276489257812e-05,1,65
74,2.4080276489257812e-05,1,65
75,2.4080276489257812e-05,1,65
76,2.4080276489257812e-05,1,65
77,2.4080276489257812e-05,1,65
78,2.4080276489257812e-05,1,65
79,2.4080276489257812e-05,1,65
80,2.4080276489257812e-05,1,65
81,2.4080276489257812e-05,1,65
82,2.4080276489257812e-05,1,65
83,2.4080276489257812e-05,1,65
84,2.4080276489257812e-05,1,65
85,2.4080276489257812e-05,1,65
86,2.4080276489257812e-05,1,65
87,2.4080276489257812e-05,1,65
88,2.4080276489257812e-05,1,65
89,2.4080276489257812e-05,1,65
90,2.4080276489257812e-05,1,65
91,2.4080276489257812e-05,1,65
92,2.4080276489257812e-05,1,65
93,2.4080276489257812e-05,1,65
94,2.4080276489257812e-05,1,65
95,2.4080276489257812e-05,1,65
96,2.4080276489257812e-05,1,65
97,2.4080276489257812e-05,1,65
98,2.4080276489257812e-05,1,65
99,2.4080276489257812e-05,1,65
100,2.4080276489257812e-05,1,65
101,2.4080276489257812e-05,1,65
102,2.4080276489257812e-05,1,65
103,2.4080276489257812e-05,1,65
104,2.4080276489257812e-05,1,65
105,2.4080276489257812e-05,1,65
106,2.4080276489257812e-05,1,65
107,2.4080276489257812e-05,1,65
108,2.4080276489257812e-05,1,65
109,2.4080276489257812e-05,1,65
110,2.4080276489257812e-05,1,65
111,2.4080276489257812e-05,1,65
112,2.4080276489257812e-05,1,65
113,2.4080276489257812e-05,1,65
114,2.4080276489257812e-05,1,65
115,2.4080276489257812e-05,1,65
116,2.4080276489257812e-05,1,65
117,2.4080276489257812e-05,1,65
118,2.4080276489257812e-05,1,65
119,2.4080276489257812e-05,1,65
120,2.4080276489257812e-05,1,65
121,2.4080276489257812e-05,1,65
122,2.4080276489257812e-05,1,65
123,2.4080276489257812e-05,1,65
124,2.4080276489257812e-05,1,65
125,2.4080276489257812e-05,1,65
126,2.4080276489257812e-05,1,65
127,2.4080276489257812e-05,1,65
128,2.4080276489257812e-05,1,65
129,2.4080276489257812e-05,1,65
130,2.4080276489257812e-05,1,65
131,2.4080276489257812e-05,1,65
132,2.4080276489257812e-05,1,65
133,2.4080276489257812e-05,1,65
134,2.4080276489257812e-05,1,65
135,2.4080276489257812e-05,1,65
136,2.4080276489257812e-05,1,65
137,2.4080276489257812e-05,1,65
138,2.4080276489257812e-05,1,65
139,2.4080276489257812e-05,1,65
140,2.4080276489257812e-05,1,65
141,2.4080276489257812e-05,1,65
142,2.4080276489257812e-05,1,65
143,2.4080276489257812e-05,1,65
144,2.4080276489257812e-05,1,65
145,2.4080276489257812e-05,1,65
146,2.4080276489257812e-05,1,65
147,2.4080276489257812e-05,1,65
148,2.4080276489257812e-05,1,65
149,2.4080276489257812e-05,1,65
150,2.4080276489257812e-05,1,65
151,2.4080276489257812e-05,1,65
152,2.4080276489257812e-05,1,65
153,2.4080276489257812e-05,1,65
154,2.4080276489257812e-05,1,65
155,2.4080276489257812e-05,1,65
156,2.4080276489257812e-05,1,65
157,2.4080276489257812e-05,1,65
158,2.4080276489257812e-05,1,65
159,2.4080276489257812e-05,1,65
160,2.4080276489257812e-05,1,65
161,2.4080276489257812e-05,1,65
162,2.4080276489257812e-05,1,65
163,2.4080276489257812e-05,1,65
164,2.4080276489257812e-05,1,65
165,2.4080276489257812e-05,1,65
166,2.4080276489257812e-05,1,65
167,2.4080276489257812e-05,1,65
168,2.4080276489257812e-05,1,65
169,2.4080276489257812e-05,1,65
170,2.4080276489257812e-05,1,65
171,2.4080276489257812e-05,1,65
172,2.4080276489257812e-05,1,65
173,2.4080276489257812e-05,1,65
174,2.4080276489257812e-05,1,65
175,2.4080276489257812e-05,1,65
176,2.4080276489257812e-05,1,65
177,2.4080276489257812e-05,1,65
178,2.4080276489257812e-05,1,65
179,2.4080276489257812e-05,1,65
180,2.4080276489257812e-05,1,65
181,2.4080276489257812e-05,1,65
182,2.4080276489257812e-05,1,65
183,2.4080276489257812e-05,1,65
184,2.4080276489257812e-05,1,65
185,2.4080276489257812e-05,1,65
186,2.4080276489257812e-05,1,65
187,2.4080276489257812e-05,1,65
188,2.4080276489257812e-05,1,65
189,2.4080276489257812e-05,1,65
190,2.4080276489257812e-05,1,65
191,2.4080276489257812e-05,1,65
192,2.4080276489257812e-05,1,65
193,2.4080276489257812e-05,1,65
194,2.4080276489257812e-05,1,65
195,2.4080276489257812e-05,1,65
196,2.4080276489257812e-05,1,65
197,2.4080276489257812e-05,1,65
198,2.4080276489257812e-05,1,65
199,2.4080276489257812e-05,1,65
200,2.4080276489257812e-05,1,65
1,0.0017792582511901855,1,66
2,0.0017759203910827637,1,66
3,0.0017759203910827637,1,66
4,0.0017759203910827637,1,66
5,0.0017759203910827637,1,66
6,0.0017781853675842285,1,66
7,0.0017781853675842285,1,66
8,0.0017781853675842285,1,66
9,0.0017781853675842285,1,66
10,0.0017781853675842285,1,66
11,0.0017781853675842285,1,66
12,0.0017781853675842285,1,66
13,0.0017781853675842285,1,66
14,0.0017781853675842285,1,66
15,0.0017781853675842285,1,66
16,0.0017781853675842285,1,66
17,0.0017781853675842285,1,66
18,0.0017781853675842285,1,66
19,0.0017781853675842285,1,66
20,0.0017781853675842285,1,66
21,0.0017781853675842285,1,66
22,0.0017781853675842285,1,66
23,0.0017781853675842285,1,66
24,0.0017781853675842285,1,66
25,0.0017781853675842285,1,66
26,0.0017781853675842285,1,66
27,0.0017781853675842285,1,66
28,0.0017781853675842285,1,66
29,0.0017781853675842285,1,66
30,0.0017781853675842285,1,66
31,0.0017781853675842285,1,66
32,0.0017781853675842285,1,66
33,0.0017781853675842285,1,66
34,0.0017781853675842285,1,66
35,0.0017781853675842285,1,66
36,0.0017781853675842285,1,66
37,0.0017781853675842285,1,66
38,0.0017781853675842285,1,66
39,0.0017781853675842285,1,66
40,0.0017781853675842285,1,66
41,0.0017781853675842285,1,66
42,0.0017781853675842285,1,66
43,0.0017781853675842285,1,66
44,0.0017781853675842285,1,66
45,0.0017781853675842285,1,66
46,0.0017781853675842285,1,66
47,0.0017781853675842285,1,66
48,0.0017781853675842285,1,66
49,0.0017781853675842285,1,66
50,0.0017781853675842285,1,66
51,0.0017781853675842285,1,66
52,0.0017781853675842285,1,66
53,0.0017781853675842285,1,66
54,0.0017781853675842285,1,66
55,0.0017781853675842285,1,66
56,0.0017781853675842285,1,66
57,0.0017781853675842285,1,66
58,0.0017781853675842285,1,66
59,0.0017781853675842285,1,66
60,0.0017781853675842285,1,66
61,0.0017781853675842285,1,66
62,0.0017781853675842285,1,66
63,0.0017781853675842285,1,66
64,0.0017781853675842285,1,66
65,0.0017781853675842285,1,66
66,0.0017781853675842285,1,66
67,0.0017781853675842285,1,66
68,0.0017781853675842285,1,66
69,0.0017781853675842285,1,66
70,0.0017781853675842285,1,66
71,0.0017781853675842285,1,66
72,0.0017781853675842285,1,66
73,0.0017781853675842285,1,66
74,0.0017781853675842285,1,66
75,0.0017781853675842285,1,66
76,0.0017781853675842285,1,66
77,0.0017781853675842285,1,66
78,0.0017781853675842285,1,66
79,0.0017781853675842285,1,66
80,0.0017781853675842285,1,66
81,0.0017781853675842285,1,66
82,0.0017781853675842285,1,66
83,0.0017781853675842285,1,66
84,0.0017781853675842285,1,66
85,0.0017781853675842285,1,66
86,0.0017781853675842285,1,66
87,0.0017781853675842285,1,66
88,0.0017781853675842285,1,66
89,0.0017781853675842285,1,66
90,0.0017781853675842285,1,66
91,0.0017781853675842285,1,66
92,0.0017781853675842285,1,66
93,0.0017781853675842285,1,66
94,0.0017781853675842285,1,66
95,0.0017781853675842285,1,66
96,0.0017781853675842285,1,66
97,0.0017781853675842285,1,66
98,0.0017781853675842285,1,66
99,0.0017781853675842285,1,66
100,0.0017781853675842285,1,66
101,0.0017781853675842285,1,66
102,0.0017781853675842285,1,66
103,0.0017781853675842285,1,66
104,0.0017781853675842285,1,66
105,0.0017781853675842285,1,66
106,0.0017781853675842285,1,66
107,0.0017781853675842285,1,66
108,0.0017781853675842285,1,66
109,0.0017781853675842285,1,66
110,0.0017781853675842285,1,66
111,0.0017781853675842285,1,66
112,0.0017781853675842285,1,66
113,0.0017781853675842285,1,66
114,0.0017781853675842285,1,66
115,0.0017781853675842285,1,66
116,0.0017781853675842285,1,66
117,0.0017781853675842285,1,66
118,0.0017781853675842285,1,66
119,0.0017781853675842285,1,66
120,0.0017781853675842285,1,66
121,0.0017781853675842285,1,66
122,0.0017781853675842285,1,66
123,0.0017781853675842285,1,66
124,0.0017781853675842285,1,66
125,0.0017781853675842285,1,66
126,0.0017781853675842285,1,66
127,0.0017781853675842285,1,66
128,0.0017781853675842285,1,66
129,0.0017781853675842285,1,66
130,0.0017781853675842285,1,66
131,0.0017781853675842285,1,66
132,0.0017781853675842285,1,66
133,0.0017781853675842285,1,66
134,0.0017781853675842285,1,66
135,0.0017781853675842285,1,66
136,0.0017781853675842285,1,66
137,0.0017781853675842285,1,66
138,0.0017781853675842285,1,66
139,0.0017781853675842285,1,66
140,0.0017781853675842285,1,66
141,0.0017781853675842285,1,66
142,0.0017781853675842285,1,66
143,0.0017781853675842285,1,66
144,0.0017781853675842285,1,66
145,0.0017781853675842285,1,66
146,0.0017781853675842285,1,66
147,0.0017781853675842285,1,66
148,0.0017781853675842285,1,66
149,0.0017781853675842285,1,66
150,0.0017781853675842285,1,66
151,0.0017781853675842285,1,66
152,0.0017781853675842285,1,66
153,0.0017781853675842285,1,66
154,0.0017781853675842285,1,66
155,0.0017781853675842285,1,66
156,0.0017781853675842285,1,66
157,0.0017781853675842285,1,66
158,0.0017781853675842285,1,66
159,0.0017781853675842285,1,66
160,0.0017781853675842285,1,66
161,0.0017781853675842285,1,66
162,0.0017781853675842285,1,66
163,0.0017781853675842285,1,66
164,0.0017781853675842285,1,66
165,0.0017781853675842285,1,66
166,0.0017781853675842285,1,66
167,0.0017781853675842285,1,66
168,0.0017781853675842285,1,66
169,0.0017781853675842285,1,66
170,0.0017781853675842285,1,66
171,0.0017781853675842285,1,66
172,0.0017781853675842285,1,66
173,0.0017781853675842285,1,66
174,0.0017781853675842285,1,66
175,0.0017781853675842285,1,66
176,0.0017781853675842285,1,66
177,0.0017781853675842285,1,66
178,0.0017781853675842285,1,66
179,0.0017781853675842285,1,66
180,0.0017781853675842285,1,66
181,0.0017781853675842285,1,66
182,0.0017781853675842285,1,66
183,0.0017781853675842285,1,66
184,0.0017781853675842285,1,66
185,0.0017781853675842285,1,66
186,0.0017781853675842285,1,66
187,0.0017781853675842285,1,66
188,0.0017781853675842285,1,66
189,0.0017781853675842285,1,66
190,0.0017781853675842285,1,66
191,0.0017781853675842285,1,66
192,0.0017781853675842285,1,66
193,0.0017781853675842285,1,66
194,0.0017781853675842285,1,66
195,0.0017781853675842285,1,66
196,0.0017781853675842285,1,66
197,0.0017781853675842285,1,66
198,0.0017781853675842285,1,66
199,0.0017781853675842285,1,66
200,0.0017781853675842285,1,66
1,1.3113021850585938e-06,1,67
2,1.3113021850585938e-06,1,67
3,1.3113021850585938e-06,1,67
4,1.3113021850585938e-06,1,67
5,1.3113021850585938e-06,1,67
6,1.3113021850585938e-06,1,67
7,1.3113021850585938e-06,1,67
8,1.3113021850585938e-06,1,67
9,1.3113021850585938e-06,1,67
10,1.3113021850585938e-06,1,67
11,1.3113021850585938e-06,1,67
12,1.3113021850585938e-06,1,67
13,1.3113021850585938e-06,1,67
14,1.3113021850585938e-06,1,67
15,1.3113021850585938e-06,1,67
16,1.3113021850585938e-06,1,67
17,1.3113021850585938e-06,1,67
18,1.3113021850585938e-06,1,67
19,1.3113021850585938e-06,1,67
20,1.3113021850585938e-06,1,67
21,1.3113021850585938e-06,1,67
22,1.3113021850585938e-06,1,67
23,1.3113021850585938e-06,1,67
24,1.3113021850585938e-06,1,67
25,1.3113021850585938e-06,1,67
26,1.3113021850585938e-06,1,67
27,1.3113021850585938e-06,1,67
28,1.3113021850585938e-06,1,67
29,1.3113021850585938e-06,1,67
30,1.3113021850585938e-06,1,67
31,1.3113021850585938e-06,1,67
32,1.3113021850585938e-06,1,67
33,1.3113021850585938e-06,1,67
34,1.3113021850585938e-06,1,67
35,1.3113021850585938e-06,1,67
36,1.3113021850585938e-06,1,67
37,1.3113021850585938e-06,1,67
38,1.3113021850585938e-06,1,67
39,1.3113021850585938e-06,1,67
40,1.3113021850585938e-06,1,67
41,1.3113021850585938e-06,1,67
42,1.3113021850585938e-06,1,67
43,1.3113021850585938e-06,1,67
44,1.3113021850585938e-06,1,67
45,1.3113021850585938e-06,1,67
46,1.3113021850585938e-06,1,67
47,1.3113021850585938e-06,1,67
48,1.3113021850585938e-06,1,67
49,1.3113021850585938e-06,1,67
50,1.3113021850585938e-06,1,67
51,1.3113021850585938e-06,1,67
52,1.3113021850585938e-06,1,67
53,1.3113021850585938e-06,1,67
54,1.3113021850585938e-06,1,67
55,1.3113021850585938e-06,1,67
56,1.3113021850585938e-06,1,67
57,1.3113021850585938e-06,1,67
58,1.3113021850585938e-06,1,67
59,1.3113021850585938e-06,1,67
60,1.3113021850585938e-06,1,67
61,1.3113021850585938e-06,1,67
62,1.3113021850585938e-06,1,67
63,1.3113021850585938e-06,1,67
64,1.3113021850585938e-06,1,67
65,1.3113021850585938e-06,1,67
66,1.3113021850585938e-06,1,67
67,1.3113021850585938e-06,1,67
68,1.3113021850585938e-06,1,67
69,1.3113021850585938e-06,1,67
70,1.3113021850585938e-06,1,67
71,1.3113021850585938e-06,1,67
72,1.3113021850585938e-06,1,67
73,1.3113021850585938e-06,1,67
74,1.3113021850585938e-06,1,67
75,1.3113021850585938e-06,1,67
76,1.3113021850585938e-06,1,67
77,1.3113021850585938e-06,1,67
78,1.3113021850585938e-06,1,67
79,1.3113021850585938e-06,1,67
80,1.3113021850585938e-06,1,67
81,1.3113021850585938e-06,1,67
82,1.3113021850585938e-06,1,67
83,1.3113021850585938e-06,1,67
84,1.3113021850585938e-06,1,67
85,1.3113021850585938e-06,1,67
86,1.3113021850585938e-06,1,67
87,1.3113021850585938e-06,1,67
88,1.3113021850585938e-06,1,67
89,1.3113021850585938e-06,1,67
90,1.3113021850585938e-06,1,67
91,1.3113021850585938e-06,1,67
92,1.3113021850585938e-06,1,67
93,1.3113021850585938e-06,1,67
94,1.3113021850585938e-06,1,67
95,1.3113021850585938e-06,1,67
96,1.3113021850585938e-06,1,67
97,1.3113021850585938e-06,1,67
98,1.3113021850585938e-06,1,67
99,1.3113021850585938e-06,1,67
100,1.3113021850585938e-06,1,67
101,1.3113021850585938e-06,1,67
102,1.3113021850585938e-06,1,67
103,1.3113021850585938e-06,1,67
104,1.3113021850585938e-06,1,67
105,1.3113021850585938e-06,1,67
106,1.3113021850585938e-06,1,67
107,1.3113021850585938e-06,1,67
108,1.3113021850585938e-06,1,67
109,1.3113021850585938e-06,1,67
110,1.3113021850585938e-06,1,67
111,1.3113021850585938e-06,1,67
112,1.3113021850585938e-06,1,67
113,1.3113021850585938e-06,1,67
114,1.3113021850585938e-06,1,67
115,1.3113021850585938e-06,1,67
116,1.3113021850585938e-06,1,67
117,1.3113021850585938e-06,1,67
118,1.3113021850585938e-06,1,67
119,1.3113021850585938e-06,1,67
120,1.3113021850585938e-06,1,67
121,1.3113021850585938e-06,1,67
122,1.3113021850585938e-06,1,67
123,1.3113021850585938e-06,1,67
124,1.3113021850585938e-06,1,67
125,1.3113021850585938e-06,1,67
126,1.3113021850585938e-06,1,67
127,1.3113021850585938e-06,1,67
128,1.3113021850585938e-06,1,67
129,1.3113021850585938e-06,1,67
130,1.3113021850585938e-06,1,67
131,1.3113021850585938e-06,1,67
132,1.3113021850585938e-06,1,67
133,1.3113021850585938e-06,1,67
134,1.3113021850585938e-06,1,67
135,1.3113021850585938e-06,1,67
136,1.3113021850585938e-06,1,67
137,1.3113021850585938e-06,1,67
138,1.3113021850585938e-06,1,67
139,1.3113021850585938e-06,1,67
140,1.3113021850585938e-06,1,67
141,1.3113021850585938e-06,1,67
142,1.3113021850585938e-06,1,67
143,1.3113021850585938e-06,1,67
144,1.3113021850585938e-06,1,67
145,1.3113021850585938e-06,1,67
146,1.3113021850585938e-06,1,67
147,1.3113021850585938e-06,1,67
148,1.3113021850585938e-06,1,67
149,1.3113021850585938e-06,1,67
150,1.3113021850585938e-06,1,67
151,1.3113021850585938e-06,1,67
152,1.3113021850585938e-06,1,67
153,1.3113021850585938e-06,1,67
154,1.3113021850585938e-06,1,67
155,1.3113021850585938e-06,1,67
156,1.3113021850585938e-06,1,67
157,1.3113021850585938e-06,1,67
158,1.3113021850585938e-06,1,67
159,1.3113021850585938e-06,1,67
160,1.3113021850585938e-06,1,67
161,1.3113021850585938e-06,1,67
162,1.3113021850585938e-06,1,67
163,1.3113021850585938e-06,1,67
164,1.3113021850585938e-06,1,67
165,1.3113021850585938e-06,1,67
166,1.3113021850585938e-06,1,67
167,1.3113021850585938e-06,1,67
168,1.3113021850585938e-06,1,67
169,1.3113021850585938e-06,1,67
170,1.3113021850585938e-06,1,67
171,1.3113021850585938e-06,1,67
172,1.3113021850585938e-06,1,67
173,1.3113021850585938e-06,1,67
174,1.3113021850585938e-06,1,67
175,1.3113021850585938e-06,1,67
176,1.3113021850585938e-06,1,67
177,1.3113021850585938e-06,1,67
178,1.3113021850585938e-06,1,67
179,1.3113021850585938e-06,1,67
180,1.3113021850585938e-06,1,67
181,1.3113021850585938e-06,1,67
182,1.3113021850585938e-06,1,67
183,1.3113021850585938e-06,1,67
184,1.3113021850585938e-06,1,67
185,1.3113021850585938e-06,1,67
186,1.3113021850585938e-06,1,67
187,1.3113021850585938e-06,1,67
188,1.3113021850585938e-06,1,67
189,1.3113021850585938e-06,1,67
190,1.3113021850585938e-06,1,67
191,1.3113021850585938e-06,1,67
192,1.3113021850585938e-06,1,67
193,1.3113021850585938e-06,1,67
194,1.3113021850585938e-06,1,67
195,1.3113021850585938e-06,1,67
196,1.3113021850585938e-06,1,67
197,1.3113021850585938e-06,1,67
198,1.3113021850585938e-06,1,67
199,1.3113021850585938e-06,1,67
200,1.3113021850585938e-06,1,67
1,0.038853585720062256,1,68
2,0.038853585720062256,1,68
3,0.038854360580444336,1,68
4,0.03885471820831299,1,68
5,0.03885394334793091,1,68
6,0.0388522744178772,1,68
7,0.0388522744178772,1,68
8,0.038854241371154785,1,68
9,0.038854241371154785,1,68
10,0.038854241371154785,1,68
11,0.038854241371154785,1,68
12,0.038854241371154785,1,68
13,0.038854241371154785,1,68
14,0.038854241371154785,1,68
15,0.038854241371154785,1,68
16,0.038854241371154785,1,68
17,0.038854122161865234,1,68
18,0.038854122161865234,1,68
19,0.038854122161865234,1,68
20,0.038854241371154785,1,68
21,0.038854241371154785,1,68
22,0.038854241371154785,1,68
23,0.038854241371154785,1,68
24,0.038854241371154785,1,68
25,0.038854241371154785,1,68
26,0.038854241371154785,1,68
27,0.038854241371154785,1,68
28,0.038854122161865234,1,68
29,0.038854122161865234,1,68
30,0.038854122161865234,1,68
31,0.038854122161865234,1,68
32,0.038854122161865234,1,68
33,0.038854122161865234,1,68
34,0.038854122161865234,1,68
35,0.038854122161865234,1,68
36,0.038854122161865234,1,68
37,0.038854122161865234,1,68
38,0.038854122161865234,1,68
39,0.038854122161865234,1,68
40,0.038854241371154785,1,68
41,0.038854122161865234,1,68
42,0.038854122161865234,1,68
43,0.038854122161865234,1,68
44,0.038854122161865234,1,68
45,0.038854122161865234,1,68
46,0.038854122161865234,1,68
47,0.038854241371154785,1,68
48,0.038854241371154785,1,68
49,0.038854241371154785,1,68
50,0.038854241371154785,1,68
51,0.038854241371154785,1,68
52,0.038854241371154785,1,68
53,0.038854241371154785,1,68
54,0.038854241371154785,1,68
55,0.038854241371154785,1,68
56,0.038854241371154785,1,68
57,0.038854241371154785,1,68
58,0.038854241371154785,1,68
59,0.038854241371154785,1,68
60,0.038854241371154785,1,68
61,0.038854241371154785,1,68
62,0.038854241371154785,1,68
63,0.038854241371154785,1,68
64,0.038854241371154785,1,68
65,0.038854241371154785,1,68
66,0.038854241371154785,1,68
67,0.038854241371154785,1,68
68,0.038854241371154785,1,68
69,0.038854241371154785,1,68
70,0.038854241371154785,1,68
71,0.038854241371154785,1,68
72,0.038854241371154785,1,68
73,0.038854241371154785,1,68
74,0.038854241371154785,1,68
75,0.038854241371154785,1,68
76,0.038854241371154785,1,68
77,0.038854241371154785,1,68
78,0.038854241371154785,1,68
79,0.038854241371154785,1,68
80,0.038854241371154785,1,68
81,0.038854241371154785,1,68
82,0.038854241371154785,1,68
83,0.038854241371154785,1,68
84,0.038854241371154785,1,68
85,0.038854241371154785,1,68
86,0.038854241371154785,1,68
87,0.038854241371154785,1,68
88,0.038854241371154785,1,68
89,0.038854241371154785,1,68
90,0.038854241371154785,1,68
91,0.038854241371154785,1,68
92,0.038854241371154785,1,68
93,0.038854241371154785,1,68
94,0.038854241371154785,1,68
95,0.038854241371154785,1,68
96,0.038854241371154785,1,68
97,0.038854241371154785,1,68
98,0.038854241371154785,1,68
99,0.038854241371154785,1,68
100,0.038854241371154785,1,68
101,0.038854241371154785,1,68
102,0.038854241371154785,1,68
103,0.038854241371154785,1,68
104,0.038854241371154785,1,68
105,0.038854241371154785,1,68
106,0.038854241371154785,1,68
107,0.038854241371154785,1,68
108,0.038854241371154785,1,68
109,0.038854241371154785,1,68
110,0.038854241371154785,1,68
111,0.038854241371154785,1,68
112,0.038854241371154785,1,68
113,0.038854241371154785,1,68
114,0.038854241371154785,1,68
115,0.038854241371154785,1,68
116,0.038854241371154785,1,68
117,0.038854241371154785,1,68
118,0.038854241371154785,1,68
119,0.038854241371154785,1,68
120,0.038854241371154785,1,68
121,0.038854241371154785,1,68
122,0.038854241371154785,1,68
123,0.038854241371154785,1,68
124,0.038854241371154785,1,68
125,0.038854241371154785,1,68
126,0.038854241371154785,1,68
127,0.038854241371154785,1,68
128,0.038854241371154785,1,68
129,0.038854241371154785,1,68
130,0.038854241371154785,1,68
131,0.038854241371154785,1,68
132,0.038854241371154785,1,68
133,0.038854241371154785,1,68
134,0.038854241371154785,1,68
135,0.038854241371154785,1,68
136,0.038854241371154785,1,68
137,0.038854241371154785,1,68
138,0.038854241371154785,1,68
139,0.038854241371154785,1,68
140,0.038854241371154785,1,68
141,0.038854241371154785,1,68
142,0.038854241371154785,1,68
143,0.038854241371154785,1,68
144,0.038854241371154785,1,68
145,0.038854241371154785,1,68
146,0.038854241371154785,1,68
147,0.038854241371154785,1,68
148,0.038854241371154785,1,68
149,0.038854241371154785,1,68
150,0.038854241371154785,1,68
151,0.038854241371154785,1,68
152,0.038854241371154785,1,68
153,0.038854241371154785,1,68
154,0.038854241371154785,1,68
155,0.038854241371154785,1,68
156,0.038854241371154785,1,68
157,0.038854241371154785,1,68
158,0.038854241371154785,1,68
159,0.038854241371154785,1,68
160,0.038854241371154785,1,68
161,0.038854241371154785,1,68
162,0.038854241371154785,1,68
163,0.038854241371154785,1,68
164,0.038854241371154785,1,68
165,0.038854241371154785,1,68
166,0.038854241371154785,1,68
167,0.038854241371154785,1,68
168,0.038854241371154785,1,68
169,0.038854241371154785,1,68
170,0.038854241371154785,1,68
171,0.038854241371154785,1,68
172,0.038854241371154785,1,68
173,0.038854241371154785,1,68
174,0.038854241371154785,1,68
175,0.038854122161865234,1,68
176,0.038854122161865234,1,68
177,0.038854122161865234,1,68
178,0.038854122161865234,1,68
179,0.038854122161865234,1,68
180,0.038854122161865234,1,68
181,0.038854122161865234,1,68
182,0.038854122161865234,1,68
183,0.038854241371154785,1,68
184,0.038854241371154785,1,68
185,0.038854241371154785,1,68
186,0.038854241371154785,1,68
187,0.038854241371154785,1,68
188,0.038854241371154785,1,68
189,0.038854241371154785,1,68
190,0.038854241371154785,1,68
191,0.038854241371154785,1,68
192,0.038854241371154785,1,68
193,0.038854241371154785,1,68
194,0.038854241371154785,1,68
195,0.038854241371154785,1,68
196,0.038854241371154785,1,68
197,0.038854241371154785,1,68
198,0.038854241371154785,1,68
199,0.038854241371154785,1,68
200,0.038854241371154785,1,68
1,0.2990559935569763,2,69
2,0.2990559935569763,2,69
3,0.2990559935569763,2,69
4,0.3704870343208313,2,69
5,0.3704870343208313,2,69
6,0.5161687731742859,2,69
7,0.5161687731742859,2,69
8,0.5161687731742859,2,69
9,0.5161687731742859,2,69
10,0.5161687731742859,2,69
11,0.5161687731742859,2,69
12,0.549471914768219,2,69
13,0.549471914768219,2,69
14,0.549471914768219,2,69
15,0.549471914768219,2,69
16,0.549471914768219,2,69
17,0.6090521514415741,2,69
18,0.6090521514415741,2,69
19,0.6971571445465088,3,69
20,0.6971571445465088,3,69
21,0.6971571445465088,3,69
22,0.9085142314434052,6,69
23,0.8586791455745697,5,69
24,0.8586791455745697,5,69
25,0.8586791455745697,5,69
26,0.8430288434028625,4,69
27,0.8430288434028625,4,69
28,0.8430288434028625,4,69
29,0.8430288434028625,4,69
30,0.8430288434028625,4,69
31,0.8430288434028625,4,69
32,0.912764348089695,5,69
33,0.912764348089695,5,69
34,0.912764348089695,5,69
35,0.912764348089695,5,69
36,0.912764348089695,5,69
37,0.9098858311772346,5,69
38,0.8951885253190994,4,69
39,0.8951885253190994,4,69
40,0.8951885253190994,4,69
41,0.8951885253190994,4,69
42,0.9497383572161198,5,69
43,0.8965748175978661,4,69
44,0.8965748175978661,4,69
45,0.8965748175978661,4,69
46,0.8965748175978661,4,69
47,0.9078288599848747,4,69
48,0.9078288599848747,4,69
49,0.9078288599848747,4,69
50,0.9078288599848747,4,69
51,0.9078288599848747,4,69
52,0.9078288599848747,4,69
53,0.9078288599848747,4,69
54,0.9078288599848747,4,69
55,0.9078288599848747,4,69
56,0.9078288599848747,4,69
57,0.9078288599848747,4,69
58,0.9078288599848747,4,69
59,0.9078288599848747,4,69
60,0.9078288599848747,4,69
61,0.9078288599848747,4,69
62,0.9078288599848747,4,69
63,0.9078288599848747,4,69
64,0.9078288599848747,4,69
65,0.9078288599848747,4,69
66,0.9078288599848747,4,69
67,0.9078288599848747,4,69
68,0.9078288599848747,4,69
69,0.9078288599848747,4,69
70,0.9078288599848747,4,69
71,0.9078288599848747,4,69
72,0.9078288599848747,4,69
73,0.9078288599848747,4,69
74,0.9078288599848747,4,69
75,0.9078288599848747,4,69
76,0.9078288599848747,4,69
77,0.9078288599848747,4,69
78,0.9078288599848747,4,69
79,0.9078288599848747,4,69
80,0.9078288599848747,4,69
81,0.9078288599848747,4,69
82,0.9078288599848747,4,69
83,0.9078288599848747,4,69
84,0.9078288599848747,4,69
85,0.9078288599848747,4,69
86,0.9078288599848747,4,69
87,0.9078288599848747,4,69
88,0.9078288599848747,4,69
89,0.9078288599848747,4,69
90,0.9078288599848747,4,69
91,0.9078288599848747,4,69
92,0.9078288599848747,4,69
93,0.9078288599848747,4,69
94,0.9078288599848747,4,69
95,0.9078288599848747,4,69
96,0.9078288599848747,4,69
97,0.9078288599848747,4,69
98,0.9078288599848747,4,69
99,0.9078288599848747,4,69
100,0.9078288599848747,4,69
101,0.9078288599848747,4,69
102,0.9078288599848747,4,69
103,0.9078288599848747,4,69
104,0.9078288599848747,4,69
105,0.9078288599848747,4,69
106,0.9078288599848747,4,69
107,0.9078288599848747,4,69
108,0.9078288599848747,4,69
109,0.9078288599848747,4,69
110,0.9078288599848747,4,69
111,0.9078288599848747,4,69
112,0.9078288599848747,4,69
113,0.9078288599848747,4,69
114,0.9078288599848747,4,69
115,0.9078288599848747,4,69
116,0.9078288599848747,4,69
117,0.9078288599848747,4,69
118,0.9078288599848747,4,69
119,0.9078288599848747,4,69
120,0.9078288599848747,4,69
121,0.9078288599848747,4,69
122,0.9078288599848747,4,69
123,0.9078288599848747,4,69
124,0.9078288599848747,4,69
125,0.9078288599848747,4,69
126,0.9078288599848747,4,69
127,0.9078288599848747,4,69
128,0.9078288599848747,4,69
129,0.9078288599848747,4,69
130,0.9078288599848747,4,69
131,0.9078288599848747,4,69
132,0.9078288599848747,4,69
133,0.9078288599848747,4,69
134,0.9078288599848747,4,69
135,0.9078288599848747,4,69
136,0.9078288599848747,4,69
137,0.9078288599848747,4,69
138,0.9078288599848747,4,69
139,0.9078288599848747,4,69
140,0.9078288599848747,4,69
141,0.9078288599848747,4,69
142,0.9078288599848747,4,69
143,0.9078288599848747,4,69
144,0.9078288599848747,4,69
145,0.9078288599848747,4,69
146,0.9078288599848747,4,69
147,0.9078288599848747,4,69
148,0.9078288599848747,4,69
149,0.9078288599848747,4,69
150,0.9078288599848747,4,69
151,0.9078288599848747,4,69
152,0.9078288599848747,4,69
153,0.9078288599848747,4,69
154,0.9078288599848747,4,69
155,0.9116969704627991,4,69
156,0.9116969704627991,4,69
157,0.9116969704627991,4,69
158,0.9116969704627991,4,69
159,0.9116969704627991,4,69
160,0.9160084873437881,4,69
161,0.9160084873437881,4,69
162,0.9160084873437881,4,69
163,0.9160084873437881,4,69
164,0.9160084873437881,4,69
165,0.9160084873437881,4,69
166,0.9160084873437881,4,69
167,0.9160084873437881,4,69
168,0.9160084873437881,4,69
169,0.9160084873437881,4,69
170,0.9247638508677483,4,69
171,0.9247638508677483,4,69
172,0.9247638508677483,4,69
173,0.9247638508677483,4,69
174,0.9247638508677483,4,69
175,0.9247638508677483,4,69
176,0.9247638508677483,4,69
177,0.9247638508677483,4,69
178,0.9247638508677483,4,69
179,0.9247638508677483,4,69
180,0.9247638508677483,4,69
181,0.9348003268241882,4,69
182,0.9348003268241882,4,69
183,0.9348003268241882,4,69
184,0.9348003268241882,4,69
185,0.9348003268241882,4,69
186,0.9348003268241882,4,69
187,0.9348003268241882,4,69
188,0.9348003268241882,4,69
189,0.9348003268241882,4,69
190,0.9348003268241882,4,69
191,0.9348003268241882,4,69
192,0.9348003268241882,4,69
193,0.9348003268241882,4,69
194,0.9348003268241882,4,69
195,0.9348003268241882,4,69
196,0.9348003268241882,4,69
197,0.9348003268241882,4,69
198,0.9348003268241882,4,69
199,0.9348003268241882,4,69
200,0.9348003268241882,4,69
1,9.512901306152344e-05,1,70
2,9.512901306152344e-05,1,70
3,9.5367431640625e-05,1,70
4,9.5367431640625e-05,1,70
5,9.5367431640625e-05,1,70
6,9.5367431640625e-05,1,70
7,9.5367431640625e-05,1,70
8,9.5367431640625e-05,1,70
9,9.5367431640625e-05,1,70
10,9.5367431640625e-05,1,70
11,9.5367431640625e-05,1,70
12,9.5367431640625e-05,1,70
13,9.5367431640625e-05,1,70
14,9.5367431640625e-05,1,70
15,9.5367431640625e-05,1,70
16,9.5367431640625e-05,1,70
17,9.5367431640625e-05,1,70
18,9.5367431640625e-05,1,70
19,9.5367431640625e-05,1,70
20,9.5367431640625e-05,1,70
21,9.5367431640625e-05,1,70
22,9.5367431640625e-05,1,70
23,9.5367431640625e-05,1,70
24,9.5367431640625e-05,1,70
25,9.5367431640625e-05,1,70
26,9.5367431640625e-05,1,70
27,9.5367431640625e-05,1,70
28,9.5367431640625e-05,1,70
29,9.5367431640625e-05,1,70
30,9.5367431640625e-05,1,70
31,9.5367431640625e-05,1,70
32,9.5367431640625e-05,1,70
33,9.5367431640625e-05,1,70
34,9.5367431640625e-05,1,70
35,9.5367431640625e-05,1,70
36,9.5367431640625e-05,1,70
37,9.5367431640625e-05,1,70
38,9.5367431640625e-05,1,70
39,9.5367431640625e-05,1,70
40,9.5367431640625e-05,1,70
41,9.5367431640625e-05,1,70
42,9.5367431640625e-05,1,70
43,9.5367431640625e-05,1,70
44,9.5367431640625e-05,1,70
45,9.5367431640625e-05,1,70
46,9.5367431640625e-05,1,70
47,9.5367431640625e-05,1,70
48,9.5367431640625e-05,1,70
49,9.5367431640625e-05,1,70
50,9.5367431640625e-05,1,70
51,9.5367431640625e-05,1,70
52,9.5367431640625e-05,1,70
53,9.5367431640625e-05,1,70
54,9.5367431640625e-05,1,70
55,9.5367431640625e-05,1,70
56,9.5367431640625e-05,1,70
57,9.5367431640625e-05,1,70
58,9.5367431640625e-05,1,70
59,9.5367431640625e-05,1,70
60,9.5367431640625e-05,1,70
61,9.5367431640625e-05,1,70
62,9.5367431640625e-05,1,70
63,9.5367431640625e-05,1,70
64,9.5367431640625e-05,1,70
65,9.5367431640625e-05,1,70
66,9.5367431640625e-05,1,70
67,9.5367431640625e-05,1,70
68,9.5367431640625e-05,1,70
69,9.5367431640625e-05,1,70
70,9.5367431640625e-05,1,70
71,9.5367431640625e-05,1,70
72,9.5367431640625e-05,1,70
73,9.5367431640625e-05,1,70
74,9.5367431640625e-05,1,70
75,9.5367431640625e-05,1,70
76,9.5367431640625e-05,1,70
77,9.5367431640625e-05,1,70
78,9.5367431640625e-05,1,70
79,9.5367431640625e-05,1,70
80,9.5367431640625e-05,1,70
81,9.5367431640625e-05,1,70
82,9.5367431640625e-05,1,70
83,9.5367431640625e-05,1,70
84,9.5367431640625e-05,1,70
85,9.5367431640625e-05,1,70
86,9.5367431640625e-05,1,70
87,9.5367431640625e-05,1,70
88,9.5367431640625e-05,1,70
89,9.5367431640625e-05,1,70
90,9.5367431640625e-05,1,70
91,9.5367431640625e-05,1,70
92,9.5367431640625e-05,1,70
93,9.5367431640625e-05,1,70
94,9.5367431640625e-05,1,70
95,9.5367431640625e-05,1,70
96,9.5367431640625e-05,1,70
97,9.5367431640625e-05,1,70
98,9.5367431640625e-05,1,70
99,9.5367431640625e-05,1,70
100,9.5367431640625e-05,1,70
101,9.5367431640625e-05,1,70
102,9.5367431640625e-05,1,70
103,9.5367431640625e-05,1,70
104,9.5367431640625e-05,1,70
105,9.5367431640625e-05,1,70
106,9.5367431640625e-05,1,70
107,9.5367431640625e-05,1,70
108,9.5367431640625e-05,1,70
109,9.5367431640625e-05,1,70
110,9.5367431640625e-05,1,70
111,9.5367431640625e-05,1,70
112,9.5367431640625e-05,1,70
113,9.5367431640625e-05,1,70
114,9.5367431640625e-05,1,70
115,9.5367431640625e-05,1,70
116,9.5367431640625e-05,1,70
117,9.5367431640625e-05,1,70
118,9.5367431640625e-05,1,70
119,9.5367431640625e-05,1,70
120,9.5367431640625e-05,1,70
121,9.5367431640625e-05,1,70
122,9.5367431640625e-05,1,70
123,9.5367431640625e-05,1,70
124,9.5367431640625e-05,1,70
125,9.5367431640625e-05,1,70
126,9.5367431640625e-05,1,70
127,9.5367431640625e-05,1,70
128,9.5367431640625e-05,1,70
129,9.5367431640625e-05,1,70
130,9.5367431640625e-05,1,70
131,9.5367431640625e-05,1,70
132,9.5367431640625e-05,1,70
133,9.5367431640625e-05,1,70
134,9.5367431640625e-05,1,70
135,9.5367431640625e-05,1,70
136,9.5367431640625e-05,1,70
137,9.5367431640625e-05,1,70
138,9.5367431640625e-05,1,70
139,9.5367431640625e-05,1,70
140,9.5367431640625e-05,1,70
141,9.5367431640625e-05,1,70
142,9.5367431640625e-05,1,70
143,9.5367431640625e-05,1,70
144,9.5367431640625e-05,1,70
145,9.5367431640625e-05,1,70
146,9.5367431640625e-05,1,70
147,9.5367431640625e-05,1,70
148,9.5367431640625e-05,1,70
149,9.5367431640625e-05,1,70
150,9.5367431640625e-05,1,70
151,9.5367431640625e-05,1,70
152,9.5367431640625e-05,1,70
153,9.5367431640625e-05,1,70
154,9.5367431640625e-05,1,70
155,9.5367431640625e-05,1,70
156,9.5367431640625e-05,1,70
157,9.5367431640625e-05,1,70
158,9.5367431640625e-05,1,70
159,9.5367431640625e-05,1,70
160,9.5367431640625e-05,1,70
161,9.5367431640625e-05,1,70
162,9.5367431640625e-05,1,70
163,9.5367431640625e-05,1,70
164,9.5367431640625e-05,1,70
165,9.5367431640625e-05,1,70
166,9.5367431640625e-05,1,70
167,9.5367431640625e-05,1,70
168,9.5367431640625e-05,1,70
169,9.5367431640625e-05,1,70
170,9.5367431640625e-05,1,70
171,9.5367431640625e-05,1,70
172,9.5367431640625e-05,1,70
173,9.5367431640625e-05,1,70
174,9.5367431640625e-05,1,70
175,9.5367431640625e-05,1,70
176,9.5367431640625e-05,1,70
177,9.5367431640625e-05,1,70
178,9.5367431640625e-05,1,70
179,9.5367431640625e-05,1,70
180,9.5367431640625e-05,1,70
181,9.5367431640625e-05,1,70
182,9.5367431640625e-05,1,70
183,9.5367431640625e-05,1,70
184,9.5367431640625e-05,1,70
185,9.5367431640625e-05,1,70
186,9.5367431640625e-05,1,70
187,9.5367431640625e-05,1,70
188,9.5367431640625e-05,1,70
189,9.5367431640625e-05,1,70
190,9.5367431640625e-05,1,70
191,9.5367431640625e-05,1,70
192,9.5367431640625e-05,1,70
193,9.5367431640625e-05,1,70
194,9.5367431640625e-05,1,70
195,9.5367431640625e-05,1,70
196,9.5367431640625e-05,1,70
197,9.5367431640625e-05,1,70
198,9.5367431640625e-05,1,70
199,9.5367431640625e-05,1,70
200,9.5367431640625e-05,1,70
1,7.152557373046875e-06,1,71
2,7.152557373046875e-06,1,71
3,7.152557373046875e-06,1,71
4,7.152557373046875e-06,1,71
5,7.152557373046875e-06,1,71
6,7.152557373046875e-06,1,71
7,7.152557373046875e-06,1,71
8,7.152557373046875e-06,1,71
9,7.152557373046875e-06,1,71
10,7.152557373046875e-06,1,71
11,7.152557373046875e-06,1,71
12,7.152557373046875e-06,1,71
13,7.152557373046875e-06,1,71
14,7.152557373046875e-06,1,71
15,7.152557373046875e-06,1,71
16,7.152557373046875e-06,1,71
17,7.152557373046875e-06,1,71
18,7.152557373046875e-06,1,71
19,7.152557373046875e-06,1,71
20,7.152557373046875e-06,1,71
21,7.152557373046875e-06,1,71
22,7.152557373046875e-06,1,71
23,7.152557373046875e-06,1,71
24,7.152557373046875e-06,1,71
25,7.152557373046875e-06,1,71
26,7.152557373046875e-06,1,71
27,7.152557373046875e-06,1,71
28,7.152557373046875e-06,1,71
29,7.152557373046875e-06,1,71
30,7.152557373046875e-06,1,71
31,7.152557373046875e-06,1,71
32,7.152557373046875e-06,1,71
33,7.152557373046875e-06,1,71
34,7.152557373046875e-06,1,71
35,7.152557373046875e-06,1,71
36,7.152557373046875e-06,1,71
37,7.152557373046875e-06,1,71
38,7.152557373046875e-06,1,71
39,7.152557373046875e-06,1,71
40,7.152557373046875e-06,1,71
41,7.152557373046875e-06,1,71
42,7.152557373046875e-06,1,71
43,7.152557373046875e-06,1,71
44,7.152557373046875e-06,1,71
45,7.152557373046875e-06,1,71
46,7.152557373046875e-06,1,71
47,7.152557373046875e-06,1,71
48,7.152557373046875e-06,1,71
49,7.152557373046875e-06,1,71
50,7.152557373046875e-06,1,71
51,7.152557373046875e-06,1,71
52,7.152557373046875e-06,1,71
53,7.152557373046875e-06,1,71
54,7.152557373046875e-06,1,71
55,7.152557373046875e-06,1,71
56,7.152557373046875e-06,1,71
57,7.152557373046875e-06,1,71
58,7.152557373046875e-06,1,71
59,7.152557373046875e-06,1,71
60,7.152557373046875e-06,1,71
61,7.152557373046875e-06,1,71
62,7.152557373046875e-06,1,71
63,7.152557373046875e-06,1,71
64,7.152557373046875e-06,1,71
65,7.152557373046875e-06,1,71
66,7.152557373046875e-06,1,71
67,7.152557373046875e-06,1,71
68,7.152557373046875e-06,1,71
69,7.152557373046875e-06,1,71
70,7.152557373046875e-06,1,71
71,7.152557373046875e-06,1,71
72,7.152557373046875e-06,1,71
73,7.152557373046875e-06,1,71
74,7.152557373046875e-06,1,71
75,7.152557373046875e-06,1,71
76,7.152557373046875e-06,1,71
77,7.152557373046875e-06,1,71
78,7.152557373046875e-06,1,71
79,7.152557373046875e-06,1,71
80,7.152557373046875e-06,1,71
81,7.152557373046875e-06,1,71
82,7.152557373046875e-06,1,71
83,7.152557373046875e-06,1,71
84,7.152557373046875e-06,1,71
85,7.152557373046875e-06,1,71
86,7.152557373046875e-06,1,71
87,7.152557373046875e-06,1,71
88,7.152557373046875e-06,1,71
89,7.152557373046875e-06,1,71
90,7.152557373046875e-06,1,71
91,7.152557373046875e-06,1,71
92,7.152557373046875e-06,1,71
93,7.152557373046875e-06,1,71
94,7.152557373046875e-06,1,71
95,7.152557373046875e-06,1,71
96,7.152557373046875e-06,1,71
97,7.152557373046875e-06,1,71
98,7.152557373046875e-06,1,71
99,7.152557373046875e-06,1,71
100,7.152557373046875e-06,1,71
101,7.152557373046875e-06,1,71
102,7.152557373046875e-06,1,71
103,7.152557373046875e-06,1,71
104,7.152557373046875e-06,1,71
105,7.152557373046875e-06,1,71
106,7.152557373046875e-06,1,71
107,7.152557373046875e-06,1,71
108,7.152557373046875e-06,1,71
109,7.152557373046875e-06,1,71
110,7.152557373046875e-06,1,71
111,7.152557373046875e-06,1,71
112,7.152557373046875e-06,1,71
113,7.152557373046875e-06,1,71
114,7.152557373046875e-06,1,71
115,7.152557373046875e-06,1,71
116,7.152557373046875e-06,1,71
117,7.152557373046875e-06,1,71
118,7.152557373046875e-06,1,71
119,7.152557373046875e-06,1,71
120,7.152557373046875e-06,1,71
121,7.152557373046875e-06,1,71
122,7.152557373046875e-06,1,71
123,7.152557373046875e-06,1,71
124,7.152557373046875e-06,1,71
125,7.152557373046875e-06,1,71
126,7.152557373046875e-06,1,71
127,7.152557373046875e-06,1,71
128,7.152557373046875e-06,1,71
129,7.152557373046875e-06,1,71
130,7.152557373046875e-06,1,71
131,7.152557373046875e-06,1,71
132,7.152557373046875e-06,1,71
133,7.152557373046875e-06,1,71
134,7.152557373046875e-06,1,71
135,7.152557373046875e-06,1,71
136,7.152557373046875e-06,1,71
137,7.152557373046875e-06,1,71
138,7.152557373046875e-06,1,71
139,7.152557373046875e-06,1,71
140,7.152557373046875e-06,1,71
141,7.152557373046875e-06,1,71
142,7.152557373046875e-06,1,71
143,7.152557373046875e-06,1,71
144,7.152557373046875e-06,1,71
145,7.152557373046875e-06,1,71
146,7.152557373046875e-06,1,71
147,7.152557373046875e-06,1,71
148,7.152557373046875e-06,1,71
149,7.152557373046875e-06,1,71
150,7.152557373046875e-06,1,71
151,7.152557373046875e-06,1,71
152,7.152557373046875e-06,1,71
153,7.152557373046875e-06,1,71
154,7.152557373046875e-06,1,71
155,7.152557373046875e-06,1,71
156,7.152557373046875e-06,1,71
157,7.152557373046875e-06,1,71
158,7.152557373046875e-06,1,71
159,7.152557373046875e-06,1,71
160,7.152557373046875e-06,1,71
161,7.152557373046875e-06,1,71
162,7.152557373046875e-06,1,71
163,7.152557373046875e-06,1,71
164,7.152557373046875e-06,1,71
165,7.152557373046875e-06,1,71
166,7.152557373046875e-06,1,71
167,7.152557373046875e-06,1,71
168,7.152557373046875e-06,1,71
169,7.152557373046875e-06,1,71
170,7.152557373046875e-06,1,71
171,7.152557373046875e-06,1,71
172,7.152557373046875e-06,1,71
173,7.152557373046875e-06,1,71
174,7.152557373046875e-06,1,71
175,7.152557373046875e-06,1,71
176,7.152557373046875e-06,1,71
177,7.152557373046875e-06,1,71
178,7.152557373046875e-06,1,71
179,7.152557373046875e-06,1,71
180,7.152557373046875e-06,1,71
181,7.152557373046875e-06,1,71
182,7.152557373046875e-06,1,71
183,7.152557373046875e-06,1,71
184,7.152557373046875e-06,1,71
185,7.152557373046875e-06,1,71
186,7.152557373046875e-06,1,71
187,7.152557373046875e-06,1,71
188,7.152557373046875e-06,1,71
189,7.152557373046875e-06,1,71
190,7.152557373046875e-06,1,71
191,7.152557373046875e-06,1,71
192,7.152557373046875e-06,1,71
193,7.152557373046875e-06,1,71
194,7.152557373046875e-06,1,71
195,7.152557373046875e-06,1,71
196,7.152557373046875e-06,1,71
197,7.152557373046875e-06,1,71
198,7.152557373046875e-06,1,71
199,7.152557373046875e-06,1,71
200,7.152557373046875e-06,1,71
1,0.00014507770538330078,1,72
2,0.00014507770538330078,1,72
3,0.00014507770538330078,1,72
4,0.00014507770538330078,1,72
5,0.00014507770538330078,1,72
6,0.00014507770538330078,1,72
7,0.00014507770538330078,1,72
8,0.00014507770538330078,1,72
9,0.00014507770538330078,1,72
10,0.00014507770538330078,1,72
11,0.00014507770538330078,1,72
12,0.00014507770538330078,1,72
13,0.00014507770538330078,1,72
14,0.00014507770538330078,1,72
15,0.00014507770538330078,1,72
16,0.00014507770538330078,1,72
17,0.00014507770538330078,1,72
18,0.00014507770538330078,1,72
19,0.00014507770538330078,1,72
20,0.00014507770538330078,1,72
21,0.00014507770538330078,1,72
22,0.00014507770538330078,1,72
23,0.00014507770538330078,1,72
24,0.00014507770538330078,1,72
25,0.00014507770538330078,1,72
26,0.00014507770538330078,1,72
27,0.00014507770538330078,1,72
28,0.00014507770538330078,1,72
29,0.00014507770538330078,1,72
30,0.00014507770538330078,1,72
31,0.00014507770538330078,1,72
32,0.00014507770538330078,1,72
33,0.00014507770538330078,1,72
34,0.00014507770538330078,1,72
35,0.00014507770538330078,1,72
36,0.00014507770538330078,1,72
37,0.00014507770538330078,1,72
38,0.00014507770538330078,1,72
39,0.00014507770538330078,1,72
40,0.00014507770538330078,1,72
41,0.00014507770538330078,1,72
42,0.00014507770538330078,1,72
43,0.00014507770538330078,1,72
44,0.00014507770538330078,1,72
45,0.00014507770538330078,1,72
46,0.00014507770538330078,1,72
47,0.00014507770538330078,1,72
48,0.00014507770538330078,1,72
49,0.00014507770538330078,1,72
50,0.00014507770538330078,1,72
51,0.00014507770538330078,1,72
52,0.00014507770538330078,1,72
53,0.00014507770538330078,1,72
54,0.00014507770538330078,1,72
55,0.00014507770538330078,1,72
56,0.00014507770538330078,1,72
57,0.00014507770538330078,1,72
58,0.00014507770538330078,1,72
59,0.00014507770538330078,1,72
60,0.00014507770538330078,1,72
61,0.00014507770538330078,1,72
62,0.00014507770538330078,1,72
63,0.00014507770538330078,1,72
64,0.00014507770538330078,1,72
65,0.00014507770538330078,1,72
66,0.00014507770538330078,1,72
67,0.00014507770538330078,1,72
68,0.00014507770538330078,1,72
69,0.00014507770538330078,1,72
70,0.00014507770538330078,1,72
71,0.00014507770538330078,1,72
72,0.00014507770538330078,1,72
73,0.00014507770538330078,1,72
74,0.00014507770538330078,1,72
75,0.00014507770538330078,1,72
76,0.00014507770538330078,1,72
77,0.00014507770538330078,1,72
78,0.00014507770538330078,1,72
79,0.00014507770538330078,1,72
80,0.00014507770538330078,1,72
81,0.00014507770538330078,1,72
82,0.00014507770538330078,1,72
83,0.00014507770538330078,1,72
84,0.00014507770538330078,1,72
85,0.00014507770538330078,1,72
86,0.00014507770538330078,1,72
87,0.00014507770538330078,1,72
88,0.00014507770538330078,1,72
89,0.00014507770538330078,1,72
90,0.00014507770538330078,1,72
91,0.00014507770538330078,1,72
92,0.00014507770538330078,1,72
93,0.00014507770538330078,1,72
94,0.00014507770538330078,1,72
95,0.00014507770538330078,1,72
96,0.00014507770538330078,1,72
97,0.00014507770538330078,1,72
98,0.00014507770538330078,1,72
99,0.00014507770538330078,1,72
100,0.00014507770538330078,1,72
101,0.00014507770538330078,1,72
102,0.00014507770538330078,1,72
103,0.00014507770538330078,1,72
104,0.00014507770538330078,1,72
105,0.00014507770538330078,1,72
106,0.00014507770538330078,1,72
107,0.00014507770538330078,1,72
108,0.00014507770538330078,1,72
109,0.00014507770538330078,1,72
110,0.00014507770538330078,1,72
111,0.00014507770538330078,1,72
112,0.00014507770538330078,1,72
113,0.00014507770538330078,1,72
114,0.00014507770538330078,1,72
115,0.00014507770538330078,1,72
116,0.00014507770538330078,1,72
117,0.00014507770538330078,1,72
118,0.00014507770538330078,1,72
119,0.00014507770538330078,1,72
120,0.00014507770538330078,1,72
121,0.00014507770538330078,1,72
122,0.00014507770538330078,1,72
123,0.00014507770538330078,1,72
124,0.00014507770538330078,1,72
125,0.00014507770538330078,1,72
126,0.00014507770538330078,1,72
127,0.00014507770538330078,1,72
128,0.00014507770538330078,1,72
129,0.00014507770538330078,1,72
130,0.00014507770538330078,1,72
131,0.00014507770538330078,1,72
132,0.00014507770538330078,1,72
133,0.00014507770538330078,1,72
134,0.00014507770538330078,1,72
135,0.00014507770538330078,1,72
136,0.00014507770538330078,1,72
137,0.00014507770538330078,1,72
138,0.00014507770538330078,1,72
139,0.00014507770538330078,1,72
140,0.00014507770538330078,1,72
141,0.00014507770538330078,1,72
142,0.00014507770538330078,1,72
143,0.00014507770538330078,1,72
144,0.00014507770538330078,1,72
145,0.00014507770538330078,1,72
146,0.00014507770538330078,1,72
147,0.00014507770538330078,1,72
148,0.00014507770538330078,1,72
149,0.00014507770538330078,1,72
150,0.00014507770538330078,1,72
151,0.00014507770538330078,1,72
152,0.00014507770538330078,1,72
153,0.00014507770538330078,1,72
154,0.00014507770538330078,1,72
155,0.00014507770538330078,1,72
156,0.00014507770538330078,1,72
157,0.00014507770538330078,1,72
158,0.00014507770538330078,1,72
159,0.00014507770538330078,1,72
160,0.00014507770538330078,1,72
161,0.00014507770538330078,1,72
162,0.00014507770538330078,1,72
163,0.00014507770538330078,1,72
164,0.00014507770538330078,1,72
165,0.00014507770538330078,1,72
166,0.00014507770538330078,1,72
167,0.00014507770538330078,1,72
168,0.00014507770538330078,1,72
169,0.00014507770538330078,1,72
170,0.00014507770538330078,1,72
171,0.00014507770538330078,1,72
172,0.00014507770538330078,1,72
173,0.00014507770538330078,1,72
174,0.00014507770538330078,1,72
175,0.00014507770538330078,1,72
176,0.00014507770538330078,1,72
177,0.00014507770538330078,1,72
178,0.00014507770538330078,1,72
179,0.00014507770538330078,1,72
180,0.00014507770538330078,1,72
181,0.00014507770538330078,1,72
182,0.00014507770538330078,1,72
183,0.00014507770538330078,1,72
184,0.00014507770538330078,1,72
185,0.00014507770538330078,1,72
186,0.00014507770538330078,1,72
187,0.00014507770538330078,1,72
188,0.00014507770538330078,1,72
189,0.00014507770538330078,1,72
190,0.00014507770538330078,1,72
191,0.00014507770538330078,1,72
192,0.00014507770538330078,1,72
193,0.00014507770538330078,1,72
194,0.00014507770538330078,1,72
195,0.00014507770538330078,1,72
196,0.00014507770538330078,1,72
197,0.00014507770538330078,1,72
198,0.00014507770538330078,1,72
199,0.00014507770538330078,1,72
200,0.00014507770538330078,1,72
1,0.980586051940918,1,73
2,0.980586051940918,1,73
3,0.980586051940918,1,73
4,0.9805858954787254,1,73
5,0.9805857446044683,1,73
6,0.9805857446044683,1,73
7,0.9805855359882116,1,73
8,0.9805855359882116,1,73
9,0.9805855359882116,1,73
10,0.9805857967585325,1,73
11,0.9805857967585325,1,73
12,0.9805857967585325,1,73
13,0.9805857967585325,1,73
14,0.9805857595056295,1,73
15,0.9805857539176941,1,73
16,0.9805857539176941,1,73
17,0.9805857539176941,1,73
18,0.9805857539176941,1,73
19,0.9805857539176941,1,73
20,0.9805857539176941,1,73
21,0.9805857632309198,1,73
22,0.9805857539176941,1,73
23,0.9805857539176941,1,73
24,0.9805857539176941,1,73
25,0.9805857539176941,1,73
26,0.9805857539176941,1,73
27,0.9805857539176941,1,73
28,0.9805857539176941,1,73
29,0.9805857539176941,1,73
30,0.9805857539176941,1,73
31,0.9805857539176941,1,73
32,0.9805857539176941,1,73
33,0.9805857539176941,1,73
34,0.9805857632309198,1,73
35,0.9805857632309198,1,73
36,0.9805857632309198,1,73
37,0.9805857632309198,1,73
38,0.9805857632309198,1,73
39,0.9805857632309198,1,73
40,0.9805857632309198,1,73
41,0.9805857632309198,1,73
42,0.9805857632309198,1,73
43,0.9805857632309198,1,73
44,0.9805857632309198,1,73
45,0.9805857632309198,1,73
46,0.9805857632309198,1,73
47,0.9805857632309198,1,73
48,0.9805857632309198,1,73
49,0.9805857632309198,1,73
50,0.9805857632309198,1,73
51,0.9805857632309198,1,73
52,0.9805857632309198,1,73
53,0.9805857632309198,1,73
54,0.9805857632309198,1,73
55,0.9805857632309198,1,73
56,0.9805857632309198,1,73
57,0.9805857632309198,1,73
58,0.9805857632309198,1,73
59,0.9805857632309198,1,73
60,0.9805857632309198,1,73
61,0.9805857632309198,1,73
62,0.9805857632309198,1,73
63,0.9805857632309198,1,73
64,0.9805857632309198,1,73
65,0.9805857632309198,1,73
66,0.9805857632309198,1,73
67,0.9805857632309198,1,73
68,0.9805857632309198,1,73
69,0.9805857632309198,1,73
70,0.9805857632309198,1,73
71,0.9805857632309198,1,73
72,0.9805857632309198,1,73
73,0.9805857632309198,1,73
74,0.9805857632309198,1,73
75,0.9805857632309198,1,73
76,0.9805857632309198,1,73
77,0.9805857632309198,1,73
78,0.9805857632309198,1,73
79,0.9805857632309198,1,73
80,0.9805857632309198,1,73
81,0.9805857632309198,1,73
82,0.9805857632309198,1,73
83,0.9805857632309198,1,73
84,0.9805857632309198,1,73
85,0.9805857632309198,1,73
86,0.9805857632309198,1,73
87,0.9805857632309198,1,73
88,0.9805857632309198,1,73
89,0.9805857632309198,1,73
90,0.9805857632309198,1,73
91,0.9805857632309198,1,73
92,0.9805857632309198,1,73
93,0.9805857632309198,1,73
94,0.9805857632309198,1,73
95,0.9805857632309198,1,73
96,0.9805857632309198,1,73
97,0.9805857632309198,1,73
98,0.9805857632309198,1,73
99,0.9805857632309198,1,73
100,0.9805857632309198,1,73
101,0.9805857632309198,1,73
102,0.9805857632309198,1,73
103,0.9805857632309198,1,73
104,0.9805857632309198,1,73
105,0.9805857632309198,1,73
106,0.9805857632309198,1,73
107,0.9805857632309198,1,73
108,0.9805857632309198,1,73
109,0.9805857632309198,1,73
110,0.9805857632309198,1,73
111,0.9805857632309198,1,73
112,0.9805857632309198,1,73
113,0.9805857632309198,1,73
114,0.9805857632309198,1,73
115,0.9805857632309198,1,73
116,0.9805857632309198,1,73
117,0.9805857632309198,1,73
118,0.9805857632309198,1,73
119,0.9805857632309198,1,73
120,0.9805857632309198,1,73
121,0.9805857632309198,1,73
122,0.9805857632309198,1,73
123,0.9805857632309198,1,73
124,0.9805857632309198,1,73
125,0.9805857632309198,1,73
126,0.9805857632309198,1,73
127,0.9805857632309198,1,73
128,0.9805857632309198,1,73
129,0.9805857632309198,1,73
130,0.9805857632309198,1,73
131,0.9805857632309198,1,73
132,0.9805857632309198,1,73
133,0.9805857632309198,1,73
134,0.9805857632309198,1,73
135,0.9805857632309198,1,73
136,0.9805857632309198,1,73
137,0.9805857632309198,1,73
138,0.9805857632309198,1,73
139,0.9805857632309198,1,73
140,0.9805857632309198,1,73
141,0.9805857632309198,1,73
142,0.9805857632309198,1,73
143,0.9805857632309198,1,73
144,0.9805857632309198,1,73
145,0.9805857632309198,1,73
146,0.9805857632309198,1,73
147,0.9805857632309198,1,73
148,0.9805857632309198,1,73
149,0.9805857632309198,1,73
150,0.9805857632309198,1,73
151,0.9805857632309198,1,73
152,0.9805857632309198,1,73
153,0.9805857632309198,1,73
154,0.9805857632309198,1,73
155,0.9805857632309198,1,73
156,0.9805857632309198,1,73
157,0.9805857632309198,1,73
158,0.9805857632309198,1,73
159,0.9805857632309198,1,73
160,0.9805857632309198,1,73
161,0.9805857632309198,1,73
162,0.9805857632309198,1,73
163,0.9805857632309198,1,73
164,0.9805857632309198,1,73
165,0.9805857632309198,1,73
166,0.9805857632309198,1,73
167,0.9805857632309198,1,73
168,0.9805857632309198,1,73
169,0.9805857632309198,1,73
170,0.9805857632309198,1,73
171,0.9805857632309198,1,73
172,0.9805857632309198,1,73
173,0.9805857632309198,1,73
174,0.9805857632309198,1,73
175,0.9805857632309198,1,73
176,0.9805857632309198,1,73
177,0.9805857632309198,1,73
178,0.9805857632309198,1,73
179,0.9805857632309198,1,73
180,0.9805857632309198,1,73
181,0.9805857632309198,1,73
182,0.9805857632309198,1,73
183,0.9805857632309198,1,73
184,0.9805857632309198,1,73
185,0.9805857632309198,1,73
186,0.9805857632309198,1,73
187,0.9805857632309198,1,73
188,0.9805857632309198,1,73
189,0.9805857632309198,1,73
190,0.9805857632309198,1,73
191,0.9805857632309198,1,73
192,0.9805857632309198,1,73
193,0.9805857632309198,1,73
194,0.9805857632309198,1,73
195,0.9805857632309198,1,73
196,0.9805857632309198,1,73
197,0.9805857632309198,1,73
198,0.9805857632309198,1,73
199,0.9805857632309198,1,73
200,0.9805857632309198,1,73
1,0.9926725653931499,1,74
2,0.9926770785823464,1,74
3,0.9926770785823464,1,74
4,0.9926770785823464,1,74
5,0.9926770785823464,1,74
6,0.9926739912480116,1,74
7,0.9926727870479226,1,74
8,0.9926727870479226,1,74
9,0.9926727870479226,1,74
10,0.9926727870479226,1,74
11,0.9926726133562624,1,74
12,0.9926726133562624,1,74
13,0.9926726133562624,1,74
14,0.9926726133562624,1,74
15,0.9926726133562624,1,74
16,0.9926726133562624,1,74
17,0.992672648280859,1,74
18,0.9926726412959397,1,74
19,0.9926726412959397,1,74
20,0.9926726412959397,1,74
21,0.9926726412959397,1,74
22,0.9926726412959397,1,74
23,0.9926726617850363,1,74
24,0.992672648280859,1,74
25,0.9926726445555687,1,74
26,0.9926726445555687,1,74
27,0.9926726445555687,1,74
28,0.9926726445555687,1,74
29,0.9926726445555687,1,74
30,0.9926726445555687,1,74
31,0.9926726445555687,1,74
32,0.9926726445555687,1,74
33,0.9926726445555687,1,74
34,0.9926726445555687,1,74
35,0.992672648280859,1,74
36,0.992672648280859,1,74
37,0.992672648280859,1,74
38,0.992672648280859,1,74
39,0.992672648280859,1,74
40,0.992672648280859,1,74
41,0.992672648280859,1,74
42,0.992672648280859,1,74
43,0.992672648280859,1,74
44,0.992672648280859,1,74
45,0.992672648280859,1,74
46,0.992672648280859,1,74
47,0.992672648280859,1,74
48,0.992672648280859,1,74
49,0.992672648280859,1,74
50,0.992672648280859,1,74
51,0.992672648280859,1,74
52,0.992672648280859,1,74
53,0.992672648280859,1,74
54,0.992672648280859,1,74
55,0.992672648280859,1,74
56,0.992672648280859,1,74
57,0.992672648280859,1,74
58,0.992672648280859,1,74
59,0.992672648280859,1,74
60,0.992672648280859,1,74
61,0.992672648280859,1,74
62,0.992672648280859,1,74
63,0.992672648280859,1,74
64,0.992672648280859,1,74
65,0.992672648280859,1,74
66,0.992672648280859,1,74
67,0.992672648280859,1,74
68,0.992672648280859,1,74
69,0.992672648280859,1,74
70,0.992672648280859,1,74
71,0.992672648280859,1,74
72,0.992672648280859,1,74
73,0.992672648280859,1,74
74,0.992672648280859,1,74
75,0.992672648280859,1,74
76,0.992672648280859,1,74
77,0.992672648280859,1,74
78,0.992672648280859,1,74
79,0.992672648280859,1,74
80,0.992672648280859,1,74
81,0.992672648280859,1,74
82,0.992672648280859,1,74
83,0.992672648280859,1,74
84,0.992672648280859,1,74
85,0.992672648280859,1,74
86,0.992672648280859,1,74
87,0.992672648280859,1,74
88,0.992672648280859,1,74
89,0.992672648280859,1,74
90,0.992672648280859,1,74
91,0.992672648280859,1,74
92,0.992672648280859,1,74
93,0.992672648280859,1,74
94,0.992672648280859,1,74
95,0.992672648280859,1,74
96,0.992672648280859,1,74
97,0.992672648280859,1,74
98,0.992672648280859,1,74
99,0.992672648280859,1,74
100,0.992672648280859,1,74
101,0.992672648280859,1,74
102,0.992672648280859,1,74
103,0.992672648280859,1,74
104,0.992672648280859,1,74
105,0.992672648280859,1,74
106,0.992672648280859,1,74
107,0.992672648280859,1,74
108,0.992672648280859,1,74
109,0.992672648280859,1,74
110,0.992672648280859,1,74
111,0.992672648280859,1,74
112,0.992672648280859,1,74
113,0.992672648280859,1,74
114,0.992672648280859,1,74
115,0.992672648280859,1,74
116,0.992672648280859,1,74
117,0.992672648280859,1,74
118,0.992672648280859,1,74
119,0.992672648280859,1,74
120,0.992672648280859,1,74
121,0.992672648280859,1,74
122,0.992672648280859,1,74
123,0.992672648280859,1,74
124,0.992672648280859,1,74
125,0.992672648280859,1,74
126,0.992672648280859,1,74
127,0.992672648280859,1,74
128,0.992672648280859,1,74
129,0.992672648280859,1,74
130,0.992672648280859,1,74
131,0.992672648280859,1,74
132,0.992672648280859,1,74
133,0.992672648280859,1,74
134,0.992672648280859,1,74
135,0.992672648280859,1,74
136,0.992672648280859,1,74
137,0.992672648280859,1,74
138,0.992672648280859,1,74
139,0.992672648280859,1,74
140,0.992672648280859,1,74
141,0.992672648280859,1,74
142,0.992672648280859,1,74
143,0.992672648280859,1,74
144,0.992672648280859,1,74
145,0.992672648280859,1,74
146,0.992672648280859,1,74
147,0.992672648280859,1,74
148,0.992672648280859,1,74
149,0.992672648280859,1,74
150,0.992672648280859,1,74
151,0.992672648280859,1,74
152,0.992672648280859,1,74
153,0.992672648280859,1,74
154,0.992672648280859,1,74
155,0.992672648280859,1,74
156,0.992672648280859,1,74
157,0.992672648280859,1,74
158,0.992672648280859,1,74
159,0.992672648280859,1,74
160,0.992672648280859,1,74
161,0.992672648280859,1,74
162,0.992672648280859,1,74
163,0.992672648280859,1,74
164,0.992672648280859,1,74
165,0.992672648280859,1,74
166,0.992672648280859,1,74
167,0.992672648280859,1,74
168,0.992672648280859,1,74
169,0.992672648280859,1,74
170,0.992672648280859,1,74
171,0.992672648280859,1,74
172,0.992672648280859,1,74
173,0.992672648280859,1,74
174,0.992672648280859,1,74
175,0.992672648280859,1,74
176,0.992672648280859,1,74
177,0.992672648280859,1,74
178,0.992672648280859,1,74
179,0.992672648280859,1,74
180,0.992672648280859,1,74
181,0.992672648280859,1,74
182,0.992672648280859,1,74
183,0.992672648280859,1,74
184,0.992672648280859,1,74
185,0.992672648280859,1,74
186,0.992672648280859,1,74
187,0.992672648280859,1,74
188,0.992672648280859,1,74
189,0.992672648280859,1,74
190,0.992672648280859,1,74
191,0.992672648280859,1,74
192,0.992672648280859,1,74
193,0.992672648280859,1,74
194,0.992672648280859,1,74
195,0.992672648280859,1,74
196,0.992672648280859,1,74
197,0.992672648280859,1,74
198,0.992672648280859,1,74
199,0.992672648280859,1,74
200,0.992672648280859,1,74
1,0.9986820351332426,1,75
2,0.9986820351332426,1,75
3,0.9986820351332426,1,75
4,0.9986820351332426,1,75
5,0.9986820351332426,1,75
6,0.9986820351332426,1,75
7,0.9986820351332426,1,75
8,0.9986820351332426,1,75
9,0.998682040721178,1,75
10,0.998682040721178,1,75
11,0.998682040721178,1,75
12,0.9986820395570248,1,75
13,0.9986820395570248,1,75
14,0.9986820395570248,1,75
15,0.9986820395570248,1,75
16,0.9986820395570248,1,75
17,0.9986820395570248,1,75
18,0.998682040721178,1,75
19,0.998682040721178,1,75
20,0.9986820226768032,1,75
21,0.9986820226768032,1,75
22,0.998682040721178,1,75
23,0.998682040721178,1,75
24,0.998682040721178,1,75
25,0.9986820395570248,1,75
26,0.9986820395570248,1,75
27,0.9986820395570248,1,75
28,0.9986820395570248,1,75
29,0.9986820395570248,1,75
30,0.9986820395570248,1,75
31,0.9986820395570248,1,75
32,0.9986820395570248,1,75
33,0.9986820395570248,1,75
34,0.998682040721178,1,75
35,0.998682040721178,1,75
36,0.998682040721178,1,75
37,0.998682040721178,1,75
38,0.998682040721178,1,75
39,0.998682040721178,1,75
40,0.998682040721178,1,75
41,0.998682040721178,1,75
42,0.998682040721178,1,75
43,0.998682040721178,1,75
44,0.998682040721178,1,75
45,0.998682040721178,1,75
46,0.998682040721178,1,75
47,0.998682040721178,1,75
48,0.998682040721178,1,75
49,0.998682040721178,1,75
50,0.998682040721178,1,75
51,0.998682040721178,1,75
52,0.998682040721178,1,75
53,0.998682040721178,1,75
54,0.998682040721178,1,75
55,0.998682040721178,1,75
56,0.998682040721178,1,75
57,0.998682040721178,1,75
58,0.998682040721178,1,75
59,0.998682040721178,1,75
60,0.998682040721178,1,75
61,0.998682040721178,1,75
62,0.998682040721178,1,75
63,0.998682040721178,1,75
64,0.998682040721178,1,75
65,0.998682040721178,1,75
66,0.998682040721178,1,75
67,0.998682040721178,1,75
68,0.998682040721178,1,75
69,0.998682040721178,1,75
70,0.998682040721178,1,75
71,0.998682040721178,1,75
72,0.998682040721178,1,75
73,0.998682040721178,1,75
74,0.998682040721178,1,75
75,0.998682040721178,1,75
76,0.998682040721178,1,75
77,0.998682040721178,1,75
78,0.998682040721178,1,75
79,0.998682040721178,1,75
80,0.998682040721178,1,75
81,0.998682040721178,1,75
82,0.998682040721178,1,75
83,0.998682040721178,1,75
84,0.998682040721178,1,75
85,0.998682040721178,1,75
86,0.998682040721178,1,75
87,0.998682040721178,1,75
88,0.998682040721178,1,75
89,0.998682040721178,1,75
90,0.998682040721178,1,75
91,0.998682040721178,1,75
92,0.998682040721178,1,75
93,0.998682040721178,1,75
94,0.998682040721178,1,75
95,0.998682040721178,1,75
96,0.998682040721178,1,75
97,0.998682040721178,1,75
98,0.998682040721178,1,75
99,0.998682040721178,1,75
100,0.998682040721178,1,75
101,0.998682040721178,1,75
102,0.998682040721178,1,75
103,0.998682040721178,1,75
104,0.998682040721178,1,75
105,0.998682040721178,1,75
106,0.998682040721178,1,75
107,0.998682040721178,1,75
108,0.998682040721178,1,75
109,0.998682040721178,1,75
110,0.998682040721178,1,75
111,0.998682040721178,1,75
112,0.998682040721178,1,75
113,0.998682040721178,1,75
114,0.998682040721178,1,75
115,0.998682040721178,1,75
116,0.998682040721178,1,75
117,0.998682040721178,1,75
118,0.998682040721178,1,75
119,0.998682040721178,1,75
120,0.998682040721178,1,75
121,0.998682040721178,1,75
122,0.998682040721178,1,75
123,0.998682040721178,1,75
124,0.998682040721178,1,75
125,0.998682040721178,1,75
126,0.998682040721178,1,75
127,0.998682040721178,1,75
128,0.998682040721178,1,75
129,0.998682040721178,1,75
130,0.998682040721178,1,75
131,0.998682040721178,1,75
132,0.998682040721178,1,75
133,0.998682040721178,1,75
134,0.998682040721178,1,75
135,0.998682040721178,1,75
136,0.998682040721178,1,75
137,0.998682040721178,1,75
138,0.998682040721178,1,75
139,0.998682040721178,1,75
140,0.998682040721178,1,75
141,0.998682040721178,1,75
142,0.998682040721178,1,75
143,0.998682040721178,1,75
144,0.998682040721178,1,75
145,0.998682040721178,1,75
146,0.998682040721178,1,75
147,0.998682040721178,1,75
148,0.998682040721178,1,75
149,0.998682040721178,1,75
150,0.998682040721178,1,75
151,0.998682040721178,1,75
152,0.998682040721178,1,75
153,0.998682040721178,1,75
154,0.998682040721178,1,75
155,0.998682040721178,1,75
156,0.998682040721178,1,75
157,0.998682040721178,1,75
158,0.998682040721178,1,75
159,0.998682040721178,1,75
160,0.998682040721178,1,75
161,0.998682040721178,1,75
162,0.998682040721178,1,75
163,0.998682040721178,1,75
164,0.998682040721178,1,75
165,0.998682040721178,1,75
166,0.998682040721178,1,75
167,0.998682040721178,1,75
168,0.998682040721178,1,75
169,0.998682040721178,1,75
170,0.998682040721178,1,75
171,0.998682040721178,1,75
172,0.998682040721178,1,75
173,0.998682040721178,1,75
174,0.998682040721178,1,75
175,0.998682040721178,1,75
176,0.998682040721178,1,75
177,0.998682040721178,1,75
178,0.998682040721178,1,75
179,0.998682040721178,1,75
180,0.998682040721178,1,75
181,0.998682040721178,1,75
182,0.998682040721178,1,75
183,0.998682040721178,1,75
184,0.998682040721178,1,75
185,0.998682040721178,1,75
186,0.998682040721178,1,75
187,0.998682040721178,1,75
188,0.998682040721178,1,75
189,0.998682040721178,1,75
190,0.998682040721178,1,75
191,0.998682040721178,1,75
192,0.998682040721178,1,75
193,0.998682040721178,1,75
194,0.998682040721178,1,75
195,0.998682040721178,1,75
196,0.998682040721178,1,75
197,0.998682040721178,1,75
198,0.998682040721178,1,75
199,0.998682040721178,1,75
200,0.998682040721178,1,75
1,0.04302525520324707,1,76
2,0.04302525520324707,1,76
3,0.04302525520324707,1,76
4,0.043031275272369385,1,76
5,0.04302549362182617,1,76
6,0.04302579164505005,1,76
7,0.04302579164505005,1,76
8,0.04302579164505005,1,76
9,0.04302579164505005,1,76
10,0.04302525520324707,1,76
11,0.04302525520324707,1,76
12,0.04302471876144409,1,76
13,0.04302680492401123,1,76
14,0.04302513599395752,1,76
15,0.04302513599395752,1,76
16,0.04302513599395752,1,76
17,0.04302513599395752,1,76
18,0.04302513599395752,1,76
19,0.04302513599395752,1,76
20,0.04302513599395752,1,76
21,0.04302513599395752,1,76
22,0.04302513599395752,1,76
23,0.04302513599395752,1,76
24,0.04302513599395752,1,76
25,0.04302513599395752,1,76
26,0.04302513599395752,1,76
27,0.04302513599395752,1,76
28,0.04302513599395752,1,76
29,0.04302513599395752,1,76
30,0.04302513599395752,1,76
31,0.04302513599395752,1,76
32,0.04302513599395752,1,76
33,0.04302513599395752,1,76
34,0.04302513599395752,1,76
35,0.04302513599395752,1,76
36,0.04302513599395752,1,76
37,0.04302513599395752,1,76
38,0.04302513599395752,1,76
39,0.04302513599395752,1,76
40,0.04302513599395752,1,76
41,0.04302513599395752,1,76
42,0.04302513599395752,1,76
43,0.04302513599395752,1,76
44,0.04302513599395752,1,76
45,0.04302513599395752,1,76
46,0.04302513599395752,1,76
47,0.04302513599395752,1,76
48,0.04302513599395752,1,76
49,0.04302513599395752,1,76
50,0.04302513599395752,1,76
51,0.04302513599395752,1,76
52,0.04302513599395752,1,76
53,0.04302513599395752,1,76
54,0.04302513599395752,1,76
55,0.04302513599395752,1,76
56,0.04302513599395752,1,76
57,0.04302513599395752,1,76
58,0.04302513599395752,1,76
59,0.04302513599395752,1,76
60,0.04302513599395752,1,76
61,0.04302513599395752,1,76
62,0.04302513599395752,1,76
63,0.04302513599395752,1,76
64,0.04302513599395752,1,76
65,0.04302513599395752,1,76
66,0.04302513599395752,1,76
67,0.04302513599395752,1,76
68,0.04302513599395752,1,76
69,0.04302513599395752,1,76
70,0.04302513599395752,1,76
71,0.04302513599395752,1,76
72,0.04302513599395752,1,76
73,0.04302513599395752,1,76
74,0.04302513599395752,1,76
75,0.04302513599395752,1,76
76,0.04302513599395752,1,76
77,0.04302513599395752,1,76
78,0.04302513599395752,1,76
79,0.04302513599395752,1,76
80,0.04302513599395752,1,76
81,0.04302513599395752,1,76
82,0.04302513599395752,1,76
83,0.04302513599395752,1,76
84,0.04302513599395752,1,76
85,0.04302513599395752,1,76
86,0.04302513599395752,1,76
87,0.04302513599395752,1,76
88,0.04302513599395752,1,76
89,0.04302513599395752,1,76
90,0.04302513599395752,1,76
91,0.04302513599395752,1,76
92,0.04302513599395752,1,76
93,0.04302513599395752,1,76
94,0.04302513599395752,1,76
95,0.04302513599395752,1,76
96,0.04302513599395752,1,76
97,0.04302513599395752,1,76
98,0.04302513599395752,1,76
99,0.04302513599395752,1,76
100,0.04302513599395752,1,76
101,0.04302513599395752,1,76
102,0.04302513599395752,1,76
103,0.04302513599395752,1,76
104,0.04302513599395752,1,76
105,0.04302513599395752,1,76
106,0.04302513599395752,1,76
107,0.04302513599395752,1,76
108,0.04302513599395752,1,76
109,0.04302513599395752,1,76
110,0.04302513599395752,1,76
111,0.04302513599395752,1,76
112,0.04302513599395752,1,76
113,0.04302513599395752,1,76
114,0.04302513599395752,1,76
115,0.04302513599395752,1,76
116,0.04302513599395752,1,76
117,0.04302513599395752,1,76
118,0.04302513599395752,1,76
119,0.04302513599395752,1,76
120,0.04302513599395752,1,76
121,0.04302513599395752,1,76
122,0.04302513599395752,1,76
123,0.04302513599395752,1,76
124,0.04302513599395752,1,76
125,0.04302513599395752,1,76
126,0.04302513599395752,1,76
127,0.04302513599395752,1,76
128,0.04302513599395752,1,76
129,0.04302513599395752,1,76
130,0.04302513599395752,1,76
131,0.04302513599395752,1,76
132,0.04302513599395752,1,76
133,0.04302513599395752,1,76
134,0.04302513599395752,1,76
135,0.04302513599395752,1,76
136,0.04302513599395752,1,76
137,0.04302513599395752,1,76
138,0.04302513599395752,1,76
139,0.04302513599395752,1,76
140,0.04302513599395752,1,76
141,0.04302513599395752,1,76
142,0.04302513599395752,1,76
143,0.04302513599395752,1,76
144,0.04302513599395752,1,76
145,0.04302513599395752,1,76
146,0.04302513599395752,1,76
147,0.04302513599395752,1,76
148,0.04302513599395752,1,76
149,0.04302513599395752,1,76
150,0.04302513599395752,1,76
151,0.04302513599395752,1,76
152,0.04302513599395752,1,76
153,0.04302513599395752,1,76
154,0.04302513599395752,1,76
155,0.04302513599395752,1,76
156,0.04302513599395752,1,76
157,0.04302513599395752,1,76
158,0.04302513599395752,1,76
159,0.04302513599395752,1,76
160,0.04302513599395752,1,76
161,0.04302513599395752,1,76
162,0.04302513599395752,1,76
163,0.04302513599395752,1,76
164,0.04302513599395752,1,76
165,0.04302513599395752,1,76
166,0.04302513599395752,1,76
167,0.04302513599395752,1,76
168,0.04302513599395752,1,76
169,0.04302513599395752,1,76
170,0.04302513599395752,1,76
171,0.04302513599395752,1,76
172,0.04302513599395752,1,76
173,0.04302513599395752,1,76
174,0.04302513599395752,1,76
175,0.04302513599395752,1,76
176,0.04302513599395752,1,76
177,0.04302513599395752,1,76
178,0.04302513599395752,1,76
179,0.04302513599395752,1,76
180,0.04302513599395752,1,76
181,0.04302513599395752,1,76
182,0.04302513599395752,1,76
183,0.04302513599395752,1,76
184,0.04302513599395752,1,76
185,0.04302513599395752,1,76
186,0.04302513599395752,1,76
187,0.04302513599395752,1,76
188,0.04302513599395752,1,76
189,0.04302513599395752,1,76
190,0.04302513599395752,1,76
191,0.04302513599395752,1,76
192,0.04302513599395752,1,76
193,0.04302513599395752,1,76
194,0.04302513599395752,1,76
195,0.04302513599395752,1,76
196,0.04302513599395752,1,76
197,0.04302513599395752,1,76
198,0.04302513599395752,1,76
199,0.04302513599395752,1,76
200,0.04302513599395752,1,76
1,7.486343383789062e-05,1,77
2,7.486343383789062e-05,1,77
3,7.486343383789062e-05,1,77
4,7.486343383789062e-05,1,77
5,7.486343383789062e-05,1,77
6,7.486343383789062e-05,1,77
7,7.486343383789062e-05,1,77
8,7.486343383789062e-05,1,77
9,7.486343383789062e-05,1,77
10,7.486343383789062e-05,1,77
11,7.486343383789062e-05,1,77
12,7.486343383789062e-05,1,77
13,7.486343383789062e-05,1,77
14,7.486343383789062e-05,1,77
15,7.486343383789062e-05,1,77
16,7.486343383789062e-05,1,77
17,7.486343383789062e-05,1,77
18,7.486343383789062e-05,1,77
19,7.486343383789062e-05,1,77
20,7.486343383789062e-05,1,77
21,7.486343383789062e-05,1,77
22,7.486343383789062e-05,1,77
23,7.486343383789062e-05,1,77
24,7.486343383789062e-05,1,77
25,7.486343383789062e-05,1,77
26,7.486343383789062e-05,1,77
27,7.486343383789062e-05,1,77
28,7.486343383789062e-05,1,77
29,7.486343383789062e-05,1,77
30,7.486343383789062e-05,1,77
31,7.486343383789062e-05,1,77
32,7.486343383789062e-05,1,77
33,7.486343383789062e-05,1,77
34,7.486343383789062e-05,1,77
35,7.486343383789062e-05,1,77
36,7.486343383789062e-05,1,77
37,7.486343383789062e-05,1,77
38,7.486343383789062e-05,1,77
39,7.486343383789062e-05,1,77
40,7.486343383789062e-05,1,77
41,7.486343383789062e-05,1,77
42,7.486343383789062e-05,1,77
43,7.486343383789062e-05,1,77
44,7.486343383789062e-05,1,77
45,7.486343383789062e-05,1,77
46,7.486343383789062e-05,1,77
47,7.486343383789062e-05,1,77
48,7.486343383789062e-05,1,77
49,7.486343383789062e-05,1,77
50,7.486343383789062e-05,1,77
51,7.486343383789062e-05,1,77
52,7.486343383789062e-05,1,77
53,7.486343383789062e-05,1,77
54,7.486343383789062e-05,1,77
55,7.486343383789062e-05,1,77
56,7.486343383789062e-05,1,77
57,7.486343383789062e-05,1,77
58,7.486343383789062e-05,1,77
59,7.486343383789062e-05,1,77
60,7.486343383789062e-05,1,77
61,7.486343383789062e-05,1,77
62,7.486343383789062e-05,1,77
63,7.486343383789062e-05,1,77
64,7.486343383789062e-05,1,77
65,7.486343383789062e-05,1,77
66,7.486343383789062e-05,1,77
67,7.486343383789062e-05,1,77
68,7.486343383789062e-05,1,77
69,7.486343383789062e-05,1,77
70,7.486343383789062e-05,1,77
71,7.486343383789062e-05,1,77
72,7.486343383789062e-05,1,77
73,7.486343383789062e-05,1,77
74,7.486343383789062e-05,1,77
75,7.486343383789062e-05,1,77
76,7.486343383789062e-05,1,77
77,7.486343383789062e-05,1,77
78,7.486343383789062e-05,1,77
79,7.486343383789062e-05,1,77
80,7.486343383789062e-05,1,77
81,7.486343383789062e-05,1,77
82,7.486343383789062e-05,1,77
83,7.486343383789062e-05,1,77
84,7.486343383789062e-05,1,77
85,7.486343383789062e-05,1,77
86,7.486343383789062e-05,1,77
87,7.486343383789062e-05,1,77
88,7.486343383789062e-05,1,77
89,7.486343383789062e-05,1,77
90,7.486343383789062e-05,1,77
91,7.486343383789062e-05,1,77
92,7.486343383789062e-05,1,77
93,7.486343383789062e-05,1,77
94,7.486343383789062e-05,1,77
95,7.486343383789062e-05,1,77
96,7.486343383789062e-05,1,77
97,7.486343383789062e-05,1,77
98,7.486343383789062e-05,1,77
99,7.486343383789062e-05,1,77
100,7.486343383789062e-05,1,77
101,7.486343383789062e-05,1,77
102,7.486343383789062e-05,1,77
103,7.486343383789062e-05,1,77
104,7.486343383789062e-05,1,77
105,7.486343383789062e-05,1,77
106,7.486343383789062e-05,1,77
107,7.486343383789062e-05,1,77
108,7.486343383789062e-05,1,77
109,7.486343383789062e-05,1,77
110,7.486343383789062e-05,1,77
111,7.486343383789062e-05,1,77
112,7.486343383789062e-05,1,77
113,7.486343383789062e-05,1,77
114,7.486343383789062e-05,1,77
115,7.486343383789062e-05,1,77
116,7.486343383789062e-05,1,77
117,7.486343383789062e-05,1,77
118,7.486343383789062e-05,1,77
119,7.486343383789062e-05,1,77
120,7.486343383789062e-05,1,77
121,7.486343383789062e-05,1,77
122,7.486343383789062e-05,1,77
123,7.486343383789062e-05,1,77
124,7.486343383789062e-05,1,77
125,7.486343383789062e-05,1,77
126,7.486343383789062e-05,1,77
127,7.486343383789062e-05,1,77
128,7.486343383789062e-05,1,77
129,7.486343383789062e-05,1,77
130,7.486343383789062e-05,1,77
131,7.486343383789062e-05,1,77
132,7.486343383789062e-05,1,77
133,7.486343383789062e-05,1,77
134,7.486343383789062e-05,1,77
135,7.486343383789062e-05,1,77
136,7.486343383789062e-05,1,77
137,7.486343383789062e-05,1,77
138,7.486343383789062e-05,1,77
139,7.486343383789062e-05,1,77
140,7.486343383789062e-05,1,77
141,7.486343383789062e-05,1,77
142,7.486343383789062e-05,1,77
143,7.486343383789062e-05,1,77
144,7.486343383789062e-05,1,77
145,7.486343383789062e-05,1,77
146,7.486343383789062e-05,1,77
147,7.486343383789062e-05,1,77
148,7.486343383789062e-05,1,77
149,7.486343383789062e-05,1,77
150,7.486343383789062e-05,1,77
151,7.486343383789062e-05,1,77
152,7.486343383789062e-05,1,77
153,7.486343383789062e-05,1,77
154,7.486343383789062e-05,1,77
155,7.486343383789062e-05,1,77
156,7.486343383789062e-05,1,77
157,7.486343383789062e-05,1,77
158,7.486343383789062e-05,1,77
159,7.486343383789062e-05,1,77
160,7.486343383789062e-05,1,77
161,7.486343383789062e-05,1,77
162,7.486343383789062e-05,1,77
163,7.486343383789062e-05,1,77
164,7.486343383789062e-05,1,77
165,7.486343383789062e-05,1,77
166,7.486343383789062e-05,1,77
167,7.486343383789062e-05,1,77
168,7.486343383789062e-05,1,77
169,7.486343383789062e-05,1,77
170,7.486343383789062e-05,1,77
171,7.486343383789062e-05,1,77
172,7.486343383789062e-05,1,77
173,7.486343383789062e-05,1,77
174,7.486343383789062e-05,1,77
175,7.486343383789062e-05,1,77
176,7.486343383789062e-05,1,77
177,7.486343383789062e-05,1,77
178,7.486343383789062e-05,1,77
179,7.486343383789062e-05,1,77
180,7.486343383789062e-05,1,77
181,7.486343383789062e-05,1,77
182,7.486343383789062e-05,1,77
183,7.486343383789062e-05,1,77
184,7.486343383789062e-05,1,77
185,7.486343383789062e-05,1,77
186,7.486343383789062e-05,1,77
187,7.486343383789062e-05,1,77
188,7.486343383789062e-05,1,77
189,7.486343383789062e-05,1,77
190,7.486343383789062e-05,1,77
191,7.486343383789062e-05,1,77
192,7.486343383789062e-05,1,77
193,7.486343383789062e-05,1,77
194,7.486343383789062e-05,1,77
195,7.486343383789062e-05,1,77
196,7.486343383789062e-05,1,77
197,7.486343383789062e-05,1,77
198,7.486343383789062e-05,1,77
199,7.486343383789062e-05,1,77
200,7.486343383789062e-05,1,77
1,4.601478576660156e-05,1,78
2,4.601478576660156e-05,1,78
3,4.601478576660156e-05,1,78
4,4.601478576660156e-05,1,78
5,4.601478576660156e-05,1,78
6,4.601478576660156e-05,1,78
7,4.601478576660156e-05,1,78
8,4.601478576660156e-05,1,78
9,4.601478576660156e-05,1,78
10,4.601478576660156e-05,1,78
11,4.601478576660156e-05,1,78
12,4.601478576660156e-05,1,78
13,4.601478576660156e-05,1,78
14,4.601478576660156e-05,1,78
15,4.601478576660156e-05,1,78
16,4.601478576660156e-05,1,78
17,4.601478576660156e-05,1,78
18,4.601478576660156e-05,1,78
19,4.601478576660156e-05,1,78
20,4.601478576660156e-05,1,78
21,4.601478576660156e-05,1,78
22,4.601478576660156e-05,1,78
23,4.601478576660156e-05,1,78
24,4.601478576660156e-05,1,78
25,4.601478576660156e-05,1,78
26,4.601478576660156e-05,1,78
27,4.601478576660156e-05,1,78
28,4.601478576660156e-05,1,78
29,4.601478576660156e-05,1,78
30,4.601478576660156e-05,1,78
31,4.601478576660156e-05,1,78
32,4.601478576660156e-05,1,78
33,4.601478576660156e-05,1,78
34,4.601478576660156e-05,1,78
35,4.601478576660156e-05,1,78
36,4.601478576660156e-05,1,78
37,4.601478576660156e-05,1,78
38,4.601478576660156e-05,1,78
39,4.601478576660156e-05,1,78
40,4.601478576660156e-05,1,78
41,4.601478576660156e-05,1,78
42,4.601478576660156e-05,1,78
43,4.601478576660156e-05,1,78
44,4.601478576660156e-05,1,78
45,4.601478576660156e-05,1,78
46,4.601478576660156e-05,1,78
47,4.601478576660156e-05,1,78
48,4.601478576660156e-05,1,78
49,4.601478576660156e-05,1,78
50,4.601478576660156e-05,1,78
51,4.601478576660156e-05,1,78
52,4.601478576660156e-05,1,78
53,4.601478576660156e-05,1,78
54,4.601478576660156e-05,1,78
55,4.601478576660156e-05,1,78
56,4.601478576660156e-05,1,78
57,4.601478576660156e-05,1,78
58,4.601478576660156e-05,1,78
59,4.601478576660156e-05,1,78
60,4.601478576660156e-05,1,78
61,4.601478576660156e-05,1,78
62,4.601478576660156e-05,1,78
63,4.601478576660156e-05,1,78
64,4.601478576660156e-05,1,78
65,4.601478576660156e-05,1,78
66,4.601478576660156e-05,1,78
67,4.601478576660156e-05,1,78
68,4.601478576660156e-05,1,78
69,4.601478576660156e-05,1,78
70,4.601478576660156e-05,1,78
71,4.601478576660156e-05,1,78
72,4.601478576660156e-05,1,78
73,4.601478576660156e-05,1,78
74,4.601478576660156e-05,1,78
75,4.601478576660156e-05,1,78
76,4.601478576660156e-05,1,78
77,4.601478576660156e-05,1,78
78,4.601478576660156e-05,1,78
79,4.601478576660156e-05,1,78
80,4.601478576660156e-05,1,78
81,4.601478576660156e-05,1,78
82,4.601478576660156e-05,1,78
83,4.601478576660156e-05,1,78
84,4.601478576660156e-05,1,78
85,4.601478576660156e-05,1,78
86,4.601478576660156e-05,1,78
87,4.601478576660156e-05,1,78
88,4.601478576660156e-05,1,78
89,4.601478576660156e-05,1,78
90,4.601478576660156e-05,1,78
91,4.601478576660156e-05,1,78
92,4.601478576660156e-05,1,78
93,4.601478576660156e-05,1,78
94,4.601478576660156e-05,1,78
95,4.601478576660156e-05,1,78
96,4.601478576660156e-05,1,78
97,4.601478576660156e-05,1,78
98,4.601478576660156e-05,1,78
99,4.601478576660156e-05,1,78
100,4.601478576660156e-05,1,78
101,4.601478576660156e-05,1,78
102,4.601478576660156e-05,1,78
103,4.601478576660156e-05,1,78
104,4.601478576660156e-05,1,78
105,4.601478576660156e-05,1,78
106,4.601478576660156e-05,1,78
107,4.601478576660156e-05,1,78
108,4.601478576660156e-05,1,78
109,4.601478576660156e-05,1,78
110,4.601478576660156e-05,1,78
111,4.601478576660156e-05,1,78
112,4.601478576660156e-05,1,78
113,4.601478576660156e-05,1,78
114,4.601478576660156e-05,1,78
115,4.601478576660156e-05,1,78
116,4.601478576660156e-05,1,78
117,4.601478576660156e-05,1,78
118,4.601478576660156e-05,1,78
119,4.601478576660156e-05,1,78
120,4.601478576660156e-05,1,78
121,4.601478576660156e-05,1,78
122,4.601478576660156e-05,1,78
123,4.601478576660156e-05,1,78
124,4.601478576660156e-05,1,78
125,4.601478576660156e-05,1,78
126,4.601478576660156e-05,1,78
127,4.601478576660156e-05,1,78
128,4.601478576660156e-05,1,78
129,4.601478576660156e-05,1,78
130,4.601478576660156e-05,1,78
131,4.601478576660156e-05,1,78
132,4.601478576660156e-05,1,78
133,4.601478576660156e-05,1,78
134,4.601478576660156e-05,1,78
135,4.601478576660156e-05,1,78
136,4.601478576660156e-05,1,78
137,4.601478576660156e-05,1,78
138,4.601478576660156e-05,1,78
139,4.601478576660156e-05,1,78
140,4.601478576660156e-05,1,78
141,4.601478576660156e-05,1,78
142,4.601478576660156e-05,1,78
143,4.601478576660156e-05,1,78
144,4.601478576660156e-05,1,78
145,4.601478576660156e-05,1,78
146,4.601478576660156e-05,1,78
147,4.601478576660156e-05,1,78
148,4.601478576660156e-05,1,78
149,4.601478576660156e-05,1,78
150,4.601478576660156e-05,1,78
151,4.601478576660156e-05,1,78
152,4.601478576660156e-05,1,78
153,4.601478576660156e-05,1,78
154,4.601478576660156e-05,1,78
155,4.601478576660156e-05,1,78
156,4.601478576660156e-05,1,78
157,4.601478576660156e-05,1,78
158,4.601478576660156e-05,1,78
159,4.601478576660156e-05,1,78
160,4.601478576660156e-05,1,78
161,4.601478576660156e-05,1,78
162,4.601478576660156e-05,1,78
163,4.601478576660156e-05,1,78
164,4.601478576660156e-05,1,78
165,4.601478576660156e-05,1,78
166,4.601478576660156e-05,1,78
167,4.601478576660156e-05,1,78
168,4.601478576660156e-05,1,78
169,4.601478576660156e-05,1,78
170,4.601478576660156e-05,1,78
171,4.601478576660156e-05,1,78
172,4.601478576660156e-05,1,78
173,4.601478576660156e-05,1,78
174,4.601478576660156e-05,1,78
175,4.601478576660156e-05,1,78
176,4.601478576660156e-05,1,78
177,4.601478576660156e-05,1,78
178,4.601478576660156e-05,1,78
179,4.601478576660156e-05,1,78
180,4.601478576660156e-05,1,78
181,4.601478576660156e-05,1,78
182,4.601478576660156e-05,1,78
183,4.601478576660156e-05,1,78
184,4.601478576660156e-05,1,78
185,4.601478576660156e-05,1,78
186,4.601478576660156e-05,1,78
187,4.601478576660156e-05,1,78
188,4.601478576660156e-05,1,78
189,4.601478576660156e-05,1,78
190,4.601478576660156e-05,1,78
191,4.601478576660156e-05,1,78
192,4.601478576660156e-05,1,78
193,4.601478576660156e-05,1,78
194,4.601478576660156e-05,1,78
195,4.601478576660156e-05,1,78
196,4.601478576660156e-05,1,78
197,4.601478576660156e-05,1,78
198,4.601478576660156e-05,1,78
199,4.601478576660156e-05,1,78
200,4.601478576660156e-05,1,78
1,3.5762786865234375e-07,1,79
2,3.5762786865234375e-07,1,79
3,3.5762786865234375e-07,1,79
4,3.5762786865234375e-07,1,79
5,3.5762786865234375e-07,1,79
6,3.5762786865234375e-07,1,79
7,3.5762786865234375e-07,1,79
8,3.5762786865234375e-07,1,79
9,3.5762786865234375e-07,1,79
10,3.5762786865234375e-07,1,79
11,3.5762786865234375e-07,1,79
12,3.5762786865234375e-07,1,79
13,3.5762786865234375e-07,1,79
14,3.5762786865234375e-07,1,79
15,3.5762786865234375e-07,1,79
16,3.5762786865234375e-07,1,79
17,3.5762786865234375e-07,1,79
18,3.5762786865234375e-07,1,79
19,3.5762786865234375e-07,1,79
20,3.5762786865234375e-07,1,79
21,3.5762786865234375e-07,1,79
22,3.5762786865234375e-07,1,79
23,3.5762786865234375e-07,1,79
24,3.5762786865234375e-07,1,79
25,3.5762786865234375e-07,1,79
26,3.5762786865234375e-07,1,79
27,3.5762786865234375e-07,1,79
28,3.5762786865234375e-07,1,79
29,3.5762786865234375e-07,1,79
30,3.5762786865234375e-07,1,79
31,3.5762786865234375e-07,1,79
32,3.5762786865234375e-07,1,79
33,3.5762786865234375e-07,1,79
34,3.5762786865234375e-07,1,79
35,3.5762786865234375e-07,1,79
36,3.5762786865234375e-07,1,79
37,3.5762786865234375e-07,1,79
38,3.5762786865234375e-07,1,79
39,3.5762786865234375e-07,1,79
40,3.5762786865234375e-07,1,79
41,3.5762786865234375e-07,1,79
42,3.5762786865234375e-07,1,79
43,3.5762786865234375e-07,1,79
44,3.5762786865234375e-07,1,79
45,3.5762786865234375e-07,1,79
46,3.5762786865234375e-07,1,79
47,3.5762786865234375e-07,1,79
48,3.5762786865234375e-07,1,79
49,3.5762786865234375e-07,1,79
50,3.5762786865234375e-07,1,79
51,3.5762786865234375e-07,1,79
52,3.5762786865234375e-07,1,79
53,3.5762786865234375e-07,1,79
54,3.5762786865234375e-07,1,79
55,3.5762786865234375e-07,1,79
56,3.5762786865234375e-07,1,79
57,3.5762786865234375e-07,1,79
58,3.5762786865234375e-07,1,79
59,3.5762786865234375e-07,1,79
60,3.5762786865234375e-07,1,79
61,3.5762786865234375e-07,1,79
62,3.5762786865234375e-07,1,79
63,3.5762786865234375e-07,1,79
64,3.5762786865234375e-07,1,79
65,3.5762786865234375e-07,1,79
66,3.5762786865234375e-07,1,79
67,3.5762786865234375e-07,1,79
68,3.5762786865234375e-07,1,79
69,3.5762786865234375e-07,1,79
70,3.5762786865234375e-07,1,79
71,3.5762786865234375e-07,1,79
72,3.5762786865234375e-07,1,79
73,3.5762786865234375e-07,1,79
74,3.5762786865234375e-07,1,79
75,3.5762786865234375e-07,1,79
76,3.5762786865234375e-07,1,79
77,3.5762786865234375e-07,1,79
78,3.5762786865234375e-07,1,79
79,3.5762786865234375e-07,1,79
80,3.5762786865234375e-07,1,79
81,3.5762786865234375e-07,1,79
82,3.5762786865234375e-07,1,79
83,3.5762786865234375e-07,1,79
84,3.5762786865234375e-07,1,79
85,3.5762786865234375e-07,1,79
86,3.5762786865234375e-07,1,79
87,3.5762786865234375e-07,1,79
88,3.5762786865234375e-07,1,79
89,3.5762786865234375e-07,1,79
90,3.5762786865234375e-07,1,79
91,3.5762786865234375e-07,1,79
92,3.5762786865234375e-07,1,79
93,3.5762786865234375e-07,1,79
94,3.5762786865234375e-07,1,79
95,3.5762786865234375e-07,1,79
96,3.5762786865234375e-07,1,79
97,3.5762786865234375e-07,1,79
98,3.5762786865234375e-07,1,79
99,3.5762786865234375e-07,1,79
100,3.5762786865234375e-07,1,79
101,3.5762786865234375e-07,1,79
102,3.5762786865234375e-07,1,79
103,3.5762786865234375e-07,1,79
104,3.5762786865234375e-07,1,79
105,3.5762786865234375e-07,1,79
106,3.5762786865234375e-07,1,79
107,3.5762786865234375e-07,1,79
108,3.5762786865234375e-07,1,79
109,3.5762786865234375e-07,1,79
110,3.5762786865234375e-07,1,79
111,3.5762786865234375e-07,1,79
112,3.5762786865234375e-07,1,79
113,3.5762786865234375e-07,1,79
114,3.5762786865234375e-07,1,79
115,3.5762786865234375e-07,1,79
116,3.5762786865234375e-07,1,79
117,3.5762786865234375e-07,1,79
118,3.5762786865234375e-07,1,79
119,3.5762786865234375e-07,1,79
120,3.5762786865234375e-07,1,79
121,3.5762786865234375e-07,1,79
122,3.5762786865234375e-07,1,79
123,3.5762786865234375e-07,1,79
124,3.5762786865234375e-07,1,79
125,3.5762786865234375e-07,1,79
126,3.5762786865234375e-07,1,79
127,3.5762786865234375e-07,1,79
128,3.5762786865234375e-07,1,79
129,3.5762786865234375e-07,1,79
130,3.5762786865234375e-07,1,79
131,3.5762786865234375e-07,1,79
132,3.5762786865234375e-07,1,79
133,3.5762786865234375e-07,1,79
134,3.5762786865234375e-07,1,79
135,3.5762786865234375e-07,1,79
136,3.5762786865234375e-07,1,79
137,3.5762786865234375e-07,1,79
138,3.5762786865234375e-07,1,79
139,3.5762786865234375e-07,1,79
140,3.5762786865234375e-07,1,79
141,3.5762786865234375e-07,1,79
142,3.5762786865234375e-07,1,79
143,3.5762786865234375e-07,1,79
144,3.5762786865234375e-07,1,79
145,3.5762786865234375e-07,1,79
146,3.5762786865234375e-07,1,79
147,3.5762786865234375e-07,1,79
148,3.5762786865234375e-07,1,79
149,3.5762786865234375e-07,1,79
150,3.5762786865234375e-07,1,79
151,3.5762786865234375e-07,1,79
152,3.5762786865234375e-07,1,79
153,3.5762786865234375e-07,1,79
154,3.5762786865234375e-07,1,79
155,3.5762786865234375e-07,1,79
156,3.5762786865234375e-07,1,79
157,3.5762786865234375e-07,1,79
158,3.5762786865234375e-07,1,79
159,3.5762786865234375e-07,1,79
160,3.5762786865234375e-07,1,79
161,3.5762786865234375e-07,1,79
162,3.5762786865234375e-07,1,79
163,3.5762786865234375e-07,1,79
164,3.5762786865234375e-07,1,79
165,3.5762786865234375e-07,1,79
166,3.5762786865234375e-07,1,79
167,3.5762786865234375e-07,1,79
168,3.5762786865234375e-07,1,79
169,3.5762786865234375e-07,1,79
170,3.5762786865234375e-07,1,79
171,3.5762786865234375e-07,1,79
172,3.5762786865234375e-07,1,79
173,3.5762786865234375e-07,1,79
174,3.5762786865234375e-07,1,79
175,3.5762786865234375e-07,1,79
176,3.5762786865234375e-07,1,79
177,3.5762786865234375e-07,1,79
178,3.5762786865234375e-07,1,79
179,3.5762786865234375e-07,1,79
180,3.5762786865234375e-07,1,79
181,3.5762786865234375e-07,1,79
182,3.5762786865234375e-07,1,79
183,3.5762786865234375e-07,1,79
184,3.5762786865234375e-07,1,79
185,3.5762786865234375e-07,1,79
186,3.5762786865234375e-07,1,79
187,3.5762786865234375e-07,1,79
188,3.5762786865234375e-07,1,79
189,3.5762786865234375e-07,1,79
190,3.5762786865234375e-07,1,79
191,3.5762786865234375e-07,1,79
192,3.5762786865234375e-07,1,79
193,3.5762786865234375e-07,1,79
194,3.5762786865234375e-07,1,79
195,3.5762786865234375e-07,1,79
196,3.5762786865234375e-07,1,79
197,3.5762786865234375e-07,1,79
198,3.5762786865234375e-07,1,79
199,3.5762786865234375e-07,1,79
200,3.5762786865234375e-07,1,79
1,0.00011110305786132812,1,80
2,0.00011110305786132812,1,80
3,0.00011110305786132812,1,80
4,0.00011110305786132812,1,80
5,0.00011110305786132812,1,80
6,0.00011110305786132812,1,80
7,0.00011110305786132812,1,80
8,0.00011110305786132812,1,80
9,0.00011110305786132812,1,80
10,0.00011110305786132812,1,80
11,0.00011110305786132812,1,80
12,0.00011110305786132812,1,80
13,0.00011110305786132812,1,80
14,0.00011110305786132812,1,80
15,0.00011110305786132812,1,80
16,0.00011110305786132812,1,80
17,0.00011110305786132812,1,80
18,0.00011110305786132812,1,80
19,0.00011110305786132812,1,80
20,0.00011110305786132812,1,80
21,0.00011110305786132812,1,80
22,0.00011110305786132812,1,80
23,0.00011110305786132812,1,80
24,0.00011110305786132812,1,80
25,0.00011110305786132812,1,80
26,0.00011110305786132812,1,80
27,0.00011110305786132812,1,80
28,0.00011110305786132812,1,80
29,0.00011110305786132812,1,80
30,0.00011110305786132812,1,80
31,0.00011110305786132812,1,80
32,0.00011110305786132812,1,80
33,0.00011110305786132812,1,80
34,0.00011110305786132812,1,80
35,0.00011110305786132812,1,80
36,0.00011110305786132812,1,80
37,0.00011110305786132812,1,80
38,0.00011110305786132812,1,80
39,0.00011110305786132812,1,80
40,0.00011110305786132812,1,80
41,0.00011110305786132812,1,80
42,0.00011110305786132812,1,80
43,0.00011110305786132812,1,80
44,0.00011110305786132812,1,80
45,0.00011110305786132812,1,80
46,0.00011110305786132812,1,80
47,0.00011110305786132812,1,80
48,0.00011110305786132812,1,80
49,0.00011110305786132812,1,80
50,0.00011110305786132812,1,80
51,0.00011110305786132812,1,80
52,0.00011110305786132812,1,80
53,0.00011110305786132812,1,80
54,0.00011110305786132812,1,80
55,0.00011110305786132812,1,80
56,0.00011110305786132812,1,80
57,0.00011110305786132812,1,80
58,0.00011110305786132812,1,80
59,0.00011110305786132812,1,80
60,0.00011110305786132812,1,80
61,0.00011110305786132812,1,80
62,0.00011110305786132812,1,80
63,0.00011110305786132812,1,80
64,0.00011110305786132812,1,80
65,0.00011110305786132812,1,80
66,0.00011110305786132812,1,80
67,0.00011110305786132812,1,80
68,0.00011110305786132812,1,80
69,0.00011110305786132812,1,80
70,0.00011110305786132812,1,80
71,0.00011110305786132812,1,80
72,0.00011110305786132812,1,80
73,0.00011110305786132812,1,80
74,0.00011110305786132812,1,80
75,0.00011110305786132812,1,80
76,0.00011110305786132812,1,80
77,0.00011110305786132812,1,80
78,0.00011110305786132812,1,80
79,0.00011110305786132812,1,80
80,0.00011110305786132812,1,80
81,0.00011110305786132812,1,80
82,0.00011110305786132812,1,80
83,0.00011110305786132812,1,80
84,0.00011110305786132812,1,80
85,0.00011110305786132812,1,80
86,0.00011110305786132812,1,80
87,0.00011110305786132812,1,80
88,0.00011110305786132812,1,80
89,0.00011110305786132812,1,80
90,0.00011110305786132812,1,80
91,0.00011110305786132812,1,80
92,0.00011110305786132812,1,80
93,0.00011110305786132812,1,80
94,0.00011110305786132812,1,80
95,0.00011110305786132812,1,80
96,0.00011110305786132812,1,80
97,0.00011110305786132812,1,80
98,0.00011110305786132812,1,80
99,0.00011110305786132812,1,80
100,0.00011110305786132812,1,80
101,0.00011110305786132812,1,80
102,0.00011110305786132812,1,80
103,0.00011110305786132812,1,80
104,0.00011110305786132812,1,80
105,0.00011110305786132812,1,80
106,0.00011110305786132812,1,80
107,0.00011110305786132812,1,80
108,0.00011110305786132812,1,80
109,0.00011110305786132812,1,80
110,0.00011110305786132812,1,80
111,0.00011110305786132812,1,80
112,0.00011110305786132812,1,80
113,0.00011110305786132812,1,80
114,0.00011110305786132812,1,80
115,0.00011110305786132812,1,80
116,0.00011110305786132812,1,80
117,0.00011110305786132812,1,80
118,0.00011110305786132812,1,80
119,0.00011110305786132812,1,80
120,0.00011110305786132812,1,80
121,0.00011110305786132812,1,80
122,0.00011110305786132812,1,80
123,0.00011110305786132812,1,80
124,0.00011110305786132812,1,80
125,0.00011110305786132812,1,80
126,0.00011110305786132812,1,80
127,0.00011110305786132812,1,80
128,0.00011110305786132812,1,80
129,0.00011110305786132812,1,80
130,0.00011110305786132812,1,80
131,0.00011110305786132812,1,80
132,0.00011110305786132812,1,80
133,0.00011110305786132812,1,80
134,0.00011110305786132812,1,80
135,0.00011110305786132812,1,80
136,0.00011110305786132812,1,80
137,0.00011110305786132812,1,80
138,0.00011110305786132812,1,80
139,0.00011110305786132812,1,80
140,0.00011110305786132812,1,80
141,0.00011110305786132812,1,80
142,0.00011110305786132812,1,80
143,0.00011110305786132812,1,80
144,0.00011110305786132812,1,80
145,0.00011110305786132812,1,80
146,0.00011110305786132812,1,80
147,0.00011110305786132812,1,80
148,0.00011110305786132812,1,80
149,0.00011110305786132812,1,80
150,0.00011110305786132812,1,80
151,0.00011110305786132812,1,80
152,0.00011110305786132812,1,80
153,0.00011110305786132812,1,80
154,0.00011110305786132812,1,80
155,0.00011110305786132812,1,80
156,0.00011110305786132812,1,80
157,0.00011110305786132812,1,80
158,0.00011110305786132812,1,80
159,0.00011110305786132812,1,80
160,0.00011110305786132812,1,80
161,0.00011110305786132812,1,80
162,0.00011110305786132812,1,80
163,0.00011110305786132812,1,80
164,0.00011110305786132812,1,80
165,0.00011110305786132812,1,80
166,0.00011110305786132812,1,80
167,0.00011110305786132812,1,80
168,0.00011110305786132812,1,80
169,0.00011110305786132812,1,80
170,0.00011110305786132812,1,80
171,0.00011110305786132812,1,80
172,0.00011110305786132812,1,80
173,0.00011110305786132812,1,80
174,0.00011110305786132812,1,80
175,0.00011110305786132812,1,80
176,0.00011110305786132812,1,80
177,0.00011110305786132812,1,80
178,0.00011110305786132812,1,80
179,0.00011110305786132812,1,80
180,0.00011110305786132812,1,80
181,0.00011110305786132812,1,80
182,0.00011110305786132812,1,80
183,0.00011110305786132812,1,80
184,0.00011110305786132812,1,80
185,0.00011110305786132812,1,80
186,0.00011110305786132812,1,80
187,0.00011110305786132812,1,80
188,0.00011110305786132812,1,80
189,0.00011110305786132812,1,80
190,0.00011110305786132812,1,80
191,0.00011110305786132812,1,80
192,0.00011110305786132812,1,80
193,0.00011110305786132812,1,80
194,0.00011110305786132812,1,80
195,0.00011110305786132812,1,80
196,0.00011110305786132812,1,80
197,0.00011110305786132812,1,80
198,0.00011110305786132812,1,80
199,0.00011110305786132812,1,80
200,0.00011110305786132812,1,80
1,8.344650268554688e-07,1,81
2,8.344650268554688e-07,1,81
3,8.344650268554688e-07,1,81
4,8.344650268554688e-07,1,81
5,8.344650268554688e-07,1,81
6,8.344650268554688e-07,1,81
7,8.344650268554688e-07,1,81
8,8.344650268554688e-07,1,81
9,8.344650268554688e-07,1,81
10,8.344650268554688e-07,1,81
11,8.344650268554688e-07,1,81
12,8.344650268554688e-07,1,81
13,8.344650268554688e-07,1,81
14,8.344650268554688e-07,1,81
15,8.344650268554688e-07,1,81
16,8.344650268554688e-07,1,81
17,8.344650268554688e-07,1,81
18,8.344650268554688e-07,1,81
19,8.344650268554688e-07,1,81
20,8.344650268554688e-07,1,81
21,8.344650268554688e-07,1,81
22,8.344650268554688e-07,1,81
23,8.344650268554688e-07,1,81
24,8.344650268554688e-07,1,81
25,8.344650268554688e-07,1,81
26,8.344650268554688e-07,1,81
27,8.344650268554688e-07,1,81
28,8.344650268554688e-07,1,81
29,8.344650268554688e-07,1,81
30,8.344650268554688e-07,1,81
31,8.344650268554688e-07,1,81
32,8.344650268554688e-07,1,81
33,8.344650268554688e-07,1,81
34,8.344650268554688e-07,1,81
35,8.344650268554688e-07,1,81
36,8.344650268554688e-07,1,81
37,8.344650268554688e-07,1,81
38,8.344650268554688e-07,1,81
39,8.344650268554688e-07,1,81
40,8.344650268554688e-07,1,81
41,8.344650268554688e-07,1,81
42,8.344650268554688e-07,1,81
43,8.344650268554688e-07,1,81
44,8.344650268554688e-07,1,81
45,8.344650268554688e-07,1,81
46,8.344650268554688e-07,1,81
47,8.344650268554688e-07,1,81
48,8.344650268554688e-07,1,81
49,8.344650268554688e-07,1,81
50,8.344650268554688e-07,1,81
51,8.344650268554688e-07,1,81
52,8.344650268554688e-07,1,81
53,8.344650268554688e-07,1,81
54,8.344650268554688e-07,1,81
55,8.344650268554688e-07,1,81
56,8.344650268554688e-07,1,81
57,8.344650268554688e-07,1,81
58,8.344650268554688e-07,1,81
59,8.344650268554688e-07,1,81
60,8.344650268554688e-07,1,81
61,8.344650268554688e-07,1,81
62,8.344650268554688e-07,1,81
63,8.344650268554688e-07,1,81
64,8.344650268554688e-07,1,81
65,8.344650268554688e-07,1,81
66,8.344650268554688e-07,1,81
67,8.344650268554688e-07,1,81
68,8.344650268554688e-07,1,81
69,8.344650268554688e-07,1,81
70,8.344650268554688e-07,1,81
71,8.344650268554688e-07,1,81
72,8.344650268554688e-07,1,81
73,8.344650268554688e-07,1,81
74,8.344650268554688e-07,1,81
75,8.344650268554688e-07,1,81
76,8.344650268554688e-07,1,81
77,8.344650268554688e-07,1,81
78,8.344650268554688e-07,1,81
79,8.344650268554688e-07,1,81
80,8.344650268554688e-07,1,81
81,8.344650268554688e-07,1,81
82,8.344650268554688e-07,1,81
83,8.344650268554688e-07,1,81
84,8.344650268554688e-07,1,81
85,8.344650268554688e-07,1,81
86,8.344650268554688e-07,1,81
87,8.344650268554688e-07,1,81
88,8.344650268554688e-07,1,81
89,8.344650268554688e-07,1,81
90,8.344650268554688e-07,1,81
91,8.344650268554688e-07,1,81
92,8.344650268554688e-07,1,81
93,8.344650268554688e-07,1,81
94,8.344650268554688e-07,1,81
95,8.344650268554688e-07,1,81
96,8.344650268554688e-07,1,81
97,8.344650268554688e-07,1,81
98,8.344650268554688e-07,1,81
99,8.344650268554688e-07,1,81
100,8.344650268554688e-07,1,81
101,8.344650268554688e-07,1,81
102,8.344650268554688e-07,1,81
103,8.344650268554688e-07,1,81
104,8.344650268554688e-07,1,81
105,8.344650268554688e-07,1,81
106,8.344650268554688e-07,1,81
107,8.344650268554688e-07,1,81
108,8.344650268554688e-07,1,81
109,8.344650268554688e-07,1,81
110,8.344650268554688e-07,1,81
111,8.344650268554688e-07,1,81
112,8.344650268554688e-07,1,81
113,8.344650268554688e-07,1,81
114,8.344650268554688e-07,1,81
115,8.344650268554688e-07,1,81
116,8.344650268554688e-07,1,81
117,8.344650268554688e-07,1,81
118,8.344650268554688e-07,1,81
119,8.344650268554688e-07,1,81
120,8.344650268554688e-07,1,81
121,8.344650268554688e-07,1,81
122,8.344650268554688e-07,1,81
123,8.344650268554688e-07,1,81
124,8.344650268554688e-07,1,81
125,8.344650268554688e-07,1,81
126,8.344650268554688e-07,1,81
127,8.344650268554688e-07,1,81
128,8.344650268554688e-07,1,81
129,8.344650268554688e-07,1,81
130,8.344650268554688e-07,1,81
131,8.344650268554688e-07,1,81
132,8.344650268554688e-07,1,81
133,8.344650268554688e-07,1,81
134,8.344650268554688e-07,1,81
135,8.344650268554688e-07,1,81
136,8.344650268554688e-07,1,81
137,8.344650268554688e-07,1,81
138,8.344650268554688e-07,1,81
139,8.344650268554688e-07,1,81
140,8.344650268554688e-07,1,81
141,8.344650268554688e-07,1,81
142,8.344650268554688e-07,1,81
143,8.344650268554688e-07,1,81
144,8.344650268554688e-07,1,81
145,8.344650268554688e-07,1,81
146,8.344650268554688e-07,1,81
147,8.344650268554688e-07,1,81
148,8.344650268554688e-07,1,81
149,8.344650268554688e-07,1,81
150,8.344650268554688e-07,1,81
151,8.344650268554688e-07,1,81
152,8.344650268554688e-07,1,81
153,8.344650268554688e-07,1,81
154,8.344650268554688e-07,1,81
155,8.344650268554688e-07,1,81
156,8.344650268554688e-07,1,81
157,8.344650268554688e-07,1,81
158,8.344650268554688e-07,1,81
159,8.344650268554688e-07,1,81
160,8.344650268554688e-07,1,81
161,8.344650268554688e-07,1,81
162,8.344650268554688e-07,1,81
163,8.344650268554688e-07,1,81
164,8.344650268554688e-07,1,81
165,8.344650268554688e-07,1,81
166,8.344650268554688e-07,1,81
167,8.344650268554688e-07,1,81
168,8.344650268554688e-07,1,81
169,8.344650268554688e-07,1,81
170,8.344650268554688e-07,1,81
171,8.344650268554688e-07,1,81
172,8.344650268554688e-07,1,81
173,8.344650268554688e-07,1,81
174,8.344650268554688e-07,1,81
175,8.344650268554688e-07,1,81
176,8.344650268554688e-07,1,81
177,8.344650268554688e-07,1,81
178,8.344650268554688e-07,1,81
179,8.344650268554688e-07,1,81
180,8.344650268554688e-07,1,81
181,8.344650268554688e-07,1,81
182,8.344650268554688e-07,1,81
183,8.344650268554688e-07,1,81
184,8.344650268554688e-07,1,81
185,8.344650268554688e-07,1,81
186,8.344650268554688e-07,1,81
187,8.344650268554688e-07,1,81
188,8.344650268554688e-07,1,81
189,8.344650268554688e-07,1,81
190,8.344650268554688e-07,1,81
191,8.344650268554688e-07,1,81
192,8.344650268554688e-07,1,81
193,8.344650268554688e-07,1,81
194,8.344650268554688e-07,1,81
195,8.344650268554688e-07,1,81
196,8.344650268554688e-07,1,81
197,8.344650268554688e-07,1,81
198,8.344650268554688e-07,1,81
199,8.344650268554688e-07,1,81
200,8.344650268554688e-07,1,81
1,0.0002657771110534668,1,82
2,0.0002657771110534668,1,82
3,0.0002658963203430176,1,82
4,0.0002657771110534668,1,82
5,0.0002658963203430176,1,82
6,0.0002658963203430176,1,82
7,0.0002658963203430176,1,82
8,0.0002658963203430176,1,82
9,0.0002658963203430176,1,82
10,0.0002658963203430176,1,82
11,0.0002658963203430176,1,82
12,0.0002658963203430176,1,82
13,0.0002658963203430176,1,82
14,0.0002658963203430176,1,82
15,0.0002658963203430176,1,82
16,0.0002658963203430176,1,82
17,0.0002658963203430176,1,82
18,0.0002658963203430176,1,82
19,0.0002658963203430176,1,82
20,0.0002658963203430176,1,82
21,0.0002658963203430176,1,82
22,0.0002658963203430176,1,82
23,0.0002658963203430176,1,82
24,0.0002658963203430176,1,82
25,0.0002658963203430176,1,82
26,0.0002658963203430176,1,82
27,0.0002658963203430176,1,82
28,0.0002658963203430176,1,82
29,0.0002658963203430176,1,82
30,0.0002658963203430176,1,82
31,0.0002658963203430176,1,82
32,0.0002658963203430176,1,82
33,0.0002658963203430176,1,82
34,0.0002658963203430176,1,82
35,0.0002658963203430176,1,82
36,0.0002658963203430176,1,82
37,0.0002658963203430176,1,82
38,0.0002658963203430176,1,82
39,0.0002658963203430176,1,82
40,0.0002658963203430176,1,82
41,0.0002658963203430176,1,82
42,0.0002658963203430176,1,82
43,0.0002658963203430176,1,82
44,0.0002658963203430176,1,82
45,0.0002658963203430176,1,82
46,0.0002658963203430176,1,82
47,0.0002658963203430176,1,82
48,0.0002658963203430176,1,82
49,0.0002658963203430176,1,82
50,0.0002658963203430176,1,82
51,0.0002658963203430176,1,82
52,0.0002658963203430176,1,82
53,0.0002658963203430176,1,82
54,0.0002658963203430176,1,82
55,0.0002658963203430176,1,82
56,0.0002658963203430176,1,82
57,0.0002658963203430176,1,82
58,0.0002658963203430176,1,82
59,0.0002658963203430176,1,82
60,0.0002658963203430176,1,82
61,0.0002658963203430176,1,82
62,0.0002658963203430176,1,82
63,0.0002658963203430176,1,82
64,0.0002658963203430176,1,82
65,0.0002658963203430176,1,82
66,0.0002658963203430176,1,82
67,0.0002658963203430176,1,82
68,0.0002658963203430176,1,82
69,0.0002658963203430176,1,82
70,0.0002658963203430176,1,82
71,0.0002658963203430176,1,82
72,0.0002658963203430176,1,82
73,0.0002658963203430176,1,82
74,0.0002658963203430176,1,82
75,0.0002658963203430176,1,82
76,0.0002658963203430176,1,82
77,0.0002658963203430176,1,82
78,0.0002658963203430176,1,82
79,0.0002658963203430176,1,82
80,0.0002658963203430176,1,82
81,0.0002658963203430176,1,82
82,0.0002658963203430176,1,82
83,0.0002658963203430176,1,82
84,0.0002658963203430176,1,82
85,0.0002658963203430176,1,82
86,0.0002658963203430176,1,82
87,0.0002658963203430176,1,82
88,0.0002658963203430176,1,82
89,0.0002658963203430176,1,82
90,0.0002658963203430176,1,82
91,0.0002658963203430176,1,82
92,0.0002658963203430176,1,82
93,0.0002658963203430176,1,82
94,0.0002658963203430176,1,82
95,0.0002658963203430176,1,82
96,0.0002658963203430176,1,82
97,0.0002658963203430176,1,82
98,0.0002658963203430176,1,82
99,0.0002658963203430176,1,82
100,0.0002658963203430176,1,82
101,0.0002658963203430176,1,82
102,0.0002658963203430176,1,82
103,0.0002658963203430176,1,82
104,0.0002658963203430176,1,82
105,0.0002658963203430176,1,82
106,0.0002658963203430176,1,82
107,0.0002658963203430176,1,82
108,0.0002658963203430176,1,82
109,0.0002658963203430176,1,82
110,0.0002658963203430176,1,82
111,0.0002658963203430176,1,82
112,0.0002658963203430176,1,82
113,0.0002658963203430176,1,82
114,0.0002658963203430176,1,82
115,0.0002658963203430176,1,82
116,0.0002658963203430176,1,82
117,0.0002658963203430176,1,82
118,0.0002658963203430176,1,82
119,0.0002658963203430176,1,82
120,0.0002658963203430176,1,82
121,0.0002658963203430176,1,82
122,0.0002658963203430176,1,82
123,0.0002658963203430176,1,82
124,0.0002658963203430176,1,82
125,0.0002658963203430176,1,82
126,0.0002658963203430176,1,82
127,0.0002658963203430176,1,82
128,0.0002658963203430176,1,82
129,0.0002658963203430176,1,82
130,0.0002658963203430176,1,82
131,0.0002658963203430176,1,82
132,0.0002658963203430176,1,82
133,0.0002658963203430176,1,82
134,0.0002658963203430176,1,82
135,0.0002658963203430176,1,82
136,0.0002658963203430176,1,82
137,0.0002658963203430176,1,82
138,0.0002658963203430176,1,82
139,0.0002658963203430176,1,82
140,0.0002658963203430176,1,82
141,0.0002658963203430176,1,82
142,0.0002658963203430176,1,82
143,0.0002658963203430176,1,82
144,0.0002658963203430176,1,82
145,0.0002658963203430176,1,82
146,0.0002658963203430176,1,82
147,0.0002658963203430176,1,82
148,0.0002658963203430176,1,82
149,0.0002658963203430176,1,82
150,0.0002658963203430176,1,82
151,0.0002658963203430176,1,82
152,0.0002658963203430176,1,82
153,0.0002658963203430176,1,82
154,0.0002658963203430176,1,82
155,0.0002658963203430176,1,82
156,0.0002658963203430176,1,82
157,0.0002658963203430176,1,82
158,0.0002658963203430176,1,82
159,0.0002658963203430176,1,82
160,0.0002658963203430176,1,82
161,0.0002658963203430176,1,82
162,0.0002658963203430176,1,82
163,0.0002658963203430176,1,82
164,0.0002658963203430176,1,82
165,0.0002658963203430176,1,82
166,0.0002658963203430176,1,82
167,0.0002658963203430176,1,82
168,0.0002658963203430176,1,82
169,0.0002658963203430176,1,82
170,0.0002658963203430176,1,82
171,0.0002658963203430176,1,82
172,0.0002658963203430176,1,82
173,0.0002658963203430176,1,82
174,0.0002658963203430176,1,82
175,0.0002658963203430176,1,82
176,0.0002658963203430176,1,82
177,0.0002658963203430176,1,82
178,0.0002658963203430176,1,82
179,0.0002658963203430176,1,82
180,0.0002658963203430176,1,82
181,0.0002658963203430176,1,82
182,0.0002658963203430176,1,82
183,0.0002658963203430176,1,82
184,0.0002658963203430176,1,82
185,0.0002658963203430176,1,82
186,0.0002658963203430176,1,82
187,0.0002658963203430176,1,82
188,0.0002658963203430176,1,82
189,0.0002658963203430176,1,82
190,0.0002658963203430176,1,82
191,0.0002658963203430176,1,82
192,0.0002658963203430176,1,82
193,0.0002658963203430176,1,82
194,0.0002658963203430176,1,82
195,0.0002658963203430176,1,82
196,0.0002658963203430176,1,82
197,0.0002658963203430176,1,82
198,0.0002658963203430176,1,82
199,0.0002658963203430176,1,82
200,0.0002658963203430176,1,82
1,7.152557373046875e-07,1,83
2,7.152557373046875e-07,1,83
3,7.152557373046875e-07,1,83
4,7.152557373046875e-07,1,83
5,7.152557373046875e-07,1,83
6,7.152557373046875e-07,1,83
7,7.152557373046875e-07,1,83
8,7.152557373046875e-07,1,83
9,7.152557373046875e-07,1,83
10,7.152557373046875e-07,1,83
11,7.152557373046875e-07,1,83
12,7.152557373046875e-07,1,83
13,7.152557373046875e-07,1,83
14,7.152557373046875e-07,1,83
15,7.152557373046875e-07,1,83
16,7.152557373046875e-07,1,83
17,7.152557373046875e-07,1,83
18,7.152557373046875e-07,1,83
19,7.152557373046875e-07,1,83
20,7.152557373046875e-07,1,83
21,7.152557373046875e-07,1,83
22,7.152557373046875e-07,1,83
23,7.152557373046875e-07,1,83
24,7.152557373046875e-07,1,83
25,7.152557373046875e-07,1,83
26,7.152557373046875e-07,1,83
27,7.152557373046875e-07,1,83
28,7.152557373046875e-07,1,83
29,7.152557373046875e-07,1,83
30,7.152557373046875e-07,1,83
31,7.152557373046875e-07,1,83
32,7.152557373046875e-07,1,83
33,7.152557373046875e-07,1,83
34,7.152557373046875e-07,1,83
35,7.152557373046875e-07,1,83
36,7.152557373046875e-07,1,83
37,7.152557373046875e-07,1,83
38,7.152557373046875e-07,1,83
39,7.152557373046875e-07,1,83
40,7.152557373046875e-07,1,83
41,7.152557373046875e-07,1,83
42,7.152557373046875e-07,1,83
43,7.152557373046875e-07,1,83
44,7.152557373046875e-07,1,83
45,7.152557373046875e-07,1,83
46,7.152557373046875e-07,1,83
47,7.152557373046875e-07,1,83
48,7.152557373046875e-07,1,83
49,7.152557373046875e-07,1,83
50,7.152557373046875e-07,1,83
51,7.152557373046875e-07,1,83
52,7.152557373046875e-07,1,83
53,7.152557373046875e-07,1,83
54,7.152557373046875e-07,1,83
55,7.152557373046875e-07,1,83
56,7.152557373046875e-07,1,83
57,7.152557373046875e-07,1,83
58,7.152557373046875e-07,1,83
59,7.152557373046875e-07,1,83
60,7.152557373046875e-07,1,83
61,7.152557373046875e-07,1,83
62,7.152557373046875e-07,1,83
63,7.152557373046875e-07,1,83
64,7.152557373046875e-07,1,83
65,7.152557373046875e-07,1,83
66,7.152557373046875e-07,1,83
67,7.152557373046875e-07,1,83
68,7.152557373046875e-07,1,83
69,7.152557373046875e-07,1,83
70,7.152557373046875e-07,1,83
71,7.152557373046875e-07,1,83
72,7.152557373046875e-07,1,83
73,7.152557373046875e-07,1,83
74,7.152557373046875e-07,1,83
75,7.152557373046875e-07,1,83
76,7.152557373046875e-07,1,83
77,7.152557373046875e-07,1,83
78,7.152557373046875e-07,1,83
79,7.152557373046875e-07,1,83
80,7.152557373046875e-07,1,83
81,7.152557373046875e-07,1,83
82,7.152557373046875e-07,1,83
83,7.152557373046875e-07,1,83
84,7.152557373046875e-07,1,83
85,7.152557373046875e-07,1,83
86,7.152557373046875e-07,1,83
87,7.152557373046875e-07,1,83
88,7.152557373046875e-07,1,83
89,7.152557373046875e-07,1,83
90,7.152557373046875e-07,1,83
91,7.152557373046875e-07,1,83
92,7.152557373046875e-07,1,83
93,7.152557373046875e-07,1,83
94,7.152557373046875e-07,1,83
95,7.152557373046875e-07,1,83
96,7.152557373046875e-07,1,83
97,7.152557373046875e-07,1,83
98,7.152557373046875e-07,1,83
99,7.152557373046875e-07,1,83
100,7.152557373046875e-07,1,83
101,7.152557373046875e-07,1,83
102,7.152557373046875e-07,1,83
103,7.152557373046875e-07,1,83
104,7.152557373046875e-07,1,83
105,7.152557373046875e-07,1,83
106,7.152557373046875e-07,1,83
107,7.152557373046875e-07,1,83
108,7.152557373046875e-07,1,83
109,7.152557373046875e-07,1,83
110,7.152557373046875e-07,1,83
111,7.152557373046875e-07,1,83
112,7.152557373046875e-07,1,83
113,7.152557373046875e-07,1,83
114,7.152557373046875e-07,1,83
115,7.152557373046875e-07,1,83
116,7.152557373046875e-07,1,83
117,7.152557373046875e-07,1,83
118,7.152557373046875e-07,1,83
119,7.152557373046875e-07,1,83
120,7.152557373046875e-07,1,83
121,7.152557373046875e-07,1,83
122,7.152557373046875e-07,1,83
123,7.152557373046875e-07,1,83
124,7.152557373046875e-07,1,83
125,7.152557373046875e-07,1,83
126,7.152557373046875e-07,1,83
127,7.152557373046875e-07,1,83
128,7.152557373046875e-07,1,83
129,7.152557373046875e-07,1,83
130,7.152557373046875e-07,1,83
131,7.152557373046875e-07,1,83
132,7.152557373046875e-07,1,83
133,7.152557373046875e-07,1,83
134,7.152557373046875e-07,1,83
135,7.152557373046875e-07,1,83
136,7.152557373046875e-07,1,83
137,7.152557373046875e-07,1,83
138,7.152557373046875e-07,1,83
139,7.152557373046875e-07,1,83
140,7.152557373046875e-07,1,83
141,7.152557373046875e-07,1,83
142,7.152557373046875e-07,1,83
143,7.152557373046875e-07,1,83
144,7.152557373046875e-07,1,83
145,7.152557373046875e-07,1,83
146,7.152557373046875e-07,1,83
147,7.152557373046875e-07,1,83
148,7.152557373046875e-07,1,83
149,7.152557373046875e-07,1,83
150,7.152557373046875e-07,1,83
151,7.152557373046875e-07,1,83
152,7.152557373046875e-07,1,83
153,7.152557373046875e-07,1,83
154,7.152557373046875e-07,1,83
155,7.152557373046875e-07,1,83
156,7.152557373046875e-07,1,83
157,7.152557373046875e-07,1,83
158,7.152557373046875e-07,1,83
159,7.152557373046875e-07,1,83
160,7.152557373046875e-07,1,83
161,7.152557373046875e-07,1,83
162,7.152557373046875e-07,1,83
163,7.152557373046875e-07,1,83
164,7.152557373046875e-07,1,83
165,7.152557373046875e-07,1,83
166,7.152557373046875e-07,1,83
167,7.152557373046875e-07,1,83
168,7.152557373046875e-07,1,83
169,7.152557373046875e-07,1,83
170,7.152557373046875e-07,1,83
171,7.152557373046875e-07,1,83
172,7.152557373046875e-07,1,83
173,7.152557373046875e-07,1,83
174,7.152557373046875e-07,1,83
175,7.152557373046875e-07,1,83
176,7.152557373046875e-07,1,83
177,7.152557373046875e-07,1,83
178,7.152557373046875e-07,1,83
179,7.152557373046875e-07,1,83
180,7.152557373046875e-07,1,83
181,7.152557373046875e-07,1,83
182,7.152557373046875e-07,1,83
183,7.152557373046875e-07,1,83
184,7.152557373046875e-07,1,83
185,7.152557373046875e-07,1,83
186,7.152557373046875e-07,1,83
187,7.152557373046875e-07,1,83
188,7.152557373046875e-07,1,83
189,7.152557373046875e-07,1,83
190,7.152557373046875e-07,1,83
191,7.152557373046875e-07,1,83
192,7.152557373046875e-07,1,83
193,7.152557373046875e-07,1,83
194,7.152557373046875e-07,1,83
195,7.152557373046875e-07,1,83
196,7.152557373046875e-07,1,83
197,7.152557373046875e-07,1,83
198,7.152557373046875e-07,1,83
199,7.152557373046875e-07,1,83
200,7.152557373046875e-07,1,83
1,9.5367431640625e-07,1,84
2,9.5367431640625e-07,1,84
3,9.5367431640625e-07,1,84
4,9.5367431640625e-07,1,84
5,9.5367431640625e-07,1,84
6,9.5367431640625e-07,1,84
7,9.5367431640625e-07,1,84
8,9.5367431640625e-07,1,84
9,9.5367431640625e-07,1,84
10,9.5367431640625e-07,1,84
11,9.5367431640625e-07,1,84
12,9.5367431640625e-07,1,84
13,9.5367431640625e-07,1,84
14,9.5367431640625e-07,1,84
15,9.5367431640625e-07,1,84
16,9.5367431640625e-07,1,84
17,9.5367431640625e-07,1,84
18,9.5367431640625e-07,1,84
19,9.5367431640625e-07,1,84
20,9.5367431640625e-07,1,84
21,9.5367431640625e-07,1,84
22,9.5367431640625e-07,1,84
23,9.5367431640625e-07,1,84
24,9.5367431640625e-07,1,84
25,9.5367431640625e-07,1,84
26,9.5367431640625e-07,1,84
27,9.5367431640625e-07,1,84
28,9.5367431640625e-07,1,84
29,9.5367431640625e-07,1,84
30,9.5367431640625e-07,1,84
31,9.5367431640625e-07,1,84
32,9.5367431640625e-07,1,84
33,9.5367431640625e-07,1,84
34,9.5367431640625e-07,1,84
35,9.5367431640625e-07,1,84
36,9.5367431640625e-07,1,84
37,9.5367431640625e-07,1,84
38,9.5367431640625e-07,1,84
39,9.5367431640625e-07,1,84
40,9.5367431640625e-07,1,84
41,9.5367431640625e-07,1,84
42,9.5367431640625e-07,1,84
43,9.5367431640625e-07,1,84
44,9.5367431640625e-07,1,84
45,9.5367431640625e-07,1,84
46,9.5367431640625e-07,1,84
47,9.5367431640625e-07,1,84
48,9.5367431640625e-07,1,84
49,9.5367431640625e-07,1,84
50,9.5367431640625e-07,1,84
51,9.5367431640625e-07,1,84
52,9.5367431640625e-07,1,84
53,9.5367431640625e-07,1,84
54,9.5367431640625e-07,1,84
55,9.5367431640625e-07,1,84
56,9.5367431640625e-07,1,84
57,9.5367431640625e-07,1,84
58,9.5367431640625e-07,1,84
59,9.5367431640625e-07,1,84
60,9.5367431640625e-07,1,84
61,9.5367431640625e-07,1,84
62,9.5367431640625e-07,1,84
63,9.5367431640625e-07,1,84
64,9.5367431640625e-07,1,84
65,9.5367431640625e-07,1,84
66,9.5367431640625e-07,1,84
67,9.5367431640625e-07,1,84
68,9.5367431640625e-07,1,84
69,9.5367431640625e-07,1,84
70,9.5367431640625e-07,1,84
71,9.5367431640625e-07,1,84
72,9.5367431640625e-07,1,84
73,9.5367431640625e-07,1,84
74,9.5367431640625e-07,1,84
75,9.5367431640625e-07,1,84
76,9.5367431640625e-07,1,84
77,9.5367431640625e-07,1,84
78,9.5367431640625e-07,1,84
79,9.5367431640625e-07,1,84
80,9.5367431640625e-07,1,84
81,9.5367431640625e-07,1,84
82,9.5367431640625e-07,1,84
83,9.5367431640625e-07,1,84
84,9.5367431640625e-07,1,84
85,9.5367431640625e-07,1,84
86,9.5367431640625e-07,1,84
87,9.5367431640625e-07,1,84
88,9.5367431640625e-07,1,84
89,9.5367431640625e-07,1,84
90,9.5367431640625e-07,1,84
91,9.5367431640625e-07,1,84
92,9.5367431640625e-07,1,84
93,9.5367431640625e-07,1,84
94,9.5367431640625e-07,1,84
95,9.5367431640625e-07,1,84
96,9.5367431640625e-07,1,84
97,9.5367431640625e-07,1,84
98,9.5367431640625e-07,1,84
99,9.5367431640625e-07,1,84
100,9.5367431640625e-07,1,84
101,9.5367431640625e-07,1,84
102,9.5367431640625e-07,1,84
103,9.5367431640625e-07,1,84
104,9.5367431640625e-07,1,84
105,9.5367431640625e-07,1,84
106,9.5367431640625e-07,1,84
107,9.5367431640625e-07,1,84
108,9.5367431640625e-07,1,84
109,9.5367431640625e-07,1,84
110,9.5367431640625e-07,1,84
111,9.5367431640625e-07,1,84
112,9.5367431640625e-07,1,84
113,9.5367431640625e-07,1,84
114,9.5367431640625e-07,1,84
115,9.5367431640625e-07,1,84
116,9.5367431640625e-07,1,84
117,9.5367431640625e-07,1,84
118,9.5367431640625e-07,1,84
119,9.5367431640625e-07,1,84
120,9.5367431640625e-07,1,84
121,9.5367431640625e-07,1,84
122,9.5367431640625e-07,1,84
123,9.5367431640625e-07,1,84
124,9.5367431640625e-07,1,84
125,9.5367431640625e-07,1,84
126,9.5367431640625e-07,1,84
127,9.5367431640625e-07,1,84
128,9.5367431640625e-07,1,84
129,9.5367431640625e-07,1,84
130,9.5367431640625e-07,1,84
131,9.5367431640625e-07,1,84
132,9.5367431640625e-07,1,84
133,9.5367431640625e-07,1,84
134,9.5367431640625e-07,1,84
135,9.5367431640625e-07,1,84
136,9.5367431640625e-07,1,84
137,9.5367431640625e-07,1,84
138,9.5367431640625e-07,1,84
139,9.5367431640625e-07,1,84
140,9.5367431640625e-07,1,84
141,9.5367431640625e-07,1,84
142,9.5367431640625e-07,1,84
143,9.5367431640625e-07,1,84
144,9.5367431640625e-07,1,84
145,9.5367431640625e-07,1,84
146,9.5367431640625e-07,1,84
147,9.5367431640625e-07,1,84
148,9.5367431640625e-07,1,84
149,9.5367431640625e-07,1,84
150,9.5367431640625e-07,1,84
151,9.5367431640625e-07,1,84
152,9.5367431640625e-07,1,84
153,9.5367431640625e-07,1,84
154,9.5367431640625e-07,1,84
155,9.5367431640625e-07,1,84
156,9.5367431640625e-07,1,84
157,9.5367431640625e-07,1,84
158,9.5367431640625e-07,1,84
159,9.5367431640625e-07,1,84
160,9.5367431640625e-07,1,84
161,9.5367431640625e-07,1,84
162,9.5367431640625e-07,1,84
163,9.5367431640625e-07,1,84
164,9.5367431640625e-07,1,84
165,9.5367431640625e-07,1,84
166,9.5367431640625e-07,1,84
167,9.5367431640625e-07,1,84
168,9.5367431640625e-07,1,84
169,9.5367431640625e-07,1,84
170,9.5367431640625e-07,1,84
171,9.5367431640625e-07,1,84
172,9.5367431640625e-07,1,84
173,9.5367431640625e-07,1,84
174,9.5367431640625e-07,1,84
175,9.5367431640625e-07,1,84
176,9.5367431640625e-07,1,84
177,9.5367431640625e-07,1,84
178,9.5367431640625e-07,1,84
179,9.5367431640625e-07,1,84
180,9.5367431640625e-07,1,84
181,9.5367431640625e-07,1,84
182,9.5367431640625e-07,1,84
183,9.5367431640625e-07,1,84
184,9.5367431640625e-07,1,84
185,9.5367431640625e-07,1,84
186,9.5367431640625e-07,1,84
187,9.5367431640625e-07,1,84
188,9.5367431640625e-07,1,84
189,9.5367431640625e-07,1,84
190,9.5367431640625e-07,1,84
191,9.5367431640625e-07,1,84
192,9.5367431640625e-07,1,84
193,9.5367431640625e-07,1,84
194,9.5367431640625e-07,1,84
195,9.5367431640625e-07,1,84
196,9.5367431640625e-07,1,84
197,9.5367431640625e-07,1,84
198,9.5367431640625e-07,1,84
199,9.5367431640625e-07,1,84
200,9.5367431640625e-07,1,84
1,6.4373016357421875e-06,1,85
2,6.4373016357421875e-06,1,85
3,6.4373016357421875e-06,1,85
4,6.4373016357421875e-06,1,85
5,6.4373016357421875e-06,1,85
6,6.4373016357421875e-06,1,85
7,6.4373016357421875e-06,1,85
8,6.4373016357421875e-06,1,85
9,6.4373016357421875e-06,1,85
10,6.4373016357421875e-06,1,85
11,6.4373016357421875e-06,1,85
12,6.4373016357421875e-06,1,85
13,6.4373016357421875e-06,1,85
14,6.4373016357421875e-06,1,85
15,6.4373016357421875e-06,1,85
16,6.4373016357421875e-06,1,85
17,6.4373016357421875e-06,1,85
18,6.4373016357421875e-06,1,85
19,6.4373016357421875e-06,1,85
20,6.4373016357421875e-06,1,85
21,6.4373016357421875e-06,1,85
22,6.4373016357421875e-06,1,85
23,6.4373016357421875e-06,1,85
24,6.4373016357421875e-06,1,85
25,6.4373016357421875e-06,1,85
26,6.4373016357421875e-06,1,85
27,6.4373016357421875e-06,1,85
28,6.4373016357421875e-06,1,85
29,6.4373016357421875e-06,1,85
30,6.4373016357421875e-06,1,85
31,6.4373016357421875e-06,1,85
32,6.4373016357421875e-06,1,85
33,6.4373016357421875e-06,1,85
34,6.4373016357421875e-06,1,85
35,6.4373016357421875e-06,1,85
36,6.4373016357421875e-06,1,85
37,6.4373016357421875e-06,1,85
38,6.4373016357421875e-06,1,85
39,6.4373016357421875e-06,1,85
40,6.4373016357421875e-06,1,85
41,6.4373016357421875e-06,1,85
42,6.4373016357421875e-06,1,85
43,6.4373016357421875e-06,1,85
44,6.4373016357421875e-06,1,85
45,6.4373016357421875e-06,1,85
46,6.4373016357421875e-06,1,85
47,6.4373016357421875e-06,1,85
48,6.4373016357421875e-06,1,85
49,6.4373016357421875e-06,1,85
50,6.4373016357421875e-06,1,85
51,6.4373016357421875e-06,1,85
52,6.4373016357421875e-06,1,85
53,6.4373016357421875e-06,1,85
54,6.4373016357421875e-06,1,85
55,6.4373016357421875e-06,1,85
56,6.4373016357421875e-06,1,85
57,6.4373016357421875e-06,1,85
58,6.4373016357421875e-06,1,85
59,6.4373016357421875e-06,1,85
60,6.4373016357421875e-06,1,85
61,6.4373016357421875e-06,1,85
62,6.4373016357421875e-06,1,85
63,6.4373016357421875e-06,1,85
64,6.4373016357421875e-06,1,85
65,6.4373016357421875e-06,1,85
66,6.4373016357421875e-06,1,85
67,6.4373016357421875e-06,1,85
68,6.4373016357421875e-06,1,85
69,6.4373016357421875e-06,1,85
70,6.4373016357421875e-06,1,85
71,6.4373016357421875e-06,1,85
72,6.4373016357421875e-06,1,85
73,6.4373016357421875e-06,1,85
74,6.4373016357421875e-06,1,85
75,6.4373016357421875e-06,1,85
76,6.4373016357421875e-06,1,85
77,6.4373016357421875e-06,1,85
78,6.4373016357421875e-06,1,85
79,6.4373016357421875e-06,1,85
80,6.4373016357421875e-06,1,85
81,6.4373016357421875e-06,1,85
82,6.4373016357421875e-06,1,85
83,6.4373016357421875e-06,1,85
84,6.4373016357421875e-06,1,85
85,6.4373016357421875e-06,1,85
86,6.4373016357421875e-06,1,85
87,6.4373016357421875e-06,1,85
88,6.4373016357421875e-06,1,85
89,6.4373016357421875e-06,1,85
90,6.4373016357421875e-06,1,85
91,6.4373016357421875e-06,1,85
92,6.4373016357421875e-06,1,85
93,6.4373016357421875e-06,1,85
94,6.4373016357421875e-06,1,85
95,6.4373016357421875e-06,1,85
96,6.4373016357421875e-06,1,85
97,6.4373016357421875e-06,1,85
98,6.4373016357421875e-06,1,85
99,6.4373016357421875e-06,1,85
100,6.4373016357421875e-06,1,85
101,6.4373016357421875e-06,1,85
102,6.4373016357421875e-06,1,85
103,6.4373016357421875e-06,1,85
104,6.4373016357421875e-06,1,85
105,6.4373016357421875e-06,1,85
106,6.4373016357421875e-06,1,85
107,6.4373016357421875e-06,1,85
108,6.4373016357421875e-06,1,85
109,6.4373016357421875e-06,1,85
110,6.4373016357421875e-06,1,85
111,6.4373016357421875e-06,1,85
112,6.4373016357421875e-06,1,85
113,6.4373016357421875e-06,1,85
114,6.4373016357421875e-06,1,85
115,6.4373016357421875e-06,1,85
116,6.4373016357421875e-06,1,85
117,6.4373016357421875e-06,1,85
118,6.4373016357421875e-06,1,85
119,6.4373016357421875e-06,1,85
120,6.4373016357421875e-06,1,85
121,6.4373016357421875e-06,1,85
122,6.4373016357421875e-06,1,85
123,6.4373016357421875e-06,1,85
124,6.4373016357421875e-06,1,85
125,6.4373016357421875e-06,1,85
126,6.4373016357421875e-06,1,85
127,6.4373016357421875e-06,1,85
128,6.4373016357421875e-06,1,85
129,6.4373016357421875e-06,1,85
130,6.4373016357421875e-06,1,85
131,6.4373016357421875e-06,1,85
132,6.4373016357421875e-06,1,85
133,6.4373016357421875e-06,1,85
134,6.4373016357421875e-06,1,85
135,6.4373016357421875e-06,1,85
136,6.4373016357421875e-06,1,85
137,6.4373016357421875e-06,1,85
138,6.4373016357421875e-06,1,85
139,6.4373016357421875e-06,1,85
140,6.4373016357421875e-06,1,85
141,6.4373016357421875e-06,1,85
142,6.4373016357421875e-06,1,85
143,6.4373016357421875e-06,1,85
144,6.4373016357421875e-06,1,85
145,6.4373016357421875e-06,1,85
146,6.4373016357421875e-06,1,85
147,6.4373016357421875e-06,1,85
148,6.4373016357421875e-06,1,85
149,6.4373016357421875e-06,1,85
150,6.4373016357421875e-06,1,85
151,6.4373016357421875e-06,1,85
152,6.4373016357421875e-06,1,85
153,6.4373016357421875e-06,1,85
154,6.4373016357421875e-06,1,85
155,6.4373016357421875e-06,1,85
156,6.4373016357421875e-06,1,85
157,6.4373016357421875e-06,1,85
158,6.4373016357421875e-06,1,85
159,6.4373016357421875e-06,1,85
160,6.4373016357421875e-06,1,85
161,6.4373016357421875e-06,1,85
162,6.4373016357421875e-06,1,85
163,6.4373016357421875e-06,1,85
164,6.4373016357421875e-06,1,85
165,6.4373016357421875e-06,1,85
166,6.4373016357421875e-06,1,85
167,6.4373016357421875e-06,1,85
168,6.4373016357421875e-06,1,85
169,6.4373016357421875e-06,1,85
170,6.4373016357421875e-06,1,85
171,6.4373016357421875e-06,1,85
172,6.4373016357421875e-06,1,85
173,6.4373016357421875e-06,1,85
174,6.4373016357421875e-06,1,85
175,6.4373016357421875e-06,1,85
176,6.4373016357421875e-06,1,85
177,6.4373016357421875e-06,1,85
178,6.4373016357421875e-06,1,85
179,6.4373016357421875e-06,1,85
180,6.4373016357421875e-06,1,85
181,6.4373016357421875e-06,1,85
182,6.4373016357421875e-06,1,85
183,6.4373016357421875e-06,1,85
184,6.4373016357421875e-06,1,85
185,6.4373016357421875e-06,1,85
186,6.4373016357421875e-06,1,85
187,6.4373016357421875e-06,1,85
188,6.4373016357421875e-06,1,85
189,6.4373016357421875e-06,1,85
190,6.4373016357421875e-06,1,85
191,6.4373016357421875e-06,1,85
192,6.4373016357421875e-06,1,85
193,6.4373016357421875e-06,1,85
194,6.4373016357421875e-06,1,85
195,6.4373016357421875e-06,1,85
196,6.4373016357421875e-06,1,85
197,6.4373016357421875e-06,1,85
198,6.4373016357421875e-06,1,85
199,6.4373016357421875e-06,1,85
200,6.4373016357421875e-06,1,85
1,0.004026830196380615,1,86
2,0.00401616096496582,1,86
3,0.00401616096496582,1,86
4,0.00401616096496582,1,86
5,0.00401616096496582,1,86
6,0.004028737545013428,1,86
7,0.004026949405670166,1,86
8,0.004026949405670166,1,86
9,0.004026949405670166,1,86
10,0.004026949405670166,1,86
11,0.004026949405670166,1,86
12,0.004026949405670166,1,86
13,0.004026949405670166,1,86
14,0.004026949405670166,1,86
15,0.004026949405670166,1,86
16,0.004026949405670166,1,86
17,0.004026949405670166,1,86
18,0.004026949405670166,1,86
19,0.004026949405670166,1,86
20,0.004026949405670166,1,86
21,0.004026949405670166,1,86
22,0.004026949405670166,1,86
23,0.004026949405670166,1,86
24,0.004026949405670166,1,86
25,0.004026949405670166,1,86
26,0.004026949405670166,1,86
27,0.004026949405670166,1,86
28,0.004026949405670166,1,86
29,0.004026949405670166,1,86
30,0.004026949405670166,1,86
31,0.004026949405670166,1,86
32,0.004026949405670166,1,86
33,0.004026949405670166,1,86
34,0.004026949405670166,1,86
35,0.004026949405670166,1,86
36,0.004026949405670166,1,86
37,0.004026949405670166,1,86
38,0.004026949405670166,1,86
39,0.004026949405670166,1,86
40,0.004026949405670166,1,86
41,0.004026949405670166,1,86
42,0.004026949405670166,1,86
43,0.004026949405670166,1,86
44,0.004026949405670166,1,86
45,0.004026949405670166,1,86
46,0.004026949405670166,1,86
47,0.004026949405670166,1,86
48,0.004026949405670166,1,86
49,0.004026949405670166,1,86
50,0.004026949405670166,1,86
51,0.004026949405670166,1,86
52,0.004026949405670166,1,86
53,0.004026949405670166,1,86
54,0.004026949405670166,1,86
55,0.004026949405670166,1,86
56,0.004026949405670166,1,86
57,0.004026949405670166,1,86
58,0.004026949405670166,1,86
59,0.004026949405670166,1,86
60,0.004026949405670166,1,86
61,0.004026949405670166,1,86
62,0.004026949405670166,1,86
63,0.004026949405670166,1,86
64,0.004026949405670166,1,86
65,0.004026949405670166,1,86
66,0.004026949405670166,1,86
67,0.004026949405670166,1,86
68,0.004026949405670166,1,86
69,0.004026949405670166,1,86
70,0.004026949405670166,1,86
71,0.004026949405670166,1,86
72,0.004026949405670166,1,86
73,0.004026949405670166,1,86
74,0.004026949405670166,1,86
75,0.004026949405670166,1,86
76,0.004026949405670166,1,86
77,0.004026949405670166,1,86
78,0.004026949405670166,1,86
79,0.004026949405670166,1,86
80,0.004026949405670166,1,86
81,0.004026949405670166,1,86
82,0.004026949405670166,1,86
83,0.004026949405670166,1,86
84,0.004026949405670166,1,86
85,0.004026949405670166,1,86
86,0.004026949405670166,1,86
87,0.004026949405670166,1,86
88,0.004026949405670166,1,86
89,0.004026949405670166,1,86
90,0.004026949405670166,1,86
91,0.004026949405670166,1,86
92,0.004026949405670166,1,86
93,0.004026949405670166,1,86
94,0.004026949405670166,1,86
95,0.004026949405670166,1,86
96,0.004026949405670166,1,86
97,0.004026949405670166,1,86
98,0.004026949405670166,1,86
99,0.004026949405670166,1,86
100,0.004026949405670166,1,86
101,0.004026949405670166,1,86
102,0.004026949405670166,1,86
103,0.004026949405670166,1,86
104,0.004026949405670166,1,86
105,0.004026949405670166,1,86
106,0.004026949405670166,1,86
107,0.004026949405670166,1,86
108,0.004026949405670166,1,86
109,0.004026949405670166,1,86
110,0.004026949405670166,1,86
111,0.004026949405670166,1,86
112,0.004026949405670166,1,86
113,0.004026949405670166,1,86
114,0.004026949405670166,1,86
115,0.004026949405670166,1,86
116,0.004026949405670166,1,86
117,0.004026949405670166,1,86
118,0.004026949405670166,1,86
119,0.004026949405670166,1,86
120,0.004026949405670166,1,86
121,0.004026949405670166,1,86
122,0.004026949405670166,1,86
123,0.004026949405670166,1,86
124,0.004026949405670166,1,86
125,0.004026949405670166,1,86
126,0.004026949405670166,1,86
127,0.004026949405670166,1,86
128,0.004026949405670166,1,86
129,0.004026949405670166,1,86
130,0.004026949405670166,1,86
131,0.004026949405670166,1,86
132,0.004026949405670166,1,86
133,0.004026949405670166,1,86
134,0.004026949405670166,1,86
135,0.004026949405670166,1,86
136,0.004026949405670166,1,86
137,0.004026949405670166,1,86
138,0.004026949405670166,1,86
139,0.004026949405670166,1,86
140,0.004026949405670166,1,86
141,0.004026949405670166,1,86
142,0.004026949405670166,1,86
143,0.004026949405670166,1,86
144,0.004026949405670166,1,86
145,0.004026949405670166,1,86
146,0.004026949405670166,1,86
147,0.004026949405670166,1,86
148,0.004026949405670166,1,86
149,0.004026949405670166,1,86
150,0.004026949405670166,1,86
151,0.004026949405670166,1,86
152,0.004026949405670166,1,86
153,0.004026949405670166,1,86
154,0.004026949405670166,1,86
155,0.004026949405670166,1,86
156,0.004026949405670166,1,86
157,0.004026949405670166,1,86
158,0.004026949405670166,1,86
159,0.004026949405670166,1,86
160,0.004026949405670166,1,86
161,0.004026949405670166,1,86
162,0.004026949405670166,1,86
163,0.004026949405670166,1,86
164,0.004026949405670166,1,86
165,0.004026949405670166,1,86
166,0.004026949405670166,1,86
167,0.004026949405670166,1,86
168,0.004026949405670166,1,86
169,0.004026949405670166,1,86
170,0.004026949405670166,1,86
171,0.004026949405670166,1,86
172,0.004026949405670166,1,86
173,0.004026949405670166,1,86
174,0.004026949405670166,1,86
175,0.004026949405670166,1,86
176,0.004026949405670166,1,86
177,0.004026949405670166,1,86
178,0.004026949405670166,1,86
179,0.004026949405670166,1,86
180,0.004026949405670166,1,86
181,0.004026949405670166,1,86
182,0.004026949405670166,1,86
183,0.004026949405670166,1,86
184,0.004026949405670166,1,86
185,0.004026949405670166,1,86
186,0.004026949405670166,1,86
187,0.004026949405670166,1,86
188,0.004026949405670166,1,86
189,0.004026949405670166,1,86
190,0.004026949405670166,1,86
191,0.004026949405670166,1,86
192,0.004026949405670166,1,86
193,0.004026949405670166,1,86
194,0.004026949405670166,1,86
195,0.004026949405670166,1,86
196,0.004026949405670166,1,86
197,0.004026949405670166,1,86
198,0.004026949405670166,1,86
199,0.004026949405670166,1,86
200,0.004026949405670166,1,86
1,0.0090867280960083,1,87
2,0.0090867280960083,1,87
3,0.0090867280960083,1,87
4,0.0090867280960083,1,87
5,0.0090867280960083,1,87
6,0.0090867280960083,1,87
7,0.0090867280960083,1,87
8,0.0090867280960083,1,87
9,0.0090867280960083,1,87
10,0.0090867280960083,1,87
11,0.0090867280960083,1,87
12,0.0090867280960083,1,87
13,0.0090867280960083,1,87
14,0.0090867280960083,1,87
15,0.0090867280960083,1,87
16,0.0090867280960083,1,87
17,0.0090867280960083,1,87
18,0.0090867280960083,1,87
19,0.0090867280960083,1,87
20,0.0090867280960083,1,87
21,0.0090867280960083,1,87
22,0.0090867280960083,1,87
23,0.0090867280960083,1,87
24,0.0090867280960083,1,87
25,0.0090867280960083,1,87
26,0.0090867280960083,1,87
27,0.0090867280960083,1,87
28,0.0090867280960083,1,87
29,0.0090867280960083,1,87
30,0.0090867280960083,1,87
31,0.0090867280960083,1,87
32,0.0090867280960083,1,87
33,0.0090867280960083,1,87
34,0.0090867280960083,1,87
35,0.0090867280960083,1,87
36,0.0090867280960083,1,87
37,0.0090867280960083,1,87
38,0.0090867280960083,1,87
39,0.0090867280960083,1,87
40,0.0090867280960083,1,87
41,0.0090867280960083,1,87
42,0.0090867280960083,1,87
43,0.0090867280960083,1,87
44,0.0090867280960083,1,87
45,0.0090867280960083,1,87
46,0.0090867280960083,1,87
47,0.0090867280960083,1,87
48,0.0090867280960083,1,87
49,0.0090867280960083,1,87
50,0.0090867280960083,1,87
51,0.0090867280960083,1,87
52,0.0090867280960083,1,87
53,0.0090867280960083,1,87
54,0.0090867280960083,1,87
55,0.0090867280960083,1,87
56,0.0090867280960083,1,87
57,0.0090867280960083,1,87
58,0.0090867280960083,1,87
59,0.0090867280960083,1,87
60,0.0090867280960083,1,87
61,0.0090867280960083,1,87
62,0.0090867280960083,1,87
63,0.0090867280960083,1,87
64,0.0090867280960083,1,87
65,0.0090867280960083,1,87
66,0.0090867280960083,1,87
67,0.0090867280960083,1,87
68,0.0090867280960083,1,87
69,0.0090867280960083,1,87
70,0.0090867280960083,1,87
71,0.0090867280960083,1,87
72,0.0090867280960083,1,87
73,0.0090867280960083,1,87
74,0.0090867280960083,1,87
75,0.0090867280960083,1,87
76,0.0090867280960083,1,87
77,0.0090867280960083,1,87
78,0.0090867280960083,1,87
79,0.0090867280960083,1,87
80,0.0090867280960083,1,87
81,0.0090867280960083,1,87
82,0.0090867280960083,1,87
83,0.0090867280960083,1,87
84,0.0090867280960083,1,87
85,0.0090867280960083,1,87
86,0.0090867280960083,1,87
87,0.0090867280960083,1,87
88,0.0090867280960083,1,87
89,0.0090867280960083,1,87
90,0.0090867280960083,1,87
91,0.0090867280960083,1,87
92,0.0090867280960083,1,87
93,0.0090867280960083,1,87
94,0.0090867280960083,1,87
95,0.0090867280960083,1,87
96,0.0090867280960083,1,87
97,0.0090867280960083,1,87
98,0.0090867280960083,1,87
99,0.0090867280960083,1,87
100,0.0090867280960083,1,87
101,0.0090867280960083,1,87
102,0.0090867280960083,1,87
103,0.0090867280960083,1,87
104,0.0090867280960083,1,87
105,0.0090867280960083,1,87
106,0.0090867280960083,1,87
107,0.0090867280960083,1,87
108,0.0090867280960083,1,87
109,0.0090867280960083,1,87
110,0.0090867280960083,1,87
111,0.0090867280960083,1,87
112,0.0090867280960083,1,87
113,0.0090867280960083,1,87
114,0.0090867280960083,1,87
115,0.0090867280960083,1,87
116,0.0090867280960083,1,87
117,0.0090867280960083,1,87
118,0.0090867280960083,1,87
119,0.0090867280960083,1,87
120,0.0090867280960083,1,87
121,0.0090867280960083,1,87
122,0.0090867280960083,1,87
123,0.0090867280960083,1,87
124,0.0090867280960083,1,87
125,0.0090867280960083,1,87
126,0.0090867280960083,1,87
127,0.0090867280960083,1,87
128,0.0090867280960083,1,87
129,0.0090867280960083,1,87
130,0.0090867280960083,1,87
131,0.0090867280960083,1,87
132,0.0090867280960083,1,87
133,0.0090867280960083,1,87
134,0.0090867280960083,1,87
135,0.0090867280960083,1,87
136,0.0090867280960083,1,87
137,0.0090867280960083,1,87
138,0.0090867280960083,1,87
139,0.0090867280960083,1,87
140,0.0090867280960083,1,87
141,0.0090867280960083,1,87
142,0.0090867280960083,1,87
143,0.0090867280960083,1,87
144,0.0090867280960083,1,87
145,0.0090867280960083,1,87
146,0.0090867280960083,1,87
147,0.0090867280960083,1,87
148,0.0090867280960083,1,87
149,0.0090867280960083,1,87
150,0.0090867280960083,1,87
151,0.0090867280960083,1,87
152,0.0090867280960083,1,87
153,0.0090867280960083,1,87
154,0.0090867280960083,1,87
155,0.0090867280960083,1,87
156,0.0090867280960083,1,87
157,0.0090867280960083,1,87
158,0.0090867280960083,1,87
159,0.0090867280960083,1,87
160,0.0090867280960083,1,87
161,0.0090867280960083,1,87
162,0.0090867280960083,1,87
163,0.0090867280960083,1,87
164,0.0090867280960083,1,87
165,0.0090867280960083,1,87
166,0.0090867280960083,1,87
167,0.0090867280960083,1,87
168,0.0090867280960083,1,87
169,0.0090867280960083,1,87
170,0.0090867280960083,1,87
171,0.0090867280960083,1,87
172,0.0090867280960083,1,87
173,0.0090867280960083,1,87
174,0.0090867280960083,1,87
175,0.0090867280960083,1,87
176,0.0090867280960083,1,87
177,0.0090867280960083,1,87
178,0.0090867280960083,1,87
179,0.0090867280960083,1,87
180,0.0090867280960083,1,87
181,0.0090867280960083,1,87
182,0.0090867280960083,1,87
183,0.0090867280960083,1,87
184,0.0090867280960083,1,87
185,0.0090867280960083,1,87
186,0.0090867280960083,1,87
187,0.0090867280960083,1,87
188,0.0090867280960083,1,87
189,0.0090867280960083,1,87
190,0.0090867280960083,1,87
191,0.0090867280960083,1,87
192,0.0090867280960083,1,87
193,0.0090867280960083,1,87
194,0.0090867280960083,1,87
195,0.0090867280960083,1,87
196,0.0090867280960083,1,87
197,0.0090867280960083,1,87
198,0.0090867280960083,1,87
199,0.0090867280960083,1,87
200,0.0090867280960083,1,87
1,1.8596649169921875e-05,1,88
2,1.8596649169921875e-05,1,88
3,1.8596649169921875e-05,1,88
4,1.8596649169921875e-05,1,88
5,1.8596649169921875e-05,1,88
6,1.8596649169921875e-05,1,88
7,1.8596649169921875e-05,1,88
8,1.8596649169921875e-05,1,88
9,1.8596649169921875e-05,1,88
10,1.8596649169921875e-05,1,88
11,1.8596649169921875e-05,1,88
12,1.8596649169921875e-05,1,88
13,1.8596649169921875e-05,1,88
14,1.8596649169921875e-05,1,88
15,1.8596649169921875e-05,1,88
16,1.8596649169921875e-05,1,88
17,1.8596649169921875e-05,1,88
18,1.8596649169921875e-05,1,88
19,1.8596649169921875e-05,1,88
20,1.8596649169921875e-05,1,88
21,1.8596649169921875e-05,1,88
22,1.8596649169921875e-05,1,88
23,1.8596649169921875e-05,1,88
24,1.8596649169921875e-05,1,88
25,1.8596649169921875e-05,1,88
26,1.8596649169921875e-05,1,88
27,1.8596649169921875e-05,1,88
28,1.8596649169921875e-05,1,88
29,1.8596649169921875e-05,1,88
30,1.8596649169921875e-05,1,88
31,1.8596649169921875e-05,1,88
32,1.8596649169921875e-05,1,88
33,1.8596649169921875e-05,1,88
34,1.8596649169921875e-05,1,88
35,1.8596649169921875e-05,1,88
36,1.8596649169921875e-05,1,88
37,1.8596649169921875e-05,1,88
38,1.8596649169921875e-05,1,88
39,1.8596649169921875e-05,1,88
40,1.8596649169921875e-05,1,88
41,1.8596649169921875e-05,1,88
42,1.8596649169921875e-05,1,88
43,1.8596649169921875e-05,1,88
44,1.8596649169921875e-05,1,88
45,1.8596649169921875e-05,1,88
46,1.8596649169921875e-05,1,88
47,1.8596649169921875e-05,1,88
48,1.8596649169921875e-05,1,88
49,1.8596649169921875e-05,1,88
50,1.8596649169921875e-05,1,88
51,1.8596649169921875e-05,1,88
52,1.8596649169921875e-05,1,88
53,1.8596649169921875e-05,1,88
54,1.8596649169921875e-05,1,88
55,1.8596649169921875e-05,1,88
56,1.8596649169921875e-05,1,88
57,1.8596649169921875e-05,1,88
58,1.8596649169921875e-05,1,88
59,1.8596649169921875e-05,1,88
60,1.8596649169921875e-05,1,88
61,1.8596649169921875e-05,1,88
62,1.8596649169921875e-05,1,88
63,1.8596649169921875e-05,1,88
64,1.8596649169921875e-05,1,88
65,1.8596649169921875e-05,1,88
66,1.8596649169921875e-05,1,88
67,1.8596649169921875e-05,1,88
68,1.8596649169921875e-05,1,88
69,1.8596649169921875e-05,1,88
70,1.8596649169921875e-05,1,88
71,1.8596649169921875e-05,1,88
72,1.8596649169921875e-05,1,88
73,1.8596649169921875e-05,1,88
74,1.8596649169921875e-05,1,88
75,1.8596649169921875e-05,1,88
76,1.8596649169921875e-05,1,88
77,1.8596649169921875e-05,1,88
78,1.8596649169921875e-05,1,88
79,1.8596649169921875e-05,1,88
80,1.8596649169921875e-05,1,88
81,1.8596649169921875e-05,1,88
82,1.8596649169921875e-05,1,88
83,1.8596649169921875e-05,1,88
84,1.8596649169921875e-05,1,88
85,1.8596649169921875e-05,1,88
86,1.8596649169921875e-05,1,88
87,1.8596649169921875e-05,1,88
88,1.8596649169921875e-05,1,88
89,1.8596649169921875e-05,1,88
90,1.8596649169921875e-05,1,88
91,1.8596649169921875e-05,1,88
92,1.8596649169921875e-05,1,88
93,1.8596649169921875e-05,1,88
94,1.8596649169921875e-05,1,88
95,1.8596649169921875e-05,1,88
96,1.8596649169921875e-05,1,88
97,1.8596649169921875e-05,1,88
98,1.8596649169921875e-05,1,88
99,1.8596649169921875e-05,1,88
100,1.8596649169921875e-05,1,88
101,1.8596649169921875e-05,1,88
102,1.8596649169921875e-05,1,88
103,1.8596649169921875e-05,1,88
104,1.8596649169921875e-05,1,88
105,1.8596649169921875e-05,1,88
106,1.8596649169921875e-05,1,88
107,1.8596649169921875e-05,1,88
108,1.8596649169921875e-05,1,88
109,1.8596649169921875e-05,1,88
110,1.8596649169921875e-05,1,88
111,1.8596649169921875e-05,1,88
112,1.8596649169921875e-05,1,88
113,1.8596649169921875e-05,1,88
114,1.8596649169921875e-05,1,88
115,1.8596649169921875e-05,1,88
116,1.8596649169921875e-05,1,88
117,1.8596649169921875e-05,1,88
118,1.8596649169921875e-05,1,88
119,1.8596649169921875e-05,1,88
120,1.8596649169921875e-05,1,88
121,1.8596649169921875e-05,1,88
122,1.8596649169921875e-05,1,88
123,1.8596649169921875e-05,1,88
124,1.8596649169921875e-05,1,88
125,1.8596649169921875e-05,1,88
126,1.8596649169921875e-05,1,88
127,1.8596649169921875e-05,1,88
128,1.8596649169921875e-05,1,88
129,1.8596649169921875e-05,1,88
130,1.8596649169921875e-05,1,88
131,1.8596649169921875e-05,1,88
132,1.8596649169921875e-05,1,88
133,1.8596649169921875e-05,1,88
134,1.8596649169921875e-05,1,88
135,1.8596649169921875e-05,1,88
136,1.8596649169921875e-05,1,88
137,1.8596649169921875e-05,1,88
138,1.8596649169921875e-05,1,88
139,1.8596649169921875e-05,1,88
140,1.8596649169921875e-05,1,88
141,1.8596649169921875e-05,1,88
142,1.8596649169921875e-05,1,88
143,1.8596649169921875e-05,1,88
144,1.8596649169921875e-05,1,88
145,1.8596649169921875e-05,1,88
146,1.8596649169921875e-05,1,88
147,1.8596649169921875e-05,1,88
148,1.8596649169921875e-05,1,88
149,1.8596649169921875e-05,1,88
150,1.8596649169921875e-05,1,88
151,1.8596649169921875e-05,1,88
152,1.8596649169921875e-05,1,88
153,1.8596649169921875e-05,1,88
154,1.8596649169921875e-05,1,88
155,1.8596649169921875e-05,1,88
156,1.8596649169921875e-05,1,88
157,1.8596649169921875e-05,1,88
158,1.8596649169921875e-05,1,88
159,1.8596649169921875e-05,1,88
160,1.8596649169921875e-05,1,88
161,1.8596649169921875e-05,1,88
162,1.8596649169921875e-05,1,88
163,1.8596649169921875e-05,1,88
164,1.8596649169921875e-05,1,88
165,1.8596649169921875e-05,1,88
166,1.8596649169921875e-05,1,88
167,1.8596649169921875e-05,1,88
168,1.8596649169921875e-05,1,88
169,1.8596649169921875e-05,1,88
170,1.8596649169921875e-05,1,88
171,1.8596649169921875e-05,1,88
172,1.8596649169921875e-05,1,88
173,1.8596649169921875e-05,1,88
174,1.8596649169921875e-05,1,88
175,1.8596649169921875e-05,1,88
176,1.8596649169921875e-05,1,88
177,1.8596649169921875e-05,1,88
178,1.8596649169921875e-05,1,88
179,1.8596649169921875e-05,1,88
180,1.8596649169921875e-05,1,88
181,1.8596649169921875e-05,1,88
182,1.8596649169921875e-05,1,88
183,1.8596649169921875e-05,1,88
184,1.8596649169921875e-05,1,88
185,1.8596649169921875e-05,1,88
186,1.8596649169921875e-05,1,88
187,1.8596649169921875e-05,1,88
188,1.8596649169921875e-05,1,88
189,1.8596649169921875e-05,1,88
190,1.8596649169921875e-05,1,88
191,1.8596649169921875e-05,1,88
192,1.8596649169921875e-05,1,88
193,1.8596649169921875e-05,1,88
194,1.8596649169921875e-05,1,88
195,1.8596649169921875e-05,1,88
196,1.8596649169921875e-05,1,88
197,1.8596649169921875e-05,1,88
198,1.8596649169921875e-05,1,88
199,1.8596649169921875e-05,1,88
200,1.8596649169921875e-05,1,88
1,0.00011515617370605469,1,89
2,0.0001150369644165039,1,89
3,0.0001150369644165039,1,89
4,0.0001150369644165039,1,89
5,0.0001150369644165039,1,89
6,0.0001150369644165039,1,89
7,0.00011515617370605469,1,89
8,0.00011515617370605469,1,89
9,0.00011515617370605469,1,89
10,0.00011515617370605469,1,89
11,0.00011515617370605469,1,89
12,0.00011515617370605469,1,89
13,0.00011515617370605469,1,89
14,0.00011515617370605469,1,89
15,0.00011515617370605469,1,89
16,0.00011515617370605469,1,89
17,0.00011515617370605469,1,89
18,0.00011515617370605469,1,89
19,0.00011515617370605469,1,89
20,0.00011515617370605469,1,89
21,0.00011515617370605469,1,89
22,0.00011515617370605469,1,89
23,0.00011515617370605469,1,89
24,0.00011515617370605469,1,89
25,0.00011515617370605469,1,89
26,0.00011515617370605469,1,89
27,0.00011515617370605469,1,89
28,0.00011515617370605469,1,89
29,0.00011515617370605469,1,89
30,0.00011515617370605469,1,89
31,0.00011515617370605469,1,89
32,0.00011515617370605469,1,89
33,0.00011515617370605469,1,89
34,0.00011515617370605469,1,89
35,0.00011515617370605469,1,89
36,0.00011515617370605469,1,89
37,0.00011515617370605469,1,89
38,0.00011515617370605469,1,89
39,0.00011515617370605469,1,89
40,0.00011515617370605469,1,89
41,0.00011515617370605469,1,89
42,0.00011515617370605469,1,89
43,0.00011515617370605469,1,89
44,0.00011515617370605469,1,89
45,0.00011515617370605469,1,89
46,0.00011515617370605469,1,89
47,0.00011515617370605469,1,89
48,0.00011515617370605469,1,89
49,0.00011515617370605469,1,89
50,0.00011515617370605469,1,89
51,0.00011515617370605469,1,89
52,0.00011515617370605469,1,89
53,0.00011515617370605469,1,89
54,0.00011515617370605469,1,89
55,0.00011515617370605469,1,89
56,0.00011515617370605469,1,89
57,0.00011515617370605469,1,89
58,0.00011515617370605469,1,89
59,0.00011515617370605469,1,89
60,0.00011515617370605469,1,89
61,0.00011515617370605469,1,89
62,0.00011515617370605469,1,89
63,0.00011515617370605469,1,89
64,0.00011515617370605469,1,89
65,0.00011515617370605469,1,89
66,0.00011515617370605469,1,89
67,0.00011515617370605469,1,89
68,0.00011515617370605469,1,89
69,0.00011515617370605469,1,89
70,0.00011515617370605469,1,89
71,0.00011515617370605469,1,89
72,0.00011515617370605469,1,89
73,0.00011515617370605469,1,89
74,0.00011515617370605469,1,89
75,0.00011515617370605469,1,89
76,0.00011515617370605469,1,89
77,0.00011515617370605469,1,89
78,0.00011515617370605469,1,89
79,0.00011515617370605469,1,89
80,0.00011515617370605469,1,89
81,0.00011515617370605469,1,89
82,0.00011515617370605469,1,89
83,0.00011515617370605469,1,89
84,0.00011515617370605469,1,89
85,0.00011515617370605469,1,89
86,0.00011515617370605469,1,89
87,0.00011515617370605469,1,89
88,0.00011515617370605469,1,89
89,0.00011515617370605469,1,89
90,0.00011515617370605469,1,89
91,0.00011515617370605469,1,89
92,0.00011515617370605469,1,89
93,0.00011515617370605469,1,89
94,0.00011515617370605469,1,89
95,0.00011515617370605469,1,89
96,0.00011515617370605469,1,89
97,0.00011515617370605469,1,89
98,0.00011515617370605469,1,89
99,0.00011515617370605469,1,89
100,0.00011515617370605469,1,89
101,0.00011515617370605469,1,89
102,0.00011515617370605469,1,89
103,0.00011515617370605469,1,89
104,0.00011515617370605469,1,89
105,0.00011515617370605469,1,89
106,0.00011515617370605469,1,89
107,0.00011515617370605469,1,89
108,0.00011515617370605469,1,89
109,0.00011515617370605469,1,89
110,0.00011515617370605469,1,89
111,0.00011515617370605469,1,89
112,0.00011515617370605469,1,89
113,0.00011515617370605469,1,89
114,0.00011515617370605469,1,89
115,0.00011515617370605469,1,89
116,0.00011515617370605469,1,89
117,0.00011515617370605469,1,89
118,0.00011515617370605469,1,89
119,0.00011515617370605469,1,89
120,0.00011515617370605469,1,89
121,0.00011515617370605469,1,89
122,0.00011515617370605469,1,89
123,0.00011515617370605469,1,89
124,0.00011515617370605469,1,89
125,0.00011515617370605469,1,89
126,0.00011515617370605469,1,89
127,0.00011515617370605469,1,89
128,0.00011515617370605469,1,89
129,0.00011515617370605469,1,89
130,0.00011515617370605469,1,89
131,0.00011515617370605469,1,89
132,0.00011515617370605469,1,89
133,0.00011515617370605469,1,89
134,0.00011515617370605469,1,89
135,0.00011515617370605469,1,89
136,0.00011515617370605469,1,89
137,0.00011515617370605469,1,89
138,0.00011515617370605469,1,89
139,0.00011515617370605469,1,89
140,0.00011515617370605469,1,89
141,0.00011515617370605469,1,89
142,0.00011515617370605469,1,89
143,0.00011515617370605469,1,89
144,0.00011515617370605469,1,89
145,0.00011515617370605469,1,89
146,0.00011515617370605469,1,89
147,0.00011515617370605469,1,89
148,0.00011515617370605469,1,89
149,0.00011515617370605469,1,89
150,0.00011515617370605469,1,89
151,0.00011515617370605469,1,89
152,0.00011515617370605469,1,89
153,0.00011515617370605469,1,89
154,0.00011515617370605469,1,89
155,0.00011515617370605469,1,89
156,0.00011515617370605469,1,89
157,0.00011515617370605469,1,89
158,0.00011515617370605469,1,89
159,0.00011515617370605469,1,89
160,0.00011515617370605469,1,89
161,0.00011515617370605469,1,89
162,0.00011515617370605469,1,89
163,0.00011515617370605469,1,89
164,0.00011515617370605469,1,89
165,0.00011515617370605469,1,89
166,0.00011515617370605469,1,89
167,0.00011515617370605469,1,89
168,0.00011515617370605469,1,89
169,0.00011515617370605469,1,89
170,0.00011515617370605469,1,89
171,0.00011515617370605469,1,89
172,0.00011515617370605469,1,89
173,0.00011515617370605469,1,89
174,0.00011515617370605469,1,89
175,0.00011515617370605469,1,89
176,0.00011515617370605469,1,89
177,0.00011515617370605469,1,89
178,0.00011515617370605469,1,89
179,0.00011515617370605469,1,89
180,0.00011515617370605469,1,89
181,0.00011515617370605469,1,89
182,0.00011515617370605469,1,89
183,0.00011515617370605469,1,89
184,0.00011515617370605469,1,89
185,0.00011515617370605469,1,89
186,0.00011515617370605469,1,89
187,0.00011515617370605469,1,89
188,0.00011515617370605469,1,89
189,0.00011515617370605469,1,89
190,0.00011515617370605469,1,89
191,0.00011515617370605469,1,89
192,0.00011515617370605469,1,89
193,0.00011515617370605469,1,89
194,0.00011515617370605469,1,89
195,0.00011515617370605469,1,89
196,0.00011515617370605469,1,89
197,0.00011515617370605469,1,89
198,0.00011515617370605469,1,89
199,0.00011515617370605469,1,89
200,0.00011515617370605469,1,89
1,0.00014734268188476562,1,90
2,0.00014734268188476562,1,90
3,0.00014734268188476562,1,90
4,0.00014734268188476562,1,90
5,0.00014734268188476562,1,90
6,0.00014734268188476562,1,90
7,0.00014734268188476562,1,90
8,0.00014734268188476562,1,90
9,0.00014734268188476562,1,90
10,0.00014734268188476562,1,90
11,0.00014734268188476562,1,90
12,0.00014734268188476562,1,90
13,0.00014734268188476562,1,90
14,0.00014734268188476562,1,90
15,0.00014734268188476562,1,90
16,0.00014734268188476562,1,90
17,0.00014734268188476562,1,90
18,0.00014734268188476562,1,90
19,0.00014734268188476562,1,90
20,0.00014734268188476562,1,90
21,0.00014734268188476562,1,90
22,0.00014734268188476562,1,90
23,0.00014734268188476562,1,90
24,0.00014734268188476562,1,90
25,0.00014734268188476562,1,90
26,0.00014734268188476562,1,90
27,0.00014734268188476562,1,90
28,0.00014734268188476562,1,90
29,0.00014734268188476562,1,90
30,0.00014734268188476562,1,90
31,0.00014734268188476562,1,90
32,0.00014734268188476562,1,90
33,0.00014734268188476562,1,90
34,0.00014734268188476562,1,90
35,0.00014734268188476562,1,90
36,0.00014734268188476562,1,90
37,0.00014734268188476562,1,90
38,0.00014734268188476562,1,90
39,0.00014734268188476562,1,90
40,0.00014734268188476562,1,90
41,0.00014734268188476562,1,90
42,0.00014734268188476562,1,90
43,0.00014734268188476562,1,90
44,0.00014734268188476562,1,90
45,0.00014734268188476562,1,90
46,0.00014734268188476562,1,90
47,0.00014734268188476562,1,90
48,0.00014734268188476562,1,90
49,0.00014734268188476562,1,90
50,0.00014734268188476562,1,90
51,0.00014734268188476562,1,90
52,0.00014734268188476562,1,90
53,0.00014734268188476562,1,90
54,0.00014734268188476562,1,90
55,0.00014734268188476562,1,90
56,0.00014734268188476562,1,90
57,0.00014734268188476562,1,90
58,0.00014734268188476562,1,90
59,0.00014734268188476562,1,90
60,0.00014734268188476562,1,90
61,0.00014734268188476562,1,90
62,0.00014734268188476562,1,90
63,0.00014734268188476562,1,90
64,0.00014734268188476562,1,90
65,0.00014734268188476562,1,90
66,0.00014734268188476562,1,90
67,0.00014734268188476562,1,90
68,0.00014734268188476562,1,90
69,0.00014734268188476562,1,90
70,0.00014734268188476562,1,90
71,0.00014734268188476562,1,90
72,0.00014734268188476562,1,90
73,0.00014734268188476562,1,90
74,0.00014734268188476562,1,90
75,0.00014734268188476562,1,90
76,0.00014734268188476562,1,90
77,0.00014734268188476562,1,90
78,0.00014734268188476562,1,90
79,0.00014734268188476562,1,90
80,0.00014734268188476562,1,90
81,0.00014734268188476562,1,90
82,0.00014734268188476562,1,90
83,0.00014734268188476562,1,90
84,0.00014734268188476562,1,90
85,0.00014734268188476562,1,90
86,0.00014734268188476562,1,90
87,0.00014734268188476562,1,90
88,0.00014734268188476562,1,90
89,0.00014734268188476562,1,90
90,0.00014734268188476562,1,90
91,0.00014734268188476562,1,90
92,0.00014734268188476562,1,90
93,0.00014734268188476562,1,90
94,0.00014734268188476562,1,90
95,0.00014734268188476562,1,90
96,0.00014734268188476562,1,90
97,0.00014734268188476562,1,90
98,0.00014734268188476562,1,90
99,0.00014734268188476562,1,90
100,0.00014734268188476562,1,90
101,0.00014734268188476562,1,90
102,0.00014734268188476562,1,90
103,0.00014734268188476562,1,90
104,0.00014734268188476562,1,90
105,0.00014734268188476562,1,90
106,0.00014734268188476562,1,90
107,0.00014734268188476562,1,90
108,0.00014734268188476562,1,90
109,0.00014734268188476562,1,90
110,0.00014734268188476562,1,90
111,0.00014734268188476562,1,90
112,0.00014734268188476562,1,90
113,0.00014734268188476562,1,90
114,0.00014734268188476562,1,90
115,0.00014734268188476562,1,90
116,0.00014734268188476562,1,90
117,0.00014734268188476562,1,90
118,0.00014734268188476562,1,90
119,0.00014734268188476562,1,90
120,0.00014734268188476562,1,90
121,0.00014734268188476562,1,90
122,0.00014734268188476562,1,90
123,0.00014734268188476562,1,90
124,0.00014734268188476562,1,90
125,0.00014734268188476562,1,90
126,0.00014734268188476562,1,90
127,0.00014734268188476562,1,90
128,0.00014734268188476562,1,90
129,0.00014734268188476562,1,90
130,0.00014734268188476562,1,90
131,0.00014734268188476562,1,90
132,0.00014734268188476562,1,90
133,0.00014734268188476562,1,90
134,0.00014734268188476562,1,90
135,0.00014734268188476562,1,90
136,0.00014734268188476562,1,90
137,0.00014734268188476562,1,90
138,0.00014734268188476562,1,90
139,0.00014734268188476562,1,90
140,0.00014734268188476562,1,90
141,0.00014734268188476562,1,90
142,0.00014734268188476562,1,90
143,0.00014734268188476562,1,90
144,0.00014734268188476562,1,90
145,0.00014734268188476562,1,90
146,0.00014734268188476562,1,90
147,0.00014734268188476562,1,90
148,0.00014734268188476562,1,90
149,0.00014734268188476562,1,90
150,0.00014734268188476562,1,90
151,0.00014734268188476562,1,90
152,0.00014734268188476562,1,90
153,0.00014734268188476562,1,90
154,0.00014734268188476562,1,90
155,0.00014734268188476562,1,90
156,0.00014734268188476562,1,90
157,0.00014734268188476562,1,90
158,0.00014734268188476562,1,90
159,0.00014734268188476562,1,90
160,0.00014734268188476562,1,90
161,0.00014734268188476562,1,90
162,0.00014734268188476562,1,90
163,0.00014734268188476562,1,90
164,0.00014734268188476562,1,90
165,0.00014734268188476562,1,90
166,0.00014734268188476562,1,90
167,0.00014734268188476562,1,90
168,0.00014734268188476562,1,90
169,0.00014734268188476562,1,90
170,0.00014734268188476562,1,90
171,0.00014734268188476562,1,90
172,0.00014734268188476562,1,90
173,0.00014734268188476562,1,90
174,0.00014734268188476562,1,90
175,0.00014734268188476562,1,90
176,0.00014734268188476562,1,90
177,0.00014734268188476562,1,90
178,0.00014734268188476562,1,90
179,0.00014734268188476562,1,90
180,0.00014734268188476562,1,90
181,0.00014734268188476562,1,90
182,0.00014734268188476562,1,90
183,0.00014734268188476562,1,90
184,0.00014734268188476562,1,90
185,0.00014734268188476562,1,90
186,0.00014734268188476562,1,90
187,0.00014734268188476562,1,90
188,0.00014734268188476562,1,90
189,0.00014734268188476562,1,90
190,0.00014734268188476562,1,90
191,0.00014734268188476562,1,90
192,0.00014734268188476562,1,90
193,0.00014734268188476562,1,90
194,0.00014734268188476562,1,90
195,0.00014734268188476562,1,90
196,0.00014734268188476562,1,90
197,0.00014734268188476562,1,90
198,0.00014734268188476562,1,90
199,0.00014734268188476562,1,90
200,0.00014734268188476562,1,90
1,1.4066696166992188e-05,1,91
2,1.4066696166992188e-05,1,91
3,1.4066696166992188e-05,1,91
4,1.4066696166992188e-05,1,91
5,1.4066696166992188e-05,1,91
6,1.4066696166992188e-05,1,91
7,1.4066696166992188e-05,1,91
8,1.4066696166992188e-05,1,91
9,1.4066696166992188e-05,1,91
10,1.4066696166992188e-05,1,91
11,1.4066696166992188e-05,1,91
12,1.4066696166992188e-05,1,91
13,1.4066696166992188e-05,1,91
14,1.4066696166992188e-05,1,91
15,1.4066696166992188e-05,1,91
16,1.4066696166992188e-05,1,91
17,1.4066696166992188e-05,1,91
18,1.4066696166992188e-05,1,91
19,1.4066696166992188e-05,1,91
20,1.4066696166992188e-05,1,91
21,1.4066696166992188e-05,1,91
22,1.4066696166992188e-05,1,91
23,1.4066696166992188e-05,1,91
24,1.4066696166992188e-05,1,91
25,1.4066696166992188e-05,1,91
26,1.4066696166992188e-05,1,91
27,1.4066696166992188e-05,1,91
28,1.4066696166992188e-05,1,91
29,1.4066696166992188e-05,1,91
30,1.4066696166992188e-05,1,91
31,1.4066696166992188e-05,1,91
32,1.4066696166992188e-05,1,91
33,1.4066696166992188e-05,1,91
34,1.4066696166992188e-05,1,91
35,1.4066696166992188e-05,1,91
36,1.4066696166992188e-05,1,91
37,1.4066696166992188e-05,1,91
38,1.4066696166992188e-05,1,91
39,1.4066696166992188e-05,1,91
40,1.4066696166992188e-05,1,91
41,1.4066696166992188e-05,1,91
42,1.4066696166992188e-05,1,91
43,1.4066696166992188e-05,1,91
44,1.4066696166992188e-05,1,91
45,1.4066696166992188e-05,1,91
46,1.4066696166992188e-05,1,91
47,1.4066696166992188e-05,1,91
48,1.4066696166992188e-05,1,91
49,1.4066696166992188e-05,1,91
50,1.4066696166992188e-05,1,91
51,1.4066696166992188e-05,1,91
52,1.4066696166992188e-05,1,91
53,1.4066696166992188e-05,1,91
54,1.4066696166992188e-05,1,91
55,1.4066696166992188e-05,1,91
56,1.4066696166992188e-05,1,91
57,1.4066696166992188e-05,1,91
58,1.4066696166992188e-05,1,91
59,1.4066696166992188e-05,1,91
60,1.4066696166992188e-05,1,91
61,1.4066696166992188e-05,1,91
62,1.4066696166992188e-05,1,91
63,1.4066696166992188e-05,1,91
64,1.4066696166992188e-05,1,91
65,1.4066696166992188e-05,1,91
66,1.4066696166992188e-05,1,91
67,1.4066696166992188e-05,1,91
68,1.4066696166992188e-05,1,91
69,1.4066696166992188e-05,1,91
70,1.4066696166992188e-05,1,91
71,1.4066696166992188e-05,1,91
72,1.4066696166992188e-05,1,91
73,1.4066696166992188e-05,1,91
74,1.4066696166992188e-05,1,91
75,1.4066696166992188e-05,1,91
76,1.4066696166992188e-05,1,91
77,1.4066696166992188e-05,1,91
78,1.4066696166992188e-05,1,91
79,1.4066696166992188e-05,1,91
80,1.4066696166992188e-05,1,91
81,1.4066696166992188e-05,1,91
82,1.4066696166992188e-05,1,91
83,1.4066696166992188e-05,1,91
84,1.4066696166992188e-05,1,91
85,1.4066696166992188e-05,1,91
86,1.4066696166992188e-05,1,91
87,1.4066696166992188e-05,1,91
88,1.4066696166992188e-05,1,91
89,1.4066696166992188e-05,1,91
90,1.4066696166992188e-05,1,91
91,1.4066696166992188e-05,1,91
92,1.4066696166992188e-05,1,91
93,1.4066696166992188e-05,1,91
94,1.4066696166992188e-05,1,91
95,1.4066696166992188e-05,1,91
96,1.4066696166992188e-05,1,91
97,1.4066696166992188e-05,1,91
98,1.4066696166992188e-05,1,91
99,1.4066696166992188e-05,1,91
100,1.4066696166992188e-05,1,91
101,1.4066696166992188e-05,1,91
102,1.4066696166992188e-05,1,91
103,1.4066696166992188e-05,1,91
104,1.4066696166992188e-05,1,91
105,1.4066696166992188e-05,1,91
106,1.4066696166992188e-05,1,91
107,1.4066696166992188e-05,1,91
108,1.4066696166992188e-05,1,91
109,1.4066696166992188e-05,1,91
110,1.4066696166992188e-05,1,91
111,1.4066696166992188e-05,1,91
112,1.4066696166992188e-05,1,91
113,1.4066696166992188e-05,1,91
114,1.4066696166992188e-05,1,91
115,1.4066696166992188e-05,1,91
116,1.4066696166992188e-05,1,91
117,1.4066696166992188e-05,1,91
118,1.4066696166992188e-05,1,91
119,1.4066696166992188e-05,1,91
120,1.4066696166992188e-05,1,91
121,1.4066696166992188e-05,1,91
122,1.4066696166992188e-05,1,91
123,1.4066696166992188e-05,1,91
124,1.4066696166992188e-05,1,91
125,1.4066696166992188e-05,1,91
126,1.4066696166992188e-05,1,91
127,1.4066696166992188e-05,1,91
128,1.4066696166992188e-05,1,91
129,1.4066696166992188e-05,1,91
130,1.4066696166992188e-05,1,91
131,1.4066696166992188e-05,1,91
132,1.4066696166992188e-05,1,91
133,1.4066696166992188e-05,1,91
134,1.4066696166992188e-05,1,91
135,1.4066696166992188e-05,1,91
136,1.4066696166992188e-05,1,91
137,1.4066696166992188e-05,1,91
138,1.4066696166992188e-05,1,91
139,1.4066696166992188e-05,1,91
140,1.4066696166992188e-05,1,91
141,1.4066696166992188e-05,1,91
142,1.4066696166992188e-05,1,91
143,1.4066696166992188e-05,1,91
144,1.4066696166992188e-05,1,91
145,1.4066696166992188e-05,1,91
146,1.4066696166992188e-05,1,91
147,1.4066696166992188e-05,1,91
148,1.4066696166992188e-05,1,91
149,1.4066696166992188e-05,1,91
150,1.4066696166992188e-05,1,91
151,1.4066696166992188e-05,1,91
152,1.4066696166992188e-05,1,91
153,1.4066696166992188e-05,1,91
154,1.4066696166992188e-05,1,91
155,1.4066696166992188e-05,1,91
156,1.4066696166992188e-05,1,91
157,1.4066696166992188e-05,1,91
158,1.4066696166992188e-05,1,91
159,1.4066696166992188e-05,1,91
160,1.4066696166992188e-05,1,91
161,1.4066696166992188e-05,1,91
162,1.4066696166992188e-05,1,91
163,1.4066696166992188e-05,1,91
164,1.4066696166992188e-05,1,91
165,1.4066696166992188e-05,1,91
166,1.4066696166992188e-05,1,91
167,1.4066696166992188e-05,1,91
168,1.4066696166992188e-05,1,91
169,1.4066696166992188e-05,1,91
170,1.4066696166992188e-05,1,91
171,1.4066696166992188e-05,1,91
172,1.4066696166992188e-05,1,91
173,1.4066696166992188e-05,1,91
174,1.4066696166992188e-05,1,91
175,1.4066696166992188e-05,1,91
176,1.4066696166992188e-05,1,91
177,1.4066696166992188e-05,1,91
178,1.4066696166992188e-05,1,91
179,1.4066696166992188e-05,1,91
180,1.4066696166992188e-05,1,91
181,1.4066696166992188e-05,1,91
182,1.4066696166992188e-05,1,91
183,1.4066696166992188e-05,1,91
184,1.4066696166992188e-05,1,91
185,1.4066696166992188e-05,1,91
186,1.4066696166992188e-05,1,91
187,1.4066696166992188e-05,1,91
188,1.4066696166992188e-05,1,91
189,1.4066696166992188e-05,1,91
190,1.4066696166992188e-05,1,91
191,1.4066696166992188e-05,1,91
192,1.4066696166992188e-05,1,91
193,1.4066696166992188e-05,1,91
194,1.4066696166992188e-05,1,91
195,1.4066696166992188e-05,1,91
196,1.4066696166992188e-05,1,91
197,1.4066696166992188e-05,1,91
198,1.4066696166992188e-05,1,91
199,1.4066696166992188e-05,1,91
200,1.4066696166992188e-05,1,91
1,0.6896732449531555,1,92
2,0.7011752724647522,1,92
3,0.7011752724647522,1,92
4,0.7303231954574585,1,92
5,0.7303231954574585,1,92
6,0.7303231954574585,1,92
7,0.7303231954574585,1,92
8,0.8397609740495682,2,92
9,0.8397609740495682,2,92
10,0.8397609740495682,2,92
11,0.8397609740495682,2,92
12,0.8397609740495682,2,92
13,0.8606150299310684,2,92
14,0.8606150299310684,2,92
15,0.8606150299310684,2,92
16,0.8606150299310684,2,92
17,0.8606150299310684,2,92
18,0.8606150299310684,2,92
19,0.8606150299310684,2,92
20,0.8606150299310684,2,92
21,0.8606150299310684,2,92
22,0.8606150299310684,2,92
23,0.8606150299310684,2,92
24,0.8606150299310684,2,92
25,0.8606150299310684,2,92
26,0.8606150299310684,2,92
27,0.8606150299310684,2,92
28,0.8376235067844391,2,92
29,0.8378069698810577,2,92
30,0.8376656919717789,2,92
31,0.8376656174659729,2,92
32,0.8376656174659729,2,92
33,0.8488694578409195,2,92
34,0.8532885313034058,2,92
35,0.8532882183790207,2,92
36,0.8532882183790207,2,92
37,0.860583946108818,2,92
38,0.8605837970972061,2,92
39,0.8605852872133255,2,92
40,0.8605852872133255,2,92
41,0.8605852872133255,2,92
42,0.8605852872133255,2,92
43,0.8605852872133255,2,92
44,0.8605852872133255,2,92
45,0.8605852872133255,2,92
46,0.8605852872133255,2,92
47,0.8605852872133255,2,92
48,0.8605851978063583,2,92
49,0.8605851978063583,2,92
50,0.8605851978063583,2,92
51,0.8605851978063583,2,92
52,0.8605851978063583,2,92
53,0.8605851978063583,2,92
54,0.8605851978063583,2,92
55,0.8605851978063583,2,92
56,0.8605851978063583,2,92
57,0.8605851978063583,2,92
58,0.8605851978063583,2,92
59,0.8605851978063583,2,92
60,0.8605851978063583,2,92
61,0.8605851978063583,2,92
62,0.8605851978063583,2,92
63,0.8605851978063583,2,92
64,0.8605851978063583,2,92
65,0.8605851978063583,2,92
66,0.8605853319168091,2,92
67,0.8605853319168091,2,92
68,0.8609587103128433,2,92
69,0.8609587103128433,2,92
70,0.8609587103128433,2,92
71,0.8609587103128433,2,92
72,0.8609587103128433,2,92
73,0.8737272322177887,2,92
74,0.8737272322177887,2,92
75,0.8737272322177887,2,92
76,0.8737272322177887,2,92
77,0.8737272322177887,2,92
78,0.8737272322177887,2,92
79,0.8737272322177887,2,92
80,0.8737272322177887,2,92
81,0.8737272322177887,2,92
82,0.8737272322177887,2,92
83,0.8737272322177887,2,92
84,0.8737272322177887,2,92
85,0.8737272322177887,2,92
86,0.8737272322177887,2,92
87,0.8737272322177887,2,92
88,0.8737272322177887,2,92
89,0.8737272322177887,2,92
90,0.8737272322177887,2,92
91,0.8737272322177887,2,92
92,0.8737272322177887,2,92
93,0.8737272322177887,2,92
94,0.8737272322177887,2,92
95,0.8737272322177887,2,92
96,0.8737272322177887,2,92
97,0.8737272322177887,2,92
98,0.8737272322177887,2,92
99,0.8737272322177887,2,92
100,0.8737272322177887,2,92
101,0.8737272322177887,2,92
102,0.8737272322177887,2,92
103,0.8737272322177887,2,92
104,0.8737272322177887,2,92
105,0.8737272322177887,2,92
106,0.8737272322177887,2,92
107,0.8737272322177887,2,92
108,0.8737272322177887,2,92
109,0.8737272322177887,2,92
110,0.8737272322177887,2,92
111,0.8737272322177887,2,92
112,0.8737272322177887,2,92
113,0.8737272322177887,2,92
114,0.8724411129951477,2,92
115,0.8724411129951477,2,92
116,0.8724411129951477,2,92
117,0.8724411129951477,2,92
118,0.8724411129951477,2,92
119,0.8724411129951477,2,92
120,0.8724411129951477,2,92
121,0.8724411129951477,2,92
122,0.8724411129951477,2,92
123,0.8724411129951477,2,92
124,0.8724411129951477,2,92
125,0.8724411129951477,2,92
126,0.8724411129951477,2,92
127,0.8724411129951477,2,92
128,0.8724411129951477,2,92
129,0.8724411129951477,2,92
130,0.8724411129951477,2,92
131,0.8724411129951477,2,92
132,0.8724411129951477,2,92
133,0.8724411129951477,2,92
134,0.8724411129951477,2,92
135,0.8724411129951477,2,92
136,0.8724411129951477,2,92
137,0.8724411129951477,2,92
138,0.8724411129951477,2,92
139,0.8724411129951477,2,92
140,0.8724407255649567,2,92
141,0.8724407255649567,2,92
142,0.8724407255649567,2,92
143,0.8724407255649567,2,92
144,0.8724407255649567,2,92
145,0.8724407255649567,2,92
146,0.8724407255649567,2,92
147,0.8725826740264893,2,92
148,0.8725826740264893,2,92
149,0.8725826740264893,2,92
150,0.8725826740264893,2,92
151,0.8725826740264893,2,92
152,0.8725826740264893,2,92
153,0.8725826740264893,2,92
154,0.8725826740264893,2,92
155,0.8725826740264893,2,92
156,0.8725826740264893,2,92
157,0.8725826740264893,2,92
158,0.8725826740264893,2,92
159,0.8725826740264893,2,92
160,0.8725826740264893,2,92
161,0.8725826740264893,2,92
162,0.8725826740264893,2,92
163,0.8725826740264893,2,92
164,0.8725826740264893,2,92
165,0.8725826740264893,2,92
166,0.8725826740264893,2,92
167,0.8725826740264893,2,92
168,0.8725826740264893,2,92
169,0.8725826740264893,2,92
170,0.8725826740264893,2,92
171,0.8725826740264893,2,92
172,0.8725826740264893,2,92
173,0.8725826740264893,2,92
174,0.8725826740264893,2,92
175,0.8725826740264893,2,92
176,0.8725826740264893,2,92
177,0.8725826740264893,2,92
178,0.8725826740264893,2,92
179,0.8725826740264893,2,92
180,0.8725826740264893,2,92
181,0.8725827932357788,2,92
182,0.8725827932357788,2,92
183,0.8725827932357788,2,92
184,0.8725827932357788,2,92
185,0.8725827932357788,2,92
186,0.8725827932357788,2,92
187,0.8725827932357788,2,92
188,0.8725827932357788,2,92
189,0.8725827932357788,2,92
190,0.8725827932357788,2,92
191,0.8725827932357788,2,92
192,0.8725827932357788,2,92
193,0.8725827932357788,2,92
194,0.8725827932357788,2,92
195,0.8725827932357788,2,92
196,0.8725827932357788,2,92
197,0.8725827932357788,2,92
198,0.8725827932357788,2,92
199,0.8725827932357788,2,92
200,0.8725827932357788,2,92
1,0.000249326229095459,1,93
2,0.000249326229095459,1,93
3,0.000249326229095459,1,93
4,0.000249326229095459,1,93
5,0.000249326229095459,1,93
6,0.000249326229095459,1,93
7,0.000249326229095459,1,93
8,0.000249326229095459,1,93
9,0.000249326229095459,1,93
10,0.000249326229095459,1,93
11,0.000249326229095459,1,93
12,0.000249326229095459,1,93
13,0.000249326229095459,1,93
14,0.000249326229095459,1,93
15,0.000249326229095459,1,93
16,0.000249326229095459,1,93
17,0.000249326229095459,1,93
18,0.000249326229095459,1,93
19,0.000249326229095459,1,93
20,0.000249326229095459,1,93
21,0.000249326229095459,1,93
22,0.000249326229095459,1,93
23,0.000249326229095459,1,93
24,0.000249326229095459,1,93
25,0.000249326229095459,1,93
26,0.000249326229095459,1,93
27,0.000249326229095459,1,93
28,0.000249326229095459,1,93
29,0.000249326229095459,1,93
30,0.000249326229095459,1,93
31,0.000249326229095459,1,93
32,0.000249326229095459,1,93
33,0.000249326229095459,1,93
34,0.000249326229095459,1,93
35,0.000249326229095459,1,93
36,0.000249326229095459,1,93
37,0.000249326229095459,1,93
38,0.000249326229095459,1,93
39,0.000249326229095459,1,93
40,0.000249326229095459,1,93
41,0.000249326229095459,1,93
42,0.000249326229095459,1,93
43,0.000249326229095459,1,93
44,0.000249326229095459,1,93
45,0.000249326229095459,1,93
46,0.000249326229095459,1,93
47,0.000249326229095459,1,93
48,0.000249326229095459,1,93
49,0.000249326229095459,1,93
50,0.000249326229095459,1,93
51,0.000249326229095459,1,93
52,0.000249326229095459,1,93
53,0.000249326229095459,1,93
54,0.000249326229095459,1,93
55,0.000249326229095459,1,93
56,0.000249326229095459,1,93
57,0.000249326229095459,1,93
58,0.000249326229095459,1,93
59,0.000249326229095459,1,93
60,0.000249326229095459,1,93
61,0.000249326229095459,1,93
62,0.000249326229095459,1,93
63,0.000249326229095459,1,93
64,0.000249326229095459,1,93
65,0.000249326229095459,1,93
66,0.000249326229095459,1,93
67,0.000249326229095459,1,93
68,0.000249326229095459,1,93
69,0.000249326229095459,1,93
70,0.000249326229095459,1,93
71,0.000249326229095459,1,93
72,0.000249326229095459,1,93
73,0.000249326229095459,1,93
74,0.000249326229095459,1,93
75,0.000249326229095459,1,93
76,0.000249326229095459,1,93
77,0.000249326229095459,1,93
78,0.000249326229095459,1,93
79,0.000249326229095459,1,93
80,0.000249326229095459,1,93
81,0.000249326229095459,1,93
82,0.000249326229095459,1,93
83,0.000249326229095459,1,93
84,0.000249326229095459,1,93
85,0.000249326229095459,1,93
86,0.000249326229095459,1,93
87,0.000249326229095459,1,93
88,0.000249326229095459,1,93
89,0.000249326229095459,1,93
90,0.000249326229095459,1,93
91,0.000249326229095459,1,93
92,0.000249326229095459,1,93
93,0.000249326229095459,1,93
94,0.000249326229095459,1,93
95,0.000249326229095459,1,93
96,0.000249326229095459,1,93
97,0.000249326229095459,1,93
98,0.000249326229095459,1,93
99,0.000249326229095459,1,93
100,0.000249326229095459,1,93
101,0.000249326229095459,1,93
102,0.000249326229095459,1,93
103,0.000249326229095459,1,93
104,0.000249326229095459,1,93
105,0.000249326229095459,1,93
106,0.000249326229095459,1,93
107,0.000249326229095459,1,93
108,0.000249326229095459,1,93
109,0.000249326229095459,1,93
110,0.000249326229095459,1,93
111,0.000249326229095459,1,93
112,0.000249326229095459,1,93
113,0.000249326229095459,1,93
114,0.000249326229095459,1,93
115,0.000249326229095459,1,93
116,0.000249326229095459,1,93
117,0.000249326229095459,1,93
118,0.000249326229095459,1,93
119,0.000249326229095459,1,93
120,0.000249326229095459,1,93
121,0.000249326229095459,1,93
122,0.000249326229095459,1,93
123,0.000249326229095459,1,93
124,0.000249326229095459,1,93
125,0.000249326229095459,1,93
126,0.000249326229095459,1,93
127,0.000249326229095459,1,93
128,0.000249326229095459,1,93
129,0.000249326229095459,1,93
130,0.000249326229095459,1,93
131,0.000249326229095459,1,93
132,0.000249326229095459,1,93
133,0.000249326229095459,1,93
134,0.000249326229095459,1,93
135,0.000249326229095459,1,93
136,0.000249326229095459,1,93
137,0.000249326229095459,1,93
138,0.000249326229095459,1,93
139,0.000249326229095459,1,93
140,0.000249326229095459,1,93
141,0.000249326229095459,1,93
142,0.000249326229095459,1,93
143,0.000249326229095459,1,93
144,0.000249326229095459,1,93
145,0.000249326229095459,1,93
146,0.000249326229095459,1,93
147,0.000249326229095459,1,93
148,0.000249326229095459,1,93
149,0.000249326229095459,1,93
150,0.000249326229095459,1,93
151,0.000249326229095459,1,93
152,0.000249326229095459,1,93
153,0.000249326229095459,1,93
154,0.000249326229095459,1,93
155,0.000249326229095459,1,93
156,0.000249326229095459,1,93
157,0.000249326229095459,1,93
158,0.000249326229095459,1,93
159,0.000249326229095459,1,93
160,0.000249326229095459,1,93
161,0.000249326229095459,1,93
162,0.000249326229095459,1,93
163,0.000249326229095459,1,93
164,0.000249326229095459,1,93
165,0.000249326229095459,1,93
166,0.000249326229095459,1,93
167,0.000249326229095459,1,93
168,0.000249326229095459,1,93
169,0.000249326229095459,1,93
170,0.000249326229095459,1,93
171,0.000249326229095459,1,93
172,0.000249326229095459,1,93
173,0.000249326229095459,1,93
174,0.000249326229095459,1,93
175,0.000249326229095459,1,93
176,0.000249326229095459,1,93
177,0.000249326229095459,1,93
178,0.000249326229095459,1,93
179,0.000249326229095459,1,93
180,0.000249326229095459,1,93
181,0.000249326229095459,1,93
182,0.000249326229095459,1,93
183,0.000249326229095459,1,93
184,0.000249326229095459,1,93
185,0.000249326229095459,1,93
186,0.000249326229095459,1,93
187,0.000249326229095459,1,93
188,0.000249326229095459,1,93
189,0.000249326229095459,1,93
190,0.000249326229095459,1,93
191,0.000249326229095459,1,93
192,0.000249326229095459,1,93
193,0.000249326229095459,1,93
194,0.000249326229095459,1,93
195,0.000249326229095459,1,93
196,0.000249326229095459,1,93
197,0.000249326229095459,1,93
198,0.000249326229095459,1,93
199,0.000249326229095459,1,93
200,0.000249326229095459,1,93
1,0.0061571598052978516,1,94
2,0.0061571598052978516,1,94
3,0.0061571598052978516,1,94
4,0.0061571598052978516,1,94
5,0.0061571598052978516,1,94
6,0.0061571598052978516,1,94
7,0.0061571598052978516,1,94
8,0.0061571598052978516,1,94
9,0.0061571598052978516,1,94
10,0.0061571598052978516,1,94
11,0.006157279014587402,1,94
12,0.006157279014587402,1,94
13,0.006157279014587402,1,94
14,0.006157279014587402,1,94
15,0.006157279014587402,1,94
16,0.006157279014587402,1,94
17,0.006157279014587402,1,94
18,0.006157279014587402,1,94
19,0.006157279014587402,1,94
20,0.006157279014587402,1,94
21,0.006157279014587402,1,94
22,0.006157279014587402,1,94
23,0.006157279014587402,1,94
24,0.006157279014587402,1,94
25,0.006157279014587402,1,94
26,0.006157279014587402,1,94
27,0.006157279014587402,1,94
28,0.006157279014587402,1,94
29,0.006157279014587402,1,94
30,0.006157279014587402,1,94
31,0.006157279014587402,1,94
32,0.006157279014587402,1,94
33,0.006157279014587402,1,94
34,0.006157279014587402,1,94
35,0.006157279014587402,1,94
36,0.006157279014587402,1,94
37,0.006157279014587402,1,94
38,0.006157279014587402,1,94
39,0.006157279014587402,1,94
40,0.006157279014587402,1,94
41,0.006157279014587402,1,94
42,0.006157279014587402,1,94
43,0.006157279014587402,1,94
44,0.006157279014587402,1,94
45,0.006157279014587402,1,94
46,0.006157279014587402,1,94
47,0.006157279014587402,1,94
48,0.006157279014587402,1,94
49,0.006157279014587402,1,94
50,0.006157279014587402,1,94
51,0.006157279014587402,1,94
52,0.006157279014587402,1,94
53,0.006157279014587402,1,94
54,0.006157279014587402,1,94
55,0.006157279014587402,1,94
56,0.006157279014587402,1,94
57,0.006157279014587402,1,94
58,0.006157279014587402,1,94
59,0.006157279014587402,1,94
60,0.006157279014587402,1,94
61,0.006157279014587402,1,94
62,0.006157279014587402,1,94
63,0.006157279014587402,1,94
64,0.006157279014587402,1,94
65,0.006157279014587402,1,94
66,0.006157279014587402,1,94
67,0.006157279014587402,1,94
68,0.006157279014587402,1,94
69,0.006157279014587402,1,94
70,0.006157279014587402,1,94
71,0.006157279014587402,1,94
72,0.006157279014587402,1,94
73,0.006157279014587402,1,94
74,0.006157279014587402,1,94
75,0.006157279014587402,1,94
76,0.006157279014587402,1,94
77,0.006157279014587402,1,94
78,0.006157279014587402,1,94
79,0.006157279014587402,1,94
80,0.006157279014587402,1,94
81,0.006157279014587402,1,94
82,0.006157279014587402,1,94
83,0.006157279014587402,1,94
84,0.006157279014587402,1,94
85,0.006157279014587402,1,94
86,0.006157279014587402,1,94
87,0.006157279014587402,1,94
88,0.006157279014587402,1,94
89,0.006157279014587402,1,94
90,0.006157279014587402,1,94
91,0.006157279014587402,1,94
92,0.006157279014587402,1,94
93,0.006157279014587402,1,94
94,0.006157279014587402,1,94
95,0.006157279014587402,1,94
96,0.006157279014587402,1,94
97,0.006157279014587402,1,94
98,0.006157279014587402,1,94
99,0.006157279014587402,1,94
100,0.006157279014587402,1,94
101,0.006157279014587402,1,94
102,0.006157279014587402,1,94
103,0.006157279014587402,1,94
104,0.006157279014587402,1,94
105,0.006157279014587402,1,94
106,0.006157279014587402,1,94
107,0.006157279014587402,1,94
108,0.006157279014587402,1,94
109,0.006157279014587402,1,94
110,0.006157279014587402,1,94
111,0.006157279014587402,1,94
112,0.006157279014587402,1,94
113,0.006157279014587402,1,94
114,0.006157279014587402,1,94
115,0.006157279014587402,1,94
116,0.006157279014587402,1,94
117,0.006157279014587402,1,94
118,0.006157279014587402,1,94
119,0.006157279014587402,1,94
120,0.006157279014587402,1,94
121,0.006157279014587402,1,94
122,0.006157279014587402,1,94
123,0.006157279014587402,1,94
124,0.006157279014587402,1,94
125,0.006157279014587402,1,94
126,0.006157279014587402,1,94
127,0.006157279014587402,1,94
128,0.006157279014587402,1,94
129,0.006157279014587402,1,94
130,0.006157279014587402,1,94
131,0.006157279014587402,1,94
132,0.006157279014587402,1,94
133,0.006157279014587402,1,94
134,0.006157279014587402,1,94
135,0.006157279014587402,1,94
136,0.006157279014587402,1,94
137,0.006157279014587402,1,94
138,0.006157279014587402,1,94
139,0.006157279014587402,1,94
140,0.006157279014587402,1,94
141,0.006157279014587402,1,94
142,0.006157279014587402,1,94
143,0.006157279014587402,1,94
144,0.006157279014587402,1,94
145,0.006157279014587402,1,94
146,0.006157279014587402,1,94
147,0.006157279014587402,1,94
148,0.006157279014587402,1,94
149,0.006157279014587402,1,94
150,0.006157279014587402,1,94
151,0.006157279014587402,1,94
152,0.006157279014587402,1,94
153,0.006157279014587402,1,94
154,0.006157279014587402,1,94
155,0.006157279014587402,1,94
156,0.006157279014587402,1,94
157,0.006157279014587402,1,94
158,0.006157279014587402,1,94
159,0.006157279014587402,1,94
160,0.006157279014587402,1,94
161,0.006157279014587402,1,94
162,0.006157279014587402,1,94
163,0.006157279014587402,1,94
164,0.006157279014587402,1,94
165,0.006157279014587402,1,94
166,0.006157279014587402,1,94
167,0.006157279014587402,1,94
168,0.006157279014587402,1,94
169,0.006157279014587402,1,94
170,0.006157279014587402,1,94
171,0.006157279014587402,1,94
172,0.006157279014587402,1,94
173,0.006157279014587402,1,94
174,0.006157279014587402,1,94
175,0.006157279014587402,1,94
176,0.006157279014587402,1,94
177,0.006157279014587402,1,94
178,0.006157279014587402,1,94
179,0.006157279014587402,1,94
180,0.006157279014587402,1,94
181,0.006157279014587402,1,94
182,0.006157279014587402,1,94
183,0.006157279014587402,1,94
184,0.006157279014587402,1,94
185,0.006157279014587402,1,94
186,0.006157279014587402,1,94
187,0.006157279014587402,1,94
188,0.006157279014587402,1,94
189,0.006157279014587402,1,94
190,0.006157279014587402,1,94
191,0.006157279014587402,1,94
192,0.006157279014587402,1,94
193,0.006157279014587402,1,94
194,0.006157279014587402,1,94
195,0.006157279014587402,1,94
196,0.006157279014587402,1,94
197,0.006157279014587402,1,94
198,0.006157279014587402,1,94
199,0.006157279014587402,1,94
200,0.006157279014587402,1,94
1,0.0008926987648010254,1,95
2,0.0008926987648010254,1,95
3,0.0008928179740905762,1,95
4,0.0008922219276428223,1,95
5,0.000892937183380127,1,95
6,0.000892937183380127,1,95
7,0.0008928179740905762,1,95
8,0.0008928179740905762,1,95
9,0.0008928179740905762,1,95
10,0.0008928179740905762,1,95
11,0.0008928179740905762,1,95
12,0.0008928179740905762,1,95
13,0.0008928179740905762,1,95
14,0.0008928179740905762,1,95
15,0.0008928179740905762,1,95
16,0.0008928179740905762,1,95
17,0.0008928179740905762,1,95
18,0.0008928179740905762,1,95
19,0.0008928179740905762,1,95
20,0.0008928179740905762,1,95
21,0.0008928179740905762,1,95
22,0.0008928179740905762,1,95
23,0.0008928179740905762,1,95
24,0.0008928179740905762,1,95
25,0.0008928179740905762,1,95
26,0.0008928179740905762,1,95
27,0.0008928179740905762,1,95
28,0.0008928179740905762,1,95
29,0.0008928179740905762,1,95
30,0.0008928179740905762,1,95
31,0.0008928179740905762,1,95
32,0.0008928179740905762,1,95
33,0.0008928179740905762,1,95
34,0.0008928179740905762,1,95
35,0.0008928179740905762,1,95
36,0.0008928179740905762,1,95
37,0.0008928179740905762,1,95
38,0.0008928179740905762,1,95
39,0.0008928179740905762,1,95
40,0.0008928179740905762,1,95
41,0.0008928179740905762,1,95
42,0.0008928179740905762,1,95
43,0.0008928179740905762,1,95
44,0.0008928179740905762,1,95
45,0.0008928179740905762,1,95
46,0.0008928179740905762,1,95
47,0.0008928179740905762,1,95
48,0.0008928179740905762,1,95
49,0.0008928179740905762,1,95
50,0.0008928179740905762,1,95
51,0.0008928179740905762,1,95
52,0.0008928179740905762,1,95
53,0.0008928179740905762,1,95
54,0.0008928179740905762,1,95
55,0.0008928179740905762,1,95
56,0.0008928179740905762,1,95
57,0.0008928179740905762,1,95
58,0.0008928179740905762,1,95
59,0.0008928179740905762,1,95
60,0.0008928179740905762,1,95
61,0.0008928179740905762,1,95
62,0.0008928179740905762,1,95
63,0.0008928179740905762,1,95
64,0.0008928179740905762,1,95
65,0.0008928179740905762,1,95
66,0.0008928179740905762,1,95
67,0.0008928179740905762,1,95
68,0.0008928179740905762,1,95
69,0.0008928179740905762,1,95
70,0.0008928179740905762,1,95
71,0.0008928179740905762,1,95
72,0.0008928179740905762,1,95
73,0.0008928179740905762,1,95
74,0.0008928179740905762,1,95
75,0.0008928179740905762,1,95
76,0.0008928179740905762,1,95
77,0.0008928179740905762,1,95
78,0.0008928179740905762,1,95
79,0.0008928179740905762,1,95
80,0.0008928179740905762,1,95
81,0.0008928179740905762,1,95
82,0.0008928179740905762,1,95
83,0.0008928179740905762,1,95
84,0.0008928179740905762,1,95
85,0.0008928179740905762,1,95
86,0.0008928179740905762,1,95
87,0.0008928179740905762,1,95
88,0.0008928179740905762,1,95
89,0.0008928179740905762,1,95
90,0.0008928179740905762,1,95
91,0.0008928179740905762,1,95
92,0.0008928179740905762,1,95
93,0.0008928179740905762,1,95
94,0.0008928179740905762,1,95
95,0.0008928179740905762,1,95
96,0.0008928179740905762,1,95
97,0.0008928179740905762,1,95
98,0.0008928179740905762,1,95
99,0.0008928179740905762,1,95
100,0.0008928179740905762,1,95
101,0.0008928179740905762,1,95
102,0.0008928179740905762,1,95
103,0.0008928179740905762,1,95
104,0.0008928179740905762,1,95
105,0.0008928179740905762,1,95
106,0.0008928179740905762,1,95
107,0.0008928179740905762,1,95
108,0.0008928179740905762,1,95
109,0.0008928179740905762,1,95
110,0.0008928179740905762,1,95
111,0.0008928179740905762,1,95
112,0.0008928179740905762,1,95
113,0.0008928179740905762,1,95
114,0.0008928179740905762,1,95
115,0.0008928179740905762,1,95
116,0.0008928179740905762,1,95
117,0.0008928179740905762,1,95
118,0.0008928179740905762,1,95
119,0.0008928179740905762,1,95
120,0.0008928179740905762,1,95
121,0.0008928179740905762,1,95
122,0.0008928179740905762,1,95
123,0.0008928179740905762,1,95
124,0.0008928179740905762,1,95
125,0.0008928179740905762,1,95
126,0.0008928179740905762,1,95
127,0.0008928179740905762,1,95
128,0.0008928179740905762,1,95
129,0.0008928179740905762,1,95
130,0.0008928179740905762,1,95
131,0.0008928179740905762,1,95
132,0.0008928179740905762,1,95
133,0.0008928179740905762,1,95
134,0.0008928179740905762,1,95
135,0.0008928179740905762,1,95
136,0.0008928179740905762,1,95
137,0.0008928179740905762,1,95
138,0.0008928179740905762,1,95
139,0.0008928179740905762,1,95
140,0.0008928179740905762,1,95
141,0.0008928179740905762,1,95
142,0.0008928179740905762,1,95
143,0.0008928179740905762,1,95
144,0.0008928179740905762,1,95
145,0.0008928179740905762,1,95
146,0.0008928179740905762,1,95
147,0.0008928179740905762,1,95
148,0.0008928179740905762,1,95
149,0.0008928179740905762,1,95
150,0.0008928179740905762,1,95
151,0.0008928179740905762,1,95
152,0.0008928179740905762,1,95
153,0.0008928179740905762,1,95
154,0.0008928179740905762,1,95
155,0.0008928179740905762,1,95
156,0.0008928179740905762,1,95
157,0.0008928179740905762,1,95
158,0.0008928179740905762,1,95
159,0.0008928179740905762,1,95
160,0.0008928179740905762,1,95
161,0.0008928179740905762,1,95
162,0.0008928179740905762,1,95
163,0.0008928179740905762,1,95
164,0.0008928179740905762,1,95
165,0.0008928179740905762,1,95
166,0.0008928179740905762,1,95
167,0.0008928179740905762,1,95
168,0.0008928179740905762,1,95
169,0.0008928179740905762,1,95
170,0.0008928179740905762,1,95
171,0.0008928179740905762,1,95
172,0.0008928179740905762,1,95
173,0.0008928179740905762,1,95
174,0.0008928179740905762,1,95
175,0.0008928179740905762,1,95
176,0.0008928179740905762,1,95
177,0.0008928179740905762,1,95
178,0.0008928179740905762,1,95
179,0.0008928179740905762,1,95
180,0.0008928179740905762,1,95
181,0.0008928179740905762,1,95
182,0.0008928179740905762,1,95
183,0.0008928179740905762,1,95
184,0.0008928179740905762,1,95
185,0.0008928179740905762,1,95
186,0.0008928179740905762,1,95
187,0.0008928179740905762,1,95
188,0.0008928179740905762,1,95
189,0.0008928179740905762,1,95
190,0.0008928179740905762,1,95
191,0.0008928179740905762,1,95
192,0.0008928179740905762,1,95
193,0.0008928179740905762,1,95
194,0.0008928179740905762,1,95
195,0.0008928179740905762,1,95
196,0.0008928179740905762,1,95
197,0.0008928179740905762,1,95
198,0.0008928179740905762,1,95
199,0.0008928179740905762,1,95
200,0.0008928179740905762,1,95
1,0.9999818326577952,1,96
2,0.9999818044125277,1,96
3,0.9999818044125277,1,96
4,0.9999818044125277,1,96
5,0.9999818044125277,1,96
6,0.9999818461146788,1,96
7,0.9999818312899151,1,96
8,0.9999818312899151,1,96
9,0.9999818312899151,1,96
10,0.9999818301803316,1,96
11,0.999981830804245,1,96
12,0.999981830804245,1,96
13,0.999981830804245,1,96
14,0.9999818307860551,1,96
15,0.9999818307860551,1,96
16,0.9999818307860551,1,96
17,0.9999818307514943,1,96
18,0.9999818307514943,1,96
19,0.9999818307514943,1,96
20,0.9999818307514943,1,96
21,0.9999818307514943,1,96
22,0.9999818307514943,1,96
23,0.9999818307514943,1,96
24,0.9999818307514943,1,96
25,0.9999818307514943,1,96
26,0.9999818307514943,1,96
27,0.9999818307514943,1,96
28,0.9999818307514943,1,96
29,0.9999818307514943,1,96
30,0.9999818307514943,1,96
31,0.9999818307514943,1,96
32,0.9999818307514943,1,96
33,0.9999818307514943,1,96
34,0.9999818307514943,1,96
35,0.9999818307514943,1,96
36,0.9999818307514943,1,96
37,0.9999818307514943,1,96
38,0.9999818307514943,1,96
39,0.9999818307514943,1,96
40,0.9999818307514943,1,96
41,0.9999818307514943,1,96
42,0.9999818307514943,1,96
43,0.9999818307514943,1,96
44,0.9999818307514943,1,96
45,0.9999818307514943,1,96
46,0.9999818307514943,1,96
47,0.9999818307514943,1,96
48,0.9999818307514943,1,96
49,0.9999818307514943,1,96
50,0.9999818307514943,1,96
51,0.9999818307514943,1,96
52,0.9999818307514943,1,96
53,0.9999818307514943,1,96
54,0.9999818307514943,1,96
55,0.9999818307514943,1,96
56,0.9999818307514943,1,96
57,0.9999818307514943,1,96
58,0.9999818307514943,1,96
59,0.9999818307514943,1,96
60,0.9999818307514943,1,96
61,0.9999818307514943,1,96
62,0.9999818307514943,1,96
63,0.9999818307514943,1,96
64,0.9999818307514943,1,96
65,0.9999818307514943,1,96
66,0.9999818307514943,1,96
67,0.9999818307514943,1,96
68,0.9999818307514943,1,96
69,0.9999818307514943,1,96
70,0.9999818307514943,1,96
71,0.9999818307514943,1,96
72,0.9999818307514943,1,96
73,0.9999818307514943,1,96
74,0.9999818307514943,1,96
75,0.9999818307514943,1,96
76,0.9999818307514943,1,96
77,0.9999818307514943,1,96
78,0.9999818307514943,1,96
79,0.9999818307514943,1,96
80,0.9999818307514943,1,96
81,0.9999818307514943,1,96
82,0.9999818307514943,1,96
83,0.9999818307514943,1,96
84,0.9999818307514943,1,96
85,0.9999818307514943,1,96
86,0.9999818307514943,1,96
87,0.9999818307514943,1,96
88,0.9999818307514943,1,96
89,0.9999818307514943,1,96
90,0.9999818307514943,1,96
91,0.9999818307514943,1,96
92,0.9999818307514943,1,96
93,0.9999818307514943,1,96
94,0.9999818307514943,1,96
95,0.9999818307514943,1,96
96,0.9999818307514943,1,96
97,0.9999818307514943,1,96
98,0.9999818307514943,1,96
99,0.9999818307514943,1,96
100,0.9999818307514943,1,96
101,0.9999818307514943,1,96
102,0.9999818307514943,1,96
103,0.9999818307514943,1,96
104,0.9999818307514943,1,96
105,0.9999818307514943,1,96
106,0.9999818307514943,1,96
107,0.9999818307514943,1,96
108,0.9999818307514943,1,96
109,0.9999818307514943,1,96
110,0.9999818307514943,1,96
111,0.9999818307514943,1,96
112,0.9999818307514943,1,96
113,0.9999818307514943,1,96
114,0.9999818307514943,1,96
115,0.9999818307514943,1,96
116,0.9999818307514943,1,96
117,0.9999818307514943,1,96
118,0.9999818307514943,1,96
119,0.9999818307514943,1,96
120,0.9999818307514943,1,96
121,0.9999818307514943,1,96
122,0.9999818307514943,1,96
123,0.9999818307514943,1,96
124,0.9999818307514943,1,96
125,0.9999818307514943,1,96
126,0.9999818307514943,1,96
127,0.9999818307514943,1,96
128,0.9999818307514943,1,96
129,0.9999818307514943,1,96
130,0.9999818307514943,1,96
131,0.9999818307514943,1,96
132,0.9999818307514943,1,96
133,0.9999818307514943,1,96
134,0.9999818307514943,1,96
135,0.9999818307514943,1,96
136,0.9999818307514943,1,96
137,0.9999818307514943,1,96
138,0.9999818307514943,1,96
139,0.9999818307514943,1,96
140,0.9999818307514943,1,96
141,0.9999818307514943,1,96
142,0.9999818307514943,1,96
143,0.9999818307514943,1,96
144,0.9999818307514943,1,96
145,0.9999818307514943,1,96
146,0.9999818307514943,1,96
147,0.9999818307514943,1,96
148,0.9999818307514943,1,96
149,0.9999818307514943,1,96
150,0.9999818307514943,1,96
151,0.9999818307514943,1,96
152,0.9999818307514943,1,96
153,0.9999818307514943,1,96
154,0.9999818307514943,1,96
155,0.9999818307514943,1,96
156,0.9999818307514943,1,96
157,0.9999818307514943,1,96
158,0.9999818307514943,1,96
159,0.9999818307514943,1,96
160,0.9999818307514943,1,96
161,0.9999818307514943,1,96
162,0.9999818307514943,1,96
163,0.9999818307514943,1,96
164,0.9999818307514943,1,96
165,0.9999818307514943,1,96
166,0.9999818307514943,1,96
167,0.9999818307514943,1,96
168,0.9999818307514943,1,96
169,0.9999818307514943,1,96
170,0.9999818307514943,1,96
171,0.9999818307514943,1,96
172,0.9999818307514943,1,96
173,0.9999818307514943,1,96
174,0.9999818307514943,1,96
175,0.9999818307514943,1,96
176,0.9999818307514943,1,96
177,0.9999818307514943,1,96
178,0.9999818307514943,1,96
179,0.9999818307514943,1,96
180,0.9999818307514943,1,96
181,0.9999818307514943,1,96
182,0.9999818307514943,1,96
183,0.9999818307514943,1,96
184,0.9999818307514943,1,96
185,0.9999818307514943,1,96
186,0.9999818307514943,1,96
187,0.9999818307514943,1,96
188,0.9999818307514943,1,96
189,0.9999818307514943,1,96
190,0.9999818307514943,1,96
191,0.9999818307514943,1,96
192,0.9999818307514943,1,96
193,0.9999818307514943,1,96
194,0.9999818307514943,1,96
195,0.9999818307514943,1,96
196,0.9999818307514943,1,96
197,0.9999818307514943,1,96
198,0.9999818307514943,1,96
199,0.9999818307514943,1,96
200,0.9999818307514943,1,96
1,0.0059853196144104,1,97
2,0.0059853196144104,1,97
3,0.0059853196144104,1,97
4,0.0059853196144104,1,97
5,0.0059853196144104,1,97
6,0.0059853196144104,1,97
7,0.0059853196144104,1,97
8,0.0059853196144104,1,97
9,0.0059853196144104,1,97
10,0.0059853196144104,1,97
11,0.0059853196144104,1,97
12,0.0059853196144104,1,97
13,0.0059853196144104,1,97
14,0.0059853196144104,1,97
15,0.0059853196144104,1,97
16,0.0059853196144104,1,97
17,0.0059853196144104,1,97
18,0.0059853196144104,1,97
19,0.0059853196144104,1,97
20,0.0059853196144104,1,97
21,0.0059853196144104,1,97
22,0.0059853196144104,1,97
23,0.0059853196144104,1,97
24,0.0059853196144104,1,97
25,0.0059853196144104,1,97
26,0.0059853196144104,1,97
27,0.0059853196144104,1,97
28,0.0059853196144104,1,97
29,0.0059853196144104,1,97
30,0.0059853196144104,1,97
31,0.0059853196144104,1,97
32,0.0059853196144104,1,97
33,0.0059853196144104,1,97
34,0.0059853196144104,1,97
35,0.0059853196144104,1,97
36,0.0059853196144104,1,97
37,0.0059853196144104,1,97
38,0.0059853196144104,1,97
39,0.0059853196144104,1,97
40,0.0059853196144104,1,97
41,0.0059853196144104,1,97
42,0.0059853196144104,1,97
43,0.0059853196144104,1,97
44,0.0059853196144104,1,97
45,0.0059853196144104,1,97
46,0.0059853196144104,1,97
47,0.0059853196144104,1,97
48,0.0059853196144104,1,97
49,0.0059853196144104,1,97
50,0.0059853196144104,1,97
51,0.0059853196144104,1,97
52,0.0059853196144104,1,97
53,0.0059853196144104,1,97
54,0.0059853196144104,1,97
55,0.0059853196144104,1,97
56,0.0059853196144104,1,97
57,0.0059853196144104,1,97
58,0.0059853196144104,1,97
59,0.0059853196144104,1,97
60,0.0059853196144104,1,97
61,0.0059853196144104,1,97
62,0.0059853196144104,1,97
63,0.0059853196144104,1,97
64,0.0059853196144104,1,97
65,0.0059853196144104,1,97
66,0.0059853196144104,1,97
67,0.0059853196144104,1,97
68,0.0059853196144104,1,97
69,0.0059853196144104,1,97
70,0.0059853196144104,1,97
71,0.0059853196144104,1,97
72,0.0059853196144104,1,97
73,0.0059853196144104,1,97
74,0.0059853196144104,1,97
75,0.0059853196144104,1,97
76,0.0059853196144104,1,97
77,0.0059853196144104,1,97
78,0.0059853196144104,1,97
79,0.0059853196144104,1,97
80,0.0059853196144104,1,97
81,0.0059853196144104,1,97
82,0.0059853196144104,1,97
83,0.0059853196144104,1,97
84,0.0059853196144104,1,97
85,0.0059853196144104,1,97
86,0.0059853196144104,1,97
87,0.0059853196144104,1,97
88,0.0059853196144104,1,97
89,0.0059853196144104,1,97
90,0.0059853196144104,1,97
91,0.0059853196144104,1,97
92,0.0059853196144104,1,97
93,0.0059853196144104,1,97
94,0.0059853196144104,1,97
95,0.0059853196144104,1,97
96,0.0059853196144104,1,97
97,0.0059853196144104,1,97
98,0.0059853196144104,1,97
99,0.0059853196144104,1,97
100,0.0059853196144104,1,97
101,0.0059853196144104,1,97
102,0.0059853196144104,1,97
103,0.0059853196144104,1,97
104,0.0059853196144104,1,97
105,0.0059853196144104,1,97
106,0.0059853196144104,1,97
107,0.0059853196144104,1,97
108,0.0059853196144104,1,97
109,0.0059853196144104,1,97
110,0.0059853196144104,1,97
111,0.0059853196144104,1,97
112,0.0059853196144104,1,97
113,0.0059853196144104,1,97
114,0.0059853196144104,1,97
115,0.0059853196144104,1,97
116,0.0059853196144104,1,97
117,0.0059853196144104,1,97
118,0.0059853196144104,1,97
119,0.0059853196144104,1,97
120,0.0059853196144104,1,97
121,0.0059853196144104,1,97
122,0.0059853196144104,1,97
123,0.0059853196144104,1,97
124,0.0059853196144104,1,97
125,0.0059853196144104,1,97
126,0.0059853196144104,1,97
127,0.0059853196144104,1,97
128,0.0059853196144104,1,97
129,0.0059853196144104,1,97
130,0.0059853196144104,1,97
131,0.0059853196144104,1,97
132,0.0059853196144104,1,97
133,0.0059853196144104,1,97
134,0.0059853196144104,1,97
135,0.0059853196144104,1,97
136,0.0059853196144104,1,97
137,0.0059853196144104,1,97
138,0.0059853196144104,1,97
139,0.0059853196144104,1,97
140,0.0059853196144104,1,97
141,0.0059853196144104,1,97
142,0.0059853196144104,1,97
143,0.0059853196144104,1,97
144,0.0059853196144104,1,97
145,0.0059853196144104,1,97
146,0.0059853196144104,1,97
147,0.0059853196144104,1,97
148,0.0059853196144104,1,97
149,0.0059853196144104,1,97
150,0.0059853196144104,1,97
151,0.0059853196144104,1,97
152,0.0059853196144104,1,97
153,0.0059853196144104,1,97
154,0.0059853196144104,1,97
155,0.0059853196144104,1,97
156,0.0059853196144104,1,97
157,0.0059853196144104,1,97
158,0.0059853196144104,1,97
159,0.0059853196144104,1,97
160,0.0059853196144104,1,97
161,0.0059853196144104,1,97
162,0.0059853196144104,1,97
163,0.0059853196144104,1,97
164,0.0059853196144104,1,97
165,0.0059853196144104,1,97
166,0.0059853196144104,1,97
167,0.0059853196144104,1,97
168,0.0059853196144104,1,97
169,0.0059853196144104,1,97
170,0.0059853196144104,1,97
171,0.0059853196144104,1,97
172,0.0059853196144104,1,97
173,0.0059853196144104,1,97
174,0.0059853196144104,1,97
175,0.0059853196144104,1,97
176,0.0059853196144104,1,97
177,0.0059853196144104,1,97
178,0.0059853196144104,1,97
179,0.0059853196144104,1,97
180,0.0059853196144104,1,97
181,0.0059853196144104,1,97
182,0.0059853196144104,1,97
183,0.0059853196144104,1,97
184,0.0059853196144104,1,97
185,0.0059853196144104,1,97
186,0.0059853196144104,1,97
187,0.0059853196144104,1,97
188,0.0059853196144104,1,97
189,0.0059853196144104,1,97
190,0.0059853196144104,1,97
191,0.0059853196144104,1,97
192,0.0059853196144104,1,97
193,0.0059853196144104,1,97
194,0.0059853196144104,1,97
195,0.0059853196144104,1,97
196,0.0059853196144104,1,97
197,0.0059853196144104,1,97
198,0.0059853196144104,1,97
199,0.0059853196144104,1,97
200,0.0059853196144104,1,97
1,0.00014019012451171875,1,98
2,0.00014019012451171875,1,98
3,0.00014019012451171875,1,98
4,0.00014019012451171875,1,98
5,0.00014019012451171875,1,98
6,0.00014019012451171875,1,98
7,0.00014019012451171875,1,98
8,0.00014019012451171875,1,98
9,0.00014019012451171875,1,98
10,0.00014019012451171875,1,98
11,0.00014019012451171875,1,98
12,0.00014019012451171875,1,98
13,0.00014019012451171875,1,98
14,0.00014019012451171875,1,98
15,0.00014019012451171875,1,98
16,0.00014019012451171875,1,98
17,0.00014019012451171875,1,98
18,0.00014019012451171875,1,98
19,0.00014019012451171875,1,98
20,0.00014019012451171875,1,98
21,0.00014019012451171875,1,98
22,0.00014019012451171875,1,98
23,0.00014019012451171875,1,98
24,0.00014019012451171875,1,98
25,0.00014019012451171875,1,98
26,0.00014019012451171875,1,98
27,0.00014019012451171875,1,98
28,0.00014019012451171875,1,98
29,0.00014019012451171875,1,98
30,0.00014019012451171875,1,98
31,0.00014019012451171875,1,98
32,0.00014019012451171875,1,98
33,0.00014019012451171875,1,98
34,0.00014019012451171875,1,98
35,0.00014019012451171875,1,98
36,0.00014019012451171875,1,98
37,0.00014019012451171875,1,98
38,0.00014019012451171875,1,98
39,0.00014019012451171875,1,98
40,0.00014019012451171875,1,98
41,0.00014019012451171875,1,98
42,0.00014019012451171875,1,98
43,0.00014019012451171875,1,98
44,0.00014019012451171875,1,98
45,0.00014019012451171875,1,98
46,0.00014019012451171875,1,98
47,0.00014019012451171875,1,98
48,0.00014019012451171875,1,98
49,0.00014019012451171875,1,98
50,0.00014019012451171875,1,98
51,0.00014019012451171875,1,98
52,0.00014019012451171875,1,98
53,0.00014019012451171875,1,98
54,0.00014019012451171875,1,98
55,0.00014019012451171875,1,98
56,0.00014019012451171875,1,98
57,0.00014019012451171875,1,98
58,0.00014019012451171875,1,98
59,0.00014019012451171875,1,98
60,0.00014019012451171875,1,98
61,0.00014019012451171875,1,98
62,0.00014019012451171875,1,98
63,0.00014019012451171875,1,98
64,0.00014019012451171875,1,98
65,0.00014019012451171875,1,98
66,0.00014019012451171875,1,98
67,0.00014019012451171875,1,98
68,0.00014019012451171875,1,98
69,0.00014019012451171875,1,98
70,0.00014019012451171875,1,98
71,0.00014019012451171875,1,98
72,0.00014019012451171875,1,98
73,0.00014019012451171875,1,98
74,0.00014019012451171875,1,98
75,0.00014019012451171875,1,98
76,0.00014019012451171875,1,98
77,0.00014019012451171875,1,98
78,0.00014019012451171875,1,98
79,0.00014019012451171875,1,98
80,0.00014019012451171875,1,98
81,0.00014019012451171875,1,98
82,0.00014019012451171875,1,98
83,0.00014019012451171875,1,98
84,0.00014019012451171875,1,98
85,0.00014019012451171875,1,98
86,0.00014019012451171875,1,98
87,0.00014019012451171875,1,98
88,0.00014019012451171875,1,98
89,0.00014019012451171875,1,98
90,0.00014019012451171875,1,98
91,0.00014019012451171875,1,98
92,0.00014019012451171875,1,98
93,0.00014019012451171875,1,98
94,0.00014019012451171875,1,98
95,0.00014019012451171875,1,98
96,0.00014019012451171875,1,98
97,0.00014019012451171875,1,98
98,0.00014019012451171875,1,98
99,0.00014019012451171875,1,98
100,0.00014019012451171875,1,98
101,0.00014019012451171875,1,98
102,0.00014019012451171875,1,98
103,0.00014019012451171875,1,98
104,0.00014019012451171875,1,98
105,0.00014019012451171875,1,98
106,0.00014019012451171875,1,98
107,0.00014019012451171875,1,98
108,0.00014019012451171875,1,98
109,0.00014019012451171875,1,98
110,0.00014019012451171875,1,98
111,0.00014019012451171875,1,98
112,0.00014019012451171875,1,98
113,0.00014019012451171875,1,98
114,0.00014019012451171875,1,98
115,0.00014019012451171875,1,98
116,0.00014019012451171875,1,98
117,0.00014019012451171875,1,98
118,0.00014019012451171875,1,98
119,0.00014019012451171875,1,98
120,0.00014019012451171875,1,98
121,0.00014019012451171875,1,98
122,0.00014019012451171875,1,98
123,0.00014019012451171875,1,98
124,0.00014019012451171875,1,98
125,0.00014019012451171875,1,98
126,0.00014019012451171875,1,98
127,0.00014019012451171875,1,98
128,0.00014019012451171875,1,98
129,0.00014019012451171875,1,98
130,0.00014019012451171875,1,98
131,0.00014019012451171875,1,98
132,0.00014019012451171875,1,98
133,0.00014019012451171875,1,98
134,0.00014019012451171875,1,98
135,0.00014019012451171875,1,98
136,0.00014019012451171875,1,98
137,0.00014019012451171875,1,98
138,0.00014019012451171875,1,98
139,0.00014019012451171875,1,98
140,0.00014019012451171875,1,98
141,0.00014019012451171875,1,98
142,0.00014019012451171875,1,98
143,0.00014019012451171875,1,98
144,0.00014019012451171875,1,98
145,0.00014019012451171875,1,98
146,0.00014019012451171875,1,98
147,0.00014019012451171875,1,98
148,0.00014019012451171875,1,98
149,0.00014019012451171875,1,98
150,0.00014019012451171875,1,98
151,0.00014019012451171875,1,98
152,0.00014019012451171875,1,98
153,0.00014019012451171875,1,98
154,0.00014019012451171875,1,98
155,0.00014019012451171875,1,98
156,0.00014019012451171875,1,98
157,0.00014019012451171875,1,98
158,0.00014019012451171875,1,98
159,0.00014019012451171875,1,98
160,0.00014019012451171875,1,98
161,0.00014019012451171875,1,98
162,0.00014019012451171875,1,98
163,0.00014019012451171875,1,98
164,0.00014019012451171875,1,98
165,0.00014019012451171875,1,98
166,0.00014019012451171875,1,98
167,0.00014019012451171875,1,98
168,0.00014019012451171875,1,98
169,0.00014019012451171875,1,98
170,0.00014019012451171875,1,98
171,0.00014019012451171875,1,98
172,0.00014019012451171875,1,98
173,0.00014019012451171875,1,98
174,0.00014019012451171875,1,98
175,0.00014019012451171875,1,98
176,0.00014019012451171875,1,98
177,0.00014019012451171875,1,98
178,0.00014019012451171875,1,98
179,0.00014019012451171875,1,98
180,0.00014019012451171875,1,98
181,0.00014019012451171875,1,98
182,0.00014019012451171875,1,98
183,0.00014019012451171875,1,98
184,0.00014019012451171875,1,98
185,0.00014019012451171875,1,98
186,0.00014019012451171875,1,98
187,0.00014019012451171875,1,98
188,0.00014019012451171875,1,98
189,0.00014019012451171875,1,98
190,0.00014019012451171875,1,98
191,0.00014019012451171875,1,98
192,0.00014019012451171875,1,98
193,0.00014019012451171875,1,98
194,0.00014019012451171875,1,98
195,0.00014019012451171875,1,98
196,0.00014019012451171875,1,98
197,0.00014019012451171875,1,98
198,0.00014019012451171875,1,98
199,0.00014019012451171875,1,98
200,0.00014019012451171875,1,98
1,0.0024070143699645996,1,99
2,0.0024021267890930176,1,99
3,0.0024021267890930176,1,99
4,0.0024021267890930176,1,99
5,0.0024021267890930176,1,99
6,0.0024059414863586426,1,99
7,0.0024077296257019043,1,99
8,0.0024077296257019043,1,99
9,0.0024077296257019043,1,99
10,0.0024077296257019043,1,99
11,0.0024077296257019043,1,99
12,0.0024077296257019043,1,99
13,0.0024077296257019043,1,99
14,0.0024077296257019043,1,99
15,0.0024077296257019043,1,99
16,0.0024077296257019043,1,99
17,0.0024077296257019043,1,99
18,0.0024077296257019043,1,99
19,0.0024077296257019043,1,99
20,0.0024077296257019043,1,99
21,0.0024077296257019043,1,99
22,0.0024077296257019043,1,99
23,0.0024077296257019043,1,99
24,0.0024077296257019043,1,99
25,0.0024077296257019043,1,99
26,0.0024077296257019043,1,99
27,0.0024077296257019043,1,99
28,0.0024077296257019043,1,99
29,0.0024077296257019043,1,99
30,0.0024077296257019043,1,99
31,0.0024077296257019043,1,99
32,0.0024077296257019043,1,99
33,0.0024077296257019043,1,99
34,0.0024077296257019043,1,99
35,0.0024077296257019043,1,99
36,0.0024077296257019043,1,99
37,0.0024077296257019043,1,99
38,0.0024077296257019043,1,99
39,0.0024077296257019043,1,99
40,0.0024077296257019043,1,99
41,0.0024077296257019043,1,99
42,0.0024077296257019043,1,99
43,0.0024077296257019043,1,99
44,0.0024077296257019043,1,99
45,0.0024077296257019043,1,99
46,0.0024077296257019043,1,99
47,0.0024077296257019043,1,99
48,0.0024077296257019043,1,99
49,0.0024077296257019043,1,99
50,0.0024077296257019043,1,99
51,0.0024077296257019043,1,99
52,0.0024077296257019043,1,99
53,0.0024077296257019043,1,99
54,0.0024077296257019043,1,99
55,0.0024077296257019043,1,99
56,0.0024077296257019043,1,99
57,0.0024077296257019043,1,99
58,0.0024077296257019043,1,99
59,0.0024077296257019043,1,99
60,0.0024077296257019043,1,99
61,0.0024077296257019043,1,99
62,0.0024077296257019043,1,99
63,0.0024077296257019043,1,99
64,0.0024077296257019043,1,99
65,0.0024077296257019043,1,99
66,0.0024077296257019043,1,99
67,0.0024077296257019043,1,99
68,0.0024077296257019043,1,99
69,0.0024077296257019043,1,99
70,0.0024077296257019043,1,99
71,0.0024077296257019043,1,99
72,0.0024077296257019043,1,99
73,0.0024077296257019043,1,99
74,0.0024077296257019043,1,99
75,0.0024077296257019043,1,99
76,0.0024077296257019043,1,99
77,0.0024077296257019043,1,99
78,0.0024077296257019043,1,99
79,0.0024077296257019043,1,99
80,0.0024077296257019043,1,99
81,0.0024077296257019043,1,99
82,0.0024077296257019043,1,99
83,0.0024077296257019043,1,99
84,0.0024077296257019043,1,99
85,0.0024077296257019043,1,99
86,0.0024077296257019043,1,99
87,0.0024077296257019043,1,99
88,0.0024077296257019043,1,99
89,0.0024077296257019043,1,99
90,0.0024077296257019043,1,99
91,0.0024077296257019043,1,99
92,0.0024077296257019043,1,99
93,0.0024077296257019043,1,99
94,0.0024077296257019043,1,99
95,0.0024077296257019043,1,99
96,0.0024077296257019043,1,99
97,0.0024077296257019043,1,99
98,0.0024077296257019043,1,99
99,0.0024077296257019043,1,99
100,0.0024077296257019043,1,99
101,0.0024077296257019043,1,99
102,0.0024077296257019043,1,99
103,0.0024077296257019043,1,99
104,0.0024077296257019043,1,99
105,0.0024077296257019043,1,99
106,0.0024077296257019043,1,99
107,0.0024077296257019043,1,99
108,0.0024077296257019043,1,99
109,0.0024077296257019043,1,99
110,0.0024077296257019043,1,99
111,0.0024077296257019043,1,99
112,0.0024077296257019043,1,99
113,0.0024077296257019043,1,99
114,0.0024077296257019043,1,99
115,0.0024077296257019043,1,99
116,0.0024077296257019043,1,99
117,0.0024077296257019043,1,99
118,0.0024077296257019043,1,99
119,0.0024077296257019043,1,99
120,0.0024077296257019043,1,99
121,0.0024077296257019043,1,99
122,0.0024077296257019043,1,99
123,0.0024077296257019043,1,99
124,0.0024077296257019043,1,99
125,0.0024077296257019043,1,99
126,0.0024077296257019043,1,99
127,0.0024077296257019043,1,99
128,0.0024077296257019043,1,99
129,0.0024077296257019043,1,99
130,0.0024077296257019043,1,99
131,0.0024077296257019043,1,99
132,0.0024077296257019043,1,99
133,0.0024077296257019043,1,99
134,0.0024077296257019043,1,99
135,0.0024077296257019043,1,99
136,0.0024077296257019043,1,99
137,0.0024077296257019043,1,99
138,0.0024077296257019043,1,99
139,0.0024077296257019043,1,99
140,0.0024077296257019043,1,99
141,0.0024077296257019043,1,99
142,0.0024077296257019043,1,99
143,0.0024077296257019043,1,99
144,0.0024077296257019043,1,99
145,0.0024077296257019043,1,99
146,0.0024077296257019043,1,99
147,0.0024077296257019043,1,99
148,0.0024077296257019043,1,99
149,0.0024077296257019043,1,99
150,0.0024077296257019043,1,99
151,0.0024077296257019043,1,99
152,0.0024077296257019043,1,99
153,0.0024077296257019043,1,99
154,0.0024077296257019043,1,99
155,0.0024077296257019043,1,99
156,0.0024077296257019043,1,99
157,0.0024077296257019043,1,99
158,0.0024077296257019043,1,99
159,0.0024077296257019043,1,99
160,0.0024077296257019043,1,99
161,0.0024077296257019043,1,99
162,0.0024077296257019043,1,99
163,0.0024077296257019043,1,99
164,0.0024077296257019043,1,99
165,0.0024077296257019043,1,99
166,0.0024077296257019043,1,99
167,0.0024077296257019043,1,99
168,0.0024077296257019043,1,99
169,0.0024077296257019043,1,99
170,0.0024077296257019043,1,99
171,0.0024077296257019043,1,99
172,0.0024077296257019043,1,99
173,0.0024077296257019043,1,99
174,0.0024077296257019043,1,99
175,0.0024077296257019043,1,99
176,0.0024077296257019043,1,99
177,0.0024077296257019043,1,99
178,0.0024077296257019043,1,99
179,0.0024077296257019043,1,99
180,0.0024077296257019043,1,99
181,0.0024077296257019043,1,99
182,0.0024077296257019043,1,99
183,0.0024077296257019043,1,99
184,0.0024077296257019043,1,99
185,0.0024077296257019043,1,99
186,0.0024077296257019043,1,99
187,0.0024077296257019043,1,99
188,0.0024077296257019043,1,99
189,0.0024077296257019043,1,99
190,0.0024077296257019043,1,99
191,0.0024077296257019043,1,99
192,0.0024077296257019043,1,99
193,0.0024077296257019043,1,99
194,0.0024077296257019043,1,99
195,0.0024077296257019043,1,99
196,0.0024077296257019043,1,99
197,0.0024077296257019043,1,99
198,0.0024077296257019043,1,99
199,0.0024077296257019043,1,99
200,0.0024077296257019043,1,99
1,6.222724914550781e-05,1,100
2,6.222724914550781e-05,1,100
3,6.222724914550781e-05,1,100
4,6.222724914550781e-05,1,100
5,6.222724914550781e-05,1,100
6,6.222724914550781e-05,1,100
7,6.222724914550781e-05,1,100
8,6.222724914550781e-05,1,100
9,6.222724914550781e-05,1,100
10,6.222724914550781e-05,1,100
11,6.222724914550781e-05,1,100
12,6.222724914550781e-05,1,100
13,6.222724914550781e-05,1,100
14,6.222724914550781e-05,1,100
15,6.222724914550781e-05,1,100
16,6.222724914550781e-05,1,100
17,6.222724914550781e-05,1,100
18,6.222724914550781e-05,1,100
19,6.222724914550781e-05,1,100
20,6.222724914550781e-05,1,100
21,6.222724914550781e-05,1,100
22,6.222724914550781e-05,1,100
23,6.222724914550781e-05,1,100
24,6.222724914550781e-05,1,100
25,6.222724914550781e-05,1,100
26,6.222724914550781e-05,1,100
27,6.222724914550781e-05,1,100
28,6.222724914550781e-05,1,100
29,6.222724914550781e-05,1,100
30,6.222724914550781e-05,1,100
31,6.222724914550781e-05,1,100
32,6.222724914550781e-05,1,100
33,6.222724914550781e-05,1,100
34,6.222724914550781e-05,1,100
35,6.222724914550781e-05,1,100
36,6.222724914550781e-05,1,100
37,6.222724914550781e-05,1,100
38,6.222724914550781e-05,1,100
39,6.222724914550781e-05,1,100
40,6.222724914550781e-05,1,100
41,6.222724914550781e-05,1,100
42,6.222724914550781e-05,1,100
43,6.222724914550781e-05,1,100
44,6.222724914550781e-05,1,100
45,6.222724914550781e-05,1,100
46,6.222724914550781e-05,1,100
47,6.222724914550781e-05,1,100
48,6.222724914550781e-05,1,100
49,6.222724914550781e-05,1,100
50,6.222724914550781e-05,1,100
51,6.222724914550781e-05,1,100
52,6.222724914550781e-05,1,100
53,6.222724914550781e-05,1,100
54,6.222724914550781e-05,1,100
55,6.222724914550781e-05,1,100
56,6.222724914550781e-05,1,100
57,6.222724914550781e-05,1,100
58,6.222724914550781e-05,1,100
59,6.222724914550781e-05,1,100
60,6.222724914550781e-05,1,100
61,6.222724914550781e-05,1,100
62,6.222724914550781e-05,1,100
63,6.222724914550781e-05,1,100
64,6.222724914550781e-05,1,100
65,6.222724914550781e-05,1,100
66,6.222724914550781e-05,1,100
67,6.222724914550781e-05,1,100
68,6.222724914550781e-05,1,100
69,6.222724914550781e-05,1,100
70,6.222724914550781e-05,1,100
71,6.222724914550781e-05,1,100
72,6.222724914550781e-05,1,100
73,6.222724914550781e-05,1,100
74,6.222724914550781e-05,1,100
75,6.222724914550781e-05,1,100
76,6.222724914550781e-05,1,100
77,6.222724914550781e-05,1,100
78,6.222724914550781e-05,1,100
79,6.222724914550781e-05,1,100
80,6.222724914550781e-05,1,100
81,6.222724914550781e-05,1,100
82,6.222724914550781e-05,1,100
83,6.222724914550781e-05,1,100
84,6.222724914550781e-05,1,100
85,6.222724914550781e-05,1,100
86,6.222724914550781e-05,1,100
87,6.222724914550781e-05,1,100
88,6.222724914550781e-05,1,100
89,6.222724914550781e-05,1,100
90,6.222724914550781e-05,1,100
91,6.222724914550781e-05,1,100
92,6.222724914550781e-05,1,100
93,6.222724914550781e-05,1,100
94,6.222724914550781e-05,1,100
95,6.222724914550781e-05,1,100
96,6.222724914550781e-05,1,100
97,6.222724914550781e-05,1,100
98,6.222724914550781e-05,1,100
99,6.222724914550781e-05,1,100
100,6.222724914550781e-05,1,100
101,6.222724914550781e-05,1,100
102,6.222724914550781e-05,1,100
103,6.222724914550781e-05,1,100
104,6.222724914550781e-05,1,100
105,6.222724914550781e-05,1,100
106,6.222724914550781e-05,1,100
107,6.222724914550781e-05,1,100
108,6.222724914550781e-05,1,100
109,6.222724914550781e-05,1,100
110,6.222724914550781e-05,1,100
111,6.222724914550781e-05,1,100
112,6.222724914550781e-05,1,100
113,6.222724914550781e-05,1,100
114,6.222724914550781e-05,1,100
115,6.222724914550781e-05,1,100
116,6.222724914550781e-05,1,100
117,6.222724914550781e-05,1,100
118,6.222724914550781e-05,1,100
119,6.222724914550781e-05,1,100
120,6.222724914550781e-05,1,100
121,6.222724914550781e-05,1,100
122,6.222724914550781e-05,1,100
123,6.222724914550781e-05,1,100
124,6.222724914550781e-05,1,100
125,6.222724914550781e-05,1,100
126,6.222724914550781e-05,1,100
127,6.222724914550781e-05,1,100
128,6.222724914550781e-05,1,100
129,6.222724914550781e-05,1,100
130,6.222724914550781e-05,1,100
131,6.222724914550781e-05,1,100
132,6.222724914550781e-05,1,100
133,6.222724914550781e-05,1,100
134,6.222724914550781e-05,1,100
135,6.222724914550781e-05,1,100
136,6.222724914550781e-05,1,100
137,6.222724914550781e-05,1,100
138,6.222724914550781e-05,1,100
139,6.222724914550781e-05,1,100
140,6.222724914550781e-05,1,100
141,6.222724914550781e-05,1,100
142,6.222724914550781e-05,1,100
143,6.222724914550781e-05,1,100
144,6.222724914550781e-05,1,100
145,6.222724914550781e-05,1,100
146,6.222724914550781e-05,1,100
147,6.222724914550781e-05,1,100
148,6.222724914550781e-05,1,100
149,6.222724914550781e-05,1,100
150,6.222724914550781e-05,1,100
151,6.222724914550781e-05,1,100
152,6.222724914550781e-05,1,100
153,6.222724914550781e-05,1,100
154,6.222724914550781e-05,1,100
155,6.222724914550781e-05,1,100
156,6.222724914550781e-05,1,100
157,6.222724914550781e-05,1,100
158,6.222724914550781e-05,1,100
159,6.222724914550781e-05,1,100
160,6.222724914550781e-05,1,100
161,6.222724914550781e-05,1,100
162,6.222724914550781e-05,1,100
163,6.222724914550781e-05,1,100
164,6.222724914550781e-05,1,100
165,6.222724914550781e-05,1,100
166,6.222724914550781e-05,1,100
167,6.222724914550781e-05,1,100
168,6.222724914550781e-05,1,100
169,6.222724914550781e-05,1,100
170,6.222724914550781e-05,1,100
171,6.222724914550781e-05,1,100
172,6.222724914550781e-05,1,100
173,6.222724914550781e-05,1,100
174,6.222724914550781e-05,1,100
175,6.222724914550781e-05,1,100
176,6.222724914550781e-05,1,100
177,6.222724914550781e-05,1,100
178,6.222724914550781e-05,1,100
179,6.222724914550781e-05,1,100
180,6.222724914550781e-05,1,100
181,6.222724914550781e-05,1,100
182,6.222724914550781e-05,1,100
183,6.222724914550781e-05,1,100
184,6.222724914550781e-05,1,100
185,6.222724914550781e-05,1,100
186,6.222724914550781e-05,1,100
187,6.222724914550781e-05,1,100
188,6.222724914550781e-05,1,100
189,6.222724914550781e-05,1,100
190,6.222724914550781e-05,1,100
191,6.222724914550781e-05,1,100
192,6.222724914550781e-05,1,100
193,6.222724914550781e-05,1,100
194,6.222724914550781e-05,1,100
195,6.222724914550781e-05,1,100
196,6.222724914550781e-05,1,100
197,6.222724914550781e-05,1,100
198,6.222724914550781e-05,1,100
199,6.222724914550781e-05,1,100
200,6.222724914550781e-05,1,100
1,0.9336536750197411,1,101
2,0.9336536750197411,1,101
3,0.9336528331041336,1,101
4,0.9336528331041336,1,101
5,0.9336524829268456,1,101
6,0.9336524829268456,1,101
7,0.9336536750197411,1,101
8,0.9336536750197411,1,101
9,0.9336525648832321,1,101
10,0.9336525648832321,1,101
11,0.9336525648832321,1,101
12,0.9336525648832321,1,101
13,0.9336525648832321,1,101
14,0.9336525648832321,1,101
15,0.9336524829268456,1,101
16,0.9336524829268456,1,101
17,0.9336524829268456,1,101
18,0.9336524829268456,1,101
19,0.9336524605751038,1,101
20,0.9336524605751038,1,101
21,0.9336525201797485,1,101
22,0.9336525201797485,1,101
23,0.9336525201797485,1,101
24,0.9336525201797485,1,101
25,0.9336525201797485,1,101
26,0.9336525201797485,1,101
27,0.9336525201797485,1,101
28,0.9336524978280067,1,101
29,0.9336524978280067,1,101
30,0.9336524978280067,1,101
31,0.9336524978280067,1,101
32,0.9336524978280067,1,101
33,0.9336524978280067,1,101
34,0.9336524978280067,1,101
35,0.9336525201797485,1,101
36,0.9336525201797485,1,101
37,0.9336525201797485,1,101
38,0.9336525201797485,1,101
39,0.9336525201797485,1,101
40,0.9336525201797485,1,101
41,0.9336525201797485,1,101
42,0.9336525201797485,1,101
43,0.9336525201797485,1,101
44,0.9336525201797485,1,101
45,0.9336525201797485,1,101
46,0.9336525201797485,1,101
47,0.9336525201797485,1,101
48,0.9336525201797485,1,101
49,0.9336525201797485,1,101
50,0.9336525201797485,1,101
51,0.9336525201797485,1,101
52,0.9336525201797485,1,101
53,0.9336525201797485,1,101
54,0.9336525201797485,1,101
55,0.9336525201797485,1,101
56,0.9336525201797485,1,101
57,0.9336525201797485,1,101
58,0.9336525201797485,1,101
59,0.9336525201797485,1,101
60,0.9336525201797485,1,101
61,0.9336525201797485,1,101
62,0.9336525201797485,1,101
63,0.9336525201797485,1,101
64,0.9336525201797485,1,101
65,0.9336525201797485,1,101
66,0.9336525201797485,1,101
67,0.9336525201797485,1,101
68,0.9336525201797485,1,101
69,0.9336525201797485,1,101
70,0.9336525201797485,1,101
71,0.9336525201797485,1,101
72,0.9336525201797485,1,101
73,0.9336525201797485,1,101
74,0.9336525201797485,1,101
75,0.9336525201797485,1,101
76,0.9336525201797485,1,101
77,0.9336525201797485,1,101
78,0.9336525201797485,1,101
79,0.9336525201797485,1,101
80,0.9336525201797485,1,101
81,0.9336525201797485,1,101
82,0.9336525201797485,1,101
83,0.9336525201797485,1,101
84,0.9336525201797485,1,101
85,0.9336525201797485,1,101
86,0.9336525201797485,1,101
87,0.9336525201797485,1,101
88,0.9336525201797485,1,101
89,0.9336525201797485,1,101
90,0.9336525201797485,1,101
91,0.9336525201797485,1,101
92,0.9336525201797485,1,101
93,0.9336525201797485,1,101
94,0.9336525201797485,1,101
95,0.9336525201797485,1,101
96,0.9336525201797485,1,101
97,0.9336525201797485,1,101
98,0.9336525201797485,1,101
99,0.9336525201797485,1,101
100,0.9336525201797485,1,101
101,0.9336525201797485,1,101
102,0.9336525201797485,1,101
103,0.9336525201797485,1,101
104,0.9336525201797485,1,101
105,0.9336525201797485,1,101
106,0.9336525201797485,1,101
107,0.9336525201797485,1,101
108,0.9336525201797485,1,101
109,0.9336525201797485,1,101
110,0.9336525201797485,1,101
111,0.9336525201797485,1,101
112,0.9336525201797485,1,101
113,0.9336525201797485,1,101
114,0.9336525201797485,1,101
115,0.9336525201797485,1,101
116,0.9336525201797485,1,101
117,0.9336525201797485,1,101
118,0.9336525201797485,1,101
119,0.9336525201797485,1,101
120,0.9336525201797485,1,101
121,0.9336525201797485,1,101
122,0.9336525201797485,1,101
123,0.9336525201797485,1,101
124,0.9336525201797485,1,101
125,0.9336525201797485,1,101
126,0.9336525201797485,1,101
127,0.9336525201797485,1,101
128,0.9336525201797485,1,101
129,0.9336525201797485,1,101
130,0.9336525201797485,1,101
131,0.9336525201797485,1,101
132,0.9336525201797485,1,101
133,0.9336525201797485,1,101
134,0.9336525201797485,1,101
135,0.9336525201797485,1,101
136,0.9336525201797485,1,101
137,0.9336525201797485,1,101
138,0.9336525201797485,1,101
139,0.9336525201797485,1,101
140,0.9336525201797485,1,101
141,0.9336525201797485,1,101
142,0.9336525201797485,1,101
143,0.9336525201797485,1,101
144,0.9336525201797485,1,101
145,0.9336525201797485,1,101
146,0.9336525201797485,1,101
147,0.9336525201797485,1,101
148,0.9336525201797485,1,101
149,0.9336525201797485,1,101
150,0.9336525201797485,1,101
151,0.9336525201797485,1,101
152,0.9336525201797485,1,101
153,0.9336525201797485,1,101
154,0.9336525201797485,1,101
155,0.9336525201797485,1,101
156,0.9336525201797485,1,101
157,0.9336525201797485,1,101
158,0.9336525201797485,1,101
159,0.9336525201797485,1,101
160,0.9336525201797485,1,101
161,0.9336525201797485,1,101
162,0.9336525201797485,1,101
163,0.9336525201797485,1,101
164,0.9336525201797485,1,101
165,0.9336525201797485,1,101
166,0.9336525201797485,1,101
167,0.9336525201797485,1,101
168,0.9336525201797485,1,101
169,0.9336525201797485,1,101
170,0.9336525201797485,1,101
171,0.9336525201797485,1,101
172,0.9336525201797485,1,101
173,0.9336525201797485,1,101
174,0.9336525201797485,1,101
175,0.9336525201797485,1,101
176,0.9336525201797485,1,101
177,0.9336525201797485,1,101
178,0.9336525201797485,1,101
179,0.9336525201797485,1,101
180,0.9336525201797485,1,101
181,0.9336525201797485,1,101
182,0.9336525201797485,1,101
183,0.9336525201797485,1,101
184,0.9336525201797485,1,101
185,0.9336525201797485,1,101
186,0.9336525201797485,1,101
187,0.9336525201797485,1,101
188,0.9336525201797485,1,101
189,0.9336525201797485,1,101
190,0.9336525201797485,1,101
191,0.9336525201797485,1,101
192,0.9336525201797485,1,101
193,0.9336525201797485,1,101
194,0.9336525201797485,1,101
195,0.9336525201797485,1,101
196,0.9336525201797485,1,101
197,0.9336525201797485,1,101
198,0.9336525201797485,1,101
199,0.9336525201797485,1,101
200,0.9336525201797485,1,101
1,0.3354998230934143,1,102
2,0.3354998230934143,1,102
3,0.35532158613204956,1,102
4,0.35532158613204956,1,102
5,0.35532158613204956,1,102
6,0.35532158613204956,1,102
7,0.397743821144104,1,102
8,0.397743821144104,1,102
9,0.45787280797958374,2,102
10,0.4581390619277954,2,102
11,0.48167741298675537,2,102
12,0.48167741298675537,2,102
13,0.48167741298675537,2,102
14,0.48167741298675537,2,102
15,0.45434850454330444,2,102
16,0.5153176486492157,2,102
17,0.5635453760623932,3,102
18,0.5635453760623932,3,102
19,0.5635453760623932,3,102
20,0.5635453760623932,3,102
21,0.6054017245769501,3,102
22,0.6054017245769501,3,102
23,0.6054017245769501,3,102
24,0.6054017245769501,3,102
25,0.5649369955062866,3,102
26,0.7376697957515717,4,102
27,0.7420391738414764,3,102
28,0.7420391738414764,3,102
29,0.7420391738414764,3,102
30,0.7420391738414764,3,102
31,0.7420391738414764,3,102
32,0.7420391738414764,3,102
33,0.7580158412456512,3,102
34,0.7580158412456512,3,102
35,0.8621929287910461,4,102
36,0.8621929287910461,4,102
37,0.8621929287910461,4,102
38,0.8621929287910461,4,102
39,0.8621929287910461,4,102
40,0.8621929287910461,4,102
41,0.8621929287910461,4,102
42,0.865911990404129,4,102
43,0.865911990404129,4,102
44,0.865911990404129,4,102
45,0.865911990404129,4,102
46,0.865911990404129,4,102
47,0.865911990404129,4,102
48,0.9001953899860382,5,102
49,0.9001953899860382,5,102
50,0.9001953899860382,5,102
51,0.9001953899860382,5,102
52,0.9445382431149483,5,102
53,0.9445382431149483,5,102
54,0.9445382431149483,5,102
55,0.9445382431149483,5,102
56,0.8867156505584717,4,102
57,0.8867156505584717,4,102
58,0.8867156505584717,4,102
59,0.8867156505584717,4,102
60,0.8867156505584717,4,102
61,0.8867156505584717,4,102
62,0.8867156505584717,4,102
63,0.8867156505584717,4,102
64,0.8867156505584717,4,102
65,0.8867156505584717,4,102
66,0.8867156505584717,4,102
67,0.9171788170933723,4,102
68,0.9171788170933723,4,102
69,0.9171788170933723,4,102
70,0.9171788170933723,4,102
71,0.9171788170933723,4,102
72,0.9171788170933723,4,102
73,0.9171788170933723,4,102
74,0.9171788170933723,4,102
75,0.9171788170933723,4,102
76,0.9171788170933723,4,102
77,0.9171788170933723,4,102
78,0.9171788170933723,4,102
79,0.9171788170933723,4,102
80,0.9171788170933723,4,102
81,0.9171788170933723,4,102
82,0.9171788170933723,4,102
83,0.9171788170933723,4,102
84,0.9171788170933723,4,102
85,0.9171788170933723,4,102
86,0.9171788170933723,4,102
87,0.9171788170933723,4,102
88,0.9171788170933723,4,102
89,0.9171788170933723,4,102
90,0.9171788170933723,4,102
91,0.9171788170933723,4,102
92,0.9171788170933723,4,102
93,0.9171788170933723,4,102
94,0.9224498346447945,4,102
95,0.9224498346447945,4,102
96,0.9224498346447945,4,102
97,0.9224498346447945,4,102
98,0.9224498346447945,4,102
99,0.9224498346447945,4,102
100,0.9224498346447945,4,102
101,0.9224498346447945,4,102
102,0.9224498346447945,4,102
103,0.9224498346447945,4,102
104,0.9224498346447945,4,102
105,0.9224498346447945,4,102
106,0.9224498346447945,4,102
107,0.9224498346447945,4,102
108,0.9224498346447945,4,102
109,0.9224498346447945,4,102
110,0.9224498346447945,4,102
111,0.9224498346447945,4,102
112,0.9224498346447945,4,102
113,0.9222531393170357,4,102
114,0.9222531393170357,4,102
115,0.9222531393170357,4,102
116,0.9222531393170357,4,102
117,0.9222531393170357,4,102
118,0.9222531393170357,4,102
119,0.9222531393170357,4,102
120,0.9222531393170357,4,102
121,0.9218108430504799,4,102
122,0.9218108430504799,4,102
123,0.9218108430504799,4,102
124,0.9218108430504799,4,102
125,0.9218108430504799,4,102
126,0.9218108430504799,4,102
127,0.9218108430504799,4,102
128,0.9218108430504799,4,102
129,0.9218108430504799,4,102
130,0.9218108430504799,4,102
131,0.9218108430504799,4,102
132,0.9218108430504799,4,102
133,0.9218108430504799,4,102
134,0.9218108430504799,4,102
135,0.9218108430504799,4,102
136,0.9218108430504799,4,102
137,0.9218108430504799,4,102
138,0.9218108430504799,4,102
139,0.9218108430504799,4,102
140,0.9218108430504799,4,102
141,0.9218108430504799,4,102
142,0.9218108430504799,4,102
143,0.9218108430504799,4,102
144,0.9218108430504799,4,102
145,0.9218108430504799,4,102
146,0.9218108430504799,4,102
147,0.9218108430504799,4,102
148,0.9218108430504799,4,102
149,0.9218108430504799,4,102
150,0.9218108430504799,4,102
151,0.9218108430504799,4,102
152,0.9218108430504799,4,102
153,0.9218108430504799,4,102
154,0.9218108430504799,4,102
155,0.9218108430504799,4,102
156,0.9218108430504799,4,102
157,0.9218108430504799,4,102
158,0.9218108430504799,4,102
159,0.9218108430504799,4,102
160,0.9218108430504799,4,102
161,0.9222204089164734,4,102
162,0.9222204089164734,4,102
163,0.9222204089164734,4,102
164,0.9222204089164734,4,102
165,0.9222204089164734,4,102
166,0.9222204089164734,4,102
167,0.9222204089164734,4,102
168,0.9222204089164734,4,102
169,0.9222204089164734,4,102
170,0.9222204089164734,4,102
171,0.9222204089164734,4,102
172,0.9222204089164734,4,102
173,0.9222204089164734,4,102
174,0.9222255051136017,4,102
175,0.9222255051136017,4,102
176,0.9222255051136017,4,102
177,0.9222255051136017,4,102
178,0.9222255051136017,4,102
179,0.9222255051136017,4,102
180,0.9222255051136017,4,102
181,0.9222255051136017,4,102
182,0.9222255051136017,4,102
183,0.9222255051136017,4,102
184,0.9222255051136017,4,102
185,0.9222255051136017,4,102
186,0.9222255051136017,4,102
187,0.9222255051136017,4,102
188,0.9222255051136017,4,102
189,0.9222255051136017,4,102
190,0.9222255051136017,4,102
191,0.9222255051136017,4,102
192,0.932889461517334,4,102
193,0.932889461517334,4,102
194,0.932889461517334,4,102
195,0.932889461517334,4,102
196,0.932889461517334,4,102
197,0.932889461517334,4,102
198,0.932889461517334,4,102
199,0.932889461517334,4,102
200,0.932889461517334,4,102
1,0.006094038486480713,1,103
2,0.006094038486480713,1,103
3,0.006093084812164307,1,103
4,0.006094634532928467,1,103
5,0.006094634532928467,1,103
6,0.006094634532928467,1,103
7,0.006094634532928467,1,103
8,0.006093204021453857,1,103
9,0.006093204021453857,1,103
10,0.006093204021453857,1,103
11,0.006093204021453857,1,103
12,0.006093084812164307,1,103
13,0.006093084812164307,1,103
14,0.006093084812164307,1,103
15,0.006093084812164307,1,103
16,0.006093084812164307,1,103
17,0.006093084812164307,1,103
18,0.006093084812164307,1,103
19,0.006093084812164307,1,103
20,0.006093084812164307,1,103
21,0.006093084812164307,1,103
22,0.006093084812164307,1,103
23,0.006093084812164307,1,103
24,0.006093084812164307,1,103
25,0.006093084812164307,1,103
26,0.006093084812164307,1,103
27,0.006093084812164307,1,103
28,0.006093084812164307,1,103
29,0.006093084812164307,1,103
30,0.006093084812164307,1,103
31,0.006093084812164307,1,103
32,0.006093084812164307,1,103
33,0.006093084812164307,1,103
34,0.006093084812164307,1,103
35,0.006093084812164307,1,103
36,0.006093084812164307,1,103
37,0.006093084812164307,1,103
38,0.006093084812164307,1,103
39,0.006093084812164307,1,103
40,0.006093084812164307,1,103
41,0.006093084812164307,1,103
42,0.006093084812164307,1,103
43,0.006093084812164307,1,103
44,0.006093084812164307,1,103
45,0.006093084812164307,1,103
46,0.006093084812164307,1,103
47,0.006093084812164307,1,103
48,0.006093084812164307,1,103
49,0.006093084812164307,1,103
50,0.006093084812164307,1,103
51,0.006093084812164307,1,103
52,0.006093084812164307,1,103
53,0.006093084812164307,1,103
54,0.006093084812164307,1,103
55,0.006093084812164307,1,103
56,0.006093084812164307,1,103
57,0.006093084812164307,1,103
58,0.006093084812164307,1,103
59,0.006093084812164307,1,103
60,0.006093084812164307,1,103
61,0.006093084812164307,1,103
62,0.006093084812164307,1,103
63,0.006093084812164307,1,103
64,0.006093084812164307,1,103
65,0.006093084812164307,1,103
66,0.006093084812164307,1,103
67,0.006093084812164307,1,103
68,0.006093084812164307,1,103
69,0.006093084812164307,1,103
70,0.006093084812164307,1,103
71,0.006093084812164307,1,103
72,0.006093084812164307,1,103
73,0.006093084812164307,1,103
74,0.006093084812164307,1,103
75,0.006093084812164307,1,103
76,0.006093084812164307,1,103
77,0.006093084812164307,1,103
78,0.006093084812164307,1,103
79,0.006093084812164307,1,103
80,0.006093084812164307,1,103
81,0.006093084812164307,1,103
82,0.006093084812164307,1,103
83,0.006093084812164307,1,103
84,0.006093084812164307,1,103
85,0.006093084812164307,1,103
86,0.006093084812164307,1,103
87,0.006093084812164307,1,103
88,0.006093084812164307,1,103
89,0.006093084812164307,1,103
90,0.006093084812164307,1,103
91,0.006093084812164307,1,103
92,0.006093084812164307,1,103
93,0.006093084812164307,1,103
94,0.006093084812164307,1,103
95,0.006093084812164307,1,103
96,0.006093084812164307,1,103
97,0.006093084812164307,1,103
98,0.006093084812164307,1,103
99,0.006093084812164307,1,103
100,0.006093084812164307,1,103
101,0.006093084812164307,1,103
102,0.006093084812164307,1,103
103,0.006093084812164307,1,103
104,0.006093084812164307,1,103
105,0.006093084812164307,1,103
106,0.006093084812164307,1,103
107,0.006093084812164307,1,103
108,0.006093084812164307,1,103
109,0.006093084812164307,1,103
110,0.006093084812164307,1,103
111,0.006093084812164307,1,103
112,0.006093084812164307,1,103
113,0.006093084812164307,1,103
114,0.006093084812164307,1,103
115,0.006093084812164307,1,103
116,0.006093084812164307,1,103
117,0.006093084812164307,1,103
118,0.006093084812164307,1,103
119,0.006093084812164307,1,103
120,0.006093084812164307,1,103
121,0.006093084812164307,1,103
122,0.006093084812164307,1,103
123,0.006093084812164307,1,103
124,0.006093084812164307,1,103
125,0.006093084812164307,1,103
126,0.006093084812164307,1,103
127,0.006093084812164307,1,103
128,0.006093084812164307,1,103
129,0.006093084812164307,1,103
130,0.006093084812164307,1,103
131,0.006093084812164307,1,103
132,0.006093084812164307,1,103
133,0.006093084812164307,1,103
134,0.006093084812164307,1,103
135,0.006093084812164307,1,103
136,0.006093084812164307,1,103
137,0.006093084812164307,1,103
138,0.006093084812164307,1,103
139,0.006093084812164307,1,103
140,0.006093084812164307,1,103
141,0.006093084812164307,1,103
142,0.006093084812164307,1,103
143,0.006093084812164307,1,103
144,0.006093084812164307,1,103
145,0.006093084812164307,1,103
146,0.006093084812164307,1,103
147,0.006093084812164307,1,103
148,0.006093084812164307,1,103
149,0.006093084812164307,1,103
150,0.006093084812164307,1,103
151,0.006093084812164307,1,103
152,0.006093084812164307,1,103
153,0.006093084812164307,1,103
154,0.006093084812164307,1,103
155,0.006093084812164307,1,103
156,0.006093084812164307,1,103
157,0.006093084812164307,1,103
158,0.006093084812164307,1,103
159,0.006093084812164307,1,103
160,0.006093084812164307,1,103
161,0.006093084812164307,1,103
162,0.006093084812164307,1,103
163,0.006093084812164307,1,103
164,0.006093084812164307,1,103
165,0.006093084812164307,1,103
166,0.006093084812164307,1,103
167,0.006093084812164307,1,103
168,0.006093084812164307,1,103
169,0.006093084812164307,1,103
170,0.006093084812164307,1,103
171,0.006093084812164307,1,103
172,0.006093084812164307,1,103
173,0.006093084812164307,1,103
174,0.006093084812164307,1,103
175,0.006093084812164307,1,103
176,0.006093084812164307,1,103
177,0.006093084812164307,1,103
178,0.006093084812164307,1,103
179,0.006093084812164307,1,103
180,0.006093084812164307,1,103
181,0.006093084812164307,1,103
182,0.006093084812164307,1,103
183,0.006093084812164307,1,103
184,0.006093084812164307,1,103
185,0.006093084812164307,1,103
186,0.006093084812164307,1,103
187,0.006093084812164307,1,103
188,0.006093084812164307,1,103
189,0.006093084812164307,1,103
190,0.006093084812164307,1,103
191,0.006093084812164307,1,103
192,0.006093084812164307,1,103
193,0.006093084812164307,1,103
194,0.006093084812164307,1,103
195,0.006093084812164307,1,103
196,0.006093084812164307,1,103
197,0.006093084812164307,1,103
198,0.006093084812164307,1,103
199,0.006093084812164307,1,103
200,0.006093084812164307,1,103
1,0.0003095865249633789,1,104
2,0.0003095865249633789,1,104
3,0.0003095865249633789,1,104
4,0.0003095865249633789,1,104
5,0.0003095865249633789,1,104
6,0.0003095865249633789,1,104
7,0.0003095865249633789,1,104
8,0.0003095865249633789,1,104
9,0.0003095865249633789,1,104
10,0.0003095865249633789,1,104
11,0.0003095865249633789,1,104
12,0.0003095865249633789,1,104
13,0.0003095865249633789,1,104
14,0.0003095865249633789,1,104
15,0.0003095865249633789,1,104
16,0.0003095865249633789,1,104
17,0.0003095865249633789,1,104
18,0.0003095865249633789,1,104
19,0.0003095865249633789,1,104
20,0.0003095865249633789,1,104
21,0.0003095865249633789,1,104
22,0.0003095865249633789,1,104
23,0.0003095865249633789,1,104
24,0.0003095865249633789,1,104
25,0.0003095865249633789,1,104
26,0.0003095865249633789,1,104
27,0.0003095865249633789,1,104
28,0.0003095865249633789,1,104
29,0.0003095865249633789,1,104
30,0.0003095865249633789,1,104
31,0.0003095865249633789,1,104
32,0.0003095865249633789,1,104
33,0.0003095865249633789,1,104
34,0.0003095865249633789,1,104
35,0.0003095865249633789,1,104
36,0.0003095865249633789,1,104
37,0.0003095865249633789,1,104
38,0.0003095865249633789,1,104
39,0.0003095865249633789,1,104
40,0.0003095865249633789,1,104
41,0.0003095865249633789,1,104
42,0.0003095865249633789,1,104
43,0.0003095865249633789,1,104
44,0.0003095865249633789,1,104
45,0.0003095865249633789,1,104
46,0.0003095865249633789,1,104
47,0.0003095865249633789,1,104
48,0.0003095865249633789,1,104
49,0.0003095865249633789,1,104
50,0.0003095865249633789,1,104
51,0.0003095865249633789,1,104
52,0.0003095865249633789,1,104
53,0.0003095865249633789,1,104
54,0.0003095865249633789,1,104
55,0.0003095865249633789,1,104
56,0.0003095865249633789,1,104
57,0.0003095865249633789,1,104
58,0.0003095865249633789,1,104
59,0.0003095865249633789,1,104
60,0.0003095865249633789,1,104
61,0.0003095865249633789,1,104
62,0.0003095865249633789,1,104
63,0.0003095865249633789,1,104
64,0.0003095865249633789,1,104
65,0.0003095865249633789,1,104
66,0.0003095865249633789,1,104
67,0.0003095865249633789,1,104
68,0.0003095865249633789,1,104
69,0.0003095865249633789,1,104
70,0.0003095865249633789,1,104
71,0.0003095865249633789,1,104
72,0.0003095865249633789,1,104
73,0.0003095865249633789,1,104
74,0.0003095865249633789,1,104
75,0.0003095865249633789,1,104
76,0.0003095865249633789,1,104
77,0.0003095865249633789,1,104
78,0.0003095865249633789,1,104
79,0.0003095865249633789,1,104
80,0.0003095865249633789,1,104
81,0.0003095865249633789,1,104
82,0.0003095865249633789,1,104
83,0.0003095865249633789,1,104
84,0.0003095865249633789,1,104
85,0.0003095865249633789,1,104
86,0.0003095865249633789,1,104
87,0.0003095865249633789,1,104
88,0.0003095865249633789,1,104
89,0.0003095865249633789,1,104
90,0.0003095865249633789,1,104
91,0.0003095865249633789,1,104
92,0.0003095865249633789,1,104
93,0.0003095865249633789,1,104
94,0.0003095865249633789,1,104
95,0.0003095865249633789,1,104
96,0.0003095865249633789,1,104
97,0.0003095865249633789,1,104
98,0.0003095865249633789,1,104
99,0.0003095865249633789,1,104
100,0.0003095865249633789,1,104
101,0.0003095865249633789,1,104
102,0.0003095865249633789,1,104
103,0.0003095865249633789,1,104
104,0.0003095865249633789,1,104
105,0.0003095865249633789,1,104
106,0.0003095865249633789,1,104
107,0.0003095865249633789,1,104
108,0.0003095865249633789,1,104
109,0.0003095865249633789,1,104
110,0.0003095865249633789,1,104
111,0.0003095865249633789,1,104
112,0.0003095865249633789,1,104
113,0.0003095865249633789,1,104
114,0.0003095865249633789,1,104
115,0.0003095865249633789,1,104
116,0.0003095865249633789,1,104
117,0.0003095865249633789,1,104
118,0.0003095865249633789,1,104
119,0.0003095865249633789,1,104
120,0.0003095865249633789,1,104
121,0.0003095865249633789,1,104
122,0.0003095865249633789,1,104
123,0.0003095865249633789,1,104
124,0.0003095865249633789,1,104
125,0.0003095865249633789,1,104
126,0.0003095865249633789,1,104
127,0.0003095865249633789,1,104
128,0.0003095865249633789,1,104
129,0.0003095865249633789,1,104
130,0.0003095865249633789,1,104
131,0.0003095865249633789,1,104
132,0.0003095865249633789,1,104
133,0.0003095865249633789,1,104
134,0.0003095865249633789,1,104
135,0.0003095865249633789,1,104
136,0.0003095865249633789,1,104
137,0.0003095865249633789,1,104
138,0.0003095865249633789,1,104
139,0.0003095865249633789,1,104
140,0.0003095865249633789,1,104
141,0.0003095865249633789,1,104
142,0.0003095865249633789,1,104
143,0.0003095865249633789,1,104
144,0.0003095865249633789,1,104
145,0.0003095865249633789,1,104
146,0.0003095865249633789,1,104
147,0.0003095865249633789,1,104
148,0.0003095865249633789,1,104
149,0.0003095865249633789,1,104
150,0.0003095865249633789,1,104
151,0.0003095865249633789,1,104
152,0.0003095865249633789,1,104
153,0.0003095865249633789,1,104
154,0.0003095865249633789,1,104
155,0.0003095865249633789,1,104
156,0.0003095865249633789,1,104
157,0.0003095865249633789,1,104
158,0.0003095865249633789,1,104
159,0.0003095865249633789,1,104
160,0.0003095865249633789,1,104
161,0.0003095865249633789,1,104
162,0.0003095865249633789,1,104
163,0.0003095865249633789,1,104
164,0.0003095865249633789,1,104
165,0.0003095865249633789,1,104
166,0.0003095865249633789,1,104
167,0.0003095865249633789,1,104
168,0.0003095865249633789,1,104
169,0.0003095865249633789,1,104
170,0.0003095865249633789,1,104
171,0.0003095865249633789,1,104
172,0.0003095865249633789,1,104
173,0.0003095865249633789,1,104
174,0.0003095865249633789,1,104
175,0.0003095865249633789,1,104
176,0.0003095865249633789,1,104
177,0.0003095865249633789,1,104
178,0.0003095865249633789,1,104
179,0.0003095865249633789,1,104
180,0.0003095865249633789,1,104
181,0.0003095865249633789,1,104
182,0.0003095865249633789,1,104
183,0.0003095865249633789,1,104
184,0.0003095865249633789,1,104
185,0.0003095865249633789,1,104
186,0.0003095865249633789,1,104
187,0.0003095865249633789,1,104
188,0.0003095865249633789,1,104
189,0.0003095865249633789,1,104
190,0.0003095865249633789,1,104
191,0.0003095865249633789,1,104
192,0.0003095865249633789,1,104
193,0.0003095865249633789,1,104
194,0.0003095865249633789,1,104
195,0.0003095865249633789,1,104
196,0.0003095865249633789,1,104
197,0.0003095865249633789,1,104
198,0.0003095865249633789,1,104
199,0.0003095865249633789,1,104
200,0.0003095865249633789,1,104
1,1.7881393432617188e-06,1,105
2,1.7881393432617188e-06,1,105
3,1.7881393432617188e-06,1,105
4,1.7881393432617188e-06,1,105
5,1.7881393432617188e-06,1,105
6,1.7881393432617188e-06,1,105
7,1.7881393432617188e-06,1,105
8,1.7881393432617188e-06,1,105
9,1.7881393432617188e-06,1,105
10,1.7881393432617188e-06,1,105
11,1.7881393432617188e-06,1,105
12,1.7881393432617188e-06,1,105
13,1.7881393432617188e-06,1,105
14,1.7881393432617188e-06,1,105
15,1.7881393432617188e-06,1,105
16,1.7881393432617188e-06,1,105
17,1.7881393432617188e-06,1,105
18,1.7881393432617188e-06,1,105
19,1.7881393432617188e-06,1,105
20,1.7881393432617188e-06,1,105
21,1.7881393432617188e-06,1,105
22,1.7881393432617188e-06,1,105
23,1.7881393432617188e-06,1,105
24,1.7881393432617188e-06,1,105
25,1.7881393432617188e-06,1,105
26,1.7881393432617188e-06,1,105
27,1.7881393432617188e-06,1,105
28,1.7881393432617188e-06,1,105
29,1.7881393432617188e-06,1,105
30,1.7881393432617188e-06,1,105
31,1.7881393432617188e-06,1,105
32,1.7881393432617188e-06,1,105
33,1.7881393432617188e-06,1,105
34,1.7881393432617188e-06,1,105
35,1.7881393432617188e-06,1,105
36,1.7881393432617188e-06,1,105
37,1.7881393432617188e-06,1,105
38,1.7881393432617188e-06,1,105
39,1.7881393432617188e-06,1,105
40,1.7881393432617188e-06,1,105
41,1.7881393432617188e-06,1,105
42,1.7881393432617188e-06,1,105
43,1.7881393432617188e-06,1,105
44,1.7881393432617188e-06,1,105
45,1.7881393432617188e-06,1,105
46,1.7881393432617188e-06,1,105
47,1.7881393432617188e-06,1,105
48,1.7881393432617188e-06,1,105
49,1.7881393432617188e-06,1,105
50,1.7881393432617188e-06,1,105
51,1.7881393432617188e-06,1,105
52,1.7881393432617188e-06,1,105
53,1.7881393432617188e-06,1,105
54,1.7881393432617188e-06,1,105
55,1.7881393432617188e-06,1,105
56,1.7881393432617188e-06,1,105
57,1.7881393432617188e-06,1,105
58,1.7881393432617188e-06,1,105
59,1.7881393432617188e-06,1,105
60,1.7881393432617188e-06,1,105
61,1.7881393432617188e-06,1,105
62,1.7881393432617188e-06,1,105
63,1.7881393432617188e-06,1,105
64,1.7881393432617188e-06,1,105
65,1.7881393432617188e-06,1,105
66,1.7881393432617188e-06,1,105
67,1.7881393432617188e-06,1,105
68,1.7881393432617188e-06,1,105
69,1.7881393432617188e-06,1,105
70,1.7881393432617188e-06,1,105
71,1.7881393432617188e-06,1,105
72,1.7881393432617188e-06,1,105
73,1.7881393432617188e-06,1,105
74,1.7881393432617188e-06,1,105
75,1.7881393432617188e-06,1,105
76,1.7881393432617188e-06,1,105
77,1.7881393432617188e-06,1,105
78,1.7881393432617188e-06,1,105
79,1.7881393432617188e-06,1,105
80,1.7881393432617188e-06,1,105
81,1.7881393432617188e-06,1,105
82,1.7881393432617188e-06,1,105
83,1.7881393432617188e-06,1,105
84,1.7881393432617188e-06,1,105
85,1.7881393432617188e-06,1,105
86,1.7881393432617188e-06,1,105
87,1.7881393432617188e-06,1,105
88,1.7881393432617188e-06,1,105
89,1.7881393432617188e-06,1,105
90,1.7881393432617188e-06,1,105
91,1.7881393432617188e-06,1,105
92,1.7881393432617188e-06,1,105
93,1.7881393432617188e-06,1,105
94,1.7881393432617188e-06,1,105
95,1.7881393432617188e-06,1,105
96,1.7881393432617188e-06,1,105
97,1.7881393432617188e-06,1,105
98,1.7881393432617188e-06,1,105
99,1.7881393432617188e-06,1,105
100,1.7881393432617188e-06,1,105
101,1.7881393432617188e-06,1,105
102,1.7881393432617188e-06,1,105
103,1.7881393432617188e-06,1,105
104,1.7881393432617188e-06,1,105
105,1.7881393432617188e-06,1,105
106,1.7881393432617188e-06,1,105
107,1.7881393432617188e-06,1,105
108,1.7881393432617188e-06,1,105
109,1.7881393432617188e-06,1,105
110,1.7881393432617188e-06,1,105
111,1.7881393432617188e-06,1,105
112,1.7881393432617188e-06,1,105
113,1.7881393432617188e-06,1,105
114,1.7881393432617188e-06,1,105
115,1.7881393432617188e-06,1,105
116,1.7881393432617188e-06,1,105
117,1.7881393432617188e-06,1,105
118,1.7881393432617188e-06,1,105
119,1.7881393432617188e-06,1,105
120,1.7881393432617188e-06,1,105
121,1.7881393432617188e-06,1,105
122,1.7881393432617188e-06,1,105
123,1.7881393432617188e-06,1,105
124,1.7881393432617188e-06,1,105
125,1.7881393432617188e-06,1,105
126,1.7881393432617188e-06,1,105
127,1.7881393432617188e-06,1,105
128,1.7881393432617188e-06,1,105
129,1.7881393432617188e-06,1,105
130,1.7881393432617188e-06,1,105
131,1.7881393432617188e-06,1,105
132,1.7881393432617188e-06,1,105
133,1.7881393432617188e-06,1,105
134,1.7881393432617188e-06,1,105
135,1.7881393432617188e-06,1,105
136,1.7881393432617188e-06,1,105
137,1.7881393432617188e-06,1,105
138,1.7881393432617188e-06,1,105
139,1.7881393432617188e-06,1,105
140,1.7881393432617188e-06,1,105
141,1.7881393432617188e-06,1,105
142,1.7881393432617188e-06,1,105
143,1.7881393432617188e-06,1,105
144,1.7881393432617188e-06,1,105
145,1.7881393432617188e-06,1,105
146,1.7881393432617188e-06,1,105
147,1.7881393432617188e-06,1,105
148,1.7881393432617188e-06,1,105
149,1.7881393432617188e-06,1,105
150,1.7881393432617188e-06,1,105
151,1.7881393432617188e-06,1,105
152,1.7881393432617188e-06,1,105
153,1.7881393432617188e-06,1,105
154,1.7881393432617188e-06,1,105
155,1.7881393432617188e-06,1,105
156,1.7881393432617188e-06,1,105
157,1.7881393432617188e-06,1,105
158,1.7881393432617188e-06,1,105
159,1.7881393432617188e-06,1,105
160,1.7881393432617188e-06,1,105
161,1.7881393432617188e-06,1,105
162,1.7881393432617188e-06,1,105
163,1.7881393432617188e-06,1,105
164,1.7881393432617188e-06,1,105
165,1.7881393432617188e-06,1,105
166,1.7881393432617188e-06,1,105
167,1.7881393432617188e-06,1,105
168,1.7881393432617188e-06,1,105
169,1.7881393432617188e-06,1,105
170,1.7881393432617188e-06,1,105
171,1.7881393432617188e-06,1,105
172,1.7881393432617188e-06,1,105
173,1.7881393432617188e-06,1,105
174,1.7881393432617188e-06,1,105
175,1.7881393432617188e-06,1,105
176,1.7881393432617188e-06,1,105
177,1.7881393432617188e-06,1,105
178,1.7881393432617188e-06,1,105
179,1.7881393432617188e-06,1,105
180,1.7881393432617188e-06,1,105
181,1.7881393432617188e-06,1,105
182,1.7881393432617188e-06,1,105
183,1.7881393432617188e-06,1,105
184,1.7881393432617188e-06,1,105
185,1.7881393432617188e-06,1,105
186,1.7881393432617188e-06,1,105
187,1.7881393432617188e-06,1,105
188,1.7881393432617188e-06,1,105
189,1.7881393432617188e-06,1,105
190,1.7881393432617188e-06,1,105
191,1.7881393432617188e-06,1,105
192,1.7881393432617188e-06,1,105
193,1.7881393432617188e-06,1,105
194,1.7881393432617188e-06,1,105
195,1.7881393432617188e-06,1,105
196,1.7881393432617188e-06,1,105
197,1.7881393432617188e-06,1,105
198,1.7881393432617188e-06,1,105
199,1.7881393432617188e-06,1,105
200,1.7881393432617188e-06,1,105
1,0.04159200191497803,1,106
2,0.04161179065704346,1,106
3,0.04161179065704346,1,106
4,0.04161179065704346,1,106
5,0.04161179065704346,1,106
6,0.0415993332862854,1,106
7,0.041596829891204834,1,106
8,0.041596829891204834,1,106
9,0.041596829891204834,1,106
10,0.041596829891204834,1,106
11,0.04159688949584961,1,106
12,0.04159688949584961,1,106
13,0.041596829891204834,1,106
14,0.041596829891204834,1,106
15,0.041596829891204834,1,106
16,0.041596829891204834,1,106
17,0.041596829891204834,1,106
18,0.041596829891204834,1,106
19,0.041596829891204834,1,106
20,0.041596829891204834,1,106
21,0.041596829891204834,1,106
22,0.041596829891204834,1,106
23,0.041596829891204834,1,106
24,0.041596829891204834,1,106
25,0.041596829891204834,1,106
26,0.041596829891204834,1,106
27,0.041596829891204834,1,106
28,0.041596829891204834,1,106
29,0.041596829891204834,1,106
30,0.041596829891204834,1,106
31,0.041596829891204834,1,106
32,0.041596829891204834,1,106
33,0.041596829891204834,1,106
34,0.041596829891204834,1,106
35,0.041596829891204834,1,106
36,0.041596829891204834,1,106
37,0.041596829891204834,1,106
38,0.041596829891204834,1,106
39,0.041596829891204834,1,106
40,0.041596829891204834,1,106
41,0.041596829891204834,1,106
42,0.041596829891204834,1,106
43,0.041596829891204834,1,106
44,0.041596829891204834,1,106
45,0.041596829891204834,1,106
46,0.041596829891204834,1,106
47,0.041596829891204834,1,106
48,0.041596829891204834,1,106
49,0.041596829891204834,1,106
50,0.041596829891204834,1,106
51,0.041596829891204834,1,106
52,0.041596829891204834,1,106
53,0.041596829891204834,1,106
54,0.041596829891204834,1,106
55,0.041596829891204834,1,106
56,0.041596829891204834,1,106
57,0.041596829891204834,1,106
58,0.041596829891204834,1,106
59,0.041596829891204834,1,106
60,0.041596829891204834,1,106
61,0.041596829891204834,1,106
62,0.041596829891204834,1,106
63,0.041596829891204834,1,106
64,0.041596829891204834,1,106
65,0.041596829891204834,1,106
66,0.041596829891204834,1,106
67,0.041596829891204834,1,106
68,0.041596829891204834,1,106
69,0.041596829891204834,1,106
70,0.041596829891204834,1,106
71,0.041596829891204834,1,106
72,0.041596829891204834,1,106
73,0.041596829891204834,1,106
74,0.041596829891204834,1,106
75,0.041596829891204834,1,106
76,0.041596829891204834,1,106
77,0.041596829891204834,1,106
78,0.041596829891204834,1,106
79,0.041596829891204834,1,106
80,0.041596829891204834,1,106
81,0.041596829891204834,1,106
82,0.041596829891204834,1,106
83,0.041596829891204834,1,106
84,0.041596829891204834,1,106
85,0.041596829891204834,1,106
86,0.041596829891204834,1,106
87,0.041596829891204834,1,106
88,0.041596829891204834,1,106
89,0.041596829891204834,1,106
90,0.041596829891204834,1,106
91,0.041596829891204834,1,106
92,0.041596829891204834,1,106
93,0.041596829891204834,1,106
94,0.041596829891204834,1,106
95,0.041596829891204834,1,106
96,0.041596829891204834,1,106
97,0.041596829891204834,1,106
98,0.041596829891204834,1,106
99,0.041596829891204834,1,106
100,0.041596829891204834,1,106
101,0.041596829891204834,1,106
102,0.041596829891204834,1,106
103,0.041596829891204834,1,106
104,0.041596829891204834,1,106
105,0.041596829891204834,1,106
106,0.041596829891204834,1,106
107,0.041596829891204834,1,106
108,0.041596829891204834,1,106
109,0.041596829891204834,1,106
110,0.041596829891204834,1,106
111,0.041596829891204834,1,106
112,0.041596829891204834,1,106
113,0.041596829891204834,1,106
114,0.041596829891204834,1,106
115,0.041596829891204834,1,106
116,0.041596829891204834,1,106
117,0.041596829891204834,1,106
118,0.041596829891204834,1,106
119,0.041596829891204834,1,106
120,0.041596829891204834,1,106
121,0.041596829891204834,1,106
122,0.041596829891204834,1,106
123,0.041596829891204834,1,106
124,0.041596829891204834,1,106
125,0.041596829891204834,1,106
126,0.041596829891204834,1,106
127,0.041596829891204834,1,106
128,0.041596829891204834,1,106
129,0.041596829891204834,1,106
130,0.041596829891204834,1,106
131,0.041596829891204834,1,106
132,0.041596829891204834,1,106
133,0.041596829891204834,1,106
134,0.041596829891204834,1,106
135,0.041596829891204834,1,106
136,0.041596829891204834,1,106
137,0.041596829891204834,1,106
138,0.041596829891204834,1,106
139,0.041596829891204834,1,106
140,0.041596829891204834,1,106
141,0.041596829891204834,1,106
142,0.041596829891204834,1,106
143,0.041596829891204834,1,106
144,0.041596829891204834,1,106
145,0.041596829891204834,1,106
146,0.041596829891204834,1,106
147,0.041596829891204834,1,106
148,0.041596829891204834,1,106
149,0.041596829891204834,1,106
150,0.041596829891204834,1,106
151,0.041596829891204834,1,106
152,0.041596829891204834,1,106
153,0.041596829891204834,1,106
154,0.041596829891204834,1,106
155,0.041596829891204834,1,106
156,0.041596829891204834,1,106
157,0.041596829891204834,1,106
158,0.041596829891204834,1,106
159,0.041596829891204834,1,106
160,0.041596829891204834,1,106
161,0.041596829891204834,1,106
162,0.041596829891204834,1,106
163,0.041596829891204834,1,106
164,0.041596829891204834,1,106
165,0.041596829891204834,1,106
166,0.041596829891204834,1,106
167,0.041596829891204834,1,106
168,0.041596829891204834,1,106
169,0.041596829891204834,1,106
170,0.041596829891204834,1,106
171,0.041596829891204834,1,106
172,0.041596829891204834,1,106
173,0.041596829891204834,1,106
174,0.041596829891204834,1,106
175,0.041596829891204834,1,106
176,0.041596829891204834,1,106
177,0.041596829891204834,1,106
178,0.041596829891204834,1,106
179,0.041596829891204834,1,106
180,0.041596829891204834,1,106
181,0.041596829891204834,1,106
182,0.041596829891204834,1,106
183,0.041596829891204834,1,106
184,0.041596829891204834,1,106
185,0.041596829891204834,1,106
186,0.041596829891204834,1,106
187,0.041596829891204834,1,106
188,0.041596829891204834,1,106
189,0.041596829891204834,1,106
190,0.041596829891204834,1,106
191,0.041596829891204834,1,106
192,0.041596829891204834,1,106
193,0.041596829891204834,1,106
194,0.041596829891204834,1,106
195,0.041596829891204834,1,106
196,0.041596829891204834,1,106
197,0.041596829891204834,1,106
198,0.041596829891204834,1,106
199,0.041596829891204834,1,106
200,0.041596829891204834,1,106
1,0.013450205326080322,1,107
2,0.013450205326080322,1,107
3,0.013450205326080322,1,107
4,0.013450205326080322,1,107
5,0.013450205326080322,1,107
6,0.013450205326080322,1,107
7,0.013450205326080322,1,107
8,0.01344919204711914,1,107
9,0.013450145721435547,1,107
10,0.013450145721435547,1,107
11,0.013450145721435547,1,107
12,0.013449788093566895,1,107
13,0.013449788093566895,1,107
14,0.013449788093566895,1,107
15,0.013450145721435547,1,107
16,0.013450145721435547,1,107
17,0.013450145721435547,1,107
18,0.013450145721435547,1,107
19,0.013450145721435547,1,107
20,0.013450145721435547,1,107
21,0.013450145721435547,1,107
22,0.013450145721435547,1,107
23,0.013450145721435547,1,107
24,0.013450145721435547,1,107
25,0.013450145721435547,1,107
26,0.013450145721435547,1,107
27,0.013450145721435547,1,107
28,0.013450145721435547,1,107
29,0.013450145721435547,1,107
30,0.013450145721435547,1,107
31,0.013450145721435547,1,107
32,0.013450145721435547,1,107
33,0.013450145721435547,1,107
34,0.013450145721435547,1,107
35,0.013450145721435547,1,107
36,0.013450145721435547,1,107
37,0.013450145721435547,1,107
38,0.013450145721435547,1,107
39,0.013450145721435547,1,107
40,0.013450145721435547,1,107
41,0.013450145721435547,1,107
42,0.013450145721435547,1,107
43,0.013450145721435547,1,107
44,0.013450145721435547,1,107
45,0.013450145721435547,1,107
46,0.013450145721435547,1,107
47,0.013450145721435547,1,107
48,0.013450145721435547,1,107
49,0.013450145721435547,1,107
50,0.013450145721435547,1,107
51,0.013450145721435547,1,107
52,0.013450145721435547,1,107
53,0.013450145721435547,1,107
54,0.013450145721435547,1,107
55,0.013450145721435547,1,107
56,0.013450145721435547,1,107
57,0.013450145721435547,1,107
58,0.013450145721435547,1,107
59,0.013450145721435547,1,107
60,0.013450145721435547,1,107
61,0.013450145721435547,1,107
62,0.013450145721435547,1,107
63,0.013450145721435547,1,107
64,0.013450145721435547,1,107
65,0.013450145721435547,1,107
66,0.013450145721435547,1,107
67,0.013450145721435547,1,107
68,0.013450145721435547,1,107
69,0.013450145721435547,1,107
70,0.013450145721435547,1,107
71,0.013450145721435547,1,107
72,0.013450145721435547,1,107
73,0.013450145721435547,1,107
74,0.013450145721435547,1,107
75,0.013450145721435547,1,107
76,0.013450145721435547,1,107
77,0.013450145721435547,1,107
78,0.013450145721435547,1,107
79,0.013450145721435547,1,107
80,0.013450145721435547,1,107
81,0.013450145721435547,1,107
82,0.013450145721435547,1,107
83,0.013450145721435547,1,107
84,0.013450145721435547,1,107
85,0.013450145721435547,1,107
86,0.013450145721435547,1,107
87,0.013450145721435547,1,107
88,0.013450145721435547,1,107
89,0.013450145721435547,1,107
90,0.013450145721435547,1,107
91,0.013450145721435547,1,107
92,0.013450145721435547,1,107
93,0.013450145721435547,1,107
94,0.013450145721435547,1,107
95,0.013450145721435547,1,107
96,0.013450145721435547,1,107
97,0.013450145721435547,1,107
98,0.013450145721435547,1,107
99,0.013450145721435547,1,107
100,0.013450145721435547,1,107
101,0.013450145721435547,1,107
102,0.013450145721435547,1,107
103,0.013450145721435547,1,107
104,0.013450145721435547,1,107
105,0.013450145721435547,1,107
106,0.013450145721435547,1,107
107,0.013450145721435547,1,107
108,0.013450145721435547,1,107
109,0.013450145721435547,1,107
110,0.013450145721435547,1,107
111,0.013450145721435547,1,107
112,0.013450145721435547,1,107
113,0.013450145721435547,1,107
114,0.013450145721435547,1,107
115,0.013450145721435547,1,107
116,0.013450145721435547,1,107
117,0.013450145721435547,1,107
118,0.013450145721435547,1,107
119,0.013450145721435547,1,107
120,0.013450145721435547,1,107
121,0.013450145721435547,1,107
122,0.013450145721435547,1,107
123,0.013450145721435547,1,107
124,0.013450145721435547,1,107
125,0.013450145721435547,1,107
126,0.013450145721435547,1,107
127,0.013450145721435547,1,107
128,0.013450145721435547,1,107
129,0.013450145721435547,1,107
130,0.013450145721435547,1,107
131,0.013450145721435547,1,107
132,0.013450145721435547,1,107
133,0.013450145721435547,1,107
134,0.013450145721435547,1,107
135,0.013450145721435547,1,107
136,0.013450145721435547,1,107
137,0.013450145721435547,1,107
138,0.013450145721435547,1,107
139,0.013450145721435547,1,107
140,0.013450145721435547,1,107
141,0.013450145721435547,1,107
142,0.013450145721435547,1,107
143,0.013450145721435547,1,107
144,0.013450145721435547,1,107
145,0.013450145721435547,1,107
146,0.013450145721435547,1,107
147,0.013450145721435547,1,107
148,0.013450145721435547,1,107
149,0.013450145721435547,1,107
150,0.013450145721435547,1,107
151,0.013450145721435547,1,107
152,0.013450145721435547,1,107
153,0.013450145721435547,1,107
154,0.013450145721435547,1,107
155,0.013450145721435547,1,107
156,0.013450145721435547,1,107
157,0.013450145721435547,1,107
158,0.013450145721435547,1,107
159,0.013450145721435547,1,107
160,0.013450145721435547,1,107
161,0.013450145721435547,1,107
162,0.013450145721435547,1,107
163,0.013450145721435547,1,107
164,0.013450145721435547,1,107
165,0.013450145721435547,1,107
166,0.013450145721435547,1,107
167,0.013450145721435547,1,107
168,0.013450145721435547,1,107
169,0.013450145721435547,1,107
170,0.013450145721435547,1,107
171,0.013450145721435547,1,107
172,0.013450145721435547,1,107
173,0.013450145721435547,1,107
174,0.013450145721435547,1,107
175,0.013450145721435547,1,107
176,0.013450145721435547,1,107
177,0.013450145721435547,1,107
178,0.013450145721435547,1,107
179,0.013450145721435547,1,107
180,0.013450145721435547,1,107
181,0.013450145721435547,1,107
182,0.013450145721435547,1,107
183,0.013450145721435547,1,107
184,0.013450145721435547,1,107
185,0.013450145721435547,1,107
186,0.013450145721435547,1,107
187,0.013450145721435547,1,107
188,0.013450145721435547,1,107
189,0.013450145721435547,1,107
190,0.013450145721435547,1,107
191,0.013450145721435547,1,107
192,0.013450145721435547,1,107
193,0.013450145721435547,1,107
194,0.013450145721435547,1,107
195,0.013450145721435547,1,107
196,0.013450145721435547,1,107
197,0.013450145721435547,1,107
198,0.013450145721435547,1,107
199,0.013450145721435547,1,107
200,0.013450145721435547,1,107
1,1.9073486328125e-06,1,108
2,1.9073486328125e-06,1,108
3,1.9073486328125e-06,1,108
4,1.9073486328125e-06,1,108
5,1.9073486328125e-06,1,108
6,1.9073486328125e-06,1,108
7,1.9073486328125e-06,1,108
8,1.9073486328125e-06,1,108
9,1.9073486328125e-06,1,108
10,1.9073486328125e-06,1,108
11,1.9073486328125e-06,1,108
12,1.9073486328125e-06,1,108
13,1.9073486328125e-06,1,108
14,1.9073486328125e-06,1,108
15,1.9073486328125e-06,1,108
16,1.9073486328125e-06,1,108
17,1.9073486328125e-06,1,108
18,1.9073486328125e-06,1,108
19,1.9073486328125e-06,1,108
20,1.9073486328125e-06,1,108
21,1.9073486328125e-06,1,108
22,1.9073486328125e-06,1,108
23,1.9073486328125e-06,1,108
24,1.9073486328125e-06,1,108
25,1.9073486328125e-06,1,108
26,1.9073486328125e-06,1,108
27,1.9073486328125e-06,1,108
28,1.9073486328125e-06,1,108
29,1.9073486328125e-06,1,108
30,1.9073486328125e-06,1,108
31,1.9073486328125e-06,1,108
32,1.9073486328125e-06,1,108
33,1.9073486328125e-06,1,108
34,1.9073486328125e-06,1,108
35,1.9073486328125e-06,1,108
36,1.9073486328125e-06,1,108
37,1.9073486328125e-06,1,108
38,1.9073486328125e-06,1,108
39,1.9073486328125e-06,1,108
40,1.9073486328125e-06,1,108
41,1.9073486328125e-06,1,108
42,1.9073486328125e-06,1,108
43,1.9073486328125e-06,1,108
44,1.9073486328125e-06,1,108
45,1.9073486328125e-06,1,108
46,1.9073486328125e-06,1,108
47,1.9073486328125e-06,1,108
48,1.9073486328125e-06,1,108
49,1.9073486328125e-06,1,108
50,1.9073486328125e-06,1,108
51,1.9073486328125e-06,1,108
52,1.9073486328125e-06,1,108
53,1.9073486328125e-06,1,108
54,1.9073486328125e-06,1,108
55,1.9073486328125e-06,1,108
56,1.9073486328125e-06,1,108
57,1.9073486328125e-06,1,108
58,1.9073486328125e-06,1,108
59,1.9073486328125e-06,1,108
60,1.9073486328125e-06,1,108
61,1.9073486328125e-06,1,108
62,1.9073486328125e-06,1,108
63,1.9073486328125e-06,1,108
64,1.9073486328125e-06,1,108
65,1.9073486328125e-06,1,108
66,1.9073486328125e-06,1,108
67,1.9073486328125e-06,1,108
68,1.9073486328125e-06,1,108
69,1.9073486328125e-06,1,108
70,1.9073486328125e-06,1,108
71,1.9073486328125e-06,1,108
72,1.9073486328125e-06,1,108
73,1.9073486328125e-06,1,108
74,1.9073486328125e-06,1,108
75,1.9073486328125e-06,1,108
76,1.9073486328125e-06,1,108
77,1.9073486328125e-06,1,108
78,1.9073486328125e-06,1,108
79,1.9073486328125e-06,1,108
80,1.9073486328125e-06,1,108
81,1.9073486328125e-06,1,108
82,1.9073486328125e-06,1,108
83,1.9073486328125e-06,1,108
84,1.9073486328125e-06,1,108
85,1.9073486328125e-06,1,108
86,1.9073486328125e-06,1,108
87,1.9073486328125e-06,1,108
88,1.9073486328125e-06,1,108
89,1.9073486328125e-06,1,108
90,1.9073486328125e-06,1,108
91,1.9073486328125e-06,1,108
92,1.9073486328125e-06,1,108
93,1.9073486328125e-06,1,108
94,1.9073486328125e-06,1,108
95,1.9073486328125e-06,1,108
96,1.9073486328125e-06,1,108
97,1.9073486328125e-06,1,108
98,1.9073486328125e-06,1,108
99,1.9073486328125e-06,1,108
100,1.9073486328125e-06,1,108
101,1.9073486328125e-06,1,108
102,1.9073486328125e-06,1,108
103,1.9073486328125e-06,1,108
104,1.9073486328125e-06,1,108
105,1.9073486328125e-06,1,108
106,1.9073486328125e-06,1,108
107,1.9073486328125e-06,1,108
108,1.9073486328125e-06,1,108
109,1.9073486328125e-06,1,108
110,1.9073486328125e-06,1,108
111,1.9073486328125e-06,1,108
112,1.9073486328125e-06,1,108
113,1.9073486328125e-06,1,108
114,1.9073486328125e-06,1,108
115,1.9073486328125e-06,1,108
116,1.9073486328125e-06,1,108
117,1.9073486328125e-06,1,108
118,1.9073486328125e-06,1,108
119,1.9073486328125e-06,1,108
120,1.9073486328125e-06,1,108
121,1.9073486328125e-06,1,108
122,1.9073486328125e-06,1,108
123,1.9073486328125e-06,1,108
124,1.9073486328125e-06,1,108
125,1.9073486328125e-06,1,108
126,1.9073486328125e-06,1,108
127,1.9073486328125e-06,1,108
128,1.9073486328125e-06,1,108
129,1.9073486328125e-06,1,108
130,1.9073486328125e-06,1,108
131,1.9073486328125e-06,1,108
132,1.9073486328125e-06,1,108
133,1.9073486328125e-06,1,108
134,1.9073486328125e-06,1,108
135,1.9073486328125e-06,1,108
136,1.9073486328125e-06,1,108
137,1.9073486328125e-06,1,108
138,1.9073486328125e-06,1,108
139,1.9073486328125e-06,1,108
140,1.9073486328125e-06,1,108
141,1.9073486328125e-06,1,108
142,1.9073486328125e-06,1,108
143,1.9073486328125e-06,1,108
144,1.9073486328125e-06,1,108
145,1.9073486328125e-06,1,108
146,1.9073486328125e-06,1,108
147,1.9073486328125e-06,1,108
148,1.9073486328125e-06,1,108
149,1.9073486328125e-06,1,108
150,1.9073486328125e-06,1,108
151,1.9073486328125e-06,1,108
152,1.9073486328125e-06,1,108
153,1.9073486328125e-06,1,108
154,1.9073486328125e-06,1,108
155,1.9073486328125e-06,1,108
156,1.9073486328125e-06,1,108
157,1.9073486328125e-06,1,108
158,1.9073486328125e-06,1,108
159,1.9073486328125e-06,1,108
160,1.9073486328125e-06,1,108
161,1.9073486328125e-06,1,108
162,1.9073486328125e-06,1,108
163,1.9073486328125e-06,1,108
164,1.9073486328125e-06,1,108
165,1.9073486328125e-06,1,108
166,1.9073486328125e-06,1,108
167,1.9073486328125e-06,1,108
168,1.9073486328125e-06,1,108
169,1.9073486328125e-06,1,108
170,1.9073486328125e-06,1,108
171,1.9073486328125e-06,1,108
172,1.9073486328125e-06,1,108
173,1.9073486328125e-06,1,108
174,1.9073486328125e-06,1,108
175,1.9073486328125e-06,1,108
176,1.9073486328125e-06,1,108
177,1.9073486328125e-06,1,108
178,1.9073486328125e-06,1,108
179,1.9073486328125e-06,1,108
180,1.9073486328125e-06,1,108
181,1.9073486328125e-06,1,108
182,1.9073486328125e-06,1,108
183,1.9073486328125e-06,1,108
184,1.9073486328125e-06,1,108
185,1.9073486328125e-06,1,108
186,1.9073486328125e-06,1,108
187,1.9073486328125e-06,1,108
188,1.9073486328125e-06,1,108
189,1.9073486328125e-06,1,108
190,1.9073486328125e-06,1,108
191,1.9073486328125e-06,1,108
192,1.9073486328125e-06,1,108
193,1.9073486328125e-06,1,108
194,1.9073486328125e-06,1,108
195,1.9073486328125e-06,1,108
196,1.9073486328125e-06,1,108
197,1.9073486328125e-06,1,108
198,1.9073486328125e-06,1,108
199,1.9073486328125e-06,1,108
200,1.9073486328125e-06,1,108
1,5.4836273193359375e-05,1,109
2,5.4836273193359375e-05,1,109
3,5.4836273193359375e-05,1,109
4,5.4836273193359375e-05,1,109
5,5.4836273193359375e-05,1,109
6,5.4836273193359375e-05,1,109
7,5.4836273193359375e-05,1,109
8,5.4836273193359375e-05,1,109
9,5.4836273193359375e-05,1,109
10,5.4836273193359375e-05,1,109
11,5.4836273193359375e-05,1,109
12,5.4836273193359375e-05,1,109
13,5.4836273193359375e-05,1,109
14,5.4836273193359375e-05,1,109
15,5.4836273193359375e-05,1,109
16,5.4836273193359375e-05,1,109
17,5.4836273193359375e-05,1,109
18,5.4836273193359375e-05,1,109
19,5.4836273193359375e-05,1,109
20,5.4836273193359375e-05,1,109
21,5.4836273193359375e-05,1,109
22,5.4836273193359375e-05,1,109
23,5.4836273193359375e-05,1,109
24,5.4836273193359375e-05,1,109
25,5.4836273193359375e-05,1,109
26,5.4836273193359375e-05,1,109
27,5.4836273193359375e-05,1,109
28,5.4836273193359375e-05,1,109
29,5.4836273193359375e-05,1,109
30,5.4836273193359375e-05,1,109
31,5.4836273193359375e-05,1,109
32,5.4836273193359375e-05,1,109
33,5.4836273193359375e-05,1,109
34,5.4836273193359375e-05,1,109
35,5.4836273193359375e-05,1,109
36,5.4836273193359375e-05,1,109
37,5.4836273193359375e-05,1,109
38,5.4836273193359375e-05,1,109
39,5.4836273193359375e-05,1,109
40,5.4836273193359375e-05,1,109
41,5.4836273193359375e-05,1,109
42,5.4836273193359375e-05,1,109
43,5.4836273193359375e-05,1,109
44,5.4836273193359375e-05,1,109
45,5.4836273193359375e-05,1,109
46,5.4836273193359375e-05,1,109
47,5.4836273193359375e-05,1,109
48,5.4836273193359375e-05,1,109
49,5.4836273193359375e-05,1,109
50,5.4836273193359375e-05,1,109
51,5.4836273193359375e-05,1,109
52,5.4836273193359375e-05,1,109
53,5.4836273193359375e-05,1,109
54,5.4836273193359375e-05,1,109
55,5.4836273193359375e-05,1,109
56,5.4836273193359375e-05,1,109
57,5.4836273193359375e-05,1,109
58,5.4836273193359375e-05,1,109
59,5.4836273193359375e-05,1,109
60,5.4836273193359375e-05,1,109
61,5.4836273193359375e-05,1,109
62,5.4836273193359375e-05,1,109
63,5.4836273193359375e-05,1,109
64,5.4836273193359375e-05,1,109
65,5.4836273193359375e-05,1,109
66,5.4836273193359375e-05,1,109
67,5.4836273193359375e-05,1,109
68,5.4836273193359375e-05,1,109
69,5.4836273193359375e-05,1,109
70,5.4836273193359375e-05,1,109
71,5.4836273193359375e-05,1,109
72,5.4836273193359375e-05,1,109
73,5.4836273193359375e-05,1,109
74,5.4836273193359375e-05,1,109
75,5.4836273193359375e-05,1,109
76,5.4836273193359375e-05,1,109
77,5.4836273193359375e-05,1,109
78,5.4836273193359375e-05,1,109
79,5.4836273193359375e-05,1,109
80,5.4836273193359375e-05,1,109
81,5.4836273193359375e-05,1,109
82,5.4836273193359375e-05,1,109
83,5.4836273193359375e-05,1,109
84,5.4836273193359375e-05,1,109
85,5.4836273193359375e-05,1,109
86,5.4836273193359375e-05,1,109
87,5.4836273193359375e-05,1,109
88,5.4836273193359375e-05,1,109
89,5.4836273193359375e-05,1,109
90,5.4836273193359375e-05,1,109
91,5.4836273193359375e-05,1,109
92,5.4836273193359375e-05,1,109
93,5.4836273193359375e-05,1,109
94,5.4836273193359375e-05,1,109
95,5.4836273193359375e-05,1,109
96,5.4836273193359375e-05,1,109
97,5.4836273193359375e-05,1,109
98,5.4836273193359375e-05,1,109
99,5.4836273193359375e-05,1,109
100,5.4836273193359375e-05,1,109
101,5.4836273193359375e-05,1,109
102,5.4836273193359375e-05,1,109
103,5.4836273193359375e-05,1,109
104,5.4836273193359375e-05,1,109
105,5.4836273193359375e-05,1,109
106,5.4836273193359375e-05,1,109
107,5.4836273193359375e-05,1,109
108,5.4836273193359375e-05,1,109
109,5.4836273193359375e-05,1,109
110,5.4836273193359375e-05,1,109
111,5.4836273193359375e-05,1,109
112,5.4836273193359375e-05,1,109
113,5.4836273193359375e-05,1,109
114,5.4836273193359375e-05,1,109
115,5.4836273193359375e-05,1,109
116,5.4836273193359375e-05,1,109
117,5.4836273193359375e-05,1,109
118,5.4836273193359375e-05,1,109
119,5.4836273193359375e-05,1,109
120,5.4836273193359375e-05,1,109
121,5.4836273193359375e-05,1,109
122,5.4836273193359375e-05,1,109
123,5.4836273193359375e-05,1,109
124,5.4836273193359375e-05,1,109
125,5.4836273193359375e-05,1,109
126,5.4836273193359375e-05,1,109
127,5.4836273193359375e-05,1,109
128,5.4836273193359375e-05,1,109
129,5.4836273193359375e-05,1,109
130,5.4836273193359375e-05,1,109
131,5.4836273193359375e-05,1,109
132,5.4836273193359375e-05,1,109
133,5.4836273193359375e-05,1,109
134,5.4836273193359375e-05,1,109
135,5.4836273193359375e-05,1,109
136,5.4836273193359375e-05,1,109
137,5.4836273193359375e-05,1,109
138,5.4836273193359375e-05,1,109
139,5.4836273193359375e-05,1,109
140,5.4836273193359375e-05,1,109
141,5.4836273193359375e-05,1,109
142,5.4836273193359375e-05,1,109
143,5.4836273193359375e-05,1,109
144,5.4836273193359375e-05,1,109
145,5.4836273193359375e-05,1,109
146,5.4836273193359375e-05,1,109
147,5.4836273193359375e-05,1,109
148,5.4836273193359375e-05,1,109
149,5.4836273193359375e-05,1,109
150,5.4836273193359375e-05,1,109
151,5.4836273193359375e-05,1,109
152,5.4836273193359375e-05,1,109
153,5.4836273193359375e-05,1,109
154,5.4836273193359375e-05,1,109
155,5.4836273193359375e-05,1,109
156,5.4836273193359375e-05,1,109
157,5.4836273193359375e-05,1,109
158,5.4836273193359375e-05,1,109
159,5.4836273193359375e-05,1,109
160,5.4836273193359375e-05,1,109
161,5.4836273193359375e-05,1,109
162,5.4836273193359375e-05,1,109
163,5.4836273193359375e-05,1,109
164,5.4836273193359375e-05,1,109
165,5.4836273193359375e-05,1,109
166,5.4836273193359375e-05,1,109
167,5.4836273193359375e-05,1,109
168,5.4836273193359375e-05,1,109
169,5.4836273193359375e-05,1,109
170,5.4836273193359375e-05,1,109
171,5.4836273193359375e-05,1,109
172,5.4836273193359375e-05,1,109
173,5.4836273193359375e-05,1,109
174,5.4836273193359375e-05,1,109
175,5.4836273193359375e-05,1,109
176,5.4836273193359375e-05,1,109
177,5.4836273193359375e-05,1,109
178,5.4836273193359375e-05,1,109
179,5.4836273193359375e-05,1,109
180,5.4836273193359375e-05,1,109
181,5.4836273193359375e-05,1,109
182,5.4836273193359375e-05,1,109
183,5.4836273193359375e-05,1,109
184,5.4836273193359375e-05,1,109
185,5.4836273193359375e-05,1,109
186,5.4836273193359375e-05,1,109
187,5.4836273193359375e-05,1,109
188,5.4836273193359375e-05,1,109
189,5.4836273193359375e-05,1,109
190,5.4836273193359375e-05,1,109
191,5.4836273193359375e-05,1,109
192,5.4836273193359375e-05,1,109
193,5.4836273193359375e-05,1,109
194,5.4836273193359375e-05,1,109
195,5.4836273193359375e-05,1,109
196,5.4836273193359375e-05,1,109
197,5.4836273193359375e-05,1,109
198,5.4836273193359375e-05,1,109
199,5.4836273193359375e-05,1,109
200,5.4836273193359375e-05,1,109
1,7.319450378417969e-05,1,110
2,7.319450378417969e-05,1,110
3,7.319450378417969e-05,1,110
4,7.319450378417969e-05,1,110
5,7.319450378417969e-05,1,110
6,7.319450378417969e-05,1,110
7,7.319450378417969e-05,1,110
8,7.319450378417969e-05,1,110
9,7.319450378417969e-05,1,110
10,7.319450378417969e-05,1,110
11,7.319450378417969e-05,1,110
12,7.319450378417969e-05,1,110
13,7.319450378417969e-05,1,110
14,7.319450378417969e-05,1,110
15,7.319450378417969e-05,1,110
16,7.319450378417969e-05,1,110
17,7.319450378417969e-05,1,110
18,7.319450378417969e-05,1,110
19,7.319450378417969e-05,1,110
20,7.319450378417969e-05,1,110
21,7.319450378417969e-05,1,110
22,7.319450378417969e-05,1,110
23,7.319450378417969e-05,1,110
24,7.319450378417969e-05,1,110
25,7.319450378417969e-05,1,110
26,7.319450378417969e-05,1,110
27,7.319450378417969e-05,1,110
28,7.319450378417969e-05,1,110
29,7.319450378417969e-05,1,110
30,7.319450378417969e-05,1,110
31,7.319450378417969e-05,1,110
32,7.319450378417969e-05,1,110
33,7.319450378417969e-05,1,110
34,7.319450378417969e-05,1,110
35,7.319450378417969e-05,1,110
36,7.319450378417969e-05,1,110
37,7.319450378417969e-05,1,110
38,7.319450378417969e-05,1,110
39,7.319450378417969e-05,1,110
40,7.319450378417969e-05,1,110
41,7.319450378417969e-05,1,110
42,7.319450378417969e-05,1,110
43,7.319450378417969e-05,1,110
44,7.319450378417969e-05,1,110
45,7.319450378417969e-05,1,110
46,7.319450378417969e-05,1,110
47,7.319450378417969e-05,1,110
48,7.319450378417969e-05,1,110
49,7.319450378417969e-05,1,110
50,7.319450378417969e-05,1,110
51,7.319450378417969e-05,1,110
52,7.319450378417969e-05,1,110
53,7.319450378417969e-05,1,110
54,7.319450378417969e-05,1,110
55,7.319450378417969e-05,1,110
56,7.319450378417969e-05,1,110
57,7.319450378417969e-05,1,110
58,7.319450378417969e-05,1,110
59,7.319450378417969e-05,1,110
60,7.319450378417969e-05,1,110
61,7.319450378417969e-05,1,110
62,7.319450378417969e-05,1,110
63,7.319450378417969e-05,1,110
64,7.319450378417969e-05,1,110
65,7.319450378417969e-05,1,110
66,7.319450378417969e-05,1,110
67,7.319450378417969e-05,1,110
68,7.319450378417969e-05,1,110
69,7.319450378417969e-05,1,110
70,7.319450378417969e-05,1,110
71,7.319450378417969e-05,1,110
72,7.319450378417969e-05,1,110
73,7.319450378417969e-05,1,110
74,7.319450378417969e-05,1,110
75,7.319450378417969e-05,1,110
76,7.319450378417969e-05,1,110
77,7.319450378417969e-05,1,110
78,7.319450378417969e-05,1,110
79,7.319450378417969e-05,1,110
80,7.319450378417969e-05,1,110
81,7.319450378417969e-05,1,110
82,7.319450378417969e-05,1,110
83,7.319450378417969e-05,1,110
84,7.319450378417969e-05,1,110
85,7.319450378417969e-05,1,110
86,7.319450378417969e-05,1,110
87,7.319450378417969e-05,1,110
88,7.319450378417969e-05,1,110
89,7.319450378417969e-05,1,110
90,7.319450378417969e-05,1,110
91,7.319450378417969e-05,1,110
92,7.319450378417969e-05,1,110
93,7.319450378417969e-05,1,110
94,7.319450378417969e-05,1,110
95,7.319450378417969e-05,1,110
96,7.319450378417969e-05,1,110
97,7.319450378417969e-05,1,110
98,7.319450378417969e-05,1,110
99,7.319450378417969e-05,1,110
100,7.319450378417969e-05,1,110
101,7.319450378417969e-05,1,110
102,7.319450378417969e-05,1,110
103,7.319450378417969e-05,1,110
104,7.319450378417969e-05,1,110
105,7.319450378417969e-05,1,110
106,7.319450378417969e-05,1,110
107,7.319450378417969e-05,1,110
108,7.319450378417969e-05,1,110
109,7.319450378417969e-05,1,110
110,7.319450378417969e-05,1,110
111,7.319450378417969e-05,1,110
112,7.319450378417969e-05,1,110
113,7.319450378417969e-05,1,110
114,7.319450378417969e-05,1,110
115,7.319450378417969e-05,1,110
116,7.319450378417969e-05,1,110
117,7.319450378417969e-05,1,110
118,7.319450378417969e-05,1,110
119,7.319450378417969e-05,1,110
120,7.319450378417969e-05,1,110
121,7.319450378417969e-05,1,110
122,7.319450378417969e-05,1,110
123,7.319450378417969e-05,1,110
124,7.319450378417969e-05,1,110
125,7.319450378417969e-05,1,110
126,7.319450378417969e-05,1,110
127,7.319450378417969e-05,1,110
128,7.319450378417969e-05,1,110
129,7.319450378417969e-05,1,110
130,7.319450378417969e-05,1,110
131,7.319450378417969e-05,1,110
132,7.319450378417969e-05,1,110
133,7.319450378417969e-05,1,110
134,7.319450378417969e-05,1,110
135,7.319450378417969e-05,1,110
136,7.319450378417969e-05,1,110
137,7.319450378417969e-05,1,110
138,7.319450378417969e-05,1,110
139,7.319450378417969e-05,1,110
140,7.319450378417969e-05,1,110
141,7.319450378417969e-05,1,110
142,7.319450378417969e-05,1,110
143,7.319450378417969e-05,1,110
144,7.319450378417969e-05,1,110
145,7.319450378417969e-05,1,110
146,7.319450378417969e-05,1,110
147,7.319450378417969e-05,1,110
148,7.319450378417969e-05,1,110
149,7.319450378417969e-05,1,110
150,7.319450378417969e-05,1,110
151,7.319450378417969e-05,1,110
152,7.319450378417969e-05,1,110
153,7.319450378417969e-05,1,110
154,7.319450378417969e-05,1,110
155,7.319450378417969e-05,1,110
156,7.319450378417969e-05,1,110
157,7.319450378417969e-05,1,110
158,7.319450378417969e-05,1,110
159,7.319450378417969e-05,1,110
160,7.319450378417969e-05,1,110
161,7.319450378417969e-05,1,110
162,7.319450378417969e-05,1,110
163,7.319450378417969e-05,1,110
164,7.319450378417969e-05,1,110
165,7.319450378417969e-05,1,110
166,7.319450378417969e-05,1,110
167,7.319450378417969e-05,1,110
168,7.319450378417969e-05,1,110
169,7.319450378417969e-05,1,110
170,7.319450378417969e-05,1,110
171,7.319450378417969e-05,1,110
172,7.319450378417969e-05,1,110
173,7.319450378417969e-05,1,110
174,7.319450378417969e-05,1,110
175,7.319450378417969e-05,1,110
176,7.319450378417969e-05,1,110
177,7.319450378417969e-05,1,110
178,7.319450378417969e-05,1,110
179,7.319450378417969e-05,1,110
180,7.319450378417969e-05,1,110
181,7.319450378417969e-05,1,110
182,7.319450378417969e-05,1,110
183,7.319450378417969e-05,1,110
184,7.319450378417969e-05,1,110
185,7.319450378417969e-05,1,110
186,7.319450378417969e-05,1,110
187,7.319450378417969e-05,1,110
188,7.319450378417969e-05,1,110
189,7.319450378417969e-05,1,110
190,7.319450378417969e-05,1,110
191,7.319450378417969e-05,1,110
192,7.319450378417969e-05,1,110
193,7.319450378417969e-05,1,110
194,7.319450378417969e-05,1,110
195,7.319450378417969e-05,1,110
196,7.319450378417969e-05,1,110
197,7.319450378417969e-05,1,110
198,7.319450378417969e-05,1,110
199,7.319450378417969e-05,1,110
200,7.319450378417969e-05,1,110
1,7.152557373046875e-07,1,111
2,7.152557373046875e-07,1,111
3,7.152557373046875e-07,1,111
4,7.152557373046875e-07,1,111
5,7.152557373046875e-07,1,111
6,7.152557373046875e-07,1,111
7,7.152557373046875e-07,1,111
8,7.152557373046875e-07,1,111
9,7.152557373046875e-07,1,111
10,7.152557373046875e-07,1,111
11,7.152557373046875e-07,1,111
12,7.152557373046875e-07,1,111
13,7.152557373046875e-07,1,111
14,7.152557373046875e-07,1,111
15,7.152557373046875e-07,1,111
16,7.152557373046875e-07,1,111
17,7.152557373046875e-07,1,111
18,7.152557373046875e-07,1,111
19,7.152557373046875e-07,1,111
20,7.152557373046875e-07,1,111
21,7.152557373046875e-07,1,111
22,7.152557373046875e-07,1,111
23,7.152557373046875e-07,1,111
24,7.152557373046875e-07,1,111
25,7.152557373046875e-07,1,111
26,7.152557373046875e-07,1,111
27,7.152557373046875e-07,1,111
28,7.152557373046875e-07,1,111
29,7.152557373046875e-07,1,111
30,7.152557373046875e-07,1,111
31,7.152557373046875e-07,1,111
32,7.152557373046875e-07,1,111
33,7.152557373046875e-07,1,111
34,7.152557373046875e-07,1,111
35,7.152557373046875e-07,1,111
36,7.152557373046875e-07,1,111
37,7.152557373046875e-07,1,111
38,7.152557373046875e-07,1,111
39,7.152557373046875e-07,1,111
40,7.152557373046875e-07,1,111
41,7.152557373046875e-07,1,111
42,7.152557373046875e-07,1,111
43,7.152557373046875e-07,1,111
44,7.152557373046875e-07,1,111
45,7.152557373046875e-07,1,111
46,7.152557373046875e-07,1,111
47,7.152557373046875e-07,1,111
48,7.152557373046875e-07,1,111
49,7.152557373046875e-07,1,111
50,7.152557373046875e-07,1,111
51,7.152557373046875e-07,1,111
52,7.152557373046875e-07,1,111
53,7.152557373046875e-07,1,111
54,7.152557373046875e-07,1,111
55,7.152557373046875e-07,1,111
56,7.152557373046875e-07,1,111
57,7.152557373046875e-07,1,111
58,7.152557373046875e-07,1,111
59,7.152557373046875e-07,1,111
60,7.152557373046875e-07,1,111
61,7.152557373046875e-07,1,111
62,7.152557373046875e-07,1,111
63,7.152557373046875e-07,1,111
64,7.152557373046875e-07,1,111
65,7.152557373046875e-07,1,111
66,7.152557373046875e-07,1,111
67,7.152557373046875e-07,1,111
68,7.152557373046875e-07,1,111
69,7.152557373046875e-07,1,111
70,7.152557373046875e-07,1,111
71,7.152557373046875e-07,1,111
72,7.152557373046875e-07,1,111
73,7.152557373046875e-07,1,111
74,7.152557373046875e-07,1,111
75,7.152557373046875e-07,1,111
76,7.152557373046875e-07,1,111
77,7.152557373046875e-07,1,111
78,7.152557373046875e-07,1,111
79,7.152557373046875e-07,1,111
80,7.152557373046875e-07,1,111
81,7.152557373046875e-07,1,111
82,7.152557373046875e-07,1,111
83,7.152557373046875e-07,1,111
84,7.152557373046875e-07,1,111
85,7.152557373046875e-07,1,111
86,7.152557373046875e-07,1,111
87,7.152557373046875e-07,1,111
88,7.152557373046875e-07,1,111
89,7.152557373046875e-07,1,111
90,7.152557373046875e-07,1,111
91,7.152557373046875e-07,1,111
92,7.152557373046875e-07,1,111
93,7.152557373046875e-07,1,111
94,7.152557373046875e-07,1,111
95,7.152557373046875e-07,1,111
96,7.152557373046875e-07,1,111
97,7.152557373046875e-07,1,111
98,7.152557373046875e-07,1,111
99,7.152557373046875e-07,1,111
100,7.152557373046875e-07,1,111
101,7.152557373046875e-07,1,111
102,7.152557373046875e-07,1,111
103,7.152557373046875e-07,1,111
104,7.152557373046875e-07,1,111
105,7.152557373046875e-07,1,111
106,7.152557373046875e-07,1,111
107,7.152557373046875e-07,1,111
108,7.152557373046875e-07,1,111
109,7.152557373046875e-07,1,111
110,7.152557373046875e-07,1,111
111,7.152557373046875e-07,1,111
112,7.152557373046875e-07,1,111
113,7.152557373046875e-07,1,111
114,7.152557373046875e-07,1,111
115,7.152557373046875e-07,1,111
116,7.152557373046875e-07,1,111
117,7.152557373046875e-07,1,111
118,7.152557373046875e-07,1,111
119,7.152557373046875e-07,1,111
120,7.152557373046875e-07,1,111
121,7.152557373046875e-07,1,111
122,7.152557373046875e-07,1,111
123,7.152557373046875e-07,1,111
124,7.152557373046875e-07,1,111
125,7.152557373046875e-07,1,111
126,7.152557373046875e-07,1,111
127,7.152557373046875e-07,1,111
128,7.152557373046875e-07,1,111
129,7.152557373046875e-07,1,111
130,7.152557373046875e-07,1,111
131,7.152557373046875e-07,1,111
132,7.152557373046875e-07,1,111
133,7.152557373046875e-07,1,111
134,7.152557373046875e-07,1,111
135,7.152557373046875e-07,1,111
136,7.152557373046875e-07,1,111
137,7.152557373046875e-07,1,111
138,7.152557373046875e-07,1,111
139,7.152557373046875e-07,1,111
140,7.152557373046875e-07,1,111
141,7.152557373046875e-07,1,111
142,7.152557373046875e-07,1,111
143,7.152557373046875e-07,1,111
144,7.152557373046875e-07,1,111
145,7.152557373046875e-07,1,111
146,7.152557373046875e-07,1,111
147,7.152557373046875e-07,1,111
148,7.152557373046875e-07,1,111
149,7.152557373046875e-07,1,111
150,7.152557373046875e-07,1,111
151,7.152557373046875e-07,1,111
152,7.152557373046875e-07,1,111
153,7.152557373046875e-07,1,111
154,7.152557373046875e-07,1,111
155,7.152557373046875e-07,1,111
156,7.152557373046875e-07,1,111
157,7.152557373046875e-07,1,111
158,7.152557373046875e-07,1,111
159,7.152557373046875e-07,1,111
160,7.152557373046875e-07,1,111
161,7.152557373046875e-07,1,111
162,7.152557373046875e-07,1,111
163,7.152557373046875e-07,1,111
164,7.152557373046875e-07,1,111
165,7.152557373046875e-07,1,111
166,7.152557373046875e-07,1,111
167,7.152557373046875e-07,1,111
168,7.152557373046875e-07,1,111
169,7.152557373046875e-07,1,111
170,7.152557373046875e-07,1,111
171,7.152557373046875e-07,1,111
172,7.152557373046875e-07,1,111
173,7.152557373046875e-07,1,111
174,7.152557373046875e-07,1,111
175,7.152557373046875e-07,1,111
176,7.152557373046875e-07,1,111
177,7.152557373046875e-07,1,111
178,7.152557373046875e-07,1,111
179,7.152557373046875e-07,1,111
180,7.152557373046875e-07,1,111
181,7.152557373046875e-07,1,111
182,7.152557373046875e-07,1,111
183,7.152557373046875e-07,1,111
184,7.152557373046875e-07,1,111
185,7.152557373046875e-07,1,111
186,7.152557373046875e-07,1,111
187,7.152557373046875e-07,1,111
188,7.152557373046875e-07,1,111
189,7.152557373046875e-07,1,111
190,7.152557373046875e-07,1,111
191,7.152557373046875e-07,1,111
192,7.152557373046875e-07,1,111
193,7.152557373046875e-07,1,111
194,7.152557373046875e-07,1,111
195,7.152557373046875e-07,1,111
196,7.152557373046875e-07,1,111
197,7.152557373046875e-07,1,111
198,7.152557373046875e-07,1,111
199,7.152557373046875e-07,1,111
200,7.152557373046875e-07,1,111
1,0.0005044937133789062,1,112
2,0.0005041360855102539,1,112
3,0.0005041360855102539,1,112
4,0.0005041360855102539,1,112
5,0.0005041360855102539,1,112
6,0.0005041360855102539,1,112
7,0.0005043745040893555,1,112
8,0.0005043745040893555,1,112
9,0.0005043745040893555,1,112
10,0.0005043745040893555,1,112
11,0.0005043745040893555,1,112
12,0.0005043745040893555,1,112
13,0.0005043745040893555,1,112
14,0.0005043745040893555,1,112
15,0.0005043745040893555,1,112
16,0.0005043745040893555,1,112
17,0.0005043745040893555,1,112
18,0.0005043745040893555,1,112
19,0.0005043745040893555,1,112
20,0.0005043745040893555,1,112
21,0.0005043745040893555,1,112
22,0.0005043745040893555,1,112
23,0.0005043745040893555,1,112
24,0.0005043745040893555,1,112
25,0.0005043745040893555,1,112
26,0.0005043745040893555,1,112
27,0.0005043745040893555,1,112
28,0.0005043745040893555,1,112
29,0.0005043745040893555,1,112
30,0.0005043745040893555,1,112
31,0.0005043745040893555,1,112
32,0.0005043745040893555,1,112
33,0.0005043745040893555,1,112
34,0.0005043745040893555,1,112
35,0.0005043745040893555,1,112
36,0.0005043745040893555,1,112
37,0.0005043745040893555,1,112
38,0.0005043745040893555,1,112
39,0.0005043745040893555,1,112
40,0.0005043745040893555,1,112
41,0.0005043745040893555,1,112
42,0.0005043745040893555,1,112
43,0.0005043745040893555,1,112
44,0.0005043745040893555,1,112
45,0.0005043745040893555,1,112
46,0.0005043745040893555,1,112
47,0.0005043745040893555,1,112
48,0.0005043745040893555,1,112
49,0.0005043745040893555,1,112
50,0.0005043745040893555,1,112
51,0.0005043745040893555,1,112
52,0.0005043745040893555,1,112
53,0.0005043745040893555,1,112
54,0.0005043745040893555,1,112
55,0.0005043745040893555,1,112
56,0.0005043745040893555,1,112
57,0.0005043745040893555,1,112
58,0.0005043745040893555,1,112
59,0.0005043745040893555,1,112
60,0.0005043745040893555,1,112
61,0.0005043745040893555,1,112
62,0.0005043745040893555,1,112
63,0.0005043745040893555,1,112
64,0.0005043745040893555,1,112
65,0.0005043745040893555,1,112
66,0.0005043745040893555,1,112
67,0.0005043745040893555,1,112
68,0.0005043745040893555,1,112
69,0.0005043745040893555,1,112
70,0.0005043745040893555,1,112
71,0.0005043745040893555,1,112
72,0.0005043745040893555,1,112
73,0.0005043745040893555,1,112
74,0.0005043745040893555,1,112
75,0.0005043745040893555,1,112
76,0.0005043745040893555,1,112
77,0.0005043745040893555,1,112
78,0.0005043745040893555,1,112
79,0.0005043745040893555,1,112
80,0.0005043745040893555,1,112
81,0.0005043745040893555,1,112
82,0.0005043745040893555,1,112
83,0.0005043745040893555,1,112
84,0.0005043745040893555,1,112
85,0.0005043745040893555,1,112
86,0.0005043745040893555,1,112
87,0.0005043745040893555,1,112
88,0.0005043745040893555,1,112
89,0.0005043745040893555,1,112
90,0.0005043745040893555,1,112
91,0.0005043745040893555,1,112
92,0.0005043745040893555,1,112
93,0.0005043745040893555,1,112
94,0.0005043745040893555,1,112
95,0.0005043745040893555,1,112
96,0.0005043745040893555,1,112
97,0.0005043745040893555,1,112
98,0.0005043745040893555,1,112
99,0.0005043745040893555,1,112
100,0.0005043745040893555,1,112
101,0.0005043745040893555,1,112
102,0.0005043745040893555,1,112
103,0.0005043745040893555,1,112
104,0.0005043745040893555,1,112
105,0.0005043745040893555,1,112
106,0.0005043745040893555,1,112
107,0.0005043745040893555,1,112
108,0.0005043745040893555,1,112
109,0.0005043745040893555,1,112
110,0.0005043745040893555,1,112
111,0.0005043745040893555,1,112
112,0.0005043745040893555,1,112
113,0.0005043745040893555,1,112
114,0.0005043745040893555,1,112
115,0.0005043745040893555,1,112
116,0.0005043745040893555,1,112
117,0.0005043745040893555,1,112
118,0.0005043745040893555,1,112
119,0.0005043745040893555,1,112
120,0.0005043745040893555,1,112
121,0.0005043745040893555,1,112
122,0.0005043745040893555,1,112
123,0.0005043745040893555,1,112
124,0.0005043745040893555,1,112
125,0.0005043745040893555,1,112
126,0.0005043745040893555,1,112
127,0.0005043745040893555,1,112
128,0.0005043745040893555,1,112
129,0.0005043745040893555,1,112
130,0.0005043745040893555,1,112
131,0.0005043745040893555,1,112
132,0.0005043745040893555,1,112
133,0.0005043745040893555,1,112
134,0.0005043745040893555,1,112
135,0.0005043745040893555,1,112
136,0.0005043745040893555,1,112
137,0.0005043745040893555,1,112
138,0.0005043745040893555,1,112
139,0.0005043745040893555,1,112
140,0.0005043745040893555,1,112
141,0.0005043745040893555,1,112
142,0.0005043745040893555,1,112
143,0.0005043745040893555,1,112
144,0.0005043745040893555,1,112
145,0.0005043745040893555,1,112
146,0.0005043745040893555,1,112
147,0.0005043745040893555,1,112
148,0.0005043745040893555,1,112
149,0.0005043745040893555,1,112
150,0.0005043745040893555,1,112
151,0.0005043745040893555,1,112
152,0.0005043745040893555,1,112
153,0.0005043745040893555,1,112
154,0.0005043745040893555,1,112
155,0.0005043745040893555,1,112
156,0.0005043745040893555,1,112
157,0.0005043745040893555,1,112
158,0.0005043745040893555,1,112
159,0.0005043745040893555,1,112
160,0.0005043745040893555,1,112
161,0.0005043745040893555,1,112
162,0.0005043745040893555,1,112
163,0.0005043745040893555,1,112
164,0.0005043745040893555,1,112
165,0.0005043745040893555,1,112
166,0.0005043745040893555,1,112
167,0.0005043745040893555,1,112
168,0.0005043745040893555,1,112
169,0.0005043745040893555,1,112
170,0.0005043745040893555,1,112
171,0.0005043745040893555,1,112
172,0.0005043745040893555,1,112
173,0.0005043745040893555,1,112
174,0.0005043745040893555,1,112
175,0.0005043745040893555,1,112
176,0.0005043745040893555,1,112
177,0.0005043745040893555,1,112
178,0.0005043745040893555,1,112
179,0.0005043745040893555,1,112
180,0.0005043745040893555,1,112
181,0.0005043745040893555,1,112
182,0.0005043745040893555,1,112
183,0.0005043745040893555,1,112
184,0.0005043745040893555,1,112
185,0.0005043745040893555,1,112
186,0.0005043745040893555,1,112
187,0.0005043745040893555,1,112
188,0.0005043745040893555,1,112
189,0.0005043745040893555,1,112
190,0.0005043745040893555,1,112
191,0.0005043745040893555,1,112
192,0.0005043745040893555,1,112
193,0.0005043745040893555,1,112
194,0.0005043745040893555,1,112
195,0.0005043745040893555,1,112
196,0.0005043745040893555,1,112
197,0.0005043745040893555,1,112
198,0.0005043745040893555,1,112
199,0.0005043745040893555,1,112
200,0.0005043745040893555,1,112
1,0.018252789974212646,1,113
2,0.018252789974212646,1,113
3,0.018252789974212646,1,113
4,0.018252789974212646,1,113
5,0.018252789974212646,1,113
6,0.018252789974212646,1,113
7,0.018252789974212646,1,113
8,0.018252789974212646,1,113
9,0.018252551555633545,1,113
10,0.018252670764923096,1,113
11,0.018252670764923096,1,113
12,0.018252670764923096,1,113
13,0.018252670764923096,1,113
14,0.018252670764923096,1,113
15,0.018252670764923096,1,113
16,0.018252670764923096,1,113
17,0.018252670764923096,1,113
18,0.018252670764923096,1,113
19,0.018252670764923096,1,113
20,0.018252670764923096,1,113
21,0.018252670764923096,1,113
22,0.018252670764923096,1,113
23,0.018252670764923096,1,113
24,0.018252670764923096,1,113
25,0.018252670764923096,1,113
26,0.018252670764923096,1,113
27,0.018252670764923096,1,113
28,0.018252670764923096,1,113
29,0.018252670764923096,1,113
30,0.018252670764923096,1,113
31,0.018252670764923096,1,113
32,0.018252670764923096,1,113
33,0.018252670764923096,1,113
34,0.018252670764923096,1,113
35,0.018252670764923096,1,113
36,0.018252670764923096,1,113
37,0.018252670764923096,1,113
38,0.018252670764923096,1,113
39,0.018252670764923096,1,113
40,0.018252670764923096,1,113
41,0.018252670764923096,1,113
42,0.018252670764923096,1,113
43,0.018252670764923096,1,113
44,0.018252670764923096,1,113
45,0.018252670764923096,1,113
46,0.018252670764923096,1,113
47,0.018252670764923096,1,113
48,0.018252670764923096,1,113
49,0.018252670764923096,1,113
50,0.018252670764923096,1,113
51,0.018252670764923096,1,113
52,0.018252670764923096,1,113
53,0.018252670764923096,1,113
54,0.018252670764923096,1,113
55,0.018252670764923096,1,113
56,0.018252670764923096,1,113
57,0.018252670764923096,1,113
58,0.018252670764923096,1,113
59,0.018252670764923096,1,113
60,0.018252670764923096,1,113
61,0.018252670764923096,1,113
62,0.018252670764923096,1,113
63,0.018252670764923096,1,113
64,0.018252670764923096,1,113
65,0.018252670764923096,1,113
66,0.018252670764923096,1,113
67,0.018252670764923096,1,113
68,0.018252670764923096,1,113
69,0.018252670764923096,1,113
70,0.018252670764923096,1,113
71,0.018252670764923096,1,113
72,0.018252670764923096,1,113
73,0.018252670764923096,1,113
74,0.018252670764923096,1,113
75,0.018252670764923096,1,113
76,0.018252670764923096,1,113
77,0.018252670764923096,1,113
78,0.018252670764923096,1,113
79,0.018252670764923096,1,113
80,0.018252670764923096,1,113
81,0.018252670764923096,1,113
82,0.018252670764923096,1,113
83,0.018252670764923096,1,113
84,0.018252670764923096,1,113
85,0.018252670764923096,1,113
86,0.018252670764923096,1,113
87,0.018252670764923096,1,113
88,0.018252670764923096,1,113
89,0.018252670764923096,1,113
90,0.018252670764923096,1,113
91,0.018252670764923096,1,113
92,0.018252670764923096,1,113
93,0.018252670764923096,1,113
94,0.018252670764923096,1,113
95,0.018252670764923096,1,113
96,0.018252670764923096,1,113
97,0.018252670764923096,1,113
98,0.018252670764923096,1,113
99,0.018252670764923096,1,113
100,0.018252670764923096,1,113
101,0.018252670764923096,1,113
102,0.018252670764923096,1,113
103,0.018252670764923096,1,113
104,0.018252670764923096,1,113
105,0.018252670764923096,1,113
106,0.018252670764923096,1,113
107,0.018252670764923096,1,113
108,0.018252670764923096,1,113
109,0.018252670764923096,1,113
110,0.018252670764923096,1,113
111,0.018252670764923096,1,113
112,0.018252670764923096,1,113
113,0.018252670764923096,1,113
114,0.018252670764923096,1,113
115,0.018252670764923096,1,113
116,0.018252670764923096,1,113
117,0.018252670764923096,1,113
118,0.018252670764923096,1,113
119,0.018252670764923096,1,113
120,0.018252670764923096,1,113
121,0.018252670764923096,1,113
122,0.018252670764923096,1,113
123,0.018252670764923096,1,113
124,0.018252670764923096,1,113
125,0.018252670764923096,1,113
126,0.018252670764923096,1,113
127,0.018252670764923096,1,113
128,0.018252670764923096,1,113
129,0.018252670764923096,1,113
130,0.018252670764923096,1,113
131,0.018252670764923096,1,113
132,0.018252670764923096,1,113
133,0.018252670764923096,1,113
134,0.018252670764923096,1,113
135,0.018252670764923096,1,113
136,0.018252670764923096,1,113
137,0.018252670764923096,1,113
138,0.018252670764923096,1,113
139,0.018252670764923096,1,113
140,0.018252670764923096,1,113
141,0.018252670764923096,1,113
142,0.018252670764923096,1,113
143,0.018252670764923096,1,113
144,0.018252670764923096,1,113
145,0.018252670764923096,1,113
146,0.018252670764923096,1,113
147,0.018252670764923096,1,113
148,0.018252670764923096,1,113
149,0.018252670764923096,1,113
150,0.018252670764923096,1,113
151,0.018252670764923096,1,113
152,0.018252670764923096,1,113
153,0.018252670764923096,1,113
154,0.018252670764923096,1,113
155,0.018252670764923096,1,113
156,0.018252670764923096,1,113
157,0.018252670764923096,1,113
158,0.018252670764923096,1,113
159,0.018252670764923096,1,113
160,0.018252670764923096,1,113
161,0.018252670764923096,1,113
162,0.018252670764923096,1,113
163,0.018252670764923096,1,113
164,0.018252670764923096,1,113
165,0.018252670764923096,1,113
166,0.018252670764923096,1,113
167,0.018252670764923096,1,113
168,0.018252670764923096,1,113
169,0.018252670764923096,1,113
170,0.018252670764923096,1,113
171,0.018252670764923096,1,113
172,0.018252670764923096,1,113
173,0.018252670764923096,1,113
174,0.018252670764923096,1,113
175,0.018252670764923096,1,113
176,0.018252670764923096,1,113
177,0.018252670764923096,1,113
178,0.018252670764923096,1,113
179,0.018252670764923096,1,113
180,0.018252670764923096,1,113
181,0.018252670764923096,1,113
182,0.018252670764923096,1,113
183,0.018252670764923096,1,113
184,0.018252670764923096,1,113
185,0.018252670764923096,1,113
186,0.018252670764923096,1,113
187,0.018252670764923096,1,113
188,0.018252670764923096,1,113
189,0.018252670764923096,1,113
190,0.018252670764923096,1,113
191,0.018252670764923096,1,113
192,0.018252670764923096,1,113
193,0.018252670764923096,1,113
194,0.018252670764923096,1,113
195,0.018252670764923096,1,113
196,0.018252670764923096,1,113
197,0.018252670764923096,1,113
198,0.018252670764923096,1,113
199,0.018252670764923096,1,113
200,0.018252670764923096,1,113
1,1.6689300537109375e-06,1,114
2,1.6689300537109375e-06,1,114
3,1.6689300537109375e-06,1,114
4,1.6689300537109375e-06,1,114
5,1.6689300537109375e-06,1,114
6,1.6689300537109375e-06,1,114
7,1.6689300537109375e-06,1,114
8,1.6689300537109375e-06,1,114
9,1.6689300537109375e-06,1,114
10,1.6689300537109375e-06,1,114
11,1.6689300537109375e-06,1,114
12,1.6689300537109375e-06,1,114
13,1.6689300537109375e-06,1,114
14,1.6689300537109375e-06,1,114
15,1.6689300537109375e-06,1,114
16,1.6689300537109375e-06,1,114
17,1.6689300537109375e-06,1,114
18,1.6689300537109375e-06,1,114
19,1.6689300537109375e-06,1,114
20,1.6689300537109375e-06,1,114
21,1.6689300537109375e-06,1,114
22,1.6689300537109375e-06,1,114
23,1.6689300537109375e-06,1,114
24,1.6689300537109375e-06,1,114
25,1.6689300537109375e-06,1,114
26,1.6689300537109375e-06,1,114
27,1.6689300537109375e-06,1,114
28,1.6689300537109375e-06,1,114
29,1.6689300537109375e-06,1,114
30,1.6689300537109375e-06,1,114
31,1.6689300537109375e-06,1,114
32,1.6689300537109375e-06,1,114
33,1.6689300537109375e-06,1,114
34,1.6689300537109375e-06,1,114
35,1.6689300537109375e-06,1,114
36,1.6689300537109375e-06,1,114
37,1.6689300537109375e-06,1,114
38,1.6689300537109375e-06,1,114
39,1.6689300537109375e-06,1,114
40,1.6689300537109375e-06,1,114
41,1.6689300537109375e-06,1,114
42,1.6689300537109375e-06,1,114
43,1.6689300537109375e-06,1,114
44,1.6689300537109375e-06,1,114
45,1.6689300537109375e-06,1,114
46,1.6689300537109375e-06,1,114
47,1.6689300537109375e-06,1,114
48,1.6689300537109375e-06,1,114
49,1.6689300537109375e-06,1,114
50,1.6689300537109375e-06,1,114
51,1.6689300537109375e-06,1,114
52,1.6689300537109375e-06,1,114
53,1.6689300537109375e-06,1,114
54,1.6689300537109375e-06,1,114
55,1.6689300537109375e-06,1,114
56,1.6689300537109375e-06,1,114
57,1.6689300537109375e-06,1,114
58,1.6689300537109375e-06,1,114
59,1.6689300537109375e-06,1,114
60,1.6689300537109375e-06,1,114
61,1.6689300537109375e-06,1,114
62,1.6689300537109375e-06,1,114
63,1.6689300537109375e-06,1,114
64,1.6689300537109375e-06,1,114
65,1.6689300537109375e-06,1,114
66,1.6689300537109375e-06,1,114
67,1.6689300537109375e-06,1,114
68,1.6689300537109375e-06,1,114
69,1.6689300537109375e-06,1,114
70,1.6689300537109375e-06,1,114
71,1.6689300537109375e-06,1,114
72,1.6689300537109375e-06,1,114
73,1.6689300537109375e-06,1,114
74,1.6689300537109375e-06,1,114
75,1.6689300537109375e-06,1,114
76,1.6689300537109375e-06,1,114
77,1.6689300537109375e-06,1,114
78,1.6689300537109375e-06,1,114
79,1.6689300537109375e-06,1,114
80,1.6689300537109375e-06,1,114
81,1.6689300537109375e-06,1,114
82,1.6689300537109375e-06,1,114
83,1.6689300537109375e-06,1,114
84,1.6689300537109375e-06,1,114
85,1.6689300537109375e-06,1,114
86,1.6689300537109375e-06,1,114
87,1.6689300537109375e-06,1,114
88,1.6689300537109375e-06,1,114
89,1.6689300537109375e-06,1,114
90,1.6689300537109375e-06,1,114
91,1.6689300537109375e-06,1,114
92,1.6689300537109375e-06,1,114
93,1.6689300537109375e-06,1,114
94,1.6689300537109375e-06,1,114
95,1.6689300537109375e-06,1,114
96,1.6689300537109375e-06,1,114
97,1.6689300537109375e-06,1,114
98,1.6689300537109375e-06,1,114
99,1.6689300537109375e-06,1,114
100,1.6689300537109375e-06,1,114
101,1.6689300537109375e-06,1,114
102,1.6689300537109375e-06,1,114
103,1.6689300537109375e-06,1,114
104,1.6689300537109375e-06,1,114
105,1.6689300537109375e-06,1,114
106,1.6689300537109375e-06,1,114
107,1.6689300537109375e-06,1,114
108,1.6689300537109375e-06,1,114
109,1.6689300537109375e-06,1,114
110,1.6689300537109375e-06,1,114
111,1.6689300537109375e-06,1,114
112,1.6689300537109375e-06,1,114
113,1.6689300537109375e-06,1,114
114,1.6689300537109375e-06,1,114
115,1.6689300537109375e-06,1,114
116,1.6689300537109375e-06,1,114
117,1.6689300537109375e-06,1,114
118,1.6689300537109375e-06,1,114
119,1.6689300537109375e-06,1,114
120,1.6689300537109375e-06,1,114
121,1.6689300537109375e-06,1,114
122,1.6689300537109375e-06,1,114
123,1.6689300537109375e-06,1,114
124,1.6689300537109375e-06,1,114
125,1.6689300537109375e-06,1,114
126,1.6689300537109375e-06,1,114
127,1.6689300537109375e-06,1,114
128,1.6689300537109375e-06,1,114
129,1.6689300537109375e-06,1,114
130,1.6689300537109375e-06,1,114
131,1.6689300537109375e-06,1,114
132,1.6689300537109375e-06,1,114
133,1.6689300537109375e-06,1,114
134,1.6689300537109375e-06,1,114
135,1.6689300537109375e-06,1,114
136,1.6689300537109375e-06,1,114
137,1.6689300537109375e-06,1,114
138,1.6689300537109375e-06,1,114
139,1.6689300537109375e-06,1,114
140,1.6689300537109375e-06,1,114
141,1.6689300537109375e-06,1,114
142,1.6689300537109375e-06,1,114
143,1.6689300537109375e-06,1,114
144,1.6689300537109375e-06,1,114
145,1.6689300537109375e-06,1,114
146,1.6689300537109375e-06,1,114
147,1.6689300537109375e-06,1,114
148,1.6689300537109375e-06,1,114
149,1.6689300537109375e-06,1,114
150,1.6689300537109375e-06,1,114
151,1.6689300537109375e-06,1,114
152,1.6689300537109375e-06,1,114
153,1.6689300537109375e-06,1,114
154,1.6689300537109375e-06,1,114
155,1.6689300537109375e-06,1,114
156,1.6689300537109375e-06,1,114
157,1.6689300537109375e-06,1,114
158,1.6689300537109375e-06,1,114
159,1.6689300537109375e-06,1,114
160,1.6689300537109375e-06,1,114
161,1.6689300537109375e-06,1,114
162,1.6689300537109375e-06,1,114
163,1.6689300537109375e-06,1,114
164,1.6689300537109375e-06,1,114
165,1.6689300537109375e-06,1,114
166,1.6689300537109375e-06,1,114
167,1.6689300537109375e-06,1,114
168,1.6689300537109375e-06,1,114
169,1.6689300537109375e-06,1,114
170,1.6689300537109375e-06,1,114
171,1.6689300537109375e-06,1,114
172,1.6689300537109375e-06,1,114
173,1.6689300537109375e-06,1,114
174,1.6689300537109375e-06,1,114
175,1.6689300537109375e-06,1,114
176,1.6689300537109375e-06,1,114
177,1.6689300537109375e-06,1,114
178,1.6689300537109375e-06,1,114
179,1.6689300537109375e-06,1,114
180,1.6689300537109375e-06,1,114
181,1.6689300537109375e-06,1,114
182,1.6689300537109375e-06,1,114
183,1.6689300537109375e-06,1,114
184,1.6689300537109375e-06,1,114
185,1.6689300537109375e-06,1,114
186,1.6689300537109375e-06,1,114
187,1.6689300537109375e-06,1,114
188,1.6689300537109375e-06,1,114
189,1.6689300537109375e-06,1,114
190,1.6689300537109375e-06,1,114
191,1.6689300537109375e-06,1,114
192,1.6689300537109375e-06,1,114
193,1.6689300537109375e-06,1,114
194,1.6689300537109375e-06,1,114
195,1.6689300537109375e-06,1,114
196,1.6689300537109375e-06,1,114
197,1.6689300537109375e-06,1,114
198,1.6689300537109375e-06,1,114
199,1.6689300537109375e-06,1,114
200,1.6689300537109375e-06,1,114
1,0.00021225214004516602,1,115
2,0.00021225214004516602,1,115
3,0.00021225214004516602,1,115
4,0.00021225214004516602,1,115
5,0.00021225214004516602,1,115
6,0.00021225214004516602,1,115
7,0.00021225214004516602,1,115
8,0.00021225214004516602,1,115
9,0.00021225214004516602,1,115
10,0.00021225214004516602,1,115
11,0.00021225214004516602,1,115
12,0.00021225214004516602,1,115
13,0.00021225214004516602,1,115
14,0.00021225214004516602,1,115
15,0.00021225214004516602,1,115
16,0.00021225214004516602,1,115
17,0.00021225214004516602,1,115
18,0.00021225214004516602,1,115
19,0.00021225214004516602,1,115
20,0.00021225214004516602,1,115
21,0.00021225214004516602,1,115
22,0.00021225214004516602,1,115
23,0.00021225214004516602,1,115
24,0.00021225214004516602,1,115
25,0.00021225214004516602,1,115
26,0.00021225214004516602,1,115
27,0.00021225214004516602,1,115
28,0.00021225214004516602,1,115
29,0.00021225214004516602,1,115
30,0.00021225214004516602,1,115
31,0.00021225214004516602,1,115
32,0.00021225214004516602,1,115
33,0.00021225214004516602,1,115
34,0.00021225214004516602,1,115
35,0.00021225214004516602,1,115
36,0.00021225214004516602,1,115
37,0.00021225214004516602,1,115
38,0.00021225214004516602,1,115
39,0.00021225214004516602,1,115
40,0.00021225214004516602,1,115
41,0.00021225214004516602,1,115
42,0.00021225214004516602,1,115
43,0.00021225214004516602,1,115
44,0.00021225214004516602,1,115
45,0.00021225214004516602,1,115
46,0.00021225214004516602,1,115
47,0.00021225214004516602,1,115
48,0.00021225214004516602,1,115
49,0.00021225214004516602,1,115
50,0.00021225214004516602,1,115
51,0.00021225214004516602,1,115
52,0.00021225214004516602,1,115
53,0.00021225214004516602,1,115
54,0.00021225214004516602,1,115
55,0.00021225214004516602,1,115
56,0.00021225214004516602,1,115
57,0.00021225214004516602,1,115
58,0.00021225214004516602,1,115
59,0.00021225214004516602,1,115
60,0.00021225214004516602,1,115
61,0.00021225214004516602,1,115
62,0.00021225214004516602,1,115
63,0.00021225214004516602,1,115
64,0.00021225214004516602,1,115
65,0.00021225214004516602,1,115
66,0.00021225214004516602,1,115
67,0.00021225214004516602,1,115
68,0.00021225214004516602,1,115
69,0.00021225214004516602,1,115
70,0.00021225214004516602,1,115
71,0.00021225214004516602,1,115
72,0.00021225214004516602,1,115
73,0.00021225214004516602,1,115
74,0.00021225214004516602,1,115
75,0.00021225214004516602,1,115
76,0.00021225214004516602,1,115
77,0.00021225214004516602,1,115
78,0.00021225214004516602,1,115
79,0.00021225214004516602,1,115
80,0.00021225214004516602,1,115
81,0.00021225214004516602,1,115
82,0.00021225214004516602,1,115
83,0.00021225214004516602,1,115
84,0.00021225214004516602,1,115
85,0.00021225214004516602,1,115
86,0.00021225214004516602,1,115
87,0.00021225214004516602,1,115
88,0.00021225214004516602,1,115
89,0.00021225214004516602,1,115
90,0.00021225214004516602,1,115
91,0.00021225214004516602,1,115
92,0.00021225214004516602,1,115
93,0.00021225214004516602,1,115
94,0.00021225214004516602,1,115
95,0.00021225214004516602,1,115
96,0.00021225214004516602,1,115
97,0.00021225214004516602,1,115
98,0.00021225214004516602,1,115
99,0.00021225214004516602,1,115
100,0.00021225214004516602,1,115
101,0.00021225214004516602,1,115
102,0.00021225214004516602,1,115
103,0.00021225214004516602,1,115
104,0.00021225214004516602,1,115
105,0.00021225214004516602,1,115
106,0.00021225214004516602,1,115
107,0.00021225214004516602,1,115
108,0.00021225214004516602,1,115
109,0.00021225214004516602,1,115
110,0.00021225214004516602,1,115
111,0.00021225214004516602,1,115
112,0.00021225214004516602,1,115
113,0.00021225214004516602,1,115
114,0.00021225214004516602,1,115
115,0.00021225214004516602,1,115
116,0.00021225214004516602,1,115
117,0.00021225214004516602,1,115
118,0.00021225214004516602,1,115
119,0.00021225214004516602,1,115
120,0.00021225214004516602,1,115
121,0.00021225214004516602,1,115
122,0.00021225214004516602,1,115
123,0.00021225214004516602,1,115
124,0.00021225214004516602,1,115
125,0.00021225214004516602,1,115
126,0.00021225214004516602,1,115
127,0.00021225214004516602,1,115
128,0.00021225214004516602,1,115
129,0.00021225214004516602,1,115
130,0.00021225214004516602,1,115
131,0.00021225214004516602,1,115
132,0.00021225214004516602,1,115
133,0.00021225214004516602,1,115
134,0.00021225214004516602,1,115
135,0.00021225214004516602,1,115
136,0.00021225214004516602,1,115
137,0.00021225214004516602,1,115
138,0.00021225214004516602,1,115
139,0.00021225214004516602,1,115
140,0.00021225214004516602,1,115
141,0.00021225214004516602,1,115
142,0.00021225214004516602,1,115
143,0.00021225214004516602,1,115
144,0.00021225214004516602,1,115
145,0.00021225214004516602,1,115
146,0.00021225214004516602,1,115
147,0.00021225214004516602,1,115
148,0.00021225214004516602,1,115
149,0.00021225214004516602,1,115
150,0.00021225214004516602,1,115
151,0.00021225214004516602,1,115
152,0.00021225214004516602,1,115
153,0.00021225214004516602,1,115
154,0.00021225214004516602,1,115
155,0.00021225214004516602,1,115
156,0.00021225214004516602,1,115
157,0.00021225214004516602,1,115
158,0.00021225214004516602,1,115
159,0.00021225214004516602,1,115
160,0.00021225214004516602,1,115
161,0.00021225214004516602,1,115
162,0.00021225214004516602,1,115
163,0.00021225214004516602,1,115
164,0.00021225214004516602,1,115
165,0.00021225214004516602,1,115
166,0.00021225214004516602,1,115
167,0.00021225214004516602,1,115
168,0.00021225214004516602,1,115
169,0.00021225214004516602,1,115
170,0.00021225214004516602,1,115
171,0.00021225214004516602,1,115
172,0.00021225214004516602,1,115
173,0.00021225214004516602,1,115
174,0.00021225214004516602,1,115
175,0.00021225214004516602,1,115
176,0.00021225214004516602,1,115
177,0.00021225214004516602,1,115
178,0.00021225214004516602,1,115
179,0.00021225214004516602,1,115
180,0.00021225214004516602,1,115
181,0.00021225214004516602,1,115
182,0.00021225214004516602,1,115
183,0.00021225214004516602,1,115
184,0.00021225214004516602,1,115
185,0.00021225214004516602,1,115
186,0.00021225214004516602,1,115
187,0.00021225214004516602,1,115
188,0.00021225214004516602,1,115
189,0.00021225214004516602,1,115
190,0.00021225214004516602,1,115
191,0.00021225214004516602,1,115
192,0.00021225214004516602,1,115
193,0.00021225214004516602,1,115
194,0.00021225214004516602,1,115
195,0.00021225214004516602,1,115
196,0.00021225214004516602,1,115
197,0.00021225214004516602,1,115
198,0.00021225214004516602,1,115
199,0.00021225214004516602,1,115
200,0.00021225214004516602,1,115
1,0.09105086326599121,1,116
2,0.09105086326599121,1,116
3,0.09105086326599121,1,116
4,0.09105086326599121,1,116
5,0.09105086326599121,1,116
6,0.09105086326599121,1,116
7,0.09105086326599121,1,116
8,0.09104984998703003,1,116
9,0.09104984998703003,1,116
10,0.09104984998703003,1,116
11,0.09104984998703003,1,116
12,0.0910501480102539,1,116
13,0.09105008840560913,1,116
14,0.09105008840560913,1,116
15,0.09105008840560913,1,116
16,0.09105008840560913,1,116
17,0.09105008840560913,1,116
18,0.09105008840560913,1,116
19,0.09105008840560913,1,116
20,0.09105008840560913,1,116
21,0.09105008840560913,1,116
22,0.09105008840560913,1,116
23,0.09105008840560913,1,116
24,0.09105008840560913,1,116
25,0.09105008840560913,1,116
26,0.09105008840560913,1,116
27,0.09105008840560913,1,116
28,0.09105008840560913,1,116
29,0.09105008840560913,1,116
30,0.09105008840560913,1,116
31,0.09105008840560913,1,116
32,0.09105008840560913,1,116
33,0.09105008840560913,1,116
34,0.09105008840560913,1,116
35,0.09105008840560913,1,116
36,0.09105008840560913,1,116
37,0.09105008840560913,1,116
38,0.0910501480102539,1,116
39,0.09105008840560913,1,116
40,0.09105008840560913,1,116
41,0.09105008840560913,1,116
42,0.09105008840560913,1,116
43,0.09105008840560913,1,116
44,0.09105008840560913,1,116
45,0.09105008840560913,1,116
46,0.09105008840560913,1,116
47,0.09105008840560913,1,116
48,0.09105008840560913,1,116
49,0.09105008840560913,1,116
50,0.09105008840560913,1,116
51,0.09105008840560913,1,116
52,0.09105008840560913,1,116
53,0.09105008840560913,1,116
54,0.09105008840560913,1,116
55,0.09105008840560913,1,116
56,0.09105008840560913,1,116
57,0.09105008840560913,1,116
58,0.09105008840560913,1,116
59,0.09105008840560913,1,116
60,0.09105008840560913,1,116
61,0.09105008840560913,1,116
62,0.09105008840560913,1,116
63,0.09105008840560913,1,116
64,0.09105008840560913,1,116
65,0.09105008840560913,1,116
66,0.09105008840560913,1,116
67,0.09105008840560913,1,116
68,0.09105008840560913,1,116
69,0.09105008840560913,1,116
70,0.09105008840560913,1,116
71,0.09105008840560913,1,116
72,0.09105008840560913,1,116
73,0.09105008840560913,1,116
74,0.09105008840560913,1,116
75,0.09105008840560913,1,116
76,0.09105008840560913,1,116
77,0.09105008840560913,1,116
78,0.09105008840560913,1,116
79,0.09105008840560913,1,116
80,0.09105008840560913,1,116
81,0.09105008840560913,1,116
82,0.09105008840560913,1,116
83,0.09105008840560913,1,116
84,0.09105008840560913,1,116
85,0.09105008840560913,1,116
86,0.09105008840560913,1,116
87,0.09105008840560913,1,116
88,0.09105008840560913,1,116
89,0.09105008840560913,1,116
90,0.09105008840560913,1,116
91,0.09105008840560913,1,116
92,0.09105008840560913,1,116
93,0.09105008840560913,1,116
94,0.09105008840560913,1,116
95,0.09105008840560913,1,116
96,0.09105008840560913,1,116
97,0.09105008840560913,1,116
98,0.09105008840560913,1,116
99,0.09105008840560913,1,116
100,0.09105008840560913,1,116
101,0.09105008840560913,1,116
102,0.09105008840560913,1,116
103,0.09105008840560913,1,116
104,0.09105008840560913,1,116
105,0.09105008840560913,1,116
106,0.09105008840560913,1,116
107,0.09105008840560913,1,116
108,0.09105008840560913,1,116
109,0.09105008840560913,1,116
110,0.09105008840560913,1,116
111,0.09105008840560913,1,116
112,0.0910501480102539,1,116
113,0.0910501480102539,1,116
114,0.0910501480102539,1,116
115,0.0910501480102539,1,116
116,0.0910501480102539,1,116
117,0.0910501480102539,1,116
118,0.0910501480102539,1,116
119,0.0910501480102539,1,116
120,0.0910501480102539,1,116
121,0.0910501480102539,1,116
122,0.0910501480102539,1,116
123,0.0910501480102539,1,116
124,0.0910501480102539,1,116
125,0.0910501480102539,1,116
126,0.0910501480102539,1,116
127,0.0910501480102539,1,116
128,0.0910501480102539,1,116
129,0.0910501480102539,1,116
130,0.0910501480102539,1,116
131,0.0910501480102539,1,116
132,0.0910501480102539,1,116
133,0.0910501480102539,1,116
134,0.0910501480102539,1,116
135,0.0910501480102539,1,116
136,0.0910501480102539,1,116
137,0.0910501480102539,1,116
138,0.0910501480102539,1,116
139,0.0910501480102539,1,116
140,0.0910501480102539,1,116
141,0.0910501480102539,1,116
142,0.0910501480102539,1,116
143,0.0910501480102539,1,116
144,0.0910501480102539,1,116
145,0.0910501480102539,1,116
146,0.0910501480102539,1,116
147,0.0910501480102539,1,116
148,0.0910501480102539,1,116
149,0.0910501480102539,1,116
150,0.0910501480102539,1,116
151,0.0910501480102539,1,116
152,0.0910501480102539,1,116
153,0.0910501480102539,1,116
154,0.0910501480102539,1,116
155,0.0910501480102539,1,116
156,0.0910501480102539,1,116
157,0.0910501480102539,1,116
158,0.0910501480102539,1,116
159,0.0910501480102539,1,116
160,0.0910501480102539,1,116
161,0.0910501480102539,1,116
162,0.0910501480102539,1,116
163,0.0910501480102539,1,116
164,0.0910501480102539,1,116
165,0.0910501480102539,1,116
166,0.0910501480102539,1,116
167,0.0910501480102539,1,116
168,0.0910501480102539,1,116
169,0.0910501480102539,1,116
170,0.0910501480102539,1,116
171,0.0910501480102539,1,116
172,0.0910501480102539,1,116
173,0.0910501480102539,1,116
174,0.0910501480102539,1,116
175,0.0910501480102539,1,116
176,0.0910501480102539,1,116
177,0.0910501480102539,1,116
178,0.0910501480102539,1,116
179,0.0910501480102539,1,116
180,0.0910501480102539,1,116
181,0.0910501480102539,1,116
182,0.0910501480102539,1,116
183,0.0910501480102539,1,116
184,0.0910501480102539,1,116
185,0.0910501480102539,1,116
186,0.0910501480102539,1,116
187,0.0910501480102539,1,116
188,0.0910501480102539,1,116
189,0.0910501480102539,1,116
190,0.0910501480102539,1,116
191,0.0910501480102539,1,116
192,0.0910501480102539,1,116
193,0.0910501480102539,1,116
194,0.0910501480102539,1,116
195,0.0910501480102539,1,116
196,0.0910501480102539,1,116
197,0.0910501480102539,1,116
198,0.0910501480102539,1,116
199,0.0910501480102539,1,116
200,0.0910501480102539,1,116
1,5.960464477539062e-07,1,117
2,5.960464477539062e-07,1,117
3,5.960464477539062e-07,1,117
4,5.960464477539062e-07,1,117
5,5.960464477539062e-07,1,117
6,5.960464477539062e-07,1,117
7,5.960464477539062e-07,1,117
8,5.960464477539062e-07,1,117
9,5.960464477539062e-07,1,117
10,5.960464477539062e-07,1,117
11,5.960464477539062e-07,1,117
12,5.960464477539062e-07,1,117
13,5.960464477539062e-07,1,117
14,5.960464477539062e-07,1,117
15,5.960464477539062e-07,1,117
16,5.960464477539062e-07,1,117
17,5.960464477539062e-07,1,117
18,5.960464477539062e-07,1,117
19,5.960464477539062e-07,1,117
20,5.960464477539062e-07,1,117
21,5.960464477539062e-07,1,117
22,5.960464477539062e-07,1,117
23,5.960464477539062e-07,1,117
24,5.960464477539062e-07,1,117
25,5.960464477539062e-07,1,117
26,5.960464477539062e-07,1,117
27,5.960464477539062e-07,1,117
28,5.960464477539062e-07,1,117
29,5.960464477539062e-07,1,117
30,5.960464477539062e-07,1,117
31,5.960464477539062e-07,1,117
32,5.960464477539062e-07,1,117
33,5.960464477539062e-07,1,117
34,5.960464477539062e-07,1,117
35,5.960464477539062e-07,1,117
36,5.960464477539062e-07,1,117
37,5.960464477539062e-07,1,117
38,5.960464477539062e-07,1,117
39,5.960464477539062e-07,1,117
40,5.960464477539062e-07,1,117
41,5.960464477539062e-07,1,117
42,5.960464477539062e-07,1,117
43,5.960464477539062e-07,1,117
44,5.960464477539062e-07,1,117
45,5.960464477539062e-07,1,117
46,5.960464477539062e-07,1,117
47,5.960464477539062e-07,1,117
48,5.960464477539062e-07,1,117
49,5.960464477539062e-07,1,117
50,5.960464477539062e-07,1,117
51,5.960464477539062e-07,1,117
52,5.960464477539062e-07,1,117
53,5.960464477539062e-07,1,117
54,5.960464477539062e-07,1,117
55,5.960464477539062e-07,1,117
56,5.960464477539062e-07,1,117
57,5.960464477539062e-07,1,117
58,5.960464477539062e-07,1,117
59,5.960464477539062e-07,1,117
60,5.960464477539062e-07,1,117
61,5.960464477539062e-07,1,117
62,5.960464477539062e-07,1,117
63,5.960464477539062e-07,1,117
64,5.960464477539062e-07,1,117
65,5.960464477539062e-07,1,117
66,5.960464477539062e-07,1,117
67,5.960464477539062e-07,1,117
68,5.960464477539062e-07,1,117
69,5.960464477539062e-07,1,117
70,5.960464477539062e-07,1,117
71,5.960464477539062e-07,1,117
72,5.960464477539062e-07,1,117
73,5.960464477539062e-07,1,117
74,5.960464477539062e-07,1,117
75,5.960464477539062e-07,1,117
76,5.960464477539062e-07,1,117
77,5.960464477539062e-07,1,117
78,5.960464477539062e-07,1,117
79,5.960464477539062e-07,1,117
80,5.960464477539062e-07,1,117
81,5.960464477539062e-07,1,117
82,5.960464477539062e-07,1,117
83,5.960464477539062e-07,1,117
84,5.960464477539062e-07,1,117
85,5.960464477539062e-07,1,117
86,5.960464477539062e-07,1,117
87,5.960464477539062e-07,1,117
88,5.960464477539062e-07,1,117
89,5.960464477539062e-07,1,117
90,5.960464477539062e-07,1,117
91,5.960464477539062e-07,1,117
92,5.960464477539062e-07,1,117
93,5.960464477539062e-07,1,117
94,5.960464477539062e-07,1,117
95,5.960464477539062e-07,1,117
96,5.960464477539062e-07,1,117
97,5.960464477539062e-07,1,117
98,5.960464477539062e-07,1,117
99,5.960464477539062e-07,1,117
100,5.960464477539062e-07,1,117
101,5.960464477539062e-07,1,117
102,5.960464477539062e-07,1,117
103,5.960464477539062e-07,1,117
104,5.960464477539062e-07,1,117
105,5.960464477539062e-07,1,117
106,5.960464477539062e-07,1,117
107,5.960464477539062e-07,1,117
108,5.960464477539062e-07,1,117
109,5.960464477539062e-07,1,117
110,5.960464477539062e-07,1,117
111,5.960464477539062e-07,1,117
112,5.960464477539062e-07,1,117
113,5.960464477539062e-07,1,117
114,5.960464477539062e-07,1,117
115,5.960464477539062e-07,1,117
116,5.960464477539062e-07,1,117
117,5.960464477539062e-07,1,117
118,5.960464477539062e-07,1,117
119,5.960464477539062e-07,1,117
120,5.960464477539062e-07,1,117
121,5.960464477539062e-07,1,117
122,5.960464477539062e-07,1,117
123,5.960464477539062e-07,1,117
124,5.960464477539062e-07,1,117
125,5.960464477539062e-07,1,117
126,5.960464477539062e-07,1,117
127,5.960464477539062e-07,1,117
128,5.960464477539062e-07,1,117
129,5.960464477539062e-07,1,117
130,5.960464477539062e-07,1,117
131,5.960464477539062e-07,1,117
132,5.960464477539062e-07,1,117
133,5.960464477539062e-07,1,117
134,5.960464477539062e-07,1,117
135,5.960464477539062e-07,1,117
136,5.960464477539062e-07,1,117
137,5.960464477539062e-07,1,117
138,5.960464477539062e-07,1,117
139,5.960464477539062e-07,1,117
140,5.960464477539062e-07,1,117
141,5.960464477539062e-07,1,117
142,5.960464477539062e-07,1,117
143,5.960464477539062e-07,1,117
144,5.960464477539062e-07,1,117
145,5.960464477539062e-07,1,117
146,5.960464477539062e-07,1,117
147,5.960464477539062e-07,1,117
148,5.960464477539062e-07,1,117
149,5.960464477539062e-07,1,117
150,5.960464477539062e-07,1,117
151,5.960464477539062e-07,1,117
152,5.960464477539062e-07,1,117
153,5.960464477539062e-07,1,117
154,5.960464477539062e-07,1,117
155,5.960464477539062e-07,1,117
156,5.960464477539062e-07,1,117
157,5.960464477539062e-07,1,117
158,5.960464477539062e-07,1,117
159,5.960464477539062e-07,1,117
160,5.960464477539062e-07,1,117
161,5.960464477539062e-07,1,117
162,5.960464477539062e-07,1,117
163,5.960464477539062e-07,1,117
164,5.960464477539062e-07,1,117
165,5.960464477539062e-07,1,117
166,5.960464477539062e-07,1,117
167,5.960464477539062e-07,1,117
168,5.960464477539062e-07,1,117
169,5.960464477539062e-07,1,117
170,5.960464477539062e-07,1,117
171,5.960464477539062e-07,1,117
172,5.960464477539062e-07,1,117
173,5.960464477539062e-07,1,117
174,5.960464477539062e-07,1,117
175,5.960464477539062e-07,1,117
176,5.960464477539062e-07,1,117
177,5.960464477539062e-07,1,117
178,5.960464477539062e-07,1,117
179,5.960464477539062e-07,1,117
180,5.960464477539062e-07,1,117
181,5.960464477539062e-07,1,117
182,5.960464477539062e-07,1,117
183,5.960464477539062e-07,1,117
184,5.960464477539062e-07,1,117
185,5.960464477539062e-07,1,117
186,5.960464477539062e-07,1,117
187,5.960464477539062e-07,1,117
188,5.960464477539062e-07,1,117
189,5.960464477539062e-07,1,117
190,5.960464477539062e-07,1,117
191,5.960464477539062e-07,1,117
192,5.960464477539062e-07,1,117
193,5.960464477539062e-07,1,117
194,5.960464477539062e-07,1,117
195,5.960464477539062e-07,1,117
196,5.960464477539062e-07,1,117
197,5.960464477539062e-07,1,117
198,5.960464477539062e-07,1,117
199,5.960464477539062e-07,1,117
200,5.960464477539062e-07,1,117
1,0.7891092449426651,1,118
2,0.7891092449426651,1,118
3,0.7891092449426651,1,118
4,0.7891092449426651,1,118
5,0.7891092449426651,1,118
6,0.7889996767044067,1,118
7,0.7889996767044067,1,118
8,0.7889996767044067,1,118
9,0.7889978289604187,1,118
10,0.7889980971813202,1,118
11,0.7889980971813202,1,118
12,0.7896014153957367,1,118
13,0.7896014153957367,1,118
14,0.7896014153957367,1,118
15,0.7896014153957367,1,118
16,0.7889978289604187,1,118
17,0.7889978289604187,1,118
18,0.7889978289604187,1,118
19,0.7889978289604187,1,118
20,0.7890180051326752,1,118
21,0.7890180051326752,1,118
22,0.7890180051326752,1,118
23,0.7890180051326752,1,118
24,0.7890180051326752,1,118
25,0.7890180051326752,1,118
26,0.7890180051326752,1,118
27,0.7890180051326752,1,118
28,0.7890180051326752,1,118
29,0.7894457280635834,1,118
30,0.7894457280635834,1,118
31,0.7894457280635834,1,118
32,0.7891345620155334,1,118
33,0.7891345620155334,1,118
34,0.7891345620155334,1,118
35,0.7891345620155334,1,118
36,0.7891345620155334,1,118
37,0.7891345620155334,1,118
38,0.7891345620155334,1,118
39,0.7891345620155334,1,118
40,0.7891345620155334,1,118
41,0.7891345620155334,1,118
42,0.7891345620155334,1,118
43,0.7891345620155334,1,118
44,0.7891345620155334,1,118
45,0.7891345620155334,1,118
46,0.7891345620155334,1,118
47,0.7891345620155334,1,118
48,0.7891345620155334,1,118
49,0.7891345620155334,1,118
50,0.7891345620155334,1,118
51,0.7891345620155334,1,118
52,0.7891345620155334,1,118
53,0.7891345620155334,1,118
54,0.7891345620155334,1,118
55,0.7891345620155334,1,118
56,0.7891345620155334,1,118
57,0.7891345620155334,1,118
58,0.7891345620155334,1,118
59,0.7891345620155334,1,118
60,0.7891345620155334,1,118
61,0.7891345620155334,1,118
62,0.7891345620155334,1,118
63,0.7891345620155334,1,118
64,0.7891887277364731,1,118
65,0.7891887277364731,1,118
66,0.7891887277364731,1,118
67,0.7891887277364731,1,118
68,0.7891887277364731,1,118
69,0.7891887277364731,1,118
70,0.7891887277364731,1,118
71,0.7891887277364731,1,118
72,0.7891887277364731,1,118
73,0.7891887277364731,1,118
74,0.7891887277364731,1,118
75,0.7891887277364731,1,118
76,0.7891887277364731,1,118
77,0.7891887277364731,1,118
78,0.7891887277364731,1,118
79,0.7891887277364731,1,118
80,0.7891887277364731,1,118
81,0.7891887277364731,1,118
82,0.7892459332942963,1,118
83,0.7892459332942963,1,118
84,0.7892310619354248,1,118
85,0.7892310619354248,1,118
86,0.7892310619354248,1,118
87,0.7892310619354248,1,118
88,0.7892310619354248,1,118
89,0.7892310619354248,1,118
90,0.7892310619354248,1,118
91,0.7892401665449142,1,118
92,0.7892401665449142,1,118
93,0.7892401665449142,1,118
94,0.7892401665449142,1,118
95,0.7892406135797501,1,118
96,0.7892406135797501,1,118
97,0.7892406135797501,1,118
98,0.7892406135797501,1,118
99,0.7892406135797501,1,118
100,0.7892406135797501,1,118
101,0.7892406135797501,1,118
102,0.7892406135797501,1,118
103,0.7892406135797501,1,118
104,0.7892406135797501,1,118
105,0.7892406135797501,1,118
106,0.7892406135797501,1,118
107,0.7892406135797501,1,118
108,0.7892406135797501,1,118
109,0.7892406135797501,1,118
110,0.7892406135797501,1,118
111,0.7892406135797501,1,118
112,0.7892406135797501,1,118
113,0.7892406135797501,1,118
114,0.7892406135797501,1,118
115,0.7892406135797501,1,118
116,0.7892406135797501,1,118
117,0.7892406135797501,1,118
118,0.7892406135797501,1,118
119,0.7892406135797501,1,118
120,0.7892406135797501,1,118
121,0.7892406135797501,1,118
122,0.7892406135797501,1,118
123,0.7892406135797501,1,118
124,0.7892406135797501,1,118
125,0.7892406135797501,1,118
126,0.7892406135797501,1,118
127,0.7892406135797501,1,118
128,0.7892406135797501,1,118
129,0.7892406135797501,1,118
130,0.7892406135797501,1,118
131,0.7892406135797501,1,118
132,0.7892406135797501,1,118
133,0.7892406135797501,1,118
134,0.7892406135797501,1,118
135,0.7892406135797501,1,118
136,0.7892406135797501,1,118
137,0.7892406135797501,1,118
138,0.7892406135797501,1,118
139,0.7892406135797501,1,118
140,0.7892406135797501,1,118
141,0.7892406135797501,1,118
142,0.7892406135797501,1,118
143,0.7892406135797501,1,118
144,0.7892406135797501,1,118
145,0.7892406135797501,1,118
146,0.7892406135797501,1,118
147,0.7892406135797501,1,118
148,0.7892406135797501,1,118
149,0.7892406135797501,1,118
150,0.7892406135797501,1,118
151,0.7892406135797501,1,118
152,0.7892406135797501,1,118
153,0.7892406135797501,1,118
154,0.7892406135797501,1,118
155,0.7892406135797501,1,118
156,0.7892406135797501,1,118
157,0.7892406135797501,1,118
158,0.7892406135797501,1,118
159,0.7892406135797501,1,118
160,0.7892406135797501,1,118
161,0.7892406135797501,1,118
162,0.7892406135797501,1,118
163,0.7892406135797501,1,118
164,0.7892406135797501,1,118
165,0.7892406135797501,1,118
166,0.7892406135797501,1,118
167,0.7892406135797501,1,118
168,0.7892406135797501,1,118
169,0.7892406135797501,1,118
170,0.7892406135797501,1,118
171,0.7892406135797501,1,118
172,0.7892406135797501,1,118
173,0.7892406135797501,1,118
174,0.7892406135797501,1,118
175,0.7892406135797501,1,118
176,0.7892406135797501,1,118
177,0.7892406135797501,1,118
178,0.7892406135797501,1,118
179,0.7892406135797501,1,118
180,0.7892406135797501,1,118
181,0.7892406135797501,1,118
182,0.7892406135797501,1,118
183,0.7892406135797501,1,118
184,0.7892406135797501,1,118
185,0.7892406135797501,1,118
186,0.7892406135797501,1,118
187,0.7892406135797501,1,118
188,0.7892406135797501,1,118
189,0.7892406135797501,1,118
190,0.7892406135797501,1,118
191,0.7892406135797501,1,118
192,0.7892406135797501,1,118
193,0.7892406135797501,1,118
194,0.7892406135797501,1,118
195,0.7892406135797501,1,118
196,0.7892406135797501,1,118
197,0.7892406135797501,1,118
198,0.7892406135797501,1,118
199,0.7892406135797501,1,118
200,0.7892406135797501,1,118
1,6.961822509765625e-05,1,119
2,6.961822509765625e-05,1,119
3,6.961822509765625e-05,1,119
4,6.961822509765625e-05,1,119
5,6.961822509765625e-05,1,119
6,6.961822509765625e-05,1,119
7,6.961822509765625e-05,1,119
8,6.961822509765625e-05,1,119
9,6.961822509765625e-05,1,119
10,6.961822509765625e-05,1,119
11,6.961822509765625e-05,1,119
12,6.961822509765625e-05,1,119
13,6.961822509765625e-05,1,119
14,6.961822509765625e-05,1,119
15,6.961822509765625e-05,1,119
16,6.961822509765625e-05,1,119
17,6.961822509765625e-05,1,119
18,6.961822509765625e-05,1,119
19,6.961822509765625e-05,1,119
20,6.961822509765625e-05,1,119
21,6.961822509765625e-05,1,119
22,6.961822509765625e-05,1,119
23,6.961822509765625e-05,1,119
24,6.961822509765625e-05,1,119
25,6.961822509765625e-05,1,119
26,6.961822509765625e-05,1,119
27,6.961822509765625e-05,1,119
28,6.961822509765625e-05,1,119
29,6.961822509765625e-05,1,119
30,6.961822509765625e-05,1,119
31,6.961822509765625e-05,1,119
32,6.961822509765625e-05,1,119
33,6.961822509765625e-05,1,119
34,6.961822509765625e-05,1,119
35,6.961822509765625e-05,1,119
36,6.961822509765625e-05,1,119
37,6.961822509765625e-05,1,119
38,6.961822509765625e-05,1,119
39,6.961822509765625e-05,1,119
40,6.961822509765625e-05,1,119
41,6.961822509765625e-05,1,119
42,6.961822509765625e-05,1,119
43,6.961822509765625e-05,1,119
44,6.961822509765625e-05,1,119
45,6.961822509765625e-05,1,119
46,6.961822509765625e-05,1,119
47,6.961822509765625e-05,1,119
48,6.961822509765625e-05,1,119
49,6.961822509765625e-05,1,119
50,6.961822509765625e-05,1,119
51,6.961822509765625e-05,1,119
52,6.961822509765625e-05,1,119
53,6.961822509765625e-05,1,119
54,6.961822509765625e-05,1,119
55,6.961822509765625e-05,1,119
56,6.961822509765625e-05,1,119
57,6.961822509765625e-05,1,119
58,6.961822509765625e-05,1,119
59,6.961822509765625e-05,1,119
60,6.961822509765625e-05,1,119
61,6.961822509765625e-05,1,119
62,6.961822509765625e-05,1,119
63,6.961822509765625e-05,1,119
64,6.961822509765625e-05,1,119
65,6.961822509765625e-05,1,119
66,6.961822509765625e-05,1,119
67,6.961822509765625e-05,1,119
68,6.961822509765625e-05,1,119
69,6.961822509765625e-05,1,119
70,6.961822509765625e-05,1,119
71,6.961822509765625e-05,1,119
72,6.961822509765625e-05,1,119
73,6.961822509765625e-05,1,119
74,6.961822509765625e-05,1,119
75,6.961822509765625e-05,1,119
76,6.961822509765625e-05,1,119
77,6.961822509765625e-05,1,119
78,6.961822509765625e-05,1,119
79,6.961822509765625e-05,1,119
80,6.961822509765625e-05,1,119
81,6.961822509765625e-05,1,119
82,6.961822509765625e-05,1,119
83,6.961822509765625e-05,1,119
84,6.961822509765625e-05,1,119
85,6.961822509765625e-05,1,119
86,6.961822509765625e-05,1,119
87,6.961822509765625e-05,1,119
88,6.961822509765625e-05,1,119
89,6.961822509765625e-05,1,119
90,6.961822509765625e-05,1,119
91,6.961822509765625e-05,1,119
92,6.961822509765625e-05,1,119
93,6.961822509765625e-05,1,119
94,6.961822509765625e-05,1,119
95,6.961822509765625e-05,1,119
96,6.961822509765625e-05,1,119
97,6.961822509765625e-05,1,119
98,6.961822509765625e-05,1,119
99,6.961822509765625e-05,1,119
100,6.961822509765625e-05,1,119
101,6.961822509765625e-05,1,119
102,6.961822509765625e-05,1,119
103,6.961822509765625e-05,1,119
104,6.961822509765625e-05,1,119
105,6.961822509765625e-05,1,119
106,6.961822509765625e-05,1,119
107,6.961822509765625e-05,1,119
108,6.961822509765625e-05,1,119
109,6.961822509765625e-05,1,119
110,6.961822509765625e-05,1,119
111,6.961822509765625e-05,1,119
112,6.961822509765625e-05,1,119
113,6.961822509765625e-05,1,119
114,6.961822509765625e-05,1,119
115,6.961822509765625e-05,1,119
116,6.961822509765625e-05,1,119
117,6.961822509765625e-05,1,119
118,6.961822509765625e-05,1,119
119,6.961822509765625e-05,1,119
120,6.961822509765625e-05,1,119
121,6.961822509765625e-05,1,119
122,6.961822509765625e-05,1,119
123,6.961822509765625e-05,1,119
124,6.961822509765625e-05,1,119
125,6.961822509765625e-05,1,119
126,6.961822509765625e-05,1,119
127,6.961822509765625e-05,1,119
128,6.961822509765625e-05,1,119
129,6.961822509765625e-05,1,119
130,6.961822509765625e-05,1,119
131,6.961822509765625e-05,1,119
132,6.961822509765625e-05,1,119
133,6.961822509765625e-05,1,119
134,6.961822509765625e-05,1,119
135,6.961822509765625e-05,1,119
136,6.961822509765625e-05,1,119
137,6.961822509765625e-05,1,119
138,6.961822509765625e-05,1,119
139,6.961822509765625e-05,1,119
140,6.961822509765625e-05,1,119
141,6.961822509765625e-05,1,119
142,6.961822509765625e-05,1,119
143,6.961822509765625e-05,1,119
144,6.961822509765625e-05,1,119
145,6.961822509765625e-05,1,119
146,6.961822509765625e-05,1,119
147,6.961822509765625e-05,1,119
148,6.961822509765625e-05,1,119
149,6.961822509765625e-05,1,119
150,6.961822509765625e-05,1,119
151,6.961822509765625e-05,1,119
152,6.961822509765625e-05,1,119
153,6.961822509765625e-05,1,119
154,6.961822509765625e-05,1,119
155,6.961822509765625e-05,1,119
156,6.961822509765625e-05,1,119
157,6.961822509765625e-05,1,119
158,6.961822509765625e-05,1,119
159,6.961822509765625e-05,1,119
160,6.961822509765625e-05,1,119
161,6.961822509765625e-05,1,119
162,6.961822509765625e-05,1,119
163,6.961822509765625e-05,1,119
164,6.961822509765625e-05,1,119
165,6.961822509765625e-05,1,119
166,6.961822509765625e-05,1,119
167,6.961822509765625e-05,1,119
168,6.961822509765625e-05,1,119
169,6.961822509765625e-05,1,119
170,6.961822509765625e-05,1,119
171,6.961822509765625e-05,1,119
172,6.961822509765625e-05,1,119
173,6.961822509765625e-05,1,119
174,6.961822509765625e-05,1,119
175,6.961822509765625e-05,1,119
176,6.961822509765625e-05,1,119
177,6.961822509765625e-05,1,119
178,6.961822509765625e-05,1,119
179,6.961822509765625e-05,1,119
180,6.961822509765625e-05,1,119
181,6.961822509765625e-05,1,119
182,6.961822509765625e-05,1,119
183,6.961822509765625e-05,1,119
184,6.961822509765625e-05,1,119
185,6.961822509765625e-05,1,119
186,6.961822509765625e-05,1,119
187,6.961822509765625e-05,1,119
188,6.961822509765625e-05,1,119
189,6.961822509765625e-05,1,119
190,6.961822509765625e-05,1,119
191,6.961822509765625e-05,1,119
192,6.961822509765625e-05,1,119
193,6.961822509765625e-05,1,119
194,6.961822509765625e-05,1,119
195,6.961822509765625e-05,1,119
196,6.961822509765625e-05,1,119
197,6.961822509765625e-05,1,119
198,6.961822509765625e-05,1,119
199,6.961822509765625e-05,1,119
200,6.961822509765625e-05,1,119
1,0.12354958057403564,1,120
2,0.12354958057403564,1,120
3,0.12354958057403564,1,120
4,0.12354958057403564,1,120
5,0.12354958057403564,1,120
6,0.12354958057403564,1,120
7,0.12354999780654907,1,120
8,0.12354999780654907,1,120
9,0.12354999780654907,1,120
10,0.1235499382019043,1,120
11,0.12354981899261475,1,120
12,0.12354981899261475,1,120
13,0.12354981899261475,1,120
14,0.12354981899261475,1,120
15,0.12354981899261475,1,120
16,0.12354981899261475,1,120
17,0.12354981899261475,1,120
18,0.12354981899261475,1,120
19,0.12354981899261475,1,120
20,0.12354981899261475,1,120
21,0.12354981899261475,1,120
22,0.12354981899261475,1,120
23,0.12354981899261475,1,120
24,0.12354981899261475,1,120
25,0.12354981899261475,1,120
26,0.12354981899261475,1,120
27,0.12354981899261475,1,120
28,0.12354981899261475,1,120
29,0.12354981899261475,1,120
30,0.12354981899261475,1,120
31,0.12354981899261475,1,120
32,0.12354981899261475,1,120
33,0.12354981899261475,1,120
34,0.12354981899261475,1,120
35,0.12354981899261475,1,120
36,0.12354981899261475,1,120
37,0.12354981899261475,1,120
38,0.12354981899261475,1,120
39,0.12354981899261475,1,120
40,0.12354981899261475,1,120
41,0.12354981899261475,1,120
42,0.12354981899261475,1,120
43,0.12354981899261475,1,120
44,0.12354981899261475,1,120
45,0.12354981899261475,1,120
46,0.12354981899261475,1,120
47,0.1235499382019043,1,120
48,0.1235499382019043,1,120
49,0.1235499382019043,1,120
50,0.1235499382019043,1,120
51,0.1235499382019043,1,120
52,0.12354981899261475,1,120
53,0.12354981899261475,1,120
54,0.12354981899261475,1,120
55,0.12354981899261475,1,120
56,0.12354981899261475,1,120
57,0.12354981899261475,1,120
58,0.12354981899261475,1,120
59,0.12354981899261475,1,120
60,0.12354981899261475,1,120
61,0.12354981899261475,1,120
62,0.12354981899261475,1,120
63,0.12354981899261475,1,120
64,0.12354981899261475,1,120
65,0.12354981899261475,1,120
66,0.12354981899261475,1,120
67,0.12354981899261475,1,120
68,0.12354981899261475,1,120
69,0.12354981899261475,1,120
70,0.12354981899261475,1,120
71,0.12354981899261475,1,120
72,0.12354981899261475,1,120
73,0.12354981899261475,1,120
74,0.12354981899261475,1,120
75,0.12354981899261475,1,120
76,0.12354981899261475,1,120
77,0.12354981899261475,1,120
78,0.12354981899261475,1,120
79,0.12354981899261475,1,120
80,0.12354981899261475,1,120
81,0.12354981899261475,1,120
82,0.12354981899261475,1,120
83,0.12354981899261475,1,120
84,0.12354981899261475,1,120
85,0.12354981899261475,1,120
86,0.12354981899261475,1,120
87,0.12354981899261475,1,120
88,0.12354981899261475,1,120
89,0.12354981899261475,1,120
90,0.12354981899261475,1,120
91,0.12354981899261475,1,120
92,0.12354981899261475,1,120
93,0.12354981899261475,1,120
94,0.12354981899261475,1,120
95,0.12354981899261475,1,120
96,0.12354981899261475,1,120
97,0.12354981899261475,1,120
98,0.12354981899261475,1,120
99,0.12354981899261475,1,120
100,0.12354981899261475,1,120
101,0.12354981899261475,1,120
102,0.12354981899261475,1,120
103,0.12354981899261475,1,120
104,0.12354981899261475,1,120
105,0.12354981899261475,1,120
106,0.12354981899261475,1,120
107,0.12354981899261475,1,120
108,0.12354981899261475,1,120
109,0.12354981899261475,1,120
110,0.12354981899261475,1,120
111,0.12354981899261475,1,120
112,0.12354981899261475,1,120
113,0.12354981899261475,1,120
114,0.12354981899261475,1,120
115,0.12354981899261475,1,120
116,0.12354981899261475,1,120
117,0.12354981899261475,1,120
118,0.12354981899261475,1,120
119,0.12354981899261475,1,120
120,0.12354981899261475,1,120
121,0.12354981899261475,1,120
122,0.12354981899261475,1,120
123,0.12354981899261475,1,120
124,0.12354981899261475,1,120
125,0.12354981899261475,1,120
126,0.12354981899261475,1,120
127,0.12354981899261475,1,120
128,0.12354981899261475,1,120
129,0.12354981899261475,1,120
130,0.12354981899261475,1,120
131,0.12354981899261475,1,120
132,0.12354981899261475,1,120
133,0.12354981899261475,1,120
134,0.12354981899261475,1,120
135,0.12354981899261475,1,120
136,0.12354981899261475,1,120
137,0.12354981899261475,1,120
138,0.12354981899261475,1,120
139,0.12354981899261475,1,120
140,0.12354981899261475,1,120
141,0.12354981899261475,1,120
142,0.12354981899261475,1,120
143,0.12354981899261475,1,120
144,0.12354981899261475,1,120
145,0.12354981899261475,1,120
146,0.12354981899261475,1,120
147,0.12354981899261475,1,120
148,0.12354981899261475,1,120
149,0.12354981899261475,1,120
150,0.12354981899261475,1,120
151,0.12354981899261475,1,120
152,0.12354981899261475,1,120
153,0.12354981899261475,1,120
154,0.12354981899261475,1,120
155,0.12354981899261475,1,120
156,0.12354981899261475,1,120
157,0.12354981899261475,1,120
158,0.12354981899261475,1,120
159,0.12354981899261475,1,120
160,0.12354981899261475,1,120
161,0.12354981899261475,1,120
162,0.12354981899261475,1,120
163,0.12354981899261475,1,120
164,0.12354981899261475,1,120
165,0.12354981899261475,1,120
166,0.12354981899261475,1,120
167,0.12354981899261475,1,120
168,0.12354981899261475,1,120
169,0.12354981899261475,1,120
170,0.12354981899261475,1,120
171,0.12354981899261475,1,120
172,0.12354981899261475,1,120
173,0.12354981899261475,1,120
174,0.12354981899261475,1,120
175,0.12354981899261475,1,120
176,0.12354981899261475,1,120
177,0.12354981899261475,1,120
178,0.12354981899261475,1,120
179,0.12354981899261475,1,120
180,0.12354981899261475,1,120
181,0.12354981899261475,1,120
182,0.12354981899261475,1,120
183,0.12354981899261475,1,120
184,0.12354981899261475,1,120
185,0.12354981899261475,1,120
186,0.12354981899261475,1,120
187,0.12354981899261475,1,120
188,0.12354981899261475,1,120
189,0.12354981899261475,1,120
190,0.12354981899261475,1,120
191,0.12354981899261475,1,120
192,0.12354981899261475,1,120
193,0.12354981899261475,1,120
194,0.12354981899261475,1,120
195,0.12354981899261475,1,120
196,0.12354981899261475,1,120
197,0.12354981899261475,1,120
198,0.12354981899261475,1,120
199,0.12354981899261475,1,120
200,0.12354981899261475,1,120
1,2.384185791015625e-07,1,121
2,2.384185791015625e-07,1,121
3,2.384185791015625e-07,1,121
4,2.384185791015625e-07,1,121
5,2.384185791015625e-07,1,121
6,2.384185791015625e-07,1,121
7,2.384185791015625e-07,1,121
8,2.384185791015625e-07,1,121
9,2.384185791015625e-07,1,121
10,2.384185791015625e-07,1,121
11,2.384185791015625e-07,1,121
12,2.384185791015625e-07,1,121
13,2.384185791015625e-07,1,121
14,2.384185791015625e-07,1,121
15,2.384185791015625e-07,1,121
16,2.384185791015625e-07,1,121
17,2.384185791015625e-07,1,121
18,2.384185791015625e-07,1,121
19,2.384185791015625e-07,1,121
20,2.384185791015625e-07,1,121
21,2.384185791015625e-07,1,121
22,2.384185791015625e-07,1,121
23,2.384185791015625e-07,1,121
24,2.384185791015625e-07,1,121
25,2.384185791015625e-07,1,121
26,2.384185791015625e-07,1,121
27,2.384185791015625e-07,1,121
28,2.384185791015625e-07,1,121
29,2.384185791015625e-07,1,121
30,2.384185791015625e-07,1,121
31,2.384185791015625e-07,1,121
32,2.384185791015625e-07,1,121
33,2.384185791015625e-07,1,121
34,2.384185791015625e-07,1,121
35,2.384185791015625e-07,1,121
36,2.384185791015625e-07,1,121
37,2.384185791015625e-07,1,121
38,2.384185791015625e-07,1,121
39,2.384185791015625e-07,1,121
40,2.384185791015625e-07,1,121
41,2.384185791015625e-07,1,121
42,2.384185791015625e-07,1,121
43,2.384185791015625e-07,1,121
44,2.384185791015625e-07,1,121
45,2.384185791015625e-07,1,121
46,2.384185791015625e-07,1,121
47,2.384185791015625e-07,1,121
48,2.384185791015625e-07,1,121
49,2.384185791015625e-07,1,121
50,2.384185791015625e-07,1,121
51,2.384185791015625e-07,1,121
52,2.384185791015625e-07,1,121
53,2.384185791015625e-07,1,121
54,2.384185791015625e-07,1,121
55,2.384185791015625e-07,1,121
56,2.384185791015625e-07,1,121
57,2.384185791015625e-07,1,121
58,2.384185791015625e-07,1,121
59,2.384185791015625e-07,1,121
60,2.384185791015625e-07,1,121
61,2.384185791015625e-07,1,121
62,2.384185791015625e-07,1,121
63,2.384185791015625e-07,1,121
64,2.384185791015625e-07,1,121
65,2.384185791015625e-07,1,121
66,2.384185791015625e-07,1,121
67,2.384185791015625e-07,1,121
68,2.384185791015625e-07,1,121
69,2.384185791015625e-07,1,121
70,2.384185791015625e-07,1,121
71,2.384185791015625e-07,1,121
72,2.384185791015625e-07,1,121
73,2.384185791015625e-07,1,121
74,2.384185791015625e-07,1,121
75,2.384185791015625e-07,1,121
76,2.384185791015625e-07,1,121
77,2.384185791015625e-07,1,121
78,2.384185791015625e-07,1,121
79,2.384185791015625e-07,1,121
80,2.384185791015625e-07,1,121
81,2.384185791015625e-07,1,121
82,2.384185791015625e-07,1,121
83,2.384185791015625e-07,1,121
84,2.384185791015625e-07,1,121
85,2.384185791015625e-07,1,121
86,2.384185791015625e-07,1,121
87,2.384185791015625e-07,1,121
88,2.384185791015625e-07,1,121
89,2.384185791015625e-07,1,121
90,2.384185791015625e-07,1,121
91,2.384185791015625e-07,1,121
92,2.384185791015625e-07,1,121
93,2.384185791015625e-07,1,121
94,2.384185791015625e-07,1,121
95,2.384185791015625e-07,1,121
96,2.384185791015625e-07,1,121
97,2.384185791015625e-07,1,121
98,2.384185791015625e-07,1,121
99,2.384185791015625e-07,1,121
100,2.384185791015625e-07,1,121
101,2.384185791015625e-07,1,121
102,2.384185791015625e-07,1,121
103,2.384185791015625e-07,1,121
104,2.384185791015625e-07,1,121
105,2.384185791015625e-07,1,121
106,2.384185791015625e-07,1,121
107,2.384185791015625e-07,1,121
108,2.384185791015625e-07,1,121
109,2.384185791015625e-07,1,121
110,2.384185791015625e-07,1,121
111,2.384185791015625e-07,1,121
112,2.384185791015625e-07,1,121
113,2.384185791015625e-07,1,121
114,2.384185791015625e-07,1,121
115,2.384185791015625e-07,1,121
116,2.384185791015625e-07,1,121
117,2.384185791015625e-07,1,121
118,2.384185791015625e-07,1,121
119,2.384185791015625e-07,1,121
120,2.384185791015625e-07,1,121
121,2.384185791015625e-07,1,121
122,2.384185791015625e-07,1,121
123,2.384185791015625e-07,1,121
124,2.384185791015625e-07,1,121
125,2.384185791015625e-07,1,121
126,2.384185791015625e-07,1,121
127,2.384185791015625e-07,1,121
128,2.384185791015625e-07,1,121
129,2.384185791015625e-07,1,121
130,2.384185791015625e-07,1,121
131,2.384185791015625e-07,1,121
132,2.384185791015625e-07,1,121
133,2.384185791015625e-07,1,121
134,2.384185791015625e-07,1,121
135,2.384185791015625e-07,1,121
136,2.384185791015625e-07,1,121
137,2.384185791015625e-07,1,121
138,2.384185791015625e-07,1,121
139,2.384185791015625e-07,1,121
140,2.384185791015625e-07,1,121
141,2.384185791015625e-07,1,121
142,2.384185791015625e-07,1,121
143,2.384185791015625e-07,1,121
144,2.384185791015625e-07,1,121
145,2.384185791015625e-07,1,121
146,2.384185791015625e-07,1,121
147,2.384185791015625e-07,1,121
148,2.384185791015625e-07,1,121
149,2.384185791015625e-07,1,121
150,2.384185791015625e-07,1,121
151,2.384185791015625e-07,1,121
152,2.384185791015625e-07,1,121
153,2.384185791015625e-07,1,121
154,2.384185791015625e-07,1,121
155,2.384185791015625e-07,1,121
156,2.384185791015625e-07,1,121
157,2.384185791015625e-07,1,121
158,2.384185791015625e-07,1,121
159,2.384185791015625e-07,1,121
160,2.384185791015625e-07,1,121
161,2.384185791015625e-07,1,121
162,2.384185791015625e-07,1,121
163,2.384185791015625e-07,1,121
164,2.384185791015625e-07,1,121
165,2.384185791015625e-07,1,121
166,2.384185791015625e-07,1,121
167,2.384185791015625e-07,1,121
168,2.384185791015625e-07,1,121
169,2.384185791015625e-07,1,121
170,2.384185791015625e-07,1,121
171,2.384185791015625e-07,1,121
172,2.384185791015625e-07,1,121
173,2.384185791015625e-07,1,121
174,2.384185791015625e-07,1,121
175,2.384185791015625e-07,1,121
176,2.384185791015625e-07,1,121
177,2.384185791015625e-07,1,121
178,2.384185791015625e-07,1,121
179,2.384185791015625e-07,1,121
180,2.384185791015625e-07,1,121
181,2.384185791015625e-07,1,121
182,2.384185791015625e-07,1,121
183,2.384185791015625e-07,1,121
184,2.384185791015625e-07,1,121
185,2.384185791015625e-07,1,121
186,2.384185791015625e-07,1,121
187,2.384185791015625e-07,1,121
188,2.384185791015625e-07,1,121
189,2.384185791015625e-07,1,121
190,2.384185791015625e-07,1,121
191,2.384185791015625e-07,1,121
192,2.384185791015625e-07,1,121
193,2.384185791015625e-07,1,121
194,2.384185791015625e-07,1,121
195,2.384185791015625e-07,1,121
196,2.384185791015625e-07,1,121
197,2.384185791015625e-07,1,121
198,2.384185791015625e-07,1,121
199,2.384185791015625e-07,1,121
200,2.384185791015625e-07,1,121
1,1.1801719665527344e-05,1,122
2,1.1801719665527344e-05,1,122
3,1.1801719665527344e-05,1,122
4,1.1801719665527344e-05,1,122
5,1.1801719665527344e-05,1,122
6,1.1801719665527344e-05,1,122
7,1.1801719665527344e-05,1,122
8,1.1801719665527344e-05,1,122
9,1.1801719665527344e-05,1,122
10,1.1801719665527344e-05,1,122
11,1.1801719665527344e-05,1,122
12,1.1801719665527344e-05,1,122
13,1.1801719665527344e-05,1,122
14,1.1801719665527344e-05,1,122
15,1.1801719665527344e-05,1,122
16,1.1801719665527344e-05,1,122
17,1.1801719665527344e-05,1,122
18,1.1801719665527344e-05,1,122
19,1.1801719665527344e-05,1,122
20,1.1801719665527344e-05,1,122
21,1.1801719665527344e-05,1,122
22,1.1801719665527344e-05,1,122
23,1.1801719665527344e-05,1,122
24,1.1801719665527344e-05,1,122
25,1.1801719665527344e-05,1,122
26,1.1801719665527344e-05,1,122
27,1.1801719665527344e-05,1,122
28,1.1801719665527344e-05,1,122
29,1.1801719665527344e-05,1,122
30,1.1801719665527344e-05,1,122
31,1.1801719665527344e-05,1,122
32,1.1801719665527344e-05,1,122
33,1.1801719665527344e-05,1,122
34,1.1801719665527344e-05,1,122
35,1.1801719665527344e-05,1,122
36,1.1801719665527344e-05,1,122
37,1.1801719665527344e-05,1,122
38,1.1801719665527344e-05,1,122
39,1.1801719665527344e-05,1,122
40,1.1801719665527344e-05,1,122
41,1.1801719665527344e-05,1,122
42,1.1801719665527344e-05,1,122
43,1.1801719665527344e-05,1,122
44,1.1801719665527344e-05,1,122
45,1.1801719665527344e-05,1,122
46,1.1801719665527344e-05,1,122
47,1.1801719665527344e-05,1,122
48,1.1801719665527344e-05,1,122
49,1.1801719665527344e-05,1,122
50,1.1801719665527344e-05,1,122
51,1.1801719665527344e-05,1,122
52,1.1801719665527344e-05,1,122
53,1.1801719665527344e-05,1,122
54,1.1801719665527344e-05,1,122
55,1.1801719665527344e-05,1,122
56,1.1801719665527344e-05,1,122
57,1.1801719665527344e-05,1,122
58,1.1801719665527344e-05,1,122
59,1.1801719665527344e-05,1,122
60,1.1801719665527344e-05,1,122
61,1.1801719665527344e-05,1,122
62,1.1801719665527344e-05,1,122
63,1.1801719665527344e-05,1,122
64,1.1801719665527344e-05,1,122
65,1.1801719665527344e-05,1,122
66,1.1801719665527344e-05,1,122
67,1.1801719665527344e-05,1,122
68,1.1801719665527344e-05,1,122
69,1.1801719665527344e-05,1,122
70,1.1801719665527344e-05,1,122
71,1.1801719665527344e-05,1,122
72,1.1801719665527344e-05,1,122
73,1.1801719665527344e-05,1,122
74,1.1801719665527344e-05,1,122
75,1.1801719665527344e-05,1,122
76,1.1801719665527344e-05,1,122
77,1.1801719665527344e-05,1,122
78,1.1801719665527344e-05,1,122
79,1.1801719665527344e-05,1,122
80,1.1801719665527344e-05,1,122
81,1.1801719665527344e-05,1,122
82,1.1801719665527344e-05,1,122
83,1.1801719665527344e-05,1,122
84,1.1801719665527344e-05,1,122
85,1.1801719665527344e-05,1,122
86,1.1801719665527344e-05,1,122
87,1.1801719665527344e-05,1,122
88,1.1801719665527344e-05,1,122
89,1.1801719665527344e-05,1,122
90,1.1801719665527344e-05,1,122
91,1.1801719665527344e-05,1,122
92,1.1801719665527344e-05,1,122
93,1.1801719665527344e-05,1,122
94,1.1801719665527344e-05,1,122
95,1.1801719665527344e-05,1,122
96,1.1801719665527344e-05,1,122
97,1.1801719665527344e-05,1,122
98,1.1801719665527344e-05,1,122
99,1.1801719665527344e-05,1,122
100,1.1801719665527344e-05,1,122
101,1.1801719665527344e-05,1,122
102,1.1801719665527344e-05,1,122
103,1.1801719665527344e-05,1,122
104,1.1801719665527344e-05,1,122
105,1.1801719665527344e-05,1,122
106,1.1801719665527344e-05,1,122
107,1.1801719665527344e-05,1,122
108,1.1801719665527344e-05,1,122
109,1.1801719665527344e-05,1,122
110,1.1801719665527344e-05,1,122
111,1.1801719665527344e-05,1,122
112,1.1801719665527344e-05,1,122
113,1.1801719665527344e-05,1,122
114,1.1801719665527344e-05,1,122
115,1.1801719665527344e-05,1,122
116,1.1801719665527344e-05,1,122
117,1.1801719665527344e-05,1,122
118,1.1801719665527344e-05,1,122
119,1.1801719665527344e-05,1,122
120,1.1801719665527344e-05,1,122
121,1.1801719665527344e-05,1,122
122,1.1801719665527344e-05,1,122
123,1.1801719665527344e-05,1,122
124,1.1801719665527344e-05,1,122
125,1.1801719665527344e-05,1,122
126,1.1801719665527344e-05,1,122
127,1.1801719665527344e-05,1,122
128,1.1801719665527344e-05,1,122
129,1.1801719665527344e-05,1,122
130,1.1801719665527344e-05,1,122
131,1.1801719665527344e-05,1,122
132,1.1801719665527344e-05,1,122
133,1.1801719665527344e-05,1,122
134,1.1801719665527344e-05,1,122
135,1.1801719665527344e-05,1,122
136,1.1801719665527344e-05,1,122
137,1.1801719665527344e-05,1,122
138,1.1801719665527344e-05,1,122
139,1.1801719665527344e-05,1,122
140,1.1801719665527344e-05,1,122
141,1.1801719665527344e-05,1,122
142,1.1801719665527344e-05,1,122
143,1.1801719665527344e-05,1,122
144,1.1801719665527344e-05,1,122
145,1.1801719665527344e-05,1,122
146,1.1801719665527344e-05,1,122
147,1.1801719665527344e-05,1,122
148,1.1801719665527344e-05,1,122
149,1.1801719665527344e-05,1,122
150,1.1801719665527344e-05,1,122
151,1.1801719665527344e-05,1,122
152,1.1801719665527344e-05,1,122
153,1.1801719665527344e-05,1,122
154,1.1801719665527344e-05,1,122
155,1.1801719665527344e-05,1,122
156,1.1801719665527344e-05,1,122
157,1.1801719665527344e-05,1,122
158,1.1801719665527344e-05,1,122
159,1.1801719665527344e-05,1,122
160,1.1801719665527344e-05,1,122
161,1.1801719665527344e-05,1,122
162,1.1801719665527344e-05,1,122
163,1.1801719665527344e-05,1,122
164,1.1801719665527344e-05,1,122
165,1.1801719665527344e-05,1,122
166,1.1801719665527344e-05,1,122
167,1.1801719665527344e-05,1,122
168,1.1801719665527344e-05,1,122
169,1.1801719665527344e-05,1,122
170,1.1801719665527344e-05,1,122
171,1.1801719665527344e-05,1,122
172,1.1801719665527344e-05,1,122
173,1.1801719665527344e-05,1,122
174,1.1801719665527344e-05,1,122
175,1.1801719665527344e-05,1,122
176,1.1801719665527344e-05,1,122
177,1.1801719665527344e-05,1,122
178,1.1801719665527344e-05,1,122
179,1.1801719665527344e-05,1,122
180,1.1801719665527344e-05,1,122
181,1.1801719665527344e-05,1,122
182,1.1801719665527344e-05,1,122
183,1.1801719665527344e-05,1,122
184,1.1801719665527344e-05,1,122
185,1.1801719665527344e-05,1,122
186,1.1801719665527344e-05,1,122
187,1.1801719665527344e-05,1,122
188,1.1801719665527344e-05,1,122
189,1.1801719665527344e-05,1,122
190,1.1801719665527344e-05,1,122
191,1.1801719665527344e-05,1,122
192,1.1801719665527344e-05,1,122
193,1.1801719665527344e-05,1,122
194,1.1801719665527344e-05,1,122
195,1.1801719665527344e-05,1,122
196,1.1801719665527344e-05,1,122
197,1.1801719665527344e-05,1,122
198,1.1801719665527344e-05,1,122
199,1.1801719665527344e-05,1,122
200,1.1801719665527344e-05,1,122
1,2.9802322387695312e-06,1,123
2,2.9802322387695312e-06,1,123
3,2.9802322387695312e-06,1,123
4,2.9802322387695312e-06,1,123
5,2.9802322387695312e-06,1,123
6,2.9802322387695312e-06,1,123
7,2.9802322387695312e-06,1,123
8,2.9802322387695312e-06,1,123
9,2.9802322387695312e-06,1,123
10,2.9802322387695312e-06,1,123
11,2.9802322387695312e-06,1,123
12,2.9802322387695312e-06,1,123
13,2.9802322387695312e-06,1,123
14,2.9802322387695312e-06,1,123
15,2.9802322387695312e-06,1,123
16,2.9802322387695312e-06,1,123
17,2.9802322387695312e-06,1,123
18,2.9802322387695312e-06,1,123
19,2.9802322387695312e-06,1,123
20,2.9802322387695312e-06,1,123
21,2.9802322387695312e-06,1,123
22,2.9802322387695312e-06,1,123
23,2.9802322387695312e-06,1,123
24,2.9802322387695312e-06,1,123
25,2.9802322387695312e-06,1,123
26,2.9802322387695312e-06,1,123
27,2.9802322387695312e-06,1,123
28,2.9802322387695312e-06,1,123
29,2.9802322387695312e-06,1,123
30,2.9802322387695312e-06,1,123
31,2.9802322387695312e-06,1,123
32,2.9802322387695312e-06,1,123
33,2.9802322387695312e-06,1,123
34,2.9802322387695312e-06,1,123
35,2.9802322387695312e-06,1,123
36,2.9802322387695312e-06,1,123
37,2.9802322387695312e-06,1,123
38,2.9802322387695312e-06,1,123
39,2.9802322387695312e-06,1,123
40,2.9802322387695312e-06,1,123
41,2.9802322387695312e-06,1,123
42,2.9802322387695312e-06,1,123
43,2.9802322387695312e-06,1,123
44,2.9802322387695312e-06,1,123
45,2.9802322387695312e-06,1,123
46,2.9802322387695312e-06,1,123
47,2.9802322387695312e-06,1,123
48,2.9802322387695312e-06,1,123
49,2.9802322387695312e-06,1,123
50,2.9802322387695312e-06,1,123
51,2.9802322387695312e-06,1,123
52,2.9802322387695312e-06,1,123
53,2.9802322387695312e-06,1,123
54,2.9802322387695312e-06,1,123
55,2.9802322387695312e-06,1,123
56,2.9802322387695312e-06,1,123
57,2.9802322387695312e-06,1,123
58,2.9802322387695312e-06,1,123
59,2.9802322387695312e-06,1,123
60,2.9802322387695312e-06,1,123
61,2.9802322387695312e-06,1,123
62,2.9802322387695312e-06,1,123
63,2.9802322387695312e-06,1,123
64,2.9802322387695312e-06,1,123
65,2.9802322387695312e-06,1,123
66,2.9802322387695312e-06,1,123
67,2.9802322387695312e-06,1,123
68,2.9802322387695312e-06,1,123
69,2.9802322387695312e-06,1,123
70,2.9802322387695312e-06,1,123
71,2.9802322387695312e-06,1,123
72,2.9802322387695312e-06,1,123
73,2.9802322387695312e-06,1,123
74,2.9802322387695312e-06,1,123
75,2.9802322387695312e-06,1,123
76,2.9802322387695312e-06,1,123
77,2.9802322387695312e-06,1,123
78,2.9802322387695312e-06,1,123
79,2.9802322387695312e-06,1,123
80,2.9802322387695312e-06,1,123
81,2.9802322387695312e-06,1,123
82,2.9802322387695312e-06,1,123
83,2.9802322387695312e-06,1,123
84,2.9802322387695312e-06,1,123
85,2.9802322387695312e-06,1,123
86,2.9802322387695312e-06,1,123
87,2.9802322387695312e-06,1,123
88,2.9802322387695312e-06,1,123
89,2.9802322387695312e-06,1,123
90,2.9802322387695312e-06,1,123
91,2.9802322387695312e-06,1,123
92,2.9802322387695312e-06,1,123
93,2.9802322387695312e-06,1,123
94,2.9802322387695312e-06,1,123
95,2.9802322387695312e-06,1,123
96,2.9802322387695312e-06,1,123
97,2.9802322387695312e-06,1,123
98,2.9802322387695312e-06,1,123
99,2.9802322387695312e-06,1,123
100,2.9802322387695312e-06,1,123
101,2.9802322387695312e-06,1,123
102,2.9802322387695312e-06,1,123
103,2.9802322387695312e-06,1,123
104,2.9802322387695312e-06,1,123
105,2.9802322387695312e-06,1,123
106,2.9802322387695312e-06,1,123
107,2.9802322387695312e-06,1,123
108,2.9802322387695312e-06,1,123
109,2.9802322387695312e-06,1,123
110,2.9802322387695312e-06,1,123
111,2.9802322387695312e-06,1,123
112,2.9802322387695312e-06,1,123
113,2.9802322387695312e-06,1,123
114,2.9802322387695312e-06,1,123
115,2.9802322387695312e-06,1,123
116,2.9802322387695312e-06,1,123
117,2.9802322387695312e-06,1,123
118,2.9802322387695312e-06,1,123
119,2.9802322387695312e-06,1,123
120,2.9802322387695312e-06,1,123
121,2.9802322387695312e-06,1,123
122,2.9802322387695312e-06,1,123
123,2.9802322387695312e-06,1,123
124,2.9802322387695312e-06,1,123
125,2.9802322387695312e-06,1,123
126,2.9802322387695312e-06,1,123
127,2.9802322387695312e-06,1,123
128,2.9802322387695312e-06,1,123
129,2.9802322387695312e-06,1,123
130,2.9802322387695312e-06,1,123
131,2.9802322387695312e-06,1,123
132,2.9802322387695312e-06,1,123
133,2.9802322387695312e-06,1,123
134,2.9802322387695312e-06,1,123
135,2.9802322387695312e-06,1,123
136,2.9802322387695312e-06,1,123
137,2.9802322387695312e-06,1,123
138,2.9802322387695312e-06,1,123
139,2.9802322387695312e-06,1,123
140,2.9802322387695312e-06,1,123
141,2.9802322387695312e-06,1,123
142,2.9802322387695312e-06,1,123
143,2.9802322387695312e-06,1,123
144,2.9802322387695312e-06,1,123
145,2.9802322387695312e-06,1,123
146,2.9802322387695312e-06,1,123
147,2.9802322387695312e-06,1,123
148,2.9802322387695312e-06,1,123
149,2.9802322387695312e-06,1,123
150,2.9802322387695312e-06,1,123
151,2.9802322387695312e-06,1,123
152,2.9802322387695312e-06,1,123
153,2.9802322387695312e-06,1,123
154,2.9802322387695312e-06,1,123
155,2.9802322387695312e-06,1,123
156,2.9802322387695312e-06,1,123
157,2.9802322387695312e-06,1,123
158,2.9802322387695312e-06,1,123
159,2.9802322387695312e-06,1,123
160,2.9802322387695312e-06,1,123
161,2.9802322387695312e-06,1,123
162,2.9802322387695312e-06,1,123
163,2.9802322387695312e-06,1,123
164,2.9802322387695312e-06,1,123
165,2.9802322387695312e-06,1,123
166,2.9802322387695312e-06,1,123
167,2.9802322387695312e-06,1,123
168,2.9802322387695312e-06,1,123
169,2.9802322387695312e-06,1,123
170,2.9802322387695312e-06,1,123
171,2.9802322387695312e-06,1,123
172,2.9802322387695312e-06,1,123
173,2.9802322387695312e-06,1,123
174,2.9802322387695312e-06,1,123
175,2.9802322387695312e-06,1,123
176,2.9802322387695312e-06,1,123
177,2.9802322387695312e-06,1,123
178,2.9802322387695312e-06,1,123
179,2.9802322387695312e-06,1,123
180,2.9802322387695312e-06,1,123
181,2.9802322387695312e-06,1,123
182,2.9802322387695312e-06,1,123
183,2.9802322387695312e-06,1,123
184,2.9802322387695312e-06,1,123
185,2.9802322387695312e-06,1,123
186,2.9802322387695312e-06,1,123
187,2.9802322387695312e-06,1,123
188,2.9802322387695312e-06,1,123
189,2.9802322387695312e-06,1,123
190,2.9802322387695312e-06,1,123
191,2.9802322387695312e-06,1,123
192,2.9802322387695312e-06,1,123
193,2.9802322387695312e-06,1,123
194,2.9802322387695312e-06,1,123
195,2.9802322387695312e-06,1,123
196,2.9802322387695312e-06,1,123
197,2.9802322387695312e-06,1,123
198,2.9802322387695312e-06,1,123
199,2.9802322387695312e-06,1,123
200,2.9802322387695312e-06,1,123
1,0.08031326532363892,1,124
2,0.08031326532363892,1,124
3,0.08031278848648071,1,124
4,0.08031278848648071,1,124
5,0.08031278848648071,1,124
6,0.0803142786026001,1,124
7,0.0803142786026001,1,124
8,0.0803142786026001,1,124
9,0.08031147718429565,1,124
10,0.08031147718429565,1,124
11,0.08031147718429565,1,124
12,0.08031147718429565,1,124
13,0.08031278848648071,1,124
14,0.08031225204467773,1,124
15,0.08031225204467773,1,124
16,0.08031278848648071,1,124
17,0.08031278848648071,1,124
18,0.08031225204467773,1,124
19,0.08031225204467773,1,124
20,0.08031225204467773,1,124
21,0.08031225204467773,1,124
22,0.08031225204467773,1,124
23,0.08031225204467773,1,124
24,0.08031225204467773,1,124
25,0.08031225204467773,1,124
26,0.08031225204467773,1,124
27,0.08031225204467773,1,124
28,0.08031225204467773,1,124
29,0.08031225204467773,1,124
30,0.08031225204467773,1,124
31,0.08031225204467773,1,124
32,0.08031225204467773,1,124
33,0.08031225204467773,1,124
34,0.08031225204467773,1,124
35,0.08031225204467773,1,124
36,0.08031225204467773,1,124
37,0.08031225204467773,1,124
38,0.08031225204467773,1,124
39,0.08031225204467773,1,124
40,0.08031225204467773,1,124
41,0.08031225204467773,1,124
42,0.08031225204467773,1,124
43,0.08031225204467773,1,124
44,0.08031225204467773,1,124
45,0.08031225204467773,1,124
46,0.08031225204467773,1,124
47,0.08031225204467773,1,124
48,0.08031225204467773,1,124
49,0.08031225204467773,1,124
50,0.08031225204467773,1,124
51,0.08031225204467773,1,124
52,0.08031225204467773,1,124
53,0.08031225204467773,1,124
54,0.08031225204467773,1,124
55,0.08031225204467773,1,124
56,0.08031225204467773,1,124
57,0.08031225204467773,1,124
58,0.08031225204467773,1,124
59,0.08031225204467773,1,124
60,0.08031225204467773,1,124
61,0.08031225204467773,1,124
62,0.08031225204467773,1,124
63,0.08031225204467773,1,124
64,0.08031225204467773,1,124
65,0.08031225204467773,1,124
66,0.08031225204467773,1,124
67,0.08031225204467773,1,124
68,0.08031225204467773,1,124
69,0.08031225204467773,1,124
70,0.08031225204467773,1,124
71,0.08031225204467773,1,124
72,0.08031225204467773,1,124
73,0.08031225204467773,1,124
74,0.08031225204467773,1,124
75,0.08031225204467773,1,124
76,0.08031225204467773,1,124
77,0.08031225204467773,1,124
78,0.08031225204467773,1,124
79,0.08031225204467773,1,124
80,0.08031225204467773,1,124
81,0.08031225204467773,1,124
82,0.08031225204467773,1,124
83,0.08031225204467773,1,124
84,0.08031225204467773,1,124
85,0.08031225204467773,1,124
86,0.08031225204467773,1,124
87,0.08031225204467773,1,124
88,0.08031225204467773,1,124
89,0.08031225204467773,1,124
90,0.08031225204467773,1,124
91,0.08031225204467773,1,124
92,0.08031225204467773,1,124
93,0.08031225204467773,1,124
94,0.08031225204467773,1,124
95,0.08031225204467773,1,124
96,0.08031225204467773,1,124
97,0.08031225204467773,1,124
98,0.08031225204467773,1,124
99,0.08031225204467773,1,124
100,0.08031225204467773,1,124
101,0.08031225204467773,1,124
102,0.08031225204467773,1,124
103,0.08031225204467773,1,124
104,0.08031225204467773,1,124
105,0.08031225204467773,1,124
106,0.08031225204467773,1,124
107,0.08031225204467773,1,124
108,0.08031225204467773,1,124
109,0.08031225204467773,1,124
110,0.08031225204467773,1,124
111,0.08031225204467773,1,124
112,0.08031225204467773,1,124
113,0.08031225204467773,1,124
114,0.08031225204467773,1,124
115,0.08031225204467773,1,124
116,0.08031225204467773,1,124
117,0.08031225204467773,1,124
118,0.08031225204467773,1,124
119,0.08031225204467773,1,124
120,0.08031225204467773,1,124
121,0.08031225204467773,1,124
122,0.08031225204467773,1,124
123,0.08031225204467773,1,124
124,0.08031225204467773,1,124
125,0.08031225204467773,1,124
126,0.08031225204467773,1,124
127,0.08031225204467773,1,124
128,0.08031225204467773,1,124
129,0.08031225204467773,1,124
130,0.08031225204467773,1,124
131,0.08031225204467773,1,124
132,0.08031225204467773,1,124
133,0.08031225204467773,1,124
134,0.08031225204467773,1,124
135,0.08031225204467773,1,124
136,0.08031225204467773,1,124
137,0.08031225204467773,1,124
138,0.08031225204467773,1,124
139,0.08031225204467773,1,124
140,0.08031225204467773,1,124
141,0.08031225204467773,1,124
142,0.08031225204467773,1,124
143,0.08031225204467773,1,124
144,0.08031225204467773,1,124
145,0.08031225204467773,1,124
146,0.08031225204467773,1,124
147,0.08031225204467773,1,124
148,0.08031225204467773,1,124
149,0.08031225204467773,1,124
150,0.08031225204467773,1,124
151,0.08031225204467773,1,124
152,0.08031225204467773,1,124
153,0.08031225204467773,1,124
154,0.08031225204467773,1,124
155,0.08031225204467773,1,124
156,0.08031225204467773,1,124
157,0.08031225204467773,1,124
158,0.08031225204467773,1,124
159,0.08031225204467773,1,124
160,0.08031225204467773,1,124
161,0.08031225204467773,1,124
162,0.08031225204467773,1,124
163,0.08031225204467773,1,124
164,0.08031225204467773,1,124
165,0.08031225204467773,1,124
166,0.08031225204467773,1,124
167,0.08031225204467773,1,124
168,0.08031225204467773,1,124
169,0.08031225204467773,1,124
170,0.08031225204467773,1,124
171,0.08031225204467773,1,124
172,0.08031225204467773,1,124
173,0.08031225204467773,1,124
174,0.08031225204467773,1,124
175,0.08031225204467773,1,124
176,0.08031225204467773,1,124
177,0.08031225204467773,1,124
178,0.08031225204467773,1,124
179,0.08031225204467773,1,124
180,0.08031225204467773,1,124
181,0.08031225204467773,1,124
182,0.08031225204467773,1,124
183,0.08031225204467773,1,124
184,0.08031225204467773,1,124
185,0.08031225204467773,1,124
186,0.08031225204467773,1,124
187,0.08031225204467773,1,124
188,0.08031225204467773,1,124
189,0.08031225204467773,1,124
190,0.08031225204467773,1,124
191,0.08031225204467773,1,124
192,0.08031225204467773,1,124
193,0.08031225204467773,1,124
194,0.08031225204467773,1,124
195,0.08031225204467773,1,124
196,0.08031225204467773,1,124
197,0.08031225204467773,1,124
198,0.08031225204467773,1,124
199,0.08031225204467773,1,124
200,0.08031225204467773,1,124
1,0.31891870498657227,1,125
2,0.31891870498657227,1,125
3,0.31891870498657227,1,125
4,0.31891870498657227,1,125
5,0.31891870498657227,1,125
6,0.3708251118659973,1,125
7,0.3708251118659973,1,125
8,0.3708251118659973,1,125
9,0.3708251118659973,1,125
10,0.3708251118659973,1,125
11,0.3708251118659973,1,125
12,0.3708251118659973,1,125
13,0.3708251118659973,1,125
14,0.3708251118659973,1,125
15,0.3708251118659973,1,125
16,0.3708251118659973,1,125
17,0.3708251118659973,1,125
18,0.3708251118659973,1,125
19,0.3708251118659973,1,125
20,0.3708251118659973,1,125
21,0.3708251118659973,1,125
22,0.3708251118659973,1,125
23,0.3708251118659973,1,125
24,0.3708251118659973,1,125
25,0.3708251118659973,1,125
26,0.3708251118659973,1,125
27,0.3708251118659973,1,125
28,0.3708251118659973,1,125
29,0.45653659105300903,2,125
30,0.4640069603919983,2,125
31,0.4640069603919983,2,125
32,0.508382111787796,2,125
33,0.508382111787796,2,125
34,0.508382111787796,2,125
35,0.508382111787796,2,125
36,0.508382111787796,2,125
37,0.508382111787796,2,125
38,0.554796427488327,2,125
39,0.554796427488327,2,125
40,0.554796427488327,2,125
41,0.554796427488327,2,125
42,0.554796427488327,2,125
43,0.554796427488327,2,125
44,0.554796427488327,2,125
45,0.554796427488327,2,125
46,0.6122942864894867,3,125
47,0.6122942864894867,3,125
48,0.6122942864894867,3,125
49,0.6122942864894867,3,125
50,0.6122942864894867,3,125
51,0.6122942864894867,3,125
52,0.6122942864894867,3,125
53,0.6122942864894867,3,125
54,0.6122942864894867,3,125
55,0.6122942864894867,3,125
56,0.6122942864894867,3,125
57,0.6122942864894867,3,125
58,0.6122942864894867,3,125
59,0.6122942864894867,3,125
60,0.6203324794769287,3,125
61,0.6203324794769287,3,125
62,0.6203324794769287,3,125
63,0.6203324794769287,3,125
64,0.6203324794769287,3,125
65,0.6203324794769287,3,125
66,0.6203324794769287,3,125
67,0.6203324794769287,3,125
68,0.6203324794769287,3,125
69,0.6257083117961884,3,125
70,0.6257083117961884,3,125
71,0.6256492733955383,3,125
72,0.6256492733955383,3,125
73,0.6724984049797058,4,125
74,0.643256813287735,3,125
75,0.643256813287735,3,125
76,0.643256813287735,3,125
77,0.643256813287735,3,125
78,0.643256813287735,3,125
79,0.643256813287735,3,125
80,0.643256813287735,3,125
81,0.643256813287735,3,125
82,0.643256813287735,3,125
83,0.643256813287735,3,125
84,0.6965484023094177,4,125
85,0.6965484023094177,4,125
86,0.6965484023094177,4,125
87,0.6968023478984833,4,125
88,0.6968023478984833,4,125
89,0.6968023478984833,4,125
90,0.6968023478984833,4,125
91,0.6969338357448578,4,125
92,0.6969338357448578,4,125
93,0.6969338357448578,4,125
94,0.6953505575656891,4,125
95,0.6967438459396362,4,125
96,0.6967438459396362,4,125
97,0.6967438459396362,4,125
98,0.6967438459396362,4,125
99,0.6967438459396362,4,125
100,0.6967438459396362,4,125
101,0.7258375287055969,4,125
102,0.7258375287055969,4,125
103,0.7258375287055969,4,125
104,0.7155606746673584,4,125
105,0.7155606746673584,4,125
106,0.7258320152759552,4,125
107,0.7258320152759552,4,125
108,0.7258320152759552,4,125
109,0.7322303950786591,4,125
110,0.7322303950786591,4,125
111,0.7322303950786591,4,125
112,0.7322303950786591,4,125
113,0.7322303950786591,4,125
114,0.7322303950786591,4,125
115,0.7322303950786591,4,125
116,0.7322303950786591,4,125
117,0.7322303950786591,4,125
118,0.7322303950786591,4,125
119,0.7322303950786591,4,125
120,0.7322303950786591,4,125
121,0.7322303950786591,4,125
122,0.7322303950786591,4,125
123,0.7322303950786591,4,125
124,0.7322303950786591,4,125
125,0.7318560779094696,4,125
126,0.7318560779094696,4,125
127,0.7318560779094696,4,125
128,0.7318560779094696,4,125
129,0.7318560779094696,4,125
130,0.7318560779094696,4,125
131,0.7318560779094696,4,125
132,0.7318560779094696,4,125
133,0.7318560779094696,4,125
134,0.7318560779094696,4,125
135,0.7318560779094696,4,125
136,0.7344399392604828,4,125
137,0.7344399392604828,4,125
138,0.7344399392604828,4,125
139,0.7344399392604828,4,125
140,0.7344399392604828,4,125
141,0.7344399392604828,4,125
142,0.7344399392604828,4,125
143,0.7344399392604828,4,125
144,0.7344399392604828,4,125
145,0.7344399392604828,4,125
146,0.7344399392604828,4,125
147,0.7344399392604828,4,125
148,0.7323314547538757,4,125
149,0.7323314547538757,4,125
150,0.7323314547538757,4,125
151,0.7323314547538757,4,125
152,0.7323314547538757,4,125
153,0.7323314547538757,4,125
154,0.7323314547538757,4,125
155,0.7338750064373016,4,125
156,0.7338750064373016,4,125
157,0.7338750064373016,4,125
158,0.7338750064373016,4,125
159,0.7338750064373016,4,125
160,0.7338750064373016,4,125
161,0.7338750064373016,4,125
162,0.7338750064373016,4,125
163,0.7338750064373016,4,125
164,0.7338750064373016,4,125
165,0.7338750064373016,4,125
166,0.7338750064373016,4,125
167,0.7338750064373016,4,125
168,0.7338750064373016,4,125
169,0.7338750064373016,4,125
170,0.7338750064373016,4,125
171,0.7338750064373016,4,125
172,0.7338750064373016,4,125
173,0.7338750064373016,4,125
174,0.7338750064373016,4,125
175,0.7338750064373016,4,125
176,0.7338750064373016,4,125
177,0.7338750064373016,4,125
178,0.7338750064373016,4,125
179,0.7338750064373016,4,125
180,0.7338750064373016,4,125
181,0.7338750064373016,4,125
182,0.7338750064373016,4,125
183,0.7338750064373016,4,125
184,0.7338750064373016,4,125
185,0.7338750064373016,4,125
186,0.7338750064373016,4,125
187,0.7857348769903183,5,125
188,0.7857348769903183,5,125
189,0.7857348769903183,5,125
190,0.7857348769903183,5,125
191,0.7351068258285522,4,125
192,0.7351068258285522,4,125
193,0.7351068258285522,4,125
194,0.7339640259742737,4,125
195,0.7339640259742737,4,125
196,0.7339640259742737,4,125
197,0.7339640259742737,4,125
198,0.7339640259742737,4,125
199,0.7339640259742737,4,125
200,0.7339640259742737,4,125
1,0.3759225606918335,1,126
2,0.3759225606918335,1,126
3,0.375926673412323,1,126
4,0.375926673412323,1,126
5,0.37592625617980957,1,126
6,0.37592625617980957,1,126
7,0.37592625617980957,1,126
8,0.37592625617980957,1,126
9,0.37592625617980957,1,126
10,0.37592625617980957,1,126
11,0.37592625617980957,1,126
12,0.37592625617980957,1,126
13,0.37592625617980957,1,126
14,0.37592625617980957,1,126
15,0.37592625617980957,1,126
16,0.37592625617980957,1,126
17,0.37592625617980957,1,126
18,0.37592625617980957,1,126
19,0.37592625617980957,1,126
20,0.37592625617980957,1,126
21,0.37592625617980957,1,126
22,0.37592625617980957,1,126
23,0.37592625617980957,1,126
24,0.37592625617980957,1,126
25,0.37592625617980957,1,126
26,0.37592625617980957,1,126
27,0.37592625617980957,1,126
28,0.3759261965751648,1,126
29,0.3759261965751648,1,126
30,0.3759261965751648,1,126
31,0.3759261965751648,1,126
32,0.3759261965751648,1,126
33,0.3759261965751648,1,126
34,0.37592625617980957,1,126
35,0.37592625617980957,1,126
36,0.37592625617980957,1,126
37,0.37592625617980957,1,126
38,0.37592625617980957,1,126
39,0.37592625617980957,1,126
40,0.37592625617980957,1,126
41,0.37592625617980957,1,126
42,0.37592625617980957,1,126
43,0.37592625617980957,1,126
44,0.37592625617980957,1,126
45,0.37592625617980957,1,126
46,0.37592625617980957,1,126
47,0.37592625617980957,1,126
48,0.37592625617980957,1,126
49,0.37592625617980957,1,126
50,0.37592625617980957,1,126
51,0.37592625617980957,1,126
52,0.37592625617980957,1,126
53,0.37592625617980957,1,126
54,0.37592625617980957,1,126
55,0.37592625617980957,1,126
56,0.37592625617980957,1,126
57,0.37592625617980957,1,126
58,0.37592625617980957,1,126
59,0.37592625617980957,1,126
60,0.37592625617980957,1,126
61,0.37592625617980957,1,126
62,0.37592625617980957,1,126
63,0.37592625617980957,1,126
64,0.37592625617980957,1,126
65,0.37592625617980957,1,126
66,0.37592625617980957,1,126
67,0.37592625617980957,1,126
68,0.37592625617980957,1,126
69,0.37592625617980957,1,126
70,0.37592625617980957,1,126
71,0.37592625617980957,1,126
72,0.37592625617980957,1,126
73,0.37592625617980957,1,126
74,0.37592625617980957,1,126
75,0.37592625617980957,1,126
76,0.37592625617980957,1,126
77,0.37592625617980957,1,126
78,0.37592625617980957,1,126
79,0.37592625617980957,1,126
80,0.37592625617980957,1,126
81,0.37592625617980957,1,126
82,0.37592625617980957,1,126
83,0.37592625617980957,1,126
84,0.37592625617980957,1,126
85,0.37592625617980957,1,126
86,0.37592625617980957,1,126
87,0.37592625617980957,1,126
88,0.37592625617980957,1,126
89,0.37592625617980957,1,126
90,0.37592625617980957,1,126
91,0.37592625617980957,1,126
92,0.37592625617980957,1,126
93,0.37592625617980957,1,126
94,0.37592625617980957,1,126
95,0.37592625617980957,1,126
96,0.37592625617980957,1,126
97,0.37592625617980957,1,126
98,0.37592625617980957,1,126
99,0.37592625617980957,1,126
100,0.37592625617980957,1,126
101,0.37592625617980957,1,126
102,0.37592625617980957,1,126
103,0.37592625617980957,1,126
104,0.37592625617980957,1,126
105,0.37592625617980957,1,126
106,0.37592625617980957,1,126
107,0.37592625617980957,1,126
108,0.37592625617980957,1,126
109,0.37592625617980957,1,126
110,0.37592625617980957,1,126
111,0.37592625617980957,1,126
112,0.37592625617980957,1,126
113,0.37592625617980957,1,126
114,0.37592625617980957,1,126
115,0.37592625617980957,1,126
116,0.37592625617980957,1,126
117,0.37592625617980957,1,126
118,0.37592625617980957,1,126
119,0.37592625617980957,1,126
120,0.37592625617980957,1,126
121,0.37592625617980957,1,126
122,0.37592625617980957,1,126
123,0.37592625617980957,1,126
124,0.37592625617980957,1,126
125,0.37592625617980957,1,126
126,0.37592625617980957,1,126
127,0.37592625617980957,1,126
128,0.37592625617980957,1,126
129,0.37592625617980957,1,126
130,0.37592625617980957,1,126
131,0.37592625617980957,1,126
132,0.37592625617980957,1,126
133,0.37592625617980957,1,126
134,0.37592625617980957,1,126
135,0.37592625617980957,1,126
136,0.37592625617980957,1,126
137,0.37592625617980957,1,126
138,0.37592625617980957,1,126
139,0.37592625617980957,1,126
140,0.37592625617980957,1,126
141,0.37592625617980957,1,126
142,0.37592625617980957,1,126
143,0.37592625617980957,1,126
144,0.37592625617980957,1,126
145,0.37592625617980957,1,126
146,0.37592625617980957,1,126
147,0.37592625617980957,1,126
148,0.37592625617980957,1,126
149,0.37592625617980957,1,126
150,0.37592625617980957,1,126
151,0.37592625617980957,1,126
152,0.37592625617980957,1,126
153,0.37592625617980957,1,126
154,0.37592625617980957,1,126
155,0.37592625617980957,1,126
156,0.37592625617980957,1,126
157,0.37592625617980957,1,126
158,0.37592625617980957,1,126
159,0.37592625617980957,1,126
160,0.37592625617980957,1,126
161,0.37592625617980957,1,126
162,0.37592625617980957,1,126
163,0.37592625617980957,1,126
164,0.37592625617980957,1,126
165,0.37592625617980957,1,126
166,0.37592625617980957,1,126
167,0.37592625617980957,1,126
168,0.37592625617980957,1,126
169,0.37592625617980957,1,126
170,0.37592625617980957,1,126
171,0.37592625617980957,1,126
172,0.37592625617980957,1,126
173,0.37592625617980957,1,126
174,0.37592625617980957,1,126
175,0.37592625617980957,1,126
176,0.37592625617980957,1,126
177,0.37592625617980957,1,126
178,0.37592625617980957,1,126
179,0.37592625617980957,1,126
180,0.37592625617980957,1,126
181,0.37592625617980957,1,126
182,0.37592625617980957,1,126
183,0.37592625617980957,1,126
184,0.37592625617980957,1,126
185,0.37592625617980957,1,126
186,0.37592625617980957,1,126
187,0.37592625617980957,1,126
188,0.37592625617980957,1,126
189,0.37592625617980957,1,126
190,0.37592625617980957,1,126
191,0.37592625617980957,1,126
192,0.37592625617980957,1,126
193,0.37592625617980957,1,126
194,0.37592625617980957,1,126
195,0.37592625617980957,1,126
196,0.37592625617980957,1,126
197,0.37592625617980957,1,126
198,0.37592625617980957,1,126
199,0.37592625617980957,1,126
200,0.37592625617980957,1,126
1,0.0,1,127
2,0.0,1,127
3,0.0,1,127
4,0.0,1,127
5,0.0,1,127
6,0.0,1,127
7,0.0,1,127
8,0.0,1,127
9,0.0,1,127
10,0.0,1,127
11,0.0,1,127
12,0.0,1,127
13,0.0,1,127
14,0.0,1,127
15,0.0,1,127
16,0.0,1,127
17,0.0,1,127
18,0.0,1,127
19,0.0,1,127
20,0.0,1,127
21,0.0,1,127
22,0.0,1,127
23,0.0,1,127
24,0.0,1,127
25,0.0,1,127
26,0.0,1,127
27,0.0,1,127
28,0.0,1,127
29,0.0,1,127
30,0.0,1,127
31,0.0,1,127
32,0.0,1,127
33,0.0,1,127
34,0.0,1,127
35,0.0,1,127
36,0.0,1,127
37,0.0,1,127
38,0.0,1,127
39,0.0,1,127
40,0.0,1,127
41,0.0,1,127
42,0.0,1,127
43,0.0,1,127
44,0.0,1,127
45,0.0,1,127
46,0.0,1,127
47,0.0,1,127
48,0.0,1,127
49,0.0,1,127
50,0.0,1,127
51,0.0,1,127
52,0.0,1,127
53,0.0,1,127
54,0.0,1,127
55,0.0,1,127
56,0.0,1,127
57,0.0,1,127
58,0.0,1,127
59,0.0,1,127
60,0.0,1,127
61,0.0,1,127
62,0.0,1,127
63,0.0,1,127
64,0.0,1,127
65,0.0,1,127
66,0.0,1,127
67,0.0,1,127
68,0.0,1,127
69,0.0,1,127
70,0.0,1,127
71,0.0,1,127
72,0.0,1,127
73,0.0,1,127
74,0.0,1,127
75,0.0,1,127
76,0.0,1,127
77,0.0,1,127
78,0.0,1,127
79,0.0,1,127
80,0.0,1,127
81,0.0,1,127
82,0.0,1,127
83,0.0,1,127
84,0.0,1,127
85,0.0,1,127
86,0.0,1,127
87,0.0,1,127
88,0.0,1,127
89,0.0,1,127
90,0.0,1,127
91,0.0,1,127
92,0.0,1,127
93,0.0,1,127
94,0.0,1,127
95,0.0,1,127
96,0.0,1,127
97,0.0,1,127
98,0.0,1,127
99,0.0,1,127
100,0.0,1,127
101,0.0,1,127
102,0.0,1,127
103,0.0,1,127
104,0.0,1,127
105,0.0,1,127
106,0.0,1,127
107,0.0,1,127
108,0.0,1,127
109,0.0,1,127
110,0.0,1,127
111,0.0,1,127
112,0.0,1,127
113,0.0,1,127
114,0.0,1,127
115,0.0,1,127
116,0.0,1,127
117,0.0,1,127
118,0.0,1,127
119,0.0,1,127
120,0.0,1,127
121,0.0,1,127
122,0.0,1,127
123,0.0,1,127
124,0.0,1,127
125,0.0,1,127
126,0.0,1,127
127,0.0,1,127
128,0.0,1,127
129,0.0,1,127
130,0.0,1,127
131,0.0,1,127
132,0.0,1,127
133,0.0,1,127
134,0.0,1,127
135,0.0,1,127
136,0.0,1,127
137,0.0,1,127
138,0.0,1,127
139,0.0,1,127
140,0.0,1,127
141,0.0,1,127
142,0.0,1,127
143,0.0,1,127
144,0.0,1,127
145,0.0,1,127
146,0.0,1,127
147,0.0,1,127
148,0.0,1,127
149,0.0,1,127
150,0.0,1,127
151,0.0,1,127
152,0.0,1,127
153,0.0,1,127
154,0.0,1,127
155,0.0,1,127
156,0.0,1,127
157,0.0,1,127
158,0.0,1,127
159,0.0,1,127
160,0.0,1,127
161,0.0,1,127
162,0.0,1,127
163,0.0,1,127
164,0.0,1,127
165,0.0,1,127
166,0.0,1,127
167,0.0,1,127
168,0.0,1,127
169,0.0,1,127
170,0.0,1,127
171,0.0,1,127
172,0.0,1,127
173,0.0,1,127
174,0.0,1,127
175,0.0,1,127
176,0.0,1,127
177,0.0,1,127
178,0.0,1,127
179,0.0,1,127
180,0.0,1,127
181,0.0,1,127
182,0.0,1,127
183,0.0,1,127
184,0.0,1,127
185,0.0,1,127
186,0.0,1,127
187,0.0,1,127
188,0.0,1,127
189,0.0,1,127
190,0.0,1,127
191,0.0,1,127
192,0.0,1,127
193,0.0,1,127
194,0.0,1,127
195,0.0,1,127
196,0.0,1,127
197,0.0,1,127
198,0.0,1,127
199,0.0,1,127
200,0.0,1,127
1,3.5762786865234375e-07,1,128
2,3.5762786865234375e-07,1,128
3,3.5762786865234375e-07,1,128
4,3.5762786865234375e-07,1,128
5,3.5762786865234375e-07,1,128
6,3.5762786865234375e-07,1,128
7,3.5762786865234375e-07,1,128
8,3.5762786865234375e-07,1,128
9,3.5762786865234375e-07,1,128
10,3.5762786865234375e-07,1,128
11,3.5762786865234375e-07,1,128
12,3.5762786865234375e-07,1,128
13,3.5762786865234375e-07,1,128
14,3.5762786865234375e-07,1,128
15,3.5762786865234375e-07,1,128
16,3.5762786865234375e-07,1,128
17,3.5762786865234375e-07,1,128
18,3.5762786865234375e-07,1,128
19,3.5762786865234375e-07,1,128
20,3.5762786865234375e-07,1,128
21,3.5762786865234375e-07,1,128
22,3.5762786865234375e-07,1,128
23,3.5762786865234375e-07,1,128
24,3.5762786865234375e-07,1,128
25,3.5762786865234375e-07,1,128
26,3.5762786865234375e-07,1,128
27,3.5762786865234375e-07,1,128
28,3.5762786865234375e-07,1,128
29,3.5762786865234375e-07,1,128
30,3.5762786865234375e-07,1,128
31,3.5762786865234375e-07,1,128
32,3.5762786865234375e-07,1,128
33,3.5762786865234375e-07,1,128
34,3.5762786865234375e-07,1,128
35,3.5762786865234375e-07,1,128
36,3.5762786865234375e-07,1,128
37,3.5762786865234375e-07,1,128
38,3.5762786865234375e-07,1,128
39,3.5762786865234375e-07,1,128
40,3.5762786865234375e-07,1,128
41,3.5762786865234375e-07,1,128
42,3.5762786865234375e-07,1,128
43,3.5762786865234375e-07,1,128
44,3.5762786865234375e-07,1,128
45,3.5762786865234375e-07,1,128
46,3.5762786865234375e-07,1,128
47,3.5762786865234375e-07,1,128
48,3.5762786865234375e-07,1,128
49,3.5762786865234375e-07,1,128
50,3.5762786865234375e-07,1,128
51,3.5762786865234375e-07,1,128
52,3.5762786865234375e-07,1,128
53,3.5762786865234375e-07,1,128
54,3.5762786865234375e-07,1,128
55,3.5762786865234375e-07,1,128
56,3.5762786865234375e-07,1,128
57,3.5762786865234375e-07,1,128
58,3.5762786865234375e-07,1,128
59,3.5762786865234375e-07,1,128
60,3.5762786865234375e-07,1,128
61,3.5762786865234375e-07,1,128
62,3.5762786865234375e-07,1,128
63,3.5762786865234375e-07,1,128
64,3.5762786865234375e-07,1,128
65,3.5762786865234375e-07,1,128
66,3.5762786865234375e-07,1,128
67,3.5762786865234375e-07,1,128
68,3.5762786865234375e-07,1,128
69,3.5762786865234375e-07,1,128
70,3.5762786865234375e-07,1,128
71,3.5762786865234375e-07,1,128
72,3.5762786865234375e-07,1,128
73,3.5762786865234375e-07,1,128
74,3.5762786865234375e-07,1,128
75,3.5762786865234375e-07,1,128
76,3.5762786865234375e-07,1,128
77,3.5762786865234375e-07,1,128
78,3.5762786865234375e-07,1,128
79,3.5762786865234375e-07,1,128
80,3.5762786865234375e-07,1,128
81,3.5762786865234375e-07,1,128
82,3.5762786865234375e-07,1,128
83,3.5762786865234375e-07,1,128
84,3.5762786865234375e-07,1,128
85,3.5762786865234375e-07,1,128
86,3.5762786865234375e-07,1,128
87,3.5762786865234375e-07,1,128
88,3.5762786865234375e-07,1,128
89,3.5762786865234375e-07,1,128
90,3.5762786865234375e-07,1,128
91,3.5762786865234375e-07,1,128
92,3.5762786865234375e-07,1,128
93,3.5762786865234375e-07,1,128
94,3.5762786865234375e-07,1,128
95,3.5762786865234375e-07,1,128
96,3.5762786865234375e-07,1,128
97,3.5762786865234375e-07,1,128
98,3.5762786865234375e-07,1,128
99,3.5762786865234375e-07,1,128
100,3.5762786865234375e-07,1,128
101,3.5762786865234375e-07,1,128
102,3.5762786865234375e-07,1,128
103,3.5762786865234375e-07,1,128
104,3.5762786865234375e-07,1,128
105,3.5762786865234375e-07,1,128
106,3.5762786865234375e-07,1,128
107,3.5762786865234375e-07,1,128
108,3.5762786865234375e-07,1,128
109,3.5762786865234375e-07,1,128
110,3.5762786865234375e-07,1,128
111,3.5762786865234375e-07,1,128
112,3.5762786865234375e-07,1,128
113,3.5762786865234375e-07,1,128
114,3.5762786865234375e-07,1,128
115,3.5762786865234375e-07,1,128
116,3.5762786865234375e-07,1,128
117,3.5762786865234375e-07,1,128
118,3.5762786865234375e-07,1,128
119,3.5762786865234375e-07,1,128
120,3.5762786865234375e-07,1,128
121,3.5762786865234375e-07,1,128
122,3.5762786865234375e-07,1,128
123,3.5762786865234375e-07,1,128
124,3.5762786865234375e-07,1,128
125,3.5762786865234375e-07,1,128
126,3.5762786865234375e-07,1,128
127,3.5762786865234375e-07,1,128
128,3.5762786865234375e-07,1,128
129,3.5762786865234375e-07,1,128
130,3.5762786865234375e-07,1,128
131,3.5762786865234375e-07,1,128
132,3.5762786865234375e-07,1,128
133,3.5762786865234375e-07,1,128
134,3.5762786865234375e-07,1,128
135,3.5762786865234375e-07,1,128
136,3.5762786865234375e-07,1,128
137,3.5762786865234375e-07,1,128
138,3.5762786865234375e-07,1,128
139,3.5762786865234375e-07,1,128
140,3.5762786865234375e-07,1,128
141,3.5762786865234375e-07,1,128
142,3.5762786865234375e-07,1,128
143,3.5762786865234375e-07,1,128
144,3.5762786865234375e-07,1,128
145,3.5762786865234375e-07,1,128
146,3.5762786865234375e-07,1,128
147,3.5762786865234375e-07,1,128
148,3.5762786865234375e-07,1,128
149,3.5762786865234375e-07,1,128
150,3.5762786865234375e-07,1,128
151,3.5762786865234375e-07,1,128
152,3.5762786865234375e-07,1,128
153,3.5762786865234375e-07,1,128
154,3.5762786865234375e-07,1,128
155,3.5762786865234375e-07,1,128
156,3.5762786865234375e-07,1,128
157,3.5762786865234375e-07,1,128
158,3.5762786865234375e-07,1,128
159,3.5762786865234375e-07,1,128
160,3.5762786865234375e-07,1,128
161,3.5762786865234375e-07,1,128
162,3.5762786865234375e-07,1,128
163,3.5762786865234375e-07,1,128
164,3.5762786865234375e-07,1,128
165,3.5762786865234375e-07,1,128
166,3.5762786865234375e-07,1,128
167,3.5762786865234375e-07,1,128
168,3.5762786865234375e-07,1,128
169,3.5762786865234375e-07,1,128
170,3.5762786865234375e-07,1,128
171,3.5762786865234375e-07,1,128
172,3.5762786865234375e-07,1,128
173,3.5762786865234375e-07,1,128
174,3.5762786865234375e-07,1,128
175,3.5762786865234375e-07,1,128
176,3.5762786865234375e-07,1,128
177,3.5762786865234375e-07,1,128
178,3.5762786865234375e-07,1,128
179,3.5762786865234375e-07,1,128
180,3.5762786865234375e-07,1,128
181,3.5762786865234375e-07,1,128
182,3.5762786865234375e-07,1,128
183,3.5762786865234375e-07,1,128
184,3.5762786865234375e-07,1,128
185,3.5762786865234375e-07,1,128
186,3.5762786865234375e-07,1,128
187,3.5762786865234375e-07,1,128
188,3.5762786865234375e-07,1,128
189,3.5762786865234375e-07,1,128
190,3.5762786865234375e-07,1,128
191,3.5762786865234375e-07,1,128
192,3.5762786865234375e-07,1,128
193,3.5762786865234375e-07,1,128
194,3.5762786865234375e-07,1,128
195,3.5762786865234375e-07,1,128
196,3.5762786865234375e-07,1,128
197,3.5762786865234375e-07,1,128
198,3.5762786865234375e-07,1,128
199,3.5762786865234375e-07,1,128
200,3.5762786865234375e-07,1,128
1,0.00013899803161621094,1,129
2,0.00013899803161621094,1,129
3,0.00013899803161621094,1,129
4,0.00013899803161621094,1,129
5,0.00013899803161621094,1,129
6,0.00013899803161621094,1,129
7,0.00013899803161621094,1,129
8,0.00013899803161621094,1,129
9,0.00013899803161621094,1,129
10,0.00013899803161621094,1,129
11,0.00013899803161621094,1,129
12,0.00013899803161621094,1,129
13,0.00013899803161621094,1,129
14,0.00013899803161621094,1,129
15,0.00013899803161621094,1,129
16,0.00013899803161621094,1,129
17,0.00013899803161621094,1,129
18,0.00013899803161621094,1,129
19,0.00013899803161621094,1,129
20,0.00013899803161621094,1,129
21,0.00013899803161621094,1,129
22,0.00013899803161621094,1,129
23,0.00013899803161621094,1,129
24,0.00013899803161621094,1,129
25,0.00013899803161621094,1,129
26,0.00013899803161621094,1,129
27,0.00013899803161621094,1,129
28,0.00013899803161621094,1,129
29,0.00013899803161621094,1,129
30,0.00013899803161621094,1,129
31,0.00013899803161621094,1,129
32,0.00013899803161621094,1,129
33,0.00013899803161621094,1,129
34,0.00013899803161621094,1,129
35,0.00013899803161621094,1,129
36,0.00013899803161621094,1,129
37,0.00013899803161621094,1,129
38,0.00013899803161621094,1,129
39,0.00013899803161621094,1,129
40,0.00013899803161621094,1,129
41,0.00013899803161621094,1,129
42,0.00013899803161621094,1,129
43,0.00013899803161621094,1,129
44,0.00013899803161621094,1,129
45,0.00013899803161621094,1,129
46,0.00013899803161621094,1,129
47,0.00013899803161621094,1,129
48,0.00013899803161621094,1,129
49,0.00013899803161621094,1,129
50,0.00013899803161621094,1,129
51,0.00013899803161621094,1,129
52,0.00013899803161621094,1,129
53,0.00013899803161621094,1,129
54,0.00013899803161621094,1,129
55,0.00013899803161621094,1,129
56,0.00013899803161621094,1,129
57,0.00013899803161621094,1,129
58,0.00013899803161621094,1,129
59,0.00013899803161621094,1,129
60,0.00013899803161621094,1,129
61,0.00013899803161621094,1,129
62,0.00013899803161621094,1,129
63,0.00013899803161621094,1,129
64,0.00013899803161621094,1,129
65,0.00013899803161621094,1,129
66,0.00013899803161621094,1,129
67,0.00013899803161621094,1,129
68,0.00013899803161621094,1,129
69,0.00013899803161621094,1,129
70,0.00013899803161621094,1,129
71,0.00013899803161621094,1,129
72,0.00013899803161621094,1,129
73,0.00013899803161621094,1,129
74,0.00013899803161621094,1,129
75,0.00013899803161621094,1,129
76,0.00013899803161621094,1,129
77,0.00013899803161621094,1,129
78,0.00013899803161621094,1,129
79,0.00013899803161621094,1,129
80,0.00013899803161621094,1,129
81,0.00013899803161621094,1,129
82,0.00013899803161621094,1,129
83,0.00013899803161621094,1,129
84,0.00013899803161621094,1,129
85,0.00013899803161621094,1,129
86,0.00013899803161621094,1,129
87,0.00013899803161621094,1,129
88,0.00013899803161621094,1,129
89,0.00013899803161621094,1,129
90,0.00013899803161621094,1,129
91,0.00013899803161621094,1,129
92,0.00013899803161621094,1,129
93,0.00013899803161621094,1,129
94,0.00013899803161621094,1,129
95,0.00013899803161621094,1,129
96,0.00013899803161621094,1,129
97,0.00013899803161621094,1,129
98,0.00013899803161621094,1,129
99,0.00013899803161621094,1,129
100,0.00013899803161621094,1,129
101,0.00013899803161621094,1,129
102,0.00013899803161621094,1,129
103,0.00013899803161621094,1,129
104,0.00013899803161621094,1,129
105,0.00013899803161621094,1,129
106,0.00013899803161621094,1,129
107,0.00013899803161621094,1,129
108,0.00013899803161621094,1,129
109,0.00013899803161621094,1,129
110,0.00013899803161621094,1,129
111,0.00013899803161621094,1,129
112,0.00013899803161621094,1,129
113,0.00013899803161621094,1,129
114,0.00013899803161621094,1,129
115,0.00013899803161621094,1,129
116,0.00013899803161621094,1,129
117,0.00013899803161621094,1,129
118,0.00013899803161621094,1,129
119,0.00013899803161621094,1,129
120,0.00013899803161621094,1,129
121,0.00013899803161621094,1,129
122,0.00013899803161621094,1,129
123,0.00013899803161621094,1,129
124,0.00013899803161621094,1,129
125,0.00013899803161621094,1,129
126,0.00013899803161621094,1,129
127,0.00013899803161621094,1,129
128,0.00013899803161621094,1,129
129,0.00013899803161621094,1,129
130,0.00013899803161621094,1,129
131,0.00013899803161621094,1,129
132,0.00013899803161621094,1,129
133,0.00013899803161621094,1,129
134,0.00013899803161621094,1,129
135,0.00013899803161621094,1,129
136,0.00013899803161621094,1,129
137,0.00013899803161621094,1,129
138,0.00013899803161621094,1,129
139,0.00013899803161621094,1,129
140,0.00013899803161621094,1,129
141,0.00013899803161621094,1,129
142,0.00013899803161621094,1,129
143,0.00013899803161621094,1,129
144,0.00013899803161621094,1,129
145,0.00013899803161621094,1,129
146,0.00013899803161621094,1,129
147,0.00013899803161621094,1,129
148,0.00013899803161621094,1,129
149,0.00013899803161621094,1,129
150,0.00013899803161621094,1,129
151,0.00013899803161621094,1,129
152,0.00013899803161621094,1,129
153,0.00013899803161621094,1,129
154,0.00013899803161621094,1,129
155,0.00013899803161621094,1,129
156,0.00013899803161621094,1,129
157,0.00013899803161621094,1,129
158,0.00013899803161621094,1,129
159,0.00013899803161621094,1,129
160,0.00013899803161621094,1,129
161,0.00013899803161621094,1,129
162,0.00013899803161621094,1,129
163,0.00013899803161621094,1,129
164,0.00013899803161621094,1,129
165,0.00013899803161621094,1,129
166,0.00013899803161621094,1,129
167,0.00013899803161621094,1,129
168,0.00013899803161621094,1,129
169,0.00013899803161621094,1,129
170,0.00013899803161621094,1,129
171,0.00013899803161621094,1,129
172,0.00013899803161621094,1,129
173,0.00013899803161621094,1,129
174,0.00013899803161621094,1,129
175,0.00013899803161621094,1,129
176,0.00013899803161621094,1,129
177,0.00013899803161621094,1,129
178,0.00013899803161621094,1,129
179,0.00013899803161621094,1,129
180,0.00013899803161621094,1,129
181,0.00013899803161621094,1,129
182,0.00013899803161621094,1,129
183,0.00013899803161621094,1,129
184,0.00013899803161621094,1,129
185,0.00013899803161621094,1,129
186,0.00013899803161621094,1,129
187,0.00013899803161621094,1,129
188,0.00013899803161621094,1,129
189,0.00013899803161621094,1,129
190,0.00013899803161621094,1,129
191,0.00013899803161621094,1,129
192,0.00013899803161621094,1,129
193,0.00013899803161621094,1,129
194,0.00013899803161621094,1,129
195,0.00013899803161621094,1,129
196,0.00013899803161621094,1,129
197,0.00013899803161621094,1,129
198,0.00013899803161621094,1,129
199,0.00013899803161621094,1,129
200,0.00013899803161621094,1,129
