generation,best_value,num_perturbations,sample_id
1,0.008103549480438232,1,0
2,0.008103549480438232,1,0
3,0.008602499961853027,1,0
4,0.008714616298675537,1,0
5,0.011386394500732422,1,0
6,0.019276440143585205,1,0
7,0.024895310401916504,1,0
8,0.026687800884246826,1,0
9,0.026687800884246826,1,0
10,0.026687800884246826,1,0
11,0.026687800884246826,1,0
12,0.026687800884246826,1,0
13,0.026687800884246826,1,0
14,0.026687800884246826,1,0
15,0.026687800884246826,1,0
16,0.026687800884246826,1,0
17,0.03250694274902344,1,0
18,0.06310135126113892,2,0
19,0.06310135126113892,2,0
20,0.06310135126113892,2,0
21,0.07991552352905273,2,0
22,0.08076876401901245,2,0
23,0.08076876401901245,2,0
24,0.09722334146499634,2,0
25,0.09722334146499634,2,0
26,0.09722334146499634,2,0
27,0.09722334146499634,2,0
28,0.09722334146499634,2,0
29,0.09722334146499634,2,0
30,0.13961434364318848,3,0
31,0.13961434364318848,3,0
32,0.13961434364318848,3,0
33,0.13961434364318848,3,0
34,0.13961434364318848,3,0
35,0.13961434364318848,3,0
36,0.17446231842041016,4,0
37,0.17446231842041016,4,0
38,0.16320264339447021,3,0
39,0.19398283958435059,3,0
40,0.2949802279472351,4,0
41,0.34910398721694946,5,0
42,0.34910398721694946,5,0
43,0.34910398721694946,5,0
44,0.34910398721694946,5,0
45,0.3497021198272705,5,0
46,0.3497021198272705,5,0
47,0.3497021198272705,5,0
48,0.3497021198272705,5,0
49,0.3539198040962219,4,0
50,0.3539198040962219,4,0
51,0.3539198040962219,4,0
52,0.4874982237815857,7,0
53,0.4874982237815857,7,0
54,0.462043821811676,6,0
55,0.4921441674232483,6,0
56,0.47623324394226074,5,0
57,0.5267221033573151,6,0
58,0.5267221033573151,6,0
59,0.5483629405498505,6,0
60,0.5483629405498505,6,0
61,0.5483629405498505,6,0
62,0.5407706499099731,5,0
63,0.6248440444469452,7,0
64,0.6248440444469452,7,0
65,0.6248440444469452,7,0
66,0.6248440444469452,7,0
67,0.6101802885532379,6,0
68,0.7078876793384552,6,0
69,0.7078876793384552,6,0
70,0.7078876793384552,6,0
71,0.7078876793384552,6,0
72,0.8469721525907516,10,0
73,0.8469721525907516,10,0
74,0.8469721525907516,10,0
75,0.8469721525907516,10,0
76,0.8469721525907516,10,0
77,0.8469721525907516,10,0
78,0.8469721525907516,10,0
79,0.8469721525907516,10,0
80,0.8140520751476288,7,0
81,0.8140520751476288,7,0
82,0.8140520751476288,7,0
83,0.8140520751476288,7,0
84,0.8140520751476288,7,0
85,0.8140520751476288,7,0
86,0.8140520751476288,7,0
87,0.8140520751476288,7,0
88,0.8140520751476288,7,0
89,0.8140520751476288,7,0
90,0.8140520751476288,7,0
91,0.8140520751476288,7,0
92,0.8140520751476288,7,0
93,0.9062028601765633,10,0
94,0.9062028601765633,10,0
95,0.9062028601765633,10,0
96,0.9062028601765633,10,0
97,0.9062028601765633,10,0
98,0.9062028601765633,10,0
99,0.8764282241463661,8,0
100,0.9185379445552826,9,0
101,0.9185379445552826,9,0
102,0.9185379445552826,9,0
103,0.9185379445552826,9,0
104,0.9185379445552826,9,0
105,0.9185379445552826,9,0
106,0.9185379445552826,9,0
107,0.9185379445552826,9,0
108,0.9185379445552826,9,0
109,0.9185379445552826,9,0
110,0.9185379445552826,9,0
111,0.9185379445552826,9,0
112,0.9185379445552826,9,0
113,0.9185379445552826,9,0
114,0.8939987570047379,8,0
115,0.8939987570047379,8,0
116,0.8939987570047379,8,0
117,0.8939987570047379,8,0
118,0.8939987570047379,8,0
119,0.8939987570047379,8,0
120,0.8939987570047379,8,0
121,0.9518220610916615,9,0
122,0.9518220610916615,9,0
123,0.9518220610916615,9,0
124,0.9518220610916615,9,0
125,0.9518220610916615,9,0
126,0.9518220610916615,9,0
127,0.9518220610916615,9,0
128,0.9518220610916615,9,0
129,0.9518220610916615,9,0
130,0.9518220610916615,9,0
131,0.9518220610916615,9,0
132,0.9518220610916615,9,0
133,0.9518220610916615,9,0
134,0.9518220610916615,9,0
135,0.9518220610916615,9,0
136,0.9518220610916615,9,0
137,0.9518220610916615,9,0
138,0.9518220610916615,9,0
139,0.9518220610916615,9,0
140,0.9518220610916615,9,0
141,0.9518220610916615,9,0
142,0.9518220610916615,9,0
143,0.9518220610916615,9,0
144,0.9518220610916615,9,0
145,0.9518220610916615,9,0
146,0.9518220610916615,9,0
147,0.9518220610916615,9,0
148,0.9518220610916615,9,0
149,0.9518220610916615,9,0
150,0.9518220610916615,9,0
151,0.9518220610916615,9,0
152,0.9518220610916615,9,0
153,0.9518220610916615,9,0
154,0.9518220610916615,9,0
155,0.9518220610916615,9,0
156,0.9518220610916615,9,0
157,0.9518220610916615,9,0
158,0.9518220610916615,9,0
159,0.9518220610916615,9,0
160,0.9518220610916615,9,0
161,0.9518220610916615,9,0
162,0.9518220610916615,9,0
163,0.9518220610916615,9,0
164,0.9518220610916615,9,0
165,0.9518220610916615,9,0
166,0.9518220610916615,9,0
167,0.9518220610916615,9,0
168,0.9518220610916615,9,0
169,0.9518220610916615,9,0
170,0.9518220610916615,9,0
171,0.9518220610916615,9,0
172,0.9518220610916615,9,0
173,0.9518220610916615,9,0
174,0.9518220610916615,9,0
175,0.9518220610916615,9,0
176,0.9518220610916615,9,0
177,0.9518220610916615,9,0
178,0.9518220610916615,9,0
179,0.9518220610916615,9,0
180,0.9518220610916615,9,0
181,0.9518220610916615,9,0
182,0.9518220610916615,9,0
183,0.9292583167552948,8,0
184,0.9292583167552948,8,0
185,0.9292583167552948,8,0
186,0.9292583167552948,8,0
187,0.9292583167552948,8,0
188,0.9292583167552948,8,0
189,0.9582500904798508,9,0
190,0.9582500904798508,9,0
191,0.9582500904798508,9,0
192,0.9582500904798508,9,0
193,0.9582500904798508,9,0
194,0.9582500904798508,9,0
195,0.9582500904798508,9,0
196,0.9582500904798508,9,0
197,0.9582500904798508,9,0
198,0.9582500904798508,9,0
199,0.9582500904798508,9,0
200,0.9582500904798508,9,0
1,0.0004387497901916504,1,1
2,0.0005069971084594727,1,1
3,0.0005121231079101562,1,1
4,0.0005570054054260254,1,1
5,0.0006622672080993652,1,1
6,0.0012933015823364258,1,1
7,0.0012933015823364258,1,1
8,0.0015414953231811523,1,1
9,0.0016875267028808594,1,1
10,0.0018462538719177246,1,1
11,0.001852869987487793,1,1
12,0.001852869987487793,1,1
13,0.001852869987487793,1,1
14,0.001852869987487793,1,1
15,0.001852869987487793,1,1
16,0.001852869987487793,1,1
17,0.001852869987487793,1,1
18,0.001852869987487793,1,1
19,0.001852869987487793,1,1
20,0.001852869987487793,1,1
21,0.001852869987487793,1,1
22,0.0021222829818725586,1,1
23,0.002292156219482422,1,1
24,0.002292156219482422,1,1
25,0.002292156219482422,1,1
26,0.002292156219482422,1,1
27,0.002292156219482422,1,1
28,0.002292156219482422,1,1
29,0.002292156219482422,1,1
30,0.002292156219482422,1,1
31,0.002292156219482422,1,1
32,0.002292156219482422,1,1
33,0.002292156219482422,1,1
34,0.002292156219482422,1,1
35,0.002292156219482422,1,1
36,0.002292156219482422,1,1
37,0.002292156219482422,1,1
38,0.002292156219482422,1,1
39,0.002292156219482422,1,1
40,0.002292156219482422,1,1
41,0.002292156219482422,1,1
42,0.002292156219482422,1,1
43,0.002292156219482422,1,1
44,0.002292156219482422,1,1
45,0.002292156219482422,1,1
46,0.002292156219482422,1,1
47,0.002292156219482422,1,1
48,0.002292156219482422,1,1
49,0.002292156219482422,1,1
50,0.002292156219482422,1,1
51,0.002292156219482422,1,1
52,0.002292156219482422,1,1
53,0.002292156219482422,1,1
54,0.002292156219482422,1,1
55,0.002292156219482422,1,1
56,0.002292156219482422,1,1
57,0.002292156219482422,1,1
58,0.002292156219482422,1,1
59,0.002292156219482422,1,1
60,0.002292156219482422,1,1
61,0.002292156219482422,1,1
62,0.002292156219482422,1,1
63,0.002292156219482422,1,1
64,0.002292156219482422,1,1
65,0.002292156219482422,1,1
66,0.002292156219482422,1,1
67,0.002292156219482422,1,1
68,0.002292156219482422,1,1
69,0.002292156219482422,1,1
70,0.002292156219482422,1,1
71,0.002292156219482422,1,1
72,0.002292156219482422,1,1
73,0.002292156219482422,1,1
74,0.002292156219482422,1,1
75,0.002292156219482422,1,1
76,0.002292156219482422,1,1
77,0.002292156219482422,1,1
78,0.002292156219482422,1,1
79,0.002292156219482422,1,1
80,0.002292156219482422,1,1
81,0.002292156219482422,1,1
82,0.002292156219482422,1,1
83,0.002292156219482422,1,1
84,0.002292156219482422,1,1
85,0.002292156219482422,1,1
86,0.002292156219482422,1,1
87,0.002292156219482422,1,1
88,0.002292156219482422,1,1
89,0.002292156219482422,1,1
90,0.002292156219482422,1,1
91,0.002292156219482422,1,1
92,0.002292156219482422,1,1
93,0.002292156219482422,1,1
94,0.002292156219482422,1,1
95,0.002292156219482422,1,1
96,0.002292156219482422,1,1
97,0.002292156219482422,1,1
98,0.002292156219482422,1,1
99,0.002292156219482422,1,1
100,0.002292156219482422,1,1
101,0.002292156219482422,1,1
102,0.002292156219482422,1,1
103,0.002292156219482422,1,1
104,0.002292156219482422,1,1
105,0.002292156219482422,1,1
106,0.002292156219482422,1,1
107,0.002292156219482422,1,1
108,0.002292156219482422,1,1
109,0.002292156219482422,1,1
110,0.002292156219482422,1,1
111,0.002292156219482422,1,1
112,0.002292156219482422,1,1
113,0.002292156219482422,1,1
114,0.002292156219482422,1,1
115,0.002292156219482422,1,1
116,0.002292156219482422,1,1
117,0.002292156219482422,1,1
118,0.002292156219482422,1,1
119,0.002292156219482422,1,1
120,0.002292156219482422,1,1
121,0.002292156219482422,1,1
122,0.002292156219482422,1,1
123,0.002292156219482422,1,1
124,0.002292156219482422,1,1
125,0.002292156219482422,1,1
126,0.002292156219482422,1,1
127,0.002292156219482422,1,1
128,0.002292156219482422,1,1
129,0.002292156219482422,1,1
130,0.002292156219482422,1,1
131,0.002292156219482422,1,1
132,0.002292156219482422,1,1
133,0.002292156219482422,1,1
134,0.002292156219482422,1,1
135,0.002292156219482422,1,1
136,0.002292156219482422,1,1
137,0.002292156219482422,1,1
138,0.002292156219482422,1,1
139,0.002292156219482422,1,1
140,0.002292156219482422,1,1
141,0.002292156219482422,1,1
142,0.002292156219482422,1,1
143,0.002292156219482422,1,1
144,0.002292156219482422,1,1
145,0.002292156219482422,1,1
146,0.002292156219482422,1,1
147,0.002292156219482422,1,1
148,0.002292156219482422,1,1
149,0.002292156219482422,1,1
150,0.002292156219482422,1,1
151,0.002292156219482422,1,1
152,0.002292156219482422,1,1
153,0.002292156219482422,1,1
154,0.002292156219482422,1,1
155,0.002292156219482422,1,1
156,0.002292156219482422,1,1
157,0.002292156219482422,1,1
158,0.002292156219482422,1,1
159,0.002292156219482422,1,1
160,0.002292156219482422,1,1
161,0.002292156219482422,1,1
162,0.002292156219482422,1,1
163,0.002292156219482422,1,1
164,0.002292156219482422,1,1
165,0.002292156219482422,1,1
166,0.002292156219482422,1,1
167,0.002292156219482422,1,1
168,0.002292156219482422,1,1
169,0.002292156219482422,1,1
170,0.002292156219482422,1,1
171,0.002292156219482422,1,1
172,0.002292156219482422,1,1
173,0.002292156219482422,1,1
174,0.002292156219482422,1,1
175,0.002292156219482422,1,1
176,0.002292156219482422,1,1
177,0.002292156219482422,1,1
178,0.002292156219482422,1,1
179,0.002292156219482422,1,1
180,0.002292156219482422,1,1
181,0.002292156219482422,1,1
182,0.002292156219482422,1,1
183,0.002292156219482422,1,1
184,0.002292156219482422,1,1
185,0.002292156219482422,1,1
186,0.002292156219482422,1,1
187,0.002292156219482422,1,1
188,0.002292156219482422,1,1
189,0.002292156219482422,1,1
190,0.002292156219482422,1,1
191,0.002292156219482422,1,1
192,0.002292156219482422,1,1
193,0.002292156219482422,1,1
194,0.002292156219482422,1,1
195,0.002292156219482422,1,1
196,0.002292156219482422,1,1
197,0.002292156219482422,1,1
198,0.002292156219482422,1,1
199,0.002292156219482422,1,1
200,0.002292156219482422,1,1
1,0.0006293654441833496,1,2
2,0.000639498233795166,1,2
3,0.000639498233795166,1,2
4,0.00090789794921875,1,2
5,0.0011903047561645508,1,2
6,0.0011903047561645508,1,2
7,0.0020339488983154297,1,2
8,0.0020339488983154297,1,2
9,0.0020339488983154297,1,2
10,0.0024183988571166992,1,2
11,0.002473175525665283,1,2
12,0.002473175525665283,1,2
13,0.0027247071266174316,1,2
14,0.0027247071266174316,1,2
15,0.004044175148010254,1,2
16,0.004044175148010254,1,2
17,0.004044175148010254,1,2
18,0.004044175148010254,1,2
19,0.004044175148010254,1,2
20,0.004044175148010254,1,2
21,0.004044175148010254,1,2
22,0.004044175148010254,1,2
23,0.004044175148010254,1,2
24,0.004044175148010254,1,2
25,0.004044175148010254,1,2
26,0.004044175148010254,1,2
27,0.004044175148010254,1,2
28,0.004044175148010254,1,2
29,0.004403293132781982,1,2
30,0.004403293132781982,1,2
31,0.004403293132781982,1,2
32,0.004403293132781982,1,2
33,0.004403293132781982,1,2
34,0.004403293132781982,1,2
35,0.004403293132781982,1,2
36,0.004403293132781982,1,2
37,0.004403293132781982,1,2
38,0.004403293132781982,1,2
39,0.004403293132781982,1,2
40,0.004403293132781982,1,2
41,0.004403293132781982,1,2
42,0.004403293132781982,1,2
43,0.004403293132781982,1,2
44,0.004403293132781982,1,2
45,0.004403293132781982,1,2
46,0.004403293132781982,1,2
47,0.004403293132781982,1,2
48,0.004403293132781982,1,2
49,0.004403293132781982,1,2
50,0.004403293132781982,1,2
51,0.004403293132781982,1,2
52,0.004403293132781982,1,2
53,0.004403293132781982,1,2
54,0.004403293132781982,1,2
55,0.004403293132781982,1,2
56,0.004403293132781982,1,2
57,0.004403293132781982,1,2
58,0.004403293132781982,1,2
59,0.004403293132781982,1,2
60,0.004403293132781982,1,2
61,0.004403293132781982,1,2
62,0.004403293132781982,1,2
63,0.004403293132781982,1,2
64,0.004403293132781982,1,2
65,0.004403293132781982,1,2
66,0.004403293132781982,1,2
67,0.004403293132781982,1,2
68,0.004403293132781982,1,2
69,0.004403293132781982,1,2
70,0.004403293132781982,1,2
71,0.004403293132781982,1,2
72,0.004403293132781982,1,2
73,0.004403293132781982,1,2
74,0.004403293132781982,1,2
75,0.004403293132781982,1,2
76,0.004403293132781982,1,2
77,0.004403293132781982,1,2
78,0.004403293132781982,1,2
79,0.004403293132781982,1,2
80,0.004403293132781982,1,2
81,0.004403293132781982,1,2
82,0.004403293132781982,1,2
83,0.004403293132781982,1,2
84,0.004403293132781982,1,2
85,0.004403293132781982,1,2
86,0.004403293132781982,1,2
87,0.004403293132781982,1,2
88,0.004403293132781982,1,2
89,0.004403293132781982,1,2
90,0.004403293132781982,1,2
91,0.004403293132781982,1,2
92,0.004403293132781982,1,2
93,0.004403293132781982,1,2
94,0.004403293132781982,1,2
95,0.004403293132781982,1,2
96,0.004403293132781982,1,2
97,0.004403293132781982,1,2
98,0.004403293132781982,1,2
99,0.004403293132781982,1,2
100,0.004403293132781982,1,2
101,0.004403293132781982,1,2
102,0.004403293132781982,1,2
103,0.004403293132781982,1,2
104,0.004403293132781982,1,2
105,0.004403293132781982,1,2
106,0.004403293132781982,1,2
107,0.004403293132781982,1,2
108,0.004403293132781982,1,2
109,0.004403293132781982,1,2
110,0.004403293132781982,1,2
111,0.004403293132781982,1,2
112,0.004403293132781982,1,2
113,0.004403293132781982,1,2
114,0.004403293132781982,1,2
115,0.004403293132781982,1,2
116,0.004403293132781982,1,2
117,0.004403293132781982,1,2
118,0.004403293132781982,1,2
119,0.004403293132781982,1,2
120,0.004403293132781982,1,2
121,0.004403293132781982,1,2
122,0.004403293132781982,1,2
123,0.004403293132781982,1,2
124,0.004403293132781982,1,2
125,0.004403293132781982,1,2
126,0.004403293132781982,1,2
127,0.004403293132781982,1,2
128,0.004403293132781982,1,2
129,0.004403293132781982,1,2
130,0.004403293132781982,1,2
131,0.004403293132781982,1,2
132,0.004403293132781982,1,2
133,0.004403293132781982,1,2
134,0.004403293132781982,1,2
135,0.004403293132781982,1,2
136,0.004403293132781982,1,2
137,0.004403293132781982,1,2
138,0.004403293132781982,1,2
139,0.004403293132781982,1,2
140,0.004403293132781982,1,2
141,0.004403293132781982,1,2
142,0.004403293132781982,1,2
143,0.004403293132781982,1,2
144,0.004403293132781982,1,2
145,0.004403293132781982,1,2
146,0.004403293132781982,1,2
147,0.004403293132781982,1,2
148,0.004403293132781982,1,2
149,0.004403293132781982,1,2
150,0.004403293132781982,1,2
151,0.004403293132781982,1,2
152,0.004403293132781982,1,2
153,0.004403293132781982,1,2
154,0.004403293132781982,1,2
155,0.004403293132781982,1,2
156,0.004403293132781982,1,2
157,0.004403293132781982,1,2
158,0.004403293132781982,1,2
159,0.004403293132781982,1,2
160,0.004403293132781982,1,2
161,0.004403293132781982,1,2
162,0.004403293132781982,1,2
163,0.004403293132781982,1,2
164,0.004403293132781982,1,2
165,0.004403293132781982,1,2
166,0.004403293132781982,1,2
167,0.004403293132781982,1,2
168,0.004403293132781982,1,2
169,0.004403293132781982,1,2
170,0.004403293132781982,1,2
171,0.004403293132781982,1,2
172,0.004403293132781982,1,2
173,0.004403293132781982,1,2
174,0.004403293132781982,1,2
175,0.004403293132781982,1,2
176,0.004403293132781982,1,2
177,0.004403293132781982,1,2
178,0.004403293132781982,1,2
179,0.004403293132781982,1,2
180,0.004403293132781982,1,2
181,0.004403293132781982,1,2
182,0.004403293132781982,1,2
183,0.004403293132781982,1,2
184,0.004403293132781982,1,2
185,0.004403293132781982,1,2
186,0.004403293132781982,1,2
187,0.004403293132781982,1,2
188,0.004403293132781982,1,2
189,0.004403293132781982,1,2
190,0.004403293132781982,1,2
191,0.004403293132781982,1,2
192,0.004403293132781982,1,2
193,0.004403293132781982,1,2
194,0.004403293132781982,1,2
195,0.004403293132781982,1,2
196,0.004403293132781982,1,2
197,0.004403293132781982,1,2
198,0.004403293132781982,1,2
199,0.004403293132781982,1,2
200,0.004403293132781982,1,2
1,0.9084770977497101,2,3
2,0.9206390306353569,2,3
3,0.9395668432116508,2,3
4,0.9784181639552116,3,3
5,0.9784181639552116,3,3
6,0.9784181639552116,3,3
7,0.9808332994580269,3,3
8,0.9704628810286522,2,3
9,0.9704628810286522,2,3
10,0.9704628810286522,2,3
11,0.9704628810286522,2,3
12,0.9704628810286522,2,3
13,0.9772665873169899,2,3
14,0.9772665873169899,2,3
15,0.9827987663447857,2,3
16,0.9838184993714094,2,3
17,0.9838184993714094,2,3
18,0.9838184993714094,2,3
19,0.9838184993714094,2,3
20,0.9629884399473667,1,3
21,0.9629884399473667,1,3
22,0.9629884399473667,1,3
23,0.9629884399473667,1,3
24,0.9917596243321896,2,3
25,0.9917596243321896,2,3
26,0.9917596243321896,2,3
27,0.9928331142291427,2,3
28,0.9928331142291427,2,3
29,0.9928331142291427,2,3
30,0.9928331142291427,2,3
31,0.9928331142291427,2,3
32,0.9928331142291427,2,3
33,0.9938766458071768,2,3
34,0.9938766458071768,2,3
35,0.9938766458071768,2,3
36,0.9938766458071768,2,3
37,0.9938766458071768,2,3
38,0.9938766458071768,2,3
39,0.9938766458071768,2,3
40,0.9938766458071768,2,3
41,0.9938766458071768,2,3
42,0.9938766458071768,2,3
43,0.9938766458071768,2,3
44,0.9938766458071768,2,3
45,0.9938766458071768,2,3
46,0.9938766458071768,2,3
47,0.9938766458071768,2,3
48,0.9938766458071768,2,3
49,0.9938766458071768,2,3
50,0.9938766458071768,2,3
51,0.9938766458071768,2,3
52,0.9938766458071768,2,3
53,0.9945030119270086,2,3
54,0.9945030119270086,2,3
55,0.9951217877678573,2,3
56,0.9951217877678573,2,3
57,0.9951217877678573,2,3
58,0.9951217877678573,2,3
59,0.9951217877678573,2,3
60,0.9951217877678573,2,3
61,0.9951217877678573,2,3
62,0.9951217877678573,2,3
63,0.9951217877678573,2,3
64,0.9951217877678573,2,3
65,0.9951217877678573,2,3
66,0.9952273136004806,2,3
67,0.9952273136004806,2,3
68,0.9952273136004806,2,3
69,0.9952273136004806,2,3
70,0.9952273136004806,2,3
71,0.9952273136004806,2,3
72,0.9952273136004806,2,3
73,0.9952273136004806,2,3
74,0.9952273136004806,2,3
75,0.9952273136004806,2,3
76,0.9952273136004806,2,3
77,0.9952273136004806,2,3
78,0.9952273136004806,2,3
79,0.9952273136004806,2,3
80,0.9952273136004806,2,3
81,0.9952273136004806,2,3
82,0.9952273136004806,2,3
83,0.9952273136004806,2,3
84,0.9952273136004806,2,3
85,0.9952273136004806,2,3
86,0.9952273136004806,2,3
87,0.9952273136004806,2,3
88,0.9952273136004806,2,3
89,0.9952273136004806,2,3
90,0.9952273136004806,2,3
91,0.9952273136004806,2,3
92,0.9952273136004806,2,3
93,0.9952273136004806,2,3
94,0.9952273136004806,2,3
95,0.9952273136004806,2,3
96,0.9952273136004806,2,3
97,0.9952273136004806,2,3
98,0.9952273136004806,2,3
99,0.9952273136004806,2,3
100,0.9952273136004806,2,3
101,0.9952273136004806,2,3
102,0.9952273136004806,2,3
103,0.9952273136004806,2,3
104,0.9952273136004806,2,3
105,0.9952273136004806,2,3
106,0.9952868358232081,2,3
107,0.9952868358232081,2,3
108,0.9952868358232081,2,3
109,0.9952868358232081,2,3
110,0.9952868358232081,2,3
111,0.9952868358232081,2,3
112,0.9952868358232081,2,3
113,0.9952868358232081,2,3
114,0.9952868358232081,2,3
115,0.9952868358232081,2,3
116,0.9952868358232081,2,3
117,0.9952868358232081,2,3
118,0.9952868358232081,2,3
119,0.9952868358232081,2,3
120,0.9952868358232081,2,3
121,0.995406721252948,2,3
122,0.995406721252948,2,3
123,0.995406721252948,2,3
124,0.995406721252948,2,3
125,0.995406721252948,2,3
126,0.995406721252948,2,3
127,0.995406721252948,2,3
128,0.995406721252948,2,3
129,0.995406721252948,2,3
130,0.995406721252948,2,3
131,0.995406721252948,2,3
132,0.995406721252948,2,3
133,0.995406721252948,2,3
134,0.995406721252948,2,3
135,0.995406721252948,2,3
136,0.995406721252948,2,3
137,0.995406721252948,2,3
138,0.995406721252948,2,3
139,0.995406721252948,2,3
140,0.995406721252948,2,3
141,0.995406721252948,2,3
142,0.995406721252948,2,3
143,0.995406721252948,2,3
144,0.995406721252948,2,3
145,0.995406721252948,2,3
146,0.995406721252948,2,3
147,0.995406721252948,2,3
148,0.995406721252948,2,3
149,0.995406721252948,2,3
150,0.995406721252948,2,3
151,0.995406721252948,2,3
152,0.995406721252948,2,3
153,0.995406721252948,2,3
154,0.995406721252948,2,3
155,0.995406721252948,2,3
156,0.995406721252948,2,3
157,0.995406721252948,2,3
158,0.995406721252948,2,3
159,0.995406721252948,2,3
160,0.995406721252948,2,3
161,0.995406721252948,2,3
162,0.995406721252948,2,3
163,0.995406721252948,2,3
164,0.995406721252948,2,3
165,0.995406721252948,2,3
166,0.995406721252948,2,3
167,0.995406721252948,2,3
168,0.995406721252948,2,3
169,0.995406721252948,2,3
170,0.995406721252948,2,3
171,0.995406721252948,2,3
172,0.995406721252948,2,3
173,0.995406721252948,2,3
174,0.995406721252948,2,3
175,0.995406721252948,2,3
176,0.995406721252948,2,3
177,0.995406721252948,2,3
178,0.995406721252948,2,3
179,0.995406721252948,2,3
180,0.995406721252948,2,3
181,0.995406721252948,2,3
182,0.995406721252948,2,3
183,0.995406721252948,2,3
184,0.995406721252948,2,3
185,0.995406721252948,2,3
186,0.995406721252948,2,3
187,0.995406721252948,2,3
188,0.995406721252948,2,3
189,0.995406721252948,2,3
190,0.995406721252948,2,3
191,0.995406721252948,2,3
192,0.995406721252948,2,3
193,0.995406721252948,2,3
194,0.995406721252948,2,3
195,0.995406721252948,2,3
196,0.995406721252948,2,3
197,0.995406721252948,2,3
198,0.995406721252948,2,3
199,0.995406721252948,2,3
200,0.995406721252948,2,3
1,0.002766430377960205,1,4
2,0.002766430377960205,1,4
3,0.0030242204666137695,1,4
4,0.003389298915863037,1,4
5,0.0042288899421691895,1,4
6,0.004272103309631348,1,4
7,0.005236804485321045,1,4
8,0.005645632743835449,1,4
9,0.005645632743835449,1,4
10,0.005645632743835449,1,4
11,0.005645632743835449,1,4
12,0.005645632743835449,1,4
13,0.006613433361053467,1,4
14,0.006613433361053467,1,4
15,0.006613433361053467,1,4
16,0.006613433361053467,1,4
17,0.006613433361053467,1,4
18,0.006613433361053467,1,4
19,0.006613433361053467,1,4
20,0.006613433361053467,1,4
21,0.006613433361053467,1,4
22,0.006613433361053467,1,4
23,0.006613433361053467,1,4
24,0.006613433361053467,1,4
25,0.006613433361053467,1,4
26,0.006613433361053467,1,4
27,0.006613433361053467,1,4
28,0.006613433361053467,1,4
29,0.006613433361053467,1,4
30,0.006613433361053467,1,4
31,0.006613433361053467,1,4
32,0.006613433361053467,1,4
33,0.006613433361053467,1,4
34,0.006613433361053467,1,4
35,0.006613433361053467,1,4
36,0.006613433361053467,1,4
37,0.006613433361053467,1,4
38,0.006613433361053467,1,4
39,0.006613433361053467,1,4
40,0.006613433361053467,1,4
41,0.006613433361053467,1,4
42,0.006613433361053467,1,4
43,0.006613433361053467,1,4
44,0.006613433361053467,1,4
45,0.006613433361053467,1,4
46,0.006613433361053467,1,4
47,0.006613433361053467,1,4
48,0.006613433361053467,1,4
49,0.006613433361053467,1,4
50,0.006613433361053467,1,4
51,0.006613433361053467,1,4
52,0.006613433361053467,1,4
53,0.006613433361053467,1,4
54,0.006613433361053467,1,4
55,0.006613433361053467,1,4
56,0.006613433361053467,1,4
57,0.006613433361053467,1,4
58,0.006613433361053467,1,4
59,0.006613433361053467,1,4
60,0.006613433361053467,1,4
61,0.006613433361053467,1,4
62,0.006613433361053467,1,4
63,0.006613433361053467,1,4
64,0.006613433361053467,1,4
65,0.006613433361053467,1,4
66,0.006613433361053467,1,4
67,0.006613433361053467,1,4
68,0.006613433361053467,1,4
69,0.006613433361053467,1,4
70,0.006613433361053467,1,4
71,0.006613433361053467,1,4
72,0.006613433361053467,1,4
73,0.006613433361053467,1,4
74,0.006613433361053467,1,4
75,0.006613433361053467,1,4
76,0.006613433361053467,1,4
77,0.006613433361053467,1,4
78,0.006613433361053467,1,4
79,0.006613433361053467,1,4
80,0.006613433361053467,1,4
81,0.006613433361053467,1,4
82,0.006613433361053467,1,4
83,0.006613433361053467,1,4
84,0.006613433361053467,1,4
85,0.006613433361053467,1,4
86,0.006613433361053467,1,4
87,0.006613433361053467,1,4
88,0.006613433361053467,1,4
89,0.006613433361053467,1,4
90,0.006613433361053467,1,4
91,0.006613433361053467,1,4
92,0.006613433361053467,1,4
93,0.006613433361053467,1,4
94,0.006613433361053467,1,4
95,0.006613433361053467,1,4
96,0.006613433361053467,1,4
97,0.006613433361053467,1,4
98,0.006613433361053467,1,4
99,0.006613433361053467,1,4
100,0.006613433361053467,1,4
101,0.006613433361053467,1,4
102,0.006613433361053467,1,4
103,0.006613433361053467,1,4
104,0.006613433361053467,1,4
105,0.006613433361053467,1,4
106,0.006613433361053467,1,4
107,0.006613433361053467,1,4
108,0.006613433361053467,1,4
109,0.006613433361053467,1,4
110,0.006613433361053467,1,4
111,0.006613433361053467,1,4
112,0.006613433361053467,1,4
113,0.006613433361053467,1,4
114,0.006613433361053467,1,4
115,0.006613433361053467,1,4
116,0.006613433361053467,1,4
117,0.006613433361053467,1,4
118,0.006613433361053467,1,4
119,0.006613433361053467,1,4
120,0.006613433361053467,1,4
121,0.006613433361053467,1,4
122,0.006613433361053467,1,4
123,0.006613433361053467,1,4
124,0.006613433361053467,1,4
125,0.006613433361053467,1,4
126,0.006613433361053467,1,4
127,0.006613433361053467,1,4
128,0.006613433361053467,1,4
129,0.006613433361053467,1,4
130,0.006613433361053467,1,4
131,0.006613433361053467,1,4
132,0.006613433361053467,1,4
133,0.006613433361053467,1,4
134,0.006613433361053467,1,4
135,0.006613433361053467,1,4
136,0.006613433361053467,1,4
137,0.006613433361053467,1,4
138,0.006613433361053467,1,4
139,0.006613433361053467,1,4
140,0.006613433361053467,1,4
141,0.006613433361053467,1,4
142,0.006613433361053467,1,4
143,0.006613433361053467,1,4
144,0.006613433361053467,1,4
145,0.006613433361053467,1,4
146,0.006613433361053467,1,4
147,0.006613433361053467,1,4
148,0.006613433361053467,1,4
149,0.006613433361053467,1,4
150,0.006613433361053467,1,4
151,0.006613433361053467,1,4
152,0.006613433361053467,1,4
153,0.006613433361053467,1,4
154,0.006613433361053467,1,4
155,0.006613433361053467,1,4
156,0.006613433361053467,1,4
157,0.006613433361053467,1,4
158,0.006613433361053467,1,4
159,0.006613433361053467,1,4
160,0.006613433361053467,1,4
161,0.006613433361053467,1,4
162,0.006613433361053467,1,4
163,0.006613433361053467,1,4
164,0.006613433361053467,1,4
165,0.006613433361053467,1,4
166,0.006613433361053467,1,4
167,0.006613433361053467,1,4
168,0.006613433361053467,1,4
169,0.006613433361053467,1,4
170,0.006613433361053467,1,4
171,0.006613433361053467,1,4
172,0.006613433361053467,1,4
173,0.006613433361053467,1,4
174,0.006613433361053467,1,4
175,0.006613433361053467,1,4
176,0.006613433361053467,1,4
177,0.006613433361053467,1,4
178,0.006613433361053467,1,4
179,0.006613433361053467,1,4
180,0.006613433361053467,1,4
181,0.006613433361053467,1,4
182,0.006613433361053467,1,4
183,0.006613433361053467,1,4
184,0.006613433361053467,1,4
185,0.006613433361053467,1,4
186,0.006613433361053467,1,4
187,0.006613433361053467,1,4
188,0.006613433361053467,1,4
189,0.006613433361053467,1,4
190,0.006613433361053467,1,4
191,0.006613433361053467,1,4
192,0.006613433361053467,1,4
193,0.006613433361053467,1,4
194,0.006613433361053467,1,4
195,0.006613433361053467,1,4
196,0.006613433361053467,1,4
197,0.006613433361053467,1,4
198,0.006613433361053467,1,4
199,0.006613433361053467,1,4
200,0.006613433361053467,1,4
1,0.012761592864990234,1,5
2,0.014363527297973633,1,5
3,0.016804277896881104,1,5
4,0.016804277896881104,1,5
5,0.020146489143371582,1,5
6,0.020146489143371582,1,5
7,0.10306346416473389,3,5
8,0.1559849977493286,3,5
9,0.24771112203598022,3,5
10,0.4498327970504761,4,5
11,0.4498327970504761,4,5
12,0.4498327970504761,4,5
13,0.5456073582172394,5,5
14,0.7749690413475037,6,5
15,0.7749690413475037,6,5
16,0.7637931555509567,5,5
17,0.9181759878993034,7,5
18,0.9181759878993034,7,5
19,0.9181759878993034,7,5
20,0.9202556014060974,5,5
21,0.9202556014060974,5,5
22,0.925548829138279,5,5
23,0.9630968533456326,6,5
24,0.9834834430366755,6,5
25,0.9834834430366755,6,5
26,0.9834834430366755,6,5
27,0.9834834430366755,6,5
28,0.9834834430366755,6,5
29,0.9834834430366755,6,5
30,0.9834834430366755,6,5
31,0.9834834430366755,6,5
32,0.9899831814691424,6,5
33,0.9899831814691424,6,5
34,0.9899831814691424,6,5
35,0.9899831814691424,6,5
36,0.9899831814691424,6,5
37,0.9933646260760725,6,5
38,0.9933646260760725,6,5
39,0.9933646260760725,6,5
40,0.9933646260760725,6,5
41,0.9933646260760725,6,5
42,0.9933646260760725,6,5
43,0.9933646260760725,6,5
44,0.9933646260760725,6,5
45,0.9933646260760725,6,5
46,0.9856233904138207,5,5
47,0.9856233904138207,5,5
48,0.9856233904138207,5,5
49,0.9856233904138207,5,5
50,0.9856233904138207,5,5
51,0.9856233904138207,5,5
52,0.9856233904138207,5,5
53,0.9856233904138207,5,5
54,0.9856233904138207,5,5
55,0.9856233904138207,5,5
56,0.9856233904138207,5,5
57,0.9856233904138207,5,5
58,0.9856233904138207,5,5
59,0.9856233904138207,5,5
60,0.9856233904138207,5,5
61,0.9856233904138207,5,5
62,0.9856233904138207,5,5
63,0.9856233904138207,5,5
64,0.9856233904138207,5,5
65,0.9856233904138207,5,5
66,0.9856233904138207,5,5
67,0.9856233904138207,5,5
68,0.9856233904138207,5,5
69,0.9856233904138207,5,5
70,0.9856233904138207,5,5
71,0.9856233904138207,5,5
72,0.9856233904138207,5,5
73,0.987389980815351,5,5
74,0.987389980815351,5,5
75,0.987389980815351,5,5
76,0.987389980815351,5,5
77,0.987389980815351,5,5
78,0.987389980815351,5,5
79,0.987389980815351,5,5
80,0.987389980815351,5,5
81,0.987389980815351,5,5
82,0.987389980815351,5,5
83,0.987389980815351,5,5
84,0.987389980815351,5,5
85,0.987389980815351,5,5
86,0.987389980815351,5,5
87,0.987389980815351,5,5
88,0.987389980815351,5,5
89,0.987389980815351,5,5
90,0.987389980815351,5,5
91,0.987389980815351,5,5
92,0.987389980815351,5,5
93,0.987389980815351,5,5
94,0.987389980815351,5,5
95,0.987389980815351,5,5
96,0.987389980815351,5,5
97,0.987389980815351,5,5
98,0.987389980815351,5,5
99,0.987389980815351,5,5
100,0.987389980815351,5,5
101,0.987389980815351,5,5
102,0.987389980815351,5,5
103,0.987389980815351,5,5
104,0.987389980815351,5,5
105,0.987389980815351,5,5
106,0.987389980815351,5,5
107,0.987389980815351,5,5
108,0.987389980815351,5,5
109,0.987389980815351,5,5
110,0.987389980815351,5,5
111,0.987389980815351,5,5
112,0.987389980815351,5,5
113,0.987389980815351,5,5
114,0.987389980815351,5,5
115,0.987389980815351,5,5
116,0.987389980815351,5,5
117,0.987389980815351,5,5
118,0.987389980815351,5,5
119,0.987389980815351,5,5
120,0.987389980815351,5,5
121,0.987389980815351,5,5
122,0.987389980815351,5,5
123,0.987389980815351,5,5
124,0.987389980815351,5,5
125,0.987389980815351,5,5
126,0.987389980815351,5,5
127,0.987389980815351,5,5
128,0.987389980815351,5,5
129,0.987389980815351,5,5
130,0.987389980815351,5,5
131,0.987389980815351,5,5
132,0.987389980815351,5,5
133,0.987389980815351,5,5
134,0.987389980815351,5,5
135,0.987389980815351,5,5
136,0.987389980815351,5,5
137,0.9876552922651172,5,5
138,0.9876552922651172,5,5
139,0.9876552922651172,5,5
140,0.9876552922651172,5,5
141,0.9876552922651172,5,5
142,0.9885830711573362,5,5
143,0.9885830711573362,5,5
144,0.9885830711573362,5,5
145,0.9885830711573362,5,5
146,0.9919526055455208,5,5
147,0.9919526055455208,5,5
148,0.9919526055455208,5,5
149,0.9919526055455208,5,5
150,0.9919526055455208,5,5
151,0.9919526055455208,5,5
152,0.9919526055455208,5,5
153,0.9919526055455208,5,5
154,0.9919526055455208,5,5
155,0.9919526055455208,5,5
156,0.9919526055455208,5,5
157,0.9919526055455208,5,5
158,0.9919526055455208,5,5
159,0.9919526055455208,5,5
160,0.9919526055455208,5,5
161,0.9919526055455208,5,5
162,0.9919526055455208,5,5
163,0.9919526055455208,5,5
164,0.9919526055455208,5,5
165,0.9919526055455208,5,5
166,0.9919526055455208,5,5
167,0.9919526055455208,5,5
168,0.9919526055455208,5,5
169,0.9919526055455208,5,5
170,0.9919526055455208,5,5
171,0.9919526055455208,5,5
172,0.9919526055455208,5,5
173,0.9919526055455208,5,5
174,0.9919526055455208,5,5
175,0.9919526055455208,5,5
176,0.9919526055455208,5,5
177,0.9919526055455208,5,5
178,0.9919526055455208,5,5
179,0.9919526055455208,5,5
180,0.9919526055455208,5,5
181,0.9919526055455208,5,5
182,0.9919526055455208,5,5
183,0.9919526055455208,5,5
184,0.9919526055455208,5,5
185,0.9919526055455208,5,5
186,0.9919526055455208,5,5
187,0.9919526055455208,5,5
188,0.9919526055455208,5,5
189,0.9919526055455208,5,5
190,0.9919526055455208,5,5
191,0.9919526055455208,5,5
192,0.9919526055455208,5,5
193,0.9919526055455208,5,5
194,0.9919526055455208,5,5
195,0.9919526055455208,5,5
196,0.9919526055455208,5,5
197,0.9919526055455208,5,5
198,0.9919526055455208,5,5
199,0.9919526055455208,5,5
200,0.9919526055455208,5,5
1,0.010613083839416504,1,6
2,0.011183977127075195,1,6
3,0.011250615119934082,1,6
4,0.012142658233642578,1,6
5,0.012142658233642578,1,6
6,0.013037383556365967,1,6
7,0.014667093753814697,1,6
8,0.016554415225982666,1,6
9,0.016734838485717773,1,6
10,0.016734838485717773,1,6
11,0.016755104064941406,1,6
12,0.023848235607147217,1,6
13,0.023848235607147217,1,6
14,0.023848235607147217,1,6
15,0.02452033758163452,1,6
16,0.02452033758163452,1,6
17,0.02452033758163452,1,6
18,0.02452033758163452,1,6
19,0.02452033758163452,1,6
20,0.02452033758163452,1,6
21,0.02739691734313965,1,6
22,0.02739691734313965,1,6
23,0.02739691734313965,1,6
24,0.027888000011444092,1,6
25,0.027888000011444092,1,6
26,0.027888000011444092,1,6
27,0.027888000011444092,1,6
28,0.027888000011444092,1,6
29,0.027888000011444092,1,6
30,0.027888000011444092,1,6
31,0.027888000011444092,1,6
32,0.027888000011444092,1,6
33,0.027888000011444092,1,6
34,0.05995321273803711,2,6
35,0.05995321273803711,2,6
36,0.05995321273803711,2,6
37,0.05995321273803711,2,6
38,0.05995321273803711,2,6
39,0.05995321273803711,2,6
40,0.05995321273803711,2,6
41,0.05995321273803711,2,6
42,0.05995321273803711,2,6
43,0.05995321273803711,2,6
44,0.05995321273803711,2,6
45,0.05995321273803711,2,6
46,0.05995321273803711,2,6
47,0.08120846748352051,2,6
48,0.08120846748352051,2,6
49,0.08120846748352051,2,6
50,0.08120846748352051,2,6
51,0.08120846748352051,2,6
52,0.08120846748352051,2,6
53,0.08120846748352051,2,6
54,0.08120846748352051,2,6
55,0.08120846748352051,2,6
56,0.12337380647659302,3,6
57,0.12337380647659302,3,6
58,0.1455942988395691,3,6
59,0.1455942988395691,3,6
60,0.1455942988395691,3,6
61,0.1455942988395691,3,6
62,0.1455942988395691,3,6
63,0.1455942988395691,3,6
64,0.1455942988395691,3,6
65,0.14613133668899536,3,6
66,0.14613133668899536,3,6
67,0.2056868076324463,4,6
68,0.2056868076324463,4,6
69,0.20414060354232788,3,6
70,0.20414060354232788,3,6
71,0.20414060354232788,3,6
72,0.20414060354232788,3,6
73,0.20414060354232788,3,6
74,0.20414060354232788,3,6
75,0.2646263837814331,4,6
76,0.2646263837814331,4,6
77,0.2646263837814331,4,6
78,0.2906808853149414,4,6
79,0.2906808853149414,4,6
80,0.2906808853149414,4,6
81,0.2906808853149414,4,6
82,0.2906808853149414,4,6
83,0.2906808853149414,4,6
84,0.2906808853149414,4,6
85,0.2906808853149414,4,6
86,0.2906808853149414,4,6
87,0.2906808853149414,4,6
88,0.2906808853149414,4,6
89,0.36125826835632324,5,6
90,0.36125826835632324,5,6
91,0.36125826835632324,5,6
92,0.36125826835632324,5,6
93,0.36125826835632324,5,6
94,0.36125826835632324,5,6
95,0.3917192220687866,5,6
96,0.3917192220687866,5,6
97,0.3917192220687866,5,6
98,0.3917192220687866,5,6
99,0.3917192220687866,5,6
100,0.3917192220687866,5,6
101,0.3917192220687866,5,6
102,0.3917192220687866,5,6
103,0.3917192220687866,5,6
104,0.4213588237762451,6,6
105,0.4558165669441223,7,6
106,0.5340157747268677,8,6
107,0.5340157747268677,8,6
108,0.48977911472320557,6,6
109,0.48977911472320557,6,6
110,0.48977911472320557,6,6
111,0.48977911472320557,6,6
112,0.48977911472320557,6,6
113,0.48977911472320557,6,6
114,0.5355710387229919,6,6
115,0.6271074414253235,9,6
116,0.6271074414253235,9,6
117,0.6271074414253235,9,6
118,0.6271074414253235,9,6
119,0.6271074414253235,9,6
120,0.5870056450366974,7,6
121,0.5652745366096497,6,6
122,0.5652745366096497,6,6
123,0.5652745366096497,6,6
124,0.5652745366096497,6,6
125,0.7095165848731995,11,6
126,0.7095165848731995,11,6
127,0.7095165848731995,11,6
128,0.6407836675643921,8,6
129,0.6407836675643921,8,6
130,0.615548312664032,7,6
131,0.6358456015586853,7,6
132,0.6358456015586853,7,6
133,0.696591317653656,8,6
134,0.696591317653656,8,6
135,0.7555852681398392,9,6
136,0.7555852681398392,9,6
137,0.7555852681398392,9,6
138,0.7555852681398392,9,6
139,0.7555852681398392,9,6
140,0.7555852681398392,9,6
141,0.7555852681398392,9,6
142,0.7555852681398392,9,6
143,0.7555852681398392,9,6
144,0.7555852681398392,9,6
145,0.7894001007080078,9,6
146,0.7894001007080078,9,6
147,0.7894001007080078,9,6
148,0.7928763777017593,8,6
149,0.7928763777017593,8,6
150,0.7928763777017593,8,6
151,0.7928763777017593,8,6
152,0.7928763777017593,8,6
153,0.7928763777017593,8,6
154,0.7928763777017593,8,6
155,0.7928763777017593,8,6
156,0.7928763777017593,8,6
157,0.7928763777017593,8,6
158,0.7928763777017593,8,6
159,0.7928763777017593,8,6
160,0.7928763777017593,8,6
161,0.7928763777017593,8,6
162,0.7928763777017593,8,6
163,0.7928763777017593,8,6
164,0.7928763777017593,8,6
165,0.8019949942827225,8,6
166,0.8019949942827225,8,6
167,0.8019949942827225,8,6
168,0.8019949942827225,8,6
169,0.8019949942827225,8,6
170,0.8019949942827225,8,6
171,0.8019949942827225,8,6
172,0.8794793412089348,10,6
173,0.8794793412089348,10,6
174,0.8794793412089348,10,6
175,0.8794793412089348,10,6
176,0.8794793412089348,10,6
177,0.8794793412089348,10,6
178,0.8794793412089348,10,6
179,0.8794793412089348,10,6
180,0.8794793412089348,10,6
181,0.8599043488502502,9,6
182,0.8599043488502502,9,6
183,0.9608337394893169,12,6
184,0.9608337394893169,12,6
185,0.9608337394893169,12,6
186,0.9608337394893169,12,6
187,0.9608337394893169,12,6
188,0.9608337394893169,12,6
189,0.9608337394893169,12,6
190,0.9608337394893169,12,6
191,0.9608337394893169,12,6
192,0.9608337394893169,12,6
193,0.9608337394893169,12,6
194,0.9608337394893169,12,6
195,0.9608337394893169,12,6
196,0.9377165734767914,11,6
197,0.9377165734767914,11,6
198,0.9377165734767914,11,6
199,0.9377165734767914,11,6
200,0.9389219284057617,11,6
1,0.005687713623046875,1,7
2,0.005687713623046875,1,7
3,0.005687713623046875,1,7
4,0.005756199359893799,1,7
5,0.005756199359893799,1,7
6,0.005906522274017334,1,7
7,0.007750272750854492,1,7
8,0.007750272750854492,1,7
9,0.009791254997253418,1,7
10,0.009791254997253418,1,7
11,0.009791254997253418,1,7
12,0.009791254997253418,1,7
13,0.011233150959014893,1,7
14,0.015202701091766357,1,7
15,0.015202701091766357,1,7
16,0.015202701091766357,1,7
17,0.016483724117279053,1,7
18,0.016483724117279053,1,7
19,0.016483724117279053,1,7
20,0.016483724117279053,1,7
21,0.016483724117279053,1,7
22,0.016483724117279053,1,7
23,0.016483724117279053,1,7
24,0.016483724117279053,1,7
25,0.016483724117279053,1,7
26,0.016483724117279053,1,7
27,0.016483724117279053,1,7
28,0.016483724117279053,1,7
29,0.016483724117279053,1,7
30,0.016483724117279053,1,7
31,0.016483724117279053,1,7
32,0.016483724117279053,1,7
33,0.016483724117279053,1,7
34,0.016483724117279053,1,7
35,0.01656395196914673,1,7
36,0.01656395196914673,1,7
37,0.01656395196914673,1,7
38,0.01656395196914673,1,7
39,0.01656395196914673,1,7
40,0.01656395196914673,1,7
41,0.01656395196914673,1,7
42,0.01656395196914673,1,7
43,0.01656395196914673,1,7
44,0.01656395196914673,1,7
45,0.05172985792160034,2,7
46,0.05172985792160034,2,7
47,0.05172985792160034,2,7
48,0.05172985792160034,2,7
49,0.05172985792160034,2,7
50,0.05172985792160034,2,7
51,0.05172985792160034,2,7
52,0.05172985792160034,2,7
53,0.05172985792160034,2,7
54,0.05172985792160034,2,7
55,0.05172985792160034,2,7
56,0.05172985792160034,2,7
57,0.05172985792160034,2,7
58,0.05172985792160034,2,7
59,0.08852410316467285,3,7
60,0.08852410316467285,3,7
61,0.08852410316467285,3,7
62,0.08852410316467285,3,7
63,0.08852410316467285,3,7
64,0.08852410316467285,3,7
65,0.08852410316467285,3,7
66,0.08852410316467285,3,7
67,0.08852410316467285,3,7
68,0.08852410316467285,3,7
69,0.08852410316467285,3,7
70,0.08852410316467285,3,7
71,0.08852410316467285,3,7
72,0.08852410316467285,3,7
73,0.08852410316467285,3,7
74,0.08852410316467285,3,7
75,0.08852410316467285,3,7
76,0.08852410316467285,3,7
77,0.08852410316467285,3,7
78,0.08852410316467285,3,7
79,0.08852410316467285,3,7
80,0.08852410316467285,3,7
81,0.08852410316467285,3,7
82,0.08852410316467285,3,7
83,0.09306156635284424,3,7
84,0.09306156635284424,3,7
85,0.09306156635284424,3,7
86,0.09306156635284424,3,7
87,0.09306156635284424,3,7
88,0.09622764587402344,3,7
89,0.11381953954696655,3,7
90,0.11381953954696655,3,7
91,0.11381953954696655,3,7
92,0.24328744411468506,4,7
93,0.24328744411468506,4,7
94,0.24328744411468506,4,7
95,0.24328744411468506,4,7
96,0.24328744411468506,4,7
97,0.24328744411468506,4,7
98,0.24328744411468506,4,7
99,0.24328744411468506,4,7
100,0.24328744411468506,4,7
101,0.24328744411468506,4,7
102,0.24328744411468506,4,7
103,0.24328744411468506,4,7
104,0.24328744411468506,4,7
105,0.24328744411468506,4,7
106,0.24328744411468506,4,7
107,0.24328744411468506,4,7
108,0.2613409757614136,4,7
109,0.37765830755233765,7,7
110,0.2994588017463684,4,7
111,0.2994588017463684,4,7
112,0.2994588017463684,4,7
113,0.2994588017463684,4,7
114,0.30002790689468384,4,7
115,0.30002790689468384,4,7
116,0.30002790689468384,4,7
117,0.39594268798828125,7,7
118,0.3199371099472046,4,7
119,0.45154738426208496,6,7
120,0.45154738426208496,6,7
121,0.45154738426208496,6,7
122,0.45154738426208496,6,7
123,0.6026515066623688,7,7
124,0.6026515066623688,7,7
125,0.6026515066623688,7,7
126,0.6026515066623688,7,7
127,0.6026515066623688,7,7
128,0.6026515066623688,7,7
129,0.6026515066623688,7,7
130,0.6061564981937408,7,7
131,0.6061564981937408,7,7
132,0.6061564981937408,7,7
133,0.6228218972682953,6,7
134,0.6228218972682953,6,7
135,0.625804215669632,6,7
136,0.625804215669632,6,7
137,0.625804215669632,6,7
138,0.625804215669632,6,7
139,0.6670770049095154,7,7
140,0.6670770049095154,7,7
141,0.6670770049095154,7,7
142,0.6670770049095154,7,7
143,0.6670770049095154,7,7
144,0.6670770049095154,7,7
145,0.7562073320150375,8,7
146,0.7562073320150375,8,7
147,0.7562073320150375,8,7
148,0.7562073320150375,8,7
149,0.7562073320150375,8,7
150,0.7562073320150375,8,7
151,0.7562073320150375,8,7
152,0.7562073320150375,8,7
153,0.7562073320150375,8,7
154,0.7562073320150375,8,7
155,0.7562073320150375,8,7
156,0.7562073320150375,8,7
157,0.7562073320150375,8,7
158,0.7562073320150375,8,7
159,0.7562073320150375,8,7
160,0.7562073320150375,8,7
161,0.786907896399498,8,7
162,0.8164439350366592,9,7
163,0.8059416562318802,8,7
164,0.8059416562318802,8,7
165,0.8059416562318802,8,7
166,0.8059416562318802,8,7
167,0.8059416562318802,8,7
168,0.8507064580917358,9,7
169,0.8507064580917358,9,7
170,0.9376432299613953,11,7
171,0.9376432299613953,11,7
172,0.9376432299613953,11,7
173,0.9376432299613953,11,7
174,0.9376432299613953,11,7
175,0.9376432299613953,11,7
176,0.9376432299613953,11,7
177,0.9376432299613953,11,7
178,0.9376432299613953,11,7
179,0.9376432299613953,11,7
180,0.9376432299613953,11,7
181,0.9376432299613953,11,7
182,0.882052443921566,9,7
183,0.882052443921566,9,7
184,0.9557019844651222,10,7
185,0.9557019844651222,10,7
186,0.9557019844651222,10,7
187,0.9557019844651222,10,7
188,0.9557019844651222,10,7
189,0.9557019844651222,10,7
190,0.9557019844651222,10,7
191,0.9557019844651222,10,7
192,0.9557019844651222,10,7
193,0.9557019844651222,10,7
194,0.9557019844651222,10,7
195,0.9557019844651222,10,7
196,0.9557019844651222,10,7
197,0.9557019844651222,10,7
198,0.9557019844651222,10,7
199,0.9557019844651222,10,7
200,0.9557019844651222,10,7
1,0.0008974075317382812,1,8
2,0.0008974075317382812,1,8
3,0.0008974075317382812,1,8
4,0.000930488109588623,1,8
5,0.000930488109588623,1,8
6,0.0011392831802368164,1,8
7,0.001505732536315918,1,8
8,0.0015407800674438477,1,8
9,0.0016896724700927734,1,8
10,0.0016896724700927734,1,8
11,0.0016896724700927734,1,8
12,0.0018491148948669434,1,8
13,0.0018491148948669434,1,8
14,0.0018491148948669434,1,8
15,0.0018491148948669434,1,8
16,0.0021460652351379395,1,8
17,0.0021460652351379395,1,8
18,0.0021460652351379395,1,8
19,0.0021460652351379395,1,8
20,0.0021460652351379395,1,8
21,0.002815067768096924,1,8
22,0.002815067768096924,1,8
23,0.002815067768096924,1,8
24,0.002815067768096924,1,8
25,0.002815067768096924,1,8
26,0.002815067768096924,1,8
27,0.002815067768096924,1,8
28,0.002815067768096924,1,8
29,0.002815067768096924,1,8
30,0.002815067768096924,1,8
31,0.002815067768096924,1,8
32,0.002815067768096924,1,8
33,0.002815067768096924,1,8
34,0.002815067768096924,1,8
35,0.002815067768096924,1,8
36,0.002815067768096924,1,8
37,0.002815067768096924,1,8
38,0.002815067768096924,1,8
39,0.002815067768096924,1,8
40,0.002815067768096924,1,8
41,0.002815067768096924,1,8
42,0.002815067768096924,1,8
43,0.002815067768096924,1,8
44,0.002815067768096924,1,8
45,0.002815067768096924,1,8
46,0.002815067768096924,1,8
47,0.002815067768096924,1,8
48,0.002815067768096924,1,8
49,0.002815067768096924,1,8
50,0.002815067768096924,1,8
51,0.002815067768096924,1,8
52,0.002815067768096924,1,8
53,0.002815067768096924,1,8
54,0.002815067768096924,1,8
55,0.002815067768096924,1,8
56,0.002815067768096924,1,8
57,0.002815067768096924,1,8
58,0.002815067768096924,1,8
59,0.002815067768096924,1,8
60,0.002815067768096924,1,8
61,0.002815067768096924,1,8
62,0.002815067768096924,1,8
63,0.002815067768096924,1,8
64,0.002815067768096924,1,8
65,0.002815067768096924,1,8
66,0.002815067768096924,1,8
67,0.002815067768096924,1,8
68,0.002815067768096924,1,8
69,0.002815067768096924,1,8
70,0.002815067768096924,1,8
71,0.002815067768096924,1,8
72,0.002815067768096924,1,8
73,0.002815067768096924,1,8
74,0.002815067768096924,1,8
75,0.002815067768096924,1,8
76,0.002815067768096924,1,8
77,0.002815067768096924,1,8
78,0.002815067768096924,1,8
79,0.002815067768096924,1,8
80,0.002815067768096924,1,8
81,0.002815067768096924,1,8
82,0.002815067768096924,1,8
83,0.002815067768096924,1,8
84,0.002815067768096924,1,8
85,0.002815067768096924,1,8
86,0.002815067768096924,1,8
87,0.002815067768096924,1,8
88,0.002815067768096924,1,8
89,0.002815067768096924,1,8
90,0.002815067768096924,1,8
91,0.002815067768096924,1,8
92,0.002815067768096924,1,8
93,0.002815067768096924,1,8
94,0.002815067768096924,1,8
95,0.002815067768096924,1,8
96,0.002815067768096924,1,8
97,0.002815067768096924,1,8
98,0.002815067768096924,1,8
99,0.002815067768096924,1,8
100,0.002815067768096924,1,8
101,0.002815067768096924,1,8
102,0.002815067768096924,1,8
103,0.002815067768096924,1,8
104,0.002815067768096924,1,8
105,0.002815067768096924,1,8
106,0.002815067768096924,1,8
107,0.002815067768096924,1,8
108,0.002815067768096924,1,8
109,0.002815067768096924,1,8
110,0.002815067768096924,1,8
111,0.002815067768096924,1,8
112,0.002815067768096924,1,8
113,0.002815067768096924,1,8
114,0.002815067768096924,1,8
115,0.002815067768096924,1,8
116,0.002815067768096924,1,8
117,0.002815067768096924,1,8
118,0.002815067768096924,1,8
119,0.002815067768096924,1,8
120,0.002815067768096924,1,8
121,0.002815067768096924,1,8
122,0.002815067768096924,1,8
123,0.002815067768096924,1,8
124,0.002815067768096924,1,8
125,0.002815067768096924,1,8
126,0.002815067768096924,1,8
127,0.002815067768096924,1,8
128,0.002815067768096924,1,8
129,0.002815067768096924,1,8
130,0.002815067768096924,1,8
131,0.002815067768096924,1,8
132,0.002815067768096924,1,8
133,0.002815067768096924,1,8
134,0.002815067768096924,1,8
135,0.002815067768096924,1,8
136,0.002815067768096924,1,8
137,0.002815067768096924,1,8
138,0.002815067768096924,1,8
139,0.002815067768096924,1,8
140,0.002815067768096924,1,8
141,0.002815067768096924,1,8
142,0.002815067768096924,1,8
143,0.002815067768096924,1,8
144,0.002815067768096924,1,8
145,0.002815067768096924,1,8
146,0.002815067768096924,1,8
147,0.002815067768096924,1,8
148,0.002815067768096924,1,8
149,0.002815067768096924,1,8
150,0.002815067768096924,1,8
151,0.002815067768096924,1,8
152,0.002815067768096924,1,8
153,0.002815067768096924,1,8
154,0.002815067768096924,1,8
155,0.002815067768096924,1,8
156,0.002815067768096924,1,8
157,0.002815067768096924,1,8
158,0.002815067768096924,1,8
159,0.002815067768096924,1,8
160,0.002815067768096924,1,8
161,0.002815067768096924,1,8
162,0.002815067768096924,1,8
163,0.002815067768096924,1,8
164,0.002815067768096924,1,8
165,0.002815067768096924,1,8
166,0.002815067768096924,1,8
167,0.002815067768096924,1,8
168,0.002815067768096924,1,8
169,0.002815067768096924,1,8
170,0.002815067768096924,1,8
171,0.002815067768096924,1,8
172,0.002815067768096924,1,8
173,0.002815067768096924,1,8
174,0.002815067768096924,1,8
175,0.002815067768096924,1,8
176,0.002815067768096924,1,8
177,0.002815067768096924,1,8
178,0.002815067768096924,1,8
179,0.002815067768096924,1,8
180,0.002815067768096924,1,8
181,0.002815067768096924,1,8
182,0.002815067768096924,1,8
183,0.002815067768096924,1,8
184,0.002815067768096924,1,8
185,0.002815067768096924,1,8
186,0.002815067768096924,1,8
187,0.002815067768096924,1,8
188,0.002815067768096924,1,8
189,0.002815067768096924,1,8
190,0.002815067768096924,1,8
191,0.002815067768096924,1,8
192,0.002815067768096924,1,8
193,0.002815067768096924,1,8
194,0.002815067768096924,1,8
195,0.002815067768096924,1,8
196,0.002815067768096924,1,8
197,0.002815067768096924,1,8
198,0.002815067768096924,1,8
199,0.002815067768096924,1,8
200,0.002815067768096924,1,8
1,0.9964600619859993,1,9
2,0.996941058896482,1,9
3,0.996941058896482,1,9
4,0.996941058896482,1,9
5,0.9970437188167125,1,9
6,0.9973099110648036,1,9
7,0.9975858991965652,1,9
8,0.9980055175255984,1,9
9,0.9980055175255984,1,9
10,0.9985936190932989,1,9
11,0.9985936190932989,1,9
12,0.9985936190932989,1,9
13,0.9985936190932989,1,9
14,0.9985936190932989,1,9
15,0.9985936190932989,1,9
16,0.9986202709842473,1,9
17,0.9986202709842473,1,9
18,0.9986202709842473,1,9
19,0.9986202709842473,1,9
20,0.9986202709842473,1,9
21,0.9986202709842473,1,9
22,0.9986202709842473,1,9
23,0.9986202709842473,1,9
24,0.9986202709842473,1,9
25,0.9986202709842473,1,9
26,0.9986202709842473,1,9
27,0.9986202709842473,1,9
28,0.9986202709842473,1,9
29,0.9986202709842473,1,9
30,0.9986202709842473,1,9
31,0.9986202709842473,1,9
32,0.9986202709842473,1,9
33,0.9986202709842473,1,9
34,0.9986202709842473,1,9
35,0.9986202709842473,1,9
36,0.9986202709842473,1,9
37,0.9986202709842473,1,9
38,0.9986202709842473,1,9
39,0.9986202709842473,1,9
40,0.9986202709842473,1,9
41,0.9986202709842473,1,9
42,0.9986202709842473,1,9
43,0.9986202709842473,1,9
44,0.9986202709842473,1,9
45,0.9986202709842473,1,9
46,0.9986202709842473,1,9
47,0.9986202709842473,1,9
48,0.9986202709842473,1,9
49,0.9986202709842473,1,9
50,0.9986202709842473,1,9
51,0.9986202709842473,1,9
52,0.9986202709842473,1,9
53,0.9986202709842473,1,9
54,0.9986202709842473,1,9
55,0.9986202709842473,1,9
56,0.9986202709842473,1,9
57,0.9986202709842473,1,9
58,0.9986202709842473,1,9
59,0.9986202709842473,1,9
60,0.9986202709842473,1,9
61,0.9986202709842473,1,9
62,0.9986202709842473,1,9
63,0.9986202709842473,1,9
64,0.9986202709842473,1,9
65,0.9986202709842473,1,9
66,0.9986202709842473,1,9
67,0.9986202709842473,1,9
68,0.9986202709842473,1,9
69,0.9986202709842473,1,9
70,0.9986202709842473,1,9
71,0.9986202709842473,1,9
72,0.9986202709842473,1,9
73,0.9986202709842473,1,9
74,0.9986202709842473,1,9
75,0.9986202709842473,1,9
76,0.9986202709842473,1,9
77,0.9986202709842473,1,9
78,0.9986202709842473,1,9
79,0.9986202709842473,1,9
80,0.9986202709842473,1,9
81,0.9986202709842473,1,9
82,0.9986202709842473,1,9
83,0.9986202709842473,1,9
84,0.9986202709842473,1,9
85,0.9986202709842473,1,9
86,0.9986202709842473,1,9
87,0.9986202709842473,1,9
88,0.9986202709842473,1,9
89,0.9986202709842473,1,9
90,0.9986202709842473,1,9
91,0.9986202709842473,1,9
92,0.9986202709842473,1,9
93,0.9986202709842473,1,9
94,0.9986202709842473,1,9
95,0.9986202709842473,1,9
96,0.9986202709842473,1,9
97,0.9986202709842473,1,9
98,0.9986202709842473,1,9
99,0.9986202709842473,1,9
100,0.9986202709842473,1,9
101,0.9986202709842473,1,9
102,0.9986202709842473,1,9
103,0.9986202709842473,1,9
104,0.9986202709842473,1,9
105,0.9986202709842473,1,9
106,0.9986202709842473,1,9
107,0.9986202709842473,1,9
108,0.9986202709842473,1,9
109,0.9986202709842473,1,9
110,0.9986202709842473,1,9
111,0.9986202709842473,1,9
112,0.9986202709842473,1,9
113,0.9986202709842473,1,9
114,0.9986202709842473,1,9
115,0.9986202709842473,1,9
116,0.9986202709842473,1,9
117,0.9986202709842473,1,9
118,0.9986202709842473,1,9
119,0.9986202709842473,1,9
120,0.9986202709842473,1,9
121,0.9986202709842473,1,9
122,0.9986202709842473,1,9
123,0.9986202709842473,1,9
124,0.9986202709842473,1,9
125,0.9986202709842473,1,9
126,0.9986202709842473,1,9
127,0.9986202709842473,1,9
128,0.9986202709842473,1,9
129,0.9986202709842473,1,9
130,0.9986202709842473,1,9
131,0.9986202709842473,1,9
132,0.9986202709842473,1,9
133,0.9986202709842473,1,9
134,0.9986202709842473,1,9
135,0.9986202709842473,1,9
136,0.9986202709842473,1,9
137,0.9986202709842473,1,9
138,0.9986202709842473,1,9
139,0.9986202709842473,1,9
140,0.9986202709842473,1,9
141,0.9986202709842473,1,9
142,0.9986202709842473,1,9
143,0.9986202709842473,1,9
144,0.9986202709842473,1,9
145,0.9986202709842473,1,9
146,0.9986202709842473,1,9
147,0.9986202709842473,1,9
148,0.9986202709842473,1,9
149,0.9986202709842473,1,9
150,0.9986202709842473,1,9
151,0.9986202709842473,1,9
152,0.9986202709842473,1,9
153,0.9986202709842473,1,9
154,0.9986202709842473,1,9
155,0.9986202709842473,1,9
156,0.9986202709842473,1,9
157,0.9986202709842473,1,9
158,0.9986202709842473,1,9
159,0.9986202709842473,1,9
160,0.9986202709842473,1,9
161,0.9986202709842473,1,9
162,0.9986202709842473,1,9
163,0.9986202709842473,1,9
164,0.9986202709842473,1,9
165,0.9986202709842473,1,9
166,0.9986202709842473,1,9
167,0.9986202709842473,1,9
168,0.9986202709842473,1,9
169,0.9986202709842473,1,9
170,0.9986202709842473,1,9
171,0.9986202709842473,1,9
172,0.9986202709842473,1,9
173,0.9986202709842473,1,9
174,0.9986202709842473,1,9
175,0.9986202709842473,1,9
176,0.9986202709842473,1,9
177,0.9986202709842473,1,9
178,0.9986202709842473,1,9
179,0.9986202709842473,1,9
180,0.9986202709842473,1,9
181,0.9986202709842473,1,9
182,0.9986202709842473,1,9
183,0.9986202709842473,1,9
184,0.9986202709842473,1,9
185,0.9986202709842473,1,9
186,0.9986202709842473,1,9
187,0.9986202709842473,1,9
188,0.9986202709842473,1,9
189,0.9986202709842473,1,9
190,0.9986202709842473,1,9
191,0.9986202709842473,1,9
192,0.9986202709842473,1,9
193,0.9986202709842473,1,9
194,0.9986202709842473,1,9
195,0.9986202709842473,1,9
196,0.9986202709842473,1,9
197,0.9986202709842473,1,9
198,0.9986202709842473,1,9
199,0.9986202709842473,1,9
200,0.9986202709842473,1,9
1,0.00011968612670898438,1,10
2,0.00013327598571777344,1,10
3,0.00016295909881591797,1,10
4,0.00018030405044555664,1,10
5,0.00018030405044555664,1,10
6,0.00028902292251586914,1,10
7,0.00028902292251586914,1,10
8,0.0006368756294250488,1,10
9,0.0006368756294250488,1,10
10,0.0006368756294250488,1,10
11,0.0006598830223083496,1,10
12,0.0006598830223083496,1,10
13,0.0006598830223083496,1,10
14,0.000704646110534668,1,10
15,0.000704646110534668,1,10
16,0.0007079839706420898,1,10
17,0.0007079839706420898,1,10
18,0.0007079839706420898,1,10
19,0.0007079839706420898,1,10
20,0.0007079839706420898,1,10
21,0.0007079839706420898,1,10
22,0.0007079839706420898,1,10
23,0.0007079839706420898,1,10
24,0.0007079839706420898,1,10
25,0.0007079839706420898,1,10
26,0.0007079839706420898,1,10
27,0.0007079839706420898,1,10
28,0.0007079839706420898,1,10
29,0.0007079839706420898,1,10
30,0.0007079839706420898,1,10
31,0.0007079839706420898,1,10
32,0.0007079839706420898,1,10
33,0.0007079839706420898,1,10
34,0.0007079839706420898,1,10
35,0.0007079839706420898,1,10
36,0.0007079839706420898,1,10
37,0.0007079839706420898,1,10
38,0.0007079839706420898,1,10
39,0.0007079839706420898,1,10
40,0.0007079839706420898,1,10
41,0.0007079839706420898,1,10
42,0.0007079839706420898,1,10
43,0.0007079839706420898,1,10
44,0.0007079839706420898,1,10
45,0.0007079839706420898,1,10
46,0.0007079839706420898,1,10
47,0.0007079839706420898,1,10
48,0.0007079839706420898,1,10
49,0.0007079839706420898,1,10
50,0.0007079839706420898,1,10
51,0.0007079839706420898,1,10
52,0.0007079839706420898,1,10
53,0.0007079839706420898,1,10
54,0.0007079839706420898,1,10
55,0.0007079839706420898,1,10
56,0.0007079839706420898,1,10
57,0.0007079839706420898,1,10
58,0.0007079839706420898,1,10
59,0.0007079839706420898,1,10
60,0.0007079839706420898,1,10
61,0.0007079839706420898,1,10
62,0.0007079839706420898,1,10
63,0.0007079839706420898,1,10
64,0.0007079839706420898,1,10
65,0.0007079839706420898,1,10
66,0.0007079839706420898,1,10
67,0.0007079839706420898,1,10
68,0.0007079839706420898,1,10
69,0.0007079839706420898,1,10
70,0.0007079839706420898,1,10
71,0.0007079839706420898,1,10
72,0.0007079839706420898,1,10
73,0.0007079839706420898,1,10
74,0.0007079839706420898,1,10
75,0.0007079839706420898,1,10
76,0.0007079839706420898,1,10
77,0.0007079839706420898,1,10
78,0.0007079839706420898,1,10
79,0.0007079839706420898,1,10
80,0.0007079839706420898,1,10
81,0.0007079839706420898,1,10
82,0.0007079839706420898,1,10
83,0.0007079839706420898,1,10
84,0.0007079839706420898,1,10
85,0.0007079839706420898,1,10
86,0.0007079839706420898,1,10
87,0.0007079839706420898,1,10
88,0.0007079839706420898,1,10
89,0.0007079839706420898,1,10
90,0.0007079839706420898,1,10
91,0.0007079839706420898,1,10
92,0.0007079839706420898,1,10
93,0.0007079839706420898,1,10
94,0.0007079839706420898,1,10
95,0.0007079839706420898,1,10
96,0.0007079839706420898,1,10
97,0.0007079839706420898,1,10
98,0.0007079839706420898,1,10
99,0.0007079839706420898,1,10
100,0.0007079839706420898,1,10
101,0.0007079839706420898,1,10
102,0.0007079839706420898,1,10
103,0.0007079839706420898,1,10
104,0.0007079839706420898,1,10
105,0.0007079839706420898,1,10
106,0.0007079839706420898,1,10
107,0.0007079839706420898,1,10
108,0.0007079839706420898,1,10
109,0.0007079839706420898,1,10
110,0.0007079839706420898,1,10
111,0.0007079839706420898,1,10
112,0.0007079839706420898,1,10
113,0.0007079839706420898,1,10
114,0.0007079839706420898,1,10
115,0.0007079839706420898,1,10
116,0.0007079839706420898,1,10
117,0.0007079839706420898,1,10
118,0.0007079839706420898,1,10
119,0.0007079839706420898,1,10
120,0.0007079839706420898,1,10
121,0.0007079839706420898,1,10
122,0.0007079839706420898,1,10
123,0.0007079839706420898,1,10
124,0.0007079839706420898,1,10
125,0.0007079839706420898,1,10
126,0.0007079839706420898,1,10
127,0.0007079839706420898,1,10
128,0.0007079839706420898,1,10
129,0.0007079839706420898,1,10
130,0.0007079839706420898,1,10
131,0.0007079839706420898,1,10
132,0.0007079839706420898,1,10
133,0.0007079839706420898,1,10
134,0.0007079839706420898,1,10
135,0.0007079839706420898,1,10
136,0.0007079839706420898,1,10
137,0.0007079839706420898,1,10
138,0.0007079839706420898,1,10
139,0.0007079839706420898,1,10
140,0.0007079839706420898,1,10
141,0.0007079839706420898,1,10
142,0.0007079839706420898,1,10
143,0.0007079839706420898,1,10
144,0.0007079839706420898,1,10
145,0.0007079839706420898,1,10
146,0.0007079839706420898,1,10
147,0.0007079839706420898,1,10
148,0.0007079839706420898,1,10
149,0.0007079839706420898,1,10
150,0.0007079839706420898,1,10
151,0.0007079839706420898,1,10
152,0.0007079839706420898,1,10
153,0.0007079839706420898,1,10
154,0.0007079839706420898,1,10
155,0.0007079839706420898,1,10
156,0.0007079839706420898,1,10
157,0.0007079839706420898,1,10
158,0.0007079839706420898,1,10
159,0.0007079839706420898,1,10
160,0.0007079839706420898,1,10
161,0.0007079839706420898,1,10
162,0.0007079839706420898,1,10
163,0.0007079839706420898,1,10
164,0.0007079839706420898,1,10
165,0.0007079839706420898,1,10
166,0.0007079839706420898,1,10
167,0.0007079839706420898,1,10
168,0.0007079839706420898,1,10
169,0.0007079839706420898,1,10
170,0.0007079839706420898,1,10
171,0.0007079839706420898,1,10
172,0.0007079839706420898,1,10
173,0.0007079839706420898,1,10
174,0.0007079839706420898,1,10
175,0.0007079839706420898,1,10
176,0.0007079839706420898,1,10
177,0.0007079839706420898,1,10
178,0.0007079839706420898,1,10
179,0.0007079839706420898,1,10
180,0.0007079839706420898,1,10
181,0.0007079839706420898,1,10
182,0.0007079839706420898,1,10
183,0.0007079839706420898,1,10
184,0.0007079839706420898,1,10
185,0.0007079839706420898,1,10
186,0.0007079839706420898,1,10
187,0.0007079839706420898,1,10
188,0.0007079839706420898,1,10
189,0.0007079839706420898,1,10
190,0.0007079839706420898,1,10
191,0.0007079839706420898,1,10
192,0.0007079839706420898,1,10
193,0.0007079839706420898,1,10
194,0.0007079839706420898,1,10
195,0.0007079839706420898,1,10
196,0.0007079839706420898,1,10
197,0.0007079839706420898,1,10
198,0.0007079839706420898,1,10
199,0.0007079839706420898,1,10
200,0.0007079839706420898,1,10
1,0.001116335391998291,1,11
2,0.001116335391998291,1,11
3,0.001116335391998291,1,11
4,0.0013403892517089844,1,11
5,0.0013403892517089844,1,11
6,0.0022440552711486816,1,11
7,0.0022440552711486816,1,11
8,0.003925919532775879,1,11
9,0.003925919532775879,1,11
10,0.003979146480560303,1,11
11,0.003979146480560303,1,11
12,0.003979146480560303,1,11
13,0.003979146480560303,1,11
14,0.003979146480560303,1,11
15,0.003979146480560303,1,11
16,0.003979146480560303,1,11
17,0.003979146480560303,1,11
18,0.004588186740875244,1,11
19,0.004588186740875244,1,11
20,0.004588186740875244,1,11
21,0.004588186740875244,1,11
22,0.004588186740875244,1,11
23,0.004588186740875244,1,11
24,0.004588186740875244,1,11
25,0.004588186740875244,1,11
26,0.004588186740875244,1,11
27,0.004588186740875244,1,11
28,0.004588186740875244,1,11
29,0.004588186740875244,1,11
30,0.004588186740875244,1,11
31,0.004588186740875244,1,11
32,0.004588186740875244,1,11
33,0.004588186740875244,1,11
34,0.004588186740875244,1,11
35,0.004588186740875244,1,11
36,0.004588186740875244,1,11
37,0.004588186740875244,1,11
38,0.004588186740875244,1,11
39,0.004588186740875244,1,11
40,0.004588186740875244,1,11
41,0.004654109477996826,1,11
42,0.004654109477996826,1,11
43,0.004785060882568359,1,11
44,0.004785060882568359,1,11
45,0.004785060882568359,1,11
46,0.004785060882568359,1,11
47,0.004785060882568359,1,11
48,0.004785060882568359,1,11
49,0.004785060882568359,1,11
50,0.004785060882568359,1,11
51,0.004785060882568359,1,11
52,0.004785060882568359,1,11
53,0.004785060882568359,1,11
54,0.004785060882568359,1,11
55,0.004785060882568359,1,11
56,0.004785060882568359,1,11
57,0.004785060882568359,1,11
58,0.004785060882568359,1,11
59,0.004785060882568359,1,11
60,0.004785060882568359,1,11
61,0.004785060882568359,1,11
62,0.004785060882568359,1,11
63,0.004785060882568359,1,11
64,0.004785060882568359,1,11
65,0.004785060882568359,1,11
66,0.004785060882568359,1,11
67,0.004785060882568359,1,11
68,0.004785060882568359,1,11
69,0.004785060882568359,1,11
70,0.004785060882568359,1,11
71,0.004785060882568359,1,11
72,0.004785060882568359,1,11
73,0.004785060882568359,1,11
74,0.004785060882568359,1,11
75,0.004785060882568359,1,11
76,0.004785060882568359,1,11
77,0.004785060882568359,1,11
78,0.004785060882568359,1,11
79,0.004785060882568359,1,11
80,0.004785060882568359,1,11
81,0.004785060882568359,1,11
82,0.004785060882568359,1,11
83,0.004785060882568359,1,11
84,0.004785060882568359,1,11
85,0.004785060882568359,1,11
86,0.004785060882568359,1,11
87,0.004785060882568359,1,11
88,0.004785060882568359,1,11
89,0.004785060882568359,1,11
90,0.004785060882568359,1,11
91,0.004785060882568359,1,11
92,0.004785060882568359,1,11
93,0.004785060882568359,1,11
94,0.004783749580383301,1,11
95,0.004783749580383301,1,11
96,0.004783749580383301,1,11
97,0.004783749580383301,1,11
98,0.004783749580383301,1,11
99,0.004783749580383301,1,11
100,0.004783749580383301,1,11
101,0.004783749580383301,1,11
102,0.004783749580383301,1,11
103,0.00478363037109375,1,11
104,0.00478363037109375,1,11
105,0.00478363037109375,1,11
106,0.00478363037109375,1,11
107,0.00478363037109375,1,11
108,0.00478363037109375,1,11
109,0.00478363037109375,1,11
110,0.00478363037109375,1,11
111,0.00478363037109375,1,11
112,0.00478363037109375,1,11
113,0.00478363037109375,1,11
114,0.00478363037109375,1,11
115,0.00478363037109375,1,11
116,0.00478363037109375,1,11
117,0.00478363037109375,1,11
118,0.00478363037109375,1,11
119,0.00478363037109375,1,11
120,0.00478363037109375,1,11
121,0.00478363037109375,1,11
122,0.00478363037109375,1,11
123,0.00478363037109375,1,11
124,0.00478363037109375,1,11
125,0.00478363037109375,1,11
126,0.00478363037109375,1,11
127,0.00478363037109375,1,11
128,0.00478363037109375,1,11
129,0.00478363037109375,1,11
130,0.00478363037109375,1,11
131,0.00478363037109375,1,11
132,0.00478363037109375,1,11
133,0.00478363037109375,1,11
134,0.00478363037109375,1,11
135,0.00478363037109375,1,11
136,0.00478363037109375,1,11
137,0.00478363037109375,1,11
138,0.00478363037109375,1,11
139,0.00478363037109375,1,11
140,0.00478363037109375,1,11
141,0.00478363037109375,1,11
142,0.00478363037109375,1,11
143,0.00478363037109375,1,11
144,0.00478363037109375,1,11
145,0.00478363037109375,1,11
146,0.00478363037109375,1,11
147,0.00478363037109375,1,11
148,0.00478363037109375,1,11
149,0.00478363037109375,1,11
150,0.00478363037109375,1,11
151,0.00478363037109375,1,11
152,0.00478363037109375,1,11
153,0.00478363037109375,1,11
154,0.00478363037109375,1,11
155,0.00478363037109375,1,11
156,0.00478363037109375,1,11
157,0.00478363037109375,1,11
158,0.00478363037109375,1,11
159,0.00478363037109375,1,11
160,0.00478363037109375,1,11
161,0.00478363037109375,1,11
162,0.00478363037109375,1,11
163,0.00478363037109375,1,11
164,0.00478363037109375,1,11
165,0.00478363037109375,1,11
166,0.00478363037109375,1,11
167,0.00478363037109375,1,11
168,0.00478363037109375,1,11
169,0.00478363037109375,1,11
170,0.00478363037109375,1,11
171,0.00478363037109375,1,11
172,0.00478363037109375,1,11
173,0.00478363037109375,1,11
174,0.00478363037109375,1,11
175,0.00478363037109375,1,11
176,0.00478363037109375,1,11
177,0.00478363037109375,1,11
178,0.00478363037109375,1,11
179,0.00478363037109375,1,11
180,0.00478363037109375,1,11
181,0.00478363037109375,1,11
182,0.00478363037109375,1,11
183,0.00478363037109375,1,11
184,0.00478363037109375,1,11
185,0.00478363037109375,1,11
186,0.00478363037109375,1,11
187,0.00478363037109375,1,11
188,0.00478363037109375,1,11
189,0.00478363037109375,1,11
190,0.00478363037109375,1,11
191,0.00478363037109375,1,11
192,0.00478363037109375,1,11
193,0.00478363037109375,1,11
194,0.00478363037109375,1,11
195,0.00478363037109375,1,11
196,0.00478363037109375,1,11
197,0.00478363037109375,1,11
198,0.00478363037109375,1,11
199,0.00478363037109375,1,11
200,0.00478363037109375,1,11
1,0.006582140922546387,1,12
2,0.006582140922546387,1,12
3,0.006582140922546387,1,12
4,0.008611142635345459,1,12
5,0.009244382381439209,1,12
6,0.009244382381439209,1,12
7,0.010025560855865479,1,12
8,0.013827621936798096,1,12
9,0.051438987255096436,2,12
10,0.051438987255096436,2,12
11,0.031560540199279785,1,12
12,0.031560540199279785,1,12
13,0.031560540199279785,1,12
14,0.031560540199279785,1,12
15,0.031560540199279785,1,12
16,0.031560540199279785,1,12
17,0.031560540199279785,1,12
18,0.11225801706314087,3,12
19,0.11225801706314087,3,12
20,0.11225801706314087,3,12
21,0.11225801706314087,3,12
22,0.15238279104232788,4,12
23,0.4446183443069458,5,12
24,0.4446183443069458,5,12
25,0.4446183443069458,5,12
26,0.4446183443069458,5,12
27,0.5944041609764099,5,12
28,0.5944041609764099,5,12
29,0.5944041609764099,5,12
30,0.5944041609764099,5,12
31,0.5944041609764099,5,12
32,0.6845850348472595,7,12
33,0.6845850348472595,7,12
34,0.8076413869857788,7,12
35,0.8076413869857788,7,12
36,0.8076413869857788,7,12
37,0.8728350847959518,8,12
38,0.8728350847959518,8,12
39,0.8850768506526947,6,12
40,0.8850768506526947,6,12
41,0.8850768506526947,6,12
42,0.8850768506526947,6,12
43,0.8850768506526947,6,12
44,0.8850768506526947,6,12
45,0.8850768506526947,6,12
46,0.8850768506526947,6,12
47,0.925567738711834,7,12
48,0.925567738711834,7,12
49,0.925567738711834,7,12
50,0.925567738711834,7,12
51,0.925567738711834,7,12
52,0.925567738711834,7,12
53,0.925567738711834,7,12
54,0.925567738711834,7,12
55,0.925567738711834,7,12
56,0.925567738711834,7,12
57,0.925567738711834,7,12
58,0.925567738711834,7,12
59,0.925567738711834,7,12
60,0.925567738711834,7,12
61,0.925567738711834,7,12
62,0.925567738711834,7,12
63,0.9620163664221764,8,12
64,0.9620163664221764,8,12
65,0.9620163664221764,8,12
66,0.9620163664221764,8,12
67,0.9620163664221764,8,12
68,0.9620163664221764,8,12
69,0.9620163664221764,8,12
70,0.9620163664221764,8,12
71,0.9620163664221764,8,12
72,0.9620163664221764,8,12
73,0.9620163664221764,8,12
74,0.9620163664221764,8,12
75,0.9620163664221764,8,12
76,0.9620163664221764,8,12
77,0.9620163664221764,8,12
78,0.9620163664221764,8,12
79,0.9620163664221764,8,12
80,0.9620163664221764,8,12
81,0.9620163664221764,8,12
82,0.9620163664221764,8,12
83,0.9620163664221764,8,12
84,0.9651371315121651,8,12
85,0.9687551930546761,8,12
86,0.9687551930546761,8,12
87,0.9687551930546761,8,12
88,0.9687551930546761,8,12
89,0.9687551930546761,8,12
90,0.9687551930546761,8,12
91,0.9687551930546761,8,12
92,0.9687551930546761,8,12
93,0.9687551930546761,8,12
94,0.9687551930546761,8,12
95,0.9687551930546761,8,12
96,0.9687551930546761,8,12
97,0.9687551930546761,8,12
98,0.9687551930546761,8,12
99,0.9818029273301363,8,12
100,0.9818029273301363,8,12
101,0.9818029273301363,8,12
102,0.9818029273301363,8,12
103,0.9818029273301363,8,12
104,0.9818029273301363,8,12
105,0.9818029273301363,8,12
106,0.9818029273301363,8,12
107,0.9818029273301363,8,12
108,0.9818029273301363,8,12
109,0.9818029273301363,8,12
110,0.9818029273301363,8,12
111,0.9818029273301363,8,12
112,0.9818029273301363,8,12
113,0.9818029273301363,8,12
114,0.9818029273301363,8,12
115,0.9818029273301363,8,12
116,0.9818029273301363,8,12
117,0.9818029273301363,8,12
118,0.9818029273301363,8,12
119,0.9818029273301363,8,12
120,0.9818029273301363,8,12
121,0.9818029273301363,8,12
122,0.9818029273301363,8,12
123,0.9818029273301363,8,12
124,0.9818029273301363,8,12
125,0.9818029273301363,8,12
126,0.9818029273301363,8,12
127,0.9818029273301363,8,12
128,0.9818029273301363,8,12
129,0.9818029273301363,8,12
130,0.9818029273301363,8,12
131,0.9838396292179823,8,12
132,0.9838396292179823,8,12
133,0.987117126584053,8,12
134,0.987117126584053,8,12
135,0.987117126584053,8,12
136,0.987117126584053,8,12
137,0.987117126584053,8,12
138,0.987117126584053,8,12
139,0.987117126584053,8,12
140,0.987117126584053,8,12
141,0.987117126584053,8,12
142,0.987117126584053,8,12
143,0.987117126584053,8,12
144,0.987117126584053,8,12
145,0.9900136645883322,8,12
146,0.9900136645883322,8,12
147,0.9900136645883322,8,12
148,0.9695139862596989,7,12
149,0.9695139862596989,7,12
150,0.9695139862596989,7,12
151,0.9695139862596989,7,12
152,0.9695139862596989,7,12
153,0.9695139862596989,7,12
154,0.9695139862596989,7,12
155,0.9695139862596989,7,12
156,0.9695139862596989,7,12
157,0.9695139862596989,7,12
158,0.9695139862596989,7,12
159,0.9695139862596989,7,12
160,0.9695139862596989,7,12
161,0.9695139862596989,7,12
162,0.9695139862596989,7,12
163,0.9695139862596989,7,12
164,0.9695139862596989,7,12
165,0.9695139862596989,7,12
166,0.9695139862596989,7,12
167,0.9695139862596989,7,12
168,0.9695139862596989,7,12
169,0.9695139862596989,7,12
170,0.9695139862596989,7,12
171,0.9695139862596989,7,12
172,0.9695139862596989,7,12
173,0.9695139862596989,7,12
174,0.9695139862596989,7,12
175,0.9695139862596989,7,12
176,0.9695139862596989,7,12
177,0.9695139862596989,7,12
178,0.9695139862596989,7,12
179,0.9695139862596989,7,12
180,0.9695139862596989,7,12
181,0.9695139862596989,7,12
182,0.9695139862596989,7,12
183,0.9695139862596989,7,12
184,0.9695139862596989,7,12
185,0.9695139862596989,7,12
186,0.9695139862596989,7,12
187,0.9695139862596989,7,12
188,0.9695139862596989,7,12
189,0.9695139862596989,7,12
190,0.9695139862596989,7,12
191,0.9695139862596989,7,12
192,0.9695139862596989,7,12
193,0.9695139862596989,7,12
194,0.9695139862596989,7,12
195,0.9695139862596989,7,12
196,0.9695139862596989,7,12
197,0.9695139862596989,7,12
198,0.9695139862596989,7,12
199,0.9695139862596989,7,12
200,0.9695139862596989,7,12
1,0.9359027221798897,9,13
2,0.9359027221798897,9,13
3,0.9458284936845303,9,13
4,0.8715766668319702,6,13
5,0.962541650980711,6,13
6,0.962541650980711,6,13
7,0.962541650980711,6,13
8,0.962541650980711,6,13
9,0.962541650980711,6,13
10,0.962541650980711,6,13
11,0.962541650980711,6,13
12,0.962541650980711,6,13
13,0.962541650980711,6,13
14,0.962541650980711,6,13
15,0.962541650980711,6,13
16,0.989784593693912,6,13
17,0.989784593693912,6,13
18,0.989784593693912,6,13
19,0.989784593693912,6,13
20,0.989784593693912,6,13
21,0.989784593693912,6,13
22,0.989784593693912,6,13
23,0.989784593693912,6,13
24,0.989784593693912,6,13
25,0.989784593693912,6,13
26,0.989784593693912,6,13
27,0.989784593693912,6,13
28,0.989784593693912,6,13
29,0.989784593693912,6,13
30,0.989784593693912,6,13
31,0.989784593693912,6,13
32,0.989784593693912,6,13
33,0.9740908704698086,5,13
34,0.9740908704698086,5,13
35,0.9740908704698086,5,13
36,0.9740908704698086,5,13
37,0.9740908704698086,5,13
38,0.9740908704698086,5,13
39,0.9740908704698086,5,13
40,0.9740908704698086,5,13
41,0.9740908704698086,5,13
42,0.9750964641571045,5,13
43,0.9750964641571045,5,13
44,0.9750964641571045,5,13
45,0.9750964641571045,5,13
46,0.9750964641571045,5,13
47,0.9907955452799797,5,13
48,0.9907955452799797,5,13
49,0.9907955452799797,5,13
50,0.9907955452799797,5,13
51,0.9907955452799797,5,13
52,0.9907955452799797,5,13
53,0.9907955452799797,5,13
54,0.9907955452799797,5,13
55,0.9907955452799797,5,13
56,0.9926579147577286,5,13
57,0.9972149599343538,5,13
58,0.9972149599343538,5,13
59,0.9827652238309383,4,13
60,0.9827652238309383,4,13
61,0.9827652238309383,4,13
62,0.9827652238309383,4,13
63,0.9827652238309383,4,13
64,0.9827652238309383,4,13
65,0.9827652238309383,4,13
66,0.9827652238309383,4,13
67,0.9827652238309383,4,13
68,0.9875510213896632,4,13
69,0.9875510213896632,4,13
70,0.9875510213896632,4,13
71,0.990666520781815,4,13
72,0.990666520781815,4,13
73,0.9955371120013297,4,13
74,0.9955371120013297,4,13
75,0.9955371120013297,4,13
76,0.9955371120013297,4,13
77,0.9955371120013297,4,13
78,0.9955371120013297,4,13
79,0.9955371120013297,4,13
80,0.9955371120013297,4,13
81,0.9955371120013297,4,13
82,0.9955371120013297,4,13
83,0.9955371120013297,4,13
84,0.9955371120013297,4,13
85,0.9955371120013297,4,13
86,0.9974623613525182,4,13
87,0.9974623613525182,4,13
88,0.9980540678370744,4,13
89,0.9980540678370744,4,13
90,0.9980540678370744,4,13
91,0.9980540678370744,4,13
92,0.9981774253537878,4,13
93,0.9786500781774521,3,13
94,0.9786500781774521,3,13
95,0.9786500781774521,3,13
96,0.9786500781774521,3,13
97,0.9786500781774521,3,13
98,0.9786500781774521,3,13
99,0.9786500781774521,3,13
100,0.9786500781774521,3,13
101,0.9795799236744642,3,13
102,0.9795799236744642,3,13
103,0.9795799236744642,3,13
104,0.9795799236744642,3,13
105,0.9795799236744642,3,13
106,0.9795799236744642,3,13
107,0.9795799236744642,3,13
108,0.9795799236744642,3,13
109,0.9795799236744642,3,13
110,0.9795799236744642,3,13
111,0.9798050709068775,3,13
112,0.9798050709068775,3,13
113,0.9798050709068775,3,13
114,0.9798050709068775,3,13
115,0.9922328679822385,3,13
116,0.9922328679822385,3,13
117,0.9922328679822385,3,13
118,0.9922328679822385,3,13
119,0.9922328679822385,3,13
120,0.9922328679822385,3,13
121,0.9922328679822385,3,13
122,0.9922328679822385,3,13
123,0.9922328679822385,3,13
124,0.9922328679822385,3,13
125,0.9922328679822385,3,13
126,0.9924351302906871,3,13
127,0.9945808318443596,3,13
128,0.9945808318443596,3,13
129,0.9945808318443596,3,13
130,0.9945808318443596,3,13
131,0.9945808318443596,3,13
132,0.9945808318443596,3,13
133,0.9945808318443596,3,13
134,0.9945808318443596,3,13
135,0.9945808318443596,3,13
136,0.9945808318443596,3,13
137,0.9945808318443596,3,13
138,0.9945808318443596,3,13
139,0.9945808318443596,3,13
140,0.9945808318443596,3,13
141,0.9735028892755508,2,13
142,0.9735028892755508,2,13
143,0.9735028892755508,2,13
144,0.9735028892755508,2,13
145,0.9735028892755508,2,13
146,0.9735028892755508,2,13
147,0.9735028892755508,2,13
148,0.9735028892755508,2,13
149,0.9735028892755508,2,13
150,0.9735028892755508,2,13
151,0.9735028892755508,2,13
152,0.9735028892755508,2,13
153,0.9735028892755508,2,13
154,0.9735028892755508,2,13
155,0.9735028892755508,2,13
156,0.9735028892755508,2,13
157,0.9735028892755508,2,13
158,0.9735028892755508,2,13
159,0.9735028892755508,2,13
160,0.9775479678064585,2,13
161,0.9775479678064585,2,13
162,0.9775479678064585,2,13
163,0.9775479678064585,2,13
164,0.9775479678064585,2,13
165,0.9775479678064585,2,13
166,0.9775479678064585,2,13
167,0.9775479678064585,2,13
168,0.9775479678064585,2,13
169,0.9775479678064585,2,13
170,0.9775479678064585,2,13
171,0.9775479678064585,2,13
172,0.9775479678064585,2,13
173,0.9775479678064585,2,13
174,0.9775479678064585,2,13
175,0.9775479678064585,2,13
176,0.9775479678064585,2,13
177,0.9775479678064585,2,13
178,0.9775479678064585,2,13
179,0.9775479678064585,2,13
180,0.9775479678064585,2,13
181,0.9775479678064585,2,13
182,0.9775479678064585,2,13
183,0.9775479678064585,2,13
184,0.9775479678064585,2,13
185,0.9775479678064585,2,13
186,0.9775479678064585,2,13
187,0.9775479678064585,2,13
188,0.9775479678064585,2,13
189,0.9775479678064585,2,13
190,0.9775479678064585,2,13
191,0.9775479678064585,2,13
192,0.9775479678064585,2,13
193,0.9775479678064585,2,13
194,0.9775479678064585,2,13
195,0.9775479678064585,2,13
196,0.9775479678064585,2,13
197,0.9775479678064585,2,13
198,0.9775479678064585,2,13
199,0.9775479678064585,2,13
200,0.9775479678064585,2,13
1,0.9414357878267765,1,14
2,0.9414357878267765,1,14
3,0.9721458088606596,2,14
4,0.9500915668904781,1,14
5,0.9504042603075504,1,14
6,0.9798317309468985,2,14
7,0.9607882387936115,1,14
8,0.9702489469200373,1,14
9,0.9725523460656404,1,14
10,0.974188668653369,1,14
11,0.974188668653369,1,14
12,0.974188668653369,1,14
13,0.974188668653369,1,14
14,0.974188668653369,1,14
15,0.974188668653369,1,14
16,0.9743699450045824,1,14
17,0.9783134683966637,1,14
18,0.9783134683966637,1,14
19,0.9783134683966637,1,14
20,0.9783134683966637,1,14
21,0.9783134683966637,1,14
22,0.9783134683966637,1,14
23,0.9783134683966637,1,14
24,0.9783134683966637,1,14
25,0.9783134683966637,1,14
26,0.9783134683966637,1,14
27,0.9783134683966637,1,14
28,0.9783134683966637,1,14
29,0.9783134683966637,1,14
30,0.9783134683966637,1,14
31,0.9783134683966637,1,14
32,0.9783134683966637,1,14
33,0.9783134683966637,1,14
34,0.9783134683966637,1,14
35,0.9783134683966637,1,14
36,0.9783134683966637,1,14
37,0.9783134683966637,1,14
38,0.9783134683966637,1,14
39,0.9783134683966637,1,14
40,0.9783134683966637,1,14
41,0.9783134683966637,1,14
42,0.9783134683966637,1,14
43,0.9783134683966637,1,14
44,0.9783134683966637,1,14
45,0.9783134683966637,1,14
46,0.9783134683966637,1,14
47,0.9783134683966637,1,14
48,0.9783134683966637,1,14
49,0.9783134683966637,1,14
50,0.9783134683966637,1,14
51,0.9783134683966637,1,14
52,0.9783134683966637,1,14
53,0.9783134683966637,1,14
54,0.9783134683966637,1,14
55,0.9783134683966637,1,14
56,0.9783134683966637,1,14
57,0.9783134683966637,1,14
58,0.9783134683966637,1,14
59,0.9783134683966637,1,14
60,0.9783134683966637,1,14
61,0.9783134683966637,1,14
62,0.9783134683966637,1,14
63,0.9783134683966637,1,14
64,0.9783134683966637,1,14
65,0.9783134683966637,1,14
66,0.9783134683966637,1,14
67,0.9783134683966637,1,14
68,0.9783134683966637,1,14
69,0.9783134683966637,1,14
70,0.9783134683966637,1,14
71,0.9783134683966637,1,14
72,0.9783134683966637,1,14
73,0.9783134683966637,1,14
74,0.9783134683966637,1,14
75,0.9783134683966637,1,14
76,0.9783134683966637,1,14
77,0.9783134683966637,1,14
78,0.9783134683966637,1,14
79,0.9783134683966637,1,14
80,0.9783134683966637,1,14
81,0.9783134683966637,1,14
82,0.9783134683966637,1,14
83,0.9783134683966637,1,14
84,0.9783134683966637,1,14
85,0.9783134683966637,1,14
86,0.9783134683966637,1,14
87,0.9783134683966637,1,14
88,0.9783134683966637,1,14
89,0.9783134683966637,1,14
90,0.9783134683966637,1,14
91,0.9783134683966637,1,14
92,0.9783134683966637,1,14
93,0.9783134683966637,1,14
94,0.9783134683966637,1,14
95,0.9783134683966637,1,14
96,0.9783134683966637,1,14
97,0.9783134683966637,1,14
98,0.9783134683966637,1,14
99,0.9783134683966637,1,14
100,0.9783134683966637,1,14
101,0.9783134683966637,1,14
102,0.9783134683966637,1,14
103,0.9783134683966637,1,14
104,0.9783134683966637,1,14
105,0.9783134683966637,1,14
106,0.9783134683966637,1,14
107,0.9783134683966637,1,14
108,0.9783134683966637,1,14
109,0.9783134683966637,1,14
110,0.9783134683966637,1,14
111,0.9783134683966637,1,14
112,0.9783134683966637,1,14
113,0.9783134683966637,1,14
114,0.9783134683966637,1,14
115,0.9783134683966637,1,14
116,0.9783134683966637,1,14
117,0.9783134683966637,1,14
118,0.9783134683966637,1,14
119,0.9783134683966637,1,14
120,0.9783134683966637,1,14
121,0.9783134683966637,1,14
122,0.9783134683966637,1,14
123,0.9783134683966637,1,14
124,0.9783134683966637,1,14
125,0.9783134683966637,1,14
126,0.9783134683966637,1,14
127,0.9783134683966637,1,14
128,0.9783134683966637,1,14
129,0.9783134683966637,1,14
130,0.9783134683966637,1,14
131,0.9783134683966637,1,14
132,0.9783134683966637,1,14
133,0.9783134683966637,1,14
134,0.9783134683966637,1,14
135,0.9783134683966637,1,14
136,0.9783134683966637,1,14
137,0.9783134683966637,1,14
138,0.9783134683966637,1,14
139,0.9783134683966637,1,14
140,0.9783134683966637,1,14
141,0.9783134683966637,1,14
142,0.9783134683966637,1,14
143,0.9783134683966637,1,14
144,0.9783134683966637,1,14
145,0.9783134683966637,1,14
146,0.9783134683966637,1,14
147,0.9783134683966637,1,14
148,0.9783134683966637,1,14
149,0.9783134683966637,1,14
150,0.9783134683966637,1,14
151,0.9783134683966637,1,14
152,0.9783134683966637,1,14
153,0.9783134683966637,1,14
154,0.9783134683966637,1,14
155,0.9783134683966637,1,14
156,0.9783134683966637,1,14
157,0.9783134683966637,1,14
158,0.9783134683966637,1,14
159,0.9783134683966637,1,14
160,0.9783134683966637,1,14
161,0.9783134683966637,1,14
162,0.9783134683966637,1,14
163,0.9783134683966637,1,14
164,0.9783134683966637,1,14
165,0.9783134683966637,1,14
166,0.9783134683966637,1,14
167,0.9783134683966637,1,14
168,0.9783134683966637,1,14
169,0.9783134683966637,1,14
170,0.9783134683966637,1,14
171,0.9783134683966637,1,14
172,0.9783134683966637,1,14
173,0.9783134683966637,1,14
174,0.9783134683966637,1,14
175,0.9783134683966637,1,14
176,0.9783134683966637,1,14
177,0.9783134683966637,1,14
178,0.9783134683966637,1,14
179,0.9783134683966637,1,14
180,0.9783134683966637,1,14
181,0.9783134683966637,1,14
182,0.9783134683966637,1,14
183,0.9783134683966637,1,14
184,0.9783134683966637,1,14
185,0.9783134683966637,1,14
186,0.9783134683966637,1,14
187,0.9783134683966637,1,14
188,0.9783134683966637,1,14
189,0.9783134683966637,1,14
190,0.9783134683966637,1,14
191,0.9783134683966637,1,14
192,0.9783134683966637,1,14
193,0.9783134683966637,1,14
194,0.9783134683966637,1,14
195,0.9783134683966637,1,14
196,0.9783134683966637,1,14
197,0.9783134683966637,1,14
198,0.9783134683966637,1,14
199,0.9783134683966637,1,14
200,0.9783134683966637,1,14
1,0.3787578344345093,2,15
2,0.7835067957639694,13,15
3,0.8641255497932434,14,15
4,0.8218441009521484,11,15
5,0.7756484895944595,8,15
6,0.9236319586634636,10,15
7,0.9135614410042763,6,15
8,0.9135614410042763,6,15
9,0.9135614410042763,6,15
10,0.9135614410042763,6,15
11,0.9135614410042763,6,15
12,0.9135614410042763,6,15
13,0.9135614410042763,6,15
14,0.9135614410042763,6,15
15,0.970027232542634,7,15
16,0.970027232542634,7,15
17,0.970027232542634,7,15
18,0.970027232542634,7,15
19,0.970027232542634,7,15
20,0.970027232542634,7,15
21,0.970027232542634,7,15
22,0.970027232542634,7,15
23,0.970027232542634,7,15
24,0.970027232542634,7,15
25,0.970027232542634,7,15
26,0.970027232542634,7,15
27,0.970027232542634,7,15
28,0.970027232542634,7,15
29,0.970027232542634,7,15
30,0.970027232542634,7,15
31,0.970027232542634,7,15
32,0.970027232542634,7,15
33,0.970027232542634,7,15
34,0.970027232542634,7,15
35,0.970027232542634,7,15
36,0.970027232542634,7,15
37,0.970027232542634,7,15
38,0.970027232542634,7,15
39,0.970027232542634,7,15
40,0.9766161814332008,7,15
41,0.9970828574150801,7,15
42,0.9970828574150801,7,15
43,0.9970828574150801,7,15
44,0.9970828574150801,7,15
45,0.9970828574150801,7,15
46,0.9970828574150801,7,15
47,0.9970828574150801,7,15
48,0.9970828574150801,7,15
49,0.9970828574150801,7,15
50,0.9970828574150801,7,15
51,0.9970828574150801,7,15
52,0.9697834923863411,6,15
53,0.9697834923863411,6,15
54,0.9697834923863411,6,15
55,0.9697834923863411,6,15
56,0.9697834923863411,6,15
57,0.9697834923863411,6,15
58,0.9697834923863411,6,15
59,0.9697834923863411,6,15
60,0.9697834923863411,6,15
61,0.9697834923863411,6,15
62,0.9697834923863411,6,15
63,0.9697834923863411,6,15
64,0.9697834923863411,6,15
65,0.9697834923863411,6,15
66,0.9697834923863411,6,15
67,0.9697834923863411,6,15
68,0.9697834923863411,6,15
69,0.9697834923863411,6,15
70,0.9697834923863411,6,15
71,0.9697834923863411,6,15
72,0.9709524102509022,6,15
73,0.9709524102509022,6,15
74,0.9782406352460384,6,15
75,0.9798928741365671,6,15
76,0.9798928741365671,6,15
77,0.9798928741365671,6,15
78,0.9750416167080402,5,15
79,0.9750416167080402,5,15
80,0.9750416167080402,5,15
81,0.9750416167080402,5,15
82,0.9750416167080402,5,15
83,0.9750416167080402,5,15
84,0.9750416167080402,5,15
85,0.9750416167080402,5,15
86,0.9750416167080402,5,15
87,0.9750416167080402,5,15
88,0.9750416167080402,5,15
89,0.9750416167080402,5,15
90,0.9750416167080402,5,15
91,0.9750416167080402,5,15
92,0.9750416167080402,5,15
93,0.9750416167080402,5,15
94,0.9750416167080402,5,15
95,0.9750416167080402,5,15
96,0.9750416167080402,5,15
97,0.9750416167080402,5,15
98,0.9750416167080402,5,15
99,0.9750416167080402,5,15
100,0.9750416167080402,5,15
101,0.9750416167080402,5,15
102,0.9750416167080402,5,15
103,0.9750416167080402,5,15
104,0.9769724141806364,5,15
105,0.9805979393422604,5,15
106,0.9805979393422604,5,15
107,0.9805979393422604,5,15
108,0.9851833628490567,5,15
109,0.9851833628490567,5,15
110,0.9851833628490567,5,15
111,0.9851833628490567,5,15
112,0.9851833628490567,5,15
113,0.9885758422315121,5,15
114,0.9885758422315121,5,15
115,0.9885758422315121,5,15
116,0.9885758422315121,5,15
117,0.9885758422315121,5,15
118,0.9885758422315121,5,15
119,0.9885758422315121,5,15
120,0.9885758422315121,5,15
121,0.9929597247391939,5,15
122,0.9929597247391939,5,15
123,0.9929597247391939,5,15
124,0.9929597247391939,5,15
125,0.9929597247391939,5,15
126,0.9929597247391939,5,15
127,0.9944597529247403,5,15
128,0.9944597529247403,5,15
129,0.9944597529247403,5,15
130,0.9944597529247403,5,15
131,0.9944597529247403,5,15
132,0.9944597529247403,5,15
133,0.9944597529247403,5,15
134,0.9944597529247403,5,15
135,0.9944597529247403,5,15
136,0.9944597529247403,5,15
137,0.9965315836016089,5,15
138,0.9965315836016089,5,15
139,0.9965315836016089,5,15
140,0.9965315836016089,5,15
141,0.9965315836016089,5,15
142,0.9965315836016089,5,15
143,0.9965315836016089,5,15
144,0.9965315836016089,5,15
145,0.9965315836016089,5,15
146,0.9965315836016089,5,15
147,0.9965315836016089,5,15
148,0.9965315836016089,5,15
149,0.9780756812542677,4,15
150,0.9780756812542677,4,15
151,0.9780756812542677,4,15
152,0.9780756812542677,4,15
153,0.9780756812542677,4,15
154,0.9780756812542677,4,15
155,0.9780756812542677,4,15
156,0.9780756812542677,4,15
157,0.9780756812542677,4,15
158,0.9780756812542677,4,15
159,0.9780756812542677,4,15
160,0.9780756812542677,4,15
161,0.9820787813514471,4,15
162,0.9820787813514471,4,15
163,0.9825694505125284,4,15
164,0.9825694505125284,4,15
165,0.9825694505125284,4,15
166,0.9825694505125284,4,15
167,0.9825694505125284,4,15
168,0.9919000696390867,4,15
169,0.9919000696390867,4,15
170,0.9919000696390867,4,15
171,0.9919000696390867,4,15
172,0.9919000696390867,4,15
173,0.9919000696390867,4,15
174,0.9919000696390867,4,15
175,0.9919000696390867,4,15
176,0.9919000696390867,4,15
177,0.9919000696390867,4,15
178,0.9919000696390867,4,15
179,0.9919000696390867,4,15
180,0.9919000696390867,4,15
181,0.9919000696390867,4,15
182,0.9919000696390867,4,15
183,0.9919000696390867,4,15
184,0.9919000696390867,4,15
185,0.9919000696390867,4,15
186,0.9919000696390867,4,15
187,0.9919000696390867,4,15
188,0.9919000696390867,4,15
189,0.9919000696390867,4,15
190,0.9919000696390867,4,15
191,0.9919000696390867,4,15
192,0.9919000696390867,4,15
193,0.9919000696390867,4,15
194,0.9919000696390867,4,15
195,0.9919000696390867,4,15
196,0.9919000696390867,4,15
197,0.9919000696390867,4,15
198,0.9919000696390867,4,15
199,0.9919000696390867,4,15
200,0.9919000696390867,4,15
1,0.0023418664932250977,1,16
2,0.0031470656394958496,1,16
3,0.003572523593902588,1,16
4,0.003572523593902588,1,16
5,0.003572523593902588,1,16
6,0.003572523593902588,1,16
7,0.007207632064819336,1,16
8,0.007207632064819336,1,16
9,0.007207632064819336,1,16
10,0.008210539817810059,1,16
11,0.008210539817810059,1,16
12,0.008210539817810059,1,16
13,0.04489421844482422,2,16
14,0.04489421844482422,2,16
15,0.04489421844482422,2,16
16,0.04489421844482422,2,16
17,0.04489421844482422,2,16
18,0.04489421844482422,2,16
19,0.04489421844482422,2,16
20,0.04489421844482422,2,16
21,0.04489421844482422,2,16
22,0.04489421844482422,2,16
23,0.04489421844482422,2,16
24,0.04489421844482422,2,16
25,0.04489421844482422,2,16
26,0.04489421844482422,2,16
27,0.04489421844482422,2,16
28,0.04489421844482422,2,16
29,0.04489421844482422,2,16
30,0.04489421844482422,2,16
31,0.04489421844482422,2,16
32,0.04489421844482422,2,16
33,0.04489421844482422,2,16
34,0.04489421844482422,2,16
35,0.04489421844482422,2,16
36,0.04489421844482422,2,16
37,0.04489421844482422,2,16
38,0.0466231107711792,2,16
39,0.0466231107711792,2,16
40,0.0466231107711792,2,16
41,0.0466231107711792,2,16
42,0.0466231107711792,2,16
43,0.0466231107711792,2,16
44,0.0466231107711792,2,16
45,0.0466231107711792,2,16
46,0.0466231107711792,2,16
47,0.04904454946517944,2,16
48,0.04904454946517944,2,16
49,0.04904454946517944,2,16
50,0.04904454946517944,2,16
51,0.04904454946517944,2,16
52,0.04904454946517944,2,16
53,0.04904454946517944,2,16
54,0.08352375030517578,3,16
55,0.1475156545639038,3,16
56,0.1475156545639038,3,16
57,0.1475156545639038,3,16
58,0.1475156545639038,3,16
59,0.23842626810073853,4,16
60,0.26898425817489624,5,16
61,0.5274788737297058,5,16
62,0.5274788737297058,5,16
63,0.5284497737884521,4,16
64,0.6695375442504883,5,16
65,0.6695375442504883,5,16
66,0.6925022006034851,5,16
67,0.7725370526313782,6,16
68,0.7725370526313782,6,16
69,0.9835823886096478,8,16
70,0.9835823886096478,8,16
71,0.952952153980732,6,16
72,0.952952153980732,6,16
73,0.952952153980732,6,16
74,0.9875936899334192,7,16
75,0.9875936899334192,7,16
76,0.9875936899334192,7,16
77,0.9875936899334192,7,16
78,0.9875936899334192,7,16
79,0.9875936899334192,7,16
80,0.9909832580015063,7,16
81,0.9909832580015063,7,16
82,0.9909832580015063,7,16
83,0.9909832580015063,7,16
84,0.9925584658049047,7,16
85,0.9925584658049047,7,16
86,0.9925584658049047,7,16
87,0.9925584658049047,7,16
88,0.9925584658049047,7,16
89,0.9925584658049047,7,16
90,0.9925584658049047,7,16
91,0.9925584658049047,7,16
92,0.9925584658049047,7,16
93,0.9925584658049047,7,16
94,0.9925584658049047,7,16
95,0.96598681807518,6,16
96,0.96598681807518,6,16
97,0.96598681807518,6,16
98,0.96598681807518,6,16
99,0.96598681807518,6,16
100,0.96598681807518,6,16
101,0.96598681807518,6,16
102,0.96598681807518,6,16
103,0.96598681807518,6,16
104,0.96598681807518,6,16
105,0.96598681807518,6,16
106,0.96598681807518,6,16
107,0.9750910978764296,6,16
108,0.9750910978764296,6,16
109,0.9750910978764296,6,16
110,0.9750910978764296,6,16
111,0.9750910978764296,6,16
112,0.9750910978764296,6,16
113,0.976219180971384,6,16
114,0.976219180971384,6,16
115,0.976219180971384,6,16
116,0.976219180971384,6,16
117,0.9763090256601572,6,16
118,0.9763090256601572,6,16
119,0.9763090256601572,6,16
120,0.9763090256601572,6,16
121,0.9763090256601572,6,16
122,0.9763090256601572,6,16
123,0.9763090256601572,6,16
124,0.9763090256601572,6,16
125,0.9763090256601572,6,16
126,0.9763090256601572,6,16
127,0.9763090256601572,6,16
128,0.979039603844285,6,16
129,0.979039603844285,6,16
130,0.979039603844285,6,16
131,0.979039603844285,6,16
132,0.9798207860440016,6,16
133,0.9798207860440016,6,16
134,0.9798207860440016,6,16
135,0.9798207860440016,6,16
136,0.9798207860440016,6,16
137,0.9798207860440016,6,16
138,0.9798207860440016,6,16
139,0.9798207860440016,6,16
140,0.9798207860440016,6,16
141,0.9798207860440016,6,16
142,0.9798207860440016,6,16
143,0.9798207860440016,6,16
144,0.9798207860440016,6,16
145,0.9798207860440016,6,16
146,0.9798207860440016,6,16
147,0.9798207860440016,6,16
148,0.9836965333670378,6,16
149,0.9836965333670378,6,16
150,0.9836965333670378,6,16
151,0.9836965333670378,6,16
152,0.9836965333670378,6,16
153,0.9836965333670378,6,16
154,0.9876052932813764,6,16
155,0.9876052932813764,6,16
156,0.9876052932813764,6,16
157,0.9876052932813764,6,16
158,0.9876052932813764,6,16
159,0.9876052932813764,6,16
160,0.9876052932813764,6,16
161,0.9876052932813764,6,16
162,0.9876052932813764,6,16
163,0.9876052932813764,6,16
164,0.9876052932813764,6,16
165,0.9876052932813764,6,16
166,0.9876052932813764,6,16
167,0.9876052932813764,6,16
168,0.9876052932813764,6,16
169,0.9876052932813764,6,16
170,0.9876052932813764,6,16
171,0.9876052932813764,6,16
172,0.9876052932813764,6,16
173,0.9876052932813764,6,16
174,0.9876052932813764,6,16
175,0.9876052932813764,6,16
176,0.9877557875588536,6,16
177,0.9877557875588536,6,16
178,0.9877557875588536,6,16
179,0.9877557875588536,6,16
180,0.9877557875588536,6,16
181,0.9877557875588536,6,16
182,0.9877557875588536,6,16
183,0.9882587678730488,6,16
184,0.9882587678730488,6,16
185,0.9882587678730488,6,16
186,0.9882587678730488,6,16
187,0.9882587678730488,6,16
188,0.9882587678730488,6,16
189,0.9882587678730488,6,16
190,0.9882587678730488,6,16
191,0.9882587678730488,6,16
192,0.9882587678730488,6,16
193,0.9882587678730488,6,16
194,0.9882587678730488,6,16
195,0.9882587678730488,6,16
196,0.9882587678730488,6,16
197,0.9882587678730488,6,16
198,0.9882587678730488,6,16
199,0.988610528409481,6,16
200,0.988610528409481,6,16
1,0.0030603408813476562,1,17
2,0.0031585693359375,1,17
3,0.0031585693359375,1,17
4,0.0031585693359375,1,17
5,0.0036888718605041504,1,17
6,0.00447458028793335,1,17
7,0.005374133586883545,1,17
8,0.00593644380569458,1,17
9,0.00593644380569458,1,17
10,0.007409453392028809,1,17
11,0.007409453392028809,1,17
12,0.007409453392028809,1,17
13,0.007409453392028809,1,17
14,0.007409453392028809,1,17
15,0.007569730281829834,1,17
16,0.007943928241729736,1,17
17,0.007943928241729736,1,17
18,0.007943928241729736,1,17
19,0.007943928241729736,1,17
20,0.007943928241729736,1,17
21,0.007943928241729736,1,17
22,0.007943928241729736,1,17
23,0.007943928241729736,1,17
24,0.007943928241729736,1,17
25,0.007943928241729736,1,17
26,0.007943928241729736,1,17
27,0.007943928241729736,1,17
28,0.007943928241729736,1,17
29,0.007943928241729736,1,17
30,0.007943928241729736,1,17
31,0.007943928241729736,1,17
32,0.007943928241729736,1,17
33,0.007943928241729736,1,17
34,0.007943928241729736,1,17
35,0.007943928241729736,1,17
36,0.007943928241729736,1,17
37,0.007943928241729736,1,17
38,0.007943928241729736,1,17
39,0.007943928241729736,1,17
40,0.007943928241729736,1,17
41,0.007943928241729736,1,17
42,0.007943928241729736,1,17
43,0.007943928241729736,1,17
44,0.007943928241729736,1,17
45,0.007943928241729736,1,17
46,0.007943928241729736,1,17
47,0.007943928241729736,1,17
48,0.007943928241729736,1,17
49,0.007943928241729736,1,17
50,0.007943928241729736,1,17
51,0.007943928241729736,1,17
52,0.007943928241729736,1,17
53,0.007943928241729736,1,17
54,0.007943928241729736,1,17
55,0.007943928241729736,1,17
56,0.007943928241729736,1,17
57,0.007943928241729736,1,17
58,0.007943928241729736,1,17
59,0.007943928241729736,1,17
60,0.007943928241729736,1,17
61,0.007943928241729736,1,17
62,0.007943928241729736,1,17
63,0.007943928241729736,1,17
64,0.007943928241729736,1,17
65,0.007943928241729736,1,17
66,0.007943928241729736,1,17
67,0.007943928241729736,1,17
68,0.007943928241729736,1,17
69,0.007943928241729736,1,17
70,0.007943928241729736,1,17
71,0.007943928241729736,1,17
72,0.007943928241729736,1,17
73,0.007943928241729736,1,17
74,0.007943928241729736,1,17
75,0.007943928241729736,1,17
76,0.007943928241729736,1,17
77,0.007943928241729736,1,17
78,0.007943928241729736,1,17
79,0.007943928241729736,1,17
80,0.007943928241729736,1,17
81,0.007943928241729736,1,17
82,0.007943928241729736,1,17
83,0.007943928241729736,1,17
84,0.007943928241729736,1,17
85,0.007943928241729736,1,17
86,0.007943928241729736,1,17
87,0.007943928241729736,1,17
88,0.007943928241729736,1,17
89,0.007943928241729736,1,17
90,0.007943928241729736,1,17
91,0.007943928241729736,1,17
92,0.007943928241729736,1,17
93,0.007943928241729736,1,17
94,0.007943928241729736,1,17
95,0.007943928241729736,1,17
96,0.007943928241729736,1,17
97,0.007943928241729736,1,17
98,0.007943928241729736,1,17
99,0.007943928241729736,1,17
100,0.007943928241729736,1,17
101,0.007943928241729736,1,17
102,0.007943928241729736,1,17
103,0.007943928241729736,1,17
104,0.007943928241729736,1,17
105,0.007943928241729736,1,17
106,0.007943928241729736,1,17
107,0.007943928241729736,1,17
108,0.007943928241729736,1,17
109,0.007943928241729736,1,17
110,0.007943928241729736,1,17
111,0.007943928241729736,1,17
112,0.007943928241729736,1,17
113,0.007943928241729736,1,17
114,0.007943928241729736,1,17
115,0.007943928241729736,1,17
116,0.007943928241729736,1,17
117,0.007943928241729736,1,17
118,0.007943928241729736,1,17
119,0.007943928241729736,1,17
120,0.007943928241729736,1,17
121,0.007943928241729736,1,17
122,0.007943928241729736,1,17
123,0.007943928241729736,1,17
124,0.007943928241729736,1,17
125,0.007943928241729736,1,17
126,0.007943928241729736,1,17
127,0.007943928241729736,1,17
128,0.007943928241729736,1,17
129,0.007943928241729736,1,17
130,0.007943928241729736,1,17
131,0.007943928241729736,1,17
132,0.007943928241729736,1,17
133,0.007943928241729736,1,17
134,0.007943928241729736,1,17
135,0.007943928241729736,1,17
136,0.007943928241729736,1,17
137,0.007943928241729736,1,17
138,0.007943928241729736,1,17
139,0.007943928241729736,1,17
140,0.007943928241729736,1,17
141,0.007943928241729736,1,17
142,0.007943928241729736,1,17
143,0.007943928241729736,1,17
144,0.007943928241729736,1,17
145,0.007943928241729736,1,17
146,0.007943928241729736,1,17
147,0.007943928241729736,1,17
148,0.007943928241729736,1,17
149,0.007943928241729736,1,17
150,0.007943928241729736,1,17
151,0.007943928241729736,1,17
152,0.007943928241729736,1,17
153,0.007943928241729736,1,17
154,0.007943928241729736,1,17
155,0.04062992334365845,2,17
156,0.04062992334365845,2,17
157,0.012425482273101807,1,17
158,0.012425482273101807,1,17
159,0.012425482273101807,1,17
160,0.012425482273101807,1,17
161,0.012425482273101807,1,17
162,0.012425482273101807,1,17
163,0.012425482273101807,1,17
164,0.0412898063659668,2,17
165,0.0412898063659668,2,17
166,0.0412898063659668,2,17
167,0.0412898063659668,2,17
168,0.0412898063659668,2,17
169,0.0412898063659668,2,17
170,0.0412898063659668,2,17
171,0.0412898063659668,2,17
172,0.0412898063659668,2,17
173,0.0412898063659668,2,17
174,0.0412898063659668,2,17
175,0.0412898063659668,2,17
176,0.0412898063659668,2,17
177,0.0412898063659668,2,17
178,0.0412898063659668,2,17
179,0.0412898063659668,2,17
180,0.0412898063659668,2,17
181,0.0412898063659668,2,17
182,0.0412898063659668,2,17
183,0.0412898063659668,2,17
184,0.0412898063659668,2,17
185,0.0412898063659668,2,17
186,0.0412898063659668,2,17
187,0.04128921031951904,2,17
188,0.04128921031951904,2,17
189,0.07618814706802368,3,17
190,0.07618814706802368,3,17
191,0.07618814706802368,3,17
192,0.07618814706802368,3,17
193,0.07618814706802368,3,17
194,0.0761868953704834,3,17
195,0.0761868953704834,3,17
196,0.0761868953704834,3,17
197,0.0761868953704834,3,17
198,0.0761868953704834,3,17
199,0.0761868953704834,3,17
200,0.0761868953704834,3,17
1,0.00928032398223877,1,18
2,0.00928032398223877,1,18
3,0.010685920715332031,1,18
4,0.01341313123703003,1,18
5,0.01341313123703003,1,18
6,0.02314072847366333,1,18
7,0.02314072847366333,1,18
8,0.09420257806777954,2,18
9,0.10746783018112183,2,18
10,0.10746783018112183,2,18
11,0.10746783018112183,2,18
12,0.10746783018112183,2,18
13,0.10746783018112183,2,18
14,0.1431373953819275,2,18
15,0.1431373953819275,2,18
16,0.19549739360809326,3,18
17,0.22260653972625732,3,18
18,0.5073315501213074,5,18
19,0.5073315501213074,5,18
20,0.6210198998451233,6,18
21,0.6210198998451233,6,18
22,0.590843677520752,4,18
23,0.590843677520752,4,18
24,0.8888525515794754,7,18
25,0.9030177146196365,7,18
26,0.9030177146196365,7,18
27,0.9030177146196365,7,18
28,0.9030177146196365,7,18
29,0.9117632433772087,6,18
30,0.9117632433772087,6,18
31,0.9310589954257011,5,18
32,0.9310589954257011,5,18
33,0.9310589954257011,5,18
34,0.9310589954257011,5,18
35,0.9310589954257011,5,18
36,0.9310589954257011,5,18
37,0.9310589954257011,5,18
38,0.9310589954257011,5,18
39,0.9310589954257011,5,18
40,0.9310589954257011,5,18
41,0.9310589954257011,5,18
42,0.9310589954257011,5,18
43,0.9310589954257011,5,18
44,0.9310589954257011,5,18
45,0.9310589954257011,5,18
46,0.9900876749306917,7,18
47,0.9900876749306917,7,18
48,0.9900876749306917,7,18
49,0.9900876749306917,7,18
50,0.9900876749306917,7,18
51,0.9900876749306917,7,18
52,0.9900876749306917,7,18
53,0.9900876749306917,7,18
54,0.9900876749306917,7,18
55,0.9900876749306917,7,18
56,0.9900876749306917,7,18
57,0.9900876749306917,7,18
58,0.9900876749306917,7,18
59,0.9900876749306917,7,18
60,0.9900876749306917,7,18
61,0.9900876749306917,7,18
62,0.9900876749306917,7,18
63,0.9900876749306917,7,18
64,0.9900876749306917,7,18
65,0.9900876749306917,7,18
66,0.9900876749306917,7,18
67,0.9900876749306917,7,18
68,0.9630825482308865,6,18
69,0.9630825482308865,6,18
70,0.9630825482308865,6,18
71,0.9630825482308865,6,18
72,0.9630825482308865,6,18
73,0.9630825482308865,6,18
74,0.9630825482308865,6,18
75,0.9630825482308865,6,18
76,0.9630825482308865,6,18
77,0.9630825482308865,6,18
78,0.9630825482308865,6,18
79,0.9630825482308865,6,18
80,0.9630825482308865,6,18
81,0.9729960300028324,6,18
82,0.9729960300028324,6,18
83,0.9729960300028324,6,18
84,0.9729960300028324,6,18
85,0.9729960300028324,6,18
86,0.9729960300028324,6,18
87,0.9729960300028324,6,18
88,0.9729960300028324,6,18
89,0.9729960300028324,6,18
90,0.9729960300028324,6,18
91,0.9729960300028324,6,18
92,0.9729960300028324,6,18
93,0.9729960300028324,6,18
94,0.9729960300028324,6,18
95,0.9729960300028324,6,18
96,0.9729960300028324,6,18
97,0.9729960300028324,6,18
98,0.9729960300028324,6,18
99,0.9729960300028324,6,18
100,0.9729960300028324,6,18
101,0.9729960300028324,6,18
102,0.9729960300028324,6,18
103,0.9729960300028324,6,18
104,0.9729960300028324,6,18
105,0.9729960300028324,6,18
106,0.9729960300028324,6,18
107,0.9729960300028324,6,18
108,0.9729960300028324,6,18
109,0.9729960300028324,6,18
110,0.9729960300028324,6,18
111,0.9729960300028324,6,18
112,0.9729960300028324,6,18
113,0.9729960300028324,6,18
114,0.9729960300028324,6,18
115,0.9729960300028324,6,18
116,0.9729960300028324,6,18
117,0.9729960300028324,6,18
118,0.9729960300028324,6,18
119,0.9729960300028324,6,18
120,0.9729960300028324,6,18
121,0.97736188583076,6,18
122,0.97736188583076,6,18
123,0.97736188583076,6,18
124,0.97736188583076,6,18
125,0.9799630437046289,6,18
126,0.9799630437046289,6,18
127,0.9799630437046289,6,18
128,0.9799630437046289,6,18
129,0.9799630437046289,6,18
130,0.9799630437046289,6,18
131,0.9799630437046289,6,18
132,0.9799630437046289,6,18
133,0.9799630437046289,6,18
134,0.9799630437046289,6,18
135,0.9799630437046289,6,18
136,0.9799630437046289,6,18
137,0.9799630437046289,6,18
138,0.9799630437046289,6,18
139,0.9799630437046289,6,18
140,0.9799630437046289,6,18
141,0.9799630437046289,6,18
142,0.9799630437046289,6,18
143,0.9799630437046289,6,18
144,0.9799630437046289,6,18
145,0.9799630437046289,6,18
146,0.9799630437046289,6,18
147,0.9799630437046289,6,18
148,0.9799630437046289,6,18
149,0.9799630437046289,6,18
150,0.9799630437046289,6,18
151,0.9799630437046289,6,18
152,0.9799630437046289,6,18
153,0.9799630437046289,6,18
154,0.9799630437046289,6,18
155,0.9799630437046289,6,18
156,0.9799630437046289,6,18
157,0.9799630437046289,6,18
158,0.9799630437046289,6,18
159,0.9799630437046289,6,18
160,0.9856645129621029,6,18
161,0.9856645129621029,6,18
162,0.9856645129621029,6,18
163,0.9856645129621029,6,18
164,0.9856645129621029,6,18
165,0.9856645129621029,6,18
166,0.9856645129621029,6,18
167,0.9856645129621029,6,18
168,0.9856645129621029,6,18
169,0.9856645129621029,6,18
170,0.9856645129621029,6,18
171,0.9856645129621029,6,18
172,0.9856645129621029,6,18
173,0.9856645129621029,6,18
174,0.9856645129621029,6,18
175,0.9856645129621029,6,18
176,0.9856645129621029,6,18
177,0.9856645129621029,6,18
178,0.9856645129621029,6,18
179,0.9880851283669472,6,18
180,0.9880851283669472,6,18
181,0.9880851283669472,6,18
182,0.9880851283669472,6,18
183,0.9880851283669472,6,18
184,0.9880851283669472,6,18
185,0.9880851283669472,6,18
186,0.9880851283669472,6,18
187,0.9880851283669472,6,18
188,0.9880851283669472,6,18
189,0.9880851283669472,6,18
190,0.9880851283669472,6,18
191,0.9880851283669472,6,18
192,0.9880851283669472,6,18
193,0.9880851283669472,6,18
194,0.9880851283669472,6,18
195,0.9880851283669472,6,18
196,0.9880851283669472,6,18
197,0.9880851283669472,6,18
198,0.9880851283669472,6,18
199,0.9880851283669472,6,18
200,0.9880851283669472,6,18
1,0.0007976889610290527,1,19
2,0.0007976889610290527,1,19
3,0.0007976889610290527,1,19
4,0.0007976889610290527,1,19
5,0.0007976889610290527,1,19
6,0.0010279417037963867,1,19
7,0.0010279417037963867,1,19
8,0.0010279417037963867,1,19
9,0.0010279417037963867,1,19
10,0.0010279417037963867,1,19
11,0.0010279417037963867,1,19
12,0.0011247992515563965,1,19
13,0.0011247992515563965,1,19
14,0.0011860132217407227,1,19
15,0.0011860132217407227,1,19
16,0.0016455650329589844,1,19
17,0.0016455650329589844,1,19
18,0.0016455650329589844,1,19
19,0.002014756202697754,1,19
20,0.002014756202697754,1,19
21,0.002014756202697754,1,19
22,0.002014756202697754,1,19
23,0.002014756202697754,1,19
24,0.002014756202697754,1,19
25,0.002014756202697754,1,19
26,0.002014756202697754,1,19
27,0.002014756202697754,1,19
28,0.002014756202697754,1,19
29,0.0020322203636169434,1,19
30,0.0020322203636169434,1,19
31,0.0020322203636169434,1,19
32,0.0020322203636169434,1,19
33,0.0020322203636169434,1,19
34,0.0021155476570129395,1,19
35,0.0021155476570129395,1,19
36,0.0021155476570129395,1,19
37,0.0021155476570129395,1,19
38,0.0021155476570129395,1,19
39,0.0021155476570129395,1,19
40,0.0021155476570129395,1,19
41,0.0021155476570129395,1,19
42,0.0021612048149108887,1,19
43,0.0021612048149108887,1,19
44,0.0022047758102416992,1,19
45,0.0022047758102416992,1,19
46,0.0022047758102416992,1,19
47,0.0022047758102416992,1,19
48,0.0022047758102416992,1,19
49,0.0022047758102416992,1,19
50,0.0022047758102416992,1,19
51,0.0022047758102416992,1,19
52,0.0022047758102416992,1,19
53,0.0022047758102416992,1,19
54,0.0022047758102416992,1,19
55,0.0022047758102416992,1,19
56,0.0022047758102416992,1,19
57,0.0022047758102416992,1,19
58,0.0022047758102416992,1,19
59,0.0022047758102416992,1,19
60,0.0022047758102416992,1,19
61,0.0022047758102416992,1,19
62,0.0022047758102416992,1,19
63,0.0022047758102416992,1,19
64,0.0022047758102416992,1,19
65,0.0022047758102416992,1,19
66,0.0022047758102416992,1,19
67,0.0022047758102416992,1,19
68,0.0022047758102416992,1,19
69,0.0022047758102416992,1,19
70,0.0022047758102416992,1,19
71,0.0022047758102416992,1,19
72,0.0022047758102416992,1,19
73,0.0022047758102416992,1,19
74,0.0022047758102416992,1,19
75,0.0022047758102416992,1,19
76,0.0022047758102416992,1,19
77,0.0022047758102416992,1,19
78,0.0022047758102416992,1,19
79,0.0022047758102416992,1,19
80,0.0022047758102416992,1,19
81,0.0022047758102416992,1,19
82,0.0022047758102416992,1,19
83,0.0022047758102416992,1,19
84,0.0022047758102416992,1,19
85,0.0022047758102416992,1,19
86,0.0022047758102416992,1,19
87,0.0022047758102416992,1,19
88,0.0022047758102416992,1,19
89,0.0022047758102416992,1,19
90,0.0022047758102416992,1,19
91,0.0022047758102416992,1,19
92,0.0022047758102416992,1,19
93,0.0022047758102416992,1,19
94,0.0022047758102416992,1,19
95,0.0022047758102416992,1,19
96,0.0022047758102416992,1,19
97,0.0022047758102416992,1,19
98,0.0022047758102416992,1,19
99,0.0022047758102416992,1,19
100,0.0022047758102416992,1,19
101,0.0022047758102416992,1,19
102,0.0022047758102416992,1,19
103,0.0022047758102416992,1,19
104,0.0022047758102416992,1,19
105,0.0022047758102416992,1,19
106,0.0022047758102416992,1,19
107,0.0022047758102416992,1,19
108,0.0022047758102416992,1,19
109,0.0022047758102416992,1,19
110,0.0022047758102416992,1,19
111,0.0022047758102416992,1,19
112,0.0022047758102416992,1,19
113,0.0022047758102416992,1,19
114,0.0022047758102416992,1,19
115,0.0022047758102416992,1,19
116,0.0022047758102416992,1,19
117,0.0022047758102416992,1,19
118,0.0022047758102416992,1,19
119,0.0022047758102416992,1,19
120,0.0022047758102416992,1,19
121,0.0022047758102416992,1,19
122,0.0022047758102416992,1,19
123,0.0022047758102416992,1,19
124,0.0022047758102416992,1,19
125,0.0022047758102416992,1,19
126,0.0022047758102416992,1,19
127,0.0022047758102416992,1,19
128,0.0022047758102416992,1,19
129,0.0022047758102416992,1,19
130,0.0022047758102416992,1,19
131,0.0022047758102416992,1,19
132,0.0022047758102416992,1,19
133,0.0022047758102416992,1,19
134,0.0022047758102416992,1,19
135,0.0022047758102416992,1,19
136,0.0022047758102416992,1,19
137,0.0022047758102416992,1,19
138,0.0022047758102416992,1,19
139,0.0022047758102416992,1,19
140,0.0022047758102416992,1,19
141,0.0022047758102416992,1,19
142,0.0022047758102416992,1,19
143,0.0022047758102416992,1,19
144,0.0022047758102416992,1,19
145,0.0022047758102416992,1,19
146,0.0022047758102416992,1,19
147,0.0022047758102416992,1,19
148,0.0022047758102416992,1,19
149,0.0022047758102416992,1,19
150,0.0022047758102416992,1,19
151,0.0022047758102416992,1,19
152,0.0022047758102416992,1,19
153,0.0022047758102416992,1,19
154,0.0022047758102416992,1,19
155,0.0022047758102416992,1,19
156,0.0022047758102416992,1,19
157,0.0022047758102416992,1,19
158,0.0022047758102416992,1,19
159,0.0022047758102416992,1,19
160,0.0022047758102416992,1,19
161,0.0022047758102416992,1,19
162,0.0022047758102416992,1,19
163,0.0022047758102416992,1,19
164,0.0022047758102416992,1,19
165,0.0022047758102416992,1,19
166,0.0022047758102416992,1,19
167,0.0022047758102416992,1,19
168,0.0022047758102416992,1,19
169,0.0022047758102416992,1,19
170,0.0022047758102416992,1,19
171,0.0022047758102416992,1,19
172,0.0022047758102416992,1,19
173,0.0022047758102416992,1,19
174,0.0022047758102416992,1,19
175,0.0022047758102416992,1,19
176,0.0022047758102416992,1,19
177,0.0022047758102416992,1,19
178,0.0022047758102416992,1,19
179,0.0022047758102416992,1,19
180,0.0022047758102416992,1,19
181,0.0022047758102416992,1,19
182,0.0022047758102416992,1,19
183,0.0022047758102416992,1,19
184,0.0022047758102416992,1,19
185,0.0022047758102416992,1,19
186,0.0022047758102416992,1,19
187,0.0022047758102416992,1,19
188,0.0022047758102416992,1,19
189,0.0022047758102416992,1,19
190,0.0022047758102416992,1,19
191,0.0022047758102416992,1,19
192,0.0022047758102416992,1,19
193,0.0022047758102416992,1,19
194,0.0022047758102416992,1,19
195,0.0022047758102416992,1,19
196,0.0022047758102416992,1,19
197,0.0022047758102416992,1,19
198,0.0022047758102416992,1,19
199,0.0022047758102416992,1,19
200,0.0022047758102416992,1,19
1,0.0001233816146850586,1,20
2,0.0001233816146850586,1,20
3,0.0001341104507446289,1,20
4,0.00021141767501831055,1,20
5,0.00023788213729858398,1,20
6,0.00023788213729858398,1,20
7,0.00026279687881469727,1,20
8,0.000301361083984375,1,20
9,0.0004226565361022949,1,20
10,0.0004348158836364746,1,20
11,0.0005562901496887207,1,20
12,0.0005562901496887207,1,20
13,0.0005562901496887207,1,20
14,0.0005724430084228516,1,20
15,0.0005724430084228516,1,20
16,0.0005724430084228516,1,20
17,0.0005724430084228516,1,20
18,0.000613093376159668,1,20
19,0.000613093376159668,1,20
20,0.000613093376159668,1,20
21,0.000613093376159668,1,20
22,0.000613093376159668,1,20
23,0.000613093376159668,1,20
24,0.000613093376159668,1,20
25,0.000613093376159668,1,20
26,0.000613093376159668,1,20
27,0.000613093376159668,1,20
28,0.000613093376159668,1,20
29,0.000613093376159668,1,20
30,0.000613093376159668,1,20
31,0.000613093376159668,1,20
32,0.000613093376159668,1,20
33,0.000613093376159668,1,20
34,0.000613093376159668,1,20
35,0.000613093376159668,1,20
36,0.000613093376159668,1,20
37,0.000613093376159668,1,20
38,0.000613093376159668,1,20
39,0.000613093376159668,1,20
40,0.000613093376159668,1,20
41,0.000613093376159668,1,20
42,0.000613093376159668,1,20
43,0.000613093376159668,1,20
44,0.000613093376159668,1,20
45,0.000613093376159668,1,20
46,0.000613093376159668,1,20
47,0.000613093376159668,1,20
48,0.000613093376159668,1,20
49,0.000613093376159668,1,20
50,0.000613093376159668,1,20
51,0.000613093376159668,1,20
52,0.000613093376159668,1,20
53,0.000613093376159668,1,20
54,0.000613093376159668,1,20
55,0.000613093376159668,1,20
56,0.000613093376159668,1,20
57,0.000613093376159668,1,20
58,0.000613093376159668,1,20
59,0.000613093376159668,1,20
60,0.000613093376159668,1,20
61,0.000613093376159668,1,20
62,0.000613093376159668,1,20
63,0.000613093376159668,1,20
64,0.000613093376159668,1,20
65,0.000613093376159668,1,20
66,0.000613093376159668,1,20
67,0.000613093376159668,1,20
68,0.000613093376159668,1,20
69,0.000613093376159668,1,20
70,0.000613093376159668,1,20
71,0.000613093376159668,1,20
72,0.000613093376159668,1,20
73,0.000613093376159668,1,20
74,0.000613093376159668,1,20
75,0.000613093376159668,1,20
76,0.000613093376159668,1,20
77,0.000613093376159668,1,20
78,0.000613093376159668,1,20
79,0.000613093376159668,1,20
80,0.000613093376159668,1,20
81,0.000613093376159668,1,20
82,0.000613093376159668,1,20
83,0.000613093376159668,1,20
84,0.000613093376159668,1,20
85,0.000613093376159668,1,20
86,0.000613093376159668,1,20
87,0.000613093376159668,1,20
88,0.000613093376159668,1,20
89,0.000613093376159668,1,20
90,0.000613093376159668,1,20
91,0.000613093376159668,1,20
92,0.000613093376159668,1,20
93,0.000613093376159668,1,20
94,0.000613093376159668,1,20
95,0.000613093376159668,1,20
96,0.000613093376159668,1,20
97,0.000613093376159668,1,20
98,0.000613093376159668,1,20
99,0.000613093376159668,1,20
100,0.000613093376159668,1,20
101,0.000613093376159668,1,20
102,0.000613093376159668,1,20
103,0.000613093376159668,1,20
104,0.000613093376159668,1,20
105,0.000613093376159668,1,20
106,0.000613093376159668,1,20
107,0.000613093376159668,1,20
108,0.000613093376159668,1,20
109,0.000613093376159668,1,20
110,0.000613093376159668,1,20
111,0.000613093376159668,1,20
112,0.000613093376159668,1,20
113,0.000613093376159668,1,20
114,0.000613093376159668,1,20
115,0.000613093376159668,1,20
116,0.000613093376159668,1,20
117,0.000613093376159668,1,20
118,0.000613093376159668,1,20
119,0.000613093376159668,1,20
120,0.000613093376159668,1,20
121,0.000613093376159668,1,20
122,0.000613093376159668,1,20
123,0.000613093376159668,1,20
124,0.000613093376159668,1,20
125,0.000613093376159668,1,20
126,0.000613093376159668,1,20
127,0.000613093376159668,1,20
128,0.000613093376159668,1,20
129,0.000613093376159668,1,20
130,0.000613093376159668,1,20
131,0.000613093376159668,1,20
132,0.000613093376159668,1,20
133,0.000613093376159668,1,20
134,0.000613093376159668,1,20
135,0.000613093376159668,1,20
136,0.000613093376159668,1,20
137,0.000613093376159668,1,20
138,0.000613093376159668,1,20
139,0.000613093376159668,1,20
140,0.000613093376159668,1,20
141,0.000613093376159668,1,20
142,0.000613093376159668,1,20
143,0.000613093376159668,1,20
144,0.000613093376159668,1,20
145,0.000613093376159668,1,20
146,0.000613093376159668,1,20
147,0.000613093376159668,1,20
148,0.000613093376159668,1,20
149,0.000613093376159668,1,20
150,0.000613093376159668,1,20
151,0.000613093376159668,1,20
152,0.000613093376159668,1,20
153,0.000613093376159668,1,20
154,0.000613093376159668,1,20
155,0.000613093376159668,1,20
156,0.000613093376159668,1,20
157,0.000613093376159668,1,20
158,0.000613093376159668,1,20
159,0.000613093376159668,1,20
160,0.000613093376159668,1,20
161,0.000613093376159668,1,20
162,0.000613093376159668,1,20
163,0.000613093376159668,1,20
164,0.000613093376159668,1,20
165,0.000613093376159668,1,20
166,0.000613093376159668,1,20
167,0.000613093376159668,1,20
168,0.000613093376159668,1,20
169,0.000613093376159668,1,20
170,0.000613093376159668,1,20
171,0.000613093376159668,1,20
172,0.000613093376159668,1,20
173,0.000613093376159668,1,20
174,0.000613093376159668,1,20
175,0.000613093376159668,1,20
176,0.000613093376159668,1,20
177,0.000613093376159668,1,20
178,0.000613093376159668,1,20
179,0.000613093376159668,1,20
180,0.000613093376159668,1,20
181,0.000613093376159668,1,20
182,0.000613093376159668,1,20
183,0.000613093376159668,1,20
184,0.000613093376159668,1,20
185,0.000613093376159668,1,20
186,0.000613093376159668,1,20
187,0.000613093376159668,1,20
188,0.000613093376159668,1,20
189,0.000613093376159668,1,20
190,0.000613093376159668,1,20
191,0.000613093376159668,1,20
192,0.000613093376159668,1,20
193,0.000613093376159668,1,20
194,0.000613093376159668,1,20
195,0.000613093376159668,1,20
196,0.000613093376159668,1,20
197,0.000613093376159668,1,20
198,0.000613093376159668,1,20
199,0.000613093376159668,1,20
200,0.000613093376159668,1,20
1,0.0033750534057617188,1,21
2,0.0033750534057617188,1,21
3,0.0033750534057617188,1,21
4,0.0033750534057617188,1,21
5,0.0033750534057617188,1,21
6,0.0038930773735046387,1,21
7,0.0043708086013793945,1,21
8,0.006952345371246338,1,21
9,0.006952345371246338,1,21
10,0.010218381881713867,1,21
11,0.010218381881713867,1,21
12,0.016449570655822754,1,21
13,0.016449570655822754,1,21
14,0.019217312335968018,1,21
15,0.019217312335968018,1,21
16,0.019217312335968018,1,21
17,0.019217312335968018,1,21
18,0.019217312335968018,1,21
19,0.01981484889984131,1,21
20,0.01981484889984131,1,21
21,0.01981484889984131,1,21
22,0.01981484889984131,1,21
23,0.01981484889984131,1,21
24,0.01981484889984131,1,21
25,0.01981484889984131,1,21
26,0.01981484889984131,1,21
27,0.01981484889984131,1,21
28,0.01981484889984131,1,21
29,0.01981484889984131,1,21
30,0.01981484889984131,1,21
31,0.01981484889984131,1,21
32,0.01981484889984131,1,21
33,0.01981484889984131,1,21
34,0.01981484889984131,1,21
35,0.01981484889984131,1,21
36,0.01981484889984131,1,21
37,0.01981484889984131,1,21
38,0.01981484889984131,1,21
39,0.01981484889984131,1,21
40,0.01981484889984131,1,21
41,0.01981484889984131,1,21
42,0.049521565437316895,2,21
43,0.049521565437316895,2,21
44,0.049521565437316895,2,21
45,0.049521565437316895,2,21
46,0.05476862192153931,2,21
47,0.06112468242645264,2,21
48,0.06112468242645264,2,21
49,0.06112468242645264,2,21
50,0.06415903568267822,2,21
51,0.06415903568267822,2,21
52,0.06415903568267822,2,21
53,0.06415903568267822,2,21
54,0.11293315887451172,3,21
55,0.11293315887451172,3,21
56,0.11293315887451172,3,21
57,0.11293315887451172,3,21
58,0.11318576335906982,3,21
59,0.15130162239074707,3,21
60,0.1703413724899292,3,21
61,0.21241557598114014,4,21
62,0.21241557598114014,4,21
63,0.21241557598114014,4,21
64,0.3867078423500061,6,21
65,0.3867078423500061,6,21
66,0.3867078423500061,6,21
67,0.42992955446243286,5,21
68,0.4787675142288208,6,21
69,0.4787675142288208,6,21
70,0.4787675142288208,6,21
71,0.4787675142288208,6,21
72,0.5666335821151733,6,21
73,0.6814732849597931,8,21
74,0.6814732849597931,8,21
75,0.6814732849597931,8,21
76,0.636940062046051,6,21
77,0.7148120403289795,7,21
78,0.7148120403289795,7,21
79,0.8255415856838226,9,21
80,0.8255415856838226,9,21
81,0.8255415856838226,9,21
82,0.7583412677049637,6,21
83,0.829838901758194,7,21
84,0.829838901758194,7,21
85,0.9344075247645378,9,21
86,0.9344075247645378,9,21
87,0.9344075247645378,9,21
88,0.9344075247645378,9,21
89,0.9344075247645378,9,21
90,0.9344075247645378,9,21
91,0.9344075247645378,9,21
92,0.9344075247645378,9,21
93,0.9344075247645378,9,21
94,0.9442614242434502,9,21
95,0.9442614242434502,9,21
96,0.9442614242434502,9,21
97,0.9442614242434502,9,21
98,0.9442614242434502,9,21
99,0.9442614242434502,9,21
100,0.9442614242434502,9,21
101,0.9442614242434502,9,21
102,0.9442614242434502,9,21
103,0.9442614242434502,9,21
104,0.9442614242434502,9,21
105,0.9625702202320099,9,21
106,0.9625702202320099,9,21
107,0.9625702202320099,9,21
108,0.9625702202320099,9,21
109,0.9625702202320099,9,21
110,0.9625702202320099,9,21
111,0.9625702202320099,9,21
112,0.9625702202320099,9,21
113,0.9625702202320099,9,21
114,0.9370423778891563,8,21
115,0.9370423778891563,8,21
116,0.9370423778891563,8,21
117,0.9370423778891563,8,21
118,0.9370423778891563,8,21
119,0.9730934016406536,8,21
120,0.9730934016406536,8,21
121,0.9730934016406536,8,21
122,0.9730934016406536,8,21
123,0.9730934016406536,8,21
124,0.9730934016406536,8,21
125,0.9730934016406536,8,21
126,0.9730934016406536,8,21
127,0.9730934016406536,8,21
128,0.9730934016406536,8,21
129,0.9730934016406536,8,21
130,0.9730934016406536,8,21
131,0.9730934016406536,8,21
132,0.9730934016406536,8,21
133,0.9730934016406536,8,21
134,0.9730934016406536,8,21
135,0.9730934016406536,8,21
136,0.9730934016406536,8,21
137,0.9730934016406536,8,21
138,0.9730934016406536,8,21
139,0.9730934016406536,8,21
140,0.9730934016406536,8,21
141,0.9730934016406536,8,21
142,0.9730934016406536,8,21
143,0.9730934016406536,8,21
144,0.9730934016406536,8,21
145,0.9730934016406536,8,21
146,0.9730934016406536,8,21
147,0.9730934016406536,8,21
148,0.9730934016406536,8,21
149,0.9730934016406536,8,21
150,0.9730934016406536,8,21
151,0.9730934016406536,8,21
152,0.9730934016406536,8,21
153,0.9730934016406536,8,21
154,0.9730934016406536,8,21
155,0.9730934016406536,8,21
156,0.9730934016406536,8,21
157,0.9730934016406536,8,21
158,0.9730934016406536,8,21
159,0.9730934016406536,8,21
160,0.9730934016406536,8,21
161,0.9730934016406536,8,21
162,0.9730934016406536,8,21
163,0.9730934016406536,8,21
164,0.9730934016406536,8,21
165,0.9730934016406536,8,21
166,0.9730934016406536,8,21
167,0.9730934016406536,8,21
168,0.9730934016406536,8,21
169,0.9730934016406536,8,21
170,0.9730934016406536,8,21
171,0.9730934016406536,8,21
172,0.9492754079401493,7,21
173,0.9492754079401493,7,21
174,0.9492754079401493,7,21
175,0.9492754079401493,7,21
176,0.9492754079401493,7,21
177,0.9492754079401493,7,21
178,0.9492754079401493,7,21
179,0.9492754079401493,7,21
180,0.9492754079401493,7,21
181,0.9492754079401493,7,21
182,0.9492754079401493,7,21
183,0.9492754079401493,7,21
184,0.9492754079401493,7,21
185,0.9492754079401493,7,21
186,0.9492754079401493,7,21
187,0.9492754079401493,7,21
188,0.9492754079401493,7,21
189,0.9492754079401493,7,21
190,0.9492754079401493,7,21
191,0.9492754079401493,7,21
192,0.9492754079401493,7,21
193,0.9492754079401493,7,21
194,0.9492754079401493,7,21
195,0.9492754079401493,7,21
196,0.9492754079401493,7,21
197,0.9492754079401493,7,21
198,0.9492754079401493,7,21
199,0.9492754079401493,7,21
200,0.9492754079401493,7,21
1,0.8633000254631042,7,22
2,0.8355983644723892,6,22
3,0.837646409869194,4,22
4,0.9592048674821854,5,22
5,0.9592048674821854,5,22
6,0.9592048674821854,5,22
7,0.9592048674821854,5,22
8,0.9592048674821854,5,22
9,0.9592048674821854,5,22
10,0.9473147504031658,4,22
11,0.9473147504031658,4,22
12,0.9473147504031658,4,22
13,0.9473147504031658,4,22
14,0.9473147504031658,4,22
15,0.9473147504031658,4,22
16,0.9473147504031658,4,22
17,0.9473147504031658,4,22
18,0.9473147504031658,4,22
19,0.9473147504031658,4,22
20,0.9473147504031658,4,22
21,0.9473147504031658,4,22
22,0.9473147504031658,4,22
23,0.9473147504031658,4,22
24,0.9473147504031658,4,22
25,0.9473147504031658,4,22
26,0.9858048968017101,5,22
27,0.9858048968017101,5,22
28,0.9858048968017101,5,22
29,0.9858048968017101,5,22
30,0.9858048968017101,5,22
31,0.9858048968017101,5,22
32,0.9858048968017101,5,22
33,0.9858048968017101,5,22
34,0.9858048968017101,5,22
35,0.9858048968017101,5,22
36,0.9858048968017101,5,22
37,0.9963166753295809,5,22
38,0.9963166753295809,5,22
39,0.9963166753295809,5,22
40,0.9963166753295809,5,22
41,0.9963166753295809,5,22
42,0.9963166753295809,5,22
43,0.9963166753295809,5,22
44,0.9705261923372746,3,22
45,0.9705261923372746,3,22
46,0.9705261923372746,3,22
47,0.9705261923372746,3,22
48,0.9705261923372746,3,22
49,0.9705261923372746,3,22
50,0.9705261923372746,3,22
51,0.9705261923372746,3,22
52,0.9705261923372746,3,22
53,0.9705261923372746,3,22
54,0.9705261923372746,3,22
55,0.9705261923372746,3,22
56,0.9705261923372746,3,22
57,0.9705261923372746,3,22
58,0.9705261923372746,3,22
59,0.9705261923372746,3,22
60,0.9705261923372746,3,22
61,0.9705261923372746,3,22
62,0.9705261923372746,3,22
63,0.9705261923372746,3,22
64,0.9705261923372746,3,22
65,0.9705261923372746,3,22
66,0.9705261923372746,3,22
67,0.9705261923372746,3,22
68,0.9705261923372746,3,22
69,0.9705261923372746,3,22
70,0.9705261923372746,3,22
71,0.9705261923372746,3,22
72,0.9705261923372746,3,22
73,0.9705261923372746,3,22
74,0.9705261923372746,3,22
75,0.9705261923372746,3,22
76,0.9762153346091509,3,22
77,0.9762153346091509,3,22
78,0.986077063716948,3,22
79,0.986077063716948,3,22
80,0.986077063716948,3,22
81,0.986077063716948,3,22
82,0.986077063716948,3,22
83,0.986077063716948,3,22
84,0.986077063716948,3,22
85,0.986077063716948,3,22
86,0.986077063716948,3,22
87,0.986077063716948,3,22
88,0.9913254706189036,3,22
89,0.9913254706189036,3,22
90,0.9913254706189036,3,22
91,0.9913254706189036,3,22
92,0.9913254706189036,3,22
93,0.9913254706189036,3,22
94,0.9913254706189036,3,22
95,0.9913254706189036,3,22
96,0.9913254706189036,3,22
97,0.9913254706189036,3,22
98,0.9913254706189036,3,22
99,0.9913254706189036,3,22
100,0.9922233605757356,3,22
101,0.9922233605757356,3,22
102,0.9922233605757356,3,22
103,0.9922233605757356,3,22
104,0.9922233605757356,3,22
105,0.9922233605757356,3,22
106,0.9962210052181035,3,22
107,0.9962210052181035,3,22
108,0.9962210052181035,3,22
109,0.9962210052181035,3,22
110,0.9962210052181035,3,22
111,0.9962210052181035,3,22
112,0.9962210052181035,3,22
113,0.9962210052181035,3,22
114,0.9962210052181035,3,22
115,0.9962210052181035,3,22
116,0.9962210052181035,3,22
117,0.9962210052181035,3,22
118,0.9962210052181035,3,22
119,0.9962210052181035,3,22
120,0.9962210052181035,3,22
121,0.9962210052181035,3,22
122,0.9962210052181035,3,22
123,0.9962210052181035,3,22
124,0.9962210052181035,3,22
125,0.9962210052181035,3,22
126,0.9962210052181035,3,22
127,0.976636178791523,2,22
128,0.976636178791523,2,22
129,0.976636178791523,2,22
130,0.976636178791523,2,22
131,0.976636178791523,2,22
132,0.976636178791523,2,22
133,0.976636178791523,2,22
134,0.976636178791523,2,22
135,0.976636178791523,2,22
136,0.976636178791523,2,22
137,0.976636178791523,2,22
138,0.976636178791523,2,22
139,0.976636178791523,2,22
140,0.976636178791523,2,22
141,0.976636178791523,2,22
142,0.9814800973981619,2,22
143,0.9814800973981619,2,22
144,0.9814800973981619,2,22
145,0.9814800973981619,2,22
146,0.9814800973981619,2,22
147,0.9814800973981619,2,22
148,0.9814800973981619,2,22
149,0.9814800973981619,2,22
150,0.9814800973981619,2,22
151,0.9814800973981619,2,22
152,0.9814800973981619,2,22
153,0.9814800973981619,2,22
154,0.9814800973981619,2,22
155,0.9814800973981619,2,22
156,0.9814800973981619,2,22
157,0.9814800973981619,2,22
158,0.9814800973981619,2,22
159,0.9814800973981619,2,22
160,0.9814800973981619,2,22
161,0.9814800973981619,2,22
162,0.9814800973981619,2,22
163,0.9814800973981619,2,22
164,0.9814800973981619,2,22
165,0.9814800973981619,2,22
166,0.9814800973981619,2,22
167,0.9852595450356603,2,22
168,0.9852595450356603,2,22
169,0.9852595450356603,2,22
170,0.9852595450356603,2,22
171,0.9852595450356603,2,22
172,0.9852595450356603,2,22
173,0.9852595450356603,2,22
174,0.9852595450356603,2,22
175,0.9852595450356603,2,22
176,0.9852595450356603,2,22
177,0.9852595450356603,2,22
178,0.9852595450356603,2,22
179,0.9852595450356603,2,22
180,0.9852595450356603,2,22
181,0.9852595450356603,2,22
182,0.9852595450356603,2,22
183,0.9852595450356603,2,22
184,0.9852595450356603,2,22
185,0.9852595450356603,2,22
186,0.9852595450356603,2,22
187,0.9852595450356603,2,22
188,0.9852595450356603,2,22
189,0.9852595450356603,2,22
190,0.9852595450356603,2,22
191,0.9852595450356603,2,22
192,0.9852595450356603,2,22
193,0.9852595450356603,2,22
194,0.9852595450356603,2,22
195,0.9852595450356603,2,22
196,0.9852595450356603,2,22
197,0.9852595450356603,2,22
198,0.9852595450356603,2,22
199,0.9852595450356603,2,22
200,0.9852595450356603,2,22
1,0.00012290477752685547,1,23
2,0.00012290477752685547,1,23
3,0.00012290477752685547,1,23
4,0.00012290477752685547,1,23
5,0.00012290477752685547,1,23
6,0.0003170967102050781,1,23
7,0.0003170967102050781,1,23
8,0.0003170967102050781,1,23
9,0.000414431095123291,1,23
10,0.000414431095123291,1,23
11,0.000414431095123291,1,23
12,0.000414431095123291,1,23
13,0.000414431095123291,1,23
14,0.0005335211753845215,1,23
15,0.0005335211753845215,1,23
16,0.0005335211753845215,1,23
17,0.0005335211753845215,1,23
18,0.0005335211753845215,1,23
19,0.0005335211753845215,1,23
20,0.0005335211753845215,1,23
21,0.0005335211753845215,1,23
22,0.0005335211753845215,1,23
23,0.0005335211753845215,1,23
24,0.0005335211753845215,1,23
25,0.0005335211753845215,1,23
26,0.0005335211753845215,1,23
27,0.0005335211753845215,1,23
28,0.0005335211753845215,1,23
29,0.0005335211753845215,1,23
30,0.0005335211753845215,1,23
31,0.0005335211753845215,1,23
32,0.0005335211753845215,1,23
33,0.0005335211753845215,1,23
34,0.0005335211753845215,1,23
35,0.0005335211753845215,1,23
36,0.0005335211753845215,1,23
37,0.0005335211753845215,1,23
38,0.0005335211753845215,1,23
39,0.0005335211753845215,1,23
40,0.0005335211753845215,1,23
41,0.0005335211753845215,1,23
42,0.0005335211753845215,1,23
43,0.0005335211753845215,1,23
44,0.0005335211753845215,1,23
45,0.0005335211753845215,1,23
46,0.0005335211753845215,1,23
47,0.0005335211753845215,1,23
48,0.0005335211753845215,1,23
49,0.0005335211753845215,1,23
50,0.0005335211753845215,1,23
51,0.0005335211753845215,1,23
52,0.0005335211753845215,1,23
53,0.0005335211753845215,1,23
54,0.0005335211753845215,1,23
55,0.0005335211753845215,1,23
56,0.0005335211753845215,1,23
57,0.0005335211753845215,1,23
58,0.0005335211753845215,1,23
59,0.0005335211753845215,1,23
60,0.0005335211753845215,1,23
61,0.0005335211753845215,1,23
62,0.0005335211753845215,1,23
63,0.0005335211753845215,1,23
64,0.0005335211753845215,1,23
65,0.0005335211753845215,1,23
66,0.0005335211753845215,1,23
67,0.0005335211753845215,1,23
68,0.0005335211753845215,1,23
69,0.0005335211753845215,1,23
70,0.0005335211753845215,1,23
71,0.0005335211753845215,1,23
72,0.0005335211753845215,1,23
73,0.0005335211753845215,1,23
74,0.0005335211753845215,1,23
75,0.0005335211753845215,1,23
76,0.0005335211753845215,1,23
77,0.0005335211753845215,1,23
78,0.0005335211753845215,1,23
79,0.0005335211753845215,1,23
80,0.0005335211753845215,1,23
81,0.0005335211753845215,1,23
82,0.0005335211753845215,1,23
83,0.0005335211753845215,1,23
84,0.0005335211753845215,1,23
85,0.0005335211753845215,1,23
86,0.0005335211753845215,1,23
87,0.0005335211753845215,1,23
88,0.0005335211753845215,1,23
89,0.0005335211753845215,1,23
90,0.0005335211753845215,1,23
91,0.0005335211753845215,1,23
92,0.0005335211753845215,1,23
93,0.0005335211753845215,1,23
94,0.0005335211753845215,1,23
95,0.0005335211753845215,1,23
96,0.0005335211753845215,1,23
97,0.0005335211753845215,1,23
98,0.0005335211753845215,1,23
99,0.0005335211753845215,1,23
100,0.0005335211753845215,1,23
101,0.0005335211753845215,1,23
102,0.0005335211753845215,1,23
103,0.0005335211753845215,1,23
104,0.0005335211753845215,1,23
105,0.0005335211753845215,1,23
106,0.0005335211753845215,1,23
107,0.0005335211753845215,1,23
108,0.0005335211753845215,1,23
109,0.0005335211753845215,1,23
110,0.0005335211753845215,1,23
111,0.0005335211753845215,1,23
112,0.0005335211753845215,1,23
113,0.0005335211753845215,1,23
114,0.0005335211753845215,1,23
115,0.0005335211753845215,1,23
116,0.0005335211753845215,1,23
117,0.0005335211753845215,1,23
118,0.0005335211753845215,1,23
119,0.0005335211753845215,1,23
120,0.0005335211753845215,1,23
121,0.0005335211753845215,1,23
122,0.0005335211753845215,1,23
123,0.0005335211753845215,1,23
124,0.0005335211753845215,1,23
125,0.0005335211753845215,1,23
126,0.0005335211753845215,1,23
127,0.0005335211753845215,1,23
128,0.0005335211753845215,1,23
129,0.0005335211753845215,1,23
130,0.0005335211753845215,1,23
131,0.0005335211753845215,1,23
132,0.0005335211753845215,1,23
133,0.0005335211753845215,1,23
134,0.0005335211753845215,1,23
135,0.0005335211753845215,1,23
136,0.0005335211753845215,1,23
137,0.0005335211753845215,1,23
138,0.0005335211753845215,1,23
139,0.0005335211753845215,1,23
140,0.0005335211753845215,1,23
141,0.0005335211753845215,1,23
142,0.0005335211753845215,1,23
143,0.0005335211753845215,1,23
144,0.0005335211753845215,1,23
145,0.0005335211753845215,1,23
146,0.0005335211753845215,1,23
147,0.0005335211753845215,1,23
148,0.0005335211753845215,1,23
149,0.0005335211753845215,1,23
150,0.0005335211753845215,1,23
151,0.0005335211753845215,1,23
152,0.0005335211753845215,1,23
153,0.0005335211753845215,1,23
154,0.0005335211753845215,1,23
155,0.0005335211753845215,1,23
156,0.0005335211753845215,1,23
157,0.0005335211753845215,1,23
158,0.0005335211753845215,1,23
159,0.0005335211753845215,1,23
160,0.0005335211753845215,1,23
161,0.0005335211753845215,1,23
162,0.0005335211753845215,1,23
163,0.0005335211753845215,1,23
164,0.0005335211753845215,1,23
165,0.0005335211753845215,1,23
166,0.0005335211753845215,1,23
167,0.0005335211753845215,1,23
168,0.0005335211753845215,1,23
169,0.0005335211753845215,1,23
170,0.0005335211753845215,1,23
171,0.0005335211753845215,1,23
172,0.0005335211753845215,1,23
173,0.0005335211753845215,1,23
174,0.0005335211753845215,1,23
175,0.0005335211753845215,1,23
176,0.0005335211753845215,1,23
177,0.0005335211753845215,1,23
178,0.0005335211753845215,1,23
179,0.0005335211753845215,1,23
180,0.0005335211753845215,1,23
181,0.0005335211753845215,1,23
182,0.0005335211753845215,1,23
183,0.0005335211753845215,1,23
184,0.0005335211753845215,1,23
185,0.0005335211753845215,1,23
186,0.0005335211753845215,1,23
187,0.0005335211753845215,1,23
188,0.0005335211753845215,1,23
189,0.0005335211753845215,1,23
190,0.0005335211753845215,1,23
191,0.0005335211753845215,1,23
192,0.0005335211753845215,1,23
193,0.0005335211753845215,1,23
194,0.0005335211753845215,1,23
195,0.0005335211753845215,1,23
196,0.0005335211753845215,1,23
197,0.0005335211753845215,1,23
198,0.0005335211753845215,1,23
199,0.0005335211753845215,1,23
200,0.0005335211753845215,1,23
1,0.9805895145982504,14,24
2,0.7834498584270477,3,24
3,0.8748331815004349,6,24
4,0.8213635236024857,4,24
5,0.8796330243349075,6,24
6,0.9506668113172054,7,24
7,0.9506668113172054,7,24
8,0.9506668113172054,7,24
9,0.9506668113172054,7,24
10,0.9506668113172054,7,24
11,0.9506668113172054,7,24
12,0.984177976846695,8,24
13,0.9622808061540127,6,24
14,0.9622808061540127,6,24
15,0.9569976404309273,5,24
16,0.9569976404309273,5,24
17,0.9569976404309273,5,24
18,0.9569976404309273,5,24
19,0.9569976404309273,5,24
20,0.9569976404309273,5,24
21,0.9569976404309273,5,24
22,0.9569976404309273,5,24
23,0.9569976404309273,5,24
24,0.9569976404309273,5,24
25,0.9569976404309273,5,24
26,0.9569976404309273,5,24
27,0.9569976404309273,5,24
28,0.9569976404309273,5,24
29,0.9569976404309273,5,24
30,0.9778728019446135,5,24
31,0.9778728019446135,5,24
32,0.9778728019446135,5,24
33,0.9778728019446135,5,24
34,0.9778728019446135,5,24
35,0.9778728019446135,5,24
36,0.9778728019446135,5,24
37,0.9778728019446135,5,24
38,0.9778728019446135,5,24
39,0.9778728019446135,5,24
40,0.9778728019446135,5,24
41,0.9778728019446135,5,24
42,0.9778728019446135,5,24
43,0.9778728019446135,5,24
44,0.9778728019446135,5,24
45,0.9924370208755136,5,24
46,0.9924370208755136,5,24
47,0.9924370208755136,5,24
48,0.9924370208755136,5,24
49,0.9924370208755136,5,24
50,0.9924370208755136,5,24
51,0.9924370208755136,5,24
52,0.9924370208755136,5,24
53,0.9924370208755136,5,24
54,0.9924370208755136,5,24
55,0.9924370208755136,5,24
56,0.9924370208755136,5,24
57,0.9924370208755136,5,24
58,0.9924370208755136,5,24
59,0.9924370208755136,5,24
60,0.9924370208755136,5,24
61,0.9924370208755136,5,24
62,0.9924370208755136,5,24
63,0.9924370208755136,5,24
64,0.9924370208755136,5,24
65,0.9949667253531516,5,24
66,0.9949667253531516,5,24
67,0.9949667253531516,5,24
68,0.9949667253531516,5,24
69,0.9762335103005171,4,24
70,0.9762335103005171,4,24
71,0.9762335103005171,4,24
72,0.9762335103005171,4,24
73,0.9762335103005171,4,24
74,0.9762335103005171,4,24
75,0.9762335103005171,4,24
76,0.9762335103005171,4,24
77,0.9762335103005171,4,24
78,0.9762335103005171,4,24
79,0.9762335103005171,4,24
80,0.9762335103005171,4,24
81,0.9796735290437937,4,24
82,0.9796735290437937,4,24
83,0.9796735290437937,4,24
84,0.9796735290437937,4,24
85,0.9796735290437937,4,24
86,0.9796735290437937,4,24
87,0.983672495931387,4,24
88,0.99183782748878,4,24
89,0.99183782748878,4,24
90,0.99183782748878,4,24
91,0.99183782748878,4,24
92,0.99183782748878,4,24
93,0.99183782748878,4,24
94,0.99183782748878,4,24
95,0.99183782748878,4,24
96,0.9667420536279678,3,24
97,0.9667420536279678,3,24
98,0.974434794858098,3,24
99,0.9748591929674149,3,24
100,0.9748591929674149,3,24
101,0.9748591929674149,3,24
102,0.9748591929674149,3,24
103,0.9748591929674149,3,24
104,0.9748591929674149,3,24
105,0.9748591929674149,3,24
106,0.9748591929674149,3,24
107,0.9748591929674149,3,24
108,0.9748591929674149,3,24
109,0.9748591929674149,3,24
110,0.9748591929674149,3,24
111,0.9748591929674149,3,24
112,0.9853384094312787,3,24
113,0.9853384094312787,3,24
114,0.9853384094312787,3,24
115,0.9853384094312787,3,24
116,0.9853384094312787,3,24
117,0.9853384094312787,3,24
118,0.9853384094312787,3,24
119,0.9853384094312787,3,24
120,0.9853384094312787,3,24
121,0.9853384094312787,3,24
122,0.9853384094312787,3,24
123,0.9853384094312787,3,24
124,0.9928736970759928,3,24
125,0.9928736970759928,3,24
126,0.9928736970759928,3,24
127,0.9928736970759928,3,24
128,0.9928736970759928,3,24
129,0.9928736970759928,3,24
130,0.9928736970759928,3,24
131,0.9928736970759928,3,24
132,0.9928736970759928,3,24
133,0.9928736970759928,3,24
134,0.9928736970759928,3,24
135,0.9928736970759928,3,24
136,0.9928736970759928,3,24
137,0.9928736970759928,3,24
138,0.9928736970759928,3,24
139,0.9928736970759928,3,24
140,0.9928736970759928,3,24
141,0.9928736970759928,3,24
142,0.9928736970759928,3,24
143,0.9928736970759928,3,24
144,0.9928736970759928,3,24
145,0.9928736970759928,3,24
146,0.9928736970759928,3,24
147,0.9928736970759928,3,24
148,0.9928736970759928,3,24
149,0.9928736970759928,3,24
150,0.9928736970759928,3,24
151,0.9928736970759928,3,24
152,0.9928736970759928,3,24
153,0.9928736970759928,3,24
154,0.9928736970759928,3,24
155,0.9928736970759928,3,24
156,0.9928736970759928,3,24
157,0.9928736970759928,3,24
158,0.9928736970759928,3,24
159,0.9928736970759928,3,24
160,0.9933457770384848,3,24
161,0.9933457770384848,3,24
162,0.9933457770384848,3,24
163,0.9933457770384848,3,24
164,0.9933457770384848,3,24
165,0.9933457770384848,3,24
166,0.9933457770384848,3,24
167,0.9933457770384848,3,24
168,0.9933457770384848,3,24
169,0.9933457770384848,3,24
170,0.9933457770384848,3,24
171,0.9933457770384848,3,24
172,0.9933457770384848,3,24
173,0.9933457770384848,3,24
174,0.9933457770384848,3,24
175,0.9933457770384848,3,24
176,0.9695899672806263,2,24
177,0.9695899672806263,2,24
178,0.9695899672806263,2,24
179,0.9695899672806263,2,24
180,0.9695899672806263,2,24
181,0.9695899672806263,2,24
182,0.9695899672806263,2,24
183,0.9695899672806263,2,24
184,0.9695899672806263,2,24
185,0.9695899672806263,2,24
186,0.9695899672806263,2,24
187,0.9695899672806263,2,24
188,0.9695899672806263,2,24
189,0.9695899672806263,2,24
190,0.9695899672806263,2,24
191,0.9695899672806263,2,24
192,0.9695899672806263,2,24
193,0.9695899672806263,2,24
194,0.9695899672806263,2,24
195,0.9695899672806263,2,24
196,0.9695899672806263,2,24
197,0.9695899672806263,2,24
198,0.9695899672806263,2,24
199,0.9695899672806263,2,24
200,0.9695899672806263,2,24
1,1.8477439880371094e-05,1,25
2,1.8477439880371094e-05,1,25
3,1.9550323486328125e-05,1,25
4,3.0517578125e-05,1,25
5,3.170967102050781e-05,1,25
6,3.170967102050781e-05,1,25
7,3.170967102050781e-05,1,25
8,4.208087921142578e-05,1,25
9,4.982948303222656e-05,1,25
10,7.11679458618164e-05,1,25
11,0.00010085105895996094,1,25
12,0.00010085105895996094,1,25
13,0.00010085105895996094,1,25
14,0.00010144710540771484,1,25
15,0.00010406970977783203,1,25
16,0.00010716915130615234,1,25
17,0.00010716915130615234,1,25
18,0.00010716915130615234,1,25
19,0.00011348724365234375,1,25
20,0.00011587142944335938,1,25
21,0.0001214742660522461,1,25
22,0.0001214742660522461,1,25
23,0.0001214742660522461,1,25
24,0.0001214742660522461,1,25
25,0.0001214742660522461,1,25
26,0.0001214742660522461,1,25
27,0.0001214742660522461,1,25
28,0.0001214742660522461,1,25
29,0.0001214742660522461,1,25
30,0.0001214742660522461,1,25
31,0.0001214742660522461,1,25
32,0.0001214742660522461,1,25
33,0.0001214742660522461,1,25
34,0.0001214742660522461,1,25
35,0.0001214742660522461,1,25
36,0.0001214742660522461,1,25
37,0.0001214742660522461,1,25
38,0.0001214742660522461,1,25
39,0.0001214742660522461,1,25
40,0.0001214742660522461,1,25
41,0.0001214742660522461,1,25
42,0.0001214742660522461,1,25
43,0.0001214742660522461,1,25
44,0.0001214742660522461,1,25
45,0.0001214742660522461,1,25
46,0.0001214742660522461,1,25
47,0.0001214742660522461,1,25
48,0.0001214742660522461,1,25
49,0.0001214742660522461,1,25
50,0.0001214742660522461,1,25
51,0.0001214742660522461,1,25
52,0.0001214742660522461,1,25
53,0.0001214742660522461,1,25
54,0.0001214742660522461,1,25
55,0.0001214742660522461,1,25
56,0.0001214742660522461,1,25
57,0.0001214742660522461,1,25
58,0.0001214742660522461,1,25
59,0.0001214742660522461,1,25
60,0.0001214742660522461,1,25
61,0.0001214742660522461,1,25
62,0.0001214742660522461,1,25
63,0.0001214742660522461,1,25
64,0.0001214742660522461,1,25
65,0.0001214742660522461,1,25
66,0.0001214742660522461,1,25
67,0.0001214742660522461,1,25
68,0.0001214742660522461,1,25
69,0.0001214742660522461,1,25
70,0.0001214742660522461,1,25
71,0.0001214742660522461,1,25
72,0.0001214742660522461,1,25
73,0.0001214742660522461,1,25
74,0.0001214742660522461,1,25
75,0.0001214742660522461,1,25
76,0.0001214742660522461,1,25
77,0.0001214742660522461,1,25
78,0.0001214742660522461,1,25
79,0.0001214742660522461,1,25
80,0.0001214742660522461,1,25
81,0.0001214742660522461,1,25
82,0.0001214742660522461,1,25
83,0.0001214742660522461,1,25
84,0.0001214742660522461,1,25
85,0.0001214742660522461,1,25
86,0.0001214742660522461,1,25
87,0.0001214742660522461,1,25
88,0.0001214742660522461,1,25
89,0.0001214742660522461,1,25
90,0.0001214742660522461,1,25
91,0.0001214742660522461,1,25
92,0.0001214742660522461,1,25
93,0.0001214742660522461,1,25
94,0.0001214742660522461,1,25
95,0.0001214742660522461,1,25
96,0.0001214742660522461,1,25
97,0.0001214742660522461,1,25
98,0.0001214742660522461,1,25
99,0.0001214742660522461,1,25
100,0.0001214742660522461,1,25
101,0.0001214742660522461,1,25
102,0.0001214742660522461,1,25
103,0.0001214742660522461,1,25
104,0.0001214742660522461,1,25
105,0.0001214742660522461,1,25
106,0.0001214742660522461,1,25
107,0.0001214742660522461,1,25
108,0.0001214742660522461,1,25
109,0.0001214742660522461,1,25
110,0.0001214742660522461,1,25
111,0.0001214742660522461,1,25
112,0.0001214742660522461,1,25
113,0.0001214742660522461,1,25
114,0.0001214742660522461,1,25
115,0.0001214742660522461,1,25
116,0.0001214742660522461,1,25
117,0.0001214742660522461,1,25
118,0.0001214742660522461,1,25
119,0.0001214742660522461,1,25
120,0.0001214742660522461,1,25
121,0.0001214742660522461,1,25
122,0.0001214742660522461,1,25
123,0.0001214742660522461,1,25
124,0.0001214742660522461,1,25
125,0.0001214742660522461,1,25
126,0.0001214742660522461,1,25
127,0.0001214742660522461,1,25
128,0.0001214742660522461,1,25
129,0.0001214742660522461,1,25
130,0.0001214742660522461,1,25
131,0.0001214742660522461,1,25
132,0.0001214742660522461,1,25
133,0.0001214742660522461,1,25
134,0.0001214742660522461,1,25
135,0.0001214742660522461,1,25
136,0.0001214742660522461,1,25
137,0.0001214742660522461,1,25
138,0.0001214742660522461,1,25
139,0.0001214742660522461,1,25
140,0.0001214742660522461,1,25
141,0.0001214742660522461,1,25
142,0.0001214742660522461,1,25
143,0.0001214742660522461,1,25
144,0.0001214742660522461,1,25
145,0.0001214742660522461,1,25
146,0.0001214742660522461,1,25
147,0.0001214742660522461,1,25
148,0.0001214742660522461,1,25
149,0.0001214742660522461,1,25
150,0.0001214742660522461,1,25
151,0.0001214742660522461,1,25
152,0.0001214742660522461,1,25
153,0.0001214742660522461,1,25
154,0.0001214742660522461,1,25
155,0.0001214742660522461,1,25
156,0.0001214742660522461,1,25
157,0.0001214742660522461,1,25
158,0.0001214742660522461,1,25
159,0.0001214742660522461,1,25
160,0.0001214742660522461,1,25
161,0.0001214742660522461,1,25
162,0.0001214742660522461,1,25
163,0.0001214742660522461,1,25
164,0.0001214742660522461,1,25
165,0.0001214742660522461,1,25
166,0.0001214742660522461,1,25
167,0.0001214742660522461,1,25
168,0.0001214742660522461,1,25
169,0.0001214742660522461,1,25
170,0.0001214742660522461,1,25
171,0.0001214742660522461,1,25
172,0.0001214742660522461,1,25
173,0.0001214742660522461,1,25
174,0.0001214742660522461,1,25
175,0.0001214742660522461,1,25
176,0.0001214742660522461,1,25
177,0.0001214742660522461,1,25
178,0.0001214742660522461,1,25
179,0.0001214742660522461,1,25
180,0.0001214742660522461,1,25
181,0.0001214742660522461,1,25
182,0.0001214742660522461,1,25
183,0.0001214742660522461,1,25
184,0.0001214742660522461,1,25
185,0.0001214742660522461,1,25
186,0.0001214742660522461,1,25
187,0.0001214742660522461,1,25
188,0.0001214742660522461,1,25
189,0.0001214742660522461,1,25
190,0.0001214742660522461,1,25
191,0.0001214742660522461,1,25
192,0.0001214742660522461,1,25
193,0.0001214742660522461,1,25
194,0.0001214742660522461,1,25
195,0.0001214742660522461,1,25
196,0.0001214742660522461,1,25
197,0.0001214742660522461,1,25
198,0.0001214742660522461,1,25
199,0.0001214742660522461,1,25
200,0.0001214742660522461,1,25
1,0.0004928112030029297,1,26
2,0.0004928112030029297,1,26
3,0.0008541345596313477,1,26
4,0.0009487271308898926,1,26
5,0.0009487271308898926,1,26
6,0.0013651251792907715,1,26
7,0.0013651251792907715,1,26
8,0.0024194717407226562,1,26
9,0.0024194717407226562,1,26
10,0.0024194717407226562,1,26
11,0.0024194717407226562,1,26
12,0.002796769142150879,1,26
13,0.002796769142150879,1,26
14,0.002796769142150879,1,26
15,0.002796769142150879,1,26
16,0.002796769142150879,1,26
17,0.002796769142150879,1,26
18,0.002796769142150879,1,26
19,0.002796769142150879,1,26
20,0.003572523593902588,1,26
21,0.003572523593902588,1,26
22,0.003572523593902588,1,26
23,0.004092097282409668,1,26
24,0.004092097282409668,1,26
25,0.004092097282409668,1,26
26,0.004092097282409668,1,26
27,0.004092097282409668,1,26
28,0.004092097282409668,1,26
29,0.004092097282409668,1,26
30,0.004092097282409668,1,26
31,0.004092097282409668,1,26
32,0.004092097282409668,1,26
33,0.004092097282409668,1,26
34,0.004092097282409668,1,26
35,0.004092097282409668,1,26
36,0.004092097282409668,1,26
37,0.004092097282409668,1,26
38,0.004092097282409668,1,26
39,0.004092097282409668,1,26
40,0.004092097282409668,1,26
41,0.004092097282409668,1,26
42,0.004092097282409668,1,26
43,0.004092097282409668,1,26
44,0.004092097282409668,1,26
45,0.004092097282409668,1,26
46,0.004092097282409668,1,26
47,0.004092097282409668,1,26
48,0.004092097282409668,1,26
49,0.004092097282409668,1,26
50,0.004092097282409668,1,26
51,0.004092097282409668,1,26
52,0.004092097282409668,1,26
53,0.004092097282409668,1,26
54,0.004092097282409668,1,26
55,0.004092097282409668,1,26
56,0.004092097282409668,1,26
57,0.004092097282409668,1,26
58,0.004092097282409668,1,26
59,0.004092097282409668,1,26
60,0.004092097282409668,1,26
61,0.004092097282409668,1,26
62,0.004092097282409668,1,26
63,0.004092097282409668,1,26
64,0.004092097282409668,1,26
65,0.004092097282409668,1,26
66,0.004092097282409668,1,26
67,0.004092097282409668,1,26
68,0.004092097282409668,1,26
69,0.004092097282409668,1,26
70,0.004092097282409668,1,26
71,0.004092097282409668,1,26
72,0.004092097282409668,1,26
73,0.004092097282409668,1,26
74,0.004092097282409668,1,26
75,0.004092097282409668,1,26
76,0.004092097282409668,1,26
77,0.004092097282409668,1,26
78,0.004092097282409668,1,26
79,0.004092097282409668,1,26
80,0.004092097282409668,1,26
81,0.004092097282409668,1,26
82,0.004092097282409668,1,26
83,0.004092097282409668,1,26
84,0.004092097282409668,1,26
85,0.004092097282409668,1,26
86,0.004092097282409668,1,26
87,0.004092097282409668,1,26
88,0.004092097282409668,1,26
89,0.004092097282409668,1,26
90,0.004092097282409668,1,26
91,0.004092097282409668,1,26
92,0.004092097282409668,1,26
93,0.004092097282409668,1,26
94,0.004092097282409668,1,26
95,0.004092097282409668,1,26
96,0.004092097282409668,1,26
97,0.004092097282409668,1,26
98,0.004092097282409668,1,26
99,0.004092097282409668,1,26
100,0.004092097282409668,1,26
101,0.004092097282409668,1,26
102,0.004092097282409668,1,26
103,0.004092097282409668,1,26
104,0.004092097282409668,1,26
105,0.004092097282409668,1,26
106,0.004092097282409668,1,26
107,0.004092097282409668,1,26
108,0.004092097282409668,1,26
109,0.004092097282409668,1,26
110,0.004092097282409668,1,26
111,0.004092097282409668,1,26
112,0.004092097282409668,1,26
113,0.004092097282409668,1,26
114,0.004092097282409668,1,26
115,0.004092097282409668,1,26
116,0.004092097282409668,1,26
117,0.004092097282409668,1,26
118,0.004092097282409668,1,26
119,0.004092097282409668,1,26
120,0.004092097282409668,1,26
121,0.004092097282409668,1,26
122,0.004092097282409668,1,26
123,0.004092097282409668,1,26
124,0.004092097282409668,1,26
125,0.004092097282409668,1,26
126,0.004092097282409668,1,26
127,0.004092097282409668,1,26
128,0.004092097282409668,1,26
129,0.004092097282409668,1,26
130,0.004092097282409668,1,26
131,0.004092097282409668,1,26
132,0.004092097282409668,1,26
133,0.004092097282409668,1,26
134,0.004092097282409668,1,26
135,0.004092097282409668,1,26
136,0.004092097282409668,1,26
137,0.004092097282409668,1,26
138,0.004092097282409668,1,26
139,0.004092097282409668,1,26
140,0.004092097282409668,1,26
141,0.004092097282409668,1,26
142,0.004092097282409668,1,26
143,0.004092097282409668,1,26
144,0.004092097282409668,1,26
145,0.004092097282409668,1,26
146,0.004092097282409668,1,26
147,0.004092097282409668,1,26
148,0.004092097282409668,1,26
149,0.004092097282409668,1,26
150,0.004092097282409668,1,26
151,0.004092097282409668,1,26
152,0.004092097282409668,1,26
153,0.004092097282409668,1,26
154,0.004092097282409668,1,26
155,0.004092097282409668,1,26
156,0.004092097282409668,1,26
157,0.004092097282409668,1,26
158,0.004092097282409668,1,26
159,0.004092097282409668,1,26
160,0.004092097282409668,1,26
161,0.004092097282409668,1,26
162,0.004092097282409668,1,26
163,0.004092097282409668,1,26
164,0.004092097282409668,1,26
165,0.004092097282409668,1,26
166,0.004092097282409668,1,26
167,0.004092097282409668,1,26
168,0.004092097282409668,1,26
169,0.004092097282409668,1,26
170,0.004092097282409668,1,26
171,0.004092097282409668,1,26
172,0.004092097282409668,1,26
173,0.004092097282409668,1,26
174,0.004092097282409668,1,26
175,0.004092097282409668,1,26
176,0.004092097282409668,1,26
177,0.004092097282409668,1,26
178,0.004092097282409668,1,26
179,0.004092097282409668,1,26
180,0.004092097282409668,1,26
181,0.004092097282409668,1,26
182,0.004092097282409668,1,26
183,0.004092097282409668,1,26
184,0.004092097282409668,1,26
185,0.004092097282409668,1,26
186,0.004092097282409668,1,26
187,0.004092097282409668,1,26
188,0.004092097282409668,1,26
189,0.004092097282409668,1,26
190,0.004092097282409668,1,26
191,0.004092097282409668,1,26
192,0.004092097282409668,1,26
193,0.004092097282409668,1,26
194,0.004092097282409668,1,26
195,0.004092097282409668,1,26
196,0.004092097282409668,1,26
197,0.004092097282409668,1,26
198,0.004092097282409668,1,26
199,0.004092097282409668,1,26
200,0.004092097282409668,1,26
1,0.1337612271308899,3,27
2,0.2184532880783081,4,27
3,0.18849140405654907,2,27
4,0.5861557126045227,4,27
5,0.704666018486023,8,27
6,0.767741784453392,5,27
7,0.9029069542884827,8,27
8,0.9315723776817322,6,27
9,0.9315723776817322,6,27
10,0.908518023788929,4,27
11,0.9676999859511852,6,27
12,0.9676999859511852,6,27
13,0.9676999859511852,6,27
14,0.9676999859511852,6,27
15,0.9676999859511852,6,27
16,0.9676999859511852,6,27
17,0.9676999859511852,6,27
18,0.9676999859511852,6,27
19,0.9676999859511852,6,27
20,0.9676999859511852,6,27
21,0.9676999859511852,6,27
22,0.9676999859511852,6,27
23,0.9676999859511852,6,27
24,0.9676999859511852,6,27
25,0.9676999859511852,6,27
26,0.9676999859511852,6,27
27,0.9749335199594498,6,27
28,0.9749335199594498,6,27
29,0.9847295675426722,5,27
30,0.9847295675426722,5,27
31,0.9847295675426722,5,27
32,0.9847295675426722,5,27
33,0.9847295675426722,5,27
34,0.9847295675426722,5,27
35,0.9847295675426722,5,27
36,0.9847295675426722,5,27
37,0.9847295675426722,5,27
38,0.9847295675426722,5,27
39,0.9847295675426722,5,27
40,0.9847295675426722,5,27
41,0.9847295675426722,5,27
42,0.9847295675426722,5,27
43,0.9847295675426722,5,27
44,0.9847295675426722,5,27
45,0.9847295675426722,5,27
46,0.9847295675426722,5,27
47,0.9847295675426722,5,27
48,0.9847295675426722,5,27
49,0.9847295675426722,5,27
50,0.9847295675426722,5,27
51,0.9847295675426722,5,27
52,0.9847295675426722,5,27
53,0.9847295675426722,5,27
54,0.9847295675426722,5,27
55,0.9847295675426722,5,27
56,0.9847295675426722,5,27
57,0.9847295675426722,5,27
58,0.9847295675426722,5,27
59,0.9847295675426722,5,27
60,0.9847295675426722,5,27
61,0.9847295675426722,5,27
62,0.9847295675426722,5,27
63,0.9847295675426722,5,27
64,0.9847295675426722,5,27
65,0.9847295675426722,5,27
66,0.9847295675426722,5,27
67,0.9847295675426722,5,27
68,0.9847295675426722,5,27
69,0.9847295675426722,5,27
70,0.9858827255666256,5,27
71,0.9858827255666256,5,27
72,0.9858827255666256,5,27
73,0.9858827255666256,5,27
74,0.9858827255666256,5,27
75,0.9878078494220972,5,27
76,0.9878078494220972,5,27
77,0.9878078494220972,5,27
78,0.9878078494220972,5,27
79,0.9878078494220972,5,27
80,0.9878078494220972,5,27
81,0.9878078494220972,5,27
82,0.9878078494220972,5,27
83,0.9878078494220972,5,27
84,0.9878078494220972,5,27
85,0.9878078494220972,5,27
86,0.9878078494220972,5,27
87,0.9878078494220972,5,27
88,0.9878078494220972,5,27
89,0.9922412880696356,5,27
90,0.9943299335427582,5,27
91,0.9943299335427582,5,27
92,0.9943299335427582,5,27
93,0.9943299335427582,5,27
94,0.9943299335427582,5,27
95,0.9943299335427582,5,27
96,0.9943299335427582,5,27
97,0.9943299335427582,5,27
98,0.9943299335427582,5,27
99,0.9943299335427582,5,27
100,0.9943299335427582,5,27
101,0.9943299335427582,5,27
102,0.9943299335427582,5,27
103,0.9943299335427582,5,27
104,0.9943299335427582,5,27
105,0.9943299335427582,5,27
106,0.9943299335427582,5,27
107,0.997753465315327,5,27
108,0.997753465315327,5,27
109,0.997753465315327,5,27
110,0.997753465315327,5,27
111,0.997753465315327,5,27
112,0.997753465315327,5,27
113,0.997753465315327,5,27
114,0.997753465315327,5,27
115,0.997753465315327,5,27
116,0.997753465315327,5,27
117,0.997753465315327,5,27
118,0.997753465315327,5,27
119,0.997753465315327,5,27
120,0.997753465315327,5,27
121,0.997753465315327,5,27
122,0.997753465315327,5,27
123,0.997753465315327,5,27
124,0.997753465315327,5,27
125,0.9694153424352407,4,27
126,0.9694153424352407,4,27
127,0.9694153424352407,4,27
128,0.9694153424352407,4,27
129,0.9694153424352407,4,27
130,0.9694153424352407,4,27
131,0.9732063468545675,4,27
132,0.9732063468545675,4,27
133,0.9732063468545675,4,27
134,0.9732063468545675,4,27
135,0.9732063468545675,4,27
136,0.9732063468545675,4,27
137,0.9732063468545675,4,27
138,0.9732063468545675,4,27
139,0.9732063468545675,4,27
140,0.9732063468545675,4,27
141,0.9732063468545675,4,27
142,0.9732063468545675,4,27
143,0.9732063468545675,4,27
144,0.9732063468545675,4,27
145,0.9732063468545675,4,27
146,0.9732063468545675,4,27
147,0.9732063468545675,4,27
148,0.9732063468545675,4,27
149,0.9732063468545675,4,27
150,0.9743144232779741,4,27
151,0.9743144232779741,4,27
152,0.9743144232779741,4,27
153,0.9743144232779741,4,27
154,0.9743144232779741,4,27
155,0.9744748324155807,4,27
156,0.9744748324155807,4,27
157,0.9744748324155807,4,27
158,0.9744748324155807,4,27
159,0.9744748324155807,4,27
160,0.9794418904930353,4,27
161,0.9794418904930353,4,27
162,0.9794418904930353,4,27
163,0.9811175186187029,4,27
164,0.9811175186187029,4,27
165,0.9811175186187029,4,27
166,0.9811175186187029,4,27
167,0.9811175186187029,4,27
168,0.9811175186187029,4,27
169,0.9811175186187029,4,27
170,0.9811175186187029,4,27
171,0.9811175186187029,4,27
172,0.9811175186187029,4,27
173,0.9838709682226181,4,27
174,0.9838709682226181,4,27
175,0.9838709682226181,4,27
176,0.9838709682226181,4,27
177,0.9838709682226181,4,27
178,0.9838709682226181,4,27
179,0.9838709682226181,4,27
180,0.9838709682226181,4,27
181,0.9838709682226181,4,27
182,0.9838709682226181,4,27
183,0.9838709682226181,4,27
184,0.9838709682226181,4,27
185,0.9838709682226181,4,27
186,0.9838709682226181,4,27
187,0.9838709682226181,4,27
188,0.9838709682226181,4,27
189,0.9838709682226181,4,27
190,0.9838709682226181,4,27
191,0.9838709682226181,4,27
192,0.9838709682226181,4,27
193,0.9838709682226181,4,27
194,0.9838709682226181,4,27
195,0.9838709682226181,4,27
196,0.9838709682226181,4,27
197,0.9838709682226181,4,27
198,0.9838709682226181,4,27
199,0.9853135487064719,4,27
200,0.9853135487064719,4,27
1,0.8874235898256302,5,28
2,0.8105052709579468,2,28
3,0.9177636876702309,4,28
4,0.9177636876702309,4,28
5,0.9508641436696053,5,28
6,0.9508641436696053,5,28
7,0.9623502641916275,5,28
8,0.9623502641916275,5,28
9,0.9892814913764596,5,28
10,0.9892814913764596,5,28
11,0.9892814913764596,5,28
12,0.9892814913764596,5,28
13,0.9892814913764596,5,28
14,0.9892814913764596,5,28
15,0.9892814913764596,5,28
16,0.9892814913764596,5,28
17,0.9892814913764596,5,28
18,0.9892814913764596,5,28
19,0.969968730583787,4,28
20,0.969968730583787,4,28
21,0.969968730583787,4,28
22,0.969968730583787,4,28
23,0.969968730583787,4,28
24,0.969968730583787,4,28
25,0.9661481119692326,3,28
26,0.9661481119692326,3,28
27,0.9661481119692326,3,28
28,0.9661481119692326,3,28
29,0.9661481119692326,3,28
30,0.9661481119692326,3,28
31,0.9661481119692326,3,28
32,0.9661481119692326,3,28
33,0.9661481119692326,3,28
34,0.9661481119692326,3,28
35,0.9661481119692326,3,28
36,0.9661481119692326,3,28
37,0.9661481119692326,3,28
38,0.9661481119692326,3,28
39,0.9661481119692326,3,28
40,0.9661481119692326,3,28
41,0.9661481119692326,3,28
42,0.9661481119692326,3,28
43,0.9661481119692326,3,28
44,0.9661481119692326,3,28
45,0.9661481119692326,3,28
46,0.9661481119692326,3,28
47,0.9661481119692326,3,28
48,0.9661481119692326,3,28
49,0.9836504478007555,3,28
50,0.9836504478007555,3,28
51,0.9836504478007555,3,28
52,0.9836504478007555,3,28
53,0.9836504478007555,3,28
54,0.9836504478007555,3,28
55,0.9836504478007555,3,28
56,0.9836504478007555,3,28
57,0.9836504478007555,3,28
58,0.9836504478007555,3,28
59,0.9836504478007555,3,28
60,0.9836504478007555,3,28
61,0.9836504478007555,3,28
62,0.9836504478007555,3,28
63,0.9836504478007555,3,28
64,0.9836504478007555,3,28
65,0.9861004427075386,3,28
66,0.9861004427075386,3,28
67,0.9861004427075386,3,28
68,0.9861004427075386,3,28
69,0.9861004427075386,3,28
70,0.9861004427075386,3,28
71,0.9861004427075386,3,28
72,0.9867697069421411,3,28
73,0.9867697069421411,3,28
74,0.9867697069421411,3,28
75,0.9867697069421411,3,28
76,0.9867697069421411,3,28
77,0.9892585976049304,3,28
78,0.9892585976049304,3,28
79,0.9892585976049304,3,28
80,0.9892585976049304,3,28
81,0.9892585976049304,3,28
82,0.9663302451372147,2,28
83,0.9663302451372147,2,28
84,0.9663302451372147,2,28
85,0.9663302451372147,2,28
86,0.9663302451372147,2,28
87,0.9663302451372147,2,28
88,0.9663302451372147,2,28
89,0.9663302451372147,2,28
90,0.9663302451372147,2,28
91,0.9663302451372147,2,28
92,0.9663302451372147,2,28
93,0.9663302451372147,2,28
94,0.9663302451372147,2,28
95,0.9663302451372147,2,28
96,0.9663302451372147,2,28
97,0.9714478515088558,2,28
98,0.9714478515088558,2,28
99,0.9736119043081999,2,28
100,0.9751176089048386,2,28
101,0.9751176089048386,2,28
102,0.9751176089048386,2,28
103,0.9751176089048386,2,28
104,0.9751176089048386,2,28
105,0.9751176089048386,2,28
106,0.9751176089048386,2,28
107,0.9751176089048386,2,28
108,0.9751176089048386,2,28
109,0.9751176089048386,2,28
110,0.9751176089048386,2,28
111,0.9751176089048386,2,28
112,0.9751176089048386,2,28
113,0.9751176089048386,2,28
114,0.9751176089048386,2,28
115,0.9751176089048386,2,28
116,0.9755124486982822,2,28
117,0.9755124486982822,2,28
118,0.9755124486982822,2,28
119,0.9755124486982822,2,28
120,0.9755124486982822,2,28
121,0.9755124486982822,2,28
122,0.9755124486982822,2,28
123,0.9771137144416571,2,28
124,0.9771137144416571,2,28
125,0.9771137144416571,2,28
126,0.9771137144416571,2,28
127,0.9771137144416571,2,28
128,0.9771137144416571,2,28
129,0.9771137144416571,2,28
130,0.979405352845788,2,28
131,0.979405352845788,2,28
132,0.979405352845788,2,28
133,0.979405352845788,2,28
134,0.979405352845788,2,28
135,0.979405352845788,2,28
136,0.979405352845788,2,28
137,0.979405352845788,2,28
138,0.979405352845788,2,28
139,0.979405352845788,2,28
140,0.979405352845788,2,28
141,0.979405352845788,2,28
142,0.979405352845788,2,28
143,0.9797521196305752,2,28
144,0.9797521196305752,2,28
145,0.9797521196305752,2,28
146,0.9797521196305752,2,28
147,0.9797521196305752,2,28
148,0.9797521196305752,2,28
149,0.9797521196305752,2,28
150,0.9797521196305752,2,28
151,0.9797521196305752,2,28
152,0.9797521196305752,2,28
153,0.9797521196305752,2,28
154,0.9797521196305752,2,28
155,0.9797521196305752,2,28
156,0.9797521196305752,2,28
157,0.9797521196305752,2,28
158,0.9797521196305752,2,28
159,0.9797521196305752,2,28
160,0.9797521196305752,2,28
161,0.9797521196305752,2,28
162,0.9797521196305752,2,28
163,0.9797521196305752,2,28
164,0.9797521196305752,2,28
165,0.9797521196305752,2,28
166,0.9797521196305752,2,28
167,0.9797521196305752,2,28
168,0.9797521196305752,2,28
169,0.9797521196305752,2,28
170,0.9797521196305752,2,28
171,0.9797521196305752,2,28
172,0.9797521196305752,2,28
173,0.9797521196305752,2,28
174,0.9797521196305752,2,28
175,0.9797521196305752,2,28
176,0.9797521196305752,2,28
177,0.9797521196305752,2,28
178,0.9797521196305752,2,28
179,0.9797521196305752,2,28
180,0.9797521196305752,2,28
181,0.9797521196305752,2,28
182,0.9797521196305752,2,28
183,0.9797521196305752,2,28
184,0.9797521196305752,2,28
185,0.9797521196305752,2,28
186,0.9797521196305752,2,28
187,0.9797521196305752,2,28
188,0.9797521196305752,2,28
189,0.9797521196305752,2,28
190,0.9797521196305752,2,28
191,0.9797521196305752,2,28
192,0.9797521196305752,2,28
193,0.9797521196305752,2,28
194,0.9797521196305752,2,28
195,0.9797521196305752,2,28
196,0.9797521196305752,2,28
197,0.9797521196305752,2,28
198,0.9797521196305752,2,28
199,0.9797521196305752,2,28
200,0.9797521196305752,2,28
1,0.0003210306167602539,1,29
2,0.0003210306167602539,1,29
3,0.0003210306167602539,1,29
4,0.0003210306167602539,1,29
5,0.0003210306167602539,1,29
6,0.00035381317138671875,1,29
7,0.00040334463119506836,1,29
8,0.0005913972854614258,1,29
9,0.0006254315376281738,1,29
10,0.0007652044296264648,1,29
11,0.0007652044296264648,1,29
12,0.0010147690773010254,1,29
13,0.0010147690773010254,1,29
14,0.0010147690773010254,1,29
15,0.0010147690773010254,1,29
16,0.0010147690773010254,1,29
17,0.0010147690773010254,1,29
18,0.0010502934455871582,1,29
19,0.0010502934455871582,1,29
20,0.0010502934455871582,1,29
21,0.0010502934455871582,1,29
22,0.0010502934455871582,1,29
23,0.0010502934455871582,1,29
24,0.0010502934455871582,1,29
25,0.0010502934455871582,1,29
26,0.0010955333709716797,1,29
27,0.0010955333709716797,1,29
28,0.0010955333709716797,1,29
29,0.0010955333709716797,1,29
30,0.0010955333709716797,1,29
31,0.0010955333709716797,1,29
32,0.0010955333709716797,1,29
33,0.0010955333709716797,1,29
34,0.0010955333709716797,1,29
35,0.0010955333709716797,1,29
36,0.0010955333709716797,1,29
37,0.0010955333709716797,1,29
38,0.0010955333709716797,1,29
39,0.0010955333709716797,1,29
40,0.0010955333709716797,1,29
41,0.0010955333709716797,1,29
42,0.0010955333709716797,1,29
43,0.0010955333709716797,1,29
44,0.0010955333709716797,1,29
45,0.0010955333709716797,1,29
46,0.0010955333709716797,1,29
47,0.0010955333709716797,1,29
48,0.0010955333709716797,1,29
49,0.0010955333709716797,1,29
50,0.0010955333709716797,1,29
51,0.0010955333709716797,1,29
52,0.0010955333709716797,1,29
53,0.0010955333709716797,1,29
54,0.0010955333709716797,1,29
55,0.0010955333709716797,1,29
56,0.0010955333709716797,1,29
57,0.0010955333709716797,1,29
58,0.0010955333709716797,1,29
59,0.0010955333709716797,1,29
60,0.0010955333709716797,1,29
61,0.0010955333709716797,1,29
62,0.0010955333709716797,1,29
63,0.0010955333709716797,1,29
64,0.0010955333709716797,1,29
65,0.0010955333709716797,1,29
66,0.0010955333709716797,1,29
67,0.0010955333709716797,1,29
68,0.0010955333709716797,1,29
69,0.0010955333709716797,1,29
70,0.0010955333709716797,1,29
71,0.0010955333709716797,1,29
72,0.0010955333709716797,1,29
73,0.0010955333709716797,1,29
74,0.0010955333709716797,1,29
75,0.0010955333709716797,1,29
76,0.0010955333709716797,1,29
77,0.0010955333709716797,1,29
78,0.0010955333709716797,1,29
79,0.0010955333709716797,1,29
80,0.0010955333709716797,1,29
81,0.0010955333709716797,1,29
82,0.0010955333709716797,1,29
83,0.0010955333709716797,1,29
84,0.0010955333709716797,1,29
85,0.0010955333709716797,1,29
86,0.0010955333709716797,1,29
87,0.0010955333709716797,1,29
88,0.0010955333709716797,1,29
89,0.0010955333709716797,1,29
90,0.0010955333709716797,1,29
91,0.0010955333709716797,1,29
92,0.0010955333709716797,1,29
93,0.0010955333709716797,1,29
94,0.0010955333709716797,1,29
95,0.0010955333709716797,1,29
96,0.0010955333709716797,1,29
97,0.0010955333709716797,1,29
98,0.0010955333709716797,1,29
99,0.0010955333709716797,1,29
100,0.0010955333709716797,1,29
101,0.0010955333709716797,1,29
102,0.0010955333709716797,1,29
103,0.0010955333709716797,1,29
104,0.0010955333709716797,1,29
105,0.0010955333709716797,1,29
106,0.0010955333709716797,1,29
107,0.0010955333709716797,1,29
108,0.0010955333709716797,1,29
109,0.0010955333709716797,1,29
110,0.0010955333709716797,1,29
111,0.0010955333709716797,1,29
112,0.0010955333709716797,1,29
113,0.0010955333709716797,1,29
114,0.0010955333709716797,1,29
115,0.0010955333709716797,1,29
116,0.0010955333709716797,1,29
117,0.0010955333709716797,1,29
118,0.0010955333709716797,1,29
119,0.0010955333709716797,1,29
120,0.0010955333709716797,1,29
121,0.0010955333709716797,1,29
122,0.0010955333709716797,1,29
123,0.0010955333709716797,1,29
124,0.0010955333709716797,1,29
125,0.0010955333709716797,1,29
126,0.0010955333709716797,1,29
127,0.0010955333709716797,1,29
128,0.0010955333709716797,1,29
129,0.0010955333709716797,1,29
130,0.0010955333709716797,1,29
131,0.0010955333709716797,1,29
132,0.0010955333709716797,1,29
133,0.0010955333709716797,1,29
134,0.0010955333709716797,1,29
135,0.0010955333709716797,1,29
136,0.0010955333709716797,1,29
137,0.0010955333709716797,1,29
138,0.0010955333709716797,1,29
139,0.0010955333709716797,1,29
140,0.0010955333709716797,1,29
141,0.0010955333709716797,1,29
142,0.0010955333709716797,1,29
143,0.0010955333709716797,1,29
144,0.0010955333709716797,1,29
145,0.0010955333709716797,1,29
146,0.0010955333709716797,1,29
147,0.0010955333709716797,1,29
148,0.0010955333709716797,1,29
149,0.0010955333709716797,1,29
150,0.0010955333709716797,1,29
151,0.0010955333709716797,1,29
152,0.0010955333709716797,1,29
153,0.0010955333709716797,1,29
154,0.0010955333709716797,1,29
155,0.0010955333709716797,1,29
156,0.0010955333709716797,1,29
157,0.0010955333709716797,1,29
158,0.0010955333709716797,1,29
159,0.0010955333709716797,1,29
160,0.0010955333709716797,1,29
161,0.0010955333709716797,1,29
162,0.0010955333709716797,1,29
163,0.0010955333709716797,1,29
164,0.0010955333709716797,1,29
165,0.0010955333709716797,1,29
166,0.0010955333709716797,1,29
167,0.0010955333709716797,1,29
168,0.0010955333709716797,1,29
169,0.0010955333709716797,1,29
170,0.0010955333709716797,1,29
171,0.0010955333709716797,1,29
172,0.0010955333709716797,1,29
173,0.0010955333709716797,1,29
174,0.0010955333709716797,1,29
175,0.0010955333709716797,1,29
176,0.0010955333709716797,1,29
177,0.0010955333709716797,1,29
178,0.0010955333709716797,1,29
179,0.0010955333709716797,1,29
180,0.0010955333709716797,1,29
181,0.0010955333709716797,1,29
182,0.0010955333709716797,1,29
183,0.0010955333709716797,1,29
184,0.0010955333709716797,1,29
185,0.0010955333709716797,1,29
186,0.0010955333709716797,1,29
187,0.0010955333709716797,1,29
188,0.0010955333709716797,1,29
189,0.0010955333709716797,1,29
190,0.0010955333709716797,1,29
191,0.0010955333709716797,1,29
192,0.0010955333709716797,1,29
193,0.0010955333709716797,1,29
194,0.0010955333709716797,1,29
195,0.0010955333709716797,1,29
196,0.0010955333709716797,1,29
197,0.0010955333709716797,1,29
198,0.0010955333709716797,1,29
199,0.0010955333709716797,1,29
200,0.0010955333709716797,1,29
1,0.0006298422813415527,1,30
2,0.0006298422813415527,1,30
3,0.0006298422813415527,1,30
4,0.0006431937217712402,1,30
5,0.0008984804153442383,1,30
6,0.0008984804153442383,1,30
7,0.001141190528869629,1,30
8,0.001141190528869629,1,30
9,0.001141190528869629,1,30
10,0.0013683438301086426,1,30
11,0.0013683438301086426,1,30
12,0.0024868249893188477,1,30
13,0.0024868249893188477,1,30
14,0.0024868249893188477,1,30
15,0.002802133560180664,1,30
16,0.002802133560180664,1,30
17,0.002802133560180664,1,30
18,0.002802133560180664,1,30
19,0.002802133560180664,1,30
20,0.0033122897148132324,1,30
21,0.0033122897148132324,1,30
22,0.0033122897148132324,1,30
23,0.0033122897148132324,1,30
24,0.0033122897148132324,1,30
25,0.0033122897148132324,1,30
26,0.0033122897148132324,1,30
27,0.0033122897148132324,1,30
28,0.0033122897148132324,1,30
29,0.0033122897148132324,1,30
30,0.0033122897148132324,1,30
31,0.0033122897148132324,1,30
32,0.0033122897148132324,1,30
33,0.0033122897148132324,1,30
34,0.0033122897148132324,1,30
35,0.0033122897148132324,1,30
36,0.0033122897148132324,1,30
37,0.0033122897148132324,1,30
38,0.0033122897148132324,1,30
39,0.0033122897148132324,1,30
40,0.0033122897148132324,1,30
41,0.0033122897148132324,1,30
42,0.0033122897148132324,1,30
43,0.0033122897148132324,1,30
44,0.0033122897148132324,1,30
45,0.0033122897148132324,1,30
46,0.0033122897148132324,1,30
47,0.0033122897148132324,1,30
48,0.0033122897148132324,1,30
49,0.0033122897148132324,1,30
50,0.0033122897148132324,1,30
51,0.0033122897148132324,1,30
52,0.0033122897148132324,1,30
53,0.0033122897148132324,1,30
54,0.0033122897148132324,1,30
55,0.0033122897148132324,1,30
56,0.0033122897148132324,1,30
57,0.0033122897148132324,1,30
58,0.0033122897148132324,1,30
59,0.0033122897148132324,1,30
60,0.0033122897148132324,1,30
61,0.0033122897148132324,1,30
62,0.0033122897148132324,1,30
63,0.0033122897148132324,1,30
64,0.0033122897148132324,1,30
65,0.0033122897148132324,1,30
66,0.0033122897148132324,1,30
67,0.0033122897148132324,1,30
68,0.0033122897148132324,1,30
69,0.0033122897148132324,1,30
70,0.0033122897148132324,1,30
71,0.0033122897148132324,1,30
72,0.0033122897148132324,1,30
73,0.0033122897148132324,1,30
74,0.0033122897148132324,1,30
75,0.0033122897148132324,1,30
76,0.0033122897148132324,1,30
77,0.0033122897148132324,1,30
78,0.0033122897148132324,1,30
79,0.0033122897148132324,1,30
80,0.0033122897148132324,1,30
81,0.0033122897148132324,1,30
82,0.0033122897148132324,1,30
83,0.0033122897148132324,1,30
84,0.0033122897148132324,1,30
85,0.0033122897148132324,1,30
86,0.0033122897148132324,1,30
87,0.0033122897148132324,1,30
88,0.0033122897148132324,1,30
89,0.0033122897148132324,1,30
90,0.0033122897148132324,1,30
91,0.0033122897148132324,1,30
92,0.0033122897148132324,1,30
93,0.0033122897148132324,1,30
94,0.0033122897148132324,1,30
95,0.0033122897148132324,1,30
96,0.0033122897148132324,1,30
97,0.0033122897148132324,1,30
98,0.0033122897148132324,1,30
99,0.0033122897148132324,1,30
100,0.0033122897148132324,1,30
101,0.0033122897148132324,1,30
102,0.0033122897148132324,1,30
103,0.0033122897148132324,1,30
104,0.0033122897148132324,1,30
105,0.0033122897148132324,1,30
106,0.0033122897148132324,1,30
107,0.0033122897148132324,1,30
108,0.0033122897148132324,1,30
109,0.0033122897148132324,1,30
110,0.0033122897148132324,1,30
111,0.0033122897148132324,1,30
112,0.0033122897148132324,1,30
113,0.0033122897148132324,1,30
114,0.0033122897148132324,1,30
115,0.0033122897148132324,1,30
116,0.0033122897148132324,1,30
117,0.0033122897148132324,1,30
118,0.0033122897148132324,1,30
119,0.0033122897148132324,1,30
120,0.0033122897148132324,1,30
121,0.0033122897148132324,1,30
122,0.0033122897148132324,1,30
123,0.0033122897148132324,1,30
124,0.0033122897148132324,1,30
125,0.0033122897148132324,1,30
126,0.0033122897148132324,1,30
127,0.0033122897148132324,1,30
128,0.0033122897148132324,1,30
129,0.0033122897148132324,1,30
130,0.0033122897148132324,1,30
131,0.0033122897148132324,1,30
132,0.0033122897148132324,1,30
133,0.0033122897148132324,1,30
134,0.0033122897148132324,1,30
135,0.0033122897148132324,1,30
136,0.0033122897148132324,1,30
137,0.0033122897148132324,1,30
138,0.0033122897148132324,1,30
139,0.0033122897148132324,1,30
140,0.0033122897148132324,1,30
141,0.0033122897148132324,1,30
142,0.0033122897148132324,1,30
143,0.0033122897148132324,1,30
144,0.0033122897148132324,1,30
145,0.0033122897148132324,1,30
146,0.0033122897148132324,1,30
147,0.0033122897148132324,1,30
148,0.0033122897148132324,1,30
149,0.0033122897148132324,1,30
150,0.0033122897148132324,1,30
151,0.0033122897148132324,1,30
152,0.0033122897148132324,1,30
153,0.0033122897148132324,1,30
154,0.0033122897148132324,1,30
155,0.0033122897148132324,1,30
156,0.0033122897148132324,1,30
157,0.0033122897148132324,1,30
158,0.0033122897148132324,1,30
159,0.0033122897148132324,1,30
160,0.0033122897148132324,1,30
161,0.0033122897148132324,1,30
162,0.0033122897148132324,1,30
163,0.0033122897148132324,1,30
164,0.0033122897148132324,1,30
165,0.0033122897148132324,1,30
166,0.0033122897148132324,1,30
167,0.0033122897148132324,1,30
168,0.0033122897148132324,1,30
169,0.0033122897148132324,1,30
170,0.0033122897148132324,1,30
171,0.0033122897148132324,1,30
172,0.0033122897148132324,1,30
173,0.0033122897148132324,1,30
174,0.0033122897148132324,1,30
175,0.0033122897148132324,1,30
176,0.0033122897148132324,1,30
177,0.0033122897148132324,1,30
178,0.0033122897148132324,1,30
179,0.0033122897148132324,1,30
180,0.0033122897148132324,1,30
181,0.0033122897148132324,1,30
182,0.0033122897148132324,1,30
183,0.0033122897148132324,1,30
184,0.0033122897148132324,1,30
185,0.0033122897148132324,1,30
186,0.0033122897148132324,1,30
187,0.0033122897148132324,1,30
188,0.0033122897148132324,1,30
189,0.0033122897148132324,1,30
190,0.0033122897148132324,1,30
191,0.0033122897148132324,1,30
192,0.0033122897148132324,1,30
193,0.0033122897148132324,1,30
194,0.0033122897148132324,1,30
195,0.0033122897148132324,1,30
196,0.0033122897148132324,1,30
197,0.0033122897148132324,1,30
198,0.0033122897148132324,1,30
199,0.0033122897148132324,1,30
200,0.0033122897148132324,1,30
1,5.7220458984375e-06,1,31
2,5.7220458984375e-06,1,31
3,5.7220458984375e-06,1,31
4,6.556510925292969e-06,1,31
5,6.556510925292969e-06,1,31
6,1.0967254638671875e-05,1,31
7,1.0967254638671875e-05,1,31
8,1.0967254638671875e-05,1,31
9,1.0967254638671875e-05,1,31
10,1.1682510375976562e-05,1,31
11,2.0623207092285156e-05,1,31
12,2.0623207092285156e-05,1,31
13,2.086162567138672e-05,1,31
14,2.086162567138672e-05,1,31
15,2.086162567138672e-05,1,31
16,2.086162567138672e-05,1,31
17,2.086162567138672e-05,1,31
18,2.086162567138672e-05,1,31
19,2.086162567138672e-05,1,31
20,2.086162567138672e-05,1,31
21,2.086162567138672e-05,1,31
22,2.086162567138672e-05,1,31
23,2.086162567138672e-05,1,31
24,2.086162567138672e-05,1,31
25,2.3126602172851562e-05,1,31
26,2.3126602172851562e-05,1,31
27,2.3126602172851562e-05,1,31
28,2.3126602172851562e-05,1,31
29,2.3126602172851562e-05,1,31
30,2.3245811462402344e-05,1,31
31,2.396106719970703e-05,1,31
32,2.396106719970703e-05,1,31
33,2.4318695068359375e-05,1,31
34,2.4318695068359375e-05,1,31
35,2.4318695068359375e-05,1,31
36,2.4318695068359375e-05,1,31
37,2.4318695068359375e-05,1,31
38,2.4318695068359375e-05,1,31
39,2.4318695068359375e-05,1,31
40,2.4318695068359375e-05,1,31
41,2.4318695068359375e-05,1,31
42,2.4318695068359375e-05,1,31
43,2.4318695068359375e-05,1,31
44,2.4318695068359375e-05,1,31
45,2.4318695068359375e-05,1,31
46,2.4318695068359375e-05,1,31
47,2.4318695068359375e-05,1,31
48,2.4318695068359375e-05,1,31
49,2.4318695068359375e-05,1,31
50,2.4318695068359375e-05,1,31
51,2.4318695068359375e-05,1,31
52,2.4318695068359375e-05,1,31
53,2.4318695068359375e-05,1,31
54,2.4318695068359375e-05,1,31
55,2.4318695068359375e-05,1,31
56,2.4318695068359375e-05,1,31
57,2.4318695068359375e-05,1,31
58,2.4318695068359375e-05,1,31
59,2.4318695068359375e-05,1,31
60,2.4318695068359375e-05,1,31
61,2.4318695068359375e-05,1,31
62,2.4318695068359375e-05,1,31
63,2.4318695068359375e-05,1,31
64,2.4318695068359375e-05,1,31
65,2.4318695068359375e-05,1,31
66,2.4318695068359375e-05,1,31
67,2.4318695068359375e-05,1,31
68,2.4318695068359375e-05,1,31
69,2.4318695068359375e-05,1,31
70,2.4318695068359375e-05,1,31
71,2.4318695068359375e-05,1,31
72,2.4318695068359375e-05,1,31
73,2.4318695068359375e-05,1,31
74,2.4318695068359375e-05,1,31
75,2.4318695068359375e-05,1,31
76,2.4318695068359375e-05,1,31
77,2.4318695068359375e-05,1,31
78,2.4318695068359375e-05,1,31
79,2.4318695068359375e-05,1,31
80,2.4318695068359375e-05,1,31
81,2.4318695068359375e-05,1,31
82,2.4318695068359375e-05,1,31
83,2.4318695068359375e-05,1,31
84,2.4318695068359375e-05,1,31
85,2.4318695068359375e-05,1,31
86,2.4318695068359375e-05,1,31
87,2.4318695068359375e-05,1,31
88,2.4318695068359375e-05,1,31
89,2.4318695068359375e-05,1,31
90,2.4318695068359375e-05,1,31
91,2.4318695068359375e-05,1,31
92,2.4318695068359375e-05,1,31
93,2.4318695068359375e-05,1,31
94,2.4318695068359375e-05,1,31
95,2.4318695068359375e-05,1,31
96,2.4318695068359375e-05,1,31
97,2.4318695068359375e-05,1,31
98,2.4318695068359375e-05,1,31
99,2.4318695068359375e-05,1,31
100,2.4318695068359375e-05,1,31
101,2.4318695068359375e-05,1,31
102,2.4318695068359375e-05,1,31
103,2.4318695068359375e-05,1,31
104,2.4318695068359375e-05,1,31
105,2.4318695068359375e-05,1,31
106,2.4318695068359375e-05,1,31
107,2.4318695068359375e-05,1,31
108,2.4318695068359375e-05,1,31
109,2.4318695068359375e-05,1,31
110,2.4318695068359375e-05,1,31
111,2.4318695068359375e-05,1,31
112,2.4318695068359375e-05,1,31
113,2.4318695068359375e-05,1,31
114,2.4318695068359375e-05,1,31
115,2.4318695068359375e-05,1,31
116,2.4318695068359375e-05,1,31
117,2.4318695068359375e-05,1,31
118,2.4318695068359375e-05,1,31
119,2.4318695068359375e-05,1,31
120,2.4318695068359375e-05,1,31
121,2.4318695068359375e-05,1,31
122,2.4318695068359375e-05,1,31
123,2.4318695068359375e-05,1,31
124,2.4318695068359375e-05,1,31
125,2.4318695068359375e-05,1,31
126,2.4318695068359375e-05,1,31
127,2.4318695068359375e-05,1,31
128,2.4318695068359375e-05,1,31
129,2.4318695068359375e-05,1,31
130,2.4318695068359375e-05,1,31
131,2.4318695068359375e-05,1,31
132,2.4318695068359375e-05,1,31
133,2.4318695068359375e-05,1,31
134,2.4318695068359375e-05,1,31
135,2.4318695068359375e-05,1,31
136,2.4318695068359375e-05,1,31
137,2.4318695068359375e-05,1,31
138,2.4318695068359375e-05,1,31
139,2.4318695068359375e-05,1,31
140,2.4318695068359375e-05,1,31
141,2.4318695068359375e-05,1,31
142,2.4318695068359375e-05,1,31
143,2.4318695068359375e-05,1,31
144,2.4318695068359375e-05,1,31
145,2.4318695068359375e-05,1,31
146,2.4318695068359375e-05,1,31
147,2.4318695068359375e-05,1,31
148,2.4318695068359375e-05,1,31
149,2.4318695068359375e-05,1,31
150,2.4318695068359375e-05,1,31
151,2.4318695068359375e-05,1,31
152,2.4318695068359375e-05,1,31
153,2.4318695068359375e-05,1,31
154,2.4318695068359375e-05,1,31
155,2.4318695068359375e-05,1,31
156,2.4318695068359375e-05,1,31
157,2.4318695068359375e-05,1,31
158,2.4318695068359375e-05,1,31
159,2.4318695068359375e-05,1,31
160,2.4318695068359375e-05,1,31
161,2.4318695068359375e-05,1,31
162,2.4318695068359375e-05,1,31
163,2.4318695068359375e-05,1,31
164,2.4318695068359375e-05,1,31
165,2.4318695068359375e-05,1,31
166,2.4318695068359375e-05,1,31
167,2.4318695068359375e-05,1,31
168,2.4318695068359375e-05,1,31
169,2.4318695068359375e-05,1,31
170,2.4318695068359375e-05,1,31
171,2.4318695068359375e-05,1,31
172,2.4318695068359375e-05,1,31
173,2.4318695068359375e-05,1,31
174,2.4318695068359375e-05,1,31
175,2.4318695068359375e-05,1,31
176,2.4318695068359375e-05,1,31
177,2.4318695068359375e-05,1,31
178,2.4318695068359375e-05,1,31
179,2.4318695068359375e-05,1,31
180,2.4318695068359375e-05,1,31
181,2.4318695068359375e-05,1,31
182,2.4318695068359375e-05,1,31
183,2.4318695068359375e-05,1,31
184,2.4318695068359375e-05,1,31
185,2.4318695068359375e-05,1,31
186,2.4318695068359375e-05,1,31
187,2.4318695068359375e-05,1,31
188,2.4318695068359375e-05,1,31
189,2.4318695068359375e-05,1,31
190,2.4318695068359375e-05,1,31
191,2.4318695068359375e-05,1,31
192,2.4318695068359375e-05,1,31
193,2.4318695068359375e-05,1,31
194,2.4318695068359375e-05,1,31
195,2.4318695068359375e-05,1,31
196,2.4318695068359375e-05,1,31
197,2.4318695068359375e-05,1,31
198,2.4318695068359375e-05,1,31
199,2.4318695068359375e-05,1,31
200,2.4318695068359375e-05,1,31
1,0.0042029619216918945,1,32
2,0.0042029619216918945,1,32
3,0.005294382572174072,1,32
4,0.005294382572174072,1,32
5,0.005294382572174072,1,32
6,0.007782697677612305,1,32
7,0.007782697677612305,1,32
8,0.007782697677612305,1,32
9,0.008555591106414795,1,32
10,0.008555591106414795,1,32
11,0.008555591106414795,1,32
12,0.009602189064025879,1,32
13,0.009602189064025879,1,32
14,0.010701179504394531,1,32
15,0.010701179504394531,1,32
16,0.010701179504394531,1,32
17,0.016697704792022705,1,32
18,0.016697704792022705,1,32
19,0.016697704792022705,1,32
20,0.016697704792022705,1,32
21,0.016697704792022705,1,32
22,0.016697704792022705,1,32
23,0.016697704792022705,1,32
24,0.016697704792022705,1,32
25,0.016697704792022705,1,32
26,0.018883705139160156,1,32
27,0.018883705139160156,1,32
28,0.018883705139160156,1,32
29,0.018883705139160156,1,32
30,0.018883705139160156,1,32
31,0.018883705139160156,1,32
32,0.02025294303894043,1,32
33,0.02025294303894043,1,32
34,0.02025294303894043,1,32
35,0.02044379711151123,1,32
36,0.02044379711151123,1,32
37,0.02044379711151123,1,32
38,0.02044379711151123,1,32
39,0.02044379711151123,1,32
40,0.020516514778137207,1,32
41,0.02057826519012451,1,32
42,0.02057826519012451,1,32
43,0.02057826519012451,1,32
44,0.02057826519012451,1,32
45,0.02057826519012451,1,32
46,0.02057826519012451,1,32
47,0.02057826519012451,1,32
48,0.02057826519012451,1,32
49,0.02057826519012451,1,32
50,0.02057826519012451,1,32
51,0.02057826519012451,1,32
52,0.02057826519012451,1,32
53,0.02057826519012451,1,32
54,0.05548369884490967,2,32
55,0.05548369884490967,2,32
56,0.05548369884490967,2,32
57,0.05548369884490967,2,32
58,0.05548369884490967,2,32
59,0.05548369884490967,2,32
60,0.07963085174560547,2,32
61,0.07963085174560547,2,32
62,0.07963085174560547,2,32
63,0.07963085174560547,2,32
64,0.07963085174560547,2,32
65,0.07963085174560547,2,32
66,0.07963085174560547,2,32
67,0.07963085174560547,2,32
68,0.07963085174560547,2,32
69,0.07963085174560547,2,32
70,0.07963085174560547,2,32
71,0.07963085174560547,2,32
72,0.07963085174560547,2,32
73,0.08819597959518433,2,32
74,0.08819597959518433,2,32
75,0.15106719732284546,3,32
76,0.15106719732284546,3,32
77,0.15106719732284546,3,32
78,0.1604744791984558,3,32
79,0.1604744791984558,3,32
80,0.1604744791984558,3,32
81,0.1604744791984558,3,32
82,0.1604744791984558,3,32
83,0.1604744791984558,3,32
84,0.1604744791984558,3,32
85,0.26321500539779663,5,32
86,0.26321500539779663,5,32
87,0.26321500539779663,5,32
88,0.26321500539779663,5,32
89,0.26321500539779663,5,32
90,0.2316831350326538,3,32
91,0.321597695350647,5,32
92,0.321597695350647,5,32
93,0.4081128239631653,6,32
94,0.4081128239631653,6,32
95,0.4081128239631653,6,32
96,0.4081128239631653,6,32
97,0.42085063457489014,6,32
98,0.42085063457489014,6,32
99,0.42085063457489014,6,32
100,0.42085063457489014,6,32
101,0.42085063457489014,6,32
102,0.42085063457489014,6,32
103,0.5071409344673157,8,32
104,0.5071409344673157,8,32
105,0.5351033210754395,8,32
106,0.5351033210754395,8,32
107,0.5351033210754395,8,32
108,0.5816694796085358,8,32
109,0.5816694796085358,8,32
110,0.5887632071971893,8,32
111,0.5922548472881317,7,32
112,0.5922548472881317,7,32
113,0.5922548472881317,7,32
114,0.6743560135364532,8,32
115,0.6743560135364532,8,32
116,0.6743560135364532,8,32
117,0.7073648571968079,9,32
118,0.7073648571968079,9,32
119,0.7236412465572357,9,32
120,0.7236412465572357,9,32
121,0.7236412465572357,9,32
122,0.7236412465572357,9,32
123,0.7236412465572357,9,32
124,0.7837464809417725,8,32
125,0.7837464809417725,8,32
126,0.7837464809417725,8,32
127,0.7837464809417725,8,32
128,0.7837464809417725,8,32
129,0.7837464809417725,8,32
130,0.7837464809417725,8,32
131,0.7837464809417725,8,32
132,0.7837464809417725,8,32
133,0.7837464809417725,8,32
134,0.7837464809417725,8,32
135,0.7837464809417725,8,32
136,0.7837464809417725,8,32
137,0.7837464809417725,8,32
138,0.7837464809417725,8,32
139,0.7837464809417725,8,32
140,0.7837464809417725,8,32
141,0.7837464809417725,8,32
142,0.7837464809417725,8,32
143,0.7837464809417725,8,32
144,0.7837464809417725,8,32
145,0.7837464809417725,8,32
146,0.7837464809417725,8,32
147,0.7837464809417725,8,32
148,0.7837464809417725,8,32
149,0.7937124371528625,8,32
150,0.8908171206712723,11,32
151,0.8908171206712723,11,32
152,0.8908171206712723,11,32
153,0.8158892095088959,8,32
154,0.8158892095088959,8,32
155,0.8587916642427444,9,32
156,0.8587916642427444,9,32
157,0.9103937447071075,10,32
158,0.9103937447071075,10,32
159,0.9103937447071075,10,32
160,0.9103937447071075,10,32
161,0.9103937447071075,10,32
162,0.9103937447071075,10,32
163,0.9103937447071075,10,32
164,0.9103937447071075,10,32
165,0.912494957447052,9,32
166,0.912494957447052,9,32
167,0.912494957447052,9,32
168,0.912494957447052,9,32
169,0.912494957447052,9,32
170,0.912494957447052,9,32
171,0.912494957447052,9,32
172,0.912494957447052,9,32
173,0.912494957447052,9,32
174,0.912494957447052,9,32
175,0.912494957447052,9,32
176,0.912494957447052,9,32
177,0.912494957447052,9,32
178,0.912494957447052,9,32
179,0.912494957447052,9,32
180,0.912494957447052,9,32
181,0.912494957447052,9,32
182,0.912494957447052,9,32
183,0.912494957447052,9,32
184,0.912494957447052,9,32
185,0.912494957447052,9,32
186,0.912494957447052,9,32
187,0.912494957447052,9,32
188,0.912494957447052,9,32
189,0.912494957447052,9,32
190,0.912494957447052,9,32
191,0.912494957447052,9,32
192,0.912494957447052,9,32
193,0.912494957447052,9,32
194,0.912494957447052,9,32
195,0.912494957447052,9,32
196,0.912494957447052,9,32
197,0.912494957447052,9,32
198,0.912494957447052,9,32
199,0.912494957447052,9,32
200,0.912494957447052,9,32
1,0.0003707408905029297,1,33
2,0.0003707408905029297,1,33
3,0.0003707408905029297,1,33
4,0.0007179379463195801,1,33
5,0.0007179379463195801,1,33
6,0.000728309154510498,1,33
7,0.000728309154510498,1,33
8,0.000728309154510498,1,33
9,0.0012894868850708008,1,33
10,0.001627206802368164,1,33
11,0.001627206802368164,1,33
12,0.0017428994178771973,1,33
13,0.0017428994178771973,1,33
14,0.0017428994178771973,1,33
15,0.0017428994178771973,1,33
16,0.0017428994178771973,1,33
17,0.0017428994178771973,1,33
18,0.0017428994178771973,1,33
19,0.0017428994178771973,1,33
20,0.0018004179000854492,1,33
21,0.0018004179000854492,1,33
22,0.0018004179000854492,1,33
23,0.0018004179000854492,1,33
24,0.0018004179000854492,1,33
25,0.0018004179000854492,1,33
26,0.0018004179000854492,1,33
27,0.0018004179000854492,1,33
28,0.0018004179000854492,1,33
29,0.0018004179000854492,1,33
30,0.0018004179000854492,1,33
31,0.0018004179000854492,1,33
32,0.0018004179000854492,1,33
33,0.0018004179000854492,1,33
34,0.0018553733825683594,1,33
35,0.0018553733825683594,1,33
36,0.0018553733825683594,1,33
37,0.0018553733825683594,1,33
38,0.0018553733825683594,1,33
39,0.0018553733825683594,1,33
40,0.0018553733825683594,1,33
41,0.0018553733825683594,1,33
42,0.0018553733825683594,1,33
43,0.0018553733825683594,1,33
44,0.0018553733825683594,1,33
45,0.0018553733825683594,1,33
46,0.0018553733825683594,1,33
47,0.0018553733825683594,1,33
48,0.0018553733825683594,1,33
49,0.0018553733825683594,1,33
50,0.0018553733825683594,1,33
51,0.0018553733825683594,1,33
52,0.0018553733825683594,1,33
53,0.0018553733825683594,1,33
54,0.0018553733825683594,1,33
55,0.0018553733825683594,1,33
56,0.0018553733825683594,1,33
57,0.0018553733825683594,1,33
58,0.0018553733825683594,1,33
59,0.0018553733825683594,1,33
60,0.0018553733825683594,1,33
61,0.0018553733825683594,1,33
62,0.0018553733825683594,1,33
63,0.0018553733825683594,1,33
64,0.0018553733825683594,1,33
65,0.0018553733825683594,1,33
66,0.0018553733825683594,1,33
67,0.0018553733825683594,1,33
68,0.0018553733825683594,1,33
69,0.0018553733825683594,1,33
70,0.0018553733825683594,1,33
71,0.0018553733825683594,1,33
72,0.0018553733825683594,1,33
73,0.0018553733825683594,1,33
74,0.0018553733825683594,1,33
75,0.0018553733825683594,1,33
76,0.0018553733825683594,1,33
77,0.0018553733825683594,1,33
78,0.0018553733825683594,1,33
79,0.0018553733825683594,1,33
80,0.0018553733825683594,1,33
81,0.0018553733825683594,1,33
82,0.0018553733825683594,1,33
83,0.0018553733825683594,1,33
84,0.0018553733825683594,1,33
85,0.0018553733825683594,1,33
86,0.0018553733825683594,1,33
87,0.0018553733825683594,1,33
88,0.0018553733825683594,1,33
89,0.0018553733825683594,1,33
90,0.0018553733825683594,1,33
91,0.0018553733825683594,1,33
92,0.0018553733825683594,1,33
93,0.0018553733825683594,1,33
94,0.0018553733825683594,1,33
95,0.0018553733825683594,1,33
96,0.0018553733825683594,1,33
97,0.0018553733825683594,1,33
98,0.0018553733825683594,1,33
99,0.0018553733825683594,1,33
100,0.0018553733825683594,1,33
101,0.0018553733825683594,1,33
102,0.0018553733825683594,1,33
103,0.0018553733825683594,1,33
104,0.0018553733825683594,1,33
105,0.0018553733825683594,1,33
106,0.0018553733825683594,1,33
107,0.0018553733825683594,1,33
108,0.0018553733825683594,1,33
109,0.0018553733825683594,1,33
110,0.0018553733825683594,1,33
111,0.0018553733825683594,1,33
112,0.0018553733825683594,1,33
113,0.0018553733825683594,1,33
114,0.0018553733825683594,1,33
115,0.0018553733825683594,1,33
116,0.0018553733825683594,1,33
117,0.0018553733825683594,1,33
118,0.0018553733825683594,1,33
119,0.0018553733825683594,1,33
120,0.0018553733825683594,1,33
121,0.0018553733825683594,1,33
122,0.0018553733825683594,1,33
123,0.0018553733825683594,1,33
124,0.0018553733825683594,1,33
125,0.0018553733825683594,1,33
126,0.0018553733825683594,1,33
127,0.0018553733825683594,1,33
128,0.0018553733825683594,1,33
129,0.0018553733825683594,1,33
130,0.0018553733825683594,1,33
131,0.0018553733825683594,1,33
132,0.0018553733825683594,1,33
133,0.0018553733825683594,1,33
134,0.0018553733825683594,1,33
135,0.0018553733825683594,1,33
136,0.0018553733825683594,1,33
137,0.0018553733825683594,1,33
138,0.0018553733825683594,1,33
139,0.0018553733825683594,1,33
140,0.0018553733825683594,1,33
141,0.0018553733825683594,1,33
142,0.0018553733825683594,1,33
143,0.0018553733825683594,1,33
144,0.0018553733825683594,1,33
145,0.0018553733825683594,1,33
146,0.0018553733825683594,1,33
147,0.0018553733825683594,1,33
148,0.0018553733825683594,1,33
149,0.0018553733825683594,1,33
150,0.0018553733825683594,1,33
151,0.0018553733825683594,1,33
152,0.0018553733825683594,1,33
153,0.0018553733825683594,1,33
154,0.0018553733825683594,1,33
155,0.0018553733825683594,1,33
156,0.0018553733825683594,1,33
157,0.0018553733825683594,1,33
158,0.0018553733825683594,1,33
159,0.0018553733825683594,1,33
160,0.0018553733825683594,1,33
161,0.0018553733825683594,1,33
162,0.0018553733825683594,1,33
163,0.0018553733825683594,1,33
164,0.0018553733825683594,1,33
165,0.0018553733825683594,1,33
166,0.0018553733825683594,1,33
167,0.0018553733825683594,1,33
168,0.0018553733825683594,1,33
169,0.0018553733825683594,1,33
170,0.0018553733825683594,1,33
171,0.0018553733825683594,1,33
172,0.0018553733825683594,1,33
173,0.0018553733825683594,1,33
174,0.0018553733825683594,1,33
175,0.0018553733825683594,1,33
176,0.0018553733825683594,1,33
177,0.0018553733825683594,1,33
178,0.0018553733825683594,1,33
179,0.0018553733825683594,1,33
180,0.0018553733825683594,1,33
181,0.0018553733825683594,1,33
182,0.0018553733825683594,1,33
183,0.0018553733825683594,1,33
184,0.0018553733825683594,1,33
185,0.0018553733825683594,1,33
186,0.0018553733825683594,1,33
187,0.0018553733825683594,1,33
188,0.0018553733825683594,1,33
189,0.0018553733825683594,1,33
190,0.0018553733825683594,1,33
191,0.0018553733825683594,1,33
192,0.0018553733825683594,1,33
193,0.0018553733825683594,1,33
194,0.0018553733825683594,1,33
195,0.0018553733825683594,1,33
196,0.0018553733825683594,1,33
197,0.0018553733825683594,1,33
198,0.0018553733825683594,1,33
199,0.0018553733825683594,1,33
200,0.0018553733825683594,1,33
1,0.13216739892959595,2,34
2,0.1688663363456726,2,34
3,0.34016239643096924,5,34
4,0.34016239643096924,5,34
5,0.34016239643096924,5,34
6,0.611537754535675,8,34
7,0.6335632801055908,8,34
8,0.6335632801055908,8,34
9,0.6721996665000916,8,34
10,0.6721996665000916,8,34
11,0.7204687893390656,8,34
12,0.7104283571243286,7,34
13,0.8875374346971512,8,34
14,0.8875374346971512,8,34
15,0.8875374346971512,8,34
16,0.8875374346971512,8,34
17,0.8670889586210251,6,34
18,0.8670889586210251,6,34
19,0.8670889586210251,6,34
20,0.8670889586210251,6,34
21,0.8670889586210251,6,34
22,0.9568673297762871,8,34
23,0.9752420466393232,7,34
24,0.9752420466393232,7,34
25,0.9752420466393232,7,34
26,0.9752420466393232,7,34
27,0.9752420466393232,7,34
28,0.9752420466393232,7,34
29,0.9752420466393232,7,34
30,0.9752420466393232,7,34
31,0.9752420466393232,7,34
32,0.9752420466393232,7,34
33,0.9752420466393232,7,34
34,0.9752420466393232,7,34
35,0.9752420466393232,7,34
36,0.9752420466393232,7,34
37,0.9752420466393232,7,34
38,0.9752420466393232,7,34
39,0.9752420466393232,7,34
40,0.9752420466393232,7,34
41,0.9752420466393232,7,34
42,0.9752420466393232,7,34
43,0.9752420466393232,7,34
44,0.9752420466393232,7,34
45,0.9752420466393232,7,34
46,0.9752420466393232,7,34
47,0.9752420466393232,7,34
48,0.9752420466393232,7,34
49,0.9752420466393232,7,34
50,0.9752420466393232,7,34
51,0.9752420466393232,7,34
52,0.9752420466393232,7,34
53,0.9752420466393232,7,34
54,0.9752420466393232,7,34
55,0.9752420466393232,7,34
56,0.9752420466393232,7,34
57,0.9752420466393232,7,34
58,0.9752420466393232,7,34
59,0.9752420466393232,7,34
60,0.9752420466393232,7,34
61,0.9752420466393232,7,34
62,0.9752420466393232,7,34
63,0.9752420466393232,7,34
64,0.9752420466393232,7,34
65,0.9752420466393232,7,34
66,0.9752420466393232,7,34
67,0.9752420466393232,7,34
68,0.9752420466393232,7,34
69,0.9752420466393232,7,34
70,0.9752420466393232,7,34
71,0.9752420466393232,7,34
72,0.9752420466393232,7,34
73,0.9752420466393232,7,34
74,0.9752420466393232,7,34
75,0.9752420466393232,7,34
76,0.9752420466393232,7,34
77,0.9752420466393232,7,34
78,0.9752420466393232,7,34
79,0.9752420466393232,7,34
80,0.9561523422598839,6,34
81,0.9561523422598839,6,34
82,0.9561523422598839,6,34
83,0.9561523422598839,6,34
84,0.9561523422598839,6,34
85,0.9561523422598839,6,34
86,0.9561523422598839,6,34
87,0.9561523422598839,6,34
88,0.9561523422598839,6,34
89,0.9561523422598839,6,34
90,0.9561523422598839,6,34
91,0.9561523422598839,6,34
92,0.9561523422598839,6,34
93,0.9561523422598839,6,34
94,0.9561523422598839,6,34
95,0.9561523422598839,6,34
96,0.9561523422598839,6,34
97,0.9561523422598839,6,34
98,0.9561523422598839,6,34
99,0.9561523422598839,6,34
100,0.9561523422598839,6,34
101,0.9561523422598839,6,34
102,0.9561523422598839,6,34
103,0.9561523422598839,6,34
104,0.9561523422598839,6,34
105,0.9561523422598839,6,34
106,0.9561523422598839,6,34
107,0.9561523422598839,6,34
108,0.9561523422598839,6,34
109,0.9561523422598839,6,34
110,0.9561523422598839,6,34
111,0.9561523422598839,6,34
112,0.9561523422598839,6,34
113,0.9561523422598839,6,34
114,0.9561523422598839,6,34
115,0.9561523422598839,6,34
116,0.9561523422598839,6,34
117,0.9561523422598839,6,34
118,0.9561523422598839,6,34
119,0.9561523422598839,6,34
120,0.9561523422598839,6,34
121,0.9561523422598839,6,34
122,0.9561523422598839,6,34
123,0.9561523422598839,6,34
124,0.9561523422598839,6,34
125,0.9561523422598839,6,34
126,0.9561523422598839,6,34
127,0.9561523422598839,6,34
128,0.9561523422598839,6,34
129,0.9561523422598839,6,34
130,0.9561523422598839,6,34
131,0.9561523422598839,6,34
132,0.9561523422598839,6,34
133,0.9561523422598839,6,34
134,0.9561523422598839,6,34
135,0.9561523422598839,6,34
136,0.9561523422598839,6,34
137,0.9561523422598839,6,34
138,0.9561523422598839,6,34
139,0.9561523422598839,6,34
140,0.9561523422598839,6,34
141,0.9561523422598839,6,34
142,0.9561523422598839,6,34
143,0.9561523422598839,6,34
144,0.9561523422598839,6,34
145,0.9561523422598839,6,34
146,0.9561523422598839,6,34
147,0.9561523422598839,6,34
148,0.9561523422598839,6,34
149,0.9561523422598839,6,34
150,0.9561523422598839,6,34
151,0.9561523422598839,6,34
152,0.9561523422598839,6,34
153,0.9561523422598839,6,34
154,0.9561523422598839,6,34
155,0.9561523422598839,6,34
156,0.9561523422598839,6,34
157,0.9561523422598839,6,34
158,0.9561523422598839,6,34
159,0.9561523422598839,6,34
160,0.9561523422598839,6,34
161,0.9561523422598839,6,34
162,0.9561523422598839,6,34
163,0.9561523422598839,6,34
164,0.9561523422598839,6,34
165,0.9561523422598839,6,34
166,0.9561523422598839,6,34
167,0.9561523422598839,6,34
168,0.9561523422598839,6,34
169,0.9561523422598839,6,34
170,0.9568109177052975,6,34
171,0.9568109177052975,6,34
172,0.9568109177052975,6,34
173,0.9568109177052975,6,34
174,0.9568109177052975,6,34
175,0.9568109177052975,6,34
176,0.9568109177052975,6,34
177,0.9568109177052975,6,34
178,0.9568109177052975,6,34
179,0.9568109177052975,6,34
180,0.9568109177052975,6,34
181,0.9568109177052975,6,34
182,0.9574746154248714,6,34
183,0.9574746154248714,6,34
184,0.9574746154248714,6,34
185,0.9574746154248714,6,34
186,0.9574746154248714,6,34
187,0.9574746154248714,6,34
188,0.9574746154248714,6,34
189,0.9734767023473978,6,34
190,0.9734767023473978,6,34
191,0.9734767023473978,6,34
192,0.9734767023473978,6,34
193,0.9734767023473978,6,34
194,0.9734767023473978,6,34
195,0.9734767023473978,6,34
196,0.9734767023473978,6,34
197,0.9734767023473978,6,34
198,0.9734767023473978,6,34
199,0.9734767023473978,6,34
200,0.9734767023473978,6,34
1,0.9241382777690887,9,35
2,0.8151487708091736,5,35
3,0.9373348653316498,5,35
4,0.9644421599805355,5,35
5,0.9644421599805355,5,35
6,0.9447687231004238,4,35
7,0.9447687231004238,4,35
8,0.9447687231004238,4,35
9,0.9447687231004238,4,35
10,0.9447687231004238,4,35
11,0.9447687231004238,4,35
12,0.9447687231004238,4,35
13,0.9447687231004238,4,35
14,0.9447687231004238,4,35
15,0.9935316545888782,5,35
16,0.9935316545888782,5,35
17,0.9956546761095524,5,35
18,0.9956546761095524,5,35
19,0.9956546761095524,5,35
20,0.9985928357345983,5,35
21,0.9985928357345983,5,35
22,0.9985928357345983,5,35
23,0.9985928357345983,5,35
24,0.9985928357345983,5,35
25,0.9985928357345983,5,35
26,0.9985928357345983,5,35
27,0.9852419076487422,4,35
28,0.9852419076487422,4,35
29,0.9852419076487422,4,35
30,0.9852419076487422,4,35
31,0.9852419076487422,4,35
32,0.9852419076487422,4,35
33,0.9852419076487422,4,35
34,0.9852419076487422,4,35
35,0.9852419076487422,4,35
36,0.9866871321573853,4,35
37,0.9866871321573853,4,35
38,0.9866871321573853,4,35
39,0.99580572033301,4,35
40,0.99580572033301,4,35
41,0.99580572033301,4,35
42,0.99580572033301,4,35
43,0.99580572033301,4,35
44,0.9716942962259054,3,35
45,0.9716942962259054,3,35
46,0.9716942962259054,3,35
47,0.9836601670831442,3,35
48,0.9836601670831442,3,35
49,0.9836601670831442,3,35
50,0.9836601670831442,3,35
51,0.9836601670831442,3,35
52,0.9836601670831442,3,35
53,0.9836601670831442,3,35
54,0.9852749044075608,3,35
55,0.9852749044075608,3,35
56,0.9859912497922778,3,35
57,0.9859912497922778,3,35
58,0.9859912497922778,3,35
59,0.9859912497922778,3,35
60,0.9880494251847267,3,35
61,0.9880494251847267,3,35
62,0.9880494251847267,3,35
63,0.9934389027766883,3,35
64,0.9934389027766883,3,35
65,0.9934389027766883,3,35
66,0.9934389027766883,3,35
67,0.9934389027766883,3,35
68,0.9934389027766883,3,35
69,0.9934877506457269,3,35
70,0.9934877506457269,3,35
71,0.9956908244639635,3,35
72,0.9956908244639635,3,35
73,0.9956908244639635,3,35
74,0.9956908244639635,3,35
75,0.9956908244639635,3,35
76,0.9956908244639635,3,35
77,0.9956908244639635,3,35
78,0.9956908244639635,3,35
79,0.9956908244639635,3,35
80,0.9969265386462212,3,35
81,0.9969265386462212,3,35
82,0.9969265386462212,3,35
83,0.997013000305742,3,35
84,0.997013000305742,3,35
85,0.997013000305742,3,35
86,0.997013000305742,3,35
87,0.997013000305742,3,35
88,0.997013000305742,3,35
89,0.997013000305742,3,35
90,0.997013000305742,3,35
91,0.9756743535399437,2,35
92,0.9756743535399437,2,35
93,0.9756743535399437,2,35
94,0.9756743535399437,2,35
95,0.9756743535399437,2,35
96,0.9756743535399437,2,35
97,0.9756743535399437,2,35
98,0.9756743535399437,2,35
99,0.9756743535399437,2,35
100,0.9756743535399437,2,35
101,0.9756743535399437,2,35
102,0.9756743535399437,2,35
103,0.9756743535399437,2,35
104,0.9756743535399437,2,35
105,0.9756743535399437,2,35
106,0.9756743535399437,2,35
107,0.9756743535399437,2,35
108,0.9756743535399437,2,35
109,0.9772747065871954,2,35
110,0.9772747065871954,2,35
111,0.9772747065871954,2,35
112,0.9779824540019035,2,35
113,0.9779824540019035,2,35
114,0.9779824540019035,2,35
115,0.9779824540019035,2,35
116,0.9779824540019035,2,35
117,0.9779824540019035,2,35
118,0.9779824540019035,2,35
119,0.9779824540019035,2,35
120,0.9779824540019035,2,35
121,0.9779824540019035,2,35
122,0.9779824540019035,2,35
123,0.9779824540019035,2,35
124,0.9779824540019035,2,35
125,0.9779824540019035,2,35
126,0.9779824540019035,2,35
127,0.9779824540019035,2,35
128,0.9779824540019035,2,35
129,0.9779824540019035,2,35
130,0.9779824540019035,2,35
131,0.980662826448679,2,35
132,0.980662826448679,2,35
133,0.980662826448679,2,35
134,0.980662826448679,2,35
135,0.9831015132367611,2,35
136,0.9831015132367611,2,35
137,0.9831015132367611,2,35
138,0.9831015132367611,2,35
139,0.9831015132367611,2,35
140,0.9831015132367611,2,35
141,0.9831015132367611,2,35
142,0.9843306001275778,2,35
143,0.9843306001275778,2,35
144,0.9843306001275778,2,35
145,0.9843306001275778,2,35
146,0.9843306001275778,2,35
147,0.9843306001275778,2,35
148,0.9843306001275778,2,35
149,0.9855124903842807,2,35
150,0.9855124903842807,2,35
151,0.9855124903842807,2,35
152,0.9855124903842807,2,35
153,0.9855124903842807,2,35
154,0.9855124903842807,2,35
155,0.9855124903842807,2,35
156,0.9855124903842807,2,35
157,0.9855124903842807,2,35
158,0.9855124903842807,2,35
159,0.9855124903842807,2,35
160,0.9855124903842807,2,35
161,0.9855124903842807,2,35
162,0.9855124903842807,2,35
163,0.9855124903842807,2,35
164,0.9855124903842807,2,35
165,0.9855124903842807,2,35
166,0.9855124903842807,2,35
167,0.9855124903842807,2,35
168,0.9855124903842807,2,35
169,0.9855124903842807,2,35
170,0.9855124903842807,2,35
171,0.9855124903842807,2,35
172,0.9855124903842807,2,35
173,0.9855124903842807,2,35
174,0.9855124903842807,2,35
175,0.9855124903842807,2,35
176,0.9855124903842807,2,35
177,0.9855124903842807,2,35
178,0.9855124903842807,2,35
179,0.9855124903842807,2,35
180,0.9855124903842807,2,35
181,0.9855124903842807,2,35
182,0.9855124903842807,2,35
183,0.9855124903842807,2,35
184,0.9855124903842807,2,35
185,0.9855124903842807,2,35
186,0.9855124903842807,2,35
187,0.9855124903842807,2,35
188,0.9855124903842807,2,35
189,0.9855124903842807,2,35
190,0.9855124903842807,2,35
191,0.9855124903842807,2,35
192,0.9855124903842807,2,35
193,0.9855124903842807,2,35
194,0.9855124903842807,2,35
195,0.9855124903842807,2,35
196,0.9855124903842807,2,35
197,0.9855124903842807,2,35
198,0.9855124903842807,2,35
199,0.9860829096287489,2,35
200,0.9860829096287489,2,35
1,8.213520050048828e-05,1,36
2,9.059906005859375e-05,1,36
3,9.059906005859375e-05,1,36
4,9.882450103759766e-05,1,36
5,0.0001327991485595703,1,36
6,0.0001327991485595703,1,36
7,0.00016570091247558594,1,36
8,0.00016570091247558594,1,36
9,0.00022739171981811523,1,36
10,0.00026744604110717773,1,36
11,0.00026744604110717773,1,36
12,0.0002942681312561035,1,36
13,0.0003091096878051758,1,36
14,0.0003091096878051758,1,36
15,0.0003992915153503418,1,36
16,0.0003992915153503418,1,36
17,0.0003992915153503418,1,36
18,0.0003992915153503418,1,36
19,0.0003992915153503418,1,36
20,0.0003992915153503418,1,36
21,0.0003992915153503418,1,36
22,0.0003992915153503418,1,36
23,0.0003992915153503418,1,36
24,0.0003992915153503418,1,36
25,0.0003992915153503418,1,36
26,0.0003992915153503418,1,36
27,0.0003992915153503418,1,36
28,0.0003992915153503418,1,36
29,0.0003992915153503418,1,36
30,0.00041610002517700195,1,36
31,0.00041610002517700195,1,36
32,0.00041610002517700195,1,36
33,0.00041610002517700195,1,36
34,0.00041610002517700195,1,36
35,0.00041610002517700195,1,36
36,0.00041610002517700195,1,36
37,0.00041610002517700195,1,36
38,0.000422060489654541,1,36
39,0.000422060489654541,1,36
40,0.000422060489654541,1,36
41,0.000422060489654541,1,36
42,0.000422060489654541,1,36
43,0.000422060489654541,1,36
44,0.000422060489654541,1,36
45,0.000422060489654541,1,36
46,0.000422060489654541,1,36
47,0.000422060489654541,1,36
48,0.000422060489654541,1,36
49,0.000422060489654541,1,36
50,0.000422060489654541,1,36
51,0.000422060489654541,1,36
52,0.000422060489654541,1,36
53,0.000422060489654541,1,36
54,0.000422060489654541,1,36
55,0.000422060489654541,1,36
56,0.000422060489654541,1,36
57,0.000422060489654541,1,36
58,0.000422060489654541,1,36
59,0.000422060489654541,1,36
60,0.000422060489654541,1,36
61,0.000422060489654541,1,36
62,0.000422060489654541,1,36
63,0.000422060489654541,1,36
64,0.000422060489654541,1,36
65,0.000422060489654541,1,36
66,0.000422060489654541,1,36
67,0.000422060489654541,1,36
68,0.000422060489654541,1,36
69,0.000422060489654541,1,36
70,0.000422060489654541,1,36
71,0.000422060489654541,1,36
72,0.000422060489654541,1,36
73,0.000422060489654541,1,36
74,0.000422060489654541,1,36
75,0.000422060489654541,1,36
76,0.000422060489654541,1,36
77,0.000422060489654541,1,36
78,0.000422060489654541,1,36
79,0.000422060489654541,1,36
80,0.000422060489654541,1,36
81,0.000422060489654541,1,36
82,0.000422060489654541,1,36
83,0.000422060489654541,1,36
84,0.000422060489654541,1,36
85,0.000422060489654541,1,36
86,0.000422060489654541,1,36
87,0.000422060489654541,1,36
88,0.000422060489654541,1,36
89,0.000422060489654541,1,36
90,0.000422060489654541,1,36
91,0.000422060489654541,1,36
92,0.000422060489654541,1,36
93,0.000422060489654541,1,36
94,0.000422060489654541,1,36
95,0.000422060489654541,1,36
96,0.000422060489654541,1,36
97,0.000422060489654541,1,36
98,0.000422060489654541,1,36
99,0.000422060489654541,1,36
100,0.000422060489654541,1,36
101,0.000422060489654541,1,36
102,0.000422060489654541,1,36
103,0.000422060489654541,1,36
104,0.000422060489654541,1,36
105,0.000422060489654541,1,36
106,0.000422060489654541,1,36
107,0.000422060489654541,1,36
108,0.000422060489654541,1,36
109,0.000422060489654541,1,36
110,0.000422060489654541,1,36
111,0.000422060489654541,1,36
112,0.000422060489654541,1,36
113,0.000422060489654541,1,36
114,0.000422060489654541,1,36
115,0.000422060489654541,1,36
116,0.000422060489654541,1,36
117,0.000422060489654541,1,36
118,0.000422060489654541,1,36
119,0.000422060489654541,1,36
120,0.000422060489654541,1,36
121,0.000422060489654541,1,36
122,0.000422060489654541,1,36
123,0.000422060489654541,1,36
124,0.000422060489654541,1,36
125,0.000422060489654541,1,36
126,0.000422060489654541,1,36
127,0.000422060489654541,1,36
128,0.000422060489654541,1,36
129,0.000422060489654541,1,36
130,0.000422060489654541,1,36
131,0.000422060489654541,1,36
132,0.000422060489654541,1,36
133,0.000422060489654541,1,36
134,0.000422060489654541,1,36
135,0.000422060489654541,1,36
136,0.000422060489654541,1,36
137,0.000422060489654541,1,36
138,0.000422060489654541,1,36
139,0.000422060489654541,1,36
140,0.000422060489654541,1,36
141,0.000422060489654541,1,36
142,0.000422060489654541,1,36
143,0.000422060489654541,1,36
144,0.000422060489654541,1,36
145,0.000422060489654541,1,36
146,0.000422060489654541,1,36
147,0.000422060489654541,1,36
148,0.000422060489654541,1,36
149,0.000422060489654541,1,36
150,0.000422060489654541,1,36
151,0.000422060489654541,1,36
152,0.000422060489654541,1,36
153,0.000422060489654541,1,36
154,0.000422060489654541,1,36
155,0.000422060489654541,1,36
156,0.000422060489654541,1,36
157,0.000422060489654541,1,36
158,0.000422060489654541,1,36
159,0.000422060489654541,1,36
160,0.000422060489654541,1,36
161,0.000422060489654541,1,36
162,0.000422060489654541,1,36
163,0.000422060489654541,1,36
164,0.000422060489654541,1,36
165,0.000422060489654541,1,36
166,0.000422060489654541,1,36
167,0.000422060489654541,1,36
168,0.000422060489654541,1,36
169,0.000422060489654541,1,36
170,0.000422060489654541,1,36
171,0.000422060489654541,1,36
172,0.000422060489654541,1,36
173,0.000422060489654541,1,36
174,0.000422060489654541,1,36
175,0.000422060489654541,1,36
176,0.000422060489654541,1,36
177,0.000422060489654541,1,36
178,0.000422060489654541,1,36
179,0.000422060489654541,1,36
180,0.000422060489654541,1,36
181,0.000422060489654541,1,36
182,0.000422060489654541,1,36
183,0.000422060489654541,1,36
184,0.000422060489654541,1,36
185,0.000422060489654541,1,36
186,0.000422060489654541,1,36
187,0.000422060489654541,1,36
188,0.000422060489654541,1,36
189,0.000422060489654541,1,36
190,0.000422060489654541,1,36
191,0.000422060489654541,1,36
192,0.000422060489654541,1,36
193,0.000422060489654541,1,36
194,0.000422060489654541,1,36
195,0.000422060489654541,1,36
196,0.000422060489654541,1,36
197,0.000422060489654541,1,36
198,0.000422060489654541,1,36
199,0.000422060489654541,1,36
200,0.000422060489654541,1,36
1,0.6735087037086487,4,37
2,0.6735087037086487,4,37
3,0.761402815580368,6,37
4,0.8495628088712692,7,37
5,0.9246998503804207,9,37
6,0.9681982100009918,6,37
7,0.9681982100009918,6,37
8,0.9681982100009918,6,37
9,0.9681982100009918,6,37
10,0.9681982100009918,6,37
11,0.9681982100009918,6,37
12,0.9681982100009918,6,37
13,0.9681982100009918,6,37
14,0.9681982100009918,6,37
15,0.9681982100009918,6,37
16,0.9681982100009918,6,37
17,0.9681982100009918,6,37
18,0.9681982100009918,6,37
19,0.9681982100009918,6,37
20,0.9681982100009918,6,37
21,0.9681982100009918,6,37
22,0.9681982100009918,6,37
23,0.9681982100009918,6,37
24,0.9681982100009918,6,37
25,0.9681982100009918,6,37
26,0.9681982100009918,6,37
27,0.9681982100009918,6,37
28,0.9681982100009918,6,37
29,0.9681982100009918,6,37
30,0.9681982100009918,6,37
31,0.9681982100009918,6,37
32,0.9681982100009918,6,37
33,0.9681982100009918,6,37
34,0.9681982100009918,6,37
35,0.989553052932024,6,37
36,0.989553052932024,6,37
37,0.989553052932024,6,37
38,0.989553052932024,6,37
39,0.989553052932024,6,37
40,0.989553052932024,6,37
41,0.989553052932024,6,37
42,0.989553052932024,6,37
43,0.989553052932024,6,37
44,0.989553052932024,6,37
45,0.9616165272891521,5,37
46,0.9616165272891521,5,37
47,0.9616165272891521,5,37
48,0.9616165272891521,5,37
49,0.9616165272891521,5,37
50,0.9616165272891521,5,37
51,0.9616165272891521,5,37
52,0.9616165272891521,5,37
53,0.9616165272891521,5,37
54,0.9616165272891521,5,37
55,0.9616165272891521,5,37
56,0.9944016570225358,6,37
57,0.9944016570225358,6,37
58,0.9944016570225358,6,37
59,0.9944016570225358,6,37
60,0.9944016570225358,6,37
61,0.9944016570225358,6,37
62,0.9695051982998848,5,37
63,0.9695051982998848,5,37
64,0.9695051982998848,5,37
65,0.9695051982998848,5,37
66,0.9695051982998848,5,37
67,0.9913971666246653,5,37
68,0.9913971666246653,5,37
69,0.9913971666246653,5,37
70,0.9913971666246653,5,37
71,0.9913971666246653,5,37
72,0.9913971666246653,5,37
73,0.9913971666246653,5,37
74,0.9913971666246653,5,37
75,0.9913971666246653,5,37
76,0.9913971666246653,5,37
77,0.9913971666246653,5,37
78,0.9913971666246653,5,37
79,0.9940276867710054,5,37
80,0.9940276867710054,5,37
81,0.9940276867710054,5,37
82,0.9940276867710054,5,37
83,0.9940276867710054,5,37
84,0.9940276867710054,5,37
85,0.9940276867710054,5,37
86,0.9802968744188547,4,37
87,0.9802968744188547,4,37
88,0.9802968744188547,4,37
89,0.9802968744188547,4,37
90,0.9802968744188547,4,37
91,0.9868990816175938,4,37
92,0.9868990816175938,4,37
93,0.9868990816175938,4,37
94,0.9868990816175938,4,37
95,0.9868990816175938,4,37
96,0.9868990816175938,4,37
97,0.9868990816175938,4,37
98,0.9868990816175938,4,37
99,0.9868990816175938,4,37
100,0.9868990816175938,4,37
101,0.9868990816175938,4,37
102,0.9868990816175938,4,37
103,0.9868990816175938,4,37
104,0.9868990816175938,4,37
105,0.9891979740932584,4,37
106,0.9891979740932584,4,37
107,0.9891979740932584,4,37
108,0.9891979740932584,4,37
109,0.9891979740932584,4,37
110,0.9891979740932584,4,37
111,0.9891979740932584,4,37
112,0.9891979740932584,4,37
113,0.9891979740932584,4,37
114,0.9923483510501683,4,37
115,0.9923483510501683,4,37
116,0.9923483510501683,4,37
117,0.9923483510501683,4,37
118,0.9923483510501683,4,37
119,0.9923483510501683,4,37
120,0.9923483510501683,4,37
121,0.9923483510501683,4,37
122,0.9923483510501683,4,37
123,0.9923483510501683,4,37
124,0.9923483510501683,4,37
125,0.9923483510501683,4,37
126,0.9923483510501683,4,37
127,0.9923483510501683,4,37
128,0.9923483510501683,4,37
129,0.99359300872311,4,37
130,0.99359300872311,4,37
131,0.99359300872311,4,37
132,0.99359300872311,4,37
133,0.99359300872311,4,37
134,0.99359300872311,4,37
135,0.99359300872311,4,37
136,0.99359300872311,4,37
137,0.995126009453088,4,37
138,0.995126009453088,4,37
139,0.995126009453088,4,37
140,0.995126009453088,4,37
141,0.995126009453088,4,37
142,0.9703453239053488,3,37
143,0.9703453239053488,3,37
144,0.9703453239053488,3,37
145,0.9727054424583912,3,37
146,0.9727054424583912,3,37
147,0.9727054424583912,3,37
148,0.9727054424583912,3,37
149,0.9727054424583912,3,37
150,0.9727054424583912,3,37
151,0.9796078223735094,3,37
152,0.9796078223735094,3,37
153,0.9796078223735094,3,37
154,0.9796078223735094,3,37
155,0.9796078223735094,3,37
156,0.9796078223735094,3,37
157,0.9796078223735094,3,37
158,0.9796078223735094,3,37
159,0.9796078223735094,3,37
160,0.9796078223735094,3,37
161,0.9796078223735094,3,37
162,0.9796078223735094,3,37
163,0.9796078223735094,3,37
164,0.9796078223735094,3,37
165,0.9796078223735094,3,37
166,0.9796078223735094,3,37
167,0.9796078223735094,3,37
168,0.9796078223735094,3,37
169,0.9796078223735094,3,37
170,0.9802192952483892,3,37
171,0.9802192952483892,3,37
172,0.9802192952483892,3,37
173,0.9802192952483892,3,37
174,0.9802192952483892,3,37
175,0.9802192952483892,3,37
176,0.9802192952483892,3,37
177,0.9802192952483892,3,37
178,0.9802192952483892,3,37
179,0.9802192952483892,3,37
180,0.9846274983137846,3,37
181,0.9859990337863564,3,37
182,0.9859990337863564,3,37
183,0.9859990337863564,3,37
184,0.9859990337863564,3,37
185,0.9859990337863564,3,37
186,0.9859990337863564,3,37
187,0.9859990337863564,3,37
188,0.9873925885185599,3,37
189,0.9873925885185599,3,37
190,0.9873925885185599,3,37
191,0.9873925885185599,3,37
192,0.9873925885185599,3,37
193,0.9873925885185599,3,37
194,0.9873925885185599,3,37
195,0.9873925885185599,3,37
196,0.9873925885185599,3,37
197,0.9873925885185599,3,37
198,0.9873925885185599,3,37
199,0.9873925885185599,3,37
200,0.9873925885185599,3,37
1,0.00037992000579833984,1,38
2,0.00037980079650878906,1,38
3,0.0004565119743347168,1,38
4,0.0004565119743347168,1,38
5,0.0006669163703918457,1,38
6,0.0006669163703918457,1,38
7,0.0010440349578857422,1,38
8,0.0010440349578857422,1,38
9,0.001374959945678711,1,38
10,0.001374959945678711,1,38
11,0.001374959945678711,1,38
12,0.001508474349975586,1,38
13,0.0015968680381774902,1,38
14,0.0015968680381774902,1,38
15,0.0015968680381774902,1,38
16,0.0015968680381774902,1,38
17,0.0015968680381774902,1,38
18,0.0015968680381774902,1,38
19,0.0015968680381774902,1,38
20,0.0015968680381774902,1,38
21,0.0015968680381774902,1,38
22,0.0015968680381774902,1,38
23,0.0015968680381774902,1,38
24,0.0015968680381774902,1,38
25,0.0015968680381774902,1,38
26,0.0015968680381774902,1,38
27,0.0015968680381774902,1,38
28,0.0015968680381774902,1,38
29,0.0015968680381774902,1,38
30,0.0015968680381774902,1,38
31,0.0015968680381774902,1,38
32,0.0015968680381774902,1,38
33,0.0015968680381774902,1,38
34,0.0015968680381774902,1,38
35,0.0015968680381774902,1,38
36,0.0015968680381774902,1,38
37,0.0015968680381774902,1,38
38,0.0015968680381774902,1,38
39,0.0015968680381774902,1,38
40,0.0015968680381774902,1,38
41,0.0015968680381774902,1,38
42,0.0015968680381774902,1,38
43,0.0015968680381774902,1,38
44,0.0015968680381774902,1,38
45,0.0015968680381774902,1,38
46,0.0015968680381774902,1,38
47,0.0015968680381774902,1,38
48,0.0015968680381774902,1,38
49,0.0015968680381774902,1,38
50,0.0015968680381774902,1,38
51,0.0015968680381774902,1,38
52,0.0015968680381774902,1,38
53,0.0015968680381774902,1,38
54,0.0015968680381774902,1,38
55,0.0015968680381774902,1,38
56,0.0015968680381774902,1,38
57,0.0015968680381774902,1,38
58,0.0015968680381774902,1,38
59,0.0015968680381774902,1,38
60,0.0015968680381774902,1,38
61,0.0015968680381774902,1,38
62,0.0015968680381774902,1,38
63,0.0015968680381774902,1,38
64,0.0015968680381774902,1,38
65,0.0015968680381774902,1,38
66,0.0015968680381774902,1,38
67,0.0015968680381774902,1,38
68,0.0015968680381774902,1,38
69,0.0015968680381774902,1,38
70,0.0015968680381774902,1,38
71,0.0015968680381774902,1,38
72,0.0015968680381774902,1,38
73,0.0015968680381774902,1,38
74,0.0015968680381774902,1,38
75,0.0015968680381774902,1,38
76,0.0015968680381774902,1,38
77,0.0015968680381774902,1,38
78,0.0015968680381774902,1,38
79,0.0015968680381774902,1,38
80,0.0015968680381774902,1,38
81,0.0015968680381774902,1,38
82,0.0015968680381774902,1,38
83,0.0015968680381774902,1,38
84,0.0015968680381774902,1,38
85,0.0015968680381774902,1,38
86,0.0015968680381774902,1,38
87,0.0015968680381774902,1,38
88,0.0015968680381774902,1,38
89,0.0015968680381774902,1,38
90,0.0015968680381774902,1,38
91,0.0015968680381774902,1,38
92,0.0015968680381774902,1,38
93,0.0015968680381774902,1,38
94,0.0015968680381774902,1,38
95,0.0015968680381774902,1,38
96,0.0015968680381774902,1,38
97,0.0015968680381774902,1,38
98,0.0015968680381774902,1,38
99,0.0015968680381774902,1,38
100,0.0015968680381774902,1,38
101,0.0015968680381774902,1,38
102,0.0015968680381774902,1,38
103,0.0015968680381774902,1,38
104,0.0015968680381774902,1,38
105,0.0015968680381774902,1,38
106,0.0015968680381774902,1,38
107,0.0015968680381774902,1,38
108,0.0015968680381774902,1,38
109,0.0015968680381774902,1,38
110,0.0015968680381774902,1,38
111,0.0015968680381774902,1,38
112,0.0015968680381774902,1,38
113,0.0015968680381774902,1,38
114,0.0015968680381774902,1,38
115,0.0015968680381774902,1,38
116,0.0015968680381774902,1,38
117,0.0015968680381774902,1,38
118,0.0015968680381774902,1,38
119,0.0015968680381774902,1,38
120,0.0015968680381774902,1,38
121,0.0015968680381774902,1,38
122,0.0015968680381774902,1,38
123,0.0015968680381774902,1,38
124,0.0015968680381774902,1,38
125,0.0015968680381774902,1,38
126,0.0015968680381774902,1,38
127,0.0015968680381774902,1,38
128,0.0015968680381774902,1,38
129,0.0015968680381774902,1,38
130,0.0015968680381774902,1,38
131,0.0015968680381774902,1,38
132,0.0015968680381774902,1,38
133,0.0015968680381774902,1,38
134,0.0015968680381774902,1,38
135,0.0015968680381774902,1,38
136,0.0015968680381774902,1,38
137,0.0015968680381774902,1,38
138,0.0015968680381774902,1,38
139,0.0015968680381774902,1,38
140,0.0015968680381774902,1,38
141,0.0015968680381774902,1,38
142,0.0015968680381774902,1,38
143,0.0015968680381774902,1,38
144,0.0015968680381774902,1,38
145,0.0015968680381774902,1,38
146,0.0015968680381774902,1,38
147,0.0015968680381774902,1,38
148,0.0015968680381774902,1,38
149,0.0015968680381774902,1,38
150,0.0015968680381774902,1,38
151,0.0015968680381774902,1,38
152,0.0015968680381774902,1,38
153,0.0015968680381774902,1,38
154,0.0015968680381774902,1,38
155,0.0015968680381774902,1,38
156,0.0015968680381774902,1,38
157,0.0015968680381774902,1,38
158,0.0015968680381774902,1,38
159,0.0015968680381774902,1,38
160,0.0015968680381774902,1,38
161,0.0015968680381774902,1,38
162,0.0015968680381774902,1,38
163,0.0015968680381774902,1,38
164,0.0015968680381774902,1,38
165,0.0015968680381774902,1,38
166,0.0015968680381774902,1,38
167,0.0015968680381774902,1,38
168,0.0015968680381774902,1,38
169,0.0015968680381774902,1,38
170,0.0015968680381774902,1,38
171,0.0015968680381774902,1,38
172,0.0015968680381774902,1,38
173,0.0015968680381774902,1,38
174,0.0015968680381774902,1,38
175,0.0015968680381774902,1,38
176,0.0015968680381774902,1,38
177,0.0015968680381774902,1,38
178,0.0015968680381774902,1,38
179,0.0015968680381774902,1,38
180,0.0015968680381774902,1,38
181,0.0015968680381774902,1,38
182,0.0015968680381774902,1,38
183,0.0015968680381774902,1,38
184,0.0015968680381774902,1,38
185,0.0015968680381774902,1,38
186,0.0015968680381774902,1,38
187,0.0015968680381774902,1,38
188,0.0015968680381774902,1,38
189,0.0015968680381774902,1,38
190,0.0015968680381774902,1,38
191,0.0015968680381774902,1,38
192,0.0015968680381774902,1,38
193,0.0015968680381774902,1,38
194,0.0015968680381774902,1,38
195,0.0015968680381774902,1,38
196,0.0015968680381774902,1,38
197,0.0015968680381774902,1,38
198,0.0015968680381774902,1,38
199,0.0015968680381774902,1,38
200,0.0015968680381774902,1,38
1,0.48345887660980225,13,39
2,0.547444075345993,15,39
3,0.6059375107288361,4,39
4,0.860493466258049,10,39
5,0.9708070084452629,11,39
6,0.8346856832504272,4,39
7,0.8452224582433701,3,39
8,0.8452224582433701,3,39
9,0.8452224582433701,3,39
10,0.8452224582433701,3,39
11,0.8452224582433701,3,39
12,0.8452224582433701,3,39
13,0.8452224582433701,3,39
14,0.8452224582433701,3,39
15,0.8452224582433701,3,39
16,0.8452224582433701,3,39
17,0.8452224582433701,3,39
18,0.9448497332632542,6,39
19,0.9448497332632542,6,39
20,0.9448497332632542,6,39
21,0.9448497332632542,6,39
22,0.9448497332632542,6,39
23,0.9448497332632542,6,39
24,0.9448497332632542,6,39
25,0.9448497332632542,6,39
26,0.9448497332632542,6,39
27,0.9448497332632542,6,39
28,0.9448497332632542,6,39
29,0.9448497332632542,6,39
30,0.9448497332632542,6,39
31,0.960931483656168,6,39
32,0.960931483656168,6,39
33,0.960931483656168,6,39
34,0.960931483656168,6,39
35,0.960931483656168,6,39
36,0.960931483656168,6,39
37,0.960931483656168,6,39
38,0.960931483656168,6,39
39,0.960931483656168,6,39
40,0.960931483656168,6,39
41,0.960931483656168,6,39
42,0.960931483656168,6,39
43,0.960931483656168,6,39
44,0.960931483656168,6,39
45,0.960931483656168,6,39
46,0.960931483656168,6,39
47,0.960931483656168,6,39
48,0.960931483656168,6,39
49,0.960931483656168,6,39
50,0.960931483656168,6,39
51,0.960931483656168,6,39
52,0.960931483656168,6,39
53,0.960931483656168,6,39
54,0.960931483656168,6,39
55,0.960931483656168,6,39
56,0.960931483656168,6,39
57,0.960931483656168,6,39
58,0.960931483656168,6,39
59,0.9779844917356968,6,39
60,0.9779844917356968,6,39
61,0.9792434871196747,6,39
62,0.9792434871196747,6,39
63,0.9792434871196747,6,39
64,0.9792434871196747,6,39
65,0.9792434871196747,6,39
66,0.9792434871196747,6,39
67,0.9792434871196747,6,39
68,0.9792434871196747,6,39
69,0.9792434871196747,6,39
70,0.9851701371371746,6,39
71,0.9851701371371746,6,39
72,0.9851701371371746,6,39
73,0.9851701371371746,6,39
74,0.9851701371371746,6,39
75,0.9851701371371746,6,39
76,0.9972670793067664,6,39
77,0.9972670793067664,6,39
78,0.9972670793067664,6,39
79,0.9972670793067664,6,39
80,0.9972670793067664,6,39
81,0.9696789011359215,5,39
82,0.9696789011359215,5,39
83,0.9696789011359215,5,39
84,0.9696789011359215,5,39
85,0.9696789011359215,5,39
86,0.9696789011359215,5,39
87,0.9696789011359215,5,39
88,0.9696789011359215,5,39
89,0.9696789011359215,5,39
90,0.9696789011359215,5,39
91,0.9696789011359215,5,39
92,0.9696789011359215,5,39
93,0.9696789011359215,5,39
94,0.9696789011359215,5,39
95,0.9696789011359215,5,39
96,0.9696789011359215,5,39
97,0.9696789011359215,5,39
98,0.9696789011359215,5,39
99,0.9696789011359215,5,39
100,0.9696789011359215,5,39
101,0.9696789011359215,5,39
102,0.9696789011359215,5,39
103,0.9733385927975178,5,39
104,0.9733385927975178,5,39
105,0.9733385927975178,5,39
106,0.9733385927975178,5,39
107,0.9733385927975178,5,39
108,0.9733385927975178,5,39
109,0.9733385927975178,5,39
110,0.9733385927975178,5,39
111,0.9733385927975178,5,39
112,0.9733385927975178,5,39
113,0.9733385927975178,5,39
114,0.9733385927975178,5,39
115,0.9733385927975178,5,39
116,0.9733385927975178,5,39
117,0.9733385927975178,5,39
118,0.9733385927975178,5,39
119,0.9733385927975178,5,39
120,0.9733385927975178,5,39
121,0.9733515977859497,5,39
122,0.9733515977859497,5,39
123,0.9836463667452335,5,39
124,0.9867467898875475,5,39
125,0.9867467898875475,5,39
126,0.9867467898875475,5,39
127,0.9867467898875475,5,39
128,0.9867467898875475,5,39
129,0.9867467898875475,5,39
130,0.9867467898875475,5,39
131,0.9867467898875475,5,39
132,0.9867467898875475,5,39
133,0.9867467898875475,5,39
134,0.9867467898875475,5,39
135,0.9632495902478695,4,39
136,0.9632495902478695,4,39
137,0.9632495902478695,4,39
138,0.9632495902478695,4,39
139,0.9933233275078237,5,39
140,0.9933233275078237,5,39
141,0.9933233275078237,5,39
142,0.9933233275078237,5,39
143,0.9933233275078237,5,39
144,0.9933233275078237,5,39
145,0.9933233275078237,5,39
146,0.9933233275078237,5,39
147,0.9933233275078237,5,39
148,0.9933233275078237,5,39
149,0.9933233275078237,5,39
150,0.9933233275078237,5,39
151,0.9933233275078237,5,39
152,0.9933233275078237,5,39
153,0.9933233275078237,5,39
154,0.9933233275078237,5,39
155,0.9933233275078237,5,39
156,0.9933233275078237,5,39
157,0.9933233275078237,5,39
158,0.9933233275078237,5,39
159,0.9933233275078237,5,39
160,0.9933233275078237,5,39
161,0.9933233275078237,5,39
162,0.9933233275078237,5,39
163,0.9933233275078237,5,39
164,0.9933233275078237,5,39
165,0.9933233275078237,5,39
166,0.9933233275078237,5,39
167,0.9933233275078237,5,39
168,0.9933233275078237,5,39
169,0.9943705322220922,5,39
170,0.9943705322220922,5,39
171,0.9943705322220922,5,39
172,0.9943705322220922,5,39
173,0.9943705322220922,5,39
174,0.9943705322220922,5,39
175,0.9943705322220922,5,39
176,0.9943705322220922,5,39
177,0.9943705322220922,5,39
178,0.9943705322220922,5,39
179,0.9943705322220922,5,39
180,0.9943705322220922,5,39
181,0.9659706316888332,4,39
182,0.9659706316888332,4,39
183,0.9659706316888332,4,39
184,0.9659706316888332,4,39
185,0.9659706316888332,4,39
186,0.9659706316888332,4,39
187,0.9659706316888332,4,39
188,0.9963197142351419,5,39
189,0.9963197142351419,5,39
190,0.9963197142351419,5,39
191,0.9963197142351419,5,39
192,0.9963197142351419,5,39
193,0.9963197142351419,5,39
194,0.9963197142351419,5,39
195,0.9963197142351419,5,39
196,0.9963197142351419,5,39
197,0.9963197142351419,5,39
198,0.9963197142351419,5,39
199,0.9963197142351419,5,39
200,0.9963197142351419,5,39
1,0.3424820899963379,1,40
2,0.3424820899963379,1,40
3,0.406410276889801,2,40
4,0.406410276889801,2,40
5,0.4204849600791931,2,40
6,0.4204849600791931,2,40
7,0.6230314075946808,7,40
8,0.6230314075946808,7,40
9,0.7480367720127106,7,40
10,0.7343037128448486,5,40
11,0.7771348506212234,6,40
12,0.7771348506212234,6,40
13,0.7771348506212234,6,40
14,0.8390197157859802,7,40
15,0.8262809664011002,6,40
16,0.7807815819978714,4,40
17,0.8471694588661194,6,40
18,0.8471694588661194,6,40
19,0.8821265026926994,5,40
20,0.8821265026926994,5,40
21,0.8821265026926994,5,40
22,0.8821265026926994,5,40
23,0.8537274152040482,4,40
24,0.8537274152040482,4,40
25,0.8537274152040482,4,40
26,0.9177811071276665,6,40
27,0.9177811071276665,6,40
28,0.9177811071276665,6,40
29,0.9177811071276665,6,40
30,0.9177811071276665,6,40
31,0.9177811071276665,6,40
32,0.9177811071276665,6,40
33,0.9177811071276665,6,40
34,0.9177811071276665,6,40
35,0.9177811071276665,6,40
36,0.9177811071276665,6,40
37,0.9177811071276665,6,40
38,0.9177811071276665,6,40
39,0.9199447259306908,6,40
40,0.9199447259306908,6,40
41,0.9199447259306908,6,40
42,0.9199447259306908,6,40
43,0.9199447259306908,6,40
44,0.9199447259306908,6,40
45,0.9199447259306908,6,40
46,0.9293697848916054,6,40
47,0.9293697848916054,6,40
48,0.9293697848916054,6,40
49,0.9293697848916054,6,40
50,0.9293697848916054,6,40
51,0.9293697848916054,6,40
52,0.9293697848916054,6,40
53,0.928109385073185,5,40
54,0.928109385073185,5,40
55,0.928109385073185,5,40
56,0.928109385073185,5,40
57,0.9332754015922546,5,40
58,0.9332754015922546,5,40
59,0.9332754015922546,5,40
60,0.9332754015922546,5,40
61,0.9332754015922546,5,40
62,0.9332754015922546,5,40
63,0.9332754015922546,5,40
64,0.9332754015922546,5,40
65,0.9332754015922546,5,40
66,0.9332754015922546,5,40
67,0.9332754015922546,5,40
68,0.9332754015922546,5,40
69,0.9332754015922546,5,40
70,0.9332754015922546,5,40
71,0.9332754015922546,5,40
72,0.9332754015922546,5,40
73,0.9332754015922546,5,40
74,0.9332754015922546,5,40
75,0.9332754015922546,5,40
76,0.9332754015922546,5,40
77,0.9332754015922546,5,40
78,0.9332754015922546,5,40
79,0.9332754015922546,5,40
80,0.9332754015922546,5,40
81,0.9332754015922546,5,40
82,0.9332754015922546,5,40
83,0.9332754015922546,5,40
84,0.9332754015922546,5,40
85,0.9332754015922546,5,40
86,0.9332754015922546,5,40
87,0.9332754015922546,5,40
88,0.9332754015922546,5,40
89,0.9332754015922546,5,40
90,0.9332754015922546,5,40
91,0.9332754015922546,5,40
92,0.9332754015922546,5,40
93,0.9332754015922546,5,40
94,0.9332754015922546,5,40
95,0.9332754015922546,5,40
96,0.9332754015922546,5,40
97,0.9332754015922546,5,40
98,0.9332754015922546,5,40
99,0.9332754015922546,5,40
100,0.9332754015922546,5,40
101,0.9332754015922546,5,40
102,0.9332754015922546,5,40
103,0.9332754015922546,5,40
104,0.9332754015922546,5,40
105,0.9332754015922546,5,40
106,0.9332754015922546,5,40
107,0.9332754015922546,5,40
108,0.9332754015922546,5,40
109,0.9332754015922546,5,40
110,0.9332754015922546,5,40
111,0.9332754015922546,5,40
112,0.9332754015922546,5,40
113,0.9332754015922546,5,40
114,0.9332754015922546,5,40
115,0.9332754015922546,5,40
116,0.9332754015922546,5,40
117,0.9332754015922546,5,40
118,0.9332754015922546,5,40
119,0.9332754015922546,5,40
120,0.9332754015922546,5,40
121,0.9332754015922546,5,40
122,0.9332754015922546,5,40
123,0.9332754015922546,5,40
124,0.9332754015922546,5,40
125,0.9332754015922546,5,40
126,0.9332754015922546,5,40
127,0.9332754015922546,5,40
128,0.9332754015922546,5,40
129,0.9332754015922546,5,40
130,0.9332754015922546,5,40
131,0.9332754015922546,5,40
132,0.9332754015922546,5,40
133,0.9332754015922546,5,40
134,0.9332754015922546,5,40
135,0.9332754015922546,5,40
136,0.9332754015922546,5,40
137,0.9332754015922546,5,40
138,0.9332754015922546,5,40
139,0.9332754015922546,5,40
140,0.9332754015922546,5,40
141,0.9676513969898224,6,40
142,0.9676513969898224,6,40
143,0.9676513969898224,6,40
144,0.9676513969898224,6,40
145,0.9676513969898224,6,40
146,0.9676513969898224,6,40
147,0.9676513969898224,6,40
148,0.9676513969898224,6,40
149,0.9676513969898224,6,40
150,0.9676513969898224,6,40
151,0.9676513969898224,6,40
152,0.9676513969898224,6,40
153,0.9676513969898224,6,40
154,0.9676513969898224,6,40
155,0.9676513969898224,6,40
156,0.9676513969898224,6,40
157,0.9676513969898224,6,40
158,0.9676513969898224,6,40
159,0.9676513969898224,6,40
160,0.9676513969898224,6,40
161,0.9676513969898224,6,40
162,0.9676513969898224,6,40
163,0.9676513969898224,6,40
164,0.9676513969898224,6,40
165,0.9676513969898224,6,40
166,0.9676513969898224,6,40
167,0.9676513969898224,6,40
168,0.9676513969898224,6,40
169,0.9676513969898224,6,40
170,0.9676513969898224,6,40
171,0.9676513969898224,6,40
172,0.9676513969898224,6,40
173,0.9676513969898224,6,40
174,0.9676513969898224,6,40
175,0.9676513969898224,6,40
176,0.9676513969898224,6,40
177,0.9676513969898224,6,40
178,0.9676513969898224,6,40
179,0.9676513969898224,6,40
180,0.9676513969898224,6,40
181,0.9676513969898224,6,40
182,0.9676513969898224,6,40
183,0.9676513969898224,6,40
184,0.9676513969898224,6,40
185,0.9676513969898224,6,40
186,0.9676513969898224,6,40
187,0.9676513969898224,6,40
188,0.9676513969898224,6,40
189,0.9676513969898224,6,40
190,0.9676513969898224,6,40
191,0.9676513969898224,6,40
192,0.9676513969898224,6,40
193,0.9676513969898224,6,40
194,0.9676513969898224,6,40
195,0.9676513969898224,6,40
196,0.9676513969898224,6,40
197,0.9676513969898224,6,40
198,0.9676513969898224,6,40
199,0.9676513969898224,6,40
200,0.9676513969898224,6,40
1,0.0026201605796813965,1,41
2,0.0026201605796813965,1,41
3,0.0026201605796813965,1,41
4,0.0027408599853515625,1,41
5,0.0027408599853515625,1,41
6,0.00397491455078125,1,41
7,0.00397491455078125,1,41
8,0.004719555377960205,1,41
9,0.007263302803039551,1,41
10,0.008298218250274658,1,41
11,0.008298218250274658,1,41
12,0.01037907600402832,1,41
13,0.01037907600402832,1,41
14,0.012449800968170166,1,41
15,0.012449800968170166,1,41
16,0.012449800968170166,1,41
17,0.012449800968170166,1,41
18,0.012449800968170166,1,41
19,0.012449800968170166,1,41
20,0.012449800968170166,1,41
21,0.012950360774993896,1,41
22,0.012950360774993896,1,41
23,0.012950360774993896,1,41
24,0.013707637786865234,1,41
25,0.013707637786865234,1,41
26,0.013707637786865234,1,41
27,0.013707637786865234,1,41
28,0.013707637786865234,1,41
29,0.013707637786865234,1,41
30,0.013707637786865234,1,41
31,0.013707637786865234,1,41
32,0.013707637786865234,1,41
33,0.013707637786865234,1,41
34,0.013707637786865234,1,41
35,0.013707637786865234,1,41
36,0.013707637786865234,1,41
37,0.013707637786865234,1,41
38,0.013707637786865234,1,41
39,0.013707637786865234,1,41
40,0.013707637786865234,1,41
41,0.013707637786865234,1,41
42,0.013707637786865234,1,41
43,0.013707637786865234,1,41
44,0.013707637786865234,1,41
45,0.013707637786865234,1,41
46,0.013707637786865234,1,41
47,0.013707637786865234,1,41
48,0.013707637786865234,1,41
49,0.013707637786865234,1,41
50,0.013707637786865234,1,41
51,0.013707637786865234,1,41
52,0.013707637786865234,1,41
53,0.013707637786865234,1,41
54,0.013707637786865234,1,41
55,0.013707637786865234,1,41
56,0.013707637786865234,1,41
57,0.013707637786865234,1,41
58,0.013707637786865234,1,41
59,0.013707637786865234,1,41
60,0.013707637786865234,1,41
61,0.013707637786865234,1,41
62,0.013707637786865234,1,41
63,0.013707637786865234,1,41
64,0.013707637786865234,1,41
65,0.013707637786865234,1,41
66,0.01370394229888916,1,41
67,0.013707637786865234,1,41
68,0.013707637786865234,1,41
69,0.013707637786865234,1,41
70,0.013707637786865234,1,41
71,0.013707637786865234,1,41
72,0.013707637786865234,1,41
73,0.013707637786865234,1,41
74,0.013707637786865234,1,41
75,0.013707637786865234,1,41
76,0.013707637786865234,1,41
77,0.013707637786865234,1,41
78,0.013707637786865234,1,41
79,0.013707637786865234,1,41
80,0.013707637786865234,1,41
81,0.013707637786865234,1,41
82,0.013707637786865234,1,41
83,0.013707637786865234,1,41
84,0.013707637786865234,1,41
85,0.013707637786865234,1,41
86,0.013707637786865234,1,41
87,0.013707637786865234,1,41
88,0.013707637786865234,1,41
89,0.013707637786865234,1,41
90,0.013707637786865234,1,41
91,0.013707637786865234,1,41
92,0.013707637786865234,1,41
93,0.013707637786865234,1,41
94,0.013707637786865234,1,41
95,0.013707637786865234,1,41
96,0.013707637786865234,1,41
97,0.013707637786865234,1,41
98,0.013707637786865234,1,41
99,0.013707637786865234,1,41
100,0.013707637786865234,1,41
101,0.013707637786865234,1,41
102,0.013707637786865234,1,41
103,0.013707637786865234,1,41
104,0.013707637786865234,1,41
105,0.013707637786865234,1,41
106,0.013707637786865234,1,41
107,0.045085608959198,2,41
108,0.045085608959198,2,41
109,0.045085608959198,2,41
110,0.045085608959198,2,41
111,0.045085608959198,2,41
112,0.045085608959198,2,41
113,0.045085608959198,2,41
114,0.045085608959198,2,41
115,0.045085608959198,2,41
116,0.045085608959198,2,41
117,0.045085608959198,2,41
118,0.045085608959198,2,41
119,0.13258683681488037,3,41
120,0.13258683681488037,3,41
121,0.13258683681488037,3,41
122,0.13258683681488037,3,41
123,0.13258683681488037,3,41
124,0.17501813173294067,4,41
125,0.17501813173294067,4,41
126,0.18399816751480103,4,41
127,0.18399816751480103,4,41
128,0.18399816751480103,4,41
129,0.2142593264579773,5,41
130,0.2463889718055725,5,41
131,0.2979622483253479,4,41
132,0.2979622483253479,4,41
133,0.35795658826828003,6,41
134,0.3955509066581726,7,41
135,0.3955509066581726,7,41
136,0.49455010890960693,8,41
137,0.49455010890960693,8,41
138,0.49455010890960693,8,41
139,0.5618191659450531,8,41
140,0.5618191659450531,8,41
141,0.5618191659450531,8,41
142,0.5618191659450531,8,41
143,0.5891481339931488,8,41
144,0.605868399143219,8,41
145,0.6816267669200897,7,41
146,0.6816267669200897,7,41
147,0.6816267669200897,7,41
148,0.7596434503793716,9,41
149,0.7596434503793716,9,41
150,0.7596434503793716,9,41
151,0.8457251638174057,10,41
152,0.8457251638174057,10,41
153,0.8457251638174057,10,41
154,0.886445663869381,10,41
155,0.886445663869381,10,41
156,0.886445663869381,10,41
157,0.91666329652071,10,41
158,0.91666329652071,10,41
159,0.91666329652071,10,41
160,0.8983460962772369,9,41
161,0.8983460962772369,9,41
162,0.9077642634510994,9,41
163,0.9077642634510994,9,41
164,0.9077642634510994,9,41
165,0.9077642634510994,9,41
166,0.9077642634510994,9,41
167,0.9077642634510994,9,41
168,0.9077642634510994,9,41
169,0.9077642634510994,9,41
170,0.9077642634510994,9,41
171,0.9077642634510994,9,41
172,0.9077642634510994,9,41
173,0.9443549513816833,10,41
174,0.9443549513816833,10,41
175,0.9443549513816833,10,41
176,0.9443549513816833,10,41
177,0.9443549513816833,10,41
178,0.9443549513816833,10,41
179,0.9443549513816833,10,41
180,0.9443549513816833,10,41
181,0.9443549513816833,10,41
182,0.9443549513816833,10,41
183,0.9443549513816833,10,41
184,0.9443549513816833,10,41
185,0.9737305026501417,11,41
186,0.9737305026501417,11,41
187,0.9737305026501417,11,41
188,0.9737305026501417,11,41
189,0.9737305026501417,11,41
190,0.9583439528942108,10,41
191,0.9583439528942108,10,41
192,0.9583439528942108,10,41
193,0.9583439528942108,10,41
194,0.9583439528942108,10,41
195,0.9583439528942108,10,41
196,0.9583439528942108,10,41
197,0.9583439528942108,10,41
198,0.9583439528942108,10,41
199,0.9583439528942108,10,41
200,0.9583439528942108,10,41
1,0.00920403003692627,1,42
2,0.00920403003692627,1,42
3,0.00920403003692627,1,42
4,0.01039189100265503,1,42
5,0.13418757915496826,4,42
6,0.13418757915496826,4,42
7,0.13418757915496826,4,42
8,0.13418757915496826,4,42
9,0.13418757915496826,4,42
10,0.10598689317703247,3,42
11,0.3976960778236389,5,42
12,0.3976960778236389,5,42
13,0.3976960778236389,5,42
14,0.6229932904243469,5,42
15,0.6229932904243469,5,42
16,0.6305851340293884,4,42
17,0.9575266949832439,8,42
18,0.8810151442885399,5,42
19,0.9859760273247957,8,42
20,0.9859760273247957,8,42
21,0.9946210337802768,8,42
22,0.9351338967680931,5,42
23,0.9351338967680931,5,42
24,0.9351338967680931,5,42
25,0.9351338967680931,5,42
26,0.9485822208225727,5,42
27,0.9485822208225727,5,42
28,0.9485822208225727,5,42
29,0.9942075037397444,6,42
30,0.9942075037397444,6,42
31,0.9942075037397444,6,42
32,0.9942075037397444,6,42
33,0.9942075037397444,6,42
34,0.9942075037397444,6,42
35,0.9942075037397444,6,42
36,0.9942075037397444,6,42
37,0.9942075037397444,6,42
38,0.9942075037397444,6,42
39,0.9942075037397444,6,42
40,0.9942075037397444,6,42
41,0.9942075037397444,6,42
42,0.9942075037397444,6,42
43,0.9942075037397444,6,42
44,0.9942075037397444,6,42
45,0.9942075037397444,6,42
46,0.9942075037397444,6,42
47,0.9942075037397444,6,42
48,0.9942075037397444,6,42
49,0.9942075037397444,6,42
50,0.9942075037397444,6,42
51,0.9942075037397444,6,42
52,0.9942075037397444,6,42
53,0.9942075037397444,6,42
54,0.9942075037397444,6,42
55,0.9942075037397444,6,42
56,0.9942075037397444,6,42
57,0.9942075037397444,6,42
58,0.9942075037397444,6,42
59,0.9942075037397444,6,42
60,0.9942075037397444,6,42
61,0.9942075037397444,6,42
62,0.9942075037397444,6,42
63,0.9942075037397444,6,42
64,0.9942075037397444,6,42
65,0.9942075037397444,6,42
66,0.9942075037397444,6,42
67,0.9942075037397444,6,42
68,0.9942075037397444,6,42
69,0.9942075037397444,6,42
70,0.9942075037397444,6,42
71,0.9942075037397444,6,42
72,0.9942075037397444,6,42
73,0.9942075037397444,6,42
74,0.9942075037397444,6,42
75,0.9942075037397444,6,42
76,0.9942075037397444,6,42
77,0.9942075037397444,6,42
78,0.9942075037397444,6,42
79,0.9942075037397444,6,42
80,0.9942075037397444,6,42
81,0.9942075037397444,6,42
82,0.9942075037397444,6,42
83,0.9942075037397444,6,42
84,0.9942075037397444,6,42
85,0.9942075037397444,6,42
86,0.9942075037397444,6,42
87,0.9942075037397444,6,42
88,0.9942075037397444,6,42
89,0.9942075037397444,6,42
90,0.9951597438193858,6,42
91,0.9951597438193858,6,42
92,0.9951597438193858,6,42
93,0.9951597438193858,6,42
94,0.9951597438193858,6,42
95,0.9951597438193858,6,42
96,0.9951597438193858,6,42
97,0.9951597438193858,6,42
98,0.9951597438193858,6,42
99,0.9972361244726926,6,42
100,0.9972361244726926,6,42
101,0.9972361244726926,6,42
102,0.9972361244726926,6,42
103,0.9972361244726926,6,42
104,0.9972361244726926,6,42
105,0.9972361244726926,6,42
106,0.9972361244726926,6,42
107,0.9972361244726926,6,42
108,0.9972361244726926,6,42
109,0.9972361244726926,6,42
110,0.9742388408631086,5,42
111,0.9742388408631086,5,42
112,0.9742388408631086,5,42
113,0.9742388408631086,5,42
114,0.9742388408631086,5,42
115,0.9742388408631086,5,42
116,0.9742388408631086,5,42
117,0.9742388408631086,5,42
118,0.9742388408631086,5,42
119,0.9742388408631086,5,42
120,0.9742388408631086,5,42
121,0.9778826106339693,5,42
122,0.9778826106339693,5,42
123,0.9778826106339693,5,42
124,0.9778826106339693,5,42
125,0.9796492550522089,5,42
126,0.9796492550522089,5,42
127,0.9796492550522089,5,42
128,0.9796492550522089,5,42
129,0.9796492550522089,5,42
130,0.9796492550522089,5,42
131,0.9802485760301352,5,42
132,0.9802485760301352,5,42
133,0.9802485760301352,5,42
134,0.9802485760301352,5,42
135,0.9802485760301352,5,42
136,0.9802485760301352,5,42
137,0.9802485760301352,5,42
138,0.9802485760301352,5,42
139,0.9802485760301352,5,42
140,0.9802485760301352,5,42
141,0.9802485760301352,5,42
142,0.9802485760301352,5,42
143,0.9802485760301352,5,42
144,0.9802485760301352,5,42
145,0.9802485760301352,5,42
146,0.9802485760301352,5,42
147,0.9802485760301352,5,42
148,0.9802485760301352,5,42
149,0.9802485760301352,5,42
150,0.9802485760301352,5,42
151,0.9802485760301352,5,42
152,0.9802485760301352,5,42
153,0.9802485760301352,5,42
154,0.9802485760301352,5,42
155,0.9802485760301352,5,42
156,0.9802485760301352,5,42
157,0.9802485760301352,5,42
158,0.9802485760301352,5,42
159,0.9802485760301352,5,42
160,0.9802485760301352,5,42
161,0.9802485760301352,5,42
162,0.9802485760301352,5,42
163,0.9802485760301352,5,42
164,0.9802485760301352,5,42
165,0.9802485760301352,5,42
166,0.9802485760301352,5,42
167,0.9802485760301352,5,42
168,0.9802485760301352,5,42
169,0.9802485760301352,5,42
170,0.9802485760301352,5,42
171,0.9802485760301352,5,42
172,0.9813349731266499,5,42
173,0.9813349731266499,5,42
174,0.9813349731266499,5,42
175,0.9813349731266499,5,42
176,0.9813349731266499,5,42
177,0.9813349731266499,5,42
178,0.9813349731266499,5,42
179,0.9813349731266499,5,42
180,0.9813349731266499,5,42
181,0.9813349731266499,5,42
182,0.9813349731266499,5,42
183,0.9813349731266499,5,42
184,0.9813349731266499,5,42
185,0.9813349731266499,5,42
186,0.9813349731266499,5,42
187,0.9813349731266499,5,42
188,0.9813349731266499,5,42
189,0.9813349731266499,5,42
190,0.9813349731266499,5,42
191,0.9813349731266499,5,42
192,0.9813349731266499,5,42
193,0.9813349731266499,5,42
194,0.9813349731266499,5,42
195,0.9813349731266499,5,42
196,0.9813349731266499,5,42
197,0.9813349731266499,5,42
198,0.9813349731266499,5,42
199,0.9831395503133535,5,42
200,0.9831395503133535,5,42
1,0.0004431605339050293,1,43
2,0.0004431605339050293,1,43
3,0.0004431605339050293,1,43
4,0.000514984130859375,1,43
5,0.000514984130859375,1,43
6,0.000514984130859375,1,43
7,0.0006327033042907715,1,43
8,0.0006327033042907715,1,43
9,0.0008248686790466309,1,43
10,0.0008248686790466309,1,43
11,0.0008248686790466309,1,43
12,0.002345740795135498,1,43
13,0.002345740795135498,1,43
14,0.002345740795135498,1,43
15,0.002345740795135498,1,43
16,0.002345740795135498,1,43
17,0.002345740795135498,1,43
18,0.002345740795135498,1,43
19,0.002345740795135498,1,43
20,0.002345740795135498,1,43
21,0.002345740795135498,1,43
22,0.002345740795135498,1,43
23,0.0023889541625976562,1,43
24,0.0023889541625976562,1,43
25,0.0023889541625976562,1,43
26,0.0023889541625976562,1,43
27,0.0023889541625976562,1,43
28,0.0023889541625976562,1,43
29,0.0023889541625976562,1,43
30,0.0023889541625976562,1,43
31,0.0023889541625976562,1,43
32,0.0023889541625976562,1,43
33,0.0023889541625976562,1,43
34,0.0023889541625976562,1,43
35,0.0023889541625976562,1,43
36,0.0023889541625976562,1,43
37,0.0023889541625976562,1,43
38,0.0023889541625976562,1,43
39,0.0023889541625976562,1,43
40,0.0023889541625976562,1,43
41,0.0023889541625976562,1,43
42,0.0023889541625976562,1,43
43,0.0023889541625976562,1,43
44,0.0023889541625976562,1,43
45,0.0023889541625976562,1,43
46,0.0023889541625976562,1,43
47,0.0023889541625976562,1,43
48,0.0023889541625976562,1,43
49,0.0023889541625976562,1,43
50,0.0023889541625976562,1,43
51,0.0023889541625976562,1,43
52,0.0023889541625976562,1,43
53,0.0023889541625976562,1,43
54,0.0023889541625976562,1,43
55,0.0023889541625976562,1,43
56,0.0023889541625976562,1,43
57,0.0023889541625976562,1,43
58,0.0023889541625976562,1,43
59,0.0023889541625976562,1,43
60,0.0023889541625976562,1,43
61,0.0023889541625976562,1,43
62,0.0023889541625976562,1,43
63,0.0023889541625976562,1,43
64,0.0023889541625976562,1,43
65,0.0023889541625976562,1,43
66,0.0023889541625976562,1,43
67,0.0023889541625976562,1,43
68,0.0023889541625976562,1,43
69,0.0023889541625976562,1,43
70,0.0023889541625976562,1,43
71,0.0023889541625976562,1,43
72,0.0023889541625976562,1,43
73,0.0023889541625976562,1,43
74,0.0023889541625976562,1,43
75,0.0023889541625976562,1,43
76,0.0023889541625976562,1,43
77,0.0023889541625976562,1,43
78,0.0023889541625976562,1,43
79,0.0023889541625976562,1,43
80,0.0023889541625976562,1,43
81,0.0023889541625976562,1,43
82,0.0023889541625976562,1,43
83,0.0023889541625976562,1,43
84,0.0023889541625976562,1,43
85,0.0023889541625976562,1,43
86,0.0023889541625976562,1,43
87,0.0023889541625976562,1,43
88,0.0023889541625976562,1,43
89,0.0023889541625976562,1,43
90,0.0023889541625976562,1,43
91,0.0023889541625976562,1,43
92,0.0023889541625976562,1,43
93,0.0023889541625976562,1,43
94,0.0023889541625976562,1,43
95,0.0023889541625976562,1,43
96,0.0023889541625976562,1,43
97,0.0023889541625976562,1,43
98,0.0023889541625976562,1,43
99,0.0023889541625976562,1,43
100,0.0023889541625976562,1,43
101,0.0023889541625976562,1,43
102,0.0023889541625976562,1,43
103,0.0023889541625976562,1,43
104,0.0023889541625976562,1,43
105,0.0023889541625976562,1,43
106,0.0023889541625976562,1,43
107,0.0023889541625976562,1,43
108,0.0023889541625976562,1,43
109,0.0023889541625976562,1,43
110,0.0023889541625976562,1,43
111,0.0023889541625976562,1,43
112,0.0023889541625976562,1,43
113,0.0023889541625976562,1,43
114,0.0023889541625976562,1,43
115,0.0023889541625976562,1,43
116,0.0023889541625976562,1,43
117,0.0023889541625976562,1,43
118,0.0023889541625976562,1,43
119,0.0023889541625976562,1,43
120,0.0023889541625976562,1,43
121,0.0023889541625976562,1,43
122,0.0023889541625976562,1,43
123,0.0023889541625976562,1,43
124,0.0023889541625976562,1,43
125,0.0023889541625976562,1,43
126,0.0023889541625976562,1,43
127,0.0023889541625976562,1,43
128,0.0023889541625976562,1,43
129,0.0023889541625976562,1,43
130,0.0023889541625976562,1,43
131,0.0023889541625976562,1,43
132,0.0023889541625976562,1,43
133,0.0023889541625976562,1,43
134,0.0023889541625976562,1,43
135,0.0023889541625976562,1,43
136,0.0023889541625976562,1,43
137,0.0023889541625976562,1,43
138,0.0023889541625976562,1,43
139,0.0023889541625976562,1,43
140,0.0023889541625976562,1,43
141,0.0023889541625976562,1,43
142,0.0023889541625976562,1,43
143,0.0023889541625976562,1,43
144,0.0023889541625976562,1,43
145,0.0023889541625976562,1,43
146,0.0023889541625976562,1,43
147,0.0023889541625976562,1,43
148,0.0023889541625976562,1,43
149,0.0023889541625976562,1,43
150,0.0023889541625976562,1,43
151,0.0023889541625976562,1,43
152,0.0023889541625976562,1,43
153,0.0023889541625976562,1,43
154,0.0023889541625976562,1,43
155,0.0023889541625976562,1,43
156,0.0023889541625976562,1,43
157,0.0023889541625976562,1,43
158,0.0023889541625976562,1,43
159,0.0023889541625976562,1,43
160,0.0023889541625976562,1,43
161,0.0023889541625976562,1,43
162,0.0023889541625976562,1,43
163,0.0023889541625976562,1,43
164,0.0023889541625976562,1,43
165,0.0023889541625976562,1,43
166,0.0023889541625976562,1,43
167,0.0023889541625976562,1,43
168,0.0023889541625976562,1,43
169,0.0023889541625976562,1,43
170,0.0023889541625976562,1,43
171,0.0023889541625976562,1,43
172,0.0023889541625976562,1,43
173,0.0023889541625976562,1,43
174,0.0023889541625976562,1,43
175,0.0023889541625976562,1,43
176,0.0023889541625976562,1,43
177,0.0023889541625976562,1,43
178,0.0023889541625976562,1,43
179,0.0023889541625976562,1,43
180,0.0023889541625976562,1,43
181,0.0023889541625976562,1,43
182,0.0023889541625976562,1,43
183,0.0023889541625976562,1,43
184,0.0023889541625976562,1,43
185,0.0023889541625976562,1,43
186,0.0023889541625976562,1,43
187,0.0023889541625976562,1,43
188,0.0023889541625976562,1,43
189,0.0023889541625976562,1,43
190,0.0023889541625976562,1,43
191,0.0023889541625976562,1,43
192,0.0023889541625976562,1,43
193,0.0023889541625976562,1,43
194,0.0023889541625976562,1,43
195,0.0023889541625976562,1,43
196,0.0023889541625976562,1,43
197,0.0023889541625976562,1,43
198,0.0023889541625976562,1,43
199,0.0023889541625976562,1,43
200,0.0023889541625976562,1,43
1,0.0005759000778198242,1,44
2,0.0005788803100585938,1,44
3,0.0005788803100585938,1,44
4,0.0006078481674194336,1,44
5,0.0006144046783447266,1,44
6,0.0006920099258422852,1,44
7,0.0007172226905822754,1,44
8,0.001169741153717041,1,44
9,0.001169741153717041,1,44
10,0.001169741153717041,1,44
11,0.0015783309936523438,1,44
12,0.001902759075164795,1,44
13,0.001902759075164795,1,44
14,0.001902759075164795,1,44
15,0.001902759075164795,1,44
16,0.001902759075164795,1,44
17,0.001902759075164795,1,44
18,0.001902759075164795,1,44
19,0.001902759075164795,1,44
20,0.001902759075164795,1,44
21,0.001902759075164795,1,44
22,0.0021074414253234863,1,44
23,0.0021074414253234863,1,44
24,0.0021074414253234863,1,44
25,0.0021074414253234863,1,44
26,0.0021074414253234863,1,44
27,0.0021356940269470215,1,44
28,0.0021356940269470215,1,44
29,0.0021356940269470215,1,44
30,0.0021538734436035156,1,44
31,0.0021538734436035156,1,44
32,0.0021538734436035156,1,44
33,0.0021538734436035156,1,44
34,0.0021538734436035156,1,44
35,0.0021538734436035156,1,44
36,0.0021538734436035156,1,44
37,0.0021538734436035156,1,44
38,0.0021538734436035156,1,44
39,0.0021538734436035156,1,44
40,0.0021538734436035156,1,44
41,0.0021538734436035156,1,44
42,0.0021538734436035156,1,44
43,0.0021538734436035156,1,44
44,0.0021538734436035156,1,44
45,0.0021538734436035156,1,44
46,0.0021538734436035156,1,44
47,0.0021538734436035156,1,44
48,0.0021538734436035156,1,44
49,0.0021538734436035156,1,44
50,0.0021538734436035156,1,44
51,0.0021538734436035156,1,44
52,0.0021538734436035156,1,44
53,0.0021538734436035156,1,44
54,0.0021538734436035156,1,44
55,0.0021538734436035156,1,44
56,0.0021538734436035156,1,44
57,0.0021538734436035156,1,44
58,0.0021538734436035156,1,44
59,0.0021538734436035156,1,44
60,0.0021538734436035156,1,44
61,0.0021538734436035156,1,44
62,0.0021538734436035156,1,44
63,0.0021538734436035156,1,44
64,0.0021538734436035156,1,44
65,0.0021538734436035156,1,44
66,0.0021538734436035156,1,44
67,0.0021538734436035156,1,44
68,0.0021538734436035156,1,44
69,0.0021538734436035156,1,44
70,0.0021538734436035156,1,44
71,0.0021538734436035156,1,44
72,0.0021538734436035156,1,44
73,0.0021538734436035156,1,44
74,0.0021538734436035156,1,44
75,0.0021538734436035156,1,44
76,0.0021538734436035156,1,44
77,0.0021538734436035156,1,44
78,0.0021538734436035156,1,44
79,0.0021538734436035156,1,44
80,0.0021538734436035156,1,44
81,0.0021538734436035156,1,44
82,0.0021538734436035156,1,44
83,0.0021538734436035156,1,44
84,0.0021538734436035156,1,44
85,0.0021538734436035156,1,44
86,0.0021538734436035156,1,44
87,0.0021538734436035156,1,44
88,0.0021538734436035156,1,44
89,0.0021538734436035156,1,44
90,0.0021538734436035156,1,44
91,0.0021538734436035156,1,44
92,0.0021538734436035156,1,44
93,0.0021538734436035156,1,44
94,0.0021538734436035156,1,44
95,0.0021538734436035156,1,44
96,0.0021538734436035156,1,44
97,0.0021538734436035156,1,44
98,0.0021538734436035156,1,44
99,0.0021538734436035156,1,44
100,0.0021538734436035156,1,44
101,0.0021538734436035156,1,44
102,0.0021538734436035156,1,44
103,0.0021538734436035156,1,44
104,0.0021538734436035156,1,44
105,0.0021538734436035156,1,44
106,0.0021538734436035156,1,44
107,0.0021538734436035156,1,44
108,0.0021538734436035156,1,44
109,0.0021538734436035156,1,44
110,0.0021538734436035156,1,44
111,0.0021538734436035156,1,44
112,0.0021538734436035156,1,44
113,0.0021538734436035156,1,44
114,0.0021538734436035156,1,44
115,0.0021538734436035156,1,44
116,0.0021538734436035156,1,44
117,0.0021538734436035156,1,44
118,0.0021538734436035156,1,44
119,0.0021538734436035156,1,44
120,0.0021538734436035156,1,44
121,0.0021538734436035156,1,44
122,0.0021538734436035156,1,44
123,0.0021538734436035156,1,44
124,0.0021538734436035156,1,44
125,0.0021538734436035156,1,44
126,0.0021538734436035156,1,44
127,0.0021538734436035156,1,44
128,0.0021538734436035156,1,44
129,0.0021538734436035156,1,44
130,0.0021538734436035156,1,44
131,0.0021538734436035156,1,44
132,0.0021538734436035156,1,44
133,0.0021538734436035156,1,44
134,0.0021538734436035156,1,44
135,0.0021538734436035156,1,44
136,0.0021538734436035156,1,44
137,0.0021538734436035156,1,44
138,0.0021538734436035156,1,44
139,0.0021538734436035156,1,44
140,0.0021538734436035156,1,44
141,0.0021538734436035156,1,44
142,0.0021538734436035156,1,44
143,0.0021538734436035156,1,44
144,0.0021538734436035156,1,44
145,0.0021538734436035156,1,44
146,0.0021538734436035156,1,44
147,0.0021538734436035156,1,44
148,0.0021538734436035156,1,44
149,0.0021538734436035156,1,44
150,0.0021538734436035156,1,44
151,0.0021538734436035156,1,44
152,0.0021538734436035156,1,44
153,0.0021538734436035156,1,44
154,0.0021538734436035156,1,44
155,0.0021538734436035156,1,44
156,0.0021538734436035156,1,44
157,0.0021538734436035156,1,44
158,0.0021538734436035156,1,44
159,0.0021538734436035156,1,44
160,0.0021538734436035156,1,44
161,0.0021538734436035156,1,44
162,0.0021538734436035156,1,44
163,0.0021538734436035156,1,44
164,0.0021538734436035156,1,44
165,0.0021538734436035156,1,44
166,0.0021538734436035156,1,44
167,0.0021538734436035156,1,44
168,0.0021538734436035156,1,44
169,0.0021538734436035156,1,44
170,0.0021538734436035156,1,44
171,0.0021538734436035156,1,44
172,0.0021538734436035156,1,44
173,0.0021538734436035156,1,44
174,0.0021538734436035156,1,44
175,0.0021538734436035156,1,44
176,0.0021538734436035156,1,44
177,0.0021538734436035156,1,44
178,0.0021538734436035156,1,44
179,0.0021538734436035156,1,44
180,0.0021538734436035156,1,44
181,0.0021538734436035156,1,44
182,0.0021538734436035156,1,44
183,0.0021538734436035156,1,44
184,0.0021538734436035156,1,44
185,0.0021538734436035156,1,44
186,0.0021538734436035156,1,44
187,0.0021538734436035156,1,44
188,0.0021538734436035156,1,44
189,0.0021538734436035156,1,44
190,0.0021538734436035156,1,44
191,0.0021538734436035156,1,44
192,0.0021538734436035156,1,44
193,0.0021538734436035156,1,44
194,0.0021538734436035156,1,44
195,0.0021538734436035156,1,44
196,0.0021538734436035156,1,44
197,0.0021538734436035156,1,44
198,0.0021538734436035156,1,44
199,0.0021538734436035156,1,44
200,0.0021538734436035156,1,44
1,0.0012515783309936523,1,45
2,0.0012515783309936523,1,45
3,0.0012515783309936523,1,45
4,0.0012515783309936523,1,45
5,0.0017622709274291992,1,45
6,0.0035733580589294434,1,45
7,0.0035733580589294434,1,45
8,0.0035733580589294434,1,45
9,0.005414426326751709,1,45
10,0.005414426326751709,1,45
11,0.005414426326751709,1,45
12,0.005414426326751709,1,45
13,0.005414426326751709,1,45
14,0.005414426326751709,1,45
15,0.005521416664123535,1,45
16,0.005521416664123535,1,45
17,0.005521416664123535,1,45
18,0.005521416664123535,1,45
19,0.005521416664123535,1,45
20,0.005521416664123535,1,45
21,0.005521416664123535,1,45
22,0.005521416664123535,1,45
23,0.005521416664123535,1,45
24,0.005521416664123535,1,45
25,0.005521416664123535,1,45
26,0.005521416664123535,1,45
27,0.005521416664123535,1,45
28,0.005521416664123535,1,45
29,0.005521416664123535,1,45
30,0.005521416664123535,1,45
31,0.005521416664123535,1,45
32,0.005521416664123535,1,45
33,0.005521416664123535,1,45
34,0.005521416664123535,1,45
35,0.005521416664123535,1,45
36,0.005521416664123535,1,45
37,0.005521416664123535,1,45
38,0.005521416664123535,1,45
39,0.005521416664123535,1,45
40,0.005521416664123535,1,45
41,0.005521416664123535,1,45
42,0.005521416664123535,1,45
43,0.005521416664123535,1,45
44,0.005521416664123535,1,45
45,0.005521416664123535,1,45
46,0.005521416664123535,1,45
47,0.005521416664123535,1,45
48,0.005521416664123535,1,45
49,0.005521416664123535,1,45
50,0.005521416664123535,1,45
51,0.005521416664123535,1,45
52,0.005521416664123535,1,45
53,0.005521416664123535,1,45
54,0.005521416664123535,1,45
55,0.005521416664123535,1,45
56,0.005521416664123535,1,45
57,0.005521416664123535,1,45
58,0.005521416664123535,1,45
59,0.005521416664123535,1,45
60,0.005521416664123535,1,45
61,0.005521416664123535,1,45
62,0.005521416664123535,1,45
63,0.005521416664123535,1,45
64,0.005521416664123535,1,45
65,0.005521416664123535,1,45
66,0.005521416664123535,1,45
67,0.005521416664123535,1,45
68,0.005521416664123535,1,45
69,0.005521416664123535,1,45
70,0.005521416664123535,1,45
71,0.005521416664123535,1,45
72,0.005521416664123535,1,45
73,0.005521416664123535,1,45
74,0.005521416664123535,1,45
75,0.005521416664123535,1,45
76,0.005521416664123535,1,45
77,0.005521416664123535,1,45
78,0.005521416664123535,1,45
79,0.005521416664123535,1,45
80,0.005521416664123535,1,45
81,0.005521416664123535,1,45
82,0.005521416664123535,1,45
83,0.005521416664123535,1,45
84,0.005521416664123535,1,45
85,0.005521416664123535,1,45
86,0.005521416664123535,1,45
87,0.005521416664123535,1,45
88,0.005521416664123535,1,45
89,0.005521416664123535,1,45
90,0.005521416664123535,1,45
91,0.005521416664123535,1,45
92,0.005521416664123535,1,45
93,0.005521416664123535,1,45
94,0.005521416664123535,1,45
95,0.005521416664123535,1,45
96,0.005521416664123535,1,45
97,0.005521416664123535,1,45
98,0.005521416664123535,1,45
99,0.005521416664123535,1,45
100,0.005521416664123535,1,45
101,0.005521416664123535,1,45
102,0.005521416664123535,1,45
103,0.005521416664123535,1,45
104,0.005521416664123535,1,45
105,0.005521416664123535,1,45
106,0.005521416664123535,1,45
107,0.005521416664123535,1,45
108,0.005521416664123535,1,45
109,0.005521416664123535,1,45
110,0.005521416664123535,1,45
111,0.005521416664123535,1,45
112,0.005521416664123535,1,45
113,0.005521416664123535,1,45
114,0.005521416664123535,1,45
115,0.005521416664123535,1,45
116,0.005521416664123535,1,45
117,0.005521416664123535,1,45
118,0.005521416664123535,1,45
119,0.005521416664123535,1,45
120,0.005521416664123535,1,45
121,0.005521416664123535,1,45
122,0.005521416664123535,1,45
123,0.005521416664123535,1,45
124,0.005521416664123535,1,45
125,0.005521416664123535,1,45
126,0.005521416664123535,1,45
127,0.005521416664123535,1,45
128,0.005521416664123535,1,45
129,0.005521416664123535,1,45
130,0.005521416664123535,1,45
131,0.005521416664123535,1,45
132,0.005521416664123535,1,45
133,0.005521416664123535,1,45
134,0.005521416664123535,1,45
135,0.005521416664123535,1,45
136,0.005521416664123535,1,45
137,0.005521416664123535,1,45
138,0.005521416664123535,1,45
139,0.005521416664123535,1,45
140,0.005521416664123535,1,45
141,0.005521416664123535,1,45
142,0.005521416664123535,1,45
143,0.005521416664123535,1,45
144,0.005521416664123535,1,45
145,0.005521416664123535,1,45
146,0.005521416664123535,1,45
147,0.005521416664123535,1,45
148,0.005521416664123535,1,45
149,0.005521416664123535,1,45
150,0.005521416664123535,1,45
151,0.005521416664123535,1,45
152,0.005521416664123535,1,45
153,0.005521416664123535,1,45
154,0.005521416664123535,1,45
155,0.005521416664123535,1,45
156,0.005521416664123535,1,45
157,0.005521416664123535,1,45
158,0.005521416664123535,1,45
159,0.005521416664123535,1,45
160,0.005521416664123535,1,45
161,0.005521416664123535,1,45
162,0.005521416664123535,1,45
163,0.005521416664123535,1,45
164,0.005521416664123535,1,45
165,0.005521416664123535,1,45
166,0.005521416664123535,1,45
167,0.005521416664123535,1,45
168,0.005521416664123535,1,45
169,0.005521416664123535,1,45
170,0.005521416664123535,1,45
171,0.005521416664123535,1,45
172,0.005521416664123535,1,45
173,0.005521416664123535,1,45
174,0.005521416664123535,1,45
175,0.005521416664123535,1,45
176,0.005521416664123535,1,45
177,0.005521416664123535,1,45
178,0.005521416664123535,1,45
179,0.005521416664123535,1,45
180,0.005521416664123535,1,45
181,0.005521416664123535,1,45
182,0.005521416664123535,1,45
183,0.005521416664123535,1,45
184,0.005521416664123535,1,45
185,0.005521416664123535,1,45
186,0.005521416664123535,1,45
187,0.005521416664123535,1,45
188,0.005521416664123535,1,45
189,0.005521416664123535,1,45
190,0.005521416664123535,1,45
191,0.005521416664123535,1,45
192,0.005521416664123535,1,45
193,0.005521416664123535,1,45
194,0.005521416664123535,1,45
195,0.005521416664123535,1,45
196,0.005521416664123535,1,45
197,0.005521416664123535,1,45
198,0.005521416664123535,1,45
199,0.005521416664123535,1,45
200,0.005521416664123535,1,45
1,0.2093203067779541,6,46
2,0.4969152808189392,15,46
3,0.6855259537696838,15,46
4,0.7496580481529236,15,46
5,0.8426318615674973,15,46
6,0.9924474894069135,15,46
7,0.9948372216895223,15,46
8,0.782648116350174,5,46
9,0.782648116350174,5,46
10,0.9736242704093456,8,46
11,0.9736242704093456,8,46
12,0.9406867623329163,6,46
13,0.9406867623329163,6,46
14,0.9406867623329163,6,46
15,0.9406867623329163,6,46
16,0.9406867623329163,6,46
17,0.9406867623329163,6,46
18,0.9406867623329163,6,46
19,0.9406867623329163,6,46
20,0.9406867623329163,6,46
21,0.9406867623329163,6,46
22,0.9406867623329163,6,46
23,0.9406867623329163,6,46
24,0.9406867623329163,6,46
25,0.9406867623329163,6,46
26,0.9406867623329163,6,46
27,0.9406867623329163,6,46
28,0.9406867623329163,6,46
29,0.9406867623329163,6,46
30,0.9919421682134271,7,46
31,0.9919421682134271,7,46
32,0.9919421682134271,7,46
33,0.9919421682134271,7,46
34,0.9919421682134271,7,46
35,0.9919421682134271,7,46
36,0.9919421682134271,7,46
37,0.9919421682134271,7,46
38,0.9919421682134271,7,46
39,0.9919421682134271,7,46
40,0.9919421682134271,7,46
41,0.9919421682134271,7,46
42,0.9919421682134271,7,46
43,0.9919421682134271,7,46
44,0.9919421682134271,7,46
45,0.9919421682134271,7,46
46,0.9919421682134271,7,46
47,0.9919421682134271,7,46
48,0.9919421682134271,7,46
49,0.9919421682134271,7,46
50,0.9919421682134271,7,46
51,0.9919421682134271,7,46
52,0.9919421682134271,7,46
53,0.9919421682134271,7,46
54,0.9919421682134271,7,46
55,0.9919421682134271,7,46
56,0.9919421682134271,7,46
57,0.9919421682134271,7,46
58,0.9919421682134271,7,46
59,0.9830750338733196,6,46
60,0.9830750338733196,6,46
61,0.9830750338733196,6,46
62,0.9830750338733196,6,46
63,0.9830750338733196,6,46
64,0.9830750338733196,6,46
65,0.9830750338733196,6,46
66,0.9830750338733196,6,46
67,0.9830750338733196,6,46
68,0.9830750338733196,6,46
69,0.9830750338733196,6,46
70,0.9830750338733196,6,46
71,0.9830750338733196,6,46
72,0.9830750338733196,6,46
73,0.9830750338733196,6,46
74,0.9830750338733196,6,46
75,0.9830750338733196,6,46
76,0.9830750338733196,6,46
77,0.9830750338733196,6,46
78,0.9830750338733196,6,46
79,0.9830750338733196,6,46
80,0.9830750338733196,6,46
81,0.9830750338733196,6,46
82,0.9830750338733196,6,46
83,0.9830750338733196,6,46
84,0.9830750338733196,6,46
85,0.9830750338733196,6,46
86,0.9830750338733196,6,46
87,0.9830750338733196,6,46
88,0.9830750338733196,6,46
89,0.9872717214748263,6,46
90,0.9872717214748263,6,46
91,0.9872717214748263,6,46
92,0.9872717214748263,6,46
93,0.9872717214748263,6,46
94,0.9921027217060328,6,46
95,0.9921027217060328,6,46
96,0.9921027217060328,6,46
97,0.9921027217060328,6,46
98,0.9921027217060328,6,46
99,0.9921027217060328,6,46
100,0.9950639149174094,6,46
101,0.9950639149174094,6,46
102,0.9950639149174094,6,46
103,0.9950639149174094,6,46
104,0.9950639149174094,6,46
105,0.9950639149174094,6,46
106,0.9950639149174094,6,46
107,0.9950639149174094,6,46
108,0.9950639149174094,6,46
109,0.9950639149174094,6,46
110,0.9950639149174094,6,46
111,0.9950639149174094,6,46
112,0.9950639149174094,6,46
113,0.9950639149174094,6,46
114,0.9950639149174094,6,46
115,0.9950639149174094,6,46
116,0.9950639149174094,6,46
117,0.9950639149174094,6,46
118,0.9950639149174094,6,46
119,0.9950639149174094,6,46
120,0.9950639149174094,6,46
121,0.9950639149174094,6,46
122,0.9950639149174094,6,46
123,0.9950639149174094,6,46
124,0.9950639149174094,6,46
125,0.9950639149174094,6,46
126,0.9981355492491275,6,46
127,0.9981355492491275,6,46
128,0.9981355492491275,6,46
129,0.9981355492491275,6,46
130,0.979077972471714,5,46
131,0.979077972471714,5,46
132,0.979077972471714,5,46
133,0.979077972471714,5,46
134,0.979077972471714,5,46
135,0.979077972471714,5,46
136,0.9814786035567522,5,46
137,0.9814786035567522,5,46
138,0.9814786035567522,5,46
139,0.9814786035567522,5,46
140,0.9814786035567522,5,46
141,0.9814786035567522,5,46
142,0.9824975579977036,5,46
143,0.9824975579977036,5,46
144,0.9824975579977036,5,46
145,0.9824975579977036,5,46
146,0.9824975579977036,5,46
147,0.9824975579977036,5,46
148,0.9824975579977036,5,46
149,0.9824975579977036,5,46
150,0.9824975579977036,5,46
151,0.9824975579977036,5,46
152,0.9824975579977036,5,46
153,0.9824975579977036,5,46
154,0.9824975579977036,5,46
155,0.9824975579977036,5,46
156,0.9824975579977036,5,46
157,0.9824975579977036,5,46
158,0.9824975579977036,5,46
159,0.9824975579977036,5,46
160,0.9824975579977036,5,46
161,0.9824975579977036,5,46
162,0.9824975579977036,5,46
163,0.9842626210302114,5,46
164,0.9842626210302114,5,46
165,0.9842626210302114,5,46
166,0.9842626210302114,5,46
167,0.9842626210302114,5,46
168,0.9842626210302114,5,46
169,0.9842626210302114,5,46
170,0.9842626210302114,5,46
171,0.9842626210302114,5,46
172,0.9842626210302114,5,46
173,0.9842626210302114,5,46
174,0.988665983080864,5,46
175,0.988665983080864,5,46
176,0.988665983080864,5,46
177,0.988665983080864,5,46
178,0.988665983080864,5,46
179,0.988665983080864,5,46
180,0.988665983080864,5,46
181,0.988665983080864,5,46
182,0.988665983080864,5,46
183,0.988665983080864,5,46
184,0.988665983080864,5,46
185,0.988665983080864,5,46
186,0.988665983080864,5,46
187,0.988665983080864,5,46
188,0.988665983080864,5,46
189,0.988665983080864,5,46
190,0.988665983080864,5,46
191,0.988665983080864,5,46
192,0.988665983080864,5,46
193,0.988665983080864,5,46
194,0.9903418179601431,5,46
195,0.9916942222043872,5,46
196,0.9916942222043872,5,46
197,0.9916942222043872,5,46
198,0.9916942222043872,5,46
199,0.9916942222043872,5,46
200,0.9916942222043872,5,46
1,0.42431962490081787,5,47
2,0.4658438563346863,6,47
3,0.7460850179195404,11,47
4,0.9447182081639767,14,47
5,0.909142829477787,8,47
6,0.8459592759609222,5,47
7,0.8459592759609222,5,47
8,0.8459592759609222,5,47
9,0.8459592759609222,5,47
10,0.8459592759609222,5,47
11,0.9278780966997147,7,47
12,0.9278780966997147,7,47
13,0.9278780966997147,7,47
14,0.9278780966997147,7,47
15,0.9278780966997147,7,47
16,0.9278780966997147,7,47
17,0.9278780966997147,7,47
18,0.9278780966997147,7,47
19,0.990025787614286,9,47
20,0.990025787614286,9,47
21,0.990025787614286,9,47
22,0.990025787614286,9,47
23,0.990025787614286,9,47
24,0.990025787614286,9,47
25,0.990025787614286,9,47
26,0.990025787614286,9,47
27,0.990025787614286,9,47
28,0.990025787614286,9,47
29,0.9768954776227474,8,47
30,0.9768954776227474,8,47
31,0.9768954776227474,8,47
32,0.9768954776227474,8,47
33,0.9768954776227474,8,47
34,0.9768954776227474,8,47
35,0.9768954776227474,8,47
36,0.9863134818151593,8,47
37,0.9863134818151593,8,47
38,0.9718579258769751,7,47
39,0.9718579258769751,7,47
40,0.9779042582958937,7,47
41,0.9779042582958937,7,47
42,0.9779042582958937,7,47
43,0.9779042582958937,7,47
44,0.9830492846667767,7,47
45,0.9830492846667767,7,47
46,0.9886204926297069,7,47
47,0.9886204926297069,7,47
48,0.9886204926297069,7,47
49,0.9886204926297069,7,47
50,0.9886204926297069,7,47
51,0.9886204926297069,7,47
52,0.9886204926297069,7,47
53,0.9931625328026712,7,47
54,0.9931625328026712,7,47
55,0.9931625328026712,7,47
56,0.9931625328026712,7,47
57,0.9931625328026712,7,47
58,0.9931625328026712,7,47
59,0.9963535137940198,7,47
60,0.9963535137940198,7,47
61,0.9965107073076069,7,47
62,0.9965107073076069,7,47
63,0.9965107073076069,7,47
64,0.9965107073076069,7,47
65,0.9965107073076069,7,47
66,0.9695453979074955,6,47
67,0.9695453979074955,6,47
68,0.9927897281013429,6,47
69,0.9927897281013429,6,47
70,0.9927897281013429,6,47
71,0.9927897281013429,6,47
72,0.9927897281013429,6,47
73,0.9927897281013429,6,47
74,0.9927897281013429,6,47
75,0.9927897281013429,6,47
76,0.9927897281013429,6,47
77,0.9927897281013429,6,47
78,0.9927897281013429,6,47
79,0.9927897281013429,6,47
80,0.9927897281013429,6,47
81,0.9927897281013429,6,47
82,0.9927897281013429,6,47
83,0.9927897281013429,6,47
84,0.9927897281013429,6,47
85,0.9659732803702354,5,47
86,0.9659732803702354,5,47
87,0.9659732803702354,5,47
88,0.9972925740294158,6,47
89,0.9972925740294158,6,47
90,0.9972925740294158,6,47
91,0.9972925740294158,6,47
92,0.9972925740294158,6,47
93,0.9972925740294158,6,47
94,0.9972925740294158,6,47
95,0.9972925740294158,6,47
96,0.969270484521985,5,47
97,0.969270484521985,5,47
98,0.969270484521985,5,47
99,0.969270484521985,5,47
100,0.969270484521985,5,47
101,0.969270484521985,5,47
102,0.969270484521985,5,47
103,0.969270484521985,5,47
104,0.969270484521985,5,47
105,0.969270484521985,5,47
106,0.969270484521985,5,47
107,0.969270484521985,5,47
108,0.9782289583235979,5,47
109,0.9782289583235979,5,47
110,0.9782289583235979,5,47
111,0.9782289583235979,5,47
112,0.9782289583235979,5,47
113,0.9782289583235979,5,47
114,0.9782289583235979,5,47
115,0.9832420200109482,5,47
116,0.9839243646711111,5,47
117,0.9839243646711111,5,47
118,0.9839243646711111,5,47
119,0.9839243646711111,5,47
120,0.9839243646711111,5,47
121,0.9839243646711111,5,47
122,0.9839243646711111,5,47
123,0.9839243646711111,5,47
124,0.9839243646711111,5,47
125,0.9839243646711111,5,47
126,0.9839243646711111,5,47
127,0.9839243646711111,5,47
128,0.9839243646711111,5,47
129,0.9839243646711111,5,47
130,0.9651420339941978,4,47
131,0.9651420339941978,4,47
132,0.9651420339941978,4,47
133,0.9651420339941978,4,47
134,0.9959625187329948,5,47
135,0.9959625187329948,5,47
136,0.9959625187329948,5,47
137,0.9959625187329948,5,47
138,0.9959625187329948,5,47
139,0.9959625187329948,5,47
140,0.9959625187329948,5,47
141,0.9959625187329948,5,47
142,0.970885131508112,4,47
143,0.970885131508112,4,47
144,0.970885131508112,4,47
145,0.970885131508112,4,47
146,0.970885131508112,4,47
147,0.970885131508112,4,47
148,0.970885131508112,4,47
149,0.970885131508112,4,47
150,0.970885131508112,4,47
151,0.970885131508112,4,47
152,0.970885131508112,4,47
153,0.970885131508112,4,47
154,0.970885131508112,4,47
155,0.970885131508112,4,47
156,0.970885131508112,4,47
157,0.970885131508112,4,47
158,0.970885131508112,4,47
159,0.970885131508112,4,47
160,0.970885131508112,4,47
161,0.970885131508112,4,47
162,0.970885131508112,4,47
163,0.970885131508112,4,47
164,0.970885131508112,4,47
165,0.970885131508112,4,47
166,0.970885131508112,4,47
167,0.970885131508112,4,47
168,0.970885131508112,4,47
169,0.970885131508112,4,47
170,0.970885131508112,4,47
171,0.970885131508112,4,47
172,0.970885131508112,4,47
173,0.970885131508112,4,47
174,0.970885131508112,4,47
175,0.970885131508112,4,47
176,0.970885131508112,4,47
177,0.970885131508112,4,47
178,0.970885131508112,4,47
179,0.970885131508112,4,47
180,0.970885131508112,4,47
181,0.9726172927767038,4,47
182,0.9726172927767038,4,47
183,0.9726172927767038,4,47
184,0.9726172927767038,4,47
185,0.9726172927767038,4,47
186,0.9726172927767038,4,47
187,0.9726172927767038,4,47
188,0.9726172927767038,4,47
189,0.9726172927767038,4,47
190,0.9726172927767038,4,47
191,0.9726172927767038,4,47
192,0.9726172927767038,4,47
193,0.9726172927767038,4,47
194,0.9726172927767038,4,47
195,0.9726172927767038,4,47
196,0.9726172927767038,4,47
197,0.9726172927767038,4,47
198,0.9726172927767038,4,47
199,0.9726172927767038,4,47
200,0.9726172927767038,4,47
1,0.002244889736175537,1,48
2,0.0026817917823791504,1,48
3,0.0026817917823791504,1,48
4,0.0026817917823791504,1,48
5,0.0026817917823791504,1,48
6,0.00301283597946167,1,48
7,0.00301283597946167,1,48
8,0.0031926631927490234,1,48
9,0.0033889412879943848,1,48
10,0.004139959812164307,1,48
11,0.004398941993713379,1,48
12,0.0048444271087646484,1,48
13,0.0048444271087646484,1,48
14,0.0048444271087646484,1,48
15,0.0048444271087646484,1,48
16,0.005265593528747559,1,48
17,0.005265593528747559,1,48
18,0.005265593528747559,1,48
19,0.005265593528747559,1,48
20,0.005265593528747559,1,48
21,0.005323529243469238,1,48
22,0.005323529243469238,1,48
23,0.005323529243469238,1,48
24,0.005323529243469238,1,48
25,0.005323529243469238,1,48
26,0.005323529243469238,1,48
27,0.007241725921630859,1,48
28,0.007241725921630859,1,48
29,0.007241725921630859,1,48
30,0.007241725921630859,1,48
31,0.007241725921630859,1,48
32,0.007241725921630859,1,48
33,0.007241725921630859,1,48
34,0.007241725921630859,1,48
35,0.007241725921630859,1,48
36,0.007241725921630859,1,48
37,0.007241725921630859,1,48
38,0.007241725921630859,1,48
39,0.007241725921630859,1,48
40,0.007241725921630859,1,48
41,0.007241725921630859,1,48
42,0.007241725921630859,1,48
43,0.007241725921630859,1,48
44,0.007241725921630859,1,48
45,0.007241725921630859,1,48
46,0.007241725921630859,1,48
47,0.007241725921630859,1,48
48,0.007241725921630859,1,48
49,0.007241725921630859,1,48
50,0.007241725921630859,1,48
51,0.007241725921630859,1,48
52,0.007241725921630859,1,48
53,0.007241725921630859,1,48
54,0.007241725921630859,1,48
55,0.007241725921630859,1,48
56,0.007241725921630859,1,48
57,0.007241725921630859,1,48
58,0.007241725921630859,1,48
59,0.007241725921630859,1,48
60,0.007241725921630859,1,48
61,0.007241725921630859,1,48
62,0.007241725921630859,1,48
63,0.007241725921630859,1,48
64,0.007241725921630859,1,48
65,0.007241725921630859,1,48
66,0.007241725921630859,1,48
67,0.007241725921630859,1,48
68,0.007241725921630859,1,48
69,0.007241725921630859,1,48
70,0.007241725921630859,1,48
71,0.007241725921630859,1,48
72,0.007241725921630859,1,48
73,0.007241725921630859,1,48
74,0.007241725921630859,1,48
75,0.007241725921630859,1,48
76,0.007241725921630859,1,48
77,0.007241725921630859,1,48
78,0.007241725921630859,1,48
79,0.007241725921630859,1,48
80,0.007241725921630859,1,48
81,0.007241725921630859,1,48
82,0.007241725921630859,1,48
83,0.007241725921630859,1,48
84,0.007241725921630859,1,48
85,0.007241725921630859,1,48
86,0.007241725921630859,1,48
87,0.007241725921630859,1,48
88,0.007241725921630859,1,48
89,0.007241725921630859,1,48
90,0.007241725921630859,1,48
91,0.007241725921630859,1,48
92,0.007241725921630859,1,48
93,0.007241725921630859,1,48
94,0.007241725921630859,1,48
95,0.007241725921630859,1,48
96,0.007241725921630859,1,48
97,0.007241725921630859,1,48
98,0.007241725921630859,1,48
99,0.007241725921630859,1,48
100,0.007241725921630859,1,48
101,0.007241725921630859,1,48
102,0.007241725921630859,1,48
103,0.007241725921630859,1,48
104,0.007241725921630859,1,48
105,0.007241725921630859,1,48
106,0.007241725921630859,1,48
107,0.007241725921630859,1,48
108,0.007241725921630859,1,48
109,0.007241725921630859,1,48
110,0.007241725921630859,1,48
111,0.007241725921630859,1,48
112,0.007241725921630859,1,48
113,0.007241725921630859,1,48
114,0.007241725921630859,1,48
115,0.007241725921630859,1,48
116,0.007241725921630859,1,48
117,0.007241725921630859,1,48
118,0.007241725921630859,1,48
119,0.007241725921630859,1,48
120,0.007241725921630859,1,48
121,0.007241725921630859,1,48
122,0.007241725921630859,1,48
123,0.007241725921630859,1,48
124,0.007241725921630859,1,48
125,0.007241725921630859,1,48
126,0.007241725921630859,1,48
127,0.007241725921630859,1,48
128,0.007241725921630859,1,48
129,0.007241725921630859,1,48
130,0.007241725921630859,1,48
131,0.007241725921630859,1,48
132,0.007241725921630859,1,48
133,0.007241725921630859,1,48
134,0.007241725921630859,1,48
135,0.007241725921630859,1,48
136,0.007241725921630859,1,48
137,0.007241725921630859,1,48
138,0.007241725921630859,1,48
139,0.007241725921630859,1,48
140,0.007241725921630859,1,48
141,0.007241725921630859,1,48
142,0.007241725921630859,1,48
143,0.007241725921630859,1,48
144,0.007241725921630859,1,48
145,0.007241725921630859,1,48
146,0.007241725921630859,1,48
147,0.007241725921630859,1,48
148,0.007241725921630859,1,48
149,0.007241725921630859,1,48
150,0.007241725921630859,1,48
151,0.007241725921630859,1,48
152,0.007241725921630859,1,48
153,0.007241725921630859,1,48
154,0.007241725921630859,1,48
155,0.007241725921630859,1,48
156,0.007241725921630859,1,48
157,0.007241725921630859,1,48
158,0.007241725921630859,1,48
159,0.007241725921630859,1,48
160,0.007241725921630859,1,48
161,0.007241725921630859,1,48
162,0.007241725921630859,1,48
163,0.007241725921630859,1,48
164,0.007241725921630859,1,48
165,0.007241725921630859,1,48
166,0.007241725921630859,1,48
167,0.007241725921630859,1,48
168,0.007241725921630859,1,48
169,0.007241725921630859,1,48
170,0.007241725921630859,1,48
171,0.007241725921630859,1,48
172,0.007241725921630859,1,48
173,0.007241725921630859,1,48
174,0.007241725921630859,1,48
175,0.007241725921630859,1,48
176,0.007241725921630859,1,48
177,0.007241725921630859,1,48
178,0.007241725921630859,1,48
179,0.007241725921630859,1,48
180,0.007241725921630859,1,48
181,0.007241725921630859,1,48
182,0.007241725921630859,1,48
183,0.007241725921630859,1,48
184,0.007241725921630859,1,48
185,0.007241725921630859,1,48
186,0.007241725921630859,1,48
187,0.007241725921630859,1,48
188,0.007241725921630859,1,48
189,0.007241725921630859,1,48
190,0.007241725921630859,1,48
191,0.007241725921630859,1,48
192,0.007241725921630859,1,48
193,0.007241725921630859,1,48
194,0.007241725921630859,1,48
195,0.007241725921630859,1,48
196,0.007241725921630859,1,48
197,0.007241725921630859,1,48
198,0.007241725921630859,1,48
199,0.007241725921630859,1,48
200,0.007241725921630859,1,48
1,0.00014531612396240234,1,49
2,0.00014531612396240234,1,49
3,0.00017279386520385742,1,49
4,0.00018745660781860352,1,49
5,0.00020271539688110352,1,49
6,0.00021010637283325195,1,49
7,0.00025957822799682617,1,49
8,0.0003126859664916992,1,49
9,0.0005660653114318848,1,49
10,0.0006446242332458496,1,49
11,0.0006446242332458496,1,49
12,0.0006446242332458496,1,49
13,0.0006902217864990234,1,49
14,0.0006902217864990234,1,49
15,0.0006902217864990234,1,49
16,0.0006902217864990234,1,49
17,0.0006902217864990234,1,49
18,0.0006902217864990234,1,49
19,0.0006902217864990234,1,49
20,0.0007484555244445801,1,49
21,0.0007484555244445801,1,49
22,0.0007761716842651367,1,49
23,0.0007761716842651367,1,49
24,0.0007761716842651367,1,49
25,0.0007761716842651367,1,49
26,0.0007761716842651367,1,49
27,0.0007761716842651367,1,49
28,0.0007761716842651367,1,49
29,0.0007761716842651367,1,49
30,0.0007761716842651367,1,49
31,0.0007761716842651367,1,49
32,0.0007761716842651367,1,49
33,0.0007761716842651367,1,49
34,0.0007853507995605469,1,49
35,0.0007853507995605469,1,49
36,0.0007853507995605469,1,49
37,0.0007853507995605469,1,49
38,0.0007853507995605469,1,49
39,0.0007853507995605469,1,49
40,0.0007853507995605469,1,49
41,0.0007853507995605469,1,49
42,0.0007853507995605469,1,49
43,0.0008203387260437012,1,49
44,0.0008203387260437012,1,49
45,0.0008203387260437012,1,49
46,0.0008203387260437012,1,49
47,0.0008203387260437012,1,49
48,0.0008203387260437012,1,49
49,0.0008203387260437012,1,49
50,0.0008203387260437012,1,49
51,0.0008203387260437012,1,49
52,0.0008203387260437012,1,49
53,0.0008203387260437012,1,49
54,0.0008203387260437012,1,49
55,0.0008203387260437012,1,49
56,0.0008203387260437012,1,49
57,0.0008203387260437012,1,49
58,0.0008203387260437012,1,49
59,0.0008203387260437012,1,49
60,0.0008203387260437012,1,49
61,0.0008203387260437012,1,49
62,0.0008203387260437012,1,49
63,0.0008203387260437012,1,49
64,0.0008203387260437012,1,49
65,0.0008203387260437012,1,49
66,0.0008203387260437012,1,49
67,0.0008203387260437012,1,49
68,0.0008203387260437012,1,49
69,0.0008203387260437012,1,49
70,0.0008203387260437012,1,49
71,0.0008203387260437012,1,49
72,0.0008203387260437012,1,49
73,0.0008203387260437012,1,49
74,0.0008203387260437012,1,49
75,0.0008203387260437012,1,49
76,0.0008203387260437012,1,49
77,0.0008203387260437012,1,49
78,0.0008203387260437012,1,49
79,0.0008203387260437012,1,49
80,0.0008203387260437012,1,49
81,0.0008203387260437012,1,49
82,0.0008203387260437012,1,49
83,0.0008203387260437012,1,49
84,0.0008203387260437012,1,49
85,0.0008203387260437012,1,49
86,0.0008203387260437012,1,49
87,0.0008203387260437012,1,49
88,0.0008203387260437012,1,49
89,0.0008203387260437012,1,49
90,0.0008203387260437012,1,49
91,0.0008203387260437012,1,49
92,0.0008203387260437012,1,49
93,0.0008203387260437012,1,49
94,0.0008203387260437012,1,49
95,0.0008203387260437012,1,49
96,0.0008203387260437012,1,49
97,0.0008203387260437012,1,49
98,0.0008203387260437012,1,49
99,0.0008203387260437012,1,49
100,0.0008203387260437012,1,49
101,0.0008203387260437012,1,49
102,0.0008203387260437012,1,49
103,0.0008203387260437012,1,49
104,0.0008203387260437012,1,49
105,0.0008203387260437012,1,49
106,0.0008203387260437012,1,49
107,0.0008203387260437012,1,49
108,0.0008203387260437012,1,49
109,0.0008203387260437012,1,49
110,0.0008203387260437012,1,49
111,0.0008203387260437012,1,49
112,0.0008203387260437012,1,49
113,0.0008203387260437012,1,49
114,0.0008203387260437012,1,49
115,0.0008203387260437012,1,49
116,0.0008203387260437012,1,49
117,0.0008203387260437012,1,49
118,0.0008203387260437012,1,49
119,0.0008203387260437012,1,49
120,0.0008203387260437012,1,49
121,0.0008203387260437012,1,49
122,0.0008203387260437012,1,49
123,0.0008203387260437012,1,49
124,0.0008203387260437012,1,49
125,0.0008203387260437012,1,49
126,0.0008203387260437012,1,49
127,0.0008203387260437012,1,49
128,0.0008203387260437012,1,49
129,0.0008203387260437012,1,49
130,0.0008203387260437012,1,49
131,0.0008203387260437012,1,49
132,0.0008203387260437012,1,49
133,0.0008203387260437012,1,49
134,0.0008203387260437012,1,49
135,0.0008203387260437012,1,49
136,0.0008203387260437012,1,49
137,0.0008203387260437012,1,49
138,0.0008203387260437012,1,49
139,0.0008203387260437012,1,49
140,0.0008203387260437012,1,49
141,0.0008203387260437012,1,49
142,0.0008203387260437012,1,49
143,0.0008203387260437012,1,49
144,0.0008203387260437012,1,49
145,0.0008203387260437012,1,49
146,0.0008203387260437012,1,49
147,0.0008203387260437012,1,49
148,0.0008203387260437012,1,49
149,0.0008203387260437012,1,49
150,0.0008203387260437012,1,49
151,0.0008203387260437012,1,49
152,0.0008203387260437012,1,49
153,0.0008203387260437012,1,49
154,0.0008203387260437012,1,49
155,0.0008203387260437012,1,49
156,0.0008203387260437012,1,49
157,0.0008203387260437012,1,49
158,0.0008203387260437012,1,49
159,0.0008203387260437012,1,49
160,0.0008203387260437012,1,49
161,0.0008203387260437012,1,49
162,0.0008203387260437012,1,49
163,0.0008203387260437012,1,49
164,0.0008203387260437012,1,49
165,0.0008203387260437012,1,49
166,0.0008203387260437012,1,49
167,0.0008203387260437012,1,49
168,0.0008203387260437012,1,49
169,0.0008203387260437012,1,49
170,0.0008203387260437012,1,49
171,0.0008203387260437012,1,49
172,0.0008203387260437012,1,49
173,0.0008203387260437012,1,49
174,0.0008203387260437012,1,49
175,0.0008203387260437012,1,49
176,0.0008203387260437012,1,49
177,0.0008203387260437012,1,49
178,0.0008203387260437012,1,49
179,0.0008203387260437012,1,49
180,0.0008203387260437012,1,49
181,0.0008203387260437012,1,49
182,0.0008203387260437012,1,49
183,0.0008203387260437012,1,49
184,0.0008203387260437012,1,49
185,0.0008203387260437012,1,49
186,0.0008203387260437012,1,49
187,0.0008203387260437012,1,49
188,0.0008203387260437012,1,49
189,0.0008203387260437012,1,49
190,0.0008203387260437012,1,49
191,0.0008203387260437012,1,49
192,0.0008203387260437012,1,49
193,0.0008203387260437012,1,49
194,0.0008203387260437012,1,49
195,0.0008203387260437012,1,49
196,0.0008203387260437012,1,49
197,0.0008203387260437012,1,49
198,0.0008203387260437012,1,49
199,0.0008203387260437012,1,49
200,0.0008203387260437012,1,49
1,0.8445118367671967,2,50
2,0.8562631607055664,2,50
3,0.8515925109386444,1,50
4,0.8515925109386444,1,50
5,0.8515925109386444,1,50
6,0.9120850637555122,3,50
7,0.8837480992078781,1,50
8,0.8837480992078781,1,50
9,0.9529328308999538,3,50
10,0.9529328308999538,3,50
11,0.9529328308999538,3,50
12,0.9529328308999538,3,50
13,0.9529328308999538,3,50
14,0.9371486082673073,2,50
15,0.9371486082673073,2,50
16,0.9371486082673073,2,50
17,0.9420467056334019,2,50
18,0.9512465484440327,2,50
19,0.9512465484440327,2,50
20,0.9512465484440327,2,50
21,0.9600645527243614,2,50
22,0.9600645527243614,2,50
23,0.9600645527243614,2,50
24,0.9600645527243614,2,50
25,0.9600645527243614,2,50
26,0.9600645527243614,2,50
27,0.9599854499101639,2,50
28,0.9656976349651814,2,50
29,0.9656976349651814,2,50
30,0.9725600611418486,2,50
31,0.9725600611418486,2,50
32,0.9725600611418486,2,50
33,0.9725600611418486,2,50
34,0.9725600611418486,2,50
35,0.9725600611418486,2,50
36,0.9725600611418486,2,50
37,0.9725600611418486,2,50
38,0.9734197519719601,2,50
39,0.9734197519719601,2,50
40,0.9734197519719601,2,50
41,0.9734197519719601,2,50
42,0.9734197519719601,2,50
43,0.9734197519719601,2,50
44,0.9734197519719601,2,50
45,0.9734197519719601,2,50
46,0.9734197519719601,2,50
47,0.9734197519719601,2,50
48,0.9734197519719601,2,50
49,0.9734197519719601,2,50
50,0.9734197519719601,2,50
51,0.9734197519719601,2,50
52,0.9734197519719601,2,50
53,0.9734197519719601,2,50
54,0.9734197519719601,2,50
55,0.9734197519719601,2,50
56,0.9734197519719601,2,50
57,0.9734197519719601,2,50
58,0.9734197519719601,2,50
59,0.9734197519719601,2,50
60,0.9734197519719601,2,50
61,0.9734197519719601,2,50
62,0.9734197519719601,2,50
63,0.9734197519719601,2,50
64,0.9734197519719601,2,50
65,0.9734197519719601,2,50
66,0.9734197519719601,2,50
67,0.9734197519719601,2,50
68,0.9734197519719601,2,50
69,0.9734197519719601,2,50
70,0.9734197519719601,2,50
71,0.9734197519719601,2,50
72,0.9734197519719601,2,50
73,0.9734197519719601,2,50
74,0.9734197519719601,2,50
75,0.9734197519719601,2,50
76,0.9734197519719601,2,50
77,0.9734197519719601,2,50
78,0.9734197519719601,2,50
79,0.9734197519719601,2,50
80,0.9734197519719601,2,50
81,0.9734197519719601,2,50
82,0.9734197519719601,2,50
83,0.9734197519719601,2,50
84,0.9734197519719601,2,50
85,0.9734197519719601,2,50
86,0.9734197519719601,2,50
87,0.9734197519719601,2,50
88,0.9734197519719601,2,50
89,0.9734197519719601,2,50
90,0.9734197519719601,2,50
91,0.9734197519719601,2,50
92,0.9734197519719601,2,50
93,0.9734197519719601,2,50
94,0.9734197519719601,2,50
95,0.9734197519719601,2,50
96,0.9734197519719601,2,50
97,0.9734197519719601,2,50
98,0.9734197519719601,2,50
99,0.9734197519719601,2,50
100,0.9734197519719601,2,50
101,0.9734197519719601,2,50
102,0.9734197519719601,2,50
103,0.9734197519719601,2,50
104,0.9734197519719601,2,50
105,0.9734197519719601,2,50
106,0.9734197519719601,2,50
107,0.9734197519719601,2,50
108,0.9734197519719601,2,50
109,0.9734197519719601,2,50
110,0.9734197519719601,2,50
111,0.9734197519719601,2,50
112,0.9734197519719601,2,50
113,0.9734197519719601,2,50
114,0.9734197519719601,2,50
115,0.9734197519719601,2,50
116,0.9734197519719601,2,50
117,0.9734197519719601,2,50
118,0.9734197519719601,2,50
119,0.9734197519719601,2,50
120,0.9734197519719601,2,50
121,0.9734197519719601,2,50
122,0.9734197519719601,2,50
123,0.9734197519719601,2,50
124,0.9734197519719601,2,50
125,0.9734197519719601,2,50
126,0.9734197519719601,2,50
127,0.9734197519719601,2,50
128,0.9734197519719601,2,50
129,0.9734197519719601,2,50
130,0.9734197519719601,2,50
131,0.9734197519719601,2,50
132,0.9734197519719601,2,50
133,0.9734197519719601,2,50
134,0.9734197519719601,2,50
135,0.9734197519719601,2,50
136,0.9734197519719601,2,50
137,0.9734197519719601,2,50
138,0.9734197519719601,2,50
139,0.9734197519719601,2,50
140,0.9734197519719601,2,50
141,0.9734197519719601,2,50
142,0.9734197519719601,2,50
143,0.9734188746660948,2,50
144,0.9734188746660948,2,50
145,0.9734188746660948,2,50
146,0.9734188746660948,2,50
147,0.9734188746660948,2,50
148,0.9734188746660948,2,50
149,0.9734188746660948,2,50
150,0.9734188746660948,2,50
151,0.9734188746660948,2,50
152,0.9734188746660948,2,50
153,0.9734188746660948,2,50
154,0.9734188746660948,2,50
155,0.9734188746660948,2,50
156,0.9734188746660948,2,50
157,0.9734188746660948,2,50
158,0.9734188746660948,2,50
159,0.9734188746660948,2,50
160,0.9734188746660948,2,50
161,0.9734188746660948,2,50
162,0.9734188746660948,2,50
163,0.9734188746660948,2,50
164,0.9734188746660948,2,50
165,0.9734188746660948,2,50
166,0.9734188746660948,2,50
167,0.9734188746660948,2,50
168,0.9734188746660948,2,50
169,0.9734188746660948,2,50
170,0.9734188746660948,2,50
171,0.9734188746660948,2,50
172,0.9734188746660948,2,50
173,0.9734188746660948,2,50
174,0.9734188746660948,2,50
175,0.9734188746660948,2,50
176,0.9734188746660948,2,50
177,0.9734188746660948,2,50
178,0.9734188746660948,2,50
179,0.9734188746660948,2,50
180,0.9734188746660948,2,50
181,0.9734188746660948,2,50
182,0.9734188746660948,2,50
183,0.9734188746660948,2,50
184,0.973418939858675,2,50
185,0.9734178315848112,2,50
186,0.9734178315848112,2,50
187,0.9734164532274008,2,50
188,0.9734164532274008,2,50
189,0.9734164532274008,2,50
190,0.9734164532274008,2,50
191,0.9734164532274008,2,50
192,0.9734164532274008,2,50
193,0.9734164532274008,2,50
194,0.9734164532274008,2,50
195,0.9734164159744978,2,50
196,0.9734164159744978,2,50
197,0.9734164159744978,2,50
198,0.9734164159744978,2,50
199,0.9734164159744978,2,50
200,0.9734164159744978,2,50
1,0.010836482048034668,1,51
2,0.011603951454162598,1,51
3,0.011603951454162598,1,51
4,0.04323667287826538,2,51
5,0.04323667287826538,2,51
6,0.051013410091400146,2,51
7,0.051013410091400146,2,51
8,0.4172542095184326,4,51
9,0.4172542095184326,4,51
10,0.4172542095184326,4,51
11,0.4172542095184326,4,51
12,0.4172542095184326,4,51
13,0.4172542095184326,4,51
14,0.4172542095184326,4,51
15,0.5281780958175659,4,51
16,0.8036449402570724,4,51
17,0.8036449402570724,4,51
18,0.8036449402570724,4,51
19,0.9147094413638115,5,51
20,0.9780108444392681,6,51
21,0.9780108444392681,6,51
22,0.9780108444392681,6,51
23,0.9780108444392681,6,51
24,0.9780108444392681,6,51
25,0.9780108444392681,6,51
26,0.9780108444392681,6,51
27,0.9780108444392681,6,51
28,0.9816935621201992,6,51
29,0.9816935621201992,6,51
30,0.9816935621201992,6,51
31,0.9816935621201992,6,51
32,0.9816935621201992,6,51
33,0.9924961752258241,6,51
34,0.9924961752258241,6,51
35,0.9924961752258241,6,51
36,0.9924961752258241,6,51
37,0.9924961752258241,6,51
38,0.993807558901608,6,51
39,0.993807558901608,6,51
40,0.993807558901608,6,51
41,0.993807558901608,6,51
42,0.993807558901608,6,51
43,0.993807558901608,6,51
44,0.993807558901608,6,51
45,0.993807558901608,6,51
46,0.993807558901608,6,51
47,0.993807558901608,6,51
48,0.993807558901608,6,51
49,0.993807558901608,6,51
50,0.993807558901608,6,51
51,0.993807558901608,6,51
52,0.993807558901608,6,51
53,0.993807558901608,6,51
54,0.993807558901608,6,51
55,0.993807558901608,6,51
56,0.9978443956933916,6,51
57,0.9978443956933916,6,51
58,0.9978443956933916,6,51
59,0.9978443956933916,6,51
60,0.9978443956933916,6,51
61,0.9978443956933916,6,51
62,0.9978443956933916,6,51
63,0.9978443956933916,6,51
64,0.9978443956933916,6,51
65,0.9978443956933916,6,51
66,0.9978443956933916,6,51
67,0.9978443956933916,6,51
68,0.9978443956933916,6,51
69,0.9978443956933916,6,51
70,0.9978443956933916,6,51
71,0.9978443956933916,6,51
72,0.9700556620955467,5,51
73,0.9700556620955467,5,51
74,0.9700556620955467,5,51
75,0.9700556620955467,5,51
76,0.9700556620955467,5,51
77,0.9760197941213846,5,51
78,0.9760197941213846,5,51
79,0.9760197941213846,5,51
80,0.9771773125976324,5,51
81,0.9771773125976324,5,51
82,0.9771773125976324,5,51
83,0.9837771840393543,5,51
84,0.9837771840393543,5,51
85,0.9837771840393543,5,51
86,0.9837771840393543,5,51
87,0.9837771840393543,5,51
88,0.9837771840393543,5,51
89,0.9837771840393543,5,51
90,0.9837771840393543,5,51
91,0.9837771840393543,5,51
92,0.9837771840393543,5,51
93,0.9837771840393543,5,51
94,0.9837771840393543,5,51
95,0.9869432309642434,5,51
96,0.9869432309642434,5,51
97,0.9869432309642434,5,51
98,0.9869432309642434,5,51
99,0.9869432309642434,5,51
100,0.9869432309642434,5,51
101,0.9869432309642434,5,51
102,0.9869432309642434,5,51
103,0.9869432309642434,5,51
104,0.9869432309642434,5,51
105,0.9869432309642434,5,51
106,0.9869432309642434,5,51
107,0.9869432309642434,5,51
108,0.9869432309642434,5,51
109,0.9869432309642434,5,51
110,0.9869432309642434,5,51
111,0.9869432309642434,5,51
112,0.9869432309642434,5,51
113,0.9869432309642434,5,51
114,0.9869432309642434,5,51
115,0.9869432309642434,5,51
116,0.9869432309642434,5,51
117,0.9869432309642434,5,51
118,0.9869432309642434,5,51
119,0.9869432309642434,5,51
120,0.9869432309642434,5,51
121,0.9869432309642434,5,51
122,0.9869432309642434,5,51
123,0.9869432309642434,5,51
124,0.9869432309642434,5,51
125,0.9869432309642434,5,51
126,0.9869432309642434,5,51
127,0.9891322199255228,5,51
128,0.996012955904007,5,51
129,0.996012955904007,5,51
130,0.996012955904007,5,51
131,0.996012955904007,5,51
132,0.996012955904007,5,51
133,0.996012955904007,5,51
134,0.996012955904007,5,51
135,0.996012955904007,5,51
136,0.996012955904007,5,51
137,0.996012955904007,5,51
138,0.996012955904007,5,51
139,0.996012955904007,5,51
140,0.996012955904007,5,51
141,0.996012955904007,5,51
142,0.996012955904007,5,51
143,0.996012955904007,5,51
144,0.996012955904007,5,51
145,0.996012955904007,5,51
146,0.996012955904007,5,51
147,0.996012955904007,5,51
148,0.996012955904007,5,51
149,0.996012955904007,5,51
150,0.996012955904007,5,51
151,0.996012955904007,5,51
152,0.996012955904007,5,51
153,0.996012955904007,5,51
154,0.996012955904007,5,51
155,0.996012955904007,5,51
156,0.996012955904007,5,51
157,0.996012955904007,5,51
158,0.996012955904007,5,51
159,0.996012955904007,5,51
160,0.996012955904007,5,51
161,0.996012955904007,5,51
162,0.996012955904007,5,51
163,0.996012955904007,5,51
164,0.996012955904007,5,51
165,0.996012955904007,5,51
166,0.996012955904007,5,51
167,0.996012955904007,5,51
168,0.996012955904007,5,51
169,0.996012955904007,5,51
170,0.996012955904007,5,51
171,0.996012955904007,5,51
172,0.996012955904007,5,51
173,0.996012955904007,5,51
174,0.996012955904007,5,51
175,0.996012955904007,5,51
176,0.996012955904007,5,51
177,0.996012955904007,5,51
178,0.996012955904007,5,51
179,0.996012955904007,5,51
180,0.996012955904007,5,51
181,0.996012955904007,5,51
182,0.996012955904007,5,51
183,0.996012955904007,5,51
184,0.996012955904007,5,51
185,0.996012955904007,5,51
186,0.996012955904007,5,51
187,0.996012955904007,5,51
188,0.996012955904007,5,51
189,0.996012955904007,5,51
190,0.996012955904007,5,51
191,0.996012955904007,5,51
192,0.996012955904007,5,51
193,0.996012955904007,5,51
194,0.996012955904007,5,51
195,0.996012955904007,5,51
196,0.996012955904007,5,51
197,0.996012955904007,5,51
198,0.996012955904007,5,51
199,0.996012955904007,5,51
200,0.996012955904007,5,51
1,0.0059206485748291016,1,52
2,0.0059206485748291016,1,52
3,0.0059206485748291016,1,52
4,0.0059206485748291016,1,52
5,0.00634610652923584,1,52
6,0.00634610652923584,1,52
7,0.010367155075073242,1,52
8,0.010367155075073242,1,52
9,0.016345202922821045,1,52
10,0.016345202922821045,1,52
11,0.016345202922821045,1,52
12,0.016345202922821045,1,52
13,0.016345202922821045,1,52
14,0.01959282159805298,1,52
15,0.01959282159805298,1,52
16,0.01959282159805298,1,52
17,0.01959282159805298,1,52
18,0.01959282159805298,1,52
19,0.01959282159805298,1,52
20,0.01959282159805298,1,52
21,0.05861353874206543,2,52
22,0.05861353874206543,2,52
23,0.05861353874206543,2,52
24,0.05861353874206543,2,52
25,0.06409484148025513,2,52
26,0.06409484148025513,2,52
27,0.0771912932395935,2,52
28,0.0771912932395935,2,52
29,0.0771912932395935,2,52
30,0.0771912932395935,2,52
31,0.0771912932395935,2,52
32,0.0771912932395935,2,52
33,0.0771912932395935,2,52
34,0.0771912932395935,2,52
35,0.0771912932395935,2,52
36,0.0771912932395935,2,52
37,0.0771912932395935,2,52
38,0.18881380558013916,4,52
39,0.18881380558013916,4,52
40,0.18881380558013916,4,52
41,0.18881380558013916,4,52
42,0.18881380558013916,4,52
43,0.2443782091140747,5,52
44,0.2443782091140747,5,52
45,0.22403573989868164,4,52
46,0.2806331515312195,4,52
47,0.2806331515312195,4,52
48,0.2806331515312195,4,52
49,0.3152483105659485,5,52
50,0.3900102972984314,4,52
51,0.3900102972984314,4,52
52,0.3900102972984314,4,52
53,0.3900102972984314,4,52
54,0.3900102972984314,4,52
55,0.3900102972984314,4,52
56,0.3914331793785095,4,52
57,0.5590736269950867,6,52
58,0.6186013519763947,5,52
59,0.6186013519763947,5,52
60,0.6186013519763947,5,52
61,0.625678539276123,5,52
62,0.804103672504425,6,52
63,0.9210744202136993,9,52
64,0.8703329861164093,7,52
65,0.9194603338837624,8,52
66,0.9445775970816612,8,52
67,0.9445775970816612,8,52
68,0.9445775970816612,8,52
69,0.9445775970816612,8,52
70,0.9445775970816612,8,52
71,0.9445775970816612,8,52
72,0.9445775970816612,8,52
73,0.9180347248911858,7,52
74,0.9180347248911858,7,52
75,0.9816219508647919,9,52
76,0.9816219508647919,9,52
77,0.9816219508647919,9,52
78,0.9816219508647919,9,52
79,0.9816219508647919,9,52
80,0.9888727944344282,9,52
81,0.9888727944344282,9,52
82,0.9888727944344282,9,52
83,0.9888727944344282,9,52
84,0.9888727944344282,9,52
85,0.9888727944344282,9,52
86,0.9618162028491497,8,52
87,0.9920403752475977,9,52
88,0.9920403752475977,9,52
89,0.9920403752475977,9,52
90,0.9920403752475977,9,52
91,0.9920403752475977,9,52
92,0.9920403752475977,9,52
93,0.9920403752475977,9,52
94,0.9776973333209753,8,52
95,0.9776973333209753,8,52
96,0.9333024621009827,6,52
97,0.9333024621009827,6,52
98,0.9333024621009827,6,52
99,0.9333024621009827,6,52
100,0.9333024621009827,6,52
101,0.9333024621009827,6,52
102,0.9333024621009827,6,52
103,0.9333024621009827,6,52
104,0.9333024621009827,6,52
105,0.9333024621009827,6,52
106,0.9333024621009827,6,52
107,0.9333024621009827,6,52
108,0.9333024621009827,6,52
109,0.9333024621009827,6,52
110,0.9333024621009827,6,52
111,0.9333024621009827,6,52
112,0.9333024621009827,6,52
113,0.9333024621009827,6,52
114,0.9333024621009827,6,52
115,0.9333024621009827,6,52
116,0.9333024621009827,6,52
117,0.9333024621009827,6,52
118,0.9333024621009827,6,52
119,0.9333024621009827,6,52
120,0.9333024621009827,6,52
121,0.9333024621009827,6,52
122,0.9333024621009827,6,52
123,0.9333024621009827,6,52
124,0.9333024621009827,6,52
125,0.9333024621009827,6,52
126,0.9333024621009827,6,52
127,0.9333024621009827,6,52
128,0.9333024621009827,6,52
129,0.9333024621009827,6,52
130,0.9333024621009827,6,52
131,0.9333024621009827,6,52
132,0.9333024621009827,6,52
133,0.9333024621009827,6,52
134,0.9333024621009827,6,52
135,0.9333024621009827,6,52
136,0.9333024621009827,6,52
137,0.9333024621009827,6,52
138,0.9333024621009827,6,52
139,0.9333024621009827,6,52
140,0.9333024621009827,6,52
141,0.9333024621009827,6,52
142,0.9333024621009827,6,52
143,0.9333024621009827,6,52
144,0.9333024621009827,6,52
145,0.9333024621009827,6,52
146,0.9333024621009827,6,52
147,0.9333024621009827,6,52
148,0.9333024621009827,6,52
149,0.9333024621009827,6,52
150,0.9333024621009827,6,52
151,0.9333024621009827,6,52
152,0.9333024621009827,6,52
153,0.9333024621009827,6,52
154,0.9333024621009827,6,52
155,0.9333024621009827,6,52
156,0.9333024621009827,6,52
157,0.9333024621009827,6,52
158,0.971689173951745,7,52
159,0.9805319253355265,7,52
160,0.9805319253355265,7,52
161,0.9805319253355265,7,52
162,0.9805319253355265,7,52
163,0.9805319253355265,7,52
164,0.9805319253355265,7,52
165,0.9830623269081116,7,52
166,0.9830623269081116,7,52
167,0.9830623269081116,7,52
168,0.9830623269081116,7,52
169,0.9830623269081116,7,52
170,0.9830623269081116,7,52
171,0.9830623269081116,7,52
172,0.9830623269081116,7,52
173,0.9830623269081116,7,52
174,0.9830623269081116,7,52
175,0.9830623269081116,7,52
176,0.9830623269081116,7,52
177,0.9830623269081116,7,52
178,0.9830623269081116,7,52
179,0.9830623269081116,7,52
180,0.9830623269081116,7,52
181,0.9830623269081116,7,52
182,0.9830623269081116,7,52
183,0.9830623269081116,7,52
184,0.9830623269081116,7,52
185,0.9830623269081116,7,52
186,0.9830623269081116,7,52
187,0.9830623269081116,7,52
188,0.9830623269081116,7,52
189,0.9830623269081116,7,52
190,0.9830623269081116,7,52
191,0.9830623269081116,7,52
192,0.9830623269081116,7,52
193,0.9830623269081116,7,52
194,0.9830623269081116,7,52
195,0.9830623269081116,7,52
196,0.9830623269081116,7,52
197,0.9830623269081116,7,52
198,0.9830623269081116,7,52
199,0.9830623269081116,7,52
200,0.9830623269081116,7,52
1,0.0003192424774169922,1,53
2,0.00032579898834228516,1,53
3,0.00047659873962402344,1,53
4,0.000522315502166748,1,53
5,0.000522315502166748,1,53
6,0.000522315502166748,1,53
7,0.000522315502166748,1,53
8,0.000609278678894043,1,53
9,0.0007163882255554199,1,53
10,0.0007342696189880371,1,53
11,0.0007342696189880371,1,53
12,0.0009576678276062012,1,53
13,0.0009576678276062012,1,53
14,0.0013952851295471191,1,53
15,0.0013952851295471191,1,53
16,0.0013952851295471191,1,53
17,0.0013952851295471191,1,53
18,0.0013952851295471191,1,53
19,0.0013952851295471191,1,53
20,0.0013952851295471191,1,53
21,0.0014706850051879883,1,53
22,0.0014706850051879883,1,53
23,0.0014706850051879883,1,53
24,0.0014706850051879883,1,53
25,0.0014706850051879883,1,53
26,0.0014706850051879883,1,53
27,0.0014706850051879883,1,53
28,0.0014706850051879883,1,53
29,0.0014706850051879883,1,53
30,0.0014706850051879883,1,53
31,0.0014706850051879883,1,53
32,0.0014706850051879883,1,53
33,0.0014706850051879883,1,53
34,0.0014706850051879883,1,53
35,0.0014706850051879883,1,53
36,0.0014706850051879883,1,53
37,0.0014706850051879883,1,53
38,0.0014706850051879883,1,53
39,0.0014706850051879883,1,53
40,0.0014706850051879883,1,53
41,0.0014706850051879883,1,53
42,0.0014706850051879883,1,53
43,0.0014706850051879883,1,53
44,0.0014706850051879883,1,53
45,0.0014706850051879883,1,53
46,0.0014706850051879883,1,53
47,0.0014706850051879883,1,53
48,0.0014706850051879883,1,53
49,0.0014706850051879883,1,53
50,0.0014706850051879883,1,53
51,0.0014706850051879883,1,53
52,0.0014706850051879883,1,53
53,0.0014706850051879883,1,53
54,0.0014706850051879883,1,53
55,0.0014706850051879883,1,53
56,0.0014706850051879883,1,53
57,0.0014706850051879883,1,53
58,0.0014706850051879883,1,53
59,0.0014706850051879883,1,53
60,0.0014706850051879883,1,53
61,0.0014706850051879883,1,53
62,0.0014706850051879883,1,53
63,0.0014706850051879883,1,53
64,0.0014706850051879883,1,53
65,0.0014706850051879883,1,53
66,0.0014706850051879883,1,53
67,0.0014706850051879883,1,53
68,0.0014706850051879883,1,53
69,0.0014706850051879883,1,53
70,0.0014706850051879883,1,53
71,0.0014706850051879883,1,53
72,0.0014706850051879883,1,53
73,0.0014706850051879883,1,53
74,0.0014706850051879883,1,53
75,0.0014706850051879883,1,53
76,0.0014706850051879883,1,53
77,0.0014706850051879883,1,53
78,0.0014706850051879883,1,53
79,0.0014706850051879883,1,53
80,0.0014706850051879883,1,53
81,0.0014706850051879883,1,53
82,0.0014706850051879883,1,53
83,0.0014706850051879883,1,53
84,0.0014706850051879883,1,53
85,0.0014706850051879883,1,53
86,0.0014706850051879883,1,53
87,0.0014706850051879883,1,53
88,0.0014706850051879883,1,53
89,0.0014706850051879883,1,53
90,0.0014706850051879883,1,53
91,0.0014706850051879883,1,53
92,0.0014706850051879883,1,53
93,0.0014706850051879883,1,53
94,0.0014706850051879883,1,53
95,0.0014706850051879883,1,53
96,0.0014706850051879883,1,53
97,0.0014706850051879883,1,53
98,0.0014706850051879883,1,53
99,0.0014706850051879883,1,53
100,0.0014706850051879883,1,53
101,0.0014706850051879883,1,53
102,0.0014706850051879883,1,53
103,0.0014706850051879883,1,53
104,0.0014706850051879883,1,53
105,0.0014706850051879883,1,53
106,0.0014706850051879883,1,53
107,0.0014706850051879883,1,53
108,0.0014706850051879883,1,53
109,0.0014706850051879883,1,53
110,0.0014706850051879883,1,53
111,0.0014706850051879883,1,53
112,0.0014706850051879883,1,53
113,0.0014706850051879883,1,53
114,0.0014706850051879883,1,53
115,0.0014706850051879883,1,53
116,0.0014706850051879883,1,53
117,0.0014706850051879883,1,53
118,0.0014706850051879883,1,53
119,0.0014706850051879883,1,53
120,0.0014706850051879883,1,53
121,0.0014706850051879883,1,53
122,0.0014706850051879883,1,53
123,0.0014706850051879883,1,53
124,0.0014706850051879883,1,53
125,0.0014706850051879883,1,53
126,0.0014706850051879883,1,53
127,0.0014706850051879883,1,53
128,0.0014706850051879883,1,53
129,0.0014706850051879883,1,53
130,0.0014706850051879883,1,53
131,0.0014706850051879883,1,53
132,0.0014706850051879883,1,53
133,0.0014706850051879883,1,53
134,0.0014706850051879883,1,53
135,0.0014706850051879883,1,53
136,0.0014706850051879883,1,53
137,0.0014706850051879883,1,53
138,0.0014706850051879883,1,53
139,0.0014706850051879883,1,53
140,0.0014706850051879883,1,53
141,0.0014706850051879883,1,53
142,0.0014706850051879883,1,53
143,0.0014706850051879883,1,53
144,0.0014706850051879883,1,53
145,0.0014706850051879883,1,53
146,0.0014706850051879883,1,53
147,0.0014706850051879883,1,53
148,0.0014706850051879883,1,53
149,0.0014706850051879883,1,53
150,0.0014706850051879883,1,53
151,0.0014706850051879883,1,53
152,0.0014706850051879883,1,53
153,0.0014706850051879883,1,53
154,0.0014706850051879883,1,53
155,0.0014706850051879883,1,53
156,0.0014706850051879883,1,53
157,0.0014706850051879883,1,53
158,0.0014706850051879883,1,53
159,0.0014706850051879883,1,53
160,0.0014706850051879883,1,53
161,0.0014706850051879883,1,53
162,0.0014706850051879883,1,53
163,0.0014706850051879883,1,53
164,0.0014706850051879883,1,53
165,0.0014706850051879883,1,53
166,0.0014706850051879883,1,53
167,0.0014706850051879883,1,53
168,0.0014706850051879883,1,53
169,0.0014706850051879883,1,53
170,0.0014706850051879883,1,53
171,0.0014706850051879883,1,53
172,0.0014706850051879883,1,53
173,0.0014706850051879883,1,53
174,0.0014706850051879883,1,53
175,0.0014706850051879883,1,53
176,0.0014706850051879883,1,53
177,0.0014706850051879883,1,53
178,0.0014706850051879883,1,53
179,0.0014706850051879883,1,53
180,0.0014706850051879883,1,53
181,0.0014706850051879883,1,53
182,0.0014706850051879883,1,53
183,0.0014706850051879883,1,53
184,0.0014706850051879883,1,53
185,0.0014706850051879883,1,53
186,0.0014706850051879883,1,53
187,0.0014706850051879883,1,53
188,0.0014706850051879883,1,53
189,0.0014706850051879883,1,53
190,0.0014706850051879883,1,53
191,0.0014706850051879883,1,53
192,0.0014706850051879883,1,53
193,0.0014706850051879883,1,53
194,0.0014706850051879883,1,53
195,0.0014706850051879883,1,53
196,0.0014706850051879883,1,53
197,0.0014706850051879883,1,53
198,0.0014706850051879883,1,53
199,0.0014706850051879883,1,53
200,0.0014706850051879883,1,53
1,0.3944055438041687,8,54
2,0.47268563508987427,9,54
3,0.6714491248130798,14,54
4,0.7022470533847809,15,54
5,0.461412250995636,6,54
6,0.7875410467386246,14,54
7,0.6895015835762024,4,54
8,0.6895015835762024,4,54
9,0.7728652805089951,5,54
10,0.7883407920598984,5,54
11,0.7883407920598984,5,54
12,0.7883407920598984,5,54
13,0.9060662537813187,9,54
14,0.9060662537813187,9,54
15,0.826975628733635,6,54
16,0.826975628733635,6,54
17,0.826975628733635,6,54
18,0.826975628733635,6,54
19,0.826975628733635,6,54
20,0.826975628733635,6,54
21,0.826975628733635,6,54
22,0.826975628733635,6,54
23,0.9536376036703587,10,54
24,0.9536376036703587,10,54
25,0.9536376036703587,10,54
26,0.9813365805894136,10,54
27,0.9669499918818474,9,54
28,0.9669499918818474,9,54
29,0.9669499918818474,9,54
30,0.9669499918818474,9,54
31,0.9669499918818474,9,54
32,0.9669499918818474,9,54
33,0.9669499918818474,9,54
34,0.9669499918818474,9,54
35,0.9669499918818474,9,54
36,0.9669499918818474,9,54
37,0.9669499918818474,9,54
38,0.9669499918818474,9,54
39,0.9669499918818474,9,54
40,0.9669499918818474,9,54
41,0.9669499918818474,9,54
42,0.9669499918818474,9,54
43,0.9669499918818474,9,54
44,0.9669499918818474,9,54
45,0.9669499918818474,9,54
46,0.9669499918818474,9,54
47,0.9669499918818474,9,54
48,0.9669499918818474,9,54
49,0.9669499918818474,9,54
50,0.9669499918818474,9,54
51,0.9669499918818474,9,54
52,0.9669499918818474,9,54
53,0.9669499918818474,9,54
54,0.9669499918818474,9,54
55,0.9669499918818474,9,54
56,0.9669499918818474,9,54
57,0.9669499918818474,9,54
58,0.9669499918818474,9,54
59,0.9390819035470486,8,54
60,0.9390819035470486,8,54
61,0.9390819035470486,8,54
62,0.9400699250400066,8,54
63,0.9400699250400066,8,54
64,0.9400699250400066,8,54
65,0.9400699250400066,8,54
66,0.9400699250400066,8,54
67,0.9400699250400066,8,54
68,0.9400699250400066,8,54
69,0.9484994001686573,8,54
70,0.9484994001686573,8,54
71,0.9484994001686573,8,54
72,0.9484994001686573,8,54
73,0.9484994001686573,8,54
74,0.9484994001686573,8,54
75,0.9484994001686573,8,54
76,0.9484994001686573,8,54
77,0.9810086712241173,8,54
78,0.9810086712241173,8,54
79,0.9810086712241173,8,54
80,0.9810086712241173,8,54
81,0.9810086712241173,8,54
82,0.9810086712241173,8,54
83,0.9810086712241173,8,54
84,0.9810086712241173,8,54
85,0.9810086712241173,8,54
86,0.9810086712241173,8,54
87,0.9810086712241173,8,54
88,0.9810086712241173,8,54
89,0.9810086712241173,8,54
90,0.9664488323032856,7,54
91,0.9664488323032856,7,54
92,0.9664488323032856,7,54
93,0.9664488323032856,7,54
94,0.9664488323032856,7,54
95,0.9664488323032856,7,54
96,0.9664488323032856,7,54
97,0.9664488323032856,7,54
98,0.9664488323032856,7,54
99,0.9664488323032856,7,54
100,0.9664488323032856,7,54
101,0.9664488323032856,7,54
102,0.9664488323032856,7,54
103,0.9664488323032856,7,54
104,0.9664488323032856,7,54
105,0.9664488323032856,7,54
106,0.9664488323032856,7,54
107,0.9664488323032856,7,54
108,0.9664488323032856,7,54
109,0.9664488323032856,7,54
110,0.9664488323032856,7,54
111,0.9664488323032856,7,54
112,0.9664488323032856,7,54
113,0.9664488323032856,7,54
114,0.9664488323032856,7,54
115,0.9664488323032856,7,54
116,0.9664488323032856,7,54
117,0.9664488323032856,7,54
118,0.9664488323032856,7,54
119,0.9664488323032856,7,54
120,0.9664488323032856,7,54
121,0.9412121176719666,6,54
122,0.9412121176719666,6,54
123,0.9412121176719666,6,54
124,0.9412121176719666,6,54
125,0.9412121176719666,6,54
126,0.9774798732250929,7,54
127,0.9774798732250929,7,54
128,0.9774798732250929,7,54
129,0.9774798732250929,7,54
130,0.9774798732250929,7,54
131,0.9774798732250929,7,54
132,0.9774798732250929,7,54
133,0.9774798732250929,7,54
134,0.9774798732250929,7,54
135,0.9804813116788864,7,54
136,0.9804813116788864,7,54
137,0.9804813116788864,7,54
138,0.9804813116788864,7,54
139,0.9804813116788864,7,54
140,0.9804813116788864,7,54
141,0.9804813116788864,7,54
142,0.9804813116788864,7,54
143,0.9804813116788864,7,54
144,0.9804813116788864,7,54
145,0.9804813116788864,7,54
146,0.9804813116788864,7,54
147,0.9919479843229055,6,54
148,0.9919479843229055,6,54
149,0.9919479843229055,6,54
150,0.9919479843229055,6,54
151,0.9919479843229055,6,54
152,0.9919479843229055,6,54
153,0.9919479843229055,6,54
154,0.9919479843229055,6,54
155,0.9919479843229055,6,54
156,0.9919479843229055,6,54
157,0.9919479843229055,6,54
158,0.9919479843229055,6,54
159,0.9919479843229055,6,54
160,0.9919479843229055,6,54
161,0.9919479843229055,6,54
162,0.9919479843229055,6,54
163,0.9919479843229055,6,54
164,0.9919479843229055,6,54
165,0.9919479843229055,6,54
166,0.9919479843229055,6,54
167,0.9919479843229055,6,54
168,0.9919479843229055,6,54
169,0.9919479843229055,6,54
170,0.9919479843229055,6,54
171,0.9919479843229055,6,54
172,0.9919479843229055,6,54
173,0.9919479843229055,6,54
174,0.9919479843229055,6,54
175,0.9919479843229055,6,54
176,0.9919479843229055,6,54
177,0.9919479843229055,6,54
178,0.9919479843229055,6,54
179,0.9919479843229055,6,54
180,0.9919479843229055,6,54
181,0.9919479843229055,6,54
182,0.9919479843229055,6,54
183,0.9919479843229055,6,54
184,0.9919479843229055,6,54
185,0.9919479843229055,6,54
186,0.9919479843229055,6,54
187,0.9919479843229055,6,54
188,0.9919479843229055,6,54
189,0.9919479843229055,6,54
190,0.9919479843229055,6,54
191,0.9919479843229055,6,54
192,0.9919479843229055,6,54
193,0.9919479843229055,6,54
194,0.9919479843229055,6,54
195,0.9919479843229055,6,54
196,0.9919479843229055,6,54
197,0.9919479843229055,6,54
198,0.9919479843229055,6,54
199,0.9919479843229055,6,54
200,0.9919479843229055,6,54
1,0.0006546378135681152,1,55
2,0.0006546378135681152,1,55
3,0.0007045269012451172,1,55
4,0.0007045269012451172,1,55
5,0.0009714365005493164,1,55
6,0.0014058947563171387,1,55
7,0.0014058947563171387,1,55
8,0.0014058947563171387,1,55
9,0.0019472837448120117,1,55
10,0.0021240711212158203,1,55
11,0.0021240711212158203,1,55
12,0.0021240711212158203,1,55
13,0.0021240711212158203,1,55
14,0.0021240711212158203,1,55
15,0.0021240711212158203,1,55
16,0.0021240711212158203,1,55
17,0.0021240711212158203,1,55
18,0.0021240711212158203,1,55
19,0.002657473087310791,1,55
20,0.002657473087310791,1,55
21,0.002657473087310791,1,55
22,0.002657473087310791,1,55
23,0.002657473087310791,1,55
24,0.002657473087310791,1,55
25,0.002657473087310791,1,55
26,0.002657473087310791,1,55
27,0.002657473087310791,1,55
28,0.002657473087310791,1,55
29,0.002657473087310791,1,55
30,0.002657473087310791,1,55
31,0.002657473087310791,1,55
32,0.002657473087310791,1,55
33,0.0026949644088745117,1,55
34,0.0026949644088745117,1,55
35,0.0026949644088745117,1,55
36,0.0026949644088745117,1,55
37,0.0026949644088745117,1,55
38,0.0026949644088745117,1,55
39,0.0026949644088745117,1,55
40,0.0026949644088745117,1,55
41,0.0026949644088745117,1,55
42,0.0026949644088745117,1,55
43,0.0026949644088745117,1,55
44,0.0026949644088745117,1,55
45,0.0026949644088745117,1,55
46,0.0026949644088745117,1,55
47,0.0026949644088745117,1,55
48,0.0026949644088745117,1,55
49,0.0026949644088745117,1,55
50,0.0026949644088745117,1,55
51,0.0026949644088745117,1,55
52,0.0026949644088745117,1,55
53,0.0026949644088745117,1,55
54,0.0026949644088745117,1,55
55,0.0026949644088745117,1,55
56,0.0026949644088745117,1,55
57,0.0026949644088745117,1,55
58,0.0026949644088745117,1,55
59,0.0026949644088745117,1,55
60,0.0026949644088745117,1,55
61,0.0026949644088745117,1,55
62,0.0026949644088745117,1,55
63,0.0026949644088745117,1,55
64,0.0026949644088745117,1,55
65,0.0026949644088745117,1,55
66,0.0026949644088745117,1,55
67,0.0026949644088745117,1,55
68,0.0026949644088745117,1,55
69,0.0026949644088745117,1,55
70,0.0026949644088745117,1,55
71,0.0026949644088745117,1,55
72,0.0026949644088745117,1,55
73,0.0026949644088745117,1,55
74,0.0026949644088745117,1,55
75,0.0026949644088745117,1,55
76,0.0026949644088745117,1,55
77,0.0026949644088745117,1,55
78,0.0026949644088745117,1,55
79,0.0026949644088745117,1,55
80,0.0026949644088745117,1,55
81,0.0026949644088745117,1,55
82,0.0026949644088745117,1,55
83,0.0026949644088745117,1,55
84,0.0026949644088745117,1,55
85,0.0026949644088745117,1,55
86,0.0026949644088745117,1,55
87,0.0026949644088745117,1,55
88,0.0026949644088745117,1,55
89,0.0026949644088745117,1,55
90,0.0026949644088745117,1,55
91,0.0026949644088745117,1,55
92,0.0026949644088745117,1,55
93,0.0026949644088745117,1,55
94,0.0026949644088745117,1,55
95,0.0026949644088745117,1,55
96,0.0026949644088745117,1,55
97,0.0026949644088745117,1,55
98,0.0026949644088745117,1,55
99,0.0026949644088745117,1,55
100,0.0026949644088745117,1,55
101,0.0026949644088745117,1,55
102,0.0026949644088745117,1,55
103,0.0026949644088745117,1,55
104,0.0026949644088745117,1,55
105,0.0026949644088745117,1,55
106,0.0026949644088745117,1,55
107,0.0026949644088745117,1,55
108,0.0026949644088745117,1,55
109,0.0026949644088745117,1,55
110,0.0026949644088745117,1,55
111,0.0026949644088745117,1,55
112,0.0026949644088745117,1,55
113,0.0026949644088745117,1,55
114,0.0026949644088745117,1,55
115,0.0026949644088745117,1,55
116,0.0026949644088745117,1,55
117,0.0026949644088745117,1,55
118,0.0026949644088745117,1,55
119,0.0026949644088745117,1,55
120,0.0026949644088745117,1,55
121,0.0026949644088745117,1,55
122,0.0026949644088745117,1,55
123,0.0026949644088745117,1,55
124,0.0026949644088745117,1,55
125,0.0026949644088745117,1,55
126,0.0026949644088745117,1,55
127,0.0026949644088745117,1,55
128,0.0026949644088745117,1,55
129,0.0026949644088745117,1,55
130,0.0026949644088745117,1,55
131,0.0026949644088745117,1,55
132,0.0026949644088745117,1,55
133,0.0026949644088745117,1,55
134,0.0026949644088745117,1,55
135,0.0026949644088745117,1,55
136,0.0026949644088745117,1,55
137,0.0026949644088745117,1,55
138,0.0026949644088745117,1,55
139,0.0026949644088745117,1,55
140,0.0026949644088745117,1,55
141,0.0026949644088745117,1,55
142,0.0026949644088745117,1,55
143,0.0026949644088745117,1,55
144,0.0026949644088745117,1,55
145,0.0026949644088745117,1,55
146,0.0026949644088745117,1,55
147,0.0026949644088745117,1,55
148,0.0026949644088745117,1,55
149,0.0026949644088745117,1,55
150,0.0026949644088745117,1,55
151,0.0026949644088745117,1,55
152,0.0026949644088745117,1,55
153,0.0026949644088745117,1,55
154,0.0026949644088745117,1,55
155,0.0026949644088745117,1,55
156,0.0026949644088745117,1,55
157,0.0026949644088745117,1,55
158,0.0026949644088745117,1,55
159,0.0026949644088745117,1,55
160,0.0026949644088745117,1,55
161,0.0026949644088745117,1,55
162,0.0026949644088745117,1,55
163,0.0026949644088745117,1,55
164,0.0026949644088745117,1,55
165,0.0026949644088745117,1,55
166,0.0026949644088745117,1,55
167,0.0026949644088745117,1,55
168,0.0026949644088745117,1,55
169,0.0026949644088745117,1,55
170,0.0026949644088745117,1,55
171,0.0026949644088745117,1,55
172,0.0026949644088745117,1,55
173,0.0026949644088745117,1,55
174,0.0026949644088745117,1,55
175,0.0026949644088745117,1,55
176,0.0026949644088745117,1,55
177,0.0026949644088745117,1,55
178,0.0026949644088745117,1,55
179,0.0026949644088745117,1,55
180,0.0026949644088745117,1,55
181,0.0026949644088745117,1,55
182,0.0026949644088745117,1,55
183,0.0026949644088745117,1,55
184,0.0026949644088745117,1,55
185,0.0026949644088745117,1,55
186,0.0026949644088745117,1,55
187,0.0026949644088745117,1,55
188,0.0026949644088745117,1,55
189,0.0026949644088745117,1,55
190,0.0026949644088745117,1,55
191,0.0026949644088745117,1,55
192,0.0026949644088745117,1,55
193,0.0026949644088745117,1,55
194,0.0026949644088745117,1,55
195,0.0026949644088745117,1,55
196,0.0026949644088745117,1,55
197,0.0026949644088745117,1,55
198,0.0026949644088745117,1,55
199,0.0026949644088745117,1,55
200,0.0026949644088745117,1,55
1,0.006174683570861816,1,56
2,0.006174683570861816,1,56
3,0.006174683570861816,1,56
4,0.007518649101257324,1,56
5,0.007518649101257324,1,56
6,0.007518649101257324,1,56
7,0.0076062679290771484,1,56
8,0.009759187698364258,1,56
9,0.01141899824142456,1,56
10,0.016470909118652344,1,56
11,0.016470909118652344,1,56
12,0.018292725086212158,1,56
13,0.02212280035018921,1,56
14,0.02212280035018921,1,56
15,0.02212280035018921,1,56
16,0.02212280035018921,1,56
17,0.02212280035018921,1,56
18,0.02212280035018921,1,56
19,0.025101125240325928,1,56
20,0.025101125240325928,1,56
21,0.025101125240325928,1,56
22,0.025101125240325928,1,56
23,0.025101125240325928,1,56
24,0.025101125240325928,1,56
25,0.025101125240325928,1,56
26,0.025101125240325928,1,56
27,0.025101125240325928,1,56
28,0.025101125240325928,1,56
29,0.025101125240325928,1,56
30,0.025101125240325928,1,56
31,0.025101125240325928,1,56
32,0.025101125240325928,1,56
33,0.025101125240325928,1,56
34,0.025101125240325928,1,56
35,0.025101125240325928,1,56
36,0.025101125240325928,1,56
37,0.025101125240325928,1,56
38,0.09407651424407959,2,56
39,0.09407651424407959,2,56
40,0.09407651424407959,2,56
41,0.09407651424407959,2,56
42,0.09407651424407959,2,56
43,0.09407651424407959,2,56
44,0.09407651424407959,2,56
45,0.09407651424407959,2,56
46,0.21009021997451782,4,56
47,0.21009021997451782,4,56
48,0.21009021997451782,4,56
49,0.24676364660263062,5,56
50,0.24676364660263062,5,56
51,0.24676364660263062,5,56
52,0.28305584192276,5,56
53,0.4515153765678406,5,56
54,0.4515153765678406,5,56
55,0.4515153765678406,5,56
56,0.6661081910133362,8,56
57,0.6688250005245209,6,56
58,0.6688250005245209,6,56
59,0.6688250005245209,6,56
60,0.7350106537342072,7,56
61,0.8121518492698669,6,56
62,0.8121518492698669,6,56
63,0.9739477820694447,9,56
64,0.9739477820694447,9,56
65,0.9739477820694447,9,56
66,0.9739477820694447,9,56
67,0.9739477820694447,9,56
68,0.9739477820694447,9,56
69,0.9739477820694447,9,56
70,0.9890618687495589,9,56
71,0.9890618687495589,9,56
72,0.9890618687495589,9,56
73,0.9890618687495589,9,56
74,0.9890618687495589,9,56
75,0.9890618687495589,9,56
76,0.9461810886859894,7,56
77,0.9461810886859894,7,56
78,0.9755311254411936,8,56
79,0.9755311254411936,8,56
80,0.9755311254411936,8,56
81,0.9755311254411936,8,56
82,0.9755311254411936,8,56
83,0.9755311254411936,8,56
84,0.9755311254411936,8,56
85,0.9755311254411936,8,56
86,0.9755311254411936,8,56
87,0.9755311254411936,8,56
88,0.9755311254411936,8,56
89,0.9755311254411936,8,56
90,0.9755311254411936,8,56
91,0.9755311254411936,8,56
92,0.9511394873261452,7,56
93,0.9511394873261452,7,56
94,0.9511394873261452,7,56
95,0.9511394873261452,7,56
96,0.9511394873261452,7,56
97,0.9511394873261452,7,56
98,0.9511394873261452,7,56
99,0.9511394873261452,7,56
100,0.9511394873261452,7,56
101,0.9511394873261452,7,56
102,0.9511394873261452,7,56
103,0.9511394873261452,7,56
104,0.9511394873261452,7,56
105,0.9511394873261452,7,56
106,0.9511394873261452,7,56
107,0.9511394873261452,7,56
108,0.9511394873261452,7,56
109,0.98001304641366,8,56
110,0.98001304641366,8,56
111,0.9552354030311108,7,56
112,0.9552354030311108,7,56
113,0.9552354030311108,7,56
114,0.9552354030311108,7,56
115,0.9552354030311108,7,56
116,0.9552354030311108,7,56
117,0.9552354030311108,7,56
118,0.9552354030311108,7,56
119,0.9552354030311108,7,56
120,0.9552354030311108,7,56
121,0.9552354030311108,7,56
122,0.9552354030311108,7,56
123,0.9552354030311108,7,56
124,0.9552354030311108,7,56
125,0.9552354030311108,7,56
126,0.9552354030311108,7,56
127,0.9552354030311108,7,56
128,0.9552354030311108,7,56
129,0.9552354030311108,7,56
130,0.9552354030311108,7,56
131,0.9552354030311108,7,56
132,0.9552354030311108,7,56
133,0.9552354030311108,7,56
134,0.9552354030311108,7,56
135,0.9552354030311108,7,56
136,0.9552354030311108,7,56
137,0.9552354030311108,7,56
138,0.9552354030311108,7,56
139,0.9552354030311108,7,56
140,0.9552354030311108,7,56
141,0.9552354030311108,7,56
142,0.9552354030311108,7,56
143,0.9552354030311108,7,56
144,0.9552354030311108,7,56
145,0.9552354030311108,7,56
146,0.9552354030311108,7,56
147,0.9552354030311108,7,56
148,0.9552354030311108,7,56
149,0.9552354030311108,7,56
150,0.964189674705267,7,56
151,0.964189674705267,7,56
152,0.964189674705267,7,56
153,0.964189674705267,7,56
154,0.964189674705267,7,56
155,0.964189674705267,7,56
156,0.964189674705267,7,56
157,0.964189674705267,7,56
158,0.964189674705267,7,56
159,0.964189674705267,7,56
160,0.9772656206041574,7,56
161,0.9772656206041574,7,56
162,0.9772656206041574,7,56
163,0.9772656206041574,7,56
164,0.9772656206041574,7,56
165,0.9772656206041574,7,56
166,0.9772656206041574,7,56
167,0.9772656206041574,7,56
168,0.9772656206041574,7,56
169,0.9772656206041574,7,56
170,0.9772656206041574,7,56
171,0.9772656206041574,7,56
172,0.9772656206041574,7,56
173,0.9772656206041574,7,56
174,0.9772656206041574,7,56
175,0.9772656206041574,7,56
176,0.9772656206041574,7,56
177,0.9772656206041574,7,56
178,0.9778047073632479,7,56
179,0.9778047073632479,7,56
180,0.9778047073632479,7,56
181,0.9778047073632479,7,56
182,0.9525078050792217,6,56
183,0.9525078050792217,6,56
184,0.9525078050792217,6,56
185,0.9525078050792217,6,56
186,0.9525078050792217,6,56
187,0.9525078050792217,6,56
188,0.9525078050792217,6,56
189,0.9525078050792217,6,56
190,0.9525078050792217,6,56
191,0.9525078050792217,6,56
192,0.9525078050792217,6,56
193,0.9525078050792217,6,56
194,0.9525078050792217,6,56
195,0.9525078050792217,6,56
196,0.9525078050792217,6,56
197,0.9525078050792217,6,56
198,0.9525078050792217,6,56
199,0.9525078050792217,6,56
200,0.9525078050792217,6,56
1,0.9660423658788204,1,57
2,0.9710800480097532,1,57
3,0.9710800480097532,1,57
4,0.9710800480097532,1,57
5,0.9762896280735731,1,57
6,0.9801187049597502,1,57
7,0.9862204827368259,1,57
8,0.9868828700855374,1,57
9,0.9942840947769582,1,57
10,0.9942840947769582,1,57
11,0.9942840947769582,1,57
12,0.9949594498611987,1,57
13,0.9949594498611987,1,57
14,0.9949594498611987,1,57
15,0.9949594498611987,1,57
16,0.9949594498611987,1,57
17,0.9949594498611987,1,57
18,0.9949594498611987,1,57
19,0.9949594498611987,1,57
20,0.9949594498611987,1,57
21,0.9949594498611987,1,57
22,0.9949594498611987,1,57
23,0.9949594498611987,1,57
24,0.9949594498611987,1,57
25,0.9949594498611987,1,57
26,0.9949594498611987,1,57
27,0.9949594498611987,1,57
28,0.9949594498611987,1,57
29,0.9949594498611987,1,57
30,0.9949594498611987,1,57
31,0.9949594498611987,1,57
32,0.9949594498611987,1,57
33,0.9949594498611987,1,57
34,0.9949594498611987,1,57
35,0.9949594498611987,1,57
36,0.9949594498611987,1,57
37,0.9949594498611987,1,57
38,0.9949594498611987,1,57
39,0.9949594498611987,1,57
40,0.9949594498611987,1,57
41,0.9949594498611987,1,57
42,0.9949594498611987,1,57
43,0.9949594498611987,1,57
44,0.9949594498611987,1,57
45,0.9949594498611987,1,57
46,0.9949594498611987,1,57
47,0.9949594498611987,1,57
48,0.9949594498611987,1,57
49,0.9949594498611987,1,57
50,0.9949594498611987,1,57
51,0.9949594498611987,1,57
52,0.9949594498611987,1,57
53,0.9949594498611987,1,57
54,0.9949594498611987,1,57
55,0.9949594498611987,1,57
56,0.9949594498611987,1,57
57,0.9949594498611987,1,57
58,0.9949594498611987,1,57
59,0.9949594498611987,1,57
60,0.9949594498611987,1,57
61,0.9949594498611987,1,57
62,0.9949594498611987,1,57
63,0.9949594498611987,1,57
64,0.9949594498611987,1,57
65,0.9949594498611987,1,57
66,0.9949594498611987,1,57
67,0.9949594498611987,1,57
68,0.9949594498611987,1,57
69,0.9949594498611987,1,57
70,0.9949594498611987,1,57
71,0.9949594498611987,1,57
72,0.9949594498611987,1,57
73,0.9949594498611987,1,57
74,0.9949594498611987,1,57
75,0.9949594498611987,1,57
76,0.9949594498611987,1,57
77,0.9949594498611987,1,57
78,0.9949594498611987,1,57
79,0.9949594498611987,1,57
80,0.9949594498611987,1,57
81,0.9949594498611987,1,57
82,0.9949594498611987,1,57
83,0.9949594498611987,1,57
84,0.9949594498611987,1,57
85,0.9949594498611987,1,57
86,0.9949594498611987,1,57
87,0.9949594498611987,1,57
88,0.9949594498611987,1,57
89,0.9949594498611987,1,57
90,0.9949594498611987,1,57
91,0.9949594498611987,1,57
92,0.9949594498611987,1,57
93,0.9949594498611987,1,57
94,0.9949594498611987,1,57
95,0.9949594498611987,1,57
96,0.9949594498611987,1,57
97,0.9949594498611987,1,57
98,0.9949594498611987,1,57
99,0.9949594498611987,1,57
100,0.9949594498611987,1,57
101,0.9949594498611987,1,57
102,0.9949594498611987,1,57
103,0.9949594498611987,1,57
104,0.9949594498611987,1,57
105,0.9949594498611987,1,57
106,0.9949594498611987,1,57
107,0.9949594498611987,1,57
108,0.9949594498611987,1,57
109,0.9949594498611987,1,57
110,0.9949594498611987,1,57
111,0.9949594498611987,1,57
112,0.9949594498611987,1,57
113,0.9949594498611987,1,57
114,0.9949594498611987,1,57
115,0.9949594498611987,1,57
116,0.9949594498611987,1,57
117,0.9949594498611987,1,57
118,0.9949594498611987,1,57
119,0.9949594498611987,1,57
120,0.9949594498611987,1,57
121,0.9949594498611987,1,57
122,0.9949594498611987,1,57
123,0.9949594498611987,1,57
124,0.9949594498611987,1,57
125,0.9949594498611987,1,57
126,0.9949594498611987,1,57
127,0.9949594498611987,1,57
128,0.9949594498611987,1,57
129,0.9949594498611987,1,57
130,0.9949594498611987,1,57
131,0.9949594498611987,1,57
132,0.9949594498611987,1,57
133,0.9949594498611987,1,57
134,0.9949594498611987,1,57
135,0.9949594498611987,1,57
136,0.9949594498611987,1,57
137,0.9949594498611987,1,57
138,0.9949594498611987,1,57
139,0.9949594498611987,1,57
140,0.9949594498611987,1,57
141,0.9949594498611987,1,57
142,0.9949594498611987,1,57
143,0.9949594498611987,1,57
144,0.9949594498611987,1,57
145,0.9949594498611987,1,57
146,0.9949594498611987,1,57
147,0.9949594498611987,1,57
148,0.9949594498611987,1,57
149,0.9949594498611987,1,57
150,0.9949594498611987,1,57
151,0.9949594498611987,1,57
152,0.9949594498611987,1,57
153,0.9949594498611987,1,57
154,0.9949594498611987,1,57
155,0.9949594498611987,1,57
156,0.9949594498611987,1,57
157,0.9949594498611987,1,57
158,0.9949594498611987,1,57
159,0.9949594498611987,1,57
160,0.9949594498611987,1,57
161,0.9949594498611987,1,57
162,0.9949594498611987,1,57
163,0.9949594498611987,1,57
164,0.9949594498611987,1,57
165,0.9949594498611987,1,57
166,0.9949594498611987,1,57
167,0.9949594498611987,1,57
168,0.9949594498611987,1,57
169,0.9949594498611987,1,57
170,0.9949594498611987,1,57
171,0.9949594498611987,1,57
172,0.9949594498611987,1,57
173,0.9949594498611987,1,57
174,0.9949594498611987,1,57
175,0.9949594498611987,1,57
176,0.9949594498611987,1,57
177,0.9949594498611987,1,57
178,0.9949594498611987,1,57
179,0.9949594498611987,1,57
180,0.9949594498611987,1,57
181,0.9949594498611987,1,57
182,0.9949594498611987,1,57
183,0.9949594498611987,1,57
184,0.9949594498611987,1,57
185,0.9949594498611987,1,57
186,0.9949594498611987,1,57
187,0.9949594498611987,1,57
188,0.9949594498611987,1,57
189,0.9949594498611987,1,57
190,0.9949594498611987,1,57
191,0.9949594498611987,1,57
192,0.9949594498611987,1,57
193,0.9949594498611987,1,57
194,0.9949594498611987,1,57
195,0.9949594498611987,1,57
196,0.9949594498611987,1,57
197,0.9949594498611987,1,57
198,0.9949594498611987,1,57
199,0.9949594498611987,1,57
200,0.9949594498611987,1,57
1,0.6844022274017334,4,58
2,0.8150282353162766,3,58
3,0.8150282353162766,3,58
4,0.8769950941205025,5,58
5,0.8769950941205025,5,58
6,0.9204471260309219,6,58
7,0.959607794880867,6,58
8,0.959607794880867,6,58
9,0.959607794880867,6,58
10,0.959607794880867,6,58
11,0.9860564153641462,6,58
12,0.9860564153641462,6,58
13,0.9860564153641462,6,58
14,0.9860564153641462,6,58
15,0.9860564153641462,6,58
16,0.9860564153641462,6,58
17,0.9860564153641462,6,58
18,0.9860564153641462,6,58
19,0.9860564153641462,6,58
20,0.9860564153641462,6,58
21,0.9860564153641462,6,58
22,0.9860564153641462,6,58
23,0.9860564153641462,6,58
24,0.9860564153641462,6,58
25,0.9860564153641462,6,58
26,0.9860564153641462,6,58
27,0.9860564153641462,6,58
28,0.9860564153641462,6,58
29,0.9954941077157855,6,58
30,0.9954941077157855,6,58
31,0.9954941077157855,6,58
32,0.9954941077157855,6,58
33,0.9954941077157855,6,58
34,0.9954941077157855,6,58
35,0.9954941077157855,6,58
36,0.9954941077157855,6,58
37,0.9954941077157855,6,58
38,0.9954941077157855,6,58
39,0.9954941077157855,6,58
40,0.9954941077157855,6,58
41,0.9954941077157855,6,58
42,0.9954941077157855,6,58
43,0.9954941077157855,6,58
44,0.9954941077157855,6,58
45,0.9954941077157855,6,58
46,0.9954941077157855,6,58
47,0.9954941077157855,6,58
48,0.9954941077157855,6,58
49,0.9720408581197262,5,58
50,0.9800790920853615,5,58
51,0.981602668762207,5,58
52,0.9897395484149456,5,58
53,0.9897395484149456,5,58
54,0.9897395484149456,5,58
55,0.9897395484149456,5,58
56,0.9897395484149456,5,58
57,0.9903047243133187,5,58
58,0.9903047243133187,5,58
59,0.9903047243133187,5,58
60,0.9904124429449439,5,58
61,0.9758157394826412,4,58
62,0.9758157394826412,4,58
63,0.9758157394826412,4,58
64,0.9758157394826412,4,58
65,0.9758157394826412,4,58
66,0.9758157394826412,4,58
67,0.9758157394826412,4,58
68,0.9758157394826412,4,58
69,0.9848062293604016,4,58
70,0.9848062293604016,4,58
71,0.9848062293604016,4,58
72,0.9848062293604016,4,58
73,0.9848062293604016,4,58
74,0.9848062293604016,4,58
75,0.9848062293604016,4,58
76,0.9848062293604016,4,58
77,0.9848062293604016,4,58
78,0.9848062293604016,4,58
79,0.9848062293604016,4,58
80,0.9848062293604016,4,58
81,0.9848062293604016,4,58
82,0.9848062293604016,4,58
83,0.9848062293604016,4,58
84,0.9917835276573896,4,58
85,0.9917835276573896,4,58
86,0.9917835276573896,4,58
87,0.9917835276573896,4,58
88,0.9917835276573896,4,58
89,0.9917835276573896,4,58
90,0.9917835276573896,4,58
91,0.9917835276573896,4,58
92,0.9917835276573896,4,58
93,0.9917835276573896,4,58
94,0.9917835276573896,4,58
95,0.9917835276573896,4,58
96,0.9917835276573896,4,58
97,0.9917835276573896,4,58
98,0.9917835276573896,4,58
99,0.9932245346717536,4,58
100,0.9932245346717536,4,58
101,0.9932245346717536,4,58
102,0.9932245346717536,4,58
103,0.9932245346717536,4,58
104,0.9948895242996514,4,58
105,0.9948895242996514,4,58
106,0.9948895242996514,4,58
107,0.9948895242996514,4,58
108,0.9948895242996514,4,58
109,0.9948895242996514,4,58
110,0.9957884969189763,4,58
111,0.9957884969189763,4,58
112,0.9957884969189763,4,58
113,0.9957884969189763,4,58
114,0.9957884969189763,4,58
115,0.9957884969189763,4,58
116,0.9957884969189763,4,58
117,0.9957884969189763,4,58
118,0.9957884969189763,4,58
119,0.9957884969189763,4,58
120,0.9957884969189763,4,58
121,0.9957884969189763,4,58
122,0.9738169014453888,3,58
123,0.9738169014453888,3,58
124,0.9738169014453888,3,58
125,0.9738169014453888,3,58
126,0.9823089130222797,3,58
127,0.9823089130222797,3,58
128,0.9823089130222797,3,58
129,0.9823089130222797,3,58
130,0.9823089130222797,3,58
131,0.9823089130222797,3,58
132,0.9866196010261774,3,58
133,0.9866196010261774,3,58
134,0.9866196010261774,3,58
135,0.9866196010261774,3,58
136,0.9866196010261774,3,58
137,0.9866196010261774,3,58
138,0.9866196010261774,3,58
139,0.9866196010261774,3,58
140,0.9866196010261774,3,58
141,0.9899263344705105,3,58
142,0.9899263344705105,3,58
143,0.9899263344705105,3,58
144,0.9899263344705105,3,58
145,0.9899263344705105,3,58
146,0.9899263344705105,3,58
147,0.9899263344705105,3,58
148,0.9899263344705105,3,58
149,0.9904405334964395,3,58
150,0.9904405334964395,3,58
151,0.9904405334964395,3,58
152,0.9904405334964395,3,58
153,0.9904405334964395,3,58
154,0.9904405334964395,3,58
155,0.9904405334964395,3,58
156,0.9904405334964395,3,58
157,0.9904405334964395,3,58
158,0.9904405334964395,3,58
159,0.9904405334964395,3,58
160,0.9904405334964395,3,58
161,0.9904405334964395,3,58
162,0.9904405334964395,3,58
163,0.9904405334964395,3,58
164,0.9904405334964395,3,58
165,0.9904405334964395,3,58
166,0.9904405334964395,3,58
167,0.9913953132927418,3,58
168,0.9913953132927418,3,58
169,0.9913953132927418,3,58
170,0.9913953132927418,3,58
171,0.9913953132927418,3,58
172,0.9913953132927418,3,58
173,0.9913953132927418,3,58
174,0.9913953132927418,3,58
175,0.9913953132927418,3,58
176,0.9913953132927418,3,58
177,0.9915296165272593,3,58
178,0.9915296165272593,3,58
179,0.9915296165272593,3,58
180,0.9915296165272593,3,58
181,0.9915296165272593,3,58
182,0.9915296165272593,3,58
183,0.9915296165272593,3,58
184,0.9915296165272593,3,58
185,0.9915296165272593,3,58
186,0.9915296165272593,3,58
187,0.9915296165272593,3,58
188,0.9915296165272593,3,58
189,0.9915296165272593,3,58
190,0.9915296165272593,3,58
191,0.9915296165272593,3,58
192,0.9915296165272593,3,58
193,0.9915296165272593,3,58
194,0.9915296165272593,3,58
195,0.9915296165272593,3,58
196,0.9915296165272593,3,58
197,0.9915296165272593,3,58
198,0.9915296165272593,3,58
199,0.9915296165272593,3,58
200,0.9915296165272593,3,58
1,0.04726672172546387,1,59
2,0.04726672172546387,1,59
3,0.05396592617034912,1,59
4,0.05396592617034912,1,59
5,0.09418898820877075,1,59
6,0.14250671863555908,1,59
7,0.14250671863555908,1,59
8,0.14250671863555908,1,59
9,0.14250671863555908,1,59
10,0.14250671863555908,1,59
11,0.1992093324661255,2,59
12,0.1992093324661255,2,59
13,0.1992093324661255,2,59
14,0.20349204540252686,2,59
15,0.220930278301239,2,59
16,0.26591676473617554,2,59
17,0.29117363691329956,2,59
18,0.29117363691329956,2,59
19,0.37533700466156006,4,59
20,0.40463489294052124,3,59
21,0.6589120626449585,5,59
22,0.6589120626449585,5,59
23,0.6589120626449585,5,59
24,0.6589120626449585,5,59
25,0.6932826936244965,5,59
26,0.6932826936244965,5,59
27,0.6932826936244965,5,59
28,0.6932826936244965,5,59
29,0.6932826936244965,5,59
30,0.7153250277042389,5,59
31,0.7153250277042389,5,59
32,0.7153250277042389,5,59
33,0.7153250277042389,5,59
34,0.7153250277042389,5,59
35,0.7594397813081741,6,59
36,0.7594397813081741,6,59
37,0.7594397813081741,6,59
38,0.7594397813081741,6,59
39,0.8159297406673431,6,59
40,0.8159297406673431,6,59
41,0.8159297406673431,6,59
42,0.8159297406673431,6,59
43,0.8159297406673431,6,59
44,0.8159297406673431,6,59
45,0.8159297406673431,6,59
46,0.8159297406673431,6,59
47,0.8159297406673431,6,59
48,0.8029434531927109,5,59
49,0.8029434531927109,5,59
50,0.8029434531927109,5,59
51,0.8029434531927109,5,59
52,0.8029434531927109,5,59
53,0.8029434531927109,5,59
54,0.8029434531927109,5,59
55,0.883559063076973,7,59
56,0.883559063076973,7,59
57,0.883559063076973,7,59
58,0.883559063076973,7,59
59,0.883559063076973,7,59
60,0.883559063076973,7,59
61,0.883559063076973,7,59
62,0.883559063076973,7,59
63,0.8425131887197495,5,59
64,0.8425131887197495,5,59
65,0.8425131887197495,5,59
66,0.9070143327116966,7,59
67,0.9070143327116966,7,59
68,0.9070143327116966,7,59
69,0.9070143327116966,7,59
70,0.9070143327116966,7,59
71,0.9070143327116966,7,59
72,0.9070143327116966,7,59
73,0.9070143327116966,7,59
74,0.9082371965050697,7,59
75,0.9190155863761902,7,59
76,0.9190155863761902,7,59
77,0.9190155863761902,7,59
78,0.9190155863761902,7,59
79,0.9190155863761902,7,59
80,0.9190155863761902,7,59
81,0.9034618958830833,6,59
82,0.9034618958830833,6,59
83,0.9034618958830833,6,59
84,0.9034618958830833,6,59
85,0.9034618958830833,6,59
86,0.9034618958830833,6,59
87,0.9034618958830833,6,59
88,0.9482874982059002,7,59
89,0.9482874982059002,7,59
90,0.9482874982059002,7,59
91,0.9482874982059002,7,59
92,0.9482874982059002,7,59
93,0.9482874982059002,7,59
94,0.9482874982059002,7,59
95,0.9482874982059002,7,59
96,0.9482874982059002,7,59
97,0.9482874982059002,7,59
98,0.9482874982059002,7,59
99,0.9482874982059002,7,59
100,0.9482874982059002,7,59
101,0.9482874982059002,7,59
102,0.9482874982059002,7,59
103,0.9482874982059002,7,59
104,0.9482874982059002,7,59
105,0.9482874982059002,7,59
106,0.9482874982059002,7,59
107,0.9482874982059002,7,59
108,0.9482874982059002,7,59
109,0.9482874982059002,7,59
110,0.9482874982059002,7,59
111,0.9482874982059002,7,59
112,0.9482874982059002,7,59
113,0.9482874982059002,7,59
114,0.9482874982059002,7,59
115,0.9482874982059002,7,59
116,0.9482874982059002,7,59
117,0.9482874982059002,7,59
118,0.9482874982059002,7,59
119,0.9482874982059002,7,59
120,0.9482874982059002,7,59
121,0.9482874982059002,7,59
122,0.9482874982059002,7,59
123,0.9482874982059002,7,59
124,0.9482874982059002,7,59
125,0.9482874982059002,7,59
126,0.9482874982059002,7,59
127,0.9482874982059002,7,59
128,0.9482874982059002,7,59
129,0.9482874982059002,7,59
130,0.9482874982059002,7,59
131,0.9482874982059002,7,59
132,0.9482874982059002,7,59
133,0.9482874982059002,7,59
134,0.9482874982059002,7,59
135,0.9482874982059002,7,59
136,0.9482874982059002,7,59
137,0.9482874982059002,7,59
138,0.9482874982059002,7,59
139,0.9482874982059002,7,59
140,0.9482874982059002,7,59
141,0.9482874982059002,7,59
142,0.9482874982059002,7,59
143,0.9482874982059002,7,59
144,0.9482874982059002,7,59
145,0.9482874982059002,7,59
146,0.9482874982059002,7,59
147,0.9482874982059002,7,59
148,0.9482874982059002,7,59
149,0.9482874982059002,7,59
150,0.9482874982059002,7,59
151,0.9482874982059002,7,59
152,0.9482874982059002,7,59
153,0.9290647208690643,6,59
154,0.9290647208690643,6,59
155,0.9290647208690643,6,59
156,0.9290647208690643,6,59
157,0.9290647208690643,6,59
158,0.9290647208690643,6,59
159,0.9290647208690643,6,59
160,0.9290647208690643,6,59
161,0.9290647208690643,6,59
162,0.9290647208690643,6,59
163,0.9290647208690643,6,59
164,0.9290647208690643,6,59
165,0.9290647208690643,6,59
166,0.9290647208690643,6,59
167,0.9290647208690643,6,59
168,0.9290647208690643,6,59
169,0.9290647208690643,6,59
170,0.9290647208690643,6,59
171,0.9290647208690643,6,59
172,0.9290647208690643,6,59
173,0.9290647208690643,6,59
174,0.9290647208690643,6,59
175,0.9290647208690643,6,59
176,0.9290647208690643,6,59
177,0.9405323602259159,6,59
178,0.9405323602259159,6,59
179,0.9405323602259159,6,59
180,0.9405323602259159,6,59
181,0.9405323602259159,6,59
182,0.9405323602259159,6,59
183,0.9405323602259159,6,59
184,0.9405323602259159,6,59
185,0.9405323602259159,6,59
186,0.9405323602259159,6,59
187,0.9405323602259159,6,59
188,0.9405323602259159,6,59
189,0.9405323602259159,6,59
190,0.9405323602259159,6,59
191,0.9405323602259159,6,59
192,0.9405323602259159,6,59
193,0.9405323602259159,6,59
194,0.9405323602259159,6,59
195,0.9405323602259159,6,59
196,0.9405323602259159,6,59
197,0.9405323602259159,6,59
198,0.9405323602259159,6,59
199,0.9405323602259159,6,59
200,0.9405323602259159,6,59
