generation,best_value,num_perturbations,sample_id
1,0.009951353073120117,1,0
2,0.010945796966552734,1,0
3,0.014910638332366943,1,0
4,0.017476260662078857,1,0
5,0.019331037998199463,1,0
6,0.019331037998199463,1,0
7,0.026687681674957275,1,0
8,0.026687681674957275,1,0
9,0.026687681674957275,1,0
10,0.026687681674957275,1,0
11,0.027239859104156494,1,0
12,0.027239859104156494,1,0
13,0.027446210384368896,1,0
14,0.029070913791656494,1,0
15,0.053059160709381104,2,0
16,0.053059160709381104,2,0
17,0.053059160709381104,2,0
18,0.06310135126113892,2,0
19,0.06310135126113892,2,0
20,0.06310135126113892,2,0
21,0.07931941747665405,2,0
22,0.07931941747665405,2,0
23,0.07931941747665405,2,0
24,0.07931941747665405,2,0
25,0.07931941747665405,2,0
26,0.09722346067428589,2,0
27,0.09722346067428589,2,0
28,0.10032182931900024,2,0
29,0.10032182931900024,2,0
30,0.10032182931900024,2,0
31,0.13182204961776733,3,0
32,0.13182204961776733,3,0
33,0.13910263776779175,3,0
34,0.13910263776779175,3,0
35,0.15712833404541016,3,0
36,0.18711942434310913,3,0
37,0.18711942434310913,3,0
38,0.18711942434310913,3,0
39,0.2223283052444458,3,0
40,0.2223283052444458,3,0
41,0.2223283052444458,3,0
42,0.2296696901321411,3,0
43,0.2296696901321411,3,0
44,0.24715149402618408,4,0
45,0.24715149402618408,4,0
46,0.24715149402618408,4,0
47,0.27092963457107544,4,0
48,0.27092963457107544,4,0
49,0.29075026512145996,5,0
50,0.2821214199066162,4,0
51,0.2821214199066162,4,0
52,0.3268476724624634,5,0
53,0.3772244453430176,5,0
54,0.4349358081817627,8,0
55,0.37464672327041626,4,0
56,0.43101710081100464,5,0
57,0.5014542639255524,8,0
58,0.6134686470031738,8,0
59,0.6134686470031738,8,0
60,0.6134686470031738,8,0
61,0.6134686470031738,8,0
62,0.5865687131881714,6,0
63,0.5865687131881714,6,0
64,0.7467837333679199,8,0
65,0.7467837333679199,8,0
66,0.7467837333679199,8,0
67,0.7467837333679199,8,0
68,0.8180349469184875,9,0
69,0.8180349469184875,9,0
70,0.8180349469184875,9,0
71,0.8180349469184875,9,0
72,0.8180349469184875,9,0
73,0.8180349469184875,9,0
74,0.8180349469184875,9,0
75,0.8180349469184875,9,0
76,0.8180349469184875,9,0
77,0.8180349469184875,9,0
78,0.8180349469184875,9,0
79,0.8180349469184875,9,0
80,0.870407447218895,12,0
81,0.870407447218895,12,0
82,0.870407447218895,12,0
83,0.850250631570816,9,0
84,0.850250631570816,9,0
85,0.850250631570816,9,0
86,0.8739553391933441,10,0
87,0.8739553391933441,10,0
88,0.8739553391933441,10,0
89,0.8739553391933441,10,0
90,0.9226031005382538,12,0
91,0.9226031005382538,12,0
92,0.9226031005382538,12,0
93,0.9226031005382538,12,0
94,0.9226031005382538,12,0
95,0.9187353700399399,11,0
96,0.9187353700399399,11,0
97,0.9187353700399399,11,0
98,0.9274782612919807,11,0
99,0.9274782612919807,11,0
100,0.9274782612919807,11,0
101,0.9274782612919807,11,0
102,0.9274782612919807,11,0
103,0.9274782612919807,11,0
104,0.9274782612919807,11,0
105,0.9274782612919807,11,0
106,0.9274782612919807,11,0
107,0.9274782612919807,11,0
108,0.9274782612919807,11,0
109,0.9274782612919807,11,0
110,0.9274782612919807,11,0
111,0.9274782612919807,11,0
112,0.9274782612919807,11,0
113,0.9274782612919807,11,0
114,0.9290293529629707,11,0
115,0.9290293529629707,11,0
116,0.9290293529629707,11,0
117,0.9290293529629707,11,0
118,0.9290293529629707,11,0
119,0.9290293529629707,11,0
120,0.9290293529629707,11,0
121,0.9290293529629707,11,0
122,0.9290293529629707,11,0
123,0.9290293529629707,11,0
124,0.9290293529629707,11,0
125,0.9290293529629707,11,0
126,0.9290293529629707,11,0
127,0.9290293529629707,11,0
128,0.9290293529629707,11,0
129,0.9290293529629707,11,0
130,0.9290293529629707,11,0
131,0.9290293529629707,11,0
132,0.9290293529629707,11,0
133,0.9290293529629707,11,0
134,0.9290293529629707,11,0
135,0.9290293529629707,11,0
136,0.9290293529629707,11,0
137,0.9326856955885887,11,0
138,0.9326856955885887,11,0
139,0.9326856955885887,11,0
140,0.9326856955885887,11,0
141,0.9326856955885887,11,0
142,0.9326856955885887,11,0
143,0.9326856955885887,11,0
144,0.9326856955885887,11,0
145,0.9326856955885887,11,0
146,0.9326856955885887,11,0
147,0.9326856955885887,11,0
148,0.9326856955885887,11,0
149,0.9326856955885887,11,0
150,0.9326856955885887,11,0
151,0.9326856955885887,11,0
152,0.9326856955885887,11,0
153,0.9326856955885887,11,0
154,0.9326856955885887,11,0
155,0.9326856955885887,11,0
156,0.9326856955885887,11,0
157,0.9326856955885887,11,0
158,0.9326856955885887,11,0
159,0.9326856955885887,11,0
160,0.9326856955885887,11,0
161,0.9326856955885887,11,0
162,0.9326856955885887,11,0
163,0.961152445524931,12,0
164,0.961152445524931,12,0
165,0.961152445524931,12,0
166,0.961152445524931,12,0
167,0.961152445524931,12,0
168,0.961152445524931,12,0
169,0.961152445524931,12,0
170,0.961152445524931,12,0
171,0.961152445524931,12,0
172,0.961152445524931,12,0
173,0.961152445524931,12,0
174,0.961152445524931,12,0
175,0.961152445524931,12,0
176,0.961152445524931,12,0
177,0.961152445524931,12,0
178,0.961152445524931,12,0
179,0.961152445524931,12,0
180,0.961152445524931,12,0
181,0.9558681845664978,11,0
182,0.9558681845664978,11,0
183,0.9558681845664978,11,0
184,0.9558681845664978,11,0
185,0.9558681845664978,11,0
186,0.9558681845664978,11,0
187,0.9558681845664978,11,0
188,0.9558681845664978,11,0
189,0.9558681845664978,11,0
190,0.9558681845664978,11,0
191,0.9558681845664978,11,0
192,0.9558681845664978,11,0
193,0.9558681845664978,11,0
194,0.9558681845664978,11,0
195,0.9558681845664978,11,0
196,0.9558681845664978,11,0
197,0.9558681845664978,11,0
198,0.9558681845664978,11,0
199,0.9558681845664978,11,0
200,0.9558681845664978,11,0
1,0.0004899501800537109,1,1
2,0.0004899501800537109,1,1
3,0.0005021095275878906,1,1
4,0.0007125735282897949,1,1
5,0.0007125735282897949,1,1
6,0.0009086132049560547,1,1
7,0.0009086132049560547,1,1
8,0.000962376594543457,1,1
9,0.0011647343635559082,1,1
10,0.0013538002967834473,1,1
11,0.0018520355224609375,1,1
12,0.0018520355224609375,1,1
13,0.0018520355224609375,1,1
14,0.0018520355224609375,1,1
15,0.0018520355224609375,1,1
16,0.0018520355224609375,1,1
17,0.0018520355224609375,1,1
18,0.0018520355224609375,1,1
19,0.002175450325012207,1,1
20,0.002175450325012207,1,1
21,0.002175450325012207,1,1
22,0.002175450325012207,1,1
23,0.002175450325012207,1,1
24,0.002175450325012207,1,1
25,0.002175450325012207,1,1
26,0.002175450325012207,1,1
27,0.002175450325012207,1,1
28,0.002175450325012207,1,1
29,0.002175450325012207,1,1
30,0.002175450325012207,1,1
31,0.002175450325012207,1,1
32,0.002292156219482422,1,1
33,0.002292156219482422,1,1
34,0.002292156219482422,1,1
35,0.002292156219482422,1,1
36,0.002292156219482422,1,1
37,0.002292156219482422,1,1
38,0.002292156219482422,1,1
39,0.002292156219482422,1,1
40,0.002292156219482422,1,1
41,0.002292156219482422,1,1
42,0.002292156219482422,1,1
43,0.002292156219482422,1,1
44,0.002292156219482422,1,1
45,0.002292156219482422,1,1
46,0.002292156219482422,1,1
47,0.002292156219482422,1,1
48,0.002292156219482422,1,1
49,0.002292156219482422,1,1
50,0.002292156219482422,1,1
51,0.002292156219482422,1,1
52,0.002292156219482422,1,1
53,0.002292156219482422,1,1
54,0.002292156219482422,1,1
55,0.002292156219482422,1,1
56,0.002292156219482422,1,1
57,0.002292156219482422,1,1
58,0.002292156219482422,1,1
59,0.002292156219482422,1,1
60,0.002292156219482422,1,1
61,0.002292156219482422,1,1
62,0.002292156219482422,1,1
63,0.002292156219482422,1,1
64,0.002292156219482422,1,1
65,0.002292156219482422,1,1
66,0.002292156219482422,1,1
67,0.002292156219482422,1,1
68,0.002292156219482422,1,1
69,0.002292156219482422,1,1
70,0.002292156219482422,1,1
71,0.002292156219482422,1,1
72,0.002292156219482422,1,1
73,0.002292156219482422,1,1
74,0.002292156219482422,1,1
75,0.002292156219482422,1,1
76,0.002292156219482422,1,1
77,0.002292156219482422,1,1
78,0.002292156219482422,1,1
79,0.002292156219482422,1,1
80,0.002292156219482422,1,1
81,0.002292156219482422,1,1
82,0.002292156219482422,1,1
83,0.002292156219482422,1,1
84,0.002292156219482422,1,1
85,0.002292156219482422,1,1
86,0.002292156219482422,1,1
87,0.002292156219482422,1,1
88,0.002292156219482422,1,1
89,0.002292156219482422,1,1
90,0.002292156219482422,1,1
91,0.002292156219482422,1,1
92,0.002292156219482422,1,1
93,0.002292156219482422,1,1
94,0.002292156219482422,1,1
95,0.002292156219482422,1,1
96,0.002292156219482422,1,1
97,0.002292156219482422,1,1
98,0.002292156219482422,1,1
99,0.002292156219482422,1,1
100,0.002292156219482422,1,1
101,0.002292156219482422,1,1
102,0.002292156219482422,1,1
103,0.002292156219482422,1,1
104,0.002292156219482422,1,1
105,0.002292156219482422,1,1
106,0.002292156219482422,1,1
107,0.002292156219482422,1,1
108,0.002292156219482422,1,1
109,0.002292156219482422,1,1
110,0.002292156219482422,1,1
111,0.002292156219482422,1,1
112,0.002292156219482422,1,1
113,0.002292156219482422,1,1
114,0.002292156219482422,1,1
115,0.002292156219482422,1,1
116,0.002292156219482422,1,1
117,0.002292156219482422,1,1
118,0.002292156219482422,1,1
119,0.002292156219482422,1,1
120,0.002292156219482422,1,1
121,0.002292156219482422,1,1
122,0.002292156219482422,1,1
123,0.002292156219482422,1,1
124,0.002292156219482422,1,1
125,0.002292156219482422,1,1
126,0.002292156219482422,1,1
127,0.002292156219482422,1,1
128,0.002292156219482422,1,1
129,0.002292156219482422,1,1
130,0.002292156219482422,1,1
131,0.002292156219482422,1,1
132,0.002292156219482422,1,1
133,0.002292156219482422,1,1
134,0.002292156219482422,1,1
135,0.002292156219482422,1,1
136,0.002292156219482422,1,1
137,0.002292156219482422,1,1
138,0.002292156219482422,1,1
139,0.002292156219482422,1,1
140,0.002292156219482422,1,1
141,0.002292156219482422,1,1
142,0.002292156219482422,1,1
143,0.002292156219482422,1,1
144,0.002292156219482422,1,1
145,0.002292156219482422,1,1
146,0.002292156219482422,1,1
147,0.002292156219482422,1,1
148,0.002292156219482422,1,1
149,0.002292156219482422,1,1
150,0.002292156219482422,1,1
151,0.002292156219482422,1,1
152,0.002292156219482422,1,1
153,0.002292156219482422,1,1
154,0.002292156219482422,1,1
155,0.002292156219482422,1,1
156,0.002292156219482422,1,1
157,0.002292156219482422,1,1
158,0.002292156219482422,1,1
159,0.002292156219482422,1,1
160,0.002292156219482422,1,1
161,0.002292156219482422,1,1
162,0.002292156219482422,1,1
163,0.002292156219482422,1,1
164,0.002292156219482422,1,1
165,0.002292156219482422,1,1
166,0.002292156219482422,1,1
167,0.002292156219482422,1,1
168,0.002292156219482422,1,1
169,0.002292156219482422,1,1
170,0.002292156219482422,1,1
171,0.002292156219482422,1,1
172,0.002292156219482422,1,1
173,0.002292156219482422,1,1
174,0.002292156219482422,1,1
175,0.002292156219482422,1,1
176,0.002292156219482422,1,1
177,0.002292156219482422,1,1
178,0.002292156219482422,1,1
179,0.002292156219482422,1,1
180,0.002292156219482422,1,1
181,0.002292156219482422,1,1
182,0.002292156219482422,1,1
183,0.002292156219482422,1,1
184,0.002292156219482422,1,1
185,0.002292156219482422,1,1
186,0.002292156219482422,1,1
187,0.002292156219482422,1,1
188,0.002292156219482422,1,1
189,0.002292156219482422,1,1
190,0.002292156219482422,1,1
191,0.002292156219482422,1,1
192,0.002292156219482422,1,1
193,0.002292156219482422,1,1
194,0.002292156219482422,1,1
195,0.002292156219482422,1,1
196,0.002292156219482422,1,1
197,0.002292156219482422,1,1
198,0.002292156219482422,1,1
199,0.002292156219482422,1,1
200,0.002292156219482422,1,1
1,0.0006293654441833496,1,2
2,0.000639498233795166,1,2
3,0.000639498233795166,1,2
4,0.00090789794921875,1,2
5,0.0011903047561645508,1,2
6,0.0011903047561645508,1,2
7,0.0020339488983154297,1,2
8,0.0020339488983154297,1,2
9,0.0020339488983154297,1,2
10,0.0024183988571166992,1,2
11,0.002473175525665283,1,2
12,0.002473175525665283,1,2
13,0.0027247071266174316,1,2
14,0.0027247071266174316,1,2
15,0.004044294357299805,1,2
16,0.004044294357299805,1,2
17,0.004044294357299805,1,2
18,0.004044294357299805,1,2
19,0.004044294357299805,1,2
20,0.004044294357299805,1,2
21,0.004044294357299805,1,2
22,0.004044294357299805,1,2
23,0.004044294357299805,1,2
24,0.004044294357299805,1,2
25,0.004044294357299805,1,2
26,0.004044294357299805,1,2
27,0.004044294357299805,1,2
28,0.004044294357299805,1,2
29,0.004403412342071533,1,2
30,0.004403412342071533,1,2
31,0.004403412342071533,1,2
32,0.004403412342071533,1,2
33,0.004403412342071533,1,2
34,0.004403412342071533,1,2
35,0.004403412342071533,1,2
36,0.004403412342071533,1,2
37,0.004403412342071533,1,2
38,0.004403412342071533,1,2
39,0.004403412342071533,1,2
40,0.004403412342071533,1,2
41,0.004403412342071533,1,2
42,0.004403412342071533,1,2
43,0.004403412342071533,1,2
44,0.004403412342071533,1,2
45,0.004403412342071533,1,2
46,0.004403412342071533,1,2
47,0.004403412342071533,1,2
48,0.004403412342071533,1,2
49,0.004403412342071533,1,2
50,0.004403412342071533,1,2
51,0.004403412342071533,1,2
52,0.004403412342071533,1,2
53,0.004403412342071533,1,2
54,0.004403412342071533,1,2
55,0.004403412342071533,1,2
56,0.004403412342071533,1,2
57,0.004403412342071533,1,2
58,0.004403412342071533,1,2
59,0.004403412342071533,1,2
60,0.004403412342071533,1,2
61,0.004403412342071533,1,2
62,0.004403412342071533,1,2
63,0.004403412342071533,1,2
64,0.004403412342071533,1,2
65,0.004403412342071533,1,2
66,0.004403412342071533,1,2
67,0.004403412342071533,1,2
68,0.004403412342071533,1,2
69,0.004403412342071533,1,2
70,0.004403412342071533,1,2
71,0.004403412342071533,1,2
72,0.004403412342071533,1,2
73,0.004403412342071533,1,2
74,0.004403412342071533,1,2
75,0.004403412342071533,1,2
76,0.004403412342071533,1,2
77,0.004403412342071533,1,2
78,0.004403412342071533,1,2
79,0.004403412342071533,1,2
80,0.004403412342071533,1,2
81,0.004403412342071533,1,2
82,0.004403412342071533,1,2
83,0.004403412342071533,1,2
84,0.004403412342071533,1,2
85,0.004403412342071533,1,2
86,0.004403412342071533,1,2
87,0.004403412342071533,1,2
88,0.004403412342071533,1,2
89,0.004403412342071533,1,2
90,0.004403412342071533,1,2
91,0.004403412342071533,1,2
92,0.021294057369232178,2,2
93,0.021294057369232178,2,2
94,0.021294057369232178,2,2
95,0.021294057369232178,2,2
96,0.021294057369232178,2,2
97,0.04466545581817627,3,2
98,0.04466545581817627,3,2
99,0.04466545581817627,3,2
100,0.07651329040527344,4,2
101,0.07651329040527344,4,2
102,0.07651329040527344,4,2
103,0.07651329040527344,4,2
104,0.07651329040527344,4,2
105,0.08048558235168457,4,2
106,0.08048558235168457,4,2
107,0.14188086986541748,5,2
108,0.14188086986541748,5,2
109,0.14220094680786133,5,2
110,0.1905754804611206,6,2
111,0.1577678918838501,4,2
112,0.4192909002304077,6,2
113,0.4220832586288452,6,2
114,0.4220832586288452,6,2
115,0.44229018688201904,7,2
116,0.5692577362060547,9,2
117,0.6033475399017334,9,2
118,0.6033475399017334,9,2
119,0.6765777170658112,8,2
120,0.798728734254837,8,2
121,0.876203715801239,9,2
122,0.9350415542721748,10,2
123,0.9350415542721748,10,2
124,0.9719209559261799,10,2
125,0.9719209559261799,10,2
126,0.9719209559261799,10,2
127,0.9719209559261799,10,2
128,0.9719209559261799,10,2
129,0.9719209559261799,10,2
130,0.9719209559261799,10,2
131,0.9719209559261799,10,2
132,0.9719209559261799,10,2
133,0.9719209559261799,10,2
134,0.987593044526875,10,2
135,0.987593044526875,10,2
136,0.987593044526875,10,2
137,0.987593044526875,10,2
138,0.987593044526875,10,2
139,0.987593044526875,10,2
140,0.987593044526875,10,2
141,0.987593044526875,10,2
142,0.987593044526875,10,2
143,0.987593044526875,10,2
144,0.987593044526875,10,2
145,0.987593044526875,10,2
146,0.987593044526875,10,2
147,0.987593044526875,10,2
148,0.987593044526875,10,2
149,0.987593044526875,10,2
150,0.987593044526875,10,2
151,0.987593044526875,10,2
152,0.987593044526875,10,2
153,0.987593044526875,10,2
154,0.987593044526875,10,2
155,0.987593044526875,10,2
156,0.987593044526875,10,2
157,0.987593044526875,10,2
158,0.987593044526875,10,2
159,0.987593044526875,10,2
160,0.987593044526875,10,2
161,0.987593044526875,10,2
162,0.987593044526875,10,2
163,0.987593044526875,10,2
164,0.987593044526875,10,2
165,0.987593044526875,10,2
166,0.987593044526875,10,2
167,0.987593044526875,10,2
168,0.987593044526875,10,2
169,0.987593044526875,10,2
170,0.987593044526875,10,2
171,0.987593044526875,10,2
172,0.988576072268188,10,2
173,0.988576072268188,10,2
174,0.988576072268188,10,2
175,0.988576072268188,10,2
176,0.988576072268188,10,2
177,0.988576072268188,10,2
178,0.988576072268188,10,2
179,0.9953645709902048,10,2
180,0.9953645709902048,10,2
181,0.9953645709902048,10,2
182,0.9953645709902048,10,2
183,0.9953645709902048,10,2
184,0.9953645709902048,10,2
185,0.9953645709902048,10,2
186,0.9953645709902048,10,2
187,0.9953645709902048,10,2
188,0.9953645709902048,10,2
189,0.9953645709902048,10,2
190,0.9953645709902048,10,2
191,0.9953645709902048,10,2
192,0.9953645709902048,10,2
193,0.9953645709902048,10,2
194,0.9953645709902048,10,2
195,0.9953645709902048,10,2
196,0.9953645709902048,10,2
197,0.9953645709902048,10,2
198,0.9953645709902048,10,2
199,0.9953645709902048,10,2
200,0.9953645709902048,10,2
1,0.9661829806864262,5,3
2,0.9661829806864262,5,3
3,0.9532067626714706,3,3
4,0.9532067626714706,3,3
5,0.9532067626714706,3,3
6,0.9392134733498096,2,3
7,0.9707440435886383,3,3
8,0.974030489102006,2,3
9,0.974030489102006,2,3
10,0.974030489102006,2,3
11,0.974030489102006,2,3
12,0.974030489102006,2,3
13,0.974030489102006,2,3
14,0.974030489102006,2,3
15,0.974030489102006,2,3
16,0.974030489102006,2,3
17,0.974030489102006,2,3
18,0.974030489102006,2,3
19,0.974030489102006,2,3
20,0.9928117105737329,3,3
21,0.9907739544287324,2,3
22,0.9907739544287324,2,3
23,0.9907739544287324,2,3
24,0.9907739544287324,2,3
25,0.9907739544287324,2,3
26,0.9907739544287324,2,3
27,0.9907739544287324,2,3
28,0.9907739544287324,2,3
29,0.9907739544287324,2,3
30,0.9907739544287324,2,3
31,0.9907739544287324,2,3
32,0.9907739544287324,2,3
33,0.9907739544287324,2,3
34,0.9907739544287324,2,3
35,0.9907739544287324,2,3
36,0.9907739544287324,2,3
37,0.9907739544287324,2,3
38,0.9907739544287324,2,3
39,0.9907739544287324,2,3
40,0.9907739544287324,2,3
41,0.9907739544287324,2,3
42,0.9907739544287324,2,3
43,0.9907739544287324,2,3
44,0.9907739544287324,2,3
45,0.9907739544287324,2,3
46,0.9929917342960835,2,3
47,0.9929917342960835,2,3
48,0.9929917342960835,2,3
49,0.9929917342960835,2,3
50,0.9929917342960835,2,3
51,0.9929917342960835,2,3
52,0.9929917342960835,2,3
53,0.9929917342960835,2,3
54,0.9929917342960835,2,3
55,0.9929917342960835,2,3
56,0.9929917342960835,2,3
57,0.9929917342960835,2,3
58,0.9931264691986144,2,3
59,0.9931264691986144,2,3
60,0.9933950016275048,2,3
61,0.9933950016275048,2,3
62,0.9939859546720982,2,3
63,0.9939859546720982,2,3
64,0.9941710568964481,2,3
65,0.9941710568964481,2,3
66,0.9941710568964481,2,3
67,0.9941710568964481,2,3
68,0.9941710568964481,2,3
69,0.9941710568964481,2,3
70,0.9941710568964481,2,3
71,0.9941710568964481,2,3
72,0.9941710568964481,2,3
73,0.9941710568964481,2,3
74,0.9949273965321481,2,3
75,0.9949273965321481,2,3
76,0.9949273965321481,2,3
77,0.9949273965321481,2,3
78,0.9949273965321481,2,3
79,0.9949273965321481,2,3
80,0.9949273965321481,2,3
81,0.9949273965321481,2,3
82,0.9949273965321481,2,3
83,0.9949273965321481,2,3
84,0.9949273965321481,2,3
85,0.9949273965321481,2,3
86,0.9949273965321481,2,3
87,0.9949273965321481,2,3
88,0.9949273965321481,2,3
89,0.9949273965321481,2,3
90,0.9949273965321481,2,3
91,0.9949273965321481,2,3
92,0.9949273965321481,2,3
93,0.9949273965321481,2,3
94,0.9949273965321481,2,3
95,0.9949273965321481,2,3
96,0.9949273965321481,2,3
97,0.9949273965321481,2,3
98,0.9949273965321481,2,3
99,0.9949273965321481,2,3
100,0.9949273965321481,2,3
101,0.9949273965321481,2,3
102,0.9949273965321481,2,3
103,0.9949273965321481,2,3
104,0.9949273965321481,2,3
105,0.9949273965321481,2,3
106,0.9949273965321481,2,3
107,0.9949273965321481,2,3
108,0.9949273965321481,2,3
109,0.9949273965321481,2,3
110,0.9949273965321481,2,3
111,0.9949273965321481,2,3
112,0.9949273965321481,2,3
113,0.9949273965321481,2,3
114,0.9949273965321481,2,3
115,0.9949273965321481,2,3
116,0.9949273965321481,2,3
117,0.9949273965321481,2,3
118,0.9949273965321481,2,3
119,0.9949273965321481,2,3
120,0.9949273965321481,2,3
121,0.9949273965321481,2,3
122,0.9949273965321481,2,3
123,0.9949273965321481,2,3
124,0.9949273965321481,2,3
125,0.9949273965321481,2,3
126,0.9949273965321481,2,3
127,0.9949273965321481,2,3
128,0.9949273965321481,2,3
129,0.9949273965321481,2,3
130,0.9949273965321481,2,3
131,0.9949273965321481,2,3
132,0.9949273965321481,2,3
133,0.9949273965321481,2,3
134,0.9949273965321481,2,3
135,0.9949273965321481,2,3
136,0.9949273965321481,2,3
137,0.9949273965321481,2,3
138,0.9949273965321481,2,3
139,0.9949273965321481,2,3
140,0.9949273965321481,2,3
141,0.9949273965321481,2,3
142,0.9949273965321481,2,3
143,0.9949273965321481,2,3
144,0.9949273965321481,2,3
145,0.9949273965321481,2,3
146,0.9949273965321481,2,3
147,0.9949273965321481,2,3
148,0.9949273965321481,2,3
149,0.9949273965321481,2,3
150,0.9949273965321481,2,3
151,0.9949273965321481,2,3
152,0.9949273965321481,2,3
153,0.9949273965321481,2,3
154,0.9949273965321481,2,3
155,0.9949273965321481,2,3
156,0.9949273965321481,2,3
157,0.9949273965321481,2,3
158,0.9949273965321481,2,3
159,0.9949273965321481,2,3
160,0.9949273965321481,2,3
161,0.9949273965321481,2,3
162,0.9949273965321481,2,3
163,0.9949273965321481,2,3
164,0.9949273965321481,2,3
165,0.9949273965321481,2,3
166,0.9949273965321481,2,3
167,0.9949273965321481,2,3
168,0.9949273965321481,2,3
169,0.9949273965321481,2,3
170,0.9949273965321481,2,3
171,0.9949273965321481,2,3
172,0.9949273965321481,2,3
173,0.9949273965321481,2,3
174,0.9949273965321481,2,3
175,0.9949273965321481,2,3
176,0.9949273965321481,2,3
177,0.9949273965321481,2,3
178,0.9949273965321481,2,3
179,0.9949273965321481,2,3
180,0.9949273965321481,2,3
181,0.9949273965321481,2,3
182,0.9949273965321481,2,3
183,0.9949273965321481,2,3
184,0.9949273965321481,2,3
185,0.9951428230851889,2,3
186,0.9951428230851889,2,3
187,0.9951428230851889,2,3
188,0.9951428230851889,2,3
189,0.9951428230851889,2,3
190,0.9951428230851889,2,3
191,0.9951428230851889,2,3
192,0.9951428230851889,2,3
193,0.9951428230851889,2,3
194,0.9951428230851889,2,3
195,0.9951428230851889,2,3
196,0.9951428230851889,2,3
197,0.9951428230851889,2,3
198,0.9951428230851889,2,3
199,0.9951428230851889,2,3
200,0.9951428230851889,2,3
1,0.0029761195182800293,1,4
2,0.0030915141105651855,1,4
3,0.0032001733779907227,1,4
4,0.0036690831184387207,1,4
5,0.00396120548248291,1,4
6,0.004312694072723389,1,4
7,0.004383444786071777,1,4
8,0.005238831043243408,1,4
9,0.005276679992675781,1,4
10,0.005645632743835449,1,4
11,0.005645632743835449,1,4
12,0.005645632743835449,1,4
13,0.005645632743835449,1,4
14,0.0076045989990234375,1,4
15,0.007819890975952148,1,4
16,0.007819890975952148,1,4
17,0.007819890975952148,1,4
18,0.007819890975952148,1,4
19,0.00813990831375122,1,4
20,0.00813990831375122,1,4
21,0.00813990831375122,1,4
22,0.00813990831375122,1,4
23,0.00854504108428955,1,4
24,0.00854504108428955,1,4
25,0.00854504108428955,1,4
26,0.00854504108428955,1,4
27,0.00854504108428955,1,4
28,0.00854504108428955,1,4
29,0.00854504108428955,1,4
30,0.00854504108428955,1,4
31,0.00854504108428955,1,4
32,0.00854504108428955,1,4
33,0.00854504108428955,1,4
34,0.00854504108428955,1,4
35,0.00854504108428955,1,4
36,0.00854504108428955,1,4
37,0.00854504108428955,1,4
38,0.00854504108428955,1,4
39,0.00854504108428955,1,4
40,0.00854504108428955,1,4
41,0.00854504108428955,1,4
42,0.00854504108428955,1,4
43,0.00854504108428955,1,4
44,0.00854504108428955,1,4
45,0.00854504108428955,1,4
46,0.00854504108428955,1,4
47,0.00854504108428955,1,4
48,0.00854504108428955,1,4
49,0.00854504108428955,1,4
50,0.00854504108428955,1,4
51,0.00854504108428955,1,4
52,0.00854504108428955,1,4
53,0.00854504108428955,1,4
54,0.00854504108428955,1,4
55,0.00854504108428955,1,4
56,0.00854504108428955,1,4
57,0.00854504108428955,1,4
58,0.00854504108428955,1,4
59,0.00854504108428955,1,4
60,0.00854504108428955,1,4
61,0.00854504108428955,1,4
62,0.00854504108428955,1,4
63,0.00854504108428955,1,4
64,0.00854504108428955,1,4
65,0.00854504108428955,1,4
66,0.00854504108428955,1,4
67,0.00854504108428955,1,4
68,0.00854504108428955,1,4
69,0.00854504108428955,1,4
70,0.00854504108428955,1,4
71,0.00854504108428955,1,4
72,0.00854504108428955,1,4
73,0.00854504108428955,1,4
74,0.00854504108428955,1,4
75,0.00854504108428955,1,4
76,0.00854504108428955,1,4
77,0.00854504108428955,1,4
78,0.00854504108428955,1,4
79,0.00854504108428955,1,4
80,0.00854504108428955,1,4
81,0.00854504108428955,1,4
82,0.00854504108428955,1,4
83,0.00854504108428955,1,4
84,0.00854504108428955,1,4
85,0.00854504108428955,1,4
86,0.00854504108428955,1,4
87,0.00854504108428955,1,4
88,0.00854504108428955,1,4
89,0.00854504108428955,1,4
90,0.00854504108428955,1,4
91,0.00854504108428955,1,4
92,0.00854504108428955,1,4
93,0.026980876922607422,2,4
94,0.026980876922607422,2,4
95,0.026980876922607422,2,4
96,0.026980876922607422,2,4
97,0.026980876922607422,2,4
98,0.026980876922607422,2,4
99,0.026980876922607422,2,4
100,0.026980876922607422,2,4
101,0.026980876922607422,2,4
102,0.026980876922607422,2,4
103,0.026980876922607422,2,4
104,0.026980876922607422,2,4
105,0.026980876922607422,2,4
106,0.026980876922607422,2,4
107,0.026980876922607422,2,4
108,0.055647969245910645,3,4
109,0.06062948703765869,3,4
110,0.06062948703765869,3,4
111,0.06062948703765869,3,4
112,0.06062948703765869,3,4
113,0.06062948703765869,3,4
114,0.06091904640197754,3,4
115,0.06091904640197754,3,4
116,0.06091904640197754,3,4
117,0.06091904640197754,3,4
118,0.06091904640197754,3,4
119,0.07602453231811523,3,4
120,0.07602453231811523,3,4
121,0.07600194215774536,3,4
122,0.11324721574783325,4,4
123,0.11324721574783325,4,4
124,0.11324721574783325,4,4
125,0.11324721574783325,4,4
126,0.11324721574783325,4,4
127,0.11324721574783325,4,4
128,0.11324721574783325,4,4
129,0.1183774471282959,4,4
130,0.1183774471282959,4,4
131,0.14257580041885376,5,4
132,0.14257580041885376,5,4
133,0.13834518194198608,4,4
134,0.16683220863342285,4,4
135,0.16683220863342285,4,4
136,0.16683220863342285,4,4
137,0.16683220863342285,4,4
138,0.20320141315460205,6,4
139,0.20320141315460205,6,4
140,0.20328229665756226,6,4
141,0.2743731141090393,5,4
142,0.2743731141090393,5,4
143,0.2743731141090393,5,4
144,0.2743731141090393,5,4
145,0.3153356909751892,6,4
146,0.3348129987716675,6,4
147,0.3348129987716675,6,4
148,0.3348129987716675,6,4
149,0.4228163957595825,7,4
150,0.4228163957595825,7,4
151,0.4228163957595825,7,4
152,0.4228163957595825,7,4
153,0.4228163957595825,7,4
154,0.4228163957595825,7,4
155,0.4228163957595825,7,4
156,0.4228163957595825,7,4
157,0.4228163957595825,7,4
158,0.4228163957595825,7,4
159,0.4228163957595825,7,4
160,0.4228163957595825,7,4
161,0.4228163957595825,7,4
162,0.4228163957595825,7,4
163,0.4607809782028198,8,4
164,0.48392242193222046,7,4
165,0.48392242193222046,7,4
166,0.5471526384353638,9,4
167,0.5471526384353638,9,4
168,0.5757938623428345,8,4
169,0.6930730044841766,11,4
170,0.6930730044841766,11,4
171,0.678360790014267,7,4
172,0.678360790014267,7,4
173,0.678360790014267,7,4
174,0.678360790014267,7,4
175,0.678360790014267,7,4
176,0.678360790014267,7,4
177,0.678360790014267,7,4
178,0.678360790014267,7,4
179,0.678360790014267,7,4
180,0.678360790014267,7,4
181,0.678360790014267,7,4
182,0.678360790014267,7,4
183,0.7620102912187576,10,4
184,0.7620102912187576,10,4
185,0.7620102912187576,10,4
186,0.7620102912187576,10,4
187,0.8193986415863037,11,4
188,0.8193986415863037,11,4
189,0.8193986415863037,11,4
190,0.8348518759012222,10,4
191,0.8348518759012222,10,4
192,0.8787049427628517,12,4
193,0.8787049427628517,12,4
194,0.8787049427628517,12,4
195,0.8787049427628517,12,4
196,0.8787049427628517,12,4
197,0.8957733511924744,11,4
198,0.8957733511924744,11,4
199,0.8930679261684418,10,4
200,0.8930679261684418,10,4
1,0.014177501201629639,1,5
2,0.04112803936004639,2,5
3,0.04112803936004639,2,5
4,0.09806370735168457,4,5
5,0.24964594841003418,5,5
6,0.30960720777511597,5,5
7,0.30960720777511597,5,5
8,0.38666194677352905,4,5
9,0.45289450883865356,6,5
10,0.706449031829834,5,5
11,0.706449031829834,5,5
12,0.7970683723688126,8,5
13,0.8349645584821701,6,5
14,0.9132212996482849,6,5
15,0.9132212996482849,6,5
16,0.9584318958222866,6,5
17,0.9584318958222866,6,5
18,0.9584318958222866,6,5
19,0.9603285975754261,6,5
20,0.9603285975754261,6,5
21,0.9930058591999114,7,5
22,0.9930058591999114,7,5
23,0.9930058591999114,7,5
24,0.9930058591999114,7,5
25,0.9930058591999114,7,5
26,0.9930745330639184,7,5
27,0.9930745330639184,7,5
28,0.9930745330639184,7,5
29,0.9930745330639184,7,5
30,0.9930745330639184,7,5
31,0.9930745330639184,7,5
32,0.9930745330639184,7,5
33,0.9930745330639184,7,5
34,0.9930745330639184,7,5
35,0.9930745330639184,7,5
36,0.9930745330639184,7,5
37,0.9940669503994286,7,5
38,0.9940669503994286,7,5
39,0.9940669503994286,7,5
40,0.9940669503994286,7,5
41,0.9981221542693675,7,5
42,0.9981221542693675,7,5
43,0.9981221542693675,7,5
44,0.9981221542693675,7,5
45,0.9981221542693675,7,5
46,0.9981221542693675,7,5
47,0.9981221542693675,7,5
48,0.9899533493444324,6,5
49,0.9899533493444324,6,5
50,0.9899533493444324,6,5
51,0.9899533493444324,6,5
52,0.9899533493444324,6,5
53,0.9899533493444324,6,5
54,0.9899533493444324,6,5
55,0.9899533493444324,6,5
56,0.9904529917985201,6,5
57,0.9904529917985201,6,5
58,0.9904529917985201,6,5
59,0.9904529917985201,6,5
60,0.9904529917985201,6,5
61,0.9904529917985201,6,5
62,0.9904529917985201,6,5
63,0.9904529917985201,6,5
64,0.9904529917985201,6,5
65,0.9904529917985201,6,5
66,0.9904529917985201,6,5
67,0.9904529917985201,6,5
68,0.9904529917985201,6,5
69,0.9904529917985201,6,5
70,0.9904529917985201,6,5
71,0.9904529917985201,6,5
72,0.9904529917985201,6,5
73,0.9904529917985201,6,5
74,0.993204278871417,6,5
75,0.993204278871417,6,5
76,0.993204278871417,6,5
77,0.993204278871417,6,5
78,0.993204278871417,6,5
79,0.993204278871417,6,5
80,0.993204278871417,6,5
81,0.993204278871417,6,5
82,0.993204278871417,6,5
83,0.993204278871417,6,5
84,0.993204278871417,6,5
85,0.993204278871417,6,5
86,0.993204278871417,6,5
87,0.993204278871417,6,5
88,0.993204278871417,6,5
89,0.9958835979923606,6,5
90,0.9958835979923606,6,5
91,0.9958835979923606,6,5
92,0.9958835979923606,6,5
93,0.9958835979923606,6,5
94,0.9958835979923606,6,5
95,0.9958835979923606,6,5
96,0.9958835979923606,6,5
97,0.9958835979923606,6,5
98,0.9958835979923606,6,5
99,0.9958835979923606,6,5
100,0.9958835979923606,6,5
101,0.9958835979923606,6,5
102,0.9958835979923606,6,5
103,0.9958835979923606,6,5
104,0.9958835979923606,6,5
105,0.9958835979923606,6,5
106,0.9970675918739289,6,5
107,0.9970675918739289,6,5
108,0.9970675918739289,6,5
109,0.9970675918739289,6,5
110,0.9970675918739289,6,5
111,0.9970675918739289,6,5
112,0.9970675918739289,6,5
113,0.9970675918739289,6,5
114,0.9970675918739289,6,5
115,0.9970675918739289,6,5
116,0.9970675918739289,6,5
117,0.9970675918739289,6,5
118,0.9970675918739289,6,5
119,0.9970675918739289,6,5
120,0.9970675918739289,6,5
121,0.9970675918739289,6,5
122,0.9970675918739289,6,5
123,0.9970675918739289,6,5
124,0.9970675918739289,6,5
125,0.9970675918739289,6,5
126,0.9970675918739289,6,5
127,0.9970675918739289,6,5
128,0.9970675918739289,6,5
129,0.9977683459874243,6,5
130,0.9977683459874243,6,5
131,0.9977683459874243,6,5
132,0.9977683459874243,6,5
133,0.9977683459874243,6,5
134,0.9977683459874243,6,5
135,0.9986497856443748,6,5
136,0.9986497856443748,6,5
137,0.9986497856443748,6,5
138,0.9986497856443748,6,5
139,0.9986497856443748,6,5
140,0.9986497856443748,6,5
141,0.9986497856443748,6,5
142,0.9986497856443748,6,5
143,0.9986497856443748,6,5
144,0.9986497856443748,6,5
145,0.9986497856443748,6,5
146,0.9986497856443748,6,5
147,0.9986497856443748,6,5
148,0.9986497856443748,6,5
149,0.9986497856443748,6,5
150,0.9986497856443748,6,5
151,0.9986497856443748,6,5
152,0.9986497856443748,6,5
153,0.9986497856443748,6,5
154,0.9986497856443748,6,5
155,0.9986497856443748,6,5
156,0.9986497856443748,6,5
157,0.9986497856443748,6,5
158,0.9986497856443748,6,5
159,0.9986497856443748,6,5
160,0.9986497856443748,6,5
161,0.9986497856443748,6,5
162,0.9986497856443748,6,5
163,0.9829871002584696,5,5
164,0.9829871002584696,5,5
165,0.9829871002584696,5,5
166,0.9829871002584696,5,5
167,0.9829871002584696,5,5
168,0.9829871002584696,5,5
169,0.9829871002584696,5,5
170,0.9829871002584696,5,5
171,0.9829871002584696,5,5
172,0.9829871002584696,5,5
173,0.9829871002584696,5,5
174,0.9829871002584696,5,5
175,0.9829871002584696,5,5
176,0.9837965667247772,5,5
177,0.9860509755089879,5,5
178,0.9860509755089879,5,5
179,0.9909157287329435,5,5
180,0.9909157287329435,5,5
181,0.9909157287329435,5,5
182,0.9909157287329435,5,5
183,0.9909157287329435,5,5
184,0.9909157287329435,5,5
185,0.9909157287329435,5,5
186,0.9909157287329435,5,5
187,0.9909157287329435,5,5
188,0.9909157287329435,5,5
189,0.9909157287329435,5,5
190,0.9909157287329435,5,5
191,0.9909157287329435,5,5
192,0.9909157287329435,5,5
193,0.9909157287329435,5,5
194,0.9909157287329435,5,5
195,0.9909157287329435,5,5
196,0.9909157287329435,5,5
197,0.9909157287329435,5,5
198,0.9909157287329435,5,5
199,0.9909157287329435,5,5
200,0.9909157287329435,5,5
1,0.011370658874511719,1,6
2,0.013706326484680176,1,6
3,0.013706326484680176,1,6
4,0.013706326484680176,1,6
5,0.013706326484680176,1,6
6,0.013706326484680176,1,6
7,0.013706326484680176,1,6
8,0.016331136226654053,1,6
9,0.02593851089477539,1,6
10,0.02593851089477539,1,6
11,0.02593851089477539,1,6
12,0.02593851089477539,1,6
13,0.02739691734313965,1,6
14,0.02739691734313965,1,6
15,0.02739691734313965,1,6
16,0.02739691734313965,1,6
17,0.027888000011444092,1,6
18,0.027888000011444092,1,6
19,0.027888000011444092,1,6
20,0.027888000011444092,1,6
21,0.027888000011444092,1,6
22,0.05559730529785156,2,6
23,0.05559730529785156,2,6
24,0.05559730529785156,2,6
25,0.05559730529785156,2,6
26,0.05559730529785156,2,6
27,0.05559730529785156,2,6
28,0.05559730529785156,2,6
29,0.05559730529785156,2,6
30,0.10461050271987915,3,6
31,0.10461050271987915,3,6
32,0.10694825649261475,3,6
33,0.10694825649261475,3,6
34,0.10694825649261475,3,6
35,0.10694825649261475,3,6
36,0.10694825649261475,3,6
37,0.10694825649261475,3,6
38,0.11574286222457886,3,6
39,0.11751210689544678,3,6
40,0.11751210689544678,3,6
41,0.12917107343673706,3,6
42,0.13019919395446777,3,6
43,0.15892153978347778,4,6
44,0.16784948110580444,4,6
45,0.2082357406616211,3,6
46,0.21914434432983398,3,6
47,0.21914434432983398,3,6
48,0.21914434432983398,3,6
49,0.263719379901886,4,6
50,0.263719379901886,4,6
51,0.3084549903869629,4,6
52,0.3084549903869629,4,6
53,0.3084549903869629,4,6
54,0.49099695682525635,6,6
55,0.49099695682525635,6,6
56,0.49099695682525635,6,6
57,0.49099695682525635,6,6
58,0.49099695682525635,6,6
59,0.49099695682525635,6,6
60,0.49099695682525635,6,6
61,0.49099695682525635,6,6
62,0.49099695682525635,6,6
63,0.49099695682525635,6,6
64,0.49099695682525635,6,6
65,0.49099695682525635,6,6
66,0.49099695682525635,6,6
67,0.49099695682525635,6,6
68,0.49099695682525635,6,6
69,0.49099695682525635,6,6
70,0.5800320506095886,9,6
71,0.5800320506095886,9,6
72,0.5800320506095886,9,6
73,0.5800320506095886,9,6
74,0.5800320506095886,9,6
75,0.5600946247577667,7,6
76,0.6020330786705017,6,6
77,0.6020330786705017,6,6
78,0.6020330786705017,6,6
79,0.6020330786705017,6,6
80,0.7247100174427032,7,6
81,0.7247100174427032,7,6
82,0.7798973768949509,8,6
83,0.7798973768949509,8,6
84,0.7798973768949509,8,6
85,0.7798973768949509,8,6
86,0.7798973768949509,8,6
87,0.7798973768949509,8,6
88,0.7798973768949509,8,6
89,0.7798973768949509,8,6
90,0.7798973768949509,8,6
91,0.7798973768949509,8,6
92,0.7798973768949509,8,6
93,0.7798973768949509,8,6
94,0.7798973768949509,8,6
95,0.7798973768949509,8,6
96,0.8834206536412239,14,6
97,0.8637670129537582,12,6
98,0.803707018494606,8,6
99,0.803707018494606,8,6
100,0.8838775604963303,10,6
101,0.8838775604963303,10,6
102,0.8838775604963303,10,6
103,0.8838775604963303,10,6
104,0.8838775604963303,10,6
105,0.8838775604963303,10,6
106,0.8838775604963303,10,6
107,0.8838775604963303,10,6
108,0.8838775604963303,10,6
109,0.8838775604963303,10,6
110,0.8838775604963303,10,6
111,0.8838775604963303,10,6
112,0.8838775604963303,10,6
113,0.8838775604963303,10,6
114,0.8838775604963303,10,6
115,0.9106397852301598,11,6
116,0.9106397852301598,11,6
117,0.9106397852301598,11,6
118,0.9106397852301598,11,6
119,0.9106397852301598,11,6
120,0.9106397852301598,11,6
121,0.9106397852301598,11,6
122,0.9106397852301598,11,6
123,0.9106397852301598,11,6
124,0.9196128994226456,11,6
125,0.9196128994226456,11,6
126,0.9196128994226456,11,6
127,0.9196128994226456,11,6
128,0.9196128994226456,11,6
129,0.9196128994226456,11,6
130,0.9196128994226456,11,6
131,0.9196128994226456,11,6
132,0.9196128994226456,11,6
133,0.9196128994226456,11,6
134,0.9196128994226456,11,6
135,0.9196128994226456,11,6
136,0.9196128994226456,11,6
137,0.9196128994226456,11,6
138,0.9363488778471947,12,6
139,0.9363488778471947,12,6
140,0.9363488778471947,12,6
141,0.9363488778471947,12,6
142,0.9363488778471947,12,6
143,0.9363488778471947,12,6
144,0.9363488778471947,12,6
145,0.9363488778471947,12,6
146,0.9363488778471947,12,6
147,0.9363488778471947,12,6
148,0.9363488778471947,12,6
149,0.9410602413117886,12,6
150,0.9410602413117886,12,6
151,0.9410602413117886,12,6
152,0.9410602413117886,12,6
153,0.9410602413117886,12,6
154,0.9410602413117886,12,6
155,0.9410602413117886,12,6
156,0.9410602413117886,12,6
157,0.9410602413117886,12,6
158,0.9410602413117886,12,6
159,0.9410602413117886,12,6
160,0.9410602413117886,12,6
161,0.9410602413117886,12,6
162,0.9410602413117886,12,6
163,0.9468180015683174,11,6
164,0.9468180015683174,11,6
165,0.9468180015683174,11,6
166,0.9468180015683174,11,6
167,0.9468180015683174,11,6
168,0.9468180015683174,11,6
169,0.9468180015683174,11,6
170,0.9468180015683174,11,6
171,0.9468180015683174,11,6
172,0.9468180015683174,11,6
173,0.9536558352410793,11,6
174,0.9536558352410793,11,6
175,0.9536558352410793,11,6
176,0.9536558352410793,11,6
177,0.9536558352410793,11,6
178,0.9536558352410793,11,6
179,0.9536558352410793,11,6
180,0.9536558352410793,11,6
181,0.9536558352410793,11,6
182,0.9536558352410793,11,6
183,0.9536558352410793,11,6
184,0.9536558352410793,11,6
185,0.9536558352410793,11,6
186,0.9536558352410793,11,6
187,0.9536558352410793,11,6
188,0.9536558352410793,11,6
189,0.9536558352410793,11,6
190,0.9536558352410793,11,6
191,0.9536558352410793,11,6
192,0.9536558352410793,11,6
193,0.9536558352410793,11,6
194,0.9536558352410793,11,6
195,0.9536558352410793,11,6
196,0.9536558352410793,11,6
197,0.9536558352410793,11,6
198,0.9536558352410793,11,6
199,0.9536558352410793,11,6
200,0.9536558352410793,11,6
1,0.0052912235260009766,1,7
2,0.0052912235260009766,1,7
3,0.0052912235260009766,1,7
4,0.006696522235870361,1,7
5,0.007036387920379639,1,7
6,0.007351219654083252,1,7
7,0.007351219654083252,1,7
8,0.009036064147949219,1,7
9,0.009036064147949219,1,7
10,0.009036064147949219,1,7
11,0.01172715425491333,1,7
12,0.01172715425491333,1,7
13,0.015171706676483154,1,7
14,0.016414999961853027,1,7
15,0.016414999961853027,1,7
16,0.016414999961853027,1,7
17,0.016414999961853027,1,7
18,0.016414999961853027,1,7
19,0.016414999961853027,1,7
20,0.016414999961853027,1,7
21,0.01656395196914673,1,7
22,0.01656395196914673,1,7
23,0.01656395196914673,1,7
24,0.01656395196914673,1,7
25,0.01656395196914673,1,7
26,0.01656395196914673,1,7
27,0.01656395196914673,1,7
28,0.01656395196914673,1,7
29,0.01656395196914673,1,7
30,0.01656395196914673,1,7
31,0.01656395196914673,1,7
32,0.03657686710357666,2,7
33,0.03657686710357666,2,7
34,0.03657686710357666,2,7
35,0.03657686710357666,2,7
36,0.03657686710357666,2,7
37,0.03657686710357666,2,7
38,0.03657686710357666,2,7
39,0.03698486089706421,2,7
40,0.03698486089706421,2,7
41,0.039284467697143555,2,7
42,0.06733626127243042,3,7
43,0.06733626127243042,3,7
44,0.06733626127243042,3,7
45,0.06733626127243042,3,7
46,0.06733626127243042,3,7
47,0.06733626127243042,3,7
48,0.12346512079238892,4,7
49,0.12346512079238892,4,7
50,0.12346512079238892,4,7
51,0.12346512079238892,4,7
52,0.12346512079238892,4,7
53,0.12374430894851685,4,7
54,0.12374430894851685,4,7
55,0.16958320140838623,4,7
56,0.16958320140838623,4,7
57,0.16958320140838623,4,7
58,0.16958320140838623,4,7
59,0.2116648554801941,6,7
60,0.2116648554801941,6,7
61,0.2116648554801941,6,7
62,0.21483033895492554,6,7
63,0.21483033895492554,6,7
64,0.26269084215164185,5,7
65,0.26269084215164185,5,7
66,0.26269084215164185,5,7
67,0.26269084215164185,5,7
68,0.3710692524909973,5,7
69,0.39643847942352295,5,7
70,0.39643847942352295,5,7
71,0.39643847942352295,5,7
72,0.39643847942352295,5,7
73,0.39643847942352295,5,7
74,0.39643847942352295,5,7
75,0.39643847942352295,5,7
76,0.39643847942352295,5,7
77,0.39643847942352295,5,7
78,0.5396151542663574,10,7
79,0.5396151542663574,10,7
80,0.4998839497566223,7,7
81,0.4998839497566223,7,7
82,0.4998839497566223,7,7
83,0.4998839497566223,7,7
84,0.6472640633583069,7,7
85,0.6472640633583069,7,7
86,0.6472640633583069,7,7
87,0.6472640633583069,7,7
88,0.7688045799732208,11,7
89,0.7688045799732208,11,7
90,0.7688045799732208,11,7
91,0.8679188191890717,9,7
92,0.8679188191890717,9,7
93,0.8679188191890717,9,7
94,0.8679188191890717,9,7
95,0.8679188191890717,9,7
96,0.8679188191890717,9,7
97,0.8679188191890717,9,7
98,0.8679188191890717,9,7
99,0.8679188191890717,9,7
100,0.8679188191890717,9,7
101,0.8679188191890717,9,7
102,0.9168309643864632,11,7
103,0.9168309643864632,11,7
104,0.9168309643864632,11,7
105,0.9168309643864632,11,7
106,0.9168309643864632,11,7
107,0.9168309643864632,11,7
108,0.9340000003576279,11,7
109,0.9340000003576279,11,7
110,0.9340000003576279,11,7
111,0.9340000003576279,11,7
112,0.9340000003576279,11,7
113,0.9340000003576279,11,7
114,0.9340000003576279,11,7
115,0.9340000003576279,11,7
116,0.9340000003576279,11,7
117,0.9340000003576279,11,7
118,0.9340000003576279,11,7
119,0.9340000003576279,11,7
120,0.9340000003576279,11,7
121,0.9340000003576279,11,7
122,0.9340000003576279,11,7
123,0.9340000003576279,11,7
124,0.9340000003576279,11,7
125,0.9340000003576279,11,7
126,0.9340000003576279,11,7
127,0.9340000003576279,11,7
128,0.9347898811101913,11,7
129,0.9347898811101913,11,7
130,0.9351676404476166,11,7
131,0.9351676404476166,11,7
132,0.954285092651844,12,7
133,0.954285092651844,12,7
134,0.954285092651844,12,7
135,0.954285092651844,12,7
136,0.954285092651844,12,7
137,0.954285092651844,12,7
138,0.954285092651844,12,7
139,0.954285092651844,12,7
140,0.954285092651844,12,7
141,0.940407358109951,11,7
142,0.940407358109951,11,7
143,0.940407358109951,11,7
144,0.940407358109951,11,7
145,0.940407358109951,11,7
146,0.940407358109951,11,7
147,0.940407358109951,11,7
148,0.9334662109613419,10,7
149,0.9334662109613419,10,7
150,0.9334662109613419,10,7
151,0.9334662109613419,10,7
152,0.9334662109613419,10,7
153,0.9334662109613419,10,7
154,0.9564896635711193,11,7
155,0.9748366363346577,12,7
156,0.9748366363346577,12,7
157,0.9748366363346577,12,7
158,0.9748366363346577,12,7
159,0.9748366363346577,12,7
160,0.9748366363346577,12,7
161,0.9748366363346577,12,7
162,0.9748366363346577,12,7
163,0.9748366363346577,12,7
164,0.9748366363346577,12,7
165,0.9748366363346577,12,7
166,0.9748366363346577,12,7
167,0.9748366363346577,12,7
168,0.9748366363346577,12,7
169,0.9748366363346577,12,7
170,0.9748366363346577,12,7
171,0.9748366363346577,12,7
172,0.9748366363346577,12,7
173,0.9748366363346577,12,7
174,0.9748366363346577,12,7
175,0.9748366363346577,12,7
176,0.9748366363346577,12,7
177,0.9748366363346577,12,7
178,0.9748366363346577,12,7
179,0.9748366363346577,12,7
180,0.9748366363346577,12,7
181,0.9748366363346577,12,7
182,0.9748366363346577,12,7
183,0.9748366363346577,12,7
184,0.9748366363346577,12,7
185,0.9748366363346577,12,7
186,0.9748366363346577,12,7
187,0.9772594645619392,12,7
188,0.9772594645619392,12,7
189,0.9772594645619392,12,7
190,0.9772594645619392,12,7
191,0.9772594645619392,12,7
192,0.9772594645619392,12,7
193,0.9772594645619392,12,7
194,0.9772594645619392,12,7
195,0.9772594645619392,12,7
196,0.9772594645619392,12,7
197,0.9772594645619392,12,7
198,0.9772594645619392,12,7
199,0.9772594645619392,12,7
200,0.9772594645619392,12,7
1,0.000798642635345459,1,8
2,0.000822603702545166,1,8
3,0.000822603702545166,1,8
4,0.0008873343467712402,1,8
5,0.0009053945541381836,1,8
6,0.0010856389999389648,1,8
7,0.001096487045288086,1,8
8,0.0012538433074951172,1,8
9,0.001381516456604004,1,8
10,0.0014215707778930664,1,8
11,0.0017476677894592285,1,8
12,0.0017476677894592285,1,8
13,0.0024216771125793457,1,8
14,0.0024216771125793457,1,8
15,0.0024216771125793457,1,8
16,0.002604246139526367,1,8
17,0.002604246139526367,1,8
18,0.002604246139526367,1,8
19,0.002815067768096924,1,8
20,0.002815067768096924,1,8
21,0.002815067768096924,1,8
22,0.002815067768096924,1,8
23,0.002815067768096924,1,8
24,0.002815067768096924,1,8
25,0.002815067768096924,1,8
26,0.002815067768096924,1,8
27,0.002815067768096924,1,8
28,0.002815067768096924,1,8
29,0.002815067768096924,1,8
30,0.002815067768096924,1,8
31,0.002815067768096924,1,8
32,0.002815067768096924,1,8
33,0.002815067768096924,1,8
34,0.002815067768096924,1,8
35,0.002815067768096924,1,8
36,0.002815067768096924,1,8
37,0.002815067768096924,1,8
38,0.002815067768096924,1,8
39,0.002815067768096924,1,8
40,0.002815067768096924,1,8
41,0.002815067768096924,1,8
42,0.002815067768096924,1,8
43,0.002815067768096924,1,8
44,0.002815067768096924,1,8
45,0.002815067768096924,1,8
46,0.002815067768096924,1,8
47,0.002815067768096924,1,8
48,0.002815067768096924,1,8
49,0.002815067768096924,1,8
50,0.002815067768096924,1,8
51,0.002815067768096924,1,8
52,0.002815067768096924,1,8
53,0.002815067768096924,1,8
54,0.002815067768096924,1,8
55,0.002815067768096924,1,8
56,0.002815067768096924,1,8
57,0.002815067768096924,1,8
58,0.002815067768096924,1,8
59,0.002815067768096924,1,8
60,0.002815067768096924,1,8
61,0.002815067768096924,1,8
62,0.002815067768096924,1,8
63,0.002815067768096924,1,8
64,0.002815067768096924,1,8
65,0.002815067768096924,1,8
66,0.002815067768096924,1,8
67,0.002815067768096924,1,8
68,0.002815067768096924,1,8
69,0.002815067768096924,1,8
70,0.002815067768096924,1,8
71,0.002815067768096924,1,8
72,0.002815067768096924,1,8
73,0.002815067768096924,1,8
74,0.002815067768096924,1,8
75,0.002815067768096924,1,8
76,0.002815067768096924,1,8
77,0.002815067768096924,1,8
78,0.002815067768096924,1,8
79,0.002815067768096924,1,8
80,0.002815067768096924,1,8
81,0.002815067768096924,1,8
82,0.002815067768096924,1,8
83,0.002815067768096924,1,8
84,0.002815067768096924,1,8
85,0.002815067768096924,1,8
86,0.002815067768096924,1,8
87,0.002815067768096924,1,8
88,0.002815067768096924,1,8
89,0.002815067768096924,1,8
90,0.002815067768096924,1,8
91,0.002815067768096924,1,8
92,0.002815067768096924,1,8
93,0.002815067768096924,1,8
94,0.002815067768096924,1,8
95,0.002815067768096924,1,8
96,0.002815067768096924,1,8
97,0.002815067768096924,1,8
98,0.002815067768096924,1,8
99,0.002815067768096924,1,8
100,0.002815067768096924,1,8
101,0.002815067768096924,1,8
102,0.002815067768096924,1,8
103,0.002815067768096924,1,8
104,0.002815067768096924,1,8
105,0.002815067768096924,1,8
106,0.002815067768096924,1,8
107,0.002815067768096924,1,8
108,0.002815067768096924,1,8
109,0.002815067768096924,1,8
110,0.002815067768096924,1,8
111,0.002815067768096924,1,8
112,0.002815067768096924,1,8
113,0.002815067768096924,1,8
114,0.002815067768096924,1,8
115,0.002815067768096924,1,8
116,0.002815067768096924,1,8
117,0.002815067768096924,1,8
118,0.002815067768096924,1,8
119,0.002815067768096924,1,8
120,0.002815067768096924,1,8
121,0.002815067768096924,1,8
122,0.002815067768096924,1,8
123,0.002815067768096924,1,8
124,0.002815067768096924,1,8
125,0.002815067768096924,1,8
126,0.002815067768096924,1,8
127,0.002815067768096924,1,8
128,0.002815067768096924,1,8
129,0.002815067768096924,1,8
130,0.002815067768096924,1,8
131,0.002815067768096924,1,8
132,0.002815067768096924,1,8
133,0.002815067768096924,1,8
134,0.002815067768096924,1,8
135,0.002815067768096924,1,8
136,0.002815067768096924,1,8
137,0.002815067768096924,1,8
138,0.002815067768096924,1,8
139,0.002815067768096924,1,8
140,0.002815067768096924,1,8
141,0.002815067768096924,1,8
142,0.002815067768096924,1,8
143,0.002815067768096924,1,8
144,0.002815067768096924,1,8
145,0.002815067768096924,1,8
146,0.002815067768096924,1,8
147,0.002815067768096924,1,8
148,0.002815067768096924,1,8
149,0.002815067768096924,1,8
150,0.002815067768096924,1,8
151,0.002815067768096924,1,8
152,0.002815067768096924,1,8
153,0.002815067768096924,1,8
154,0.002815067768096924,1,8
155,0.002815067768096924,1,8
156,0.002815067768096924,1,8
157,0.002815067768096924,1,8
158,0.002815067768096924,1,8
159,0.002815067768096924,1,8
160,0.002815067768096924,1,8
161,0.002815067768096924,1,8
162,0.002815067768096924,1,8
163,0.002815067768096924,1,8
164,0.002815067768096924,1,8
165,0.002815067768096924,1,8
166,0.002815067768096924,1,8
167,0.002815067768096924,1,8
168,0.002815067768096924,1,8
169,0.002815067768096924,1,8
170,0.002815067768096924,1,8
171,0.002815067768096924,1,8
172,0.002815067768096924,1,8
173,0.002815067768096924,1,8
174,0.002815067768096924,1,8
175,0.002815067768096924,1,8
176,0.002815067768096924,1,8
177,0.002815067768096924,1,8
178,0.002815067768096924,1,8
179,0.002815067768096924,1,8
180,0.002815067768096924,1,8
181,0.002815067768096924,1,8
182,0.002815067768096924,1,8
183,0.002815067768096924,1,8
184,0.002815067768096924,1,8
185,0.002815067768096924,1,8
186,0.002815067768096924,1,8
187,0.002815067768096924,1,8
188,0.002815067768096924,1,8
189,0.002815067768096924,1,8
190,0.002815067768096924,1,8
191,0.002815067768096924,1,8
192,0.002815067768096924,1,8
193,0.002815067768096924,1,8
194,0.002815067768096924,1,8
195,0.002815067768096924,1,8
196,0.002815067768096924,1,8
197,0.002815067768096924,1,8
198,0.002815067768096924,1,8
199,0.002815067768096924,1,8
200,0.002815067768096924,1,8
1,0.9964928375557065,1,9
2,0.9964928375557065,1,9
3,0.996664845617488,1,9
4,0.9972103266045451,1,9
5,0.9978047797922045,1,9
6,0.9978047797922045,1,9
7,0.9978047797922045,1,9
8,0.9978404536377639,1,9
9,0.9978404536377639,1,9
10,0.9980055175255984,1,9
11,0.9981572995893657,1,9
12,0.9983290430391207,1,9
13,0.9983290430391207,1,9
14,0.9983290430391207,1,9
15,0.9983290430391207,1,9
16,0.9983290430391207,1,9
17,0.9986202704021707,1,9
18,0.9986202704021707,1,9
19,0.9986202704021707,1,9
20,0.9986202704021707,1,9
21,0.9986202704021707,1,9
22,0.9986202704021707,1,9
23,0.9986202704021707,1,9
24,0.9986202704021707,1,9
25,0.9986202704021707,1,9
26,0.9986202704021707,1,9
27,0.9986202704021707,1,9
28,0.9986202704021707,1,9
29,0.9986202704021707,1,9
30,0.9986202704021707,1,9
31,0.9986202704021707,1,9
32,0.9986202704021707,1,9
33,0.9986202704021707,1,9
34,0.9986202704021707,1,9
35,0.9986202704021707,1,9
36,0.9986202704021707,1,9
37,0.9986202704021707,1,9
38,0.9986202704021707,1,9
39,0.9986202704021707,1,9
40,0.9986202704021707,1,9
41,0.9986202704021707,1,9
42,0.9986202704021707,1,9
43,0.9986202704021707,1,9
44,0.9986202704021707,1,9
45,0.9986202704021707,1,9
46,0.9986202704021707,1,9
47,0.9986202704021707,1,9
48,0.9986202704021707,1,9
49,0.9986202704021707,1,9
50,0.9986202704021707,1,9
51,0.9986202704021707,1,9
52,0.9986202704021707,1,9
53,0.9986202704021707,1,9
54,0.9986202704021707,1,9
55,0.9986202704021707,1,9
56,0.9986202704021707,1,9
57,0.9986202704021707,1,9
58,0.9986202704021707,1,9
59,0.9986202704021707,1,9
60,0.9986202704021707,1,9
61,0.9986202704021707,1,9
62,0.9986202704021707,1,9
63,0.9986202704021707,1,9
64,0.9986202704021707,1,9
65,0.9986202704021707,1,9
66,0.9986202704021707,1,9
67,0.9986202704021707,1,9
68,0.9986202704021707,1,9
69,0.9986202704021707,1,9
70,0.9986202704021707,1,9
71,0.9986202704021707,1,9
72,0.9986202704021707,1,9
73,0.9986202704021707,1,9
74,0.9986202704021707,1,9
75,0.9986202704021707,1,9
76,0.9986202704021707,1,9
77,0.9986202704021707,1,9
78,0.9986202704021707,1,9
79,0.9986202704021707,1,9
80,0.9986202704021707,1,9
81,0.9986202704021707,1,9
82,0.9986202704021707,1,9
83,0.9986202704021707,1,9
84,0.9986202704021707,1,9
85,0.9986202704021707,1,9
86,0.9986202704021707,1,9
87,0.9986202704021707,1,9
88,0.9986202704021707,1,9
89,0.9986202704021707,1,9
90,0.9986202704021707,1,9
91,0.9986202704021707,1,9
92,0.9986202704021707,1,9
93,0.9986202704021707,1,9
94,0.9986202704021707,1,9
95,0.9986202704021707,1,9
96,0.9986202704021707,1,9
97,0.9986202704021707,1,9
98,0.9986202704021707,1,9
99,0.9986202704021707,1,9
100,0.9986202704021707,1,9
101,0.9986202704021707,1,9
102,0.9986202704021707,1,9
103,0.9986202704021707,1,9
104,0.9986202704021707,1,9
105,0.9986202704021707,1,9
106,0.9986202704021707,1,9
107,0.9986202704021707,1,9
108,0.9986202704021707,1,9
109,0.9986202704021707,1,9
110,0.9986202704021707,1,9
111,0.9986202704021707,1,9
112,0.9986202704021707,1,9
113,0.9986202704021707,1,9
114,0.9986202704021707,1,9
115,0.9986202704021707,1,9
116,0.9986202704021707,1,9
117,0.9986202704021707,1,9
118,0.9986202704021707,1,9
119,0.9986202704021707,1,9
120,0.9986202704021707,1,9
121,0.9986202704021707,1,9
122,0.9986202704021707,1,9
123,0.9986202704021707,1,9
124,0.9986202704021707,1,9
125,0.9986202704021707,1,9
126,0.9986202704021707,1,9
127,0.9986202704021707,1,9
128,0.9986202704021707,1,9
129,0.9986202704021707,1,9
130,0.9986202704021707,1,9
131,0.9986202704021707,1,9
132,0.9986202704021707,1,9
133,0.9986202704021707,1,9
134,0.9986202704021707,1,9
135,0.9986202704021707,1,9
136,0.9986202704021707,1,9
137,0.9986202704021707,1,9
138,0.9986202704021707,1,9
139,0.9986202704021707,1,9
140,0.9986202704021707,1,9
141,0.9986202704021707,1,9
142,0.9986202704021707,1,9
143,0.9986202704021707,1,9
144,0.9986202704021707,1,9
145,0.9986202704021707,1,9
146,0.9986202704021707,1,9
147,0.9986202704021707,1,9
148,0.9986202704021707,1,9
149,0.9986202704021707,1,9
150,0.9986202704021707,1,9
151,0.9986202704021707,1,9
152,0.9986202704021707,1,9
153,0.9986202704021707,1,9
154,0.9986202704021707,1,9
155,0.9986202704021707,1,9
156,0.9986202704021707,1,9
157,0.9986202704021707,1,9
158,0.9986202704021707,1,9
159,0.9986202704021707,1,9
160,0.9986202704021707,1,9
161,0.9986202704021707,1,9
162,0.9986202704021707,1,9
163,0.9986202704021707,1,9
164,0.9986202704021707,1,9
165,0.9986202704021707,1,9
166,0.9986202704021707,1,9
167,0.9986202704021707,1,9
168,0.9986202704021707,1,9
169,0.9986202704021707,1,9
170,0.9986202704021707,1,9
171,0.9986202704021707,1,9
172,0.9986202704021707,1,9
173,0.9986202704021707,1,9
174,0.9986202704021707,1,9
175,0.9986202704021707,1,9
176,0.9986202704021707,1,9
177,0.9986202704021707,1,9
178,0.9986202704021707,1,9
179,0.9986202704021707,1,9
180,0.9986202704021707,1,9
181,0.9986202704021707,1,9
182,0.9986202704021707,1,9
183,0.9986202704021707,1,9
184,0.9986202704021707,1,9
185,0.9986202704021707,1,9
186,0.9986202704021707,1,9
187,0.9986202704021707,1,9
188,0.9986202704021707,1,9
189,0.9986202704021707,1,9
190,0.9986202704021707,1,9
191,0.9986202704021707,1,9
192,0.9986202704021707,1,9
193,0.9986202704021707,1,9
194,0.9986202704021707,1,9
195,0.9986202704021707,1,9
196,0.9986202704021707,1,9
197,0.9986202704021707,1,9
198,0.9986202704021707,1,9
199,0.9986202704021707,1,9
200,0.9986202704021707,1,9
1,0.0001385211944580078,1,10
2,0.0001385211944580078,1,10
3,0.0001385211944580078,1,10
4,0.0001385211944580078,1,10
5,0.00020116567611694336,1,10
6,0.00024074316024780273,1,10
7,0.0004794597625732422,1,10
8,0.0004794597625732422,1,10
9,0.0005672574043273926,1,10
10,0.0005672574043273926,1,10
11,0.0005672574043273926,1,10
12,0.0005672574043273926,1,10
13,0.0005672574043273926,1,10
14,0.0005672574043273926,1,10
15,0.0005672574043273926,1,10
16,0.000672459602355957,1,10
17,0.000672459602355957,1,10
18,0.000672459602355957,1,10
19,0.0007079839706420898,1,10
20,0.0007079839706420898,1,10
21,0.0007079839706420898,1,10
22,0.0007079839706420898,1,10
23,0.0007079839706420898,1,10
24,0.0007079839706420898,1,10
25,0.0007079839706420898,1,10
26,0.0007079839706420898,1,10
27,0.0007079839706420898,1,10
28,0.0007079839706420898,1,10
29,0.0007079839706420898,1,10
30,0.0007079839706420898,1,10
31,0.0007079839706420898,1,10
32,0.0007079839706420898,1,10
33,0.0007079839706420898,1,10
34,0.0007079839706420898,1,10
35,0.0007079839706420898,1,10
36,0.0007079839706420898,1,10
37,0.0007079839706420898,1,10
38,0.0007079839706420898,1,10
39,0.0007079839706420898,1,10
40,0.0007079839706420898,1,10
41,0.0007079839706420898,1,10
42,0.0007079839706420898,1,10
43,0.0007079839706420898,1,10
44,0.0007079839706420898,1,10
45,0.0007079839706420898,1,10
46,0.0007079839706420898,1,10
47,0.0007079839706420898,1,10
48,0.0007079839706420898,1,10
49,0.0007079839706420898,1,10
50,0.0007079839706420898,1,10
51,0.0007079839706420898,1,10
52,0.0007079839706420898,1,10
53,0.0007079839706420898,1,10
54,0.0007079839706420898,1,10
55,0.0007079839706420898,1,10
56,0.0007079839706420898,1,10
57,0.0007079839706420898,1,10
58,0.0007079839706420898,1,10
59,0.0007079839706420898,1,10
60,0.0007079839706420898,1,10
61,0.0007079839706420898,1,10
62,0.0007079839706420898,1,10
63,0.0007079839706420898,1,10
64,0.0007079839706420898,1,10
65,0.0007079839706420898,1,10
66,0.0007079839706420898,1,10
67,0.0007079839706420898,1,10
68,0.0007079839706420898,1,10
69,0.0007079839706420898,1,10
70,0.0007079839706420898,1,10
71,0.0007079839706420898,1,10
72,0.0007079839706420898,1,10
73,0.0007079839706420898,1,10
74,0.0007079839706420898,1,10
75,0.0007079839706420898,1,10
76,0.0007079839706420898,1,10
77,0.0007079839706420898,1,10
78,0.0007079839706420898,1,10
79,0.0007079839706420898,1,10
80,0.0007079839706420898,1,10
81,0.0007079839706420898,1,10
82,0.0007079839706420898,1,10
83,0.0007079839706420898,1,10
84,0.0007079839706420898,1,10
85,0.0007079839706420898,1,10
86,0.0007079839706420898,1,10
87,0.0007079839706420898,1,10
88,0.0007079839706420898,1,10
89,0.0007079839706420898,1,10
90,0.0007079839706420898,1,10
91,0.0007079839706420898,1,10
92,0.0007079839706420898,1,10
93,0.0007079839706420898,1,10
94,0.0007079839706420898,1,10
95,0.0007079839706420898,1,10
96,0.0007079839706420898,1,10
97,0.0007079839706420898,1,10
98,0.0007079839706420898,1,10
99,0.0007079839706420898,1,10
100,0.0007079839706420898,1,10
101,0.0007079839706420898,1,10
102,0.0007079839706420898,1,10
103,0.0007079839706420898,1,10
104,0.0007079839706420898,1,10
105,0.0007079839706420898,1,10
106,0.0007079839706420898,1,10
107,0.0007079839706420898,1,10
108,0.0007079839706420898,1,10
109,0.0007079839706420898,1,10
110,0.0007079839706420898,1,10
111,0.0007079839706420898,1,10
112,0.0007079839706420898,1,10
113,0.0007079839706420898,1,10
114,0.0007079839706420898,1,10
115,0.0007079839706420898,1,10
116,0.0007079839706420898,1,10
117,0.0007079839706420898,1,10
118,0.0007079839706420898,1,10
119,0.0007079839706420898,1,10
120,0.0007079839706420898,1,10
121,0.0007079839706420898,1,10
122,0.0007079839706420898,1,10
123,0.0007079839706420898,1,10
124,0.0007079839706420898,1,10
125,0.0007079839706420898,1,10
126,0.0007079839706420898,1,10
127,0.0007079839706420898,1,10
128,0.0007079839706420898,1,10
129,0.0007079839706420898,1,10
130,0.0007079839706420898,1,10
131,0.0007079839706420898,1,10
132,0.0007079839706420898,1,10
133,0.0007079839706420898,1,10
134,0.0007079839706420898,1,10
135,0.0007079839706420898,1,10
136,0.0007079839706420898,1,10
137,0.0007079839706420898,1,10
138,0.0007079839706420898,1,10
139,0.0007079839706420898,1,10
140,0.0007079839706420898,1,10
141,0.0007079839706420898,1,10
142,0.0007079839706420898,1,10
143,0.0007079839706420898,1,10
144,0.0007079839706420898,1,10
145,0.0007079839706420898,1,10
146,0.0007079839706420898,1,10
147,0.0007079839706420898,1,10
148,0.0007079839706420898,1,10
149,0.0007079839706420898,1,10
150,0.0007079839706420898,1,10
151,0.0007079839706420898,1,10
152,0.0007079839706420898,1,10
153,0.0007079839706420898,1,10
154,0.0007079839706420898,1,10
155,0.0007079839706420898,1,10
156,0.0007079839706420898,1,10
157,0.0007079839706420898,1,10
158,0.0007079839706420898,1,10
159,0.0007079839706420898,1,10
160,0.0007079839706420898,1,10
161,0.0007079839706420898,1,10
162,0.0007079839706420898,1,10
163,0.0007079839706420898,1,10
164,0.0007079839706420898,1,10
165,0.0007079839706420898,1,10
166,0.0007079839706420898,1,10
167,0.0007079839706420898,1,10
168,0.0007079839706420898,1,10
169,0.0007079839706420898,1,10
170,0.0007079839706420898,1,10
171,0.0007079839706420898,1,10
172,0.0007079839706420898,1,10
173,0.0007079839706420898,1,10
174,0.0007079839706420898,1,10
175,0.0007079839706420898,1,10
176,0.0007079839706420898,1,10
177,0.0007079839706420898,1,10
178,0.0007079839706420898,1,10
179,0.0007079839706420898,1,10
180,0.0007079839706420898,1,10
181,0.0007079839706420898,1,10
182,0.0007079839706420898,1,10
183,0.0007079839706420898,1,10
184,0.0007079839706420898,1,10
185,0.0007079839706420898,1,10
186,0.0007079839706420898,1,10
187,0.0007079839706420898,1,10
188,0.0007079839706420898,1,10
189,0.0007079839706420898,1,10
190,0.0007079839706420898,1,10
191,0.0007079839706420898,1,10
192,0.0007079839706420898,1,10
193,0.0007079839706420898,1,10
194,0.0007079839706420898,1,10
195,0.0007079839706420898,1,10
196,0.0007079839706420898,1,10
197,0.0007079839706420898,1,10
198,0.0007079839706420898,1,10
199,0.0007079839706420898,1,10
200,0.0007079839706420898,1,10
1,0.0011544227600097656,1,11
2,0.0011544227600097656,1,11
3,0.0013428926467895508,1,11
4,0.0014176368713378906,1,11
5,0.0014176368713378906,1,11
6,0.002146422863006592,1,11
7,0.002146422863006592,1,11
8,0.003414630889892578,1,11
9,0.003414630889892578,1,11
10,0.004320800304412842,1,11
11,0.004320800304412842,1,11
12,0.004320800304412842,1,11
13,0.004320800304412842,1,11
14,0.004320800304412842,1,11
15,0.004588186740875244,1,11
16,0.004588186740875244,1,11
17,0.004588186740875244,1,11
18,0.004654109477996826,1,11
19,0.004654109477996826,1,11
20,0.004654109477996826,1,11
21,0.004654109477996826,1,11
22,0.004654109477996826,1,11
23,0.004654109477996826,1,11
24,0.004654109477996826,1,11
25,0.004654109477996826,1,11
26,0.004654109477996826,1,11
27,0.004654109477996826,1,11
28,0.004654109477996826,1,11
29,0.004654109477996826,1,11
30,0.004654109477996826,1,11
31,0.004785060882568359,1,11
32,0.004785060882568359,1,11
33,0.004785060882568359,1,11
34,0.004785060882568359,1,11
35,0.004785060882568359,1,11
36,0.004785060882568359,1,11
37,0.004785060882568359,1,11
38,0.004785060882568359,1,11
39,0.004785060882568359,1,11
40,0.004785060882568359,1,11
41,0.004785060882568359,1,11
42,0.004785060882568359,1,11
43,0.004785060882568359,1,11
44,0.004785060882568359,1,11
45,0.004785060882568359,1,11
46,0.004785060882568359,1,11
47,0.004785060882568359,1,11
48,0.004785060882568359,1,11
49,0.004785060882568359,1,11
50,0.004785060882568359,1,11
51,0.004785060882568359,1,11
52,0.004785060882568359,1,11
53,0.004785060882568359,1,11
54,0.004785060882568359,1,11
55,0.004785060882568359,1,11
56,0.004785060882568359,1,11
57,0.004785060882568359,1,11
58,0.004785060882568359,1,11
59,0.004785060882568359,1,11
60,0.004785060882568359,1,11
61,0.004785060882568359,1,11
62,0.004785060882568359,1,11
63,0.004785060882568359,1,11
64,0.004785060882568359,1,11
65,0.004785060882568359,1,11
66,0.004785060882568359,1,11
67,0.004785060882568359,1,11
68,0.004785060882568359,1,11
69,0.004785060882568359,1,11
70,0.02393364906311035,2,11
71,0.02393364906311035,2,11
72,0.02393364906311035,2,11
73,0.02393364906311035,2,11
74,0.02393364906311035,2,11
75,0.02393364906311035,2,11
76,0.02393364906311035,2,11
77,0.02393364906311035,2,11
78,0.042620062828063965,3,11
79,0.042620062828063965,3,11
80,0.045327186584472656,3,11
81,0.045327186584472656,3,11
82,0.045327186584472656,3,11
83,0.045327186584472656,3,11
84,0.04777044057846069,3,11
85,0.077190101146698,4,11
86,0.077190101146698,4,11
87,0.07387006282806396,3,11
88,0.10638082027435303,4,11
89,0.10638082027435303,4,11
90,0.10638082027435303,4,11
91,0.13756853342056274,4,11
92,0.13756853342056274,4,11
93,0.13756853342056274,4,11
94,0.13756853342056274,4,11
95,0.13872820138931274,4,11
96,0.15630006790161133,5,11
97,0.2293848991394043,6,11
98,0.2293848991394043,6,11
99,0.2293848991394043,6,11
100,0.26619595289230347,5,11
101,0.5212107598781586,7,11
102,0.5212107598781586,7,11
103,0.5212107598781586,7,11
104,0.5212107598781586,7,11
105,0.5212107598781586,7,11
106,0.5212107598781586,7,11
107,0.6948348581790924,9,11
108,0.6948348581790924,9,11
109,0.6948348581790924,9,11
110,0.6948348581790924,9,11
111,0.7180387377738953,8,11
112,0.786516398191452,10,11
113,0.7836056500673294,8,11
114,0.9804043937474489,10,11
115,0.9804043937474489,10,11
116,0.9804043937474489,10,11
117,0.9804043937474489,10,11
118,0.9804043937474489,10,11
119,0.9804043937474489,10,11
120,0.9804043937474489,10,11
121,0.9804043937474489,10,11
122,0.9804043937474489,10,11
123,0.9804043937474489,10,11
124,0.9804043937474489,10,11
125,0.9856272079050541,10,11
126,0.9856272079050541,10,11
127,0.9856272079050541,10,11
128,0.9856272079050541,10,11
129,0.9856272079050541,10,11
130,0.9856272079050541,10,11
131,0.9856272079050541,10,11
132,0.9856272079050541,10,11
133,0.9856272079050541,10,11
134,0.9856272079050541,10,11
135,0.9856272079050541,10,11
136,0.9856272079050541,10,11
137,0.9856272079050541,10,11
138,0.9856272079050541,10,11
139,0.9856272079050541,10,11
140,0.9732612539082766,9,11
141,0.9732612539082766,9,11
142,0.9732612539082766,9,11
143,0.9732612539082766,9,11
144,0.9732612539082766,9,11
145,0.9732612539082766,9,11
146,0.9732612539082766,9,11
147,0.9732612539082766,9,11
148,0.9732612539082766,9,11
149,0.9732612539082766,9,11
150,0.9732612539082766,9,11
151,0.9732612539082766,9,11
152,0.9732612539082766,9,11
153,0.9732612539082766,9,11
154,0.9732612539082766,9,11
155,0.9732612539082766,9,11
156,0.9732612539082766,9,11
157,0.9732612539082766,9,11
158,0.9732612539082766,9,11
159,0.9732612539082766,9,11
160,0.9732612539082766,9,11
161,0.9732612539082766,9,11
162,0.9732612539082766,9,11
163,0.9732612539082766,9,11
164,0.9732612539082766,9,11
165,0.9732612539082766,9,11
166,0.9732612539082766,9,11
167,0.9732612539082766,9,11
168,0.9732612539082766,9,11
169,0.9732612539082766,9,11
170,0.9732612539082766,9,11
171,0.9732612539082766,9,11
172,0.9732612539082766,9,11
173,0.9732612539082766,9,11
174,0.9732612539082766,9,11
175,0.9732612539082766,9,11
176,0.9771080315113068,9,11
177,0.9771080315113068,9,11
178,0.9771080315113068,9,11
179,0.9771080315113068,9,11
180,0.9771080315113068,9,11
181,0.9771080315113068,9,11
182,0.9771080315113068,9,11
183,0.9771080315113068,9,11
184,0.9771080315113068,9,11
185,0.9771080315113068,9,11
186,0.9771080315113068,9,11
187,0.9771080315113068,9,11
188,0.9771080315113068,9,11
189,0.9771080315113068,9,11
190,0.9771080315113068,9,11
191,0.9771080315113068,9,11
192,0.9771080315113068,9,11
193,0.9771080315113068,9,11
194,0.9771080315113068,9,11
195,0.9771080315113068,9,11
196,0.9771080315113068,9,11
197,0.9771080315113068,9,11
198,0.9771080315113068,9,11
199,0.9771080315113068,9,11
200,0.9771080315113068,9,11
1,0.0064771175384521484,1,12
2,0.0064771175384521484,1,12
3,0.0064771175384521484,1,12
4,0.03259909152984619,2,12
5,0.03259909152984619,2,12
6,0.03485465049743652,2,12
7,0.03485465049743652,2,12
8,0.03764212131500244,2,12
9,0.03764212131500244,2,12
10,0.06118297576904297,2,12
11,0.0833011269569397,3,12
12,0.12730789184570312,3,12
13,0.12730789184570312,3,12
14,0.15792053937911987,4,12
15,0.23489582538604736,4,12
16,0.23489582538604736,4,12
17,0.322887122631073,4,12
18,0.3446469306945801,5,12
19,0.3446469306945801,5,12
20,0.44557785987854004,6,12
21,0.49955475330352783,4,12
22,0.49955475330352783,4,12
23,0.607504278421402,7,12
24,0.607504278421402,7,12
25,0.607504278421402,7,12
26,0.607504278421402,7,12
27,0.8493015319108963,8,12
28,0.8493015319108963,8,12
29,0.8864516168832779,9,12
30,0.8864516168832779,9,12
31,0.872004970908165,7,12
32,0.9590082913637161,10,12
33,0.9590082913637161,10,12
34,0.9590082913637161,10,12
35,0.9590082913637161,10,12
36,0.9590082913637161,10,12
37,0.9649747014045715,10,12
38,0.9649747014045715,10,12
39,0.9649747014045715,10,12
40,0.9649747014045715,10,12
41,0.9649747014045715,10,12
42,0.9606705196201801,9,12
43,0.9606705196201801,9,12
44,0.9848907496780157,10,12
45,0.9848907496780157,10,12
46,0.9848907496780157,10,12
47,0.9960246649570763,10,12
48,0.9960246649570763,10,12
49,0.9960246649570763,10,12
50,0.9960246649570763,10,12
51,0.9960246649570763,10,12
52,0.9960246649570763,10,12
53,0.9960246649570763,10,12
54,0.9960246649570763,10,12
55,0.9960246649570763,10,12
56,0.9960246649570763,10,12
57,0.9960246649570763,10,12
58,0.9960246649570763,10,12
59,0.9960246649570763,10,12
60,0.9960246649570763,10,12
61,0.9960246649570763,10,12
62,0.9960246649570763,10,12
63,0.9960246649570763,10,12
64,0.9972535050474107,10,12
65,0.9972535050474107,10,12
66,0.9841702841222286,9,12
67,0.9841702841222286,9,12
68,0.9841702841222286,9,12
69,0.9841702841222286,9,12
70,0.9841702841222286,9,12
71,0.9841702841222286,9,12
72,0.9872075915336609,9,12
73,0.9872075915336609,9,12
74,0.9899239232763648,9,12
75,0.9899239232763648,9,12
76,0.9921582145616412,9,12
77,0.9921582145616412,9,12
78,0.9921582145616412,9,12
79,0.9921582145616412,9,12
80,0.9921582145616412,9,12
81,0.9921582145616412,9,12
82,0.9921582145616412,9,12
83,0.9921582145616412,9,12
84,0.9921582145616412,9,12
85,0.9921582145616412,9,12
86,0.9921582145616412,9,12
87,0.9921582145616412,9,12
88,0.9921582145616412,9,12
89,0.9921582145616412,9,12
90,0.9921582145616412,9,12
91,0.9921582145616412,9,12
92,0.9921582145616412,9,12
93,0.9921582145616412,9,12
94,0.9921582145616412,9,12
95,0.9921582145616412,9,12
96,0.9921582145616412,9,12
97,0.9931232486851513,9,12
98,0.9931232486851513,9,12
99,0.9931232486851513,9,12
100,0.9931232486851513,9,12
101,0.9931232486851513,9,12
102,0.9931232486851513,9,12
103,0.9931232486851513,9,12
104,0.9931232486851513,9,12
105,0.9931232486851513,9,12
106,0.9777633622288704,8,12
107,0.9792544692754745,8,12
108,0.9792544692754745,8,12
109,0.9792544692754745,8,12
110,0.9792544692754745,8,12
111,0.9792544692754745,8,12
112,0.9792544692754745,8,12
113,0.9792544692754745,8,12
114,0.9805545825511217,8,12
115,0.9805545825511217,8,12
116,0.9805545825511217,8,12
117,0.9805545825511217,8,12
118,0.9805545825511217,8,12
119,0.9805545825511217,8,12
120,0.9805545825511217,8,12
121,0.9805545825511217,8,12
122,0.9805545825511217,8,12
123,0.9805545825511217,8,12
124,0.9805545825511217,8,12
125,0.9805545825511217,8,12
126,0.9805545825511217,8,12
127,0.9805545825511217,8,12
128,0.9805545825511217,8,12
129,0.9805545825511217,8,12
130,0.9805545825511217,8,12
131,0.9805545825511217,8,12
132,0.9805545825511217,8,12
133,0.9805545825511217,8,12
134,0.9805545825511217,8,12
135,0.9805545825511217,8,12
136,0.9805545825511217,8,12
137,0.9805545825511217,8,12
138,0.9805545825511217,8,12
139,0.9812878724187613,8,12
140,0.9812878724187613,8,12
141,0.9880793737247586,8,12
142,0.9880793737247586,8,12
143,0.9880793737247586,8,12
144,0.9880793737247586,8,12
145,0.9880793737247586,8,12
146,0.9880793737247586,8,12
147,0.9880793737247586,8,12
148,0.9899565950036049,8,12
149,0.9899565950036049,8,12
150,0.9899565950036049,8,12
151,0.9899565950036049,8,12
152,0.9899565950036049,8,12
153,0.9899565950036049,8,12
154,0.9899565950036049,8,12
155,0.9899565950036049,8,12
156,0.9899565950036049,8,12
157,0.9899565950036049,8,12
158,0.9899565950036049,8,12
159,0.9899565950036049,8,12
160,0.9899565950036049,8,12
161,0.9899565950036049,8,12
162,0.9899565950036049,8,12
163,0.9899565950036049,8,12
164,0.9899565950036049,8,12
165,0.9899565950036049,8,12
166,0.9899565950036049,8,12
167,0.9899565950036049,8,12
168,0.9899565950036049,8,12
169,0.9899565950036049,8,12
170,0.9899565950036049,8,12
171,0.9899565950036049,8,12
172,0.9899565950036049,8,12
173,0.9899565950036049,8,12
174,0.9899565950036049,8,12
175,0.9899565950036049,8,12
176,0.9899565950036049,8,12
177,0.9899565950036049,8,12
178,0.9899565950036049,8,12
179,0.9756857212632895,7,12
180,0.9756857212632895,7,12
181,0.9756857212632895,7,12
182,0.9756857212632895,7,12
183,0.9756857212632895,7,12
184,0.9756857212632895,7,12
185,0.9756857212632895,7,12
186,0.9756857212632895,7,12
187,0.9756857212632895,7,12
188,0.9756857212632895,7,12
189,0.9756857212632895,7,12
190,0.9756857212632895,7,12
191,0.9756857212632895,7,12
192,0.9756857212632895,7,12
193,0.9756857212632895,7,12
194,0.9756857212632895,7,12
195,0.9756857212632895,7,12
196,0.9756857212632895,7,12
197,0.9756857212632895,7,12
198,0.9756857212632895,7,12
199,0.9756857212632895,7,12
200,0.9756857212632895,7,12
1,0.9069225192070007,3,13
2,0.9069225192070007,3,13
3,0.9069225192070007,3,13
4,0.9069225192070007,3,13
5,0.9069225192070007,3,13
6,0.9069225192070007,3,13
7,0.9069225192070007,3,13
8,0.9069225192070007,3,13
9,0.9069225192070007,3,13
10,0.9069225192070007,3,13
11,0.9069225192070007,3,13
12,0.9069225192070007,3,13
13,0.9069225192070007,3,13
14,0.9069225192070007,3,13
15,0.9069225192070007,3,13
16,0.9069225192070007,3,13
17,0.9069225192070007,3,13
18,0.9069225192070007,3,13
19,0.9069225192070007,3,13
20,0.9069225192070007,3,13
21,0.9069225192070007,3,13
22,0.9069225192070007,3,13
23,0.9069225192070007,3,13
24,0.9953809878788888,8,13
25,0.9953809878788888,8,13
26,0.9953809878788888,8,13
27,0.9953809878788888,8,13
28,0.9953809878788888,8,13
29,0.9953809878788888,8,13
30,0.9953809878788888,8,13
31,0.9953809878788888,8,13
32,0.9953809878788888,8,13
33,0.9850648771971464,7,13
34,0.9850648771971464,7,13
35,0.9850648771971464,7,13
36,0.9850648771971464,7,13
37,0.9876265814527869,6,13
38,0.9876265814527869,6,13
39,0.9876265814527869,6,13
40,0.9876265814527869,6,13
41,0.9876265814527869,6,13
42,0.9876265814527869,6,13
43,0.9876265814527869,6,13
44,0.9876265814527869,6,13
45,0.9876265814527869,6,13
46,0.9876265814527869,6,13
47,0.9876265814527869,6,13
48,0.9876265814527869,6,13
49,0.9876265814527869,6,13
50,0.9876265814527869,6,13
51,0.9876265814527869,6,13
52,0.9876265814527869,6,13
53,0.9876265814527869,6,13
54,0.9876265814527869,6,13
55,0.9876265814527869,6,13
56,0.9876265814527869,6,13
57,0.9876265814527869,6,13
58,0.9876265814527869,6,13
59,0.9876265814527869,6,13
60,0.9876265814527869,6,13
61,0.9876265814527869,6,13
62,0.9876265814527869,6,13
63,0.9876265814527869,6,13
64,0.9876265814527869,6,13
65,0.9876265814527869,6,13
66,0.988839527592063,6,13
67,0.988839527592063,6,13
68,0.988839527592063,6,13
69,0.988839527592063,6,13
70,0.988839527592063,6,13
71,0.988839527592063,6,13
72,0.988839527592063,6,13
73,0.988839527592063,6,13
74,0.988839527592063,6,13
75,0.988839527592063,6,13
76,0.988839527592063,6,13
77,0.988839527592063,6,13
78,0.9906817367300391,6,13
79,0.9906817367300391,6,13
80,0.9906817367300391,6,13
81,0.9906817367300391,6,13
82,0.9926653294824064,6,13
83,0.9981238093459979,6,13
84,0.9981238093459979,6,13
85,0.9981238093459979,6,13
86,0.9981238093459979,6,13
87,0.9981238093459979,6,13
88,0.9981238093459979,6,13
89,0.9981238093459979,6,13
90,0.9991961171035655,6,13
91,0.9991961171035655,6,13
92,0.9867353495210409,5,13
93,0.9909295970574021,5,13
94,0.9909295970574021,5,13
95,0.9909295970574021,5,13
96,0.9909295970574021,5,13
97,0.9909295970574021,5,13
98,0.9909295970574021,5,13
99,0.9909295970574021,5,13
100,0.9909295970574021,5,13
101,0.993457957636565,5,13
102,0.9953834149055183,5,13
103,0.9953834149055183,5,13
104,0.9953834149055183,5,13
105,0.997701931046322,5,13
106,0.9983747011283413,5,13
107,0.9983747011283413,5,13
108,0.9983747011283413,5,13
109,0.9983747011283413,5,13
110,0.9983747011283413,5,13
111,0.9983747011283413,5,13
112,0.9899537544697523,4,13
113,0.9899537544697523,4,13
114,0.9899537544697523,4,13
115,0.9899537544697523,4,13
116,0.9899537544697523,4,13
117,0.9899537544697523,4,13
118,0.9899537544697523,4,13
119,0.9899537544697523,4,13
120,0.9899537544697523,4,13
121,0.9899537544697523,4,13
122,0.9899537544697523,4,13
123,0.9967135274782777,4,13
124,0.9967135274782777,4,13
125,0.9967135274782777,4,13
126,0.9967135274782777,4,13
127,0.9967135274782777,4,13
128,0.9967135274782777,4,13
129,0.9967135274782777,4,13
130,0.9967135274782777,4,13
131,0.9967135274782777,4,13
132,0.9967135274782777,4,13
133,0.9967135274782777,4,13
134,0.9967135274782777,4,13
135,0.9967135274782777,4,13
136,0.9967135274782777,4,13
137,0.998433067696169,4,13
138,0.998433067696169,4,13
139,0.998433067696169,4,13
140,0.998433067696169,4,13
141,0.998433067696169,4,13
142,0.998433067696169,4,13
143,0.998433067696169,4,13
144,0.998433067696169,4,13
145,0.998433067696169,4,13
146,0.998433067696169,4,13
147,0.998433067696169,4,13
148,0.998433067696169,4,13
149,0.998433067696169,4,13
150,0.998433067696169,4,13
151,0.998433067696169,4,13
152,0.998433067696169,4,13
153,0.9827043116092682,3,13
154,0.9827043116092682,3,13
155,0.9827043116092682,3,13
156,0.984521696344018,3,13
157,0.984521696344018,3,13
158,0.984521696344018,3,13
159,0.984521696344018,3,13
160,0.984521696344018,3,13
161,0.984521696344018,3,13
162,0.984521696344018,3,13
163,0.9865360260009766,3,13
164,0.9865360260009766,3,13
165,0.9865360260009766,3,13
166,0.9865360260009766,3,13
167,0.9865360260009766,3,13
168,0.9865360260009766,3,13
169,0.9865360260009766,3,13
170,0.9865360260009766,3,13
171,0.9913456607609987,3,13
172,0.9913456607609987,3,13
173,0.9913456607609987,3,13
174,0.9913456607609987,3,13
175,0.9913456607609987,3,13
176,0.9913456607609987,3,13
177,0.9913456607609987,3,13
178,0.9913456607609987,3,13
179,0.9913456607609987,3,13
180,0.9913456607609987,3,13
181,0.9913456607609987,3,13
182,0.9913456607609987,3,13
183,0.9913456607609987,3,13
184,0.9941936014220119,3,13
185,0.9941936014220119,3,13
186,0.9947910010814667,3,13
187,0.9947910010814667,3,13
188,0.9947910010814667,3,13
189,0.9947910010814667,3,13
190,0.9947910010814667,3,13
191,0.9947910010814667,3,13
192,0.9955874956212938,3,13
193,0.9955874956212938,3,13
194,0.9955874956212938,3,13
195,0.9955874956212938,3,13
196,0.9955874956212938,3,13
197,0.9955874956212938,3,13
198,0.9955874956212938,3,13
199,0.9955874956212938,3,13
200,0.9955874956212938,3,13
1,0.9454118832945824,1,14
2,0.9454118832945824,1,14
3,0.951965544372797,1,14
4,0.951965544372797,1,14
5,0.9536873921751976,1,14
6,0.9628741107881069,1,14
7,0.9641818441450596,1,14
8,0.9697286803275347,1,14
9,0.9707765690982342,1,14
10,0.9730914644896984,1,14
11,0.9730914644896984,1,14
12,0.9730914644896984,1,14
13,0.9929738850332797,2,14
14,0.9778251517564058,1,14
15,0.9799278173595667,1,14
16,0.9799278173595667,1,14
17,0.9799278173595667,1,14
18,0.9799278173595667,1,14
19,0.9823896884918213,1,14
20,0.9823896884918213,1,14
21,0.9823896884918213,1,14
22,0.9860367700457573,1,14
23,0.9860367700457573,1,14
24,0.9860367700457573,1,14
25,0.9860367700457573,1,14
26,0.9860367700457573,1,14
27,0.9861940378323197,1,14
28,0.9861940378323197,1,14
29,0.9861940378323197,1,14
30,0.9861940378323197,1,14
31,0.9861940378323197,1,14
32,0.9861940378323197,1,14
33,0.9861940378323197,1,14
34,0.9861940378323197,1,14
35,0.9861940378323197,1,14
36,0.9861940378323197,1,14
37,0.9861940378323197,1,14
38,0.9861940378323197,1,14
39,0.9861940378323197,1,14
40,0.9861940378323197,1,14
41,0.9861940378323197,1,14
42,0.9861940378323197,1,14
43,0.9861940378323197,1,14
44,0.9861940378323197,1,14
45,0.9861940378323197,1,14
46,0.9861940378323197,1,14
47,0.9861940378323197,1,14
48,0.9861940378323197,1,14
49,0.9861940378323197,1,14
50,0.9861940378323197,1,14
51,0.9861940378323197,1,14
52,0.9861940378323197,1,14
53,0.9861940378323197,1,14
54,0.9861940378323197,1,14
55,0.9861940378323197,1,14
56,0.9861940378323197,1,14
57,0.9861940378323197,1,14
58,0.9861940378323197,1,14
59,0.9861940378323197,1,14
60,0.9861940378323197,1,14
61,0.9861940378323197,1,14
62,0.9861940378323197,1,14
63,0.9861940378323197,1,14
64,0.9861940378323197,1,14
65,0.9861940378323197,1,14
66,0.9861940378323197,1,14
67,0.9861940378323197,1,14
68,0.9861940378323197,1,14
69,0.9861940378323197,1,14
70,0.9861940378323197,1,14
71,0.9861940378323197,1,14
72,0.9861940378323197,1,14
73,0.9861940378323197,1,14
74,0.9861940378323197,1,14
75,0.9861940378323197,1,14
76,0.9861940378323197,1,14
77,0.9861940378323197,1,14
78,0.9861940378323197,1,14
79,0.9861940378323197,1,14
80,0.9861940378323197,1,14
81,0.9861940378323197,1,14
82,0.9861940378323197,1,14
83,0.9861940378323197,1,14
84,0.9861940378323197,1,14
85,0.9861940378323197,1,14
86,0.9861940378323197,1,14
87,0.9861940378323197,1,14
88,0.9861940378323197,1,14
89,0.9861940378323197,1,14
90,0.9861940378323197,1,14
91,0.9861940378323197,1,14
92,0.9861940378323197,1,14
93,0.9861940378323197,1,14
94,0.9861940378323197,1,14
95,0.9861940378323197,1,14
96,0.9861940378323197,1,14
97,0.9861940378323197,1,14
98,0.9861940378323197,1,14
99,0.9861940378323197,1,14
100,0.9861940378323197,1,14
101,0.9861940378323197,1,14
102,0.9861940378323197,1,14
103,0.9861940378323197,1,14
104,0.9861940378323197,1,14
105,0.9861940378323197,1,14
106,0.9861940378323197,1,14
107,0.9861940378323197,1,14
108,0.9861940378323197,1,14
109,0.9861940378323197,1,14
110,0.9861940378323197,1,14
111,0.9861940378323197,1,14
112,0.9861940378323197,1,14
113,0.9861940378323197,1,14
114,0.9861940378323197,1,14
115,0.9861940378323197,1,14
116,0.9861940378323197,1,14
117,0.9861940378323197,1,14
118,0.9861940378323197,1,14
119,0.9861940378323197,1,14
120,0.9861940378323197,1,14
121,0.9861940378323197,1,14
122,0.9861940378323197,1,14
123,0.9861940378323197,1,14
124,0.9861940378323197,1,14
125,0.9861940378323197,1,14
126,0.9861940378323197,1,14
127,0.9861940378323197,1,14
128,0.9861940378323197,1,14
129,0.9861940378323197,1,14
130,0.9861940378323197,1,14
131,0.9861940378323197,1,14
132,0.9861940378323197,1,14
133,0.9861940378323197,1,14
134,0.9861940378323197,1,14
135,0.9861940378323197,1,14
136,0.9861940378323197,1,14
137,0.9861940378323197,1,14
138,0.9861940378323197,1,14
139,0.9861940378323197,1,14
140,0.9861940378323197,1,14
141,0.9861940378323197,1,14
142,0.9861940378323197,1,14
143,0.9861940378323197,1,14
144,0.9861940378323197,1,14
145,0.9861940378323197,1,14
146,0.9861940378323197,1,14
147,0.9861940378323197,1,14
148,0.9861940378323197,1,14
149,0.9861940378323197,1,14
150,0.9861940378323197,1,14
151,0.9861940378323197,1,14
152,0.9861940378323197,1,14
153,0.9861940378323197,1,14
154,0.9861940378323197,1,14
155,0.9861940378323197,1,14
156,0.9861940378323197,1,14
157,0.9861940378323197,1,14
158,0.9861940378323197,1,14
159,0.9861940378323197,1,14
160,0.9861940378323197,1,14
161,0.9861940378323197,1,14
162,0.9861940378323197,1,14
163,0.9861940378323197,1,14
164,0.9861940378323197,1,14
165,0.9861940378323197,1,14
166,0.9861940378323197,1,14
167,0.9861940378323197,1,14
168,0.9861940378323197,1,14
169,0.9861940378323197,1,14
170,0.9861940378323197,1,14
171,0.9861940378323197,1,14
172,0.9861940378323197,1,14
173,0.9861940378323197,1,14
174,0.9861940378323197,1,14
175,0.9861940378323197,1,14
176,0.9861940378323197,1,14
177,0.9861940378323197,1,14
178,0.9861940378323197,1,14
179,0.9861940378323197,1,14
180,0.9861940378323197,1,14
181,0.9861940378323197,1,14
182,0.9861940378323197,1,14
183,0.9861940378323197,1,14
184,0.9861940378323197,1,14
185,0.9861940378323197,1,14
186,0.9861940378323197,1,14
187,0.9861940378323197,1,14
188,0.9861940378323197,1,14
189,0.9861940378323197,1,14
190,0.9861940378323197,1,14
191,0.9861940378323197,1,14
192,0.9861940378323197,1,14
193,0.9861940378323197,1,14
194,0.9861940378323197,1,14
195,0.9861940378323197,1,14
196,0.9861940378323197,1,14
197,0.9861940378323197,1,14
198,0.9861940378323197,1,14
199,0.9861940378323197,1,14
200,0.9861940378323197,1,14
1,0.6101434230804443,12,15
2,0.7128371894359589,10,15
3,0.7552425265312195,8,15
4,0.8526252955198288,12,15
5,0.9462373480200768,13,15
6,0.8860370293259621,7,15
7,0.9258573800325394,8,15
8,0.9258573800325394,8,15
9,0.9258573800325394,8,15
10,0.9799758791923523,11,15
11,0.9988649390870705,12,15
12,0.9988649390870705,12,15
13,0.9903142806142569,10,15
14,0.9903142806142569,10,15
15,0.9903142806142569,10,15
16,0.9903142806142569,10,15
17,0.9903142806142569,10,15
18,0.9903142806142569,10,15
19,0.996119272429496,9,15
20,0.996119272429496,9,15
21,0.996119272429496,9,15
22,0.996119272429496,9,15
23,0.996119272429496,9,15
24,0.996119272429496,9,15
25,0.996119272429496,9,15
26,0.996119272429496,9,15
27,0.996119272429496,9,15
28,0.996119272429496,9,15
29,0.996119272429496,9,15
30,0.996119272429496,9,15
31,0.996119272429496,9,15
32,0.996119272429496,9,15
33,0.996119272429496,9,15
34,0.996119272429496,9,15
35,0.996119272429496,9,15
36,0.9693149887025356,7,15
37,0.9693149887025356,7,15
38,0.9693149887025356,7,15
39,0.9693149887025356,7,15
40,0.9693149887025356,7,15
41,0.9693149887025356,7,15
42,0.9693149887025356,7,15
43,0.9693149887025356,7,15
44,0.9874706389382482,8,15
45,0.9874706389382482,8,15
46,0.9751362707465887,7,15
47,0.9751362707465887,7,15
48,0.9751362707465887,7,15
49,0.9936041529290378,8,15
50,0.9936041529290378,8,15
51,0.9774757642298937,7,15
52,0.9774757642298937,7,15
53,0.9774757642298937,7,15
54,0.9774757642298937,7,15
55,0.9774757642298937,7,15
56,0.9774757642298937,7,15
57,0.9774757642298937,7,15
58,0.9826680812984705,7,15
59,0.9826680812984705,7,15
60,0.9826680812984705,7,15
61,0.9826680812984705,7,15
62,0.9855739483609796,7,15
63,0.994664897210896,7,15
64,0.994664897210896,7,15
65,0.994664897210896,7,15
66,0.994664897210896,7,15
67,0.994664897210896,7,15
68,0.994664897210896,7,15
69,0.994664897210896,7,15
70,0.994664897210896,7,15
71,0.994664897210896,7,15
72,0.9811977632343769,6,15
73,0.9811977632343769,6,15
74,0.9811977632343769,6,15
75,0.9811977632343769,6,15
76,0.9811977632343769,6,15
77,0.9811977632343769,6,15
78,0.9811977632343769,6,15
79,0.9811977632343769,6,15
80,0.998800984933041,7,15
81,0.998800984933041,7,15
82,0.998800984933041,7,15
83,0.998800984933041,7,15
84,0.9904875559732318,6,15
85,0.9904875559732318,6,15
86,0.9922349234111607,6,15
87,0.9922349234111607,6,15
88,0.9922349234111607,6,15
89,0.9937192224897444,6,15
90,0.9937192224897444,6,15
91,0.9937192224897444,6,15
92,0.9937192224897444,6,15
93,0.9937192224897444,6,15
94,0.9937192224897444,6,15
95,0.9937192224897444,6,15
96,0.9939433061517775,6,15
97,0.995562054682523,6,15
98,0.995562054682523,6,15
99,0.995562054682523,6,15
100,0.995562054682523,6,15
101,0.995562054682523,6,15
102,0.995562054682523,6,15
103,0.995562054682523,6,15
104,0.995562054682523,6,15
105,0.995562054682523,6,15
106,0.995562054682523,6,15
107,0.9636640176177025,4,15
108,0.992119150236249,5,15
109,0.992119150236249,5,15
110,0.992119150236249,5,15
111,0.992119150236249,5,15
112,0.992119150236249,5,15
113,0.992119150236249,5,15
114,0.992119150236249,5,15
115,0.992119150236249,5,15
116,0.992119150236249,5,15
117,0.992119150236249,5,15
118,0.992119150236249,5,15
119,0.992119150236249,5,15
120,0.992119150236249,5,15
121,0.992119150236249,5,15
122,0.992119150236249,5,15
123,0.992119150236249,5,15
124,0.992119150236249,5,15
125,0.992119150236249,5,15
126,0.992119150236249,5,15
127,0.992119150236249,5,15
128,0.992119150236249,5,15
129,0.992119150236249,5,15
130,0.992119150236249,5,15
131,0.992119150236249,5,15
132,0.9929824965074658,5,15
133,0.9929824965074658,5,15
134,0.9929824965074658,5,15
135,0.9929824965074658,5,15
136,0.9929824965074658,5,15
137,0.9929824965074658,5,15
138,0.9929824965074658,5,15
139,0.9929824965074658,5,15
140,0.9929824965074658,5,15
141,0.9929824965074658,5,15
142,0.9929824965074658,5,15
143,0.9956971970386803,5,15
144,0.9956971970386803,5,15
145,0.9956971970386803,5,15
146,0.9956971970386803,5,15
147,0.9956971970386803,5,15
148,0.9956971970386803,5,15
149,0.9956971970386803,5,15
150,0.9956971970386803,5,15
151,0.9956971970386803,5,15
152,0.9956971970386803,5,15
153,0.9962831556331366,5,15
154,0.9962831556331366,5,15
155,0.9968389514833689,5,15
156,0.9973660709802061,5,15
157,0.9973660709802061,5,15
158,0.9973660709802061,5,15
159,0.9973660709802061,5,15
160,0.9973660709802061,5,15
161,0.9973660709802061,5,15
162,0.9977865992113948,5,15
163,0.9977865992113948,5,15
164,0.9977865992113948,5,15
165,0.9977865992113948,5,15
166,0.9977865992113948,5,15
167,0.9843289013952017,4,15
168,0.9843289013952017,4,15
169,0.9843289013952017,4,15
170,0.9843289013952017,4,15
171,0.9843289013952017,4,15
172,0.9843289013952017,4,15
173,0.9843289013952017,4,15
174,0.9843289013952017,4,15
175,0.9843289013952017,4,15
176,0.9843289013952017,4,15
177,0.9843289013952017,4,15
178,0.9843289013952017,4,15
179,0.9843289013952017,4,15
180,0.9843289013952017,4,15
181,0.9843289013952017,4,15
182,0.9843289013952017,4,15
183,0.9843289013952017,4,15
184,0.9843289013952017,4,15
185,0.9843289013952017,4,15
186,0.9859673772007227,4,15
187,0.9859673772007227,4,15
188,0.9859673772007227,4,15
189,0.9859673772007227,4,15
190,0.9859673772007227,4,15
191,0.9859673772007227,4,15
192,0.9859673772007227,4,15
193,0.9859673772007227,4,15
194,0.987498146481812,4,15
195,0.987498146481812,4,15
196,0.987498146481812,4,15
197,0.987498146481812,4,15
198,0.987498146481812,4,15
199,0.987498146481812,4,15
200,0.991712523624301,4,15
1,0.002287745475769043,1,16
2,0.0023854970932006836,1,16
3,0.003404676914215088,1,16
4,0.003404676914215088,1,16
5,0.003606140613555908,1,16
6,0.006817877292633057,1,16
7,0.006817877292633057,1,16
8,0.006817877292633057,1,16
9,0.009019911289215088,1,16
10,0.0101279616355896,1,16
11,0.010668158531188965,1,16
12,0.010668158531188965,1,16
13,0.010668158531188965,1,16
14,0.014133632183074951,1,16
15,0.014133632183074951,1,16
16,0.03155207633972168,2,16
17,0.03155207633972168,2,16
18,0.04141968488693237,2,16
19,0.04141968488693237,2,16
20,0.04141968488693237,2,16
21,0.04141968488693237,2,16
22,0.04141968488693237,2,16
23,0.04141968488693237,2,16
24,0.04141968488693237,2,16
25,0.04141968488693237,2,16
26,0.04141968488693237,2,16
27,0.04141968488693237,2,16
28,0.08214682340621948,3,16
29,0.08214682340621948,3,16
30,0.08214682340621948,3,16
31,0.08214682340621948,3,16
32,0.08214682340621948,3,16
33,0.10965651273727417,3,16
34,0.10965651273727417,3,16
35,0.10965651273727417,3,16
36,0.10965651273727417,3,16
37,0.14745640754699707,4,16
38,0.18667185306549072,5,16
39,0.18033474683761597,4,16
40,0.18033474683761597,4,16
41,0.22558730840682983,4,16
42,0.3783023953437805,6,16
43,0.3783023953437805,6,16
44,0.5540128350257874,7,16
45,0.5480191111564636,4,16
46,0.8406208455562592,8,16
47,0.8406208455562592,8,16
48,0.9024332612752914,8,16
49,0.9024332612752914,8,16
50,0.9024332612752914,8,16
51,0.9024332612752914,8,16
52,0.9713446293026209,8,16
53,0.9713446293026209,8,16
54,0.9736640304327011,7,16
55,0.9736640304327011,7,16
56,0.9783962313085794,7,16
57,0.9783962313085794,7,16
58,0.9783962313085794,7,16
59,0.9783962313085794,7,16
60,0.9783962313085794,7,16
61,0.9783962313085794,7,16
62,0.9783962313085794,7,16
63,0.9783962313085794,7,16
64,0.9783962313085794,7,16
65,0.9783962313085794,7,16
66,0.9783962313085794,7,16
67,0.9783962313085794,7,16
68,0.9783962313085794,7,16
69,0.9985996333416551,8,16
70,0.9985996333416551,8,16
71,0.9985996333416551,8,16
72,0.9985996333416551,8,16
73,0.9985996333416551,8,16
74,0.9985996333416551,8,16
75,0.9985996333416551,8,16
76,0.9985996333416551,8,16
77,0.9985996333416551,8,16
78,0.9985996333416551,8,16
79,0.9985996333416551,8,16
80,0.9985996333416551,8,16
81,0.9985996333416551,8,16
82,0.9985996333416551,8,16
83,0.9985996333416551,8,16
84,0.9985996333416551,8,16
85,0.9985996333416551,8,16
86,0.9985996333416551,8,16
87,0.9985996333416551,8,16
88,0.9985996333416551,8,16
89,0.9985996333416551,8,16
90,0.9985996333416551,8,16
91,0.9985996333416551,8,16
92,0.9985996333416551,8,16
93,0.9985996333416551,8,16
94,0.9985996333416551,8,16
95,0.9985996333416551,8,16
96,0.9985996333416551,8,16
97,0.9985996333416551,8,16
98,0.9985996333416551,8,16
99,0.9985996333416551,8,16
100,0.984332799911499,7,16
101,0.984332799911499,7,16
102,0.984332799911499,7,16
103,0.984332799911499,7,16
104,0.984332799911499,7,16
105,0.984332799911499,7,16
106,0.9842920135706663,7,16
107,0.9842920135706663,7,16
108,0.9842920135706663,7,16
109,0.9842920135706663,7,16
110,0.9842920135706663,7,16
111,0.9867467079311609,7,16
112,0.9867467079311609,7,16
113,0.9867467079311609,7,16
114,0.9867467079311609,7,16
115,0.987042318098247,7,16
116,0.987042318098247,7,16
117,0.9900409122928977,7,16
118,0.9900409122928977,7,16
119,0.9909094637259841,7,16
120,0.9942340771667659,7,16
121,0.9942340771667659,7,16
122,0.9942340771667659,7,16
123,0.9942340771667659,7,16
124,0.9942340771667659,7,16
125,0.9942340771667659,7,16
126,0.9942340771667659,7,16
127,0.9942340771667659,7,16
128,0.9942340771667659,7,16
129,0.9942340771667659,7,16
130,0.9949882286600769,7,16
131,0.9949882286600769,7,16
132,0.9949882286600769,7,16
133,0.9949882286600769,7,16
134,0.9949882286600769,7,16
135,0.9949882286600769,7,16
136,0.9949882286600769,7,16
137,0.9949882286600769,7,16
138,0.9949882286600769,7,16
139,0.9963502765167505,7,16
140,0.9963502765167505,7,16
141,0.9963502765167505,7,16
142,0.9963502765167505,7,16
143,0.9963502765167505,7,16
144,0.9963502765167505,7,16
145,0.9963502765167505,7,16
146,0.9963502765167505,7,16
147,0.9963502765167505,7,16
148,0.9963502765167505,7,16
149,0.9963502765167505,7,16
150,0.9963502765167505,7,16
151,0.9963502765167505,7,16
152,0.9963502765167505,7,16
153,0.9963502765167505,7,16
154,0.9963502765167505,7,16
155,0.9963502765167505,7,16
156,0.9963502765167505,7,16
157,0.9963502765167505,7,16
158,0.9963502765167505,7,16
159,0.9974147616885602,7,16
160,0.9974147616885602,7,16
161,0.9974147616885602,7,16
162,0.9974147616885602,7,16
163,0.9974147616885602,7,16
164,0.9974147616885602,7,16
165,0.9974147616885602,7,16
166,0.9974147616885602,7,16
167,0.9974147616885602,7,16
168,0.9974147616885602,7,16
169,0.9978790930472314,7,16
170,0.9978790930472314,7,16
171,0.9978790930472314,7,16
172,0.9978790930472314,7,16
173,0.9978790930472314,7,16
174,0.9978790930472314,7,16
175,0.9978790930472314,7,16
176,0.9978790930472314,7,16
177,0.9978790930472314,7,16
178,0.9978790930472314,7,16
179,0.9978790930472314,7,16
180,0.9978790930472314,7,16
181,0.9978790930472314,7,16
182,0.9978790930472314,7,16
183,0.9978790930472314,7,16
184,0.9978790930472314,7,16
185,0.9978790930472314,7,16
186,0.9978790930472314,7,16
187,0.9978790930472314,7,16
188,0.9978790930472314,7,16
189,0.9978790930472314,7,16
190,0.9978790930472314,7,16
191,0.9980167020112276,7,16
192,0.9980167020112276,7,16
193,0.9980167020112276,7,16
194,0.9980167020112276,7,16
195,0.9875897215679288,6,16
196,0.9875897215679288,6,16
197,0.9875897215679288,6,16
198,0.9875897215679288,6,16
199,0.9875897215679288,6,16
200,0.9875897215679288,6,16
1,0.0035854578018188477,1,17
2,0.0035854578018188477,1,17
3,0.0035854578018188477,1,17
4,0.003930926322937012,1,17
5,0.003930926322937012,1,17
6,0.0046443939208984375,1,17
7,0.0046443939208984375,1,17
8,0.004686713218688965,1,17
9,0.005186915397644043,1,17
10,0.005933046340942383,1,17
11,0.006308794021606445,1,17
12,0.0065402984619140625,1,17
13,0.0065402984619140625,1,17
14,0.007943928241729736,1,17
15,0.007943928241729736,1,17
16,0.007943928241729736,1,17
17,0.007943928241729736,1,17
18,0.007943928241729736,1,17
19,0.027294635772705078,2,17
20,0.027294635772705078,2,17
21,0.027294635772705078,2,17
22,0.011548876762390137,1,17
23,0.011548876762390137,1,17
24,0.011548876762390137,1,17
25,0.011548876762390137,1,17
26,0.011548876762390137,1,17
27,0.03403514623641968,2,17
28,0.03403514623641968,2,17
29,0.03403514623641968,2,17
30,0.03403514623641968,2,17
31,0.03403514623641968,2,17
32,0.06549137830734253,3,17
33,0.06826454401016235,3,17
34,0.07394111156463623,3,17
35,0.07394111156463623,3,17
36,0.07394111156463623,3,17
37,0.07394111156463623,3,17
38,0.07455801963806152,3,17
39,0.07455801963806152,3,17
40,0.07455801963806152,3,17
41,0.07455801963806152,3,17
42,0.10644203424453735,4,17
43,0.10644203424453735,4,17
44,0.10644203424453735,4,17
45,0.10644203424453735,4,17
46,0.09395241737365723,3,17
47,0.09395241737365723,3,17
48,0.12396115064620972,4,17
49,0.12396115064620972,4,17
50,0.12396115064620972,4,17
51,0.17776739597320557,5,17
52,0.17776739597320557,5,17
53,0.17776739597320557,5,17
54,0.18772274255752563,5,17
55,0.21839141845703125,6,17
56,0.21839141845703125,6,17
57,0.21839141845703125,6,17
58,0.21839141845703125,6,17
59,0.21839141845703125,6,17
60,0.2576097846031189,6,17
61,0.2732979655265808,5,17
62,0.2732979655265808,5,17
63,0.2732979655265808,5,17
64,0.2732979655265808,5,17
65,0.2732979655265808,5,17
66,0.2732979655265808,5,17
67,0.2732979655265808,5,17
68,0.3295494318008423,7,17
69,0.49708670377731323,8,17
70,0.5940956473350525,9,17
71,0.5940956473350525,9,17
72,0.5940956473350525,9,17
73,0.5940956473350525,9,17
74,0.5940956473350525,9,17
75,0.5940956473350525,9,17
76,0.5940956473350525,9,17
77,0.5940956473350525,9,17
78,0.5940956473350525,9,17
79,0.5940956473350525,9,17
80,0.7552454620599747,10,17
81,0.7552454620599747,10,17
82,0.7488198280334473,8,17
83,0.7488198280334473,8,17
84,0.7488198280334473,8,17
85,0.7929827272891998,8,17
86,0.7929827272891998,8,17
87,0.7929827272891998,8,17
88,0.7929827272891998,8,17
89,0.7929827272891998,8,17
90,0.7929827272891998,8,17
91,0.7929827272891998,8,17
92,0.7929827272891998,8,17
93,0.7929827272891998,8,17
94,0.7929827272891998,8,17
95,0.7929827272891998,8,17
96,0.7929827272891998,8,17
97,0.7929827272891998,8,17
98,0.7929827272891998,8,17
99,0.7929827272891998,8,17
100,0.8661535382270813,12,17
101,0.8688308447599411,9,17
102,0.8688308447599411,9,17
103,0.8688308447599411,9,17
104,0.8688308447599411,9,17
105,0.8688308447599411,9,17
106,0.9609405472874641,14,17
107,0.9609405472874641,14,17
108,0.9609405472874641,14,17
109,0.9609405472874641,14,17
110,0.9609405472874641,14,17
111,0.9609405472874641,14,17
112,0.9609405472874641,14,17
113,0.919698640704155,10,17
114,0.919698640704155,10,17
115,0.919698640704155,10,17
116,0.919698640704155,10,17
117,0.919698640704155,10,17
118,0.919698640704155,10,17
119,0.919698640704155,10,17
120,0.919698640704155,10,17
121,0.919698640704155,10,17
122,0.919698640704155,10,17
123,0.919698640704155,10,17
124,0.919698640704155,10,17
125,0.919698640704155,10,17
126,0.919698640704155,10,17
127,0.919698640704155,10,17
128,0.919698640704155,10,17
129,0.919698640704155,10,17
130,0.919698640704155,10,17
131,0.919698640704155,10,17
132,0.919698640704155,10,17
133,0.919698640704155,10,17
134,0.919698640704155,10,17
135,0.919698640704155,10,17
136,0.919698640704155,10,17
137,0.919698640704155,10,17
138,0.919698640704155,10,17
139,0.919698640704155,10,17
140,0.919698640704155,10,17
141,0.919698640704155,10,17
142,0.919698640704155,10,17
143,0.919698640704155,10,17
144,0.919698640704155,10,17
145,0.919698640704155,10,17
146,0.919698640704155,10,17
147,0.919698640704155,10,17
148,0.919698640704155,10,17
149,0.919698640704155,10,17
150,0.919698640704155,10,17
151,0.919698640704155,10,17
152,0.919698640704155,10,17
153,0.919698640704155,10,17
154,0.919698640704155,10,17
155,0.919698640704155,10,17
156,0.919698640704155,10,17
157,0.919698640704155,10,17
158,0.919698640704155,10,17
159,0.919698640704155,10,17
160,0.919698640704155,10,17
161,0.919698640704155,10,17
162,0.919698640704155,10,17
163,0.919698640704155,10,17
164,0.919698640704155,10,17
165,0.919698640704155,10,17
166,0.919698640704155,10,17
167,0.919698640704155,10,17
168,0.919698640704155,10,17
169,0.919698640704155,10,17
170,0.919698640704155,10,17
171,0.919698640704155,10,17
172,0.919698640704155,10,17
173,0.919698640704155,10,17
174,0.919698640704155,10,17
175,0.919698640704155,10,17
176,0.919698640704155,10,17
177,0.919698640704155,10,17
178,0.919698640704155,10,17
179,0.919698640704155,10,17
180,0.919698640704155,10,17
181,0.919698640704155,10,17
182,0.919698640704155,10,17
183,0.919698640704155,10,17
184,0.919698640704155,10,17
185,0.919698640704155,10,17
186,0.919698640704155,10,17
187,0.919698640704155,10,17
188,0.919698640704155,10,17
189,0.919698640704155,10,17
190,0.919698640704155,10,17
191,0.919698640704155,10,17
192,0.919698640704155,10,17
193,0.919698640704155,10,17
194,0.919698640704155,10,17
195,0.919698640704155,10,17
196,0.919698640704155,10,17
197,0.919698640704155,10,17
198,0.919698640704155,10,17
199,0.919698640704155,10,17
200,0.919698640704155,10,17
1,0.00901883840560913,1,18
2,0.00901883840560913,1,18
3,0.04939079284667969,3,18
4,0.04939079284667969,3,18
5,0.04939079284667969,3,18
6,0.0395277738571167,2,18
7,0.0395277738571167,2,18
8,0.0395277738571167,2,18
9,0.04386448860168457,2,18
10,0.09750217199325562,4,18
11,0.09750217199325562,4,18
12,0.07690596580505371,2,18
13,0.20154684782028198,3,18
14,0.20154684782028198,3,18
15,0.20154684782028198,3,18
16,0.4237576127052307,6,18
17,0.546909511089325,6,18
18,0.546909511089325,6,18
19,0.546909511089325,6,18
20,0.6907021701335907,8,18
21,0.7520211488008499,7,18
22,0.7520211488008499,7,18
23,0.8627822399139404,6,18
24,0.8627822399139404,6,18
25,0.8627822399139404,6,18
26,0.8627822399139404,6,18
27,0.9703543595969677,7,18
28,0.9703543595969677,7,18
29,0.9703543595969677,7,18
30,0.9703543595969677,7,18
31,0.9703543595969677,7,18
32,0.9703543595969677,7,18
33,0.9703543595969677,7,18
34,0.9703543595969677,7,18
35,0.9703543595969677,7,18
36,0.9703543595969677,7,18
37,0.9703543595969677,7,18
38,0.9703543595969677,7,18
39,0.9703543595969677,7,18
40,0.9703543595969677,7,18
41,0.9703543595969677,7,18
42,0.9703543595969677,7,18
43,0.9703543595969677,7,18
44,0.9703543595969677,7,18
45,0.9899142812937498,8,18
46,0.9899142812937498,8,18
47,0.9899142812937498,8,18
48,0.9899142812937498,8,18
49,0.9899142812937498,8,18
50,0.9899142812937498,8,18
51,0.9899142812937498,8,18
52,0.9899142812937498,8,18
53,0.9899142812937498,8,18
54,0.9899142812937498,8,18
55,0.9899142812937498,8,18
56,0.9899142812937498,8,18
57,0.9899142812937498,8,18
58,0.9899142812937498,8,18
59,0.9899142812937498,8,18
60,0.9899142812937498,8,18
61,0.9899142812937498,8,18
62,0.9899142812937498,8,18
63,0.9899142812937498,8,18
64,0.9899142812937498,8,18
65,0.9899142812937498,8,18
66,0.9899142812937498,8,18
67,0.9899142812937498,8,18
68,0.9899142812937498,8,18
69,0.9899142812937498,8,18
70,0.9899142812937498,8,18
71,0.9899142812937498,8,18
72,0.9899142812937498,8,18
73,0.9899142812937498,8,18
74,0.9899142812937498,8,18
75,0.9899142812937498,8,18
76,0.9899142812937498,8,18
77,0.9899142812937498,8,18
78,0.9902208847925067,8,18
79,0.9902208847925067,8,18
80,0.9902208847925067,8,18
81,0.9902208847925067,8,18
82,0.993532741907984,8,18
83,0.993532741907984,8,18
84,0.994017818942666,8,18
85,0.994017818942666,8,18
86,0.994017818942666,8,18
87,0.994017818942666,8,18
88,0.994017818942666,8,18
89,0.994017818942666,8,18
90,0.994017818942666,8,18
91,0.994017818942666,8,18
92,0.9852268220856786,7,18
93,0.9852268220856786,7,18
94,0.9852268220856786,7,18
95,0.9852268220856786,7,18
96,0.9852268220856786,7,18
97,0.9852268220856786,7,18
98,0.9852268220856786,7,18
99,0.9852268220856786,7,18
100,0.9852268220856786,7,18
101,0.9852268220856786,7,18
102,0.9852268220856786,7,18
103,0.9852268220856786,7,18
104,0.9852268220856786,7,18
105,0.9852268220856786,7,18
106,0.9904140252619982,7,18
107,0.9904140252619982,7,18
108,0.9904140252619982,7,18
109,0.9904140252619982,7,18
110,0.9904140252619982,7,18
111,0.9904140252619982,7,18
112,0.9904140252619982,7,18
113,0.9904140252619982,7,18
114,0.9904140252619982,7,18
115,0.9904140252619982,7,18
116,0.9904140252619982,7,18
117,0.9904140252619982,7,18
118,0.9904140252619982,7,18
119,0.9904140252619982,7,18
120,0.9904140252619982,7,18
121,0.9904140252619982,7,18
122,0.9904140252619982,7,18
123,0.9904140252619982,7,18
124,0.9904140252619982,7,18
125,0.9904140252619982,7,18
126,0.9904140252619982,7,18
127,0.9904140252619982,7,18
128,0.9904140252619982,7,18
129,0.9904140252619982,7,18
130,0.9904140252619982,7,18
131,0.9904140252619982,7,18
132,0.9904140252619982,7,18
133,0.9904140252619982,7,18
134,0.9904140252619982,7,18
135,0.9904140252619982,7,18
136,0.9904140252619982,7,18
137,0.9904140252619982,7,18
138,0.9904140252619982,7,18
139,0.9904140252619982,7,18
140,0.9904140252619982,7,18
141,0.9904140252619982,7,18
142,0.9904140252619982,7,18
143,0.9904140252619982,7,18
144,0.9904140252619982,7,18
145,0.9904140252619982,7,18
146,0.9904140252619982,7,18
147,0.9904140252619982,7,18
148,0.9904140252619982,7,18
149,0.9904140252619982,7,18
150,0.9904140252619982,7,18
151,0.9904140252619982,7,18
152,0.9904140252619982,7,18
153,0.9904140252619982,7,18
154,0.9904140252619982,7,18
155,0.9904140252619982,7,18
156,0.9904140252619982,7,18
157,0.9904140252619982,7,18
158,0.9904140252619982,7,18
159,0.9904140252619982,7,18
160,0.9904140252619982,7,18
161,0.9904140252619982,7,18
162,0.9904140252619982,7,18
163,0.9904140252619982,7,18
164,0.9904140252619982,7,18
165,0.9904140252619982,7,18
166,0.9907820839434862,7,18
167,0.9907820839434862,7,18
168,0.9907820839434862,7,18
169,0.9907820839434862,7,18
170,0.9907820839434862,7,18
171,0.9907820839434862,7,18
172,0.9907820839434862,7,18
173,0.9907820839434862,7,18
174,0.9907820839434862,7,18
175,0.9908399730920792,7,18
176,0.9908399730920792,7,18
177,0.9908399730920792,7,18
178,0.9908399730920792,7,18
179,0.9908399730920792,7,18
180,0.9909261362627149,7,18
181,0.9909261362627149,7,18
182,0.9909261362627149,7,18
183,0.9909261362627149,7,18
184,0.9909261362627149,7,18
185,0.9909261362627149,7,18
186,0.9909261362627149,7,18
187,0.9946640902198851,7,18
188,0.9946640902198851,7,18
189,0.9946640902198851,7,18
190,0.9946640902198851,7,18
191,0.9946640902198851,7,18
192,0.9946640902198851,7,18
193,0.9946640902198851,7,18
194,0.9946640902198851,7,18
195,0.9946640902198851,7,18
196,0.9946640902198851,7,18
197,0.9946640902198851,7,18
198,0.9946640902198851,7,18
199,0.9946640902198851,7,18
200,0.9946640902198851,7,18
1,0.0008529424667358398,1,19
2,0.0008529424667358398,1,19
3,0.0008529424667358398,1,19
4,0.0008529424667358398,1,19
5,0.0009205341339111328,1,19
6,0.0009409785270690918,1,19
7,0.0009409785270690918,1,19
8,0.0009409785270690918,1,19
9,0.000998079776763916,1,19
10,0.0011238455772399902,1,19
11,0.0011238455772399902,1,19
12,0.0011238455772399902,1,19
13,0.0014514327049255371,1,19
14,0.0014514327049255371,1,19
15,0.0014514327049255371,1,19
16,0.0014514327049255371,1,19
17,0.0014514327049255371,1,19
18,0.0014514327049255371,1,19
19,0.0014514327049255371,1,19
20,0.0014514327049255371,1,19
21,0.0014514327049255371,1,19
22,0.0014514327049255371,1,19
23,0.0014514327049255371,1,19
24,0.0014514327049255371,1,19
25,0.0014514327049255371,1,19
26,0.0014514327049255371,1,19
27,0.0014514327049255371,1,19
28,0.0014514327049255371,1,19
29,0.0014514327049255371,1,19
30,0.0014514327049255371,1,19
31,0.0014514327049255371,1,19
32,0.0014514327049255371,1,19
33,0.0014514327049255371,1,19
34,0.0014514327049255371,1,19
35,0.0014521479606628418,1,19
36,0.0014521479606628418,1,19
37,0.0014521479606628418,1,19
38,0.0014521479606628418,1,19
39,0.0014521479606628418,1,19
40,0.0014521479606628418,1,19
41,0.0014521479606628418,1,19
42,0.0014562606811523438,1,19
43,0.0014562606811523438,1,19
44,0.0014562606811523438,1,19
45,0.0014575719833374023,1,19
46,0.0014575719833374023,1,19
47,0.0014575719833374023,1,19
48,0.0014576911926269531,1,19
49,0.0014576911926269531,1,19
50,0.0014579296112060547,1,19
51,0.0014579296112060547,1,19
52,0.0014579296112060547,1,19
53,0.0014579296112060547,1,19
54,0.001457810401916504,1,19
55,0.0014574527740478516,1,19
56,0.0014574527740478516,1,19
57,0.0014574527740478516,1,19
58,0.0014574527740478516,1,19
59,0.0014574527740478516,1,19
60,0.0014576911926269531,1,19
61,0.001457810401916504,1,19
62,0.001457810401916504,1,19
63,0.001457810401916504,1,19
64,0.0014580488204956055,1,19
65,0.0014580488204956055,1,19
66,0.0014580488204956055,1,19
67,0.0014580488204956055,1,19
68,0.0014580488204956055,1,19
69,0.0014575719833374023,1,19
70,0.0014575719833374023,1,19
71,0.0014575719833374023,1,19
72,0.001458287239074707,1,19
73,0.0014574527740478516,1,19
74,0.0014574527740478516,1,19
75,0.0014576911926269531,1,19
76,0.0014576911926269531,1,19
77,0.0014576911926269531,1,19
78,0.0014576911926269531,1,19
79,0.0014576911926269531,1,19
80,0.0014576911926269531,1,19
81,0.0014576911926269531,1,19
82,0.0014576911926269531,1,19
83,0.0014576911926269531,1,19
84,0.0014576911926269531,1,19
85,0.0014576911926269531,1,19
86,0.0014576911926269531,1,19
87,0.0014576911926269531,1,19
88,0.0014576911926269531,1,19
89,0.0014576911926269531,1,19
90,0.0014576911926269531,1,19
91,0.0014576911926269531,1,19
92,0.0014576911926269531,1,19
93,0.0014576911926269531,1,19
94,0.0014576911926269531,1,19
95,0.0014576911926269531,1,19
96,0.0014576911926269531,1,19
97,0.0014576911926269531,1,19
98,0.0014576911926269531,1,19
99,0.0014576911926269531,1,19
100,0.0014576911926269531,1,19
101,0.0014576911926269531,1,19
102,0.0014576911926269531,1,19
103,0.0014576911926269531,1,19
104,0.0014576911926269531,1,19
105,0.0014576911926269531,1,19
106,0.0014576911926269531,1,19
107,0.0014576911926269531,1,19
108,0.0014576911926269531,1,19
109,0.0014576911926269531,1,19
110,0.0014576911926269531,1,19
111,0.0014576911926269531,1,19
112,0.0014576911926269531,1,19
113,0.0014576911926269531,1,19
114,0.0014576911926269531,1,19
115,0.0014576911926269531,1,19
116,0.0014576911926269531,1,19
117,0.0014576911926269531,1,19
118,0.0014576911926269531,1,19
119,0.0014576911926269531,1,19
120,0.0014576911926269531,1,19
121,0.0014576911926269531,1,19
122,0.0014576911926269531,1,19
123,0.0014576911926269531,1,19
124,0.0014576911926269531,1,19
125,0.0014576911926269531,1,19
126,0.0014576911926269531,1,19
127,0.0014576911926269531,1,19
128,0.0014576911926269531,1,19
129,0.0014576911926269531,1,19
130,0.0014576911926269531,1,19
131,0.0014576911926269531,1,19
132,0.0014576911926269531,1,19
133,0.0014576911926269531,1,19
134,0.0014576911926269531,1,19
135,0.0014576911926269531,1,19
136,0.0014576911926269531,1,19
137,0.0014576911926269531,1,19
138,0.0014576911926269531,1,19
139,0.0014576911926269531,1,19
140,0.0014576911926269531,1,19
141,0.0014576911926269531,1,19
142,0.0014576911926269531,1,19
143,0.0014576911926269531,1,19
144,0.0014576911926269531,1,19
145,0.0014576911926269531,1,19
146,0.0014576911926269531,1,19
147,0.0014576911926269531,1,19
148,0.0014576911926269531,1,19
149,0.0014576911926269531,1,19
150,0.0014576911926269531,1,19
151,0.0014576911926269531,1,19
152,0.0014576911926269531,1,19
153,0.0014576911926269531,1,19
154,0.0014576911926269531,1,19
155,0.0014576911926269531,1,19
156,0.0014576911926269531,1,19
157,0.0014576911926269531,1,19
158,0.0014576911926269531,1,19
159,0.0014576911926269531,1,19
160,0.0014576911926269531,1,19
161,0.0014576911926269531,1,19
162,0.0014576911926269531,1,19
163,0.0014576911926269531,1,19
164,0.0014576911926269531,1,19
165,0.0014576911926269531,1,19
166,0.0014576911926269531,1,19
167,0.0014576911926269531,1,19
168,0.0014576911926269531,1,19
169,0.0014576911926269531,1,19
170,0.0014576911926269531,1,19
171,0.0014576911926269531,1,19
172,0.0014576911926269531,1,19
173,0.0014576911926269531,1,19
174,0.0014576911926269531,1,19
175,0.0014576911926269531,1,19
176,0.0014576911926269531,1,19
177,0.0014576911926269531,1,19
178,0.0014576911926269531,1,19
179,0.0014576911926269531,1,19
180,0.0014576911926269531,1,19
181,0.0014576911926269531,1,19
182,0.0014576911926269531,1,19
183,0.0014576911926269531,1,19
184,0.0014576911926269531,1,19
185,0.0014576911926269531,1,19
186,0.0014576911926269531,1,19
187,0.0014576911926269531,1,19
188,0.0014576911926269531,1,19
189,0.0014576911926269531,1,19
190,0.0014576911926269531,1,19
191,0.0014576911926269531,1,19
192,0.0014576911926269531,1,19
193,0.0014576911926269531,1,19
194,0.0014576911926269531,1,19
195,0.0014576911926269531,1,19
196,0.0014576911926269531,1,19
197,0.0014576911926269531,1,19
198,0.0014576911926269531,1,19
199,0.0014576911926269531,1,19
200,0.0014576911926269531,1,19
1,0.00010752677917480469,1,20
2,0.00011026859283447266,1,20
3,0.00011026859283447266,1,20
4,0.0001418590545654297,1,20
5,0.000249326229095459,1,20
6,0.000249326229095459,1,20
7,0.0004208683967590332,1,20
8,0.0004208683967590332,1,20
9,0.0004787445068359375,1,20
10,0.0004787445068359375,1,20
11,0.0004787445068359375,1,20
12,0.0004787445068359375,1,20
13,0.000613093376159668,1,20
14,0.000613093376159668,1,20
15,0.000613093376159668,1,20
16,0.000613093376159668,1,20
17,0.000613093376159668,1,20
18,0.000613093376159668,1,20
19,0.000613093376159668,1,20
20,0.000613093376159668,1,20
21,0.000613093376159668,1,20
22,0.000613093376159668,1,20
23,0.000613093376159668,1,20
24,0.000613093376159668,1,20
25,0.000613093376159668,1,20
26,0.000613093376159668,1,20
27,0.000613093376159668,1,20
28,0.000613093376159668,1,20
29,0.000613093376159668,1,20
30,0.000613093376159668,1,20
31,0.000613093376159668,1,20
32,0.000613093376159668,1,20
33,0.000613093376159668,1,20
34,0.000613093376159668,1,20
35,0.000613093376159668,1,20
36,0.000613093376159668,1,20
37,0.000613093376159668,1,20
38,0.000613093376159668,1,20
39,0.000613093376159668,1,20
40,0.000613093376159668,1,20
41,0.000613093376159668,1,20
42,0.000613093376159668,1,20
43,0.000613093376159668,1,20
44,0.000613093376159668,1,20
45,0.000613093376159668,1,20
46,0.000613093376159668,1,20
47,0.000613093376159668,1,20
48,0.000613093376159668,1,20
49,0.000613093376159668,1,20
50,0.000613093376159668,1,20
51,0.000613093376159668,1,20
52,0.000613093376159668,1,20
53,0.000613093376159668,1,20
54,0.000613093376159668,1,20
55,0.000613093376159668,1,20
56,0.000613093376159668,1,20
57,0.000613093376159668,1,20
58,0.000613093376159668,1,20
59,0.000613093376159668,1,20
60,0.000613093376159668,1,20
61,0.000613093376159668,1,20
62,0.000613093376159668,1,20
63,0.000613093376159668,1,20
64,0.000613093376159668,1,20
65,0.000613093376159668,1,20
66,0.000613093376159668,1,20
67,0.000613093376159668,1,20
68,0.000613093376159668,1,20
69,0.000613093376159668,1,20
70,0.000613093376159668,1,20
71,0.000613093376159668,1,20
72,0.000613093376159668,1,20
73,0.000613093376159668,1,20
74,0.000613093376159668,1,20
75,0.000613093376159668,1,20
76,0.000613093376159668,1,20
77,0.000613093376159668,1,20
78,0.000613093376159668,1,20
79,0.000613093376159668,1,20
80,0.000613093376159668,1,20
81,0.000613093376159668,1,20
82,0.000613093376159668,1,20
83,0.000613093376159668,1,20
84,0.000613093376159668,1,20
85,0.000613093376159668,1,20
86,0.000613093376159668,1,20
87,0.000613093376159668,1,20
88,0.000613093376159668,1,20
89,0.000613093376159668,1,20
90,0.000613093376159668,1,20
91,0.000613093376159668,1,20
92,0.000613093376159668,1,20
93,0.000613093376159668,1,20
94,0.000613093376159668,1,20
95,0.000613093376159668,1,20
96,0.000613093376159668,1,20
97,0.000613093376159668,1,20
98,0.000613093376159668,1,20
99,0.000613093376159668,1,20
100,0.000613093376159668,1,20
101,0.000613093376159668,1,20
102,0.000613093376159668,1,20
103,0.000613093376159668,1,20
104,0.000613093376159668,1,20
105,0.000613093376159668,1,20
106,0.000613093376159668,1,20
107,0.000613093376159668,1,20
108,0.000613093376159668,1,20
109,0.000613093376159668,1,20
110,0.000613093376159668,1,20
111,0.000613093376159668,1,20
112,0.000613093376159668,1,20
113,0.000613093376159668,1,20
114,0.000613093376159668,1,20
115,0.000613093376159668,1,20
116,0.000613093376159668,1,20
117,0.000613093376159668,1,20
118,0.000613093376159668,1,20
119,0.000613093376159668,1,20
120,0.000613093376159668,1,20
121,0.000613093376159668,1,20
122,0.000613093376159668,1,20
123,0.000613093376159668,1,20
124,0.000613093376159668,1,20
125,0.000613093376159668,1,20
126,0.000613093376159668,1,20
127,0.000613093376159668,1,20
128,0.000613093376159668,1,20
129,0.000613093376159668,1,20
130,0.000613093376159668,1,20
131,0.000613093376159668,1,20
132,0.000613093376159668,1,20
133,0.000613093376159668,1,20
134,0.000613093376159668,1,20
135,0.000613093376159668,1,20
136,0.000613093376159668,1,20
137,0.000613093376159668,1,20
138,0.000613093376159668,1,20
139,0.000613093376159668,1,20
140,0.000613093376159668,1,20
141,0.000613093376159668,1,20
142,0.000613093376159668,1,20
143,0.000613093376159668,1,20
144,0.000613093376159668,1,20
145,0.000613093376159668,1,20
146,0.000613093376159668,1,20
147,0.000613093376159668,1,20
148,0.000613093376159668,1,20
149,0.000613093376159668,1,20
150,0.000613093376159668,1,20
151,0.000613093376159668,1,20
152,0.000613093376159668,1,20
153,0.000613093376159668,1,20
154,0.000613093376159668,1,20
155,0.000613093376159668,1,20
156,0.000613093376159668,1,20
157,0.000613093376159668,1,20
158,0.000613093376159668,1,20
159,0.000613093376159668,1,20
160,0.000613093376159668,1,20
161,0.000613093376159668,1,20
162,0.000613093376159668,1,20
163,0.000613093376159668,1,20
164,0.000613093376159668,1,20
165,0.000613093376159668,1,20
166,0.000613093376159668,1,20
167,0.000613093376159668,1,20
168,0.000613093376159668,1,20
169,0.000613093376159668,1,20
170,0.000613093376159668,1,20
171,0.000613093376159668,1,20
172,0.000613093376159668,1,20
173,0.000613093376159668,1,20
174,0.000613093376159668,1,20
175,0.000613093376159668,1,20
176,0.000613093376159668,1,20
177,0.000613093376159668,1,20
178,0.000613093376159668,1,20
179,0.000613093376159668,1,20
180,0.000613093376159668,1,20
181,0.000613093376159668,1,20
182,0.000613093376159668,1,20
183,0.000613093376159668,1,20
184,0.000613093376159668,1,20
185,0.000613093376159668,1,20
186,0.000613093376159668,1,20
187,0.000613093376159668,1,20
188,0.000613093376159668,1,20
189,0.000613093376159668,1,20
190,0.000613093376159668,1,20
191,0.000613093376159668,1,20
192,0.000613093376159668,1,20
193,0.000613093376159668,1,20
194,0.000613093376159668,1,20
195,0.000613093376159668,1,20
196,0.000613093376159668,1,20
197,0.000613093376159668,1,20
198,0.000613093376159668,1,20
199,0.000613093376159668,1,20
200,0.000613093376159668,1,20
1,0.0033750534057617188,1,21
2,0.0033750534057617188,1,21
3,0.0033750534057617188,1,21
4,0.0033750534057617188,1,21
5,0.0033750534057617188,1,21
6,0.0038930773735046387,1,21
7,0.0043708086013793945,1,21
8,0.006952464580535889,1,21
9,0.006952464580535889,1,21
10,0.010218381881713867,1,21
11,0.010218381881713867,1,21
12,0.016449570655822754,1,21
13,0.016449570655822754,1,21
14,0.01921743154525757,1,21
15,0.01921743154525757,1,21
16,0.01921743154525757,1,21
17,0.01921743154525757,1,21
18,0.01921743154525757,1,21
19,0.01981496810913086,1,21
20,0.01981496810913086,1,21
21,0.01981496810913086,1,21
22,0.01981496810913086,1,21
23,0.01981496810913086,1,21
24,0.01981496810913086,1,21
25,0.01981496810913086,1,21
26,0.01981496810913086,1,21
27,0.01981496810913086,1,21
28,0.01981496810913086,1,21
29,0.01981496810913086,1,21
30,0.01981496810913086,1,21
31,0.01981496810913086,1,21
32,0.03725719451904297,2,21
33,0.03725719451904297,2,21
34,0.03725719451904297,2,21
35,0.03725719451904297,2,21
36,0.040533483028411865,2,21
37,0.040533483028411865,2,21
38,0.04487967491149902,2,21
39,0.04487967491149902,2,21
40,0.04487967491149902,2,21
41,0.05507016181945801,2,21
42,0.07273662090301514,3,21
43,0.07273662090301514,3,21
44,0.07273662090301514,3,21
45,0.07273662090301514,3,21
46,0.06112486124038696,2,21
47,0.07830864191055298,3,21
48,0.07830864191055298,3,21
49,0.13067466020584106,5,21
50,0.13067466020584106,5,21
51,0.13067466020584106,5,21
52,0.19304674863815308,3,21
53,0.21041059494018555,3,21
54,0.27357035875320435,4,21
55,0.27357035875320435,4,21
56,0.27357035875320435,4,21
57,0.27357035875320435,4,21
58,0.27357035875320435,4,21
59,0.27357035875320435,4,21
60,0.32684123516082764,4,21
61,0.39347386360168457,5,21
62,0.39347386360168457,5,21
63,0.39347386360168457,5,21
64,0.521096259355545,7,21
65,0.521096259355545,7,21
66,0.521096259355545,7,21
67,0.521096259355545,7,21
68,0.521096259355545,7,21
69,0.521096259355545,7,21
70,0.49299776554107666,5,21
71,0.49299776554107666,5,21
72,0.49299776554107666,5,21
73,0.635014533996582,6,21
74,0.7489085495471954,7,21
75,0.7489085495471954,7,21
76,0.7489085495471954,7,21
77,0.7489085495471954,7,21
78,0.7489085495471954,7,21
79,0.7553657442331314,6,21
80,0.7553657442331314,6,21
81,0.7553657442331314,6,21
82,0.7553657442331314,6,21
83,0.7553657442331314,6,21
84,0.7553657442331314,6,21
85,0.7553657442331314,6,21
86,0.9196241497993469,13,21
87,0.9196241497993469,13,21
88,0.9196241497993469,13,21
89,0.8942098394036293,9,21
90,0.8942098394036293,9,21
91,0.8942098394036293,9,21
92,0.8942098394036293,9,21
93,0.8942098394036293,9,21
94,0.8942098394036293,9,21
95,0.9182182624936104,10,21
96,0.9172166436910629,9,21
97,0.9172166436910629,9,21
98,0.9172166436910629,9,21
99,0.9172166436910629,9,21
100,0.9172166436910629,9,21
101,0.9172166436910629,9,21
102,0.9172166436910629,9,21
103,0.9172166436910629,9,21
104,0.9172166436910629,9,21
105,0.9172166436910629,9,21
106,0.9394527599215508,10,21
107,0.9394527599215508,10,21
108,0.9394527599215508,10,21
109,0.9394527599215508,10,21
110,0.9394527599215508,10,21
111,0.9677407965064049,11,21
112,0.9677407965064049,11,21
113,0.9677407965064049,11,21
114,0.9677407965064049,11,21
115,0.9677407965064049,11,21
116,0.9677407965064049,11,21
117,0.9677407965064049,11,21
118,0.9677407965064049,11,21
119,0.9677407965064049,11,21
120,0.9677407965064049,11,21
121,0.9677407965064049,11,21
122,0.9677407965064049,11,21
123,0.9677407965064049,11,21
124,0.9677407965064049,11,21
125,0.9884949028491974,12,21
126,0.9884949028491974,12,21
127,0.9884949028491974,12,21
128,0.9884949028491974,12,21
129,0.9622615836560726,10,21
130,0.9622615836560726,10,21
131,0.9622615836560726,10,21
132,0.9622615836560726,10,21
133,0.9622615836560726,10,21
134,0.9622615836560726,10,21
135,0.9622615836560726,10,21
136,0.9622615836560726,10,21
137,0.9622615836560726,10,21
138,0.9622615836560726,10,21
139,0.9622615836560726,10,21
140,0.9622615836560726,10,21
141,0.9622615836560726,10,21
142,0.9622615836560726,10,21
143,0.9622615836560726,10,21
144,0.9622615836560726,10,21
145,0.9622615836560726,10,21
146,0.9622615836560726,10,21
147,0.9622615836560726,10,21
148,0.9622615836560726,10,21
149,0.9622615836560726,10,21
150,0.9622615836560726,10,21
151,0.9622615836560726,10,21
152,0.9622615836560726,10,21
153,0.9622615836560726,10,21
154,0.9622615836560726,10,21
155,0.9622615836560726,10,21
156,0.9485237970948219,9,21
157,0.9485237970948219,9,21
158,0.9485237970948219,9,21
159,0.9485237970948219,9,21
160,0.9485237970948219,9,21
161,0.9485237970948219,9,21
162,0.9485237970948219,9,21
163,0.9485237970948219,9,21
164,0.9485237970948219,9,21
165,0.9485237970948219,9,21
166,0.9485237970948219,9,21
167,0.9485237970948219,9,21
168,0.9485237970948219,9,21
169,0.9485237970948219,9,21
170,0.9485237970948219,9,21
171,0.9485237970948219,9,21
172,0.9485237970948219,9,21
173,0.9485237970948219,9,21
174,0.9485237970948219,9,21
175,0.9485237970948219,9,21
176,0.9485237970948219,9,21
177,0.9485237970948219,9,21
178,0.9485237970948219,9,21
179,0.9485237970948219,9,21
180,0.9485237970948219,9,21
181,0.9485237970948219,9,21
182,0.9485237970948219,9,21
183,0.9485237970948219,9,21
184,0.9485237970948219,9,21
185,0.9485237970948219,9,21
186,0.9485237970948219,9,21
187,0.9485237970948219,9,21
188,0.9485237970948219,9,21
189,0.9485237970948219,9,21
190,0.9485237970948219,9,21
191,0.9485237970948219,9,21
192,0.9485237970948219,9,21
193,0.9485237970948219,9,21
194,0.9485237970948219,9,21
195,0.9485237970948219,9,21
196,0.9836909864097834,11,21
197,0.9836909864097834,11,21
198,0.9836909864097834,11,21
199,0.9836909864097834,11,21
200,0.9836909864097834,11,21
1,0.7369447648525238,2,22
2,0.9255488142371178,10,22
3,0.9749379884451628,11,22
4,0.972301447764039,10,22
5,0.972301447764039,10,22
6,0.9513571113348007,8,22
7,0.9513571113348007,8,22
8,0.9513571113348007,8,22
9,0.9513571113348007,8,22
10,0.9513571113348007,8,22
11,0.9513571113348007,8,22
12,0.9513571113348007,8,22
13,0.9922077772207558,10,22
14,0.9922077772207558,10,22
15,0.9554550088942051,7,22
16,0.9554550088942051,7,22
17,0.9554550088942051,7,22
18,0.9554550088942051,7,22
19,0.9554550088942051,7,22
20,0.9554550088942051,7,22
21,0.9554550088942051,7,22
22,0.9554550088942051,7,22
23,0.9554550088942051,7,22
24,0.9906366942450404,9,22
25,0.9914091508835554,9,22
26,0.9914091508835554,9,22
27,0.9802793972194195,8,22
28,0.9802793972194195,8,22
29,0.9833529908210039,7,22
30,0.9833529908210039,7,22
31,0.9833529908210039,7,22
32,0.9833529908210039,7,22
33,0.9840552322566509,7,22
34,0.9840552322566509,7,22
35,0.9840552322566509,7,22
36,0.9840552322566509,7,22
37,0.9840552322566509,7,22
38,0.9840552322566509,7,22
39,0.9840552322566509,7,22
40,0.9840552322566509,7,22
41,0.9840552322566509,7,22
42,0.9878482241183519,7,22
43,0.9878482241183519,7,22
44,0.9878482241183519,7,22
45,0.9980570751940832,7,22
46,0.9980570751940832,7,22
47,0.9980570751940832,7,22
48,0.9980570751940832,7,22
49,0.9980570751940832,7,22
50,0.9980570751940832,7,22
51,0.9980570751940832,7,22
52,0.9980570751940832,7,22
53,0.9980570751940832,7,22
54,0.9980570751940832,7,22
55,0.9980570751940832,7,22
56,0.9985789251513779,7,22
57,0.9769190102815628,5,22
58,0.9769190102815628,5,22
59,0.9769190102815628,5,22
60,0.9769190102815628,5,22
61,0.9769190102815628,5,22
62,0.9968164740130305,6,22
63,0.9968164740130305,6,22
64,0.9968164740130305,6,22
65,0.9968428816646338,6,22
66,0.9968428816646338,6,22
67,0.9884897544980049,5,22
68,0.9884897544980049,5,22
69,0.9884897544980049,5,22
70,0.9884897544980049,5,22
71,0.9884897544980049,5,22
72,0.9884897544980049,5,22
73,0.9884897544980049,5,22
74,0.9925995022058487,5,22
75,0.9925995022058487,5,22
76,0.9925995022058487,5,22
77,0.9925995022058487,5,22
78,0.9925995022058487,5,22
79,0.9925995022058487,5,22
80,0.9925995022058487,5,22
81,0.9925995022058487,5,22
82,0.9925995022058487,5,22
83,0.9933734452351928,5,22
84,0.993861033115536,5,22
85,0.993861033115536,5,22
86,0.9942649966105819,5,22
87,0.9972573139239103,5,22
88,0.9972573139239103,5,22
89,0.9972573139239103,5,22
90,0.9972573139239103,5,22
91,0.9972573139239103,5,22
92,0.992394782602787,4,22
93,0.992394782602787,4,22
94,0.992394782602787,4,22
95,0.992394782602787,4,22
96,0.992394782602787,4,22
97,0.9937020665965974,4,22
98,0.9937020665965974,4,22
99,0.9937020665965974,4,22
100,0.9937020665965974,4,22
101,0.9937020665965974,4,22
102,0.9937020665965974,4,22
103,0.9937020665965974,4,22
104,0.9937020665965974,4,22
105,0.9953610701486468,4,22
106,0.9953610701486468,4,22
107,0.9964416855946183,4,22
108,0.9964416855946183,4,22
109,0.9964416855946183,4,22
110,0.9964416855946183,4,22
111,0.9964416855946183,4,22
112,0.9964416855946183,4,22
113,0.9964416855946183,4,22
114,0.9964416855946183,4,22
115,0.9964416855946183,4,22
116,0.9964416855946183,4,22
117,0.9964416855946183,4,22
118,0.9964416855946183,4,22
119,0.9964416855946183,4,22
120,0.9964416855946183,4,22
121,0.9964416855946183,4,22
122,0.9811831191182137,3,22
123,0.9811831191182137,3,22
124,0.9811831191182137,3,22
125,0.9811831191182137,3,22
126,0.9811831191182137,3,22
127,0.9811831191182137,3,22
128,0.9811831191182137,3,22
129,0.9811831191182137,3,22
130,0.99763502785936,4,22
131,0.99763502785936,4,22
132,0.9870161628350616,3,22
133,0.9895101245492697,3,22
134,0.9895101245492697,3,22
135,0.9895101245492697,3,22
136,0.9895101245492697,3,22
137,0.9895101245492697,3,22
138,0.9895101245492697,3,22
139,0.9895101245492697,3,22
140,0.995093903504312,3,22
141,0.995093903504312,3,22
142,0.995093903504312,3,22
143,0.995093903504312,3,22
144,0.995093903504312,3,22
145,0.995093903504312,3,22
146,0.995093903504312,3,22
147,0.995093903504312,3,22
148,0.995093903504312,3,22
149,0.995093903504312,3,22
150,0.995093903504312,3,22
151,0.995093903504312,3,22
152,0.995093903504312,3,22
153,0.995093903504312,3,22
154,0.995093903504312,3,22
155,0.995093903504312,3,22
156,0.995093903504312,3,22
157,0.995093903504312,3,22
158,0.995093903504312,3,22
159,0.995093903504312,3,22
160,0.995093903504312,3,22
161,0.995093903504312,3,22
162,0.995093903504312,3,22
163,0.995093903504312,3,22
164,0.995093903504312,3,22
165,0.995093903504312,3,22
166,0.995093903504312,3,22
167,0.995093903504312,3,22
168,0.995093903504312,3,22
169,0.995093903504312,3,22
170,0.995093903504312,3,22
171,0.995093903504312,3,22
172,0.9957580859772861,3,22
173,0.9957580859772861,3,22
174,0.996525002643466,3,22
175,0.996525002643466,3,22
176,0.996525002643466,3,22
177,0.996525002643466,3,22
178,0.996525002643466,3,22
179,0.996525002643466,3,22
180,0.997746049426496,3,22
181,0.997746049426496,3,22
182,0.997746049426496,3,22
183,0.997746049426496,3,22
184,0.997746049426496,3,22
185,0.997746049426496,3,22
186,0.997746049426496,3,22
187,0.997746049426496,3,22
188,0.997746049426496,3,22
189,0.997746049426496,3,22
190,0.997746049426496,3,22
191,0.997746049426496,3,22
192,0.997746049426496,3,22
193,0.997746049426496,3,22
194,0.997746049426496,3,22
195,0.997746049426496,3,22
196,0.997746049426496,3,22
197,0.997746049426496,3,22
198,0.997746049426496,3,22
199,0.997746049426496,3,22
200,0.997746049426496,3,22
1,0.0001302957534790039,1,23
2,0.0001302957534790039,1,23
3,0.0001302957534790039,1,23
4,0.0001302957534790039,1,23
5,0.0001302957534790039,1,23
6,0.0001494884490966797,1,23
7,0.0001494884490966797,1,23
8,0.0002536177635192871,1,23
9,0.00034606456756591797,1,23
10,0.0003802776336669922,1,23
11,0.0003834962844848633,1,23
12,0.0003834962844848633,1,23
13,0.0003834962844848633,1,23
14,0.0003834962844848633,1,23
15,0.0004634857177734375,1,23
16,0.0005050897598266602,1,23
17,0.0005050897598266602,1,23
18,0.0005050897598266602,1,23
19,0.0005050897598266602,1,23
20,0.0005301833152770996,1,23
21,0.0005301833152770996,1,23
22,0.0005301833152770996,1,23
23,0.0005301833152770996,1,23
24,0.0005301833152770996,1,23
25,0.0005301833152770996,1,23
26,0.0005301833152770996,1,23
27,0.0005301833152770996,1,23
28,0.0005301833152770996,1,23
29,0.0005301833152770996,1,23
30,0.0005301833152770996,1,23
31,0.0005301833152770996,1,23
32,0.0005301833152770996,1,23
33,0.0005335211753845215,1,23
34,0.0005335211753845215,1,23
35,0.0005335211753845215,1,23
36,0.0005335211753845215,1,23
37,0.0005335211753845215,1,23
38,0.0005335211753845215,1,23
39,0.0005335211753845215,1,23
40,0.0005335211753845215,1,23
41,0.0005335211753845215,1,23
42,0.0005335211753845215,1,23
43,0.0005335211753845215,1,23
44,0.0005335211753845215,1,23
45,0.0005335211753845215,1,23
46,0.0005335211753845215,1,23
47,0.0005335211753845215,1,23
48,0.0005335211753845215,1,23
49,0.0005335211753845215,1,23
50,0.0005335211753845215,1,23
51,0.0005335211753845215,1,23
52,0.0005335211753845215,1,23
53,0.0005335211753845215,1,23
54,0.0005335211753845215,1,23
55,0.0005335211753845215,1,23
56,0.0005335211753845215,1,23
57,0.0005335211753845215,1,23
58,0.0005335211753845215,1,23
59,0.0005335211753845215,1,23
60,0.0005335211753845215,1,23
61,0.0005335211753845215,1,23
62,0.0005335211753845215,1,23
63,0.0005335211753845215,1,23
64,0.0005335211753845215,1,23
65,0.0005335211753845215,1,23
66,0.0005335211753845215,1,23
67,0.0005335211753845215,1,23
68,0.0005335211753845215,1,23
69,0.0005335211753845215,1,23
70,0.0005335211753845215,1,23
71,0.0005335211753845215,1,23
72,0.0005335211753845215,1,23
73,0.0005335211753845215,1,23
74,0.0005335211753845215,1,23
75,0.0005335211753845215,1,23
76,0.0005335211753845215,1,23
77,0.0005335211753845215,1,23
78,0.0005335211753845215,1,23
79,0.0005335211753845215,1,23
80,0.0005335211753845215,1,23
81,0.0005335211753845215,1,23
82,0.0005335211753845215,1,23
83,0.0005335211753845215,1,23
84,0.0005335211753845215,1,23
85,0.0005335211753845215,1,23
86,0.0005335211753845215,1,23
87,0.0005335211753845215,1,23
88,0.0005335211753845215,1,23
89,0.0005335211753845215,1,23
90,0.0005335211753845215,1,23
91,0.0005335211753845215,1,23
92,0.0005335211753845215,1,23
93,0.0005335211753845215,1,23
94,0.0005335211753845215,1,23
95,0.0005335211753845215,1,23
96,0.0005335211753845215,1,23
97,0.0005335211753845215,1,23
98,0.0005335211753845215,1,23
99,0.0005335211753845215,1,23
100,0.0005335211753845215,1,23
101,0.0005335211753845215,1,23
102,0.0005335211753845215,1,23
103,0.0005335211753845215,1,23
104,0.0005335211753845215,1,23
105,0.0005335211753845215,1,23
106,0.0005335211753845215,1,23
107,0.0005335211753845215,1,23
108,0.0005335211753845215,1,23
109,0.0005335211753845215,1,23
110,0.0005335211753845215,1,23
111,0.0005335211753845215,1,23
112,0.0005335211753845215,1,23
113,0.0005335211753845215,1,23
114,0.0005335211753845215,1,23
115,0.0005335211753845215,1,23
116,0.0005335211753845215,1,23
117,0.0005335211753845215,1,23
118,0.0005335211753845215,1,23
119,0.0005335211753845215,1,23
120,0.0005335211753845215,1,23
121,0.0005335211753845215,1,23
122,0.0005335211753845215,1,23
123,0.0005335211753845215,1,23
124,0.0005335211753845215,1,23
125,0.0005335211753845215,1,23
126,0.0005335211753845215,1,23
127,0.0005335211753845215,1,23
128,0.0005335211753845215,1,23
129,0.0005335211753845215,1,23
130,0.0005335211753845215,1,23
131,0.0005335211753845215,1,23
132,0.0005335211753845215,1,23
133,0.0005335211753845215,1,23
134,0.0005335211753845215,1,23
135,0.0005335211753845215,1,23
136,0.0005335211753845215,1,23
137,0.0005335211753845215,1,23
138,0.0005335211753845215,1,23
139,0.0005335211753845215,1,23
140,0.0005335211753845215,1,23
141,0.0005335211753845215,1,23
142,0.0005335211753845215,1,23
143,0.0005335211753845215,1,23
144,0.0005335211753845215,1,23
145,0.0005335211753845215,1,23
146,0.0005335211753845215,1,23
147,0.0005335211753845215,1,23
148,0.0005335211753845215,1,23
149,0.0005335211753845215,1,23
150,0.0005335211753845215,1,23
151,0.0005335211753845215,1,23
152,0.0005335211753845215,1,23
153,0.0005335211753845215,1,23
154,0.0005335211753845215,1,23
155,0.0005335211753845215,1,23
156,0.0005335211753845215,1,23
157,0.0005335211753845215,1,23
158,0.0005335211753845215,1,23
159,0.0005335211753845215,1,23
160,0.0005335211753845215,1,23
161,0.0005335211753845215,1,23
162,0.0005335211753845215,1,23
163,0.0005335211753845215,1,23
164,0.0005335211753845215,1,23
165,0.0005335211753845215,1,23
166,0.0005335211753845215,1,23
167,0.0005335211753845215,1,23
168,0.0005335211753845215,1,23
169,0.0005335211753845215,1,23
170,0.0005335211753845215,1,23
171,0.0005335211753845215,1,23
172,0.0005335211753845215,1,23
173,0.0005335211753845215,1,23
174,0.0005335211753845215,1,23
175,0.0005335211753845215,1,23
176,0.0005335211753845215,1,23
177,0.0005335211753845215,1,23
178,0.0005335211753845215,1,23
179,0.0005335211753845215,1,23
180,0.0005335211753845215,1,23
181,0.0005335211753845215,1,23
182,0.0005335211753845215,1,23
183,0.0005335211753845215,1,23
184,0.0005335211753845215,1,23
185,0.0005335211753845215,1,23
186,0.0005335211753845215,1,23
187,0.0005335211753845215,1,23
188,0.0005335211753845215,1,23
189,0.0005335211753845215,1,23
190,0.0005335211753845215,1,23
191,0.0005335211753845215,1,23
192,0.0005335211753845215,1,23
193,0.0005335211753845215,1,23
194,0.0005335211753845215,1,23
195,0.0005335211753845215,1,23
196,0.0005335211753845215,1,23
197,0.0005335211753845215,1,23
198,0.0005335211753845215,1,23
199,0.0005335211753845215,1,23
200,0.0005335211753845215,1,23
1,0.8689274489879608,9,24
2,0.8824791386723518,8,24
3,0.921184316277504,9,24
4,0.8935045674443245,7,24
5,0.8935045674443245,7,24
6,0.9632517695426941,11,24
7,0.9632517695426941,11,24
8,0.9632517695426941,11,24
9,0.9632517695426941,11,24
10,0.9619837030768394,10,24
11,0.9619837030768394,10,24
12,0.9619837030768394,10,24
13,0.9619837030768394,10,24
14,0.995375198777765,12,24
15,0.999266937316861,12,24
16,0.999266937316861,12,24
17,0.999266937316861,12,24
18,0.999266937316861,12,24
19,0.999266937316861,12,24
20,0.9878893392160535,11,24
21,0.9878893392160535,11,24
22,0.9878893392160535,11,24
23,0.9925093739293516,11,24
24,0.9925093739293516,11,24
25,0.9961839143652469,11,24
26,0.9962475339416414,11,24
27,0.9962475339416414,11,24
28,0.984189772978425,10,24
29,0.984189772978425,10,24
30,0.984189772978425,10,24
31,0.9847426982596517,10,24
32,0.9986380666960031,9,24
33,0.9986380666960031,9,24
34,0.9986380666960031,9,24
35,0.9986380666960031,9,24
36,0.9986380666960031,9,24
37,0.9986380666960031,9,24
38,0.9986380666960031,9,24
39,0.9986380666960031,9,24
40,0.9986380666960031,9,24
41,0.9986380666960031,9,24
42,0.9986380666960031,9,24
43,0.9986380666960031,9,24
44,0.9986380666960031,9,24
45,0.9991569827543572,9,24
46,0.9991569827543572,9,24
47,0.9991569827543572,9,24
48,0.9991569827543572,9,24
49,0.9991569827543572,9,24
50,0.9991569827543572,9,24
51,0.9895281987264752,8,24
52,0.9914714815095067,8,24
53,0.9914714815095067,8,24
54,0.9966384598519653,8,24
55,0.9966384598519653,8,24
56,0.9967209282331169,7,24
57,0.9967209282331169,7,24
58,0.9967209282331169,7,24
59,0.9967209282331169,7,24
60,0.9967209282331169,7,24
61,0.9967209282331169,7,24
62,0.9967209282331169,7,24
63,0.9967209282331169,7,24
64,0.9967209282331169,7,24
65,0.9967209282331169,7,24
66,0.9864056808874011,6,24
67,0.9864056808874011,6,24
68,0.9864056808874011,6,24
69,0.9864056808874011,6,24
70,0.9864056808874011,6,24
71,0.9864056808874011,6,24
72,0.9864056808874011,6,24
73,0.9864056808874011,6,24
74,0.9864056808874011,6,24
75,0.9897290300577879,6,24
76,0.9897290300577879,6,24
77,0.9785640686750412,5,24
78,0.9785640686750412,5,24
79,0.9785640686750412,5,24
80,0.9785640686750412,5,24
81,0.9785640686750412,5,24
82,0.9785640686750412,5,24
83,0.9785640686750412,5,24
84,0.9785640686750412,5,24
85,0.9785640686750412,5,24
86,0.9873190373182297,5,24
87,0.9873190373182297,5,24
88,0.9873190373182297,5,24
89,0.9873190373182297,5,24
90,0.9873190373182297,5,24
91,0.9873190373182297,5,24
92,0.9873190373182297,5,24
93,0.9873190373182297,5,24
94,0.9873190373182297,5,24
95,0.9873190373182297,5,24
96,0.9918435458093882,5,24
97,0.9918435458093882,5,24
98,0.9918435458093882,5,24
99,0.9918435458093882,5,24
100,0.9918435458093882,5,24
101,0.9918435458093882,5,24
102,0.9919371344149113,5,24
103,0.9919371344149113,5,24
104,0.9919371344149113,5,24
105,0.9934474639594555,5,24
106,0.9821486920118332,4,24
107,0.9821486920118332,4,24
108,0.9821486920118332,4,24
109,0.9821486920118332,4,24
110,0.9821486920118332,4,24
111,0.9821486920118332,4,24
112,0.9821486920118332,4,24
113,0.9821486920118332,4,24
114,0.9821486920118332,4,24
115,0.9865436460822821,4,24
116,0.9865436460822821,4,24
117,0.9865436460822821,4,24
118,0.9865436460822821,4,24
119,0.9865436460822821,4,24
120,0.9872923661023378,4,24
121,0.9872923661023378,4,24
122,0.9872923661023378,4,24
123,0.9872923661023378,4,24
124,0.9872923661023378,4,24
125,0.9872923661023378,4,24
126,0.9872923661023378,4,24
127,0.9872923661023378,4,24
128,0.9937848621048033,4,24
129,0.9937848621048033,4,24
130,0.9937848621048033,4,24
131,0.9937848621048033,4,24
132,0.9937848621048033,4,24
133,0.9937848621048033,4,24
134,0.9937848621048033,4,24
135,0.9937848621048033,4,24
136,0.9937848621048033,4,24
137,0.9937848621048033,4,24
138,0.9937848621048033,4,24
139,0.9937848621048033,4,24
140,0.9937848621048033,4,24
141,0.9937848621048033,4,24
142,0.9937848621048033,4,24
143,0.9937848621048033,4,24
144,0.9977485465351492,4,24
145,0.9977485465351492,4,24
146,0.9978042347356677,4,24
147,0.9978042347356677,4,24
148,0.9978042347356677,4,24
149,0.9978042347356677,4,24
150,0.9978042347356677,4,24
151,0.9978042347356677,4,24
152,0.9844736233353615,3,24
153,0.9844736233353615,3,24
154,0.9844736233353615,3,24
155,0.9844736233353615,3,24
156,0.9844736233353615,3,24
157,0.9844736233353615,3,24
158,0.9844736233353615,3,24
159,0.9844736233353615,3,24
160,0.9844736233353615,3,24
161,0.9907076302915812,3,24
162,0.9907076302915812,3,24
163,0.9907076302915812,3,24
164,0.9907076302915812,3,24
165,0.9907076302915812,3,24
166,0.9907076302915812,3,24
167,0.9907076302915812,3,24
168,0.9907076302915812,3,24
169,0.9907076302915812,3,24
170,0.9907076302915812,3,24
171,0.9907076302915812,3,24
172,0.9907076302915812,3,24
173,0.9907076302915812,3,24
174,0.9907076302915812,3,24
175,0.9907076302915812,3,24
176,0.9907076302915812,3,24
177,0.9907076302915812,3,24
178,0.9907076302915812,3,24
179,0.9907076302915812,3,24
180,0.9907076302915812,3,24
181,0.9907076302915812,3,24
182,0.9907076302915812,3,24
183,0.9912789603695273,3,24
184,0.9912789603695273,3,24
185,0.9912789603695273,3,24
186,0.9912789603695273,3,24
187,0.9912789603695273,3,24
188,0.9912789603695273,3,24
189,0.9912789603695273,3,24
190,0.9912789603695273,3,24
191,0.9912789603695273,3,24
192,0.9912789603695273,3,24
193,0.9912789603695273,3,24
194,0.9912789603695273,3,24
195,0.9912789603695273,3,24
196,0.9912789603695273,3,24
197,0.9916065977886319,3,24
198,0.9916436020284891,3,24
199,0.9916436020284891,3,24
200,0.9916436020284891,3,24
1,2.014636993408203e-05,1,25
2,2.014636993408203e-05,1,25
3,2.1457672119140625e-05,1,25
4,2.4318695068359375e-05,1,25
5,3.540515899658203e-05,1,25
6,5.1975250244140625e-05,1,25
7,5.1975250244140625e-05,1,25
8,6.628036499023438e-05,1,25
9,7.832050323486328e-05,1,25
10,9.78708267211914e-05,1,25
11,9.78708267211914e-05,1,25
12,0.0001100301742553711,1,25
13,0.0001100301742553711,1,25
14,0.0001214742660522461,1,25
15,0.0001214742660522461,1,25
16,0.0001214742660522461,1,25
17,0.0001214742660522461,1,25
18,0.0001214742660522461,1,25
19,0.0001214742660522461,1,25
20,0.0001214742660522461,1,25
21,0.0001214742660522461,1,25
22,0.0001214742660522461,1,25
23,0.0001214742660522461,1,25
24,0.0001214742660522461,1,25
25,0.0001214742660522461,1,25
26,0.0001214742660522461,1,25
27,0.0001214742660522461,1,25
28,0.0001214742660522461,1,25
29,0.0001214742660522461,1,25
30,0.0001214742660522461,1,25
31,0.0001214742660522461,1,25
32,0.0001214742660522461,1,25
33,0.0001214742660522461,1,25
34,0.0001214742660522461,1,25
35,0.0001214742660522461,1,25
36,0.0001214742660522461,1,25
37,0.0001214742660522461,1,25
38,0.0001214742660522461,1,25
39,0.0001214742660522461,1,25
40,0.0001214742660522461,1,25
41,0.0001214742660522461,1,25
42,0.0001214742660522461,1,25
43,0.0001214742660522461,1,25
44,0.0001214742660522461,1,25
45,0.0001214742660522461,1,25
46,0.0001214742660522461,1,25
47,0.0001214742660522461,1,25
48,0.0001214742660522461,1,25
49,0.0001214742660522461,1,25
50,0.0001214742660522461,1,25
51,0.0001214742660522461,1,25
52,0.0001214742660522461,1,25
53,0.0001214742660522461,1,25
54,0.0001214742660522461,1,25
55,0.0001214742660522461,1,25
56,0.0001214742660522461,1,25
57,0.0001214742660522461,1,25
58,0.0001214742660522461,1,25
59,0.0001214742660522461,1,25
60,0.0001214742660522461,1,25
61,0.0001214742660522461,1,25
62,0.0001214742660522461,1,25
63,0.0001214742660522461,1,25
64,0.0001214742660522461,1,25
65,0.0001214742660522461,1,25
66,0.0001214742660522461,1,25
67,0.0001214742660522461,1,25
68,0.0001214742660522461,1,25
69,0.0001214742660522461,1,25
70,0.0001214742660522461,1,25
71,0.0001214742660522461,1,25
72,0.0001214742660522461,1,25
73,0.0001214742660522461,1,25
74,0.0001214742660522461,1,25
75,0.0001214742660522461,1,25
76,0.0001214742660522461,1,25
77,0.0001214742660522461,1,25
78,0.0001214742660522461,1,25
79,0.0001214742660522461,1,25
80,0.0001214742660522461,1,25
81,0.0001214742660522461,1,25
82,0.0001214742660522461,1,25
83,0.0001214742660522461,1,25
84,0.0001214742660522461,1,25
85,0.0001214742660522461,1,25
86,0.0001214742660522461,1,25
87,0.0001214742660522461,1,25
88,0.0001214742660522461,1,25
89,0.0001214742660522461,1,25
90,0.0001214742660522461,1,25
91,0.0001214742660522461,1,25
92,0.0001214742660522461,1,25
93,0.0001214742660522461,1,25
94,0.0001214742660522461,1,25
95,0.0001214742660522461,1,25
96,0.0001214742660522461,1,25
97,0.0001214742660522461,1,25
98,0.0001214742660522461,1,25
99,0.0001214742660522461,1,25
100,0.0001214742660522461,1,25
101,0.0001214742660522461,1,25
102,0.0001214742660522461,1,25
103,0.0001214742660522461,1,25
104,0.0001214742660522461,1,25
105,0.0001214742660522461,1,25
106,0.0001214742660522461,1,25
107,0.0001214742660522461,1,25
108,0.0001214742660522461,1,25
109,0.0001214742660522461,1,25
110,0.0001214742660522461,1,25
111,0.0001214742660522461,1,25
112,0.0001214742660522461,1,25
113,0.0001214742660522461,1,25
114,0.0001214742660522461,1,25
115,0.0001214742660522461,1,25
116,0.0001214742660522461,1,25
117,0.0001214742660522461,1,25
118,0.0001214742660522461,1,25
119,0.0001214742660522461,1,25
120,0.0001214742660522461,1,25
121,0.0001214742660522461,1,25
122,0.0001214742660522461,1,25
123,0.0001214742660522461,1,25
124,0.0001214742660522461,1,25
125,0.0001214742660522461,1,25
126,0.0001214742660522461,1,25
127,0.0001214742660522461,1,25
128,0.0001214742660522461,1,25
129,0.0001214742660522461,1,25
130,0.0001214742660522461,1,25
131,0.0001214742660522461,1,25
132,0.0001214742660522461,1,25
133,0.0001214742660522461,1,25
134,0.0001214742660522461,1,25
135,0.0001214742660522461,1,25
136,0.0001214742660522461,1,25
137,0.0001214742660522461,1,25
138,0.0001214742660522461,1,25
139,0.0001214742660522461,1,25
140,0.0001214742660522461,1,25
141,0.0001214742660522461,1,25
142,0.0001214742660522461,1,25
143,0.0001214742660522461,1,25
144,0.0001214742660522461,1,25
145,0.0001214742660522461,1,25
146,0.0001214742660522461,1,25
147,0.0001214742660522461,1,25
148,0.0001214742660522461,1,25
149,0.0001214742660522461,1,25
150,0.0001214742660522461,1,25
151,0.0001214742660522461,1,25
152,0.0001214742660522461,1,25
153,0.0001214742660522461,1,25
154,0.0001214742660522461,1,25
155,0.0001214742660522461,1,25
156,0.0001214742660522461,1,25
157,0.0001214742660522461,1,25
158,0.0001214742660522461,1,25
159,0.0001214742660522461,1,25
160,0.0001214742660522461,1,25
161,0.0001214742660522461,1,25
162,0.0001214742660522461,1,25
163,0.0001214742660522461,1,25
164,0.0001214742660522461,1,25
165,0.0001214742660522461,1,25
166,0.0001214742660522461,1,25
167,0.0001214742660522461,1,25
168,0.0001214742660522461,1,25
169,0.0001214742660522461,1,25
170,0.0001214742660522461,1,25
171,0.0001214742660522461,1,25
172,0.0001214742660522461,1,25
173,0.0001214742660522461,1,25
174,0.0001214742660522461,1,25
175,0.0001214742660522461,1,25
176,0.0001214742660522461,1,25
177,0.0001214742660522461,1,25
178,0.0001214742660522461,1,25
179,0.0001214742660522461,1,25
180,0.0001214742660522461,1,25
181,0.0001214742660522461,1,25
182,0.0001214742660522461,1,25
183,0.0001214742660522461,1,25
184,0.0001214742660522461,1,25
185,0.0001214742660522461,1,25
186,0.0001214742660522461,1,25
187,0.0001214742660522461,1,25
188,0.0001214742660522461,1,25
189,0.0001214742660522461,1,25
190,0.0001214742660522461,1,25
191,0.0001214742660522461,1,25
192,0.0001214742660522461,1,25
193,0.0001214742660522461,1,25
194,0.0001214742660522461,1,25
195,0.0001214742660522461,1,25
196,0.0001214742660522461,1,25
197,0.0001214742660522461,1,25
198,0.0001214742660522461,1,25
199,0.0001214742660522461,1,25
200,0.0001214742660522461,1,25
1,0.0004928112030029297,1,26
2,0.0004928112030029297,1,26
3,0.0008541345596313477,1,26
4,0.0009487271308898926,1,26
5,0.0009487271308898926,1,26
6,0.0013651251792907715,1,26
7,0.0013651251792907715,1,26
8,0.0024194717407226562,1,26
9,0.0024194717407226562,1,26
10,0.0024194717407226562,1,26
11,0.0024194717407226562,1,26
12,0.002796769142150879,1,26
13,0.002796769142150879,1,26
14,0.002796769142150879,1,26
15,0.002796769142150879,1,26
16,0.002796769142150879,1,26
17,0.002796769142150879,1,26
18,0.002796769142150879,1,26
19,0.002796769142150879,1,26
20,0.003572523593902588,1,26
21,0.003572523593902588,1,26
22,0.003572523593902588,1,26
23,0.004092097282409668,1,26
24,0.004092097282409668,1,26
25,0.004092097282409668,1,26
26,0.004092097282409668,1,26
27,0.004092097282409668,1,26
28,0.004092097282409668,1,26
29,0.004092097282409668,1,26
30,0.004092097282409668,1,26
31,0.004092097282409668,1,26
32,0.004092097282409668,1,26
33,0.004092097282409668,1,26
34,0.004092097282409668,1,26
35,0.004092097282409668,1,26
36,0.004092097282409668,1,26
37,0.004092097282409668,1,26
38,0.004092097282409668,1,26
39,0.004092097282409668,1,26
40,0.004092097282409668,1,26
41,0.004092097282409668,1,26
42,0.03988713026046753,3,26
43,0.03988713026046753,3,26
44,0.03988713026046753,3,26
45,0.03988713026046753,3,26
46,0.042306363582611084,3,26
47,0.042306363582611084,3,26
48,0.042306363582611084,3,26
49,0.05418062210083008,3,26
50,0.05418062210083008,3,26
51,0.05418062210083008,3,26
52,0.05418062210083008,3,26
53,0.05418062210083008,3,26
54,0.10608142614364624,4,26
55,0.10608142614364624,4,26
56,0.1146845817565918,4,26
57,0.1146845817565918,4,26
58,0.1146845817565918,4,26
59,0.16116350889205933,4,26
60,0.16116350889205933,4,26
61,0.16116350889205933,4,26
62,0.16116350889205933,4,26
63,0.16116350889205933,4,26
64,0.16116350889205933,4,26
65,0.42498600482940674,7,26
66,0.439913272857666,7,26
67,0.439913272857666,7,26
68,0.49557316303253174,8,26
69,0.9361769482493401,9,26
70,0.9361769482493401,9,26
71,0.9361769482493401,9,26
72,0.9794820714741945,8,26
73,0.9794820714741945,8,26
74,0.9794820714741945,8,26
75,0.9794820714741945,8,26
76,0.9794820714741945,8,26
77,0.9794820714741945,8,26
78,0.9794820714741945,8,26
79,0.9794820714741945,8,26
80,0.9794820714741945,8,26
81,0.9885456692427397,8,26
82,0.9895819080993533,8,26
83,0.9895819080993533,8,26
84,0.9895819080993533,8,26
85,0.9895819080993533,8,26
86,0.993028131313622,8,26
87,0.993028131313622,8,26
88,0.993028131313622,8,26
89,0.993028131313622,8,26
90,0.993028131313622,8,26
91,0.993028131313622,8,26
92,0.993028131313622,8,26
93,0.993028131313622,8,26
94,0.993028131313622,8,26
95,0.993028131313622,8,26
96,0.993028131313622,8,26
97,0.994427902624011,8,26
98,0.994427902624011,8,26
99,0.994427902624011,8,26
100,0.994427902624011,8,26
101,0.994427902624011,8,26
102,0.994427902624011,8,26
103,0.994427902624011,8,26
104,0.994427902624011,8,26
105,0.994870682246983,8,26
106,0.994870682246983,8,26
107,0.994870682246983,8,26
108,0.9811630062758923,7,26
109,0.9832496307790279,7,26
110,0.9832496307790279,7,26
111,0.9832496307790279,7,26
112,0.9832496307790279,7,26
113,0.9832496307790279,7,26
114,0.9832496307790279,7,26
115,0.9832496307790279,7,26
116,0.9832496307790279,7,26
117,0.9832496307790279,7,26
118,0.9832496307790279,7,26
119,0.9832496307790279,7,26
120,0.9832496307790279,7,26
121,0.9832496307790279,7,26
122,0.9832496307790279,7,26
123,0.9832496307790279,7,26
124,0.9832496307790279,7,26
125,0.9832496307790279,7,26
126,0.9832496307790279,7,26
127,0.9868511566892266,7,26
128,0.9868511566892266,7,26
129,0.9868511566892266,7,26
130,0.9868511566892266,7,26
131,0.9868511566892266,7,26
132,0.9868511566892266,7,26
133,0.9868511566892266,7,26
134,0.9868511566892266,7,26
135,0.9868511566892266,7,26
136,0.9868511566892266,7,26
137,0.9868511566892266,7,26
138,0.9868511566892266,7,26
139,0.9868511566892266,7,26
140,0.9868511566892266,7,26
141,0.9868511566892266,7,26
142,0.9868511566892266,7,26
143,0.9868511566892266,7,26
144,0.9868511566892266,7,26
145,0.9868511566892266,7,26
146,0.9896521158516407,7,26
147,0.9896521158516407,7,26
148,0.9896521158516407,7,26
149,0.9953875285573304,7,26
150,0.9953875285573304,7,26
151,0.9953875285573304,7,26
152,0.9953875285573304,7,26
153,0.9953875285573304,7,26
154,0.9953875285573304,7,26
155,0.9953875285573304,7,26
156,0.9953875285573304,7,26
157,0.9953875285573304,7,26
158,0.9953875285573304,7,26
159,0.9953875285573304,7,26
160,0.9953875285573304,7,26
161,0.9953875285573304,7,26
162,0.9953875285573304,7,26
163,0.9953875285573304,7,26
164,0.9953875285573304,7,26
165,0.9953875285573304,7,26
166,0.9953875285573304,7,26
167,0.9953875285573304,7,26
168,0.9953875285573304,7,26
169,0.9953875285573304,7,26
170,0.9953875285573304,7,26
171,0.9953875285573304,7,26
172,0.9953875285573304,7,26
173,0.9953875285573304,7,26
174,0.9953875285573304,7,26
175,0.9953875285573304,7,26
176,0.9953875285573304,7,26
177,0.9957492277026176,7,26
178,0.9957492277026176,7,26
179,0.9957492277026176,7,26
180,0.9957492277026176,7,26
181,0.9957492277026176,7,26
182,0.9957492277026176,7,26
183,0.9957492277026176,7,26
184,0.9957492277026176,7,26
185,0.9957492277026176,7,26
186,0.9957492277026176,7,26
187,0.9957492277026176,7,26
188,0.9957492277026176,7,26
189,0.9957492277026176,7,26
190,0.9957492277026176,7,26
191,0.9957492277026176,7,26
192,0.9957492277026176,7,26
193,0.9957492277026176,7,26
194,0.9957492277026176,7,26
195,0.9957492277026176,7,26
196,0.9957492277026176,7,26
197,0.9957492277026176,7,26
198,0.9957492277026176,7,26
199,0.9957492277026176,7,26
200,0.9957492277026176,7,26
1,0.41761159896850586,13,27
2,0.4562031030654907,7,27
3,0.508520245552063,7,27
4,0.7952506989240646,13,27
5,0.8533186912536621,8,27
6,0.8807155564427376,8,27
7,0.938962247222662,9,27
8,0.938962247222662,9,27
9,0.9678847007453442,10,27
10,0.9678847007453442,10,27
11,0.9235330000519753,7,27
12,0.9906144868582487,10,27
13,0.9906144868582487,10,27
14,0.9906144868582487,10,27
15,0.9906144868582487,10,27
16,0.9906144868582487,10,27
17,0.9906144868582487,10,27
18,0.9906144868582487,10,27
19,0.9906144868582487,10,27
20,0.9906144868582487,10,27
21,0.9906144868582487,10,27
22,0.9906144868582487,10,27
23,0.9906144868582487,10,27
24,0.9906144868582487,10,27
25,0.9906144868582487,10,27
26,0.9802911933511496,9,27
27,0.9802911933511496,9,27
28,0.9802911933511496,9,27
29,0.9802911933511496,9,27
30,0.9802911933511496,9,27
31,0.9802911933511496,9,27
32,0.9802911933511496,9,27
33,0.9802911933511496,9,27
34,0.9991179466014728,10,27
35,0.9991179466014728,10,27
36,0.9928303770720959,9,27
37,0.9928303770720959,9,27
38,0.9928303770720959,9,27
39,0.9951489772647619,9,27
40,0.9951489772647619,9,27
41,0.9951489772647619,9,27
42,0.9951489772647619,9,27
43,0.9951489772647619,9,27
44,0.9951489772647619,9,27
45,0.9951489772647619,9,27
46,0.9951489772647619,9,27
47,0.9951489772647619,9,27
48,0.9951489772647619,9,27
49,0.9951489772647619,9,27
50,0.9951489772647619,9,27
51,0.9951489772647619,9,27
52,0.9849692499265075,8,27
53,0.9849692499265075,8,27
54,0.9906515702605247,8,27
55,0.9906515702605247,8,27
56,0.9906515702605247,8,27
57,0.9916143361479044,8,27
58,0.9916143361479044,8,27
59,0.9916143361479044,8,27
60,0.9916143361479044,8,27
61,0.9817234892398119,7,27
62,0.9914268059656024,7,27
63,0.9914268059656024,7,27
64,0.9914268059656024,7,27
65,0.9914268059656024,7,27
66,0.9914268059656024,7,27
67,0.9914268059656024,7,27
68,0.9914268059656024,7,27
69,0.9954186752438545,7,27
70,0.9954186752438545,7,27
71,0.9954186752438545,7,27
72,0.9954186752438545,7,27
73,0.9954186752438545,7,27
74,0.9954186752438545,7,27
75,0.9954186752438545,7,27
76,0.9954186752438545,7,27
77,0.9954186752438545,7,27
78,0.9954186752438545,7,27
79,0.9954186752438545,7,27
80,0.9954186752438545,7,27
81,0.9954186752438545,7,27
82,0.9954186752438545,7,27
83,0.9954186752438545,7,27
84,0.9954186752438545,7,27
85,0.9954186752438545,7,27
86,0.9827700965106487,6,27
87,0.9827700965106487,6,27
88,0.9827700965106487,6,27
89,0.9827700965106487,6,27
90,0.9827700965106487,6,27
91,0.9827700965106487,6,27
92,0.9827700965106487,6,27
93,0.9906063973903656,6,27
94,0.9906063973903656,6,27
95,0.9918157812207937,6,27
96,0.9918157812207937,6,27
97,0.9918157812207937,6,27
98,0.9918157812207937,6,27
99,0.9946166696026921,6,27
100,0.9946166696026921,6,27
101,0.9946166696026921,6,27
102,0.9946166696026921,6,27
103,0.9946166696026921,6,27
104,0.9946166696026921,6,27
105,0.9946166696026921,6,27
106,0.9946166696026921,6,27
107,0.9946166696026921,6,27
108,0.9946166696026921,6,27
109,0.9953175382688642,6,27
110,0.9953175382688642,6,27
111,0.9953175382688642,6,27
112,0.9953175382688642,6,27
113,0.9953175382688642,6,27
114,0.9953175382688642,6,27
115,0.9953175382688642,6,27
116,0.9953175382688642,6,27
117,0.9953175382688642,6,27
118,0.9953175382688642,6,27
119,0.9953175382688642,6,27
120,0.9953175382688642,6,27
121,0.9953175382688642,6,27
122,0.9953175382688642,6,27
123,0.9953175382688642,6,27
124,0.9953175382688642,6,27
125,0.9953175382688642,6,27
126,0.9909001933410764,5,27
127,0.9909001933410764,5,27
128,0.9909001933410764,5,27
129,0.9909001933410764,5,27
130,0.9909001933410764,5,27
131,0.9909001933410764,5,27
132,0.9909001933410764,5,27
133,0.9909001933410764,5,27
134,0.9909001933410764,5,27
135,0.9909001933410764,5,27
136,0.9909001933410764,5,27
137,0.9909001933410764,5,27
138,0.9909001933410764,5,27
139,0.9909001933410764,5,27
140,0.9909001933410764,5,27
141,0.9947407394647598,5,27
142,0.9947407394647598,5,27
143,0.9947407394647598,5,27
144,0.9947407394647598,5,27
145,0.9947407394647598,5,27
146,0.9947407394647598,5,27
147,0.9947407394647598,5,27
148,0.9947407394647598,5,27
149,0.9947407394647598,5,27
150,0.9947407394647598,5,27
151,0.9947407394647598,5,27
152,0.9947407394647598,5,27
153,0.9947407394647598,5,27
154,0.9947407394647598,5,27
155,0.9947407394647598,5,27
156,0.9947407394647598,5,27
157,0.9947407394647598,5,27
158,0.9947407394647598,5,27
159,0.9947407394647598,5,27
160,0.9947407394647598,5,27
161,0.9947407394647598,5,27
162,0.9947407394647598,5,27
163,0.9947407394647598,5,27
164,0.9947407394647598,5,27
165,0.9947407394647598,5,27
166,0.9947407394647598,5,27
167,0.9947407394647598,5,27
168,0.9947407394647598,5,27
169,0.9947407394647598,5,27
170,0.9947407394647598,5,27
171,0.9947407394647598,5,27
172,0.9947407394647598,5,27
173,0.9947407394647598,5,27
174,0.9947407394647598,5,27
175,0.9947407394647598,5,27
176,0.9947407394647598,5,27
177,0.9947407394647598,5,27
178,0.9947407394647598,5,27
179,0.9947407394647598,5,27
180,0.9947407394647598,5,27
181,0.9958566003479064,5,27
182,0.9958566003479064,5,27
183,0.9958566003479064,5,27
184,0.9958566003479064,5,27
185,0.9958566003479064,5,27
186,0.9958566003479064,5,27
187,0.9958566003479064,5,27
188,0.9958566003479064,5,27
189,0.9958566003479064,5,27
190,0.9958566003479064,5,27
191,0.9958566003479064,5,27
192,0.9958566003479064,5,27
193,0.9958566003479064,5,27
194,0.9958566003479064,5,27
195,0.9958271440118551,5,27
196,0.9958271440118551,5,27
197,0.9958271440118551,5,27
198,0.9958271440118551,5,27
199,0.9958271440118551,5,27
200,0.9958271440118551,5,27
1,0.8610162138938904,4,28
2,0.903120867908001,5,28
3,0.903120867908001,5,28
4,0.9713970497250557,9,28
5,0.997201434802264,10,28
6,0.997201434802264,10,28
7,0.9695771466940641,8,28
8,0.9467035382986069,5,28
9,0.9467035382986069,5,28
10,0.9467035382986069,5,28
11,0.9467035382986069,5,28
12,0.9817799776792526,6,28
13,0.9817799776792526,6,28
14,0.968245480209589,5,28
15,0.968245480209589,5,28
16,0.968245480209589,5,28
17,0.968245480209589,5,28
18,0.968245480209589,5,28
19,0.968245480209589,5,28
20,0.968245480209589,5,28
21,0.968245480209589,5,28
22,0.968245480209589,5,28
23,0.968245480209589,5,28
24,0.968245480209589,5,28
25,0.968245480209589,5,28
26,0.968245480209589,5,28
27,0.968245480209589,5,28
28,0.968245480209589,5,28
29,0.968245480209589,5,28
30,0.968245480209589,5,28
31,0.968245480209589,5,28
32,0.968245480209589,5,28
33,0.988817660138011,6,28
34,0.988817660138011,6,28
35,0.988817660138011,6,28
36,0.988817660138011,6,28
37,0.988817660138011,6,28
38,0.9905871227383614,6,28
39,0.9905871227383614,6,28
40,0.9905871227383614,6,28
41,0.9905871227383614,6,28
42,0.9905871227383614,6,28
43,0.9905871227383614,6,28
44,0.9905871227383614,6,28
45,0.9905871227383614,6,28
46,0.9905871227383614,6,28
47,0.9905871227383614,6,28
48,0.9905871227383614,6,28
49,0.9905871227383614,6,28
50,0.9905871227383614,6,28
51,0.9947099690325558,6,28
52,0.9947099690325558,6,28
53,0.9947099690325558,6,28
54,0.9947099690325558,6,28
55,0.9947099690325558,6,28
56,0.9947099690325558,6,28
57,0.9911572700366378,5,28
58,0.9911572700366378,5,28
59,0.9911572700366378,5,28
60,0.9911572700366378,5,28
61,0.9911572700366378,5,28
62,0.9911572700366378,5,28
63,0.9911572700366378,5,28
64,0.9911572700366378,5,28
65,0.9911572700366378,5,28
66,0.9911572700366378,5,28
67,0.9911572700366378,5,28
68,0.9911572700366378,5,28
69,0.9911572700366378,5,28
70,0.9911572700366378,5,28
71,0.9911572700366378,5,28
72,0.993366030510515,5,28
73,0.98661635722965,4,28
74,0.98661635722965,4,28
75,0.98661635722965,4,28
76,0.98661635722965,4,28
77,0.98661635722965,4,28
78,0.98661635722965,4,28
79,0.98661635722965,4,28
80,0.98661635722965,4,28
81,0.98661635722965,4,28
82,0.98661635722965,4,28
83,0.98661635722965,4,28
84,0.98661635722965,4,28
85,0.98661635722965,4,28
86,0.98661635722965,4,28
87,0.98661635722965,4,28
88,0.98661635722965,4,28
89,0.98661635722965,4,28
90,0.98661635722965,4,28
91,0.98661635722965,4,28
92,0.98661635722965,4,28
93,0.98661635722965,4,28
94,0.98661635722965,4,28
95,0.98661635722965,4,28
96,0.98661635722965,4,28
97,0.98661635722965,4,28
98,0.98661635722965,4,28
99,0.98661635722965,4,28
100,0.9891534484922886,4,28
101,0.9891534484922886,4,28
102,0.9932523127645254,4,28
103,0.9932523127645254,4,28
104,0.9932523127645254,4,28
105,0.9932523127645254,4,28
106,0.9932523127645254,4,28
107,0.9932523127645254,4,28
108,0.9932523127645254,4,28
109,0.9932523127645254,4,28
110,0.9932523127645254,4,28
111,0.9932523127645254,4,28
112,0.9938537422567606,4,28
113,0.9938537422567606,4,28
114,0.9938537422567606,4,28
115,0.9938537422567606,4,28
116,0.9955617901869118,4,28
117,0.9955617901869118,4,28
118,0.9955617901869118,4,28
119,0.9955617901869118,4,28
120,0.9955617901869118,4,28
121,0.9955617901869118,4,28
122,0.9955617901869118,4,28
123,0.9955617901869118,4,28
124,0.9955617901869118,4,28
125,0.9955617901869118,4,28
126,0.9955617901869118,4,28
127,0.9955617901869118,4,28
128,0.9955617901869118,4,28
129,0.9955617901869118,4,28
130,0.9955617901869118,4,28
131,0.9955617901869118,4,28
132,0.9955617901869118,4,28
133,0.9955617901869118,4,28
134,0.9955617901869118,4,28
135,0.9955617901869118,4,28
136,0.9806807655841112,3,28
137,0.9806807655841112,3,28
138,0.9806807655841112,3,28
139,0.9806807655841112,3,28
140,0.9900725288316607,3,28
141,0.9900725288316607,3,28
142,0.9900725288316607,3,28
143,0.9900725288316607,3,28
144,0.9900725288316607,3,28
145,0.9900725288316607,3,28
146,0.9900725288316607,3,28
147,0.9900725288316607,3,28
148,0.9900725288316607,3,28
149,0.9900725288316607,3,28
150,0.9900725288316607,3,28
151,0.9900725288316607,3,28
152,0.9900725288316607,3,28
153,0.9900725288316607,3,28
154,0.9900725288316607,3,28
155,0.990744587033987,3,28
156,0.990744587033987,3,28
157,0.990744587033987,3,28
158,0.990744587033987,3,28
159,0.990744587033987,3,28
160,0.990744587033987,3,28
161,0.990744587033987,3,28
162,0.990744587033987,3,28
163,0.9937688424251974,3,28
164,0.9937688424251974,3,28
165,0.9937688424251974,3,28
166,0.9937688424251974,3,28
167,0.9937688424251974,3,28
168,0.9937688424251974,3,28
169,0.9937688424251974,3,28
170,0.9937688424251974,3,28
171,0.9937688424251974,3,28
172,0.9937688424251974,3,28
173,0.9937688424251974,3,28
174,0.9937688424251974,3,28
175,0.9937688424251974,3,28
176,0.9937688424251974,3,28
177,0.9937688424251974,3,28
178,0.9937688424251974,3,28
179,0.9937688424251974,3,28
180,0.9937688424251974,3,28
181,0.9937688424251974,3,28
182,0.9937688424251974,3,28
183,0.9937688424251974,3,28
184,0.9937688424251974,3,28
185,0.9937688424251974,3,28
186,0.9937688424251974,3,28
187,0.9937688424251974,3,28
188,0.9937688424251974,3,28
189,0.9937688424251974,3,28
190,0.9937688424251974,3,28
191,0.9937688424251974,3,28
192,0.9784500412642956,2,28
193,0.9784500412642956,2,28
194,0.9784500412642956,2,28
195,0.9784500412642956,2,28
196,0.9784500412642956,2,28
197,0.9784500412642956,2,28
198,0.9784500412642956,2,28
199,0.9784500412642956,2,28
200,0.9784500412642956,2,28
1,0.0003172159194946289,1,29
2,0.0003172159194946289,1,29
3,0.0003172159194946289,1,29
4,0.0003172159194946289,1,29
5,0.0003172159194946289,1,29
6,0.0004304051399230957,1,29
7,0.0004885196685791016,1,29
8,0.0005005598068237305,1,29
9,0.0009494423866271973,1,29
10,0.0010955333709716797,1,29
11,0.0010955333709716797,1,29
12,0.0010955333709716797,1,29
13,0.0010955333709716797,1,29
14,0.0010955333709716797,1,29
15,0.0010955333709716797,1,29
16,0.0010955333709716797,1,29
17,0.0010955333709716797,1,29
18,0.0010955333709716797,1,29
19,0.0010955333709716797,1,29
20,0.0010955333709716797,1,29
21,0.0010955333709716797,1,29
22,0.0010955333709716797,1,29
23,0.0010955333709716797,1,29
24,0.0010955333709716797,1,29
25,0.0010955333709716797,1,29
26,0.0010955333709716797,1,29
27,0.0010955333709716797,1,29
28,0.0010955333709716797,1,29
29,0.0010955333709716797,1,29
30,0.0010955333709716797,1,29
31,0.0010955333709716797,1,29
32,0.0010955333709716797,1,29
33,0.0010955333709716797,1,29
34,0.0010955333709716797,1,29
35,0.0010955333709716797,1,29
36,0.0010955333709716797,1,29
37,0.0010955333709716797,1,29
38,0.0010955333709716797,1,29
39,0.0010955333709716797,1,29
40,0.0010955333709716797,1,29
41,0.0010955333709716797,1,29
42,0.0010955333709716797,1,29
43,0.0010955333709716797,1,29
44,0.0010955333709716797,1,29
45,0.0010955333709716797,1,29
46,0.0010955333709716797,1,29
47,0.0010955333709716797,1,29
48,0.0010955333709716797,1,29
49,0.0010955333709716797,1,29
50,0.0010955333709716797,1,29
51,0.0010955333709716797,1,29
52,0.0010955333709716797,1,29
53,0.0010955333709716797,1,29
54,0.0010955333709716797,1,29
55,0.0010955333709716797,1,29
56,0.0010955333709716797,1,29
57,0.0010955333709716797,1,29
58,0.0010955333709716797,1,29
59,0.0010955333709716797,1,29
60,0.0010955333709716797,1,29
61,0.0010955333709716797,1,29
62,0.0010955333709716797,1,29
63,0.0010955333709716797,1,29
64,0.0010955333709716797,1,29
65,0.0010955333709716797,1,29
66,0.0010955333709716797,1,29
67,0.0010955333709716797,1,29
68,0.0010955333709716797,1,29
69,0.0010955333709716797,1,29
70,0.0010955333709716797,1,29
71,0.0010955333709716797,1,29
72,0.0010955333709716797,1,29
73,0.0010955333709716797,1,29
74,0.0010955333709716797,1,29
75,0.0010955333709716797,1,29
76,0.0010955333709716797,1,29
77,0.0010955333709716797,1,29
78,0.0010955333709716797,1,29
79,0.0010955333709716797,1,29
80,0.0010955333709716797,1,29
81,0.0010955333709716797,1,29
82,0.0010955333709716797,1,29
83,0.0010955333709716797,1,29
84,0.0010955333709716797,1,29
85,0.0010955333709716797,1,29
86,0.0010955333709716797,1,29
87,0.0010955333709716797,1,29
88,0.0010955333709716797,1,29
89,0.0010955333709716797,1,29
90,0.0010955333709716797,1,29
91,0.0010955333709716797,1,29
92,0.0010955333709716797,1,29
93,0.0010955333709716797,1,29
94,0.0010955333709716797,1,29
95,0.0010955333709716797,1,29
96,0.0010955333709716797,1,29
97,0.0010955333709716797,1,29
98,0.0010955333709716797,1,29
99,0.0010955333709716797,1,29
100,0.0010955333709716797,1,29
101,0.0010955333709716797,1,29
102,0.0010955333709716797,1,29
103,0.0010955333709716797,1,29
104,0.0010955333709716797,1,29
105,0.0010955333709716797,1,29
106,0.0010955333709716797,1,29
107,0.0010955333709716797,1,29
108,0.0010955333709716797,1,29
109,0.0010955333709716797,1,29
110,0.0010955333709716797,1,29
111,0.0010955333709716797,1,29
112,0.0010955333709716797,1,29
113,0.0010955333709716797,1,29
114,0.0010955333709716797,1,29
115,0.0010955333709716797,1,29
116,0.0010955333709716797,1,29
117,0.0010955333709716797,1,29
118,0.0010955333709716797,1,29
119,0.0010955333709716797,1,29
120,0.0010955333709716797,1,29
121,0.0010955333709716797,1,29
122,0.0010955333709716797,1,29
123,0.0010955333709716797,1,29
124,0.0010955333709716797,1,29
125,0.0010955333709716797,1,29
126,0.0010955333709716797,1,29
127,0.0010955333709716797,1,29
128,0.0010955333709716797,1,29
129,0.0010955333709716797,1,29
130,0.0010955333709716797,1,29
131,0.0010955333709716797,1,29
132,0.0010955333709716797,1,29
133,0.0010955333709716797,1,29
134,0.0010955333709716797,1,29
135,0.0010955333709716797,1,29
136,0.0010955333709716797,1,29
137,0.0010955333709716797,1,29
138,0.0010955333709716797,1,29
139,0.0010955333709716797,1,29
140,0.0010955333709716797,1,29
141,0.0010955333709716797,1,29
142,0.0010955333709716797,1,29
143,0.0010955333709716797,1,29
144,0.0010955333709716797,1,29
145,0.0010955333709716797,1,29
146,0.0010955333709716797,1,29
147,0.0010955333709716797,1,29
148,0.0010955333709716797,1,29
149,0.0010955333709716797,1,29
150,0.0010955333709716797,1,29
151,0.0010955333709716797,1,29
152,0.0010955333709716797,1,29
153,0.0010955333709716797,1,29
154,0.0010955333709716797,1,29
155,0.0010955333709716797,1,29
156,0.0010955333709716797,1,29
157,0.0010955333709716797,1,29
158,0.0010955333709716797,1,29
159,0.0010955333709716797,1,29
160,0.0010955333709716797,1,29
161,0.0010955333709716797,1,29
162,0.0010955333709716797,1,29
163,0.0010955333709716797,1,29
164,0.0010955333709716797,1,29
165,0.0010955333709716797,1,29
166,0.0010955333709716797,1,29
167,0.0010955333709716797,1,29
168,0.0010955333709716797,1,29
169,0.0010955333709716797,1,29
170,0.0010955333709716797,1,29
171,0.0010955333709716797,1,29
172,0.0010955333709716797,1,29
173,0.0010955333709716797,1,29
174,0.0010955333709716797,1,29
175,0.0010955333709716797,1,29
176,0.0010955333709716797,1,29
177,0.0010955333709716797,1,29
178,0.0010955333709716797,1,29
179,0.0010955333709716797,1,29
180,0.0010955333709716797,1,29
181,0.0010955333709716797,1,29
182,0.0010955333709716797,1,29
183,0.0010955333709716797,1,29
184,0.0010955333709716797,1,29
185,0.0010955333709716797,1,29
186,0.0010955333709716797,1,29
187,0.0010955333709716797,1,29
188,0.0010955333709716797,1,29
189,0.0010955333709716797,1,29
190,0.0010955333709716797,1,29
191,0.0010955333709716797,1,29
192,0.0010955333709716797,1,29
193,0.0010955333709716797,1,29
194,0.0010955333709716797,1,29
195,0.0010955333709716797,1,29
196,0.0010955333709716797,1,29
197,0.0010955333709716797,1,29
198,0.0010955333709716797,1,29
199,0.0010955333709716797,1,29
200,0.0010955333709716797,1,29
1,0.0006298422813415527,1,30
2,0.0006298422813415527,1,30
3,0.0006332993507385254,1,30
4,0.0006603598594665527,1,30
5,0.0007131695747375488,1,30
6,0.0007131695747375488,1,30
7,0.0009053945541381836,1,30
8,0.0009053945541381836,1,30
9,0.0009170770645141602,1,30
10,0.0010767579078674316,1,30
11,0.0011363029479980469,1,30
12,0.0011363029479980469,1,30
13,0.0014910101890563965,1,30
14,0.0016011595726013184,1,30
15,0.0022757649421691895,1,30
16,0.0022757649421691895,1,30
17,0.0022757649421691895,1,30
18,0.002321779727935791,1,30
19,0.002321779727935791,1,30
20,0.0023750662803649902,1,30
21,0.0023750662803649902,1,30
22,0.0023750662803649902,1,30
23,0.0023750662803649902,1,30
24,0.0023750662803649902,1,30
25,0.0023750662803649902,1,30
26,0.0023750662803649902,1,30
27,0.002395033836364746,1,30
28,0.002414107322692871,1,30
29,0.002414107322692871,1,30
30,0.002467036247253418,1,30
31,0.0025099515914916992,1,30
32,0.0025099515914916992,1,30
33,0.0025099515914916992,1,30
34,0.0025099515914916992,1,30
35,0.0025099515914916992,1,30
36,0.0025099515914916992,1,30
37,0.0025099515914916992,1,30
38,0.0025099515914916992,1,30
39,0.0025099515914916992,1,30
40,0.0025099515914916992,1,30
41,0.0025099515914916992,1,30
42,0.0025099515914916992,1,30
43,0.0025099515914916992,1,30
44,0.0025099515914916992,1,30
45,0.0025099515914916992,1,30
46,0.0025099515914916992,1,30
47,0.0025099515914916992,1,30
48,0.0025099515914916992,1,30
49,0.0025099515914916992,1,30
50,0.0025099515914916992,1,30
51,0.0025099515914916992,1,30
52,0.0025099515914916992,1,30
53,0.0025099515914916992,1,30
54,0.0025099515914916992,1,30
55,0.0025099515914916992,1,30
56,0.0025099515914916992,1,30
57,0.0025099515914916992,1,30
58,0.0025099515914916992,1,30
59,0.0025099515914916992,1,30
60,0.0025099515914916992,1,30
61,0.0025099515914916992,1,30
62,0.0025099515914916992,1,30
63,0.0025099515914916992,1,30
64,0.0025099515914916992,1,30
65,0.0025099515914916992,1,30
66,0.0025099515914916992,1,30
67,0.0025099515914916992,1,30
68,0.0025099515914916992,1,30
69,0.0025099515914916992,1,30
70,0.0025099515914916992,1,30
71,0.0025099515914916992,1,30
72,0.0025099515914916992,1,30
73,0.0025099515914916992,1,30
74,0.0025099515914916992,1,30
75,0.0025099515914916992,1,30
76,0.0025099515914916992,1,30
77,0.0025099515914916992,1,30
78,0.0025099515914916992,1,30
79,0.0025099515914916992,1,30
80,0.0025099515914916992,1,30
81,0.0025099515914916992,1,30
82,0.0025099515914916992,1,30
83,0.0025099515914916992,1,30
84,0.0025099515914916992,1,30
85,0.0025099515914916992,1,30
86,0.0025099515914916992,1,30
87,0.0025099515914916992,1,30
88,0.0025099515914916992,1,30
89,0.0025099515914916992,1,30
90,0.0025099515914916992,1,30
91,0.0025099515914916992,1,30
92,0.0025099515914916992,1,30
93,0.0025099515914916992,1,30
94,0.0025099515914916992,1,30
95,0.0025099515914916992,1,30
96,0.0025099515914916992,1,30
97,0.0025099515914916992,1,30
98,0.0025099515914916992,1,30
99,0.0025099515914916992,1,30
100,0.0025099515914916992,1,30
101,0.0025099515914916992,1,30
102,0.0025099515914916992,1,30
103,0.0025099515914916992,1,30
104,0.0025099515914916992,1,30
105,0.0025099515914916992,1,30
106,0.0025099515914916992,1,30
107,0.0025099515914916992,1,30
108,0.0025099515914916992,1,30
109,0.0025099515914916992,1,30
110,0.0025099515914916992,1,30
111,0.0025099515914916992,1,30
112,0.0025099515914916992,1,30
113,0.0025099515914916992,1,30
114,0.0025099515914916992,1,30
115,0.0025099515914916992,1,30
116,0.0025099515914916992,1,30
117,0.0025099515914916992,1,30
118,0.0025099515914916992,1,30
119,0.0025099515914916992,1,30
120,0.0025099515914916992,1,30
121,0.0025099515914916992,1,30
122,0.0025099515914916992,1,30
123,0.0025099515914916992,1,30
124,0.0025099515914916992,1,30
125,0.0025099515914916992,1,30
126,0.0025099515914916992,1,30
127,0.0025099515914916992,1,30
128,0.0025099515914916992,1,30
129,0.0025099515914916992,1,30
130,0.0025099515914916992,1,30
131,0.0025099515914916992,1,30
132,0.0025099515914916992,1,30
133,0.0025099515914916992,1,30
134,0.0025099515914916992,1,30
135,0.0025099515914916992,1,30
136,0.0025099515914916992,1,30
137,0.0025099515914916992,1,30
138,0.0025099515914916992,1,30
139,0.0025099515914916992,1,30
140,0.0025099515914916992,1,30
141,0.0025099515914916992,1,30
142,0.0025099515914916992,1,30
143,0.0025099515914916992,1,30
144,0.0025099515914916992,1,30
145,0.0025099515914916992,1,30
146,0.0025099515914916992,1,30
147,0.0025099515914916992,1,30
148,0.0025099515914916992,1,30
149,0.0025099515914916992,1,30
150,0.0025099515914916992,1,30
151,0.0025099515914916992,1,30
152,0.0025099515914916992,1,30
153,0.0025099515914916992,1,30
154,0.0025099515914916992,1,30
155,0.0025099515914916992,1,30
156,0.0025099515914916992,1,30
157,0.0025099515914916992,1,30
158,0.0025099515914916992,1,30
159,0.0025099515914916992,1,30
160,0.0025099515914916992,1,30
161,0.0025099515914916992,1,30
162,0.0025099515914916992,1,30
163,0.0025099515914916992,1,30
164,0.0025099515914916992,1,30
165,0.0025099515914916992,1,30
166,0.0025099515914916992,1,30
167,0.0025099515914916992,1,30
168,0.0025099515914916992,1,30
169,0.0025099515914916992,1,30
170,0.0025099515914916992,1,30
171,0.0025099515914916992,1,30
172,0.0025099515914916992,1,30
173,0.0025099515914916992,1,30
174,0.0025099515914916992,1,30
175,0.0025099515914916992,1,30
176,0.0025099515914916992,1,30
177,0.0025099515914916992,1,30
178,0.0025099515914916992,1,30
179,0.0025099515914916992,1,30
180,0.0025099515914916992,1,30
181,0.0025099515914916992,1,30
182,0.0025099515914916992,1,30
183,0.0025099515914916992,1,30
184,0.0025099515914916992,1,30
185,0.0025099515914916992,1,30
186,0.0025099515914916992,1,30
187,0.0025099515914916992,1,30
188,0.0025099515914916992,1,30
189,0.0025099515914916992,1,30
190,0.0025099515914916992,1,30
191,0.0025099515914916992,1,30
192,0.0025099515914916992,1,30
193,0.0025099515914916992,1,30
194,0.0025099515914916992,1,30
195,0.0025099515914916992,1,30
196,0.0025099515914916992,1,30
197,0.0025099515914916992,1,30
198,0.0025099515914916992,1,30
199,0.0025099515914916992,1,30
200,0.0025099515914916992,1,30
1,5.7220458984375e-06,1,31
2,5.7220458984375e-06,1,31
3,5.7220458984375e-06,1,31
4,6.556510925292969e-06,1,31
5,6.556510925292969e-06,1,31
6,1.0967254638671875e-05,1,31
7,1.0967254638671875e-05,1,31
8,1.0967254638671875e-05,1,31
9,1.0967254638671875e-05,1,31
10,1.1682510375976562e-05,1,31
11,2.0623207092285156e-05,1,31
12,2.0623207092285156e-05,1,31
13,2.086162567138672e-05,1,31
14,2.086162567138672e-05,1,31
15,2.086162567138672e-05,1,31
16,2.086162567138672e-05,1,31
17,2.086162567138672e-05,1,31
18,2.086162567138672e-05,1,31
19,2.086162567138672e-05,1,31
20,2.086162567138672e-05,1,31
21,2.086162567138672e-05,1,31
22,2.086162567138672e-05,1,31
23,2.086162567138672e-05,1,31
24,2.086162567138672e-05,1,31
25,2.3126602172851562e-05,1,31
26,2.3126602172851562e-05,1,31
27,2.3126602172851562e-05,1,31
28,2.3126602172851562e-05,1,31
29,2.3126602172851562e-05,1,31
30,2.3245811462402344e-05,1,31
31,2.396106719970703e-05,1,31
32,2.396106719970703e-05,1,31
33,2.4318695068359375e-05,1,31
34,2.4318695068359375e-05,1,31
35,2.4318695068359375e-05,1,31
36,2.4318695068359375e-05,1,31
37,2.4318695068359375e-05,1,31
38,2.4318695068359375e-05,1,31
39,2.4318695068359375e-05,1,31
40,2.4318695068359375e-05,1,31
41,2.4318695068359375e-05,1,31
42,2.4318695068359375e-05,1,31
43,2.4318695068359375e-05,1,31
44,2.4318695068359375e-05,1,31
45,2.4318695068359375e-05,1,31
46,2.4318695068359375e-05,1,31
47,2.4318695068359375e-05,1,31
48,2.4318695068359375e-05,1,31
49,2.4318695068359375e-05,1,31
50,2.4318695068359375e-05,1,31
51,2.4318695068359375e-05,1,31
52,2.4318695068359375e-05,1,31
53,2.4318695068359375e-05,1,31
54,2.4318695068359375e-05,1,31
55,2.4318695068359375e-05,1,31
56,2.4318695068359375e-05,1,31
57,2.4318695068359375e-05,1,31
58,2.4318695068359375e-05,1,31
59,2.4318695068359375e-05,1,31
60,2.4318695068359375e-05,1,31
61,2.4318695068359375e-05,1,31
62,2.4318695068359375e-05,1,31
63,2.4318695068359375e-05,1,31
64,2.4318695068359375e-05,1,31
65,2.4318695068359375e-05,1,31
66,2.4318695068359375e-05,1,31
67,2.4318695068359375e-05,1,31
68,2.4318695068359375e-05,1,31
69,2.4318695068359375e-05,1,31
70,2.4318695068359375e-05,1,31
71,2.4318695068359375e-05,1,31
72,2.4318695068359375e-05,1,31
73,2.4318695068359375e-05,1,31
74,2.4318695068359375e-05,1,31
75,2.4318695068359375e-05,1,31
76,2.4318695068359375e-05,1,31
77,2.4318695068359375e-05,1,31
78,2.4318695068359375e-05,1,31
79,2.4318695068359375e-05,1,31
80,2.4318695068359375e-05,1,31
81,2.4318695068359375e-05,1,31
82,2.4318695068359375e-05,1,31
83,2.4318695068359375e-05,1,31
84,2.4318695068359375e-05,1,31
85,2.4318695068359375e-05,1,31
86,2.4318695068359375e-05,1,31
87,2.4318695068359375e-05,1,31
88,2.4318695068359375e-05,1,31
89,2.4318695068359375e-05,1,31
90,2.4318695068359375e-05,1,31
91,2.4318695068359375e-05,1,31
92,2.4318695068359375e-05,1,31
93,2.4318695068359375e-05,1,31
94,2.4318695068359375e-05,1,31
95,2.4318695068359375e-05,1,31
96,2.4318695068359375e-05,1,31
97,2.4318695068359375e-05,1,31
98,2.4318695068359375e-05,1,31
99,2.4318695068359375e-05,1,31
100,2.4318695068359375e-05,1,31
101,2.4318695068359375e-05,1,31
102,2.4318695068359375e-05,1,31
103,2.4318695068359375e-05,1,31
104,2.4318695068359375e-05,1,31
105,2.4318695068359375e-05,1,31
106,2.4318695068359375e-05,1,31
107,2.4318695068359375e-05,1,31
108,2.4318695068359375e-05,1,31
109,2.4318695068359375e-05,1,31
110,2.4318695068359375e-05,1,31
111,2.4318695068359375e-05,1,31
112,2.4318695068359375e-05,1,31
113,2.4318695068359375e-05,1,31
114,2.4318695068359375e-05,1,31
115,2.4318695068359375e-05,1,31
116,2.4318695068359375e-05,1,31
117,2.4318695068359375e-05,1,31
118,2.4318695068359375e-05,1,31
119,2.4318695068359375e-05,1,31
120,2.4318695068359375e-05,1,31
121,2.4318695068359375e-05,1,31
122,2.4318695068359375e-05,1,31
123,2.4318695068359375e-05,1,31
124,2.4318695068359375e-05,1,31
125,2.4318695068359375e-05,1,31
126,2.4318695068359375e-05,1,31
127,2.4318695068359375e-05,1,31
128,2.4318695068359375e-05,1,31
129,2.4318695068359375e-05,1,31
130,2.4318695068359375e-05,1,31
131,2.4318695068359375e-05,1,31
132,2.4318695068359375e-05,1,31
133,2.4318695068359375e-05,1,31
134,2.4318695068359375e-05,1,31
135,2.4318695068359375e-05,1,31
136,2.4318695068359375e-05,1,31
137,2.4318695068359375e-05,1,31
138,2.4318695068359375e-05,1,31
139,2.4318695068359375e-05,1,31
140,2.4318695068359375e-05,1,31
141,2.4318695068359375e-05,1,31
142,2.4318695068359375e-05,1,31
143,2.4318695068359375e-05,1,31
144,2.4318695068359375e-05,1,31
145,2.4318695068359375e-05,1,31
146,2.4318695068359375e-05,1,31
147,2.4318695068359375e-05,1,31
148,2.4318695068359375e-05,1,31
149,2.4318695068359375e-05,1,31
150,2.4318695068359375e-05,1,31
151,2.4318695068359375e-05,1,31
152,2.4318695068359375e-05,1,31
153,2.4318695068359375e-05,1,31
154,2.4318695068359375e-05,1,31
155,2.4318695068359375e-05,1,31
156,2.4318695068359375e-05,1,31
157,2.4318695068359375e-05,1,31
158,2.4318695068359375e-05,1,31
159,2.4318695068359375e-05,1,31
160,2.4318695068359375e-05,1,31
161,2.4318695068359375e-05,1,31
162,2.4318695068359375e-05,1,31
163,2.4318695068359375e-05,1,31
164,2.4318695068359375e-05,1,31
165,2.4318695068359375e-05,1,31
166,2.4318695068359375e-05,1,31
167,2.4318695068359375e-05,1,31
168,2.4318695068359375e-05,1,31
169,2.4318695068359375e-05,1,31
170,2.4318695068359375e-05,1,31
171,2.4318695068359375e-05,1,31
172,2.4318695068359375e-05,1,31
173,2.4318695068359375e-05,1,31
174,2.4318695068359375e-05,1,31
175,2.4318695068359375e-05,1,31
176,2.4318695068359375e-05,1,31
177,2.4318695068359375e-05,1,31
178,2.4318695068359375e-05,1,31
179,2.4318695068359375e-05,1,31
180,2.4318695068359375e-05,1,31
181,2.4318695068359375e-05,1,31
182,2.4318695068359375e-05,1,31
183,2.4318695068359375e-05,1,31
184,2.4318695068359375e-05,1,31
185,2.4318695068359375e-05,1,31
186,2.4318695068359375e-05,1,31
187,2.4318695068359375e-05,1,31
188,2.4318695068359375e-05,1,31
189,2.4318695068359375e-05,1,31
190,2.4318695068359375e-05,1,31
191,2.4318695068359375e-05,1,31
192,2.4318695068359375e-05,1,31
193,2.4318695068359375e-05,1,31
194,2.4318695068359375e-05,1,31
195,2.4318695068359375e-05,1,31
196,2.4318695068359375e-05,1,31
197,2.4318695068359375e-05,1,31
198,2.4318695068359375e-05,1,31
199,2.4318695068359375e-05,1,31
200,2.4318695068359375e-05,1,31
1,0.0042029619216918945,1,32
2,0.0042029619216918945,1,32
3,0.005294382572174072,1,32
4,0.005294382572174072,1,32
5,0.005294382572174072,1,32
6,0.007782697677612305,1,32
7,0.007782697677612305,1,32
8,0.007782697677612305,1,32
9,0.008555591106414795,1,32
10,0.008555591106414795,1,32
11,0.008555591106414795,1,32
12,0.009602189064025879,1,32
13,0.009602189064025879,1,32
14,0.010701179504394531,1,32
15,0.010701179504394531,1,32
16,0.010701179504394531,1,32
17,0.016697704792022705,1,32
18,0.016697704792022705,1,32
19,0.016697704792022705,1,32
20,0.016697704792022705,1,32
21,0.016697704792022705,1,32
22,0.016697704792022705,1,32
23,0.016697704792022705,1,32
24,0.016697704792022705,1,32
25,0.016697704792022705,1,32
26,0.018883705139160156,1,32
27,0.018883705139160156,1,32
28,0.018883705139160156,1,32
29,0.019627749919891357,1,32
30,0.019627749919891357,1,32
31,0.020532965660095215,1,32
32,0.020532965660095215,1,32
33,0.020532965660095215,1,32
34,0.02057826519012451,1,32
35,0.02057826519012451,1,32
36,0.02057826519012451,1,32
37,0.02057826519012451,1,32
38,0.02057826519012451,1,32
39,0.02057826519012451,1,32
40,0.04587376117706299,2,32
41,0.04587376117706299,2,32
42,0.060000717639923096,2,32
43,0.060000717639923096,2,32
44,0.060000717639923096,2,32
45,0.060000717639923096,2,32
46,0.06021618843078613,2,32
47,0.06232863664627075,2,32
48,0.06232863664627075,2,32
49,0.06232863664627075,2,32
50,0.06232863664627075,2,32
51,0.06232863664627075,2,32
52,0.06232863664627075,2,32
53,0.07849311828613281,2,32
54,0.07849311828613281,2,32
55,0.07849311828613281,2,32
56,0.104067862033844,3,32
57,0.104067862033844,3,32
58,0.104067862033844,3,32
59,0.104067862033844,3,32
60,0.11609148979187012,3,32
61,0.13486844301223755,4,32
62,0.13410502672195435,3,32
63,0.13410502672195435,3,32
64,0.13410502672195435,3,32
65,0.13410502672195435,3,32
66,0.13410502672195435,3,32
67,0.13410502672195435,3,32
68,0.13410502672195435,3,32
69,0.23043274879455566,5,32
70,0.2091531753540039,3,32
71,0.2091531753540039,3,32
72,0.2091531753540039,3,32
73,0.22768765687942505,4,32
74,0.22768765687942505,4,32
75,0.22768765687942505,4,32
76,0.22883272171020508,3,32
77,0.22883272171020508,3,32
78,0.29753679037094116,4,32
79,0.29753679037094116,4,32
80,0.29753679037094116,4,32
81,0.35175347328186035,6,32
82,0.3830525279045105,6,32
83,0.3830525279045105,6,32
84,0.3830525279045105,6,32
85,0.3830525279045105,6,32
86,0.445478618144989,7,32
87,0.445478618144989,7,32
88,0.445478618144989,7,32
89,0.445478618144989,7,32
90,0.445478618144989,7,32
91,0.5294707119464874,9,32
92,0.5200067460536957,8,32
93,0.5200067460536957,8,32
94,0.5438711047172546,7,32
95,0.5438711047172546,7,32
96,0.5438711047172546,7,32
97,0.5438711047172546,7,32
98,0.5438711047172546,7,32
99,0.6392946243286133,10,32
100,0.6392946243286133,10,32
101,0.6392946243286133,10,32
102,0.6392946243286133,10,32
103,0.6597533524036407,10,32
104,0.6708982884883881,10,32
105,0.6708982884883881,10,32
106,0.6708982884883881,10,32
107,0.6708982884883881,10,32
108,0.6593627333641052,9,32
109,0.6593627333641052,9,32
110,0.6823232769966125,9,32
111,0.7792906761169434,8,32
112,0.7792906761169434,8,32
113,0.7792906761169434,8,32
114,0.7792906761169434,8,32
115,0.7792906761169434,8,32
116,0.8388856202363968,10,32
117,0.8388856202363968,10,32
118,0.8388856202363968,10,32
119,0.8388856202363968,10,32
120,0.8388856202363968,10,32
121,0.8753836378455162,11,32
122,0.8753836378455162,11,32
123,0.8753836378455162,11,32
124,0.8753836378455162,11,32
125,0.8753836378455162,11,32
126,0.8753836378455162,11,32
127,0.8753836378455162,11,32
128,0.8753836378455162,11,32
129,0.8753836378455162,11,32
130,0.9030839949846268,11,32
131,0.9030839949846268,11,32
132,0.9030839949846268,11,32
133,0.8922561183571815,10,32
134,0.8922561183571815,10,32
135,0.8922561183571815,10,32
136,0.8922561183571815,10,32
137,0.8922561183571815,10,32
138,0.8922561183571815,10,32
139,0.8922561183571815,10,32
140,0.8922561183571815,10,32
141,0.8922561183571815,10,32
142,0.8922561183571815,10,32
143,0.8922561183571815,10,32
144,0.8922561183571815,10,32
145,0.8922561183571815,10,32
146,0.8922561183571815,10,32
147,0.8922561183571815,10,32
148,0.8922561183571815,10,32
149,0.8922561183571815,10,32
150,0.9122004061937332,10,32
151,0.9122004061937332,10,32
152,0.9122004061937332,10,32
153,0.9122004061937332,10,32
154,0.9122004061937332,10,32
155,0.9122004061937332,10,32
156,0.9122004061937332,10,32
157,0.9122004061937332,10,32
158,0.9122004061937332,10,32
159,0.9122004061937332,10,32
160,0.9122004061937332,10,32
161,0.9122004061937332,10,32
162,0.9122004061937332,10,32
163,0.9122004061937332,10,32
164,0.9122004061937332,10,32
165,0.9122004061937332,10,32
166,0.9122004061937332,10,32
167,0.9122004061937332,10,32
168,0.9122004061937332,10,32
169,0.9122004061937332,10,32
170,0.9122004061937332,10,32
171,0.9122004061937332,10,32
172,0.9122004061937332,10,32
173,0.9122004061937332,10,32
174,0.9122004061937332,10,32
175,0.9122004061937332,10,32
176,0.9122004061937332,10,32
177,0.9122004061937332,10,32
178,0.9122004061937332,10,32
179,0.9122004061937332,10,32
180,0.9122004061937332,10,32
181,0.9122004061937332,10,32
182,0.9122004061937332,10,32
183,0.9122004061937332,10,32
184,0.9370407834649086,11,32
185,0.9370407834649086,11,32
186,0.9370407834649086,11,32
187,0.9370407834649086,11,32
188,0.9370407834649086,11,32
189,0.9370407834649086,11,32
190,0.9370407834649086,11,32
191,0.9370407834649086,11,32
192,0.9370407834649086,11,32
193,0.9370407834649086,11,32
194,0.9370407834649086,11,32
195,0.9370407834649086,11,32
196,0.9370407834649086,11,32
197,0.9370407834649086,11,32
198,0.9370407834649086,11,32
199,0.9370407834649086,11,32
200,0.9370407834649086,11,32
1,0.0003409385681152344,1,33
2,0.0003409385681152344,1,33
3,0.0004051327705383301,1,33
4,0.0005369782447814941,1,33
5,0.0005369782447814941,1,33
6,0.0005369782447814941,1,33
7,0.0005576014518737793,1,33
8,0.0007895231246948242,1,33
9,0.0010411739349365234,1,33
10,0.0010411739349365234,1,33
11,0.0017428994178771973,1,33
12,0.0017428994178771973,1,33
13,0.0017428994178771973,1,33
14,0.0017428994178771973,1,33
15,0.0017428994178771973,1,33
16,0.0017428994178771973,1,33
17,0.0018004179000854492,1,33
18,0.0018004179000854492,1,33
19,0.0018004179000854492,1,33
20,0.0018004179000854492,1,33
21,0.0018004179000854492,1,33
22,0.0018004179000854492,1,33
23,0.0018004179000854492,1,33
24,0.0018004179000854492,1,33
25,0.0018004179000854492,1,33
26,0.0018004179000854492,1,33
27,0.0018004179000854492,1,33
28,0.0018004179000854492,1,33
29,0.0018004179000854492,1,33
30,0.0018004179000854492,1,33
31,0.0018004179000854492,1,33
32,0.0018553733825683594,1,33
33,0.0018553733825683594,1,33
34,0.0018553733825683594,1,33
35,0.0018553733825683594,1,33
36,0.0018553733825683594,1,33
37,0.0018553733825683594,1,33
38,0.0018553733825683594,1,33
39,0.0018553733825683594,1,33
40,0.0018553733825683594,1,33
41,0.0018553733825683594,1,33
42,0.0018553733825683594,1,33
43,0.0018553733825683594,1,33
44,0.0018553733825683594,1,33
45,0.0018553733825683594,1,33
46,0.0018553733825683594,1,33
47,0.0018553733825683594,1,33
48,0.0018553733825683594,1,33
49,0.0018553733825683594,1,33
50,0.0018553733825683594,1,33
51,0.0018553733825683594,1,33
52,0.0018553733825683594,1,33
53,0.0018553733825683594,1,33
54,0.0018553733825683594,1,33
55,0.0018553733825683594,1,33
56,0.0018553733825683594,1,33
57,0.0018553733825683594,1,33
58,0.0018553733825683594,1,33
59,0.0018553733825683594,1,33
60,0.0018553733825683594,1,33
61,0.0018553733825683594,1,33
62,0.0018553733825683594,1,33
63,0.0018553733825683594,1,33
64,0.0018553733825683594,1,33
65,0.0018553733825683594,1,33
66,0.0018553733825683594,1,33
67,0.0018553733825683594,1,33
68,0.0018553733825683594,1,33
69,0.0018553733825683594,1,33
70,0.0018553733825683594,1,33
71,0.0018553733825683594,1,33
72,0.0018553733825683594,1,33
73,0.0018553733825683594,1,33
74,0.0018553733825683594,1,33
75,0.0018553733825683594,1,33
76,0.0018553733825683594,1,33
77,0.0018553733825683594,1,33
78,0.0018553733825683594,1,33
79,0.0018553733825683594,1,33
80,0.0018553733825683594,1,33
81,0.0018553733825683594,1,33
82,0.0018553733825683594,1,33
83,0.0018553733825683594,1,33
84,0.0018553733825683594,1,33
85,0.0018553733825683594,1,33
86,0.0018553733825683594,1,33
87,0.0018553733825683594,1,33
88,0.0018553733825683594,1,33
89,0.0018553733825683594,1,33
90,0.0018553733825683594,1,33
91,0.0018553733825683594,1,33
92,0.0018553733825683594,1,33
93,0.0018553733825683594,1,33
94,0.0018553733825683594,1,33
95,0.0018553733825683594,1,33
96,0.0018553733825683594,1,33
97,0.0018553733825683594,1,33
98,0.0018553733825683594,1,33
99,0.0018553733825683594,1,33
100,0.0018553733825683594,1,33
101,0.0018553733825683594,1,33
102,0.0018553733825683594,1,33
103,0.0018553733825683594,1,33
104,0.0018553733825683594,1,33
105,0.0018553733825683594,1,33
106,0.0018553733825683594,1,33
107,0.0018553733825683594,1,33
108,0.0018553733825683594,1,33
109,0.0018553733825683594,1,33
110,0.0018553733825683594,1,33
111,0.0018553733825683594,1,33
112,0.0018553733825683594,1,33
113,0.0018553733825683594,1,33
114,0.0018553733825683594,1,33
115,0.0018553733825683594,1,33
116,0.0018553733825683594,1,33
117,0.0018553733825683594,1,33
118,0.0018553733825683594,1,33
119,0.0018553733825683594,1,33
120,0.0018553733825683594,1,33
121,0.0018553733825683594,1,33
122,0.0018553733825683594,1,33
123,0.0018553733825683594,1,33
124,0.0018553733825683594,1,33
125,0.0018553733825683594,1,33
126,0.0018553733825683594,1,33
127,0.0018553733825683594,1,33
128,0.0018553733825683594,1,33
129,0.0018553733825683594,1,33
130,0.0018553733825683594,1,33
131,0.0018553733825683594,1,33
132,0.0018553733825683594,1,33
133,0.0018553733825683594,1,33
134,0.0018553733825683594,1,33
135,0.0018553733825683594,1,33
136,0.0018553733825683594,1,33
137,0.0018553733825683594,1,33
138,0.0018553733825683594,1,33
139,0.0018553733825683594,1,33
140,0.0018553733825683594,1,33
141,0.0018553733825683594,1,33
142,0.0018553733825683594,1,33
143,0.0018553733825683594,1,33
144,0.0018553733825683594,1,33
145,0.0018553733825683594,1,33
146,0.0018553733825683594,1,33
147,0.0018553733825683594,1,33
148,0.0018553733825683594,1,33
149,0.0018553733825683594,1,33
150,0.0018553733825683594,1,33
151,0.0018553733825683594,1,33
152,0.0018553733825683594,1,33
153,0.0018553733825683594,1,33
154,0.0018553733825683594,1,33
155,0.0018553733825683594,1,33
156,0.0018553733825683594,1,33
157,0.0018553733825683594,1,33
158,0.0018553733825683594,1,33
159,0.0018553733825683594,1,33
160,0.0018553733825683594,1,33
161,0.0018553733825683594,1,33
162,0.0018553733825683594,1,33
163,0.0018553733825683594,1,33
164,0.0018553733825683594,1,33
165,0.0018553733825683594,1,33
166,0.0018553733825683594,1,33
167,0.0018553733825683594,1,33
168,0.0018553733825683594,1,33
169,0.0018553733825683594,1,33
170,0.0018553733825683594,1,33
171,0.0018553733825683594,1,33
172,0.0018553733825683594,1,33
173,0.0018553733825683594,1,33
174,0.0018553733825683594,1,33
175,0.0018553733825683594,1,33
176,0.0018553733825683594,1,33
177,0.0018553733825683594,1,33
178,0.0018553733825683594,1,33
179,0.0018553733825683594,1,33
180,0.0018553733825683594,1,33
181,0.0018553733825683594,1,33
182,0.0018553733825683594,1,33
183,0.0018553733825683594,1,33
184,0.0018553733825683594,1,33
185,0.0018553733825683594,1,33
186,0.0018553733825683594,1,33
187,0.0018553733825683594,1,33
188,0.0018553733825683594,1,33
189,0.0018553733825683594,1,33
190,0.0018553733825683594,1,33
191,0.0018553733825683594,1,33
192,0.0018553733825683594,1,33
193,0.0018553733825683594,1,33
194,0.0018553733825683594,1,33
195,0.0018553733825683594,1,33
196,0.0018553733825683594,1,33
197,0.0018553733825683594,1,33
198,0.0018553733825683594,1,33
199,0.0018553733825683594,1,33
200,0.0018553733825683594,1,33
1,0.3949814438819885,15,34
2,0.29711276292800903,7,34
3,0.29711276292800903,7,34
4,0.22416627407073975,2,34
5,0.2215108871459961,1,34
6,0.46122920513153076,14,34
7,0.5010130703449249,14,34
8,0.6465904712677002,15,34
9,0.6467565596103668,6,34
10,0.8767741546034813,14,34
11,0.8767741546034813,14,34
12,0.8767741546034813,14,34
13,0.8767741546034813,14,34
14,0.9470647685229778,15,34
15,0.9690920580178499,15,34
16,0.9658794216811657,14,34
17,0.8487962484359741,6,34
18,0.8487962484359741,6,34
19,0.8487962484359741,6,34
20,0.9694737605750561,13,34
21,0.9694737605750561,13,34
22,0.9694343525916338,12,34
23,0.9694343525916338,12,34
24,0.9694343525916338,12,34
25,0.9694343525916338,11,34
26,0.9694343525916338,11,34
27,0.9694343525916338,11,34
28,0.9694343525916338,11,34
29,0.9694343525916338,11,34
30,0.9694343525916338,11,34
31,0.9694343525916338,11,34
32,0.9694343525916338,11,34
33,0.9694343525916338,11,34
34,0.9694343525916338,11,34
35,0.9694343525916338,11,34
36,0.9694343525916338,11,34
37,0.9694343525916338,11,34
38,0.9694343525916338,11,34
39,0.9694343525916338,11,34
40,0.9694343525916338,11,34
41,0.9694343525916338,11,34
42,0.9694343525916338,11,34
43,0.9723205659538507,11,34
44,0.9723205659538507,11,34
45,0.9723205659538507,11,34
46,0.9723205659538507,11,34
47,0.9723205659538507,11,34
48,0.9723205659538507,11,34
49,0.9723205659538507,11,34
50,0.9723205659538507,11,34
51,0.9723205659538507,11,34
52,0.9723205659538507,11,34
53,0.9723205659538507,11,34
54,0.9723205659538507,11,34
55,0.9723205659538507,11,34
56,0.9723205659538507,11,34
57,0.9723205659538507,11,34
58,0.9723205659538507,11,34
59,0.9723205659538507,11,34
60,0.9723205659538507,11,34
61,0.9723205659538507,11,34
62,0.9723205659538507,11,34
63,0.9723205659538507,11,34
64,0.9723205659538507,11,34
65,0.9723205659538507,11,34
66,0.9723205659538507,11,34
67,0.9723205659538507,11,34
68,0.9723205659538507,11,34
69,0.9723205659538507,11,34
70,0.9723205659538507,11,34
71,0.9723205659538507,11,34
72,0.9723205659538507,11,34
73,0.9794321730732918,10,34
74,0.9794321730732918,10,34
75,0.9794321730732918,10,34
76,0.9794321730732918,10,34
77,0.9794321730732918,10,34
78,0.9794321730732918,10,34
79,0.9794321730732918,10,34
80,0.9794321730732918,10,34
81,0.9794321730732918,10,34
82,0.9794321730732918,10,34
83,0.9794321730732918,10,34
84,0.9794321730732918,10,34
85,0.9794321730732918,10,34
86,0.9794321730732918,10,34
87,0.9794321730732918,10,34
88,0.9794321730732918,10,34
89,0.9794321730732918,10,34
90,0.9794321730732918,10,34
91,0.9154198691248894,6,34
92,0.9154198691248894,6,34
93,0.9154198691248894,6,34
94,0.9154198691248894,6,34
95,0.9154198691248894,6,34
96,0.9154198691248894,6,34
97,0.9154198691248894,6,34
98,0.9154198691248894,6,34
99,0.9154198691248894,6,34
100,0.9154198691248894,6,34
101,0.9154198691248894,6,34
102,0.9154198691248894,6,34
103,0.9154198691248894,6,34
104,0.9154198691248894,6,34
105,0.9154198691248894,6,34
106,0.9154198691248894,6,34
107,0.9154198691248894,6,34
108,0.9154198691248894,6,34
109,0.9154198691248894,6,34
110,0.9154198691248894,6,34
111,0.9154198691248894,6,34
112,0.9154198691248894,6,34
113,0.9154198691248894,6,34
114,0.9154198691248894,6,34
115,0.9154198691248894,6,34
116,0.9154198691248894,6,34
117,0.9154198691248894,6,34
118,0.9154198691248894,6,34
119,0.9154198691248894,6,34
120,0.9154198691248894,6,34
121,0.9154198691248894,6,34
122,0.9154198691248894,6,34
123,0.9154198691248894,6,34
124,0.9154198691248894,6,34
125,0.9154198691248894,6,34
126,0.9154198691248894,6,34
127,0.9154198691248894,6,34
128,0.9154198691248894,6,34
129,0.9154198691248894,6,34
130,0.9154198691248894,6,34
131,0.9154198691248894,6,34
132,0.9154198691248894,6,34
133,0.9154198691248894,6,34
134,0.9154198691248894,6,34
135,0.9154198691248894,6,34
136,0.9154198691248894,6,34
137,0.9154198691248894,6,34
138,0.9154198691248894,6,34
139,0.9154198691248894,6,34
140,0.9154198691248894,6,34
141,0.9154198691248894,6,34
142,0.9154198691248894,6,34
143,0.9154198691248894,6,34
144,0.9154198691248894,6,34
145,0.9154198691248894,6,34
146,0.9154198691248894,6,34
147,0.9154198691248894,6,34
148,0.9154198691248894,6,34
149,0.9154198691248894,6,34
150,0.9154198691248894,6,34
151,0.9154198691248894,6,34
152,0.9154198691248894,6,34
153,0.9154198691248894,6,34
154,0.9154198691248894,6,34
155,0.9154198691248894,6,34
156,0.9154198691248894,6,34
157,0.9154198691248894,6,34
158,0.9154198691248894,6,34
159,0.9154198691248894,6,34
160,0.9154198691248894,6,34
161,0.9154198691248894,6,34
162,0.9154198691248894,6,34
163,0.9154198691248894,6,34
164,0.9154198691248894,6,34
165,0.9154198691248894,6,34
166,0.9154198691248894,6,34
167,0.9154198691248894,6,34
168,0.9154198691248894,6,34
169,0.9154198691248894,6,34
170,0.9154198691248894,6,34
171,0.9154198691248894,6,34
172,0.9154198691248894,6,34
173,0.9154198691248894,6,34
174,0.9154198691248894,6,34
175,0.9154198691248894,6,34
176,0.9154198691248894,6,34
177,0.9154198691248894,6,34
178,0.9154198691248894,6,34
179,0.9896074067801237,10,34
180,0.9896074067801237,10,34
181,0.9896074067801237,10,34
182,0.9896074067801237,10,34
183,0.9896074067801237,10,34
184,0.9896074067801237,10,34
185,0.9896074067801237,10,34
186,0.9896074067801237,10,34
187,0.9896074067801237,10,34
188,0.9896074067801237,10,34
189,0.9896074067801237,10,34
190,0.9896074067801237,10,34
191,0.9896074067801237,10,34
192,0.9896074067801237,10,34
193,0.9896074067801237,10,34
194,0.9896074067801237,10,34
195,0.9896074067801237,10,34
196,0.9896074067801237,10,34
197,0.9896074067801237,10,34
198,0.9896074067801237,10,34
199,0.9896074067801237,10,34
200,0.9896074067801237,10,34
1,0.8777448162436485,8,35
2,0.9558143727481365,10,35
3,0.972138237208128,8,35
4,0.9776938892900944,8,35
5,0.9776938892900944,8,35
6,0.9776938892900944,8,35
7,0.9776938892900944,8,35
8,0.9776938892900944,8,35
9,0.9776938892900944,8,35
10,0.9776938892900944,8,35
11,0.9776938892900944,8,35
12,0.9776938892900944,8,35
13,0.9776938892900944,8,35
14,0.9787503611296415,7,35
15,0.9787503611296415,7,35
16,0.9787503611296415,7,35
17,0.9787503611296415,7,35
18,0.9787503611296415,7,35
19,0.9787503611296415,7,35
20,0.9787503611296415,7,35
21,0.9787503611296415,7,35
22,0.9837277643382549,7,35
23,0.9837277643382549,7,35
24,0.9837277643382549,7,35
25,0.9852847354486585,7,35
26,0.9852847354486585,7,35
27,0.9852847354486585,7,35
28,0.9852847354486585,7,35
29,0.986940679140389,7,35
30,0.989803072065115,7,35
31,0.989803072065115,7,35
32,0.989803072065115,7,35
33,0.9966396703384817,7,35
34,0.9966396703384817,7,35
35,0.9877818487584591,6,35
36,0.9945291941985488,6,35
37,0.9945291941985488,6,35
38,0.9945291941985488,6,35
39,0.9945291941985488,6,35
40,0.9945291941985488,6,35
41,0.9945291941985488,6,35
42,0.998271326883696,6,35
43,0.998271326883696,6,35
44,0.998271326883696,6,35
45,0.998271326883696,6,35
46,0.998271326883696,6,35
47,0.998271326883696,6,35
48,0.998271326883696,6,35
49,0.998271326883696,6,35
50,0.998271326883696,6,35
51,0.998271326883696,6,35
52,0.998271326883696,6,35
53,0.998271326883696,6,35
54,0.998271326883696,6,35
55,0.9905535420402884,5,35
56,0.9905535420402884,5,35
57,0.9905535420402884,5,35
58,0.9905535420402884,5,35
59,0.9905535420402884,5,35
60,0.9935944881290197,5,35
61,0.9935944881290197,5,35
62,0.9935944881290197,5,35
63,0.9935944881290197,5,35
64,0.9935944881290197,5,35
65,0.996373032219708,5,35
66,0.996373032219708,5,35
67,0.9882684471085668,4,35
68,0.9882684471085668,4,35
69,0.9882684471085668,4,35
70,0.9882684471085668,4,35
71,0.9882684471085668,4,35
72,0.9882684471085668,4,35
73,0.9882684471085668,4,35
74,0.9882684471085668,4,35
75,0.9882684471085668,4,35
76,0.9882684471085668,4,35
77,0.9882684471085668,4,35
78,0.9882684471085668,4,35
79,0.9882684471085668,4,35
80,0.9882684471085668,4,35
81,0.9882684471085668,4,35
82,0.9975942068267614,4,35
83,0.9975942068267614,4,35
84,0.9975942068267614,4,35
85,0.9975942068267614,4,35
86,0.9975942068267614,4,35
87,0.9975942068267614,4,35
88,0.9975942068267614,4,35
89,0.9975942068267614,4,35
90,0.9975942068267614,4,35
91,0.9975942068267614,4,35
92,0.9975942068267614,4,35
93,0.9975942068267614,4,35
94,0.9975942068267614,4,35
95,0.9975942068267614,4,35
96,0.9975942068267614,4,35
97,0.9975942068267614,4,35
98,0.9975942068267614,4,35
99,0.9975942068267614,4,35
100,0.9975942068267614,4,35
101,0.9975942068267614,4,35
102,0.9977448519784957,4,35
103,0.9978665735106915,4,35
104,0.9978665735106915,4,35
105,0.9978665735106915,4,35
106,0.9978665735106915,4,35
107,0.9978665735106915,4,35
108,0.9978665735106915,4,35
109,0.9978665735106915,4,35
110,0.9978665735106915,4,35
111,0.9978665735106915,4,35
112,0.9978665735106915,4,35
113,0.987786827608943,3,35
114,0.987786827608943,3,35
115,0.9893040135502815,3,35
116,0.9893040135502815,3,35
117,0.9893040135502815,3,35
118,0.9893040135502815,3,35
119,0.9893040135502815,3,35
120,0.9893040135502815,3,35
121,0.9893040135502815,3,35
122,0.9893040135502815,3,35
123,0.9893040135502815,3,35
124,0.9904446788132191,3,35
125,0.9904446788132191,3,35
126,0.9904446788132191,3,35
127,0.9904446788132191,3,35
128,0.9904446788132191,3,35
129,0.9906119182705879,3,35
130,0.9961927216500044,3,35
131,0.9961927216500044,3,35
132,0.9961927216500044,3,35
133,0.9961927216500044,3,35
134,0.9961927216500044,3,35
135,0.9961927216500044,3,35
136,0.9965456686913967,3,35
137,0.9965456686913967,3,35
138,0.9965456686913967,3,35
139,0.9965456686913967,3,35
140,0.9966959590092301,3,35
141,0.9966959590092301,3,35
142,0.9966959590092301,3,35
143,0.9966959590092301,3,35
144,0.9966959590092301,3,35
145,0.9966959590092301,3,35
146,0.9966959590092301,3,35
147,0.9966959590092301,3,35
148,0.9966959590092301,3,35
149,0.9966959590092301,3,35
150,0.9972489704377949,3,35
151,0.9972489704377949,3,35
152,0.9972489704377949,3,35
153,0.9972489704377949,3,35
154,0.9972489704377949,3,35
155,0.9972489704377949,3,35
156,0.9972489704377949,3,35
157,0.9972489704377949,3,35
158,0.9972489704377949,3,35
159,0.9980403559748083,3,35
160,0.9980403559748083,3,35
161,0.9980403559748083,3,35
162,0.9980403559748083,3,35
163,0.9980403559748083,3,35
164,0.9980403559748083,3,35
165,0.9980403559748083,3,35
166,0.9980403559748083,3,35
167,0.9980403559748083,3,35
168,0.9980403559748083,3,35
169,0.9980403559748083,3,35
170,0.9980403559748083,3,35
171,0.9980403559748083,3,35
172,0.9980403559748083,3,35
173,0.9980403559748083,3,35
174,0.9980403559748083,3,35
175,0.9980403559748083,3,35
176,0.9980403559748083,3,35
177,0.9980403559748083,3,35
178,0.9980403559748083,3,35
179,0.9980403559748083,3,35
180,0.9980403559748083,3,35
181,0.9980403559748083,3,35
182,0.9980403559748083,3,35
183,0.9980403559748083,3,35
184,0.9980403559748083,3,35
185,0.9980403559748083,3,35
186,0.9980403559748083,3,35
187,0.9980403559748083,3,35
188,0.9980403559748083,3,35
189,0.9980403559748083,3,35
190,0.9980403559748083,3,35
191,0.9980403559748083,3,35
192,0.9980403559748083,3,35
193,0.9980403559748083,3,35
194,0.9980403559748083,3,35
195,0.9980403559748083,3,35
196,0.9980403559748083,3,35
197,0.9980403559748083,3,35
198,0.9980403559748083,3,35
199,0.9980403559748083,3,35
200,0.9980403559748083,3,35
1,8.881092071533203e-05,1,36
2,8.881092071533203e-05,1,36
3,0.00011444091796875,1,36
4,0.00011444091796875,1,36
5,0.00011444091796875,1,36
6,0.00011444091796875,1,36
7,0.0001735091209411621,1,36
8,0.0002910494804382324,1,36
9,0.0002910494804382324,1,36
10,0.0003091096878051758,1,36
11,0.0003091096878051758,1,36
12,0.0003091096878051758,1,36
13,0.00036334991455078125,1,36
14,0.00036334991455078125,1,36
15,0.00036334991455078125,1,36
16,0.0004151463508605957,1,36
17,0.0004151463508605957,1,36
18,0.0004151463508605957,1,36
19,0.0004151463508605957,1,36
20,0.0004151463508605957,1,36
21,0.0004151463508605957,1,36
22,0.0004151463508605957,1,36
23,0.0004151463508605957,1,36
24,0.0004151463508605957,1,36
25,0.0004151463508605957,1,36
26,0.0004151463508605957,1,36
27,0.000422060489654541,1,36
28,0.000422060489654541,1,36
29,0.000422060489654541,1,36
30,0.000422060489654541,1,36
31,0.000422060489654541,1,36
32,0.000422060489654541,1,36
33,0.000422060489654541,1,36
34,0.000422060489654541,1,36
35,0.000422060489654541,1,36
36,0.000422060489654541,1,36
37,0.000422060489654541,1,36
38,0.000422060489654541,1,36
39,0.000422060489654541,1,36
40,0.000422060489654541,1,36
41,0.000422060489654541,1,36
42,0.000422060489654541,1,36
43,0.000422060489654541,1,36
44,0.000422060489654541,1,36
45,0.000422060489654541,1,36
46,0.000422060489654541,1,36
47,0.000422060489654541,1,36
48,0.000422060489654541,1,36
49,0.000422060489654541,1,36
50,0.000422060489654541,1,36
51,0.000422060489654541,1,36
52,0.000422060489654541,1,36
53,0.000422060489654541,1,36
54,0.000422060489654541,1,36
55,0.000422060489654541,1,36
56,0.000422060489654541,1,36
57,0.000422060489654541,1,36
58,0.000422060489654541,1,36
59,0.000422060489654541,1,36
60,0.000422060489654541,1,36
61,0.000422060489654541,1,36
62,0.000422060489654541,1,36
63,0.000422060489654541,1,36
64,0.000422060489654541,1,36
65,0.000422060489654541,1,36
66,0.000422060489654541,1,36
67,0.000422060489654541,1,36
68,0.000422060489654541,1,36
69,0.000422060489654541,1,36
70,0.000422060489654541,1,36
71,0.000422060489654541,1,36
72,0.000422060489654541,1,36
73,0.000422060489654541,1,36
74,0.000422060489654541,1,36
75,0.000422060489654541,1,36
76,0.000422060489654541,1,36
77,0.000422060489654541,1,36
78,0.000422060489654541,1,36
79,0.000422060489654541,1,36
80,0.000422060489654541,1,36
81,0.000422060489654541,1,36
82,0.000422060489654541,1,36
83,0.000422060489654541,1,36
84,0.000422060489654541,1,36
85,0.000422060489654541,1,36
86,0.000422060489654541,1,36
87,0.000422060489654541,1,36
88,0.000422060489654541,1,36
89,0.000422060489654541,1,36
90,0.000422060489654541,1,36
91,0.000422060489654541,1,36
92,0.000422060489654541,1,36
93,0.000422060489654541,1,36
94,0.000422060489654541,1,36
95,0.000422060489654541,1,36
96,0.000422060489654541,1,36
97,0.000422060489654541,1,36
98,0.000422060489654541,1,36
99,0.000422060489654541,1,36
100,0.000422060489654541,1,36
101,0.000422060489654541,1,36
102,0.000422060489654541,1,36
103,0.000422060489654541,1,36
104,0.000422060489654541,1,36
105,0.000422060489654541,1,36
106,0.000422060489654541,1,36
107,0.000422060489654541,1,36
108,0.000422060489654541,1,36
109,0.000422060489654541,1,36
110,0.000422060489654541,1,36
111,0.000422060489654541,1,36
112,0.000422060489654541,1,36
113,0.000422060489654541,1,36
114,0.000422060489654541,1,36
115,0.000422060489654541,1,36
116,0.000422060489654541,1,36
117,0.000422060489654541,1,36
118,0.000422060489654541,1,36
119,0.000422060489654541,1,36
120,0.000422060489654541,1,36
121,0.000422060489654541,1,36
122,0.000422060489654541,1,36
123,0.000422060489654541,1,36
124,0.000422060489654541,1,36
125,0.000422060489654541,1,36
126,0.000422060489654541,1,36
127,0.000422060489654541,1,36
128,0.000422060489654541,1,36
129,0.000422060489654541,1,36
130,0.000422060489654541,1,36
131,0.000422060489654541,1,36
132,0.000422060489654541,1,36
133,0.000422060489654541,1,36
134,0.000422060489654541,1,36
135,0.000422060489654541,1,36
136,0.000422060489654541,1,36
137,0.000422060489654541,1,36
138,0.000422060489654541,1,36
139,0.000422060489654541,1,36
140,0.000422060489654541,1,36
141,0.000422060489654541,1,36
142,0.000422060489654541,1,36
143,0.000422060489654541,1,36
144,0.000422060489654541,1,36
145,0.000422060489654541,1,36
146,0.000422060489654541,1,36
147,0.000422060489654541,1,36
148,0.000422060489654541,1,36
149,0.000422060489654541,1,36
150,0.000422060489654541,1,36
151,0.000422060489654541,1,36
152,0.000422060489654541,1,36
153,0.000422060489654541,1,36
154,0.000422060489654541,1,36
155,0.000422060489654541,1,36
156,0.000422060489654541,1,36
157,0.000422060489654541,1,36
158,0.000422060489654541,1,36
159,0.000422060489654541,1,36
160,0.000422060489654541,1,36
161,0.000422060489654541,1,36
162,0.000422060489654541,1,36
163,0.000422060489654541,1,36
164,0.000422060489654541,1,36
165,0.000422060489654541,1,36
166,0.000422060489654541,1,36
167,0.000422060489654541,1,36
168,0.000422060489654541,1,36
169,0.000422060489654541,1,36
170,0.000422060489654541,1,36
171,0.000422060489654541,1,36
172,0.000422060489654541,1,36
173,0.000422060489654541,1,36
174,0.000422060489654541,1,36
175,0.000422060489654541,1,36
176,0.000422060489654541,1,36
177,0.000422060489654541,1,36
178,0.000422060489654541,1,36
179,0.000422060489654541,1,36
180,0.000422060489654541,1,36
181,0.000422060489654541,1,36
182,0.000422060489654541,1,36
183,0.000422060489654541,1,36
184,0.000422060489654541,1,36
185,0.000422060489654541,1,36
186,0.000422060489654541,1,36
187,0.000422060489654541,1,36
188,0.000422060489654541,1,36
189,0.000422060489654541,1,36
190,0.000422060489654541,1,36
191,0.000422060489654541,1,36
192,0.000422060489654541,1,36
193,0.000422060489654541,1,36
194,0.000422060489654541,1,36
195,0.000422060489654541,1,36
196,0.000422060489654541,1,36
197,0.000422060489654541,1,36
198,0.000422060489654541,1,36
199,0.000422060489654541,1,36
200,0.000422060489654541,1,36
1,0.819623276591301,15,37
2,0.8553506284952164,11,37
3,0.9244586601853371,12,37
4,0.9737998358905315,11,37
5,0.9737998358905315,11,37
6,0.9737998358905315,11,37
7,0.9737998358905315,11,37
8,0.9737998358905315,11,37
9,0.9737998358905315,11,37
10,0.9737998358905315,11,37
11,0.9737998358905315,11,37
12,0.9737998358905315,11,37
13,0.9737998358905315,11,37
14,0.992799025028944,12,37
15,0.9935663025826216,12,37
16,0.9856530735269189,11,37
17,0.9856530735269189,11,37
18,0.9856530735269189,11,37
19,0.9856530735269189,11,37
20,0.9890419766306877,11,37
21,0.9762836694717407,10,37
22,0.9762836694717407,10,37
23,0.9762836694717407,10,37
24,0.9984487493056804,11,37
25,0.9987589586526155,11,37
26,0.9819212276488543,9,37
27,0.9819212276488543,9,37
28,0.9819212276488543,9,37
29,0.9819212276488543,9,37
30,0.9819212276488543,9,37
31,0.9819212276488543,9,37
32,0.9819212276488543,9,37
33,0.9819212276488543,9,37
34,0.9819212276488543,9,37
35,0.9819212276488543,9,37
36,0.9819212276488543,9,37
37,0.9819212276488543,9,37
38,0.9819212276488543,9,37
39,0.9931000890210271,9,37
40,0.9931000890210271,9,37
41,0.9931000890210271,9,37
42,0.9963317264337093,9,37
43,0.9963317264337093,9,37
44,0.9963317264337093,9,37
45,0.9963317264337093,9,37
46,0.9963317264337093,9,37
47,0.9963317264337093,9,37
48,0.9963317264337093,9,37
49,0.9963317264337093,9,37
50,0.9963317264337093,9,37
51,0.9921788349747658,8,37
52,0.9921788349747658,8,37
53,0.9921788349747658,8,37
54,0.9921788349747658,8,37
55,0.9921788349747658,8,37
56,0.9971176013350487,8,37
57,0.9971176013350487,8,37
58,0.9971176013350487,8,37
59,0.9971176013350487,8,37
60,0.9971176013350487,8,37
61,0.9971176013350487,8,37
62,0.9971176013350487,8,37
63,0.9971176013350487,8,37
64,0.9960279641672969,7,37
65,0.9960279641672969,7,37
66,0.9960279641672969,7,37
67,0.9960279641672969,7,37
68,0.9960279641672969,7,37
69,0.9960279641672969,7,37
70,0.9983464237302542,7,37
71,0.9983464237302542,7,37
72,0.9983464237302542,7,37
73,0.9983464237302542,7,37
74,0.9983464237302542,7,37
75,0.9983464237302542,7,37
76,0.9983464237302542,7,37
77,0.9983464237302542,7,37
78,0.9983464237302542,7,37
79,0.9983464237302542,7,37
80,0.9983464237302542,7,37
81,0.9902248987928033,6,37
82,0.9902248987928033,6,37
83,0.9902248987928033,6,37
84,0.9902248987928033,6,37
85,0.9902248987928033,6,37
86,0.9902248987928033,6,37
87,0.9902248987928033,6,37
88,0.9902248987928033,6,37
89,0.992000775411725,6,37
90,0.992000775411725,6,37
91,0.992000775411725,6,37
92,0.992000775411725,6,37
93,0.992000775411725,6,37
94,0.992000775411725,6,37
95,0.992000775411725,6,37
96,0.992000775411725,6,37
97,0.992000775411725,6,37
98,0.9945773393847048,6,37
99,0.9953580293804407,6,37
100,0.9953580293804407,6,37
101,0.9953580293804407,6,37
102,0.9882561955600977,5,37
103,0.9882561955600977,5,37
104,0.9882561955600977,5,37
105,0.9882561955600977,5,37
106,0.9882561955600977,5,37
107,0.9882561955600977,5,37
108,0.9882561955600977,5,37
109,0.9902482805773616,5,37
110,0.9932290548458695,5,37
111,0.9932290548458695,5,37
112,0.9932290548458695,5,37
113,0.9932290548458695,5,37
114,0.9932290548458695,5,37
115,0.9932290548458695,5,37
116,0.9932290548458695,5,37
117,0.9932290548458695,5,37
118,0.9932290548458695,5,37
119,0.9932290548458695,5,37
120,0.9932290548458695,5,37
121,0.9932290548458695,5,37
122,0.9932290548458695,5,37
123,0.9966812124475837,5,37
124,0.9966812124475837,5,37
125,0.9966812124475837,5,37
126,0.9966812124475837,5,37
127,0.9966812124475837,5,37
128,0.9966812124475837,5,37
129,0.9966812124475837,5,37
130,0.9966812124475837,5,37
131,0.9966812124475837,5,37
132,0.9966812124475837,5,37
133,0.9858949221670628,4,37
134,0.9858949221670628,4,37
135,0.9858949221670628,4,37
136,0.9858949221670628,4,37
137,0.9858949221670628,4,37
138,0.9858949221670628,4,37
139,0.9858949221670628,4,37
140,0.9906278699636459,4,37
141,0.9906278699636459,4,37
142,0.9906278699636459,4,37
143,0.9906278699636459,4,37
144,0.9906278699636459,4,37
145,0.9906278699636459,4,37
146,0.9906278699636459,4,37
147,0.9940515179187059,4,37
148,0.9940515179187059,4,37
149,0.9940515179187059,4,37
150,0.9940515179187059,4,37
151,0.9940515179187059,4,37
152,0.9940515179187059,4,37
153,0.9940515179187059,4,37
154,0.9940515179187059,4,37
155,0.9940515179187059,4,37
156,0.9940515179187059,4,37
157,0.9940515179187059,4,37
158,0.9940515179187059,4,37
159,0.9940515179187059,4,37
160,0.9940515179187059,4,37
161,0.9940515179187059,4,37
162,0.9940515179187059,4,37
163,0.9940515179187059,4,37
164,0.9940515179187059,4,37
165,0.9940515179187059,4,37
166,0.9940515179187059,4,37
167,0.9940515179187059,4,37
168,0.9940515179187059,4,37
169,0.9940515179187059,4,37
170,0.9940515179187059,4,37
171,0.9940515179187059,4,37
172,0.9940515179187059,4,37
173,0.9940515179187059,4,37
174,0.9940515179187059,4,37
175,0.9940515179187059,4,37
176,0.9940515179187059,4,37
177,0.9940515179187059,4,37
178,0.9940515179187059,4,37
179,0.9940515179187059,4,37
180,0.9940515179187059,4,37
181,0.9940515179187059,4,37
182,0.9941869452595711,4,37
183,0.9941869452595711,4,37
184,0.9949575513601303,4,37
185,0.9949575513601303,4,37
186,0.9949575513601303,4,37
187,0.9949575513601303,4,37
188,0.9949575513601303,4,37
189,0.9949575513601303,4,37
190,0.9949575513601303,4,37
191,0.9949575513601303,4,37
192,0.9949575513601303,4,37
193,0.9949575513601303,4,37
194,0.9949575513601303,4,37
195,0.9949575513601303,4,37
196,0.9949575513601303,4,37
197,0.9952044538222253,4,37
198,0.9964885718654841,4,37
199,0.9964885718654841,4,37
200,0.9975061025470495,4,37
1,0.0006644129753112793,1,38
2,0.0007293820381164551,1,38
3,0.0007293820381164551,1,38
4,0.0007293820381164551,1,38
5,0.0007293820381164551,1,38
6,0.0007293820381164551,1,38
7,0.0007889270782470703,1,38
8,0.0014753937721252441,1,38
9,0.0014753937721252441,1,38
10,0.0014753937721252441,1,38
11,0.0014753937721252441,1,38
12,0.0014753937721252441,1,38
13,0.0014753937721252441,1,38
14,0.0014753937721252441,1,38
15,0.0014753937721252441,1,38
16,0.0014753937721252441,1,38
17,0.0014753937721252441,1,38
18,0.0014753937721252441,1,38
19,0.0014753937721252441,1,38
20,0.0014753937721252441,1,38
21,0.0014753937721252441,1,38
22,0.0014753937721252441,1,38
23,0.0014753937721252441,1,38
24,0.0015968680381774902,1,38
25,0.0015968680381774902,1,38
26,0.0015968680381774902,1,38
27,0.0015968680381774902,1,38
28,0.0015968680381774902,1,38
29,0.0015968680381774902,1,38
30,0.0015968680381774902,1,38
31,0.0015968680381774902,1,38
32,0.0015968680381774902,1,38
33,0.0015968680381774902,1,38
34,0.0015968680381774902,1,38
35,0.0015968680381774902,1,38
36,0.0015968680381774902,1,38
37,0.0015968680381774902,1,38
38,0.0015968680381774902,1,38
39,0.0015968680381774902,1,38
40,0.0015968680381774902,1,38
41,0.0015968680381774902,1,38
42,0.0015968680381774902,1,38
43,0.0015968680381774902,1,38
44,0.0015968680381774902,1,38
45,0.0015968680381774902,1,38
46,0.0015968680381774902,1,38
47,0.0015968680381774902,1,38
48,0.0015968680381774902,1,38
49,0.0015968680381774902,1,38
50,0.0015968680381774902,1,38
51,0.0015968680381774902,1,38
52,0.0015968680381774902,1,38
53,0.0015968680381774902,1,38
54,0.0015968680381774902,1,38
55,0.0015968680381774902,1,38
56,0.0015968680381774902,1,38
57,0.0015968680381774902,1,38
58,0.0015968680381774902,1,38
59,0.0015968680381774902,1,38
60,0.0015968680381774902,1,38
61,0.0015968680381774902,1,38
62,0.0015968680381774902,1,38
63,0.0015968680381774902,1,38
64,0.0015968680381774902,1,38
65,0.0015968680381774902,1,38
66,0.0015968680381774902,1,38
67,0.0015968680381774902,1,38
68,0.0015968680381774902,1,38
69,0.0015968680381774902,1,38
70,0.0015968680381774902,1,38
71,0.0015968680381774902,1,38
72,0.0015968680381774902,1,38
73,0.0015968680381774902,1,38
74,0.0015968680381774902,1,38
75,0.0015968680381774902,1,38
76,0.0015968680381774902,1,38
77,0.0015968680381774902,1,38
78,0.0015968680381774902,1,38
79,0.0015968680381774902,1,38
80,0.0015968680381774902,1,38
81,0.0015968680381774902,1,38
82,0.0015968680381774902,1,38
83,0.0015968680381774902,1,38
84,0.0015968680381774902,1,38
85,0.0015968680381774902,1,38
86,0.0015968680381774902,1,38
87,0.0015968680381774902,1,38
88,0.0015968680381774902,1,38
89,0.0015968680381774902,1,38
90,0.0015968680381774902,1,38
91,0.0015968680381774902,1,38
92,0.0015968680381774902,1,38
93,0.0015968680381774902,1,38
94,0.0015968680381774902,1,38
95,0.0015968680381774902,1,38
96,0.0015968680381774902,1,38
97,0.0015968680381774902,1,38
98,0.0015968680381774902,1,38
99,0.0015968680381774902,1,38
100,0.0015968680381774902,1,38
101,0.0015968680381774902,1,38
102,0.0015968680381774902,1,38
103,0.0015968680381774902,1,38
104,0.0015968680381774902,1,38
105,0.0015968680381774902,1,38
106,0.0015968680381774902,1,38
107,0.0015968680381774902,1,38
108,0.0015968680381774902,1,38
109,0.0015968680381774902,1,38
110,0.0015968680381774902,1,38
111,0.0015968680381774902,1,38
112,0.0015968680381774902,1,38
113,0.0015968680381774902,1,38
114,0.0015968680381774902,1,38
115,0.0015968680381774902,1,38
116,0.0015968680381774902,1,38
117,0.0015968680381774902,1,38
118,0.0015968680381774902,1,38
119,0.0015968680381774902,1,38
120,0.0015968680381774902,1,38
121,0.0015968680381774902,1,38
122,0.0015968680381774902,1,38
123,0.0015968680381774902,1,38
124,0.0015968680381774902,1,38
125,0.0015968680381774902,1,38
126,0.0015968680381774902,1,38
127,0.0015968680381774902,1,38
128,0.0015968680381774902,1,38
129,0.0015968680381774902,1,38
130,0.0015968680381774902,1,38
131,0.0015968680381774902,1,38
132,0.0015968680381774902,1,38
133,0.0015968680381774902,1,38
134,0.0015968680381774902,1,38
135,0.0015968680381774902,1,38
136,0.0015968680381774902,1,38
137,0.0015968680381774902,1,38
138,0.0015968680381774902,1,38
139,0.0015968680381774902,1,38
140,0.0015968680381774902,1,38
141,0.0015968680381774902,1,38
142,0.0015968680381774902,1,38
143,0.0015968680381774902,1,38
144,0.0015968680381774902,1,38
145,0.0015968680381774902,1,38
146,0.0015968680381774902,1,38
147,0.0015968680381774902,1,38
148,0.0015968680381774902,1,38
149,0.0015968680381774902,1,38
150,0.0015968680381774902,1,38
151,0.0015968680381774902,1,38
152,0.0015968680381774902,1,38
153,0.0015968680381774902,1,38
154,0.0015968680381774902,1,38
155,0.0015968680381774902,1,38
156,0.0015968680381774902,1,38
157,0.0015968680381774902,1,38
158,0.0015968680381774902,1,38
159,0.0015968680381774902,1,38
160,0.0015968680381774902,1,38
161,0.0015968680381774902,1,38
162,0.0015968680381774902,1,38
163,0.0015968680381774902,1,38
164,0.0015968680381774902,1,38
165,0.0015968680381774902,1,38
166,0.0015968680381774902,1,38
167,0.0015968680381774902,1,38
168,0.0015968680381774902,1,38
169,0.0015968680381774902,1,38
170,0.0015968680381774902,1,38
171,0.0015968680381774902,1,38
172,0.0015968680381774902,1,38
173,0.0015968680381774902,1,38
174,0.0015968680381774902,1,38
175,0.0015968680381774902,1,38
176,0.0015968680381774902,1,38
177,0.0015968680381774902,1,38
178,0.0015968680381774902,1,38
179,0.0015968680381774902,1,38
180,0.0015968680381774902,1,38
181,0.0015968680381774902,1,38
182,0.0015968680381774902,1,38
183,0.0015968680381774902,1,38
184,0.0015968680381774902,1,38
185,0.0015968680381774902,1,38
186,0.0015968680381774902,1,38
187,0.0015968680381774902,1,38
188,0.0015968680381774902,1,38
189,0.0015968680381774902,1,38
190,0.0015968680381774902,1,38
191,0.0015968680381774902,1,38
192,0.0015968680381774902,1,38
193,0.0015968680381774902,1,38
194,0.0015968680381774902,1,38
195,0.0015968680381774902,1,38
196,0.0015968680381774902,1,38
197,0.0015968680381774902,1,38
198,0.0015968680381774902,1,38
199,0.0015968680381774902,1,38
200,0.0015968680381774902,1,38
1,0.2899918556213379,10,39
2,0.2899918556213379,10,39
3,0.945293053984642,15,39
4,0.945293053984642,15,39
5,0.945293053984642,15,39
6,0.9960542568005621,11,39
7,0.9877489730715752,9,39
8,0.9877489730715752,9,39
9,0.9877489730715752,9,39
10,0.9877489730715752,9,39
11,0.9877489730715752,9,39
12,0.9877489730715752,9,39
13,0.9877489730715752,9,39
14,0.9877489730715752,9,39
15,0.9877489730715752,9,39
16,0.9877489730715752,9,39
17,0.9877489730715752,9,39
18,0.9877489730715752,9,39
19,0.9877489730715752,9,39
20,0.9877489730715752,9,39
21,0.9877489730715752,9,39
22,0.9877489730715752,9,39
23,0.9877489730715752,9,39
24,0.9877489730715752,9,39
25,0.9877489730715752,9,39
26,0.9877489730715752,9,39
27,0.9877489730715752,9,39
28,0.9877489730715752,9,39
29,0.9877489730715752,9,39
30,0.9877489730715752,9,39
31,0.9877489730715752,9,39
32,0.9877489730715752,9,39
33,0.9877489730715752,9,39
34,0.9877489730715752,9,39
35,0.9877489730715752,9,39
36,0.9877489730715752,9,39
37,0.9877489730715752,9,39
38,0.9877489730715752,9,39
39,0.9877489730715752,9,39
40,0.9877489730715752,9,39
41,0.9877489730715752,9,39
42,0.9877489730715752,9,39
43,0.9877489730715752,9,39
44,0.9877489730715752,9,39
45,0.9877489730715752,9,39
46,0.9877489730715752,9,39
47,0.9877489730715752,9,39
48,0.9877489730715752,9,39
49,0.9877489730715752,9,39
50,0.9877489730715752,9,39
51,0.9877489730715752,9,39
52,0.9877489730715752,9,39
53,0.9877489730715752,9,39
54,0.9884960195049644,9,39
55,0.9884960195049644,9,39
56,0.9884960195049644,9,39
57,0.9884960195049644,9,39
58,0.9884960195049644,9,39
59,0.9884960195049644,9,39
60,0.9884960195049644,9,39
61,0.9884960195049644,9,39
62,0.9930552435107529,9,39
63,0.9930552435107529,9,39
64,0.9930552435107529,9,39
65,0.9930552435107529,9,39
66,0.9930552435107529,9,39
67,0.9930552435107529,9,39
68,0.9930552435107529,9,39
69,0.9930552435107529,9,39
70,0.996525013120845,9,39
71,0.996525013120845,9,39
72,0.9968055782373995,9,39
73,0.9968055782373995,9,39
74,0.9968055782373995,9,39
75,0.9968055782373995,9,39
76,0.9968055782373995,9,39
77,0.9968055782373995,9,39
78,0.9879689449444413,8,39
79,0.9879689449444413,8,39
80,0.9879689449444413,8,39
81,0.9879689449444413,8,39
82,0.9879689449444413,8,39
83,0.9879689449444413,8,39
84,0.9879689449444413,8,39
85,0.9954639920033514,8,39
86,0.9954639920033514,8,39
87,0.9954639920033514,8,39
88,0.9954639920033514,8,39
89,0.9954639920033514,8,39
90,0.9954639920033514,8,39
91,0.9954639920033514,8,39
92,0.9954639920033514,8,39
93,0.9973611272871494,8,39
94,0.9973611272871494,8,39
95,0.9973611272871494,8,39
96,0.9973611272871494,8,39
97,0.9973611272871494,8,39
98,0.9813047312200069,7,39
99,0.9813047312200069,7,39
100,0.9867911292240024,7,39
101,0.9867911292240024,7,39
102,0.9867911292240024,7,39
103,0.9867911292240024,7,39
104,0.9867911292240024,7,39
105,0.9867911292240024,7,39
106,0.9867911292240024,7,39
107,0.9867911292240024,7,39
108,0.9884457141160965,7,39
109,0.9884457141160965,7,39
110,0.9884457141160965,7,39
111,0.9884457141160965,7,39
112,0.9884457141160965,7,39
113,0.9884457141160965,7,39
114,0.9884457141160965,7,39
115,0.9884457141160965,7,39
116,0.9884457141160965,7,39
117,0.9771805759519339,6,39
118,0.9771805759519339,6,39
119,0.9918381990864873,6,39
120,0.9944850513711572,6,39
121,0.9944850513711572,6,39
122,0.9944850513711572,6,39
123,0.9944850513711572,6,39
124,0.9944850513711572,6,39
125,0.9944850513711572,6,39
126,0.9944850513711572,6,39
127,0.9944850513711572,6,39
128,0.9944850513711572,6,39
129,0.9944850513711572,6,39
130,0.9944850513711572,6,39
131,0.9944850513711572,6,39
132,0.9944850513711572,6,39
133,0.9944850513711572,6,39
134,0.9944850513711572,6,39
135,0.9944850513711572,6,39
136,0.9944850513711572,6,39
137,0.9944850513711572,6,39
138,0.9944850513711572,6,39
139,0.9944850513711572,6,39
140,0.9944850513711572,6,39
141,0.9944850513711572,6,39
142,0.9944850513711572,6,39
143,0.9944850513711572,6,39
144,0.9975487752817571,6,39
145,0.9975487752817571,6,39
146,0.9975487752817571,6,39
147,0.9975487752817571,6,39
148,0.9975487752817571,6,39
149,0.9975487752817571,6,39
150,0.9975487752817571,6,39
151,0.9975487752817571,6,39
152,0.9975487752817571,6,39
153,0.9975487752817571,6,39
154,0.9975487752817571,6,39
155,0.9975487752817571,6,39
156,0.9975487752817571,6,39
157,0.9975487752817571,6,39
158,0.9975487752817571,6,39
159,0.9975487752817571,6,39
160,0.9975487752817571,6,39
161,0.9975487752817571,6,39
162,0.9975487752817571,6,39
163,0.9975487752817571,6,39
164,0.9975487752817571,6,39
165,0.9975487752817571,6,39
166,0.9975487752817571,6,39
167,0.9846480274572968,5,39
168,0.9846480274572968,5,39
169,0.9846480274572968,5,39
170,0.9846480274572968,5,39
171,0.9846480274572968,5,39
172,0.9846480274572968,5,39
173,0.9846480274572968,5,39
174,0.9846480274572968,5,39
175,0.9846480274572968,5,39
176,0.9846480274572968,5,39
177,0.9846480274572968,5,39
178,0.9846480274572968,5,39
179,0.9846480274572968,5,39
180,0.9846480274572968,5,39
181,0.9846480274572968,5,39
182,0.9846480274572968,5,39
183,0.9846480274572968,5,39
184,0.9882778022438288,5,39
185,0.9882778022438288,5,39
186,0.9882778022438288,5,39
187,0.9882778022438288,5,39
188,0.9882778022438288,5,39
189,0.9882778022438288,5,39
190,0.9882778022438288,5,39
191,0.9882778022438288,5,39
192,0.9882778022438288,5,39
193,0.9882778022438288,5,39
194,0.9882778022438288,5,39
195,0.9882778022438288,5,39
196,0.9882778022438288,5,39
197,0.9882778022438288,5,39
198,0.9882778022438288,5,39
199,0.9882778022438288,5,39
200,0.9882778022438288,5,39
1,0.47385460138320923,7,40
2,0.47385460138320923,7,40
3,0.5542573928833008,8,40
4,0.47415632009506226,3,40
5,0.5786501169204712,9,40
6,0.6272755563259125,9,40
7,0.6272755563259125,9,40
8,0.6310896873474121,9,40
9,0.6712964177131653,9,40
10,0.7326412498950958,7,40
11,0.7326412498950958,7,40
12,0.8320265561342239,10,40
13,0.8462250977754593,9,40
14,0.8462250977754593,9,40
15,0.8462250977754593,9,40
16,0.9351405203342438,13,40
17,0.9351405203342438,13,40
18,0.8857251480221748,9,40
19,0.8857251480221748,9,40
20,0.8857251480221748,9,40
21,0.9691146984696388,13,40
22,0.9691146984696388,13,40
23,0.9691146984696388,13,40
24,0.9691146984696388,13,40
25,0.9691146984696388,13,40
26,0.9691146984696388,13,40
27,0.9691146984696388,13,40
28,0.9335473328828812,10,40
29,0.9335473328828812,10,40
30,0.9335473328828812,10,40
31,0.9335473328828812,10,40
32,0.9335473328828812,10,40
33,0.9335473328828812,10,40
34,0.9335473328828812,10,40
35,0.9335473328828812,10,40
36,0.9335473328828812,10,40
37,0.9335473328828812,10,40
38,0.9335473328828812,10,40
39,0.9335473328828812,10,40
40,0.9335473328828812,10,40
41,0.9335473328828812,10,40
42,0.9335473328828812,10,40
43,0.9335473328828812,10,40
44,0.9335473328828812,10,40
45,0.9335473328828812,10,40
46,0.9335473328828812,10,40
47,0.9335473328828812,10,40
48,0.9335473328828812,10,40
49,0.9335473328828812,10,40
50,0.9335473328828812,10,40
51,0.9335473328828812,10,40
52,0.9335473328828812,10,40
53,0.9335473328828812,10,40
54,0.9335473328828812,10,40
55,0.9335473328828812,10,40
56,0.9335473328828812,10,40
57,0.9335473328828812,10,40
58,0.9351244792342186,10,40
59,0.9351244792342186,10,40
60,0.9882276384159923,13,40
61,0.9882276384159923,13,40
62,0.9882276384159923,13,40
63,0.9882276384159923,13,40
64,0.9882276384159923,13,40
65,0.9897068031132221,13,40
66,0.9897068031132221,13,40
67,0.9897068031132221,13,40
68,0.9897068031132221,13,40
69,0.9952713083475828,13,40
70,0.9952713083475828,13,40
71,0.9952713083475828,13,40
72,0.9952713083475828,13,40
73,0.9952713083475828,13,40
74,0.9952713083475828,13,40
75,0.9952713083475828,13,40
76,0.9952713083475828,13,40
77,0.9952713083475828,13,40
78,0.9682521522045135,11,40
79,0.9682521522045135,11,40
80,0.9682521522045135,11,40
81,0.9682521522045135,11,40
82,0.9682521522045135,11,40
83,0.9682521522045135,11,40
84,0.9682521522045135,11,40
85,0.9887888263911009,12,40
86,0.9887888263911009,12,40
87,0.9887888263911009,12,40
88,0.9887888263911009,12,40
89,0.9887888263911009,12,40
90,0.9887888263911009,12,40
91,0.9887888263911009,12,40
92,0.9887888263911009,12,40
93,0.9887888263911009,12,40
94,0.9887888263911009,12,40
95,0.9887888263911009,12,40
96,0.943468626588583,9,40
97,0.943468626588583,9,40
98,0.943468626588583,9,40
99,0.943468626588583,9,40
100,0.943468626588583,9,40
101,0.943468626588583,9,40
102,0.943468626588583,9,40
103,0.943468626588583,9,40
104,0.943468626588583,9,40
105,0.943468626588583,9,40
106,0.943468626588583,9,40
107,0.943468626588583,9,40
108,0.943468626588583,9,40
109,0.943468626588583,9,40
110,0.943468626588583,9,40
111,0.943468626588583,9,40
112,0.943468626588583,9,40
113,0.943468626588583,9,40
114,0.943468626588583,9,40
115,0.943468626588583,9,40
116,0.943468626588583,9,40
117,0.943468626588583,9,40
118,0.943468626588583,9,40
119,0.943468626588583,9,40
120,0.943468626588583,9,40
121,0.943468626588583,9,40
122,0.943468626588583,9,40
123,0.943468626588583,9,40
124,0.943468626588583,9,40
125,0.943468626588583,9,40
126,0.943468626588583,9,40
127,0.943468626588583,9,40
128,0.943468626588583,9,40
129,0.943468626588583,9,40
130,0.943468626588583,9,40
131,0.943468626588583,9,40
132,0.943468626588583,9,40
133,0.943468626588583,9,40
134,0.943468626588583,9,40
135,0.943468626588583,9,40
136,0.943468626588583,9,40
137,0.943468626588583,9,40
138,0.943468626588583,9,40
139,0.9625830389559269,9,40
140,0.9625830389559269,9,40
141,0.9625830389559269,9,40
142,0.9625830389559269,9,40
143,0.9625830389559269,9,40
144,0.9625830389559269,9,40
145,0.9625830389559269,9,40
146,0.9625830389559269,9,40
147,0.9625830389559269,9,40
148,0.9625830389559269,9,40
149,0.9625830389559269,9,40
150,0.9625830389559269,9,40
151,0.9625830389559269,9,40
152,0.9625830389559269,9,40
153,0.9625830389559269,9,40
154,0.9625830389559269,9,40
155,0.9625830389559269,9,40
156,0.9625830389559269,9,40
157,0.9625830389559269,9,40
158,0.9625830389559269,9,40
159,0.9625830389559269,9,40
160,0.9625830389559269,9,40
161,0.9625830389559269,9,40
162,0.9625830389559269,9,40
163,0.9625830389559269,9,40
164,0.9625830389559269,9,40
165,0.9625830389559269,9,40
166,0.9625830389559269,9,40
167,0.9625830389559269,9,40
168,0.9625830389559269,9,40
169,0.9625830389559269,9,40
170,0.9625830389559269,9,40
171,0.9625830389559269,9,40
172,0.9625830389559269,9,40
173,0.9625830389559269,9,40
174,0.9625830389559269,9,40
175,0.9625830389559269,9,40
176,0.9625830389559269,9,40
177,0.9625830389559269,9,40
178,0.9625830389559269,9,40
179,0.9625830389559269,9,40
180,0.9625830389559269,9,40
181,0.9625830389559269,9,40
182,0.9625830389559269,9,40
183,0.9625830389559269,9,40
184,0.9625830389559269,9,40
185,0.9625830389559269,9,40
186,0.9625830389559269,9,40
187,0.9625830389559269,9,40
188,0.9625830389559269,9,40
189,0.9625830389559269,9,40
190,0.9625830389559269,9,40
191,0.9625830389559269,9,40
192,0.966264508664608,9,40
193,0.966264508664608,9,40
194,0.966264508664608,9,40
195,0.966264508664608,9,40
196,0.966264508664608,9,40
197,0.966264508664608,9,40
198,0.966264508664608,9,40
199,0.966264508664608,9,40
200,0.966264508664608,9,40
1,0.0029845237731933594,1,41
2,0.0031340718269348145,1,41
3,0.0031340718269348145,1,41
4,0.0031340718269348145,1,41
5,0.0038772225379943848,1,41
6,0.00391918420791626,1,41
7,0.005114257335662842,1,41
8,0.005114257335662842,1,41
9,0.00513535737991333,1,41
10,0.00513535737991333,1,41
11,0.007281303405761719,1,41
12,0.012415468692779541,1,41
13,0.012415468692779541,1,41
14,0.013707637786865234,1,41
15,0.013707637786865234,1,41
16,0.013707637786865234,1,41
17,0.013707637786865234,1,41
18,0.013707637786865234,1,41
19,0.013707637786865234,1,41
20,0.013707637786865234,1,41
21,0.013707637786865234,1,41
22,0.013707637786865234,1,41
23,0.013707637786865234,1,41
24,0.013707637786865234,1,41
25,0.013707637786865234,1,41
26,0.013707637786865234,1,41
27,0.013707637786865234,1,41
28,0.013707637786865234,1,41
29,0.03246665000915527,2,41
30,0.03246665000915527,2,41
31,0.03246665000915527,2,41
32,0.03246665000915527,2,41
33,0.03246665000915527,2,41
34,0.03246665000915527,2,41
35,0.03246665000915527,2,41
36,0.03246665000915527,2,41
37,0.03246665000915527,2,41
38,0.03246665000915527,2,41
39,0.03246665000915527,2,41
40,0.03246665000915527,2,41
41,0.03246665000915527,2,41
42,0.03246665000915527,2,41
43,0.03246665000915527,2,41
44,0.03246665000915527,2,41
45,0.03246665000915527,2,41
46,0.03246665000915527,2,41
47,0.03246665000915527,2,41
48,0.03246665000915527,2,41
49,0.03246665000915527,2,41
50,0.03246665000915527,2,41
51,0.0335809588432312,2,41
52,0.0335809588432312,2,41
53,0.0335809588432312,2,41
54,0.0335809588432312,2,41
55,0.03446376323699951,2,41
56,0.04246026277542114,2,41
57,0.04246026277542114,2,41
58,0.09246593713760376,3,41
59,0.09246593713760376,3,41
60,0.09246593713760376,3,41
61,0.09246593713760376,3,41
62,0.09246593713760376,3,41
63,0.11235243082046509,4,41
64,0.11235243082046509,4,41
65,0.11235243082046509,4,41
66,0.1002545952796936,3,41
67,0.1002545952796936,3,41
68,0.1002545952796936,3,41
69,0.10417348146438599,3,41
70,0.11907243728637695,3,41
71,0.2134215235710144,5,41
72,0.22524619102478027,5,41
73,0.22524619102478027,5,41
74,0.22524619102478027,5,41
75,0.22524619102478027,5,41
76,0.28788989782333374,6,41
77,0.28788989782333374,6,41
78,0.28788989782333374,6,41
79,0.28788989782333374,6,41
80,0.37640243768692017,5,41
81,0.37640243768692017,5,41
82,0.37640243768692017,5,41
83,0.5242193341255188,6,41
84,0.5242193341255188,6,41
85,0.5242193341255188,6,41
86,0.5242193341255188,6,41
87,0.5242193341255188,6,41
88,0.5242193341255188,6,41
89,0.5242193341255188,6,41
90,0.6243700087070465,8,41
91,0.6243700087070465,8,41
92,0.6053699254989624,6,41
93,0.7804906964302063,8,41
94,0.7804906964302063,8,41
95,0.7804906964302063,8,41
96,0.7804906964302063,8,41
97,0.7804906964302063,8,41
98,0.8328523188829422,10,41
99,0.8606868982315063,10,41
100,0.8606868982315063,10,41
101,0.8606868982315063,10,41
102,0.8606868982315063,10,41
103,0.8606868982315063,10,41
104,0.8606868982315063,10,41
105,0.8919951841235161,11,41
106,0.9805373400449753,13,41
107,0.9805373400449753,13,41
108,0.9805373400449753,13,41
109,0.9805373400449753,13,41
110,0.9805373400449753,13,41
111,0.9805373400449753,13,41
112,0.9805373400449753,13,41
113,0.9805373400449753,13,41
114,0.9805373400449753,13,41
115,0.9805373400449753,13,41
116,0.9805373400449753,13,41
117,0.9805373400449753,13,41
118,0.9805373400449753,13,41
119,0.9805373400449753,13,41
120,0.9805373400449753,13,41
121,0.9704954382032156,12,41
122,0.9704954382032156,12,41
123,0.9704954382032156,12,41
124,0.9704954382032156,12,41
125,0.9704954382032156,12,41
126,0.9704954382032156,12,41
127,0.9704954382032156,12,41
128,0.9704954382032156,12,41
129,0.9787300508469343,12,41
130,0.9787300508469343,12,41
131,0.9787300508469343,12,41
132,0.9787300508469343,12,41
133,0.9787300508469343,12,41
134,0.9787300508469343,12,41
135,0.9787300508469343,12,41
136,0.9787300508469343,12,41
137,0.9787300508469343,12,41
138,0.9787300508469343,12,41
139,0.9787300508469343,12,41
140,0.9787300508469343,12,41
141,0.9752372317016125,11,41
142,0.9752372317016125,11,41
143,0.9752372317016125,11,41
144,0.9752372317016125,11,41
145,0.9752372317016125,11,41
146,0.9752372317016125,11,41
147,0.9752372317016125,11,41
148,0.9752372317016125,11,41
149,0.9752372317016125,11,41
150,0.9752372317016125,11,41
151,0.9752372317016125,11,41
152,0.9752372317016125,11,41
153,0.9752372317016125,11,41
154,0.9752372317016125,11,41
155,0.9752372317016125,11,41
156,0.9752372317016125,11,41
157,0.9752372317016125,11,41
158,0.9752372317016125,11,41
159,0.9752372317016125,11,41
160,0.9752372317016125,11,41
161,0.9752372317016125,11,41
162,0.9752372317016125,11,41
163,0.9752372317016125,11,41
164,0.9752372317016125,11,41
165,0.9752372317016125,11,41
166,0.9752372317016125,11,41
167,0.9752372317016125,11,41
168,0.9752372317016125,11,41
169,0.9752372317016125,11,41
170,0.9752372317016125,11,41
171,0.9752372317016125,11,41
172,0.9752372317016125,11,41
173,0.9752372317016125,11,41
174,0.9752372317016125,11,41
175,0.9752372317016125,11,41
176,0.9752372317016125,11,41
177,0.9752372317016125,11,41
178,0.9752372317016125,11,41
179,0.9752372317016125,11,41
180,0.9752372317016125,11,41
181,0.9752372317016125,11,41
182,0.9752372317016125,11,41
183,0.9752372317016125,11,41
184,0.9752372317016125,11,41
185,0.9752372317016125,11,41
186,0.9752372317016125,11,41
187,0.9752372317016125,11,41
188,0.9752372317016125,11,41
189,0.9752372317016125,11,41
190,0.9752372317016125,11,41
191,0.9752372317016125,11,41
192,0.9752372317016125,11,41
193,0.9752372317016125,11,41
194,0.9752372317016125,11,41
195,0.9752372317016125,11,41
196,0.9752372317016125,11,41
197,0.9752372317016125,11,41
198,0.9752372317016125,11,41
199,0.9752372317016125,11,41
200,0.9752372317016125,11,41
1,0.010262668132781982,1,42
2,0.010262668132781982,1,42
3,0.1962994933128357,11,42
4,0.07488256692886353,3,42
5,0.07488256692886353,3,42
6,0.22317391633987427,10,42
7,0.1979769468307495,7,42
8,0.6999582350254059,12,42
9,0.851714089512825,11,42
10,0.8671174496412277,11,42
11,0.9702281877398491,11,42
12,0.9702281877398491,11,42
13,0.9907541982829571,10,42
14,0.9941591410897672,10,42
15,0.9933124827221036,9,42
16,0.9933124827221036,9,42
17,0.9933124827221036,9,42
18,0.9933124827221036,9,42
19,0.9933124827221036,9,42
20,0.9933124827221036,9,42
21,0.9933124827221036,9,42
22,0.9933124827221036,9,42
23,0.9933124827221036,9,42
24,0.9933124827221036,9,42
25,0.9933124827221036,9,42
26,0.9933124827221036,9,42
27,0.9981255029560998,9,42
28,0.9981255029560998,9,42
29,0.9981255029560998,9,42
30,0.9981255029560998,9,42
31,0.9981255029560998,9,42
32,0.9981255029560998,9,42
33,0.9981255029560998,9,42
34,0.9981255029560998,9,42
35,0.9981255029560998,9,42
36,0.9878598973155022,8,42
37,0.9878598973155022,8,42
38,0.9878598973155022,8,42
39,0.9878598973155022,8,42
40,0.9878598973155022,8,42
41,0.9878598973155022,8,42
42,0.9878598973155022,8,42
43,0.9851467274129391,7,42
44,0.9851467274129391,7,42
45,0.9851467274129391,7,42
46,0.9851467274129391,7,42
47,0.9851467274129391,7,42
48,0.9851467274129391,7,42
49,0.9851467274129391,7,42
50,0.9851467274129391,7,42
51,0.9851467274129391,7,42
52,0.9851467274129391,7,42
53,0.9851467274129391,7,42
54,0.9851467274129391,7,42
55,0.9904982885345817,7,42
56,0.9904982885345817,7,42
57,0.9904982885345817,7,42
58,0.9904982885345817,7,42
59,0.9904982885345817,7,42
60,0.9904982885345817,7,42
61,0.9904982885345817,7,42
62,0.9904982885345817,7,42
63,0.9904982885345817,7,42
64,0.9904982885345817,7,42
65,0.9926277734339237,7,42
66,0.9926277734339237,7,42
67,0.9926277734339237,7,42
68,0.9926277734339237,7,42
69,0.9926277734339237,7,42
70,0.9926277734339237,7,42
71,0.9926277734339237,7,42
72,0.9926277734339237,7,42
73,0.9926277734339237,7,42
74,0.9926277734339237,7,42
75,0.9926277734339237,7,42
76,0.9926277734339237,7,42
77,0.9926277734339237,7,42
78,0.9968892498873174,7,42
79,0.9968892498873174,7,42
80,0.9968892498873174,7,42
81,0.9968892498873174,7,42
82,0.9968892498873174,7,42
83,0.9968892498873174,7,42
84,0.9968892498873174,7,42
85,0.9968892498873174,7,42
86,0.9968892498873174,7,42
87,0.9968892498873174,7,42
88,0.9968892498873174,7,42
89,0.9968892498873174,7,42
90,0.9968892498873174,7,42
91,0.9968892498873174,7,42
92,0.9968892498873174,7,42
93,0.9968892498873174,7,42
94,0.9968892498873174,7,42
95,0.9968892498873174,7,42
96,0.9968892498873174,7,42
97,0.9968892498873174,7,42
98,0.9968892498873174,7,42
99,0.9822105634957552,6,42
100,0.9822105634957552,6,42
101,0.9822105634957552,6,42
102,0.9822105634957552,6,42
103,0.9931966182775795,6,42
104,0.9931966182775795,6,42
105,0.9931966182775795,6,42
106,0.9931966182775795,6,42
107,0.9931966182775795,6,42
108,0.9931966182775795,6,42
109,0.9931966182775795,6,42
110,0.9931966182775795,6,42
111,0.9931966182775795,6,42
112,0.9931966182775795,6,42
113,0.9931966182775795,6,42
114,0.9931966182775795,6,42
115,0.9931966182775795,6,42
116,0.9931966182775795,6,42
117,0.9931966182775795,6,42
118,0.9931966182775795,6,42
119,0.9931966182775795,6,42
120,0.9931966182775795,6,42
121,0.9931966182775795,6,42
122,0.9931966182775795,6,42
123,0.9931966182775795,6,42
124,0.9931966182775795,6,42
125,0.9931966182775795,6,42
126,0.9931966182775795,6,42
127,0.9931966182775795,6,42
128,0.9931966182775795,6,42
129,0.9931966182775795,6,42
130,0.9931966182775795,6,42
131,0.9931966182775795,6,42
132,0.9931966182775795,6,42
133,0.9931966182775795,6,42
134,0.9931966182775795,6,42
135,0.9931966182775795,6,42
136,0.9931966182775795,6,42
137,0.9931966182775795,6,42
138,0.9931966182775795,6,42
139,0.9931966182775795,6,42
140,0.9931966182775795,6,42
141,0.9931966182775795,6,42
142,0.9931966182775795,6,42
143,0.9931966182775795,6,42
144,0.9931966182775795,6,42
145,0.9931966182775795,6,42
146,0.9931966182775795,6,42
147,0.9931966182775795,6,42
148,0.9931966182775795,6,42
149,0.9931966182775795,6,42
150,0.9931966182775795,6,42
151,0.9931966182775795,6,42
152,0.9931966182775795,6,42
153,0.9931966182775795,6,42
154,0.9931966182775795,6,42
155,0.9931966182775795,6,42
156,0.9940953948535025,6,42
157,0.9940953948535025,6,42
158,0.9940953948535025,6,42
159,0.9940953948535025,6,42
160,0.9940953948535025,6,42
161,0.9940953948535025,6,42
162,0.9940953948535025,6,42
163,0.9940953948535025,6,42
164,0.9940953948535025,6,42
165,0.9940953948535025,6,42
166,0.9946861434727907,6,42
167,0.9946861434727907,6,42
168,0.9946861434727907,6,42
169,0.9946861434727907,6,42
170,0.9946861434727907,6,42
171,0.9946861434727907,6,42
172,0.9946861434727907,6,42
173,0.9946861434727907,6,42
174,0.9946861434727907,6,42
175,0.9946861434727907,6,42
176,0.9946861434727907,6,42
177,0.9946861434727907,6,42
178,0.9946861434727907,6,42
179,0.9946861434727907,6,42
180,0.9946861434727907,6,42
181,0.9946861434727907,6,42
182,0.9946861434727907,6,42
183,0.9946861434727907,6,42
184,0.9946861434727907,6,42
185,0.9946861434727907,6,42
186,0.9946861434727907,6,42
187,0.9809983856976032,5,42
188,0.9809983856976032,5,42
189,0.9809983856976032,5,42
190,0.9809983856976032,5,42
191,0.9809983856976032,5,42
192,0.9809983856976032,5,42
193,0.9809983856976032,5,42
194,0.9809983856976032,5,42
195,0.9809983856976032,5,42
196,0.9809983856976032,5,42
197,0.9809983856976032,5,42
198,0.9809983856976032,5,42
199,0.9809983856976032,5,42
200,0.9809983856976032,5,42
1,0.0004903078079223633,1,43
2,0.0004903078079223633,1,43
3,0.0004903078079223633,1,43
4,0.0004903078079223633,1,43
5,0.0005080699920654297,1,43
6,0.0005177855491638184,1,43
7,0.0006576180458068848,1,43
8,0.0006576180458068848,1,43
9,0.0010426044464111328,1,43
10,0.0010426044464111328,1,43
11,0.0010426044464111328,1,43
12,0.0010426044464111328,1,43
13,0.0023317933082580566,1,43
14,0.0023317933082580566,1,43
15,0.0023317933082580566,1,43
16,0.0023317933082580566,1,43
17,0.002345740795135498,1,43
18,0.002345740795135498,1,43
19,0.002345740795135498,1,43
20,0.002345740795135498,1,43
21,0.002345740795135498,1,43
22,0.002345740795135498,1,43
23,0.002345740795135498,1,43
24,0.002345740795135498,1,43
25,0.002345740795135498,1,43
26,0.002345740795135498,1,43
27,0.002345740795135498,1,43
28,0.002345740795135498,1,43
29,0.002345740795135498,1,43
30,0.002345740795135498,1,43
31,0.002345740795135498,1,43
32,0.0023889541625976562,1,43
33,0.0023889541625976562,1,43
34,0.0023889541625976562,1,43
35,0.0023889541625976562,1,43
36,0.0023889541625976562,1,43
37,0.0023889541625976562,1,43
38,0.0023889541625976562,1,43
39,0.0023889541625976562,1,43
40,0.0023889541625976562,1,43
41,0.0023889541625976562,1,43
42,0.0023889541625976562,1,43
43,0.0023889541625976562,1,43
44,0.0023889541625976562,1,43
45,0.0023889541625976562,1,43
46,0.0023889541625976562,1,43
47,0.0023889541625976562,1,43
48,0.0023889541625976562,1,43
49,0.0023889541625976562,1,43
50,0.0023889541625976562,1,43
51,0.0023889541625976562,1,43
52,0.0023889541625976562,1,43
53,0.0023889541625976562,1,43
54,0.0023889541625976562,1,43
55,0.0023889541625976562,1,43
56,0.0023889541625976562,1,43
57,0.0023889541625976562,1,43
58,0.0023889541625976562,1,43
59,0.0023889541625976562,1,43
60,0.0023889541625976562,1,43
61,0.0023889541625976562,1,43
62,0.0023889541625976562,1,43
63,0.0023889541625976562,1,43
64,0.0023889541625976562,1,43
65,0.0023889541625976562,1,43
66,0.0023889541625976562,1,43
67,0.0023889541625976562,1,43
68,0.0023889541625976562,1,43
69,0.0023889541625976562,1,43
70,0.0023889541625976562,1,43
71,0.0023889541625976562,1,43
72,0.0023889541625976562,1,43
73,0.0023889541625976562,1,43
74,0.0023889541625976562,1,43
75,0.0023889541625976562,1,43
76,0.0023889541625976562,1,43
77,0.0023889541625976562,1,43
78,0.0023889541625976562,1,43
79,0.0023889541625976562,1,43
80,0.0023889541625976562,1,43
81,0.0023889541625976562,1,43
82,0.0023889541625976562,1,43
83,0.0023889541625976562,1,43
84,0.0023889541625976562,1,43
85,0.0023889541625976562,1,43
86,0.0023889541625976562,1,43
87,0.0023889541625976562,1,43
88,0.0023889541625976562,1,43
89,0.0023889541625976562,1,43
90,0.0023889541625976562,1,43
91,0.0023889541625976562,1,43
92,0.0023889541625976562,1,43
93,0.0023889541625976562,1,43
94,0.0023889541625976562,1,43
95,0.0023889541625976562,1,43
96,0.0023889541625976562,1,43
97,0.0023889541625976562,1,43
98,0.0023889541625976562,1,43
99,0.0023889541625976562,1,43
100,0.0023889541625976562,1,43
101,0.0023889541625976562,1,43
102,0.0023889541625976562,1,43
103,0.0023889541625976562,1,43
104,0.0023889541625976562,1,43
105,0.0023889541625976562,1,43
106,0.0023889541625976562,1,43
107,0.0023889541625976562,1,43
108,0.0023889541625976562,1,43
109,0.0023889541625976562,1,43
110,0.0023889541625976562,1,43
111,0.0023889541625976562,1,43
112,0.0023889541625976562,1,43
113,0.0023889541625976562,1,43
114,0.0023889541625976562,1,43
115,0.0023889541625976562,1,43
116,0.0023889541625976562,1,43
117,0.0023889541625976562,1,43
118,0.0023889541625976562,1,43
119,0.0023889541625976562,1,43
120,0.0023889541625976562,1,43
121,0.0023889541625976562,1,43
122,0.0023889541625976562,1,43
123,0.0023889541625976562,1,43
124,0.0023889541625976562,1,43
125,0.0023889541625976562,1,43
126,0.0023889541625976562,1,43
127,0.0023889541625976562,1,43
128,0.0023889541625976562,1,43
129,0.0023889541625976562,1,43
130,0.0023889541625976562,1,43
131,0.0023889541625976562,1,43
132,0.0023889541625976562,1,43
133,0.0023889541625976562,1,43
134,0.0023889541625976562,1,43
135,0.0023889541625976562,1,43
136,0.0023889541625976562,1,43
137,0.0023889541625976562,1,43
138,0.0023889541625976562,1,43
139,0.0023889541625976562,1,43
140,0.0023889541625976562,1,43
141,0.0023889541625976562,1,43
142,0.0023889541625976562,1,43
143,0.0023889541625976562,1,43
144,0.0023889541625976562,1,43
145,0.0023889541625976562,1,43
146,0.0023889541625976562,1,43
147,0.0023889541625976562,1,43
148,0.0023889541625976562,1,43
149,0.0023889541625976562,1,43
150,0.0023889541625976562,1,43
151,0.0023889541625976562,1,43
152,0.0023889541625976562,1,43
153,0.0023889541625976562,1,43
154,0.0023889541625976562,1,43
155,0.0023889541625976562,1,43
156,0.0023889541625976562,1,43
157,0.0023889541625976562,1,43
158,0.0023889541625976562,1,43
159,0.0023889541625976562,1,43
160,0.0023889541625976562,1,43
161,0.0023889541625976562,1,43
162,0.0023889541625976562,1,43
163,0.0023889541625976562,1,43
164,0.0023889541625976562,1,43
165,0.0023889541625976562,1,43
166,0.0023889541625976562,1,43
167,0.0023889541625976562,1,43
168,0.0023889541625976562,1,43
169,0.0023889541625976562,1,43
170,0.0023889541625976562,1,43
171,0.0023889541625976562,1,43
172,0.0023889541625976562,1,43
173,0.0023889541625976562,1,43
174,0.0023889541625976562,1,43
175,0.0023889541625976562,1,43
176,0.0023889541625976562,1,43
177,0.0023889541625976562,1,43
178,0.0023889541625976562,1,43
179,0.0023889541625976562,1,43
180,0.0023889541625976562,1,43
181,0.0023889541625976562,1,43
182,0.0023889541625976562,1,43
183,0.0023889541625976562,1,43
184,0.0023889541625976562,1,43
185,0.0023889541625976562,1,43
186,0.0023889541625976562,1,43
187,0.0023889541625976562,1,43
188,0.0023889541625976562,1,43
189,0.0023889541625976562,1,43
190,0.0023889541625976562,1,43
191,0.0023889541625976562,1,43
192,0.0023889541625976562,1,43
193,0.0023889541625976562,1,43
194,0.0023889541625976562,1,43
195,0.0023889541625976562,1,43
196,0.0023889541625976562,1,43
197,0.0023889541625976562,1,43
198,0.0023889541625976562,1,43
199,0.0023889541625976562,1,43
200,0.0023889541625976562,1,43
1,0.0005714297294616699,1,44
2,0.0005714297294616699,1,44
3,0.0007536411285400391,1,44
4,0.0007536411285400391,1,44
5,0.0007536411285400391,1,44
6,0.0007536411285400391,1,44
7,0.0008513927459716797,1,44
8,0.0008513927459716797,1,44
9,0.0008513927459716797,1,44
10,0.0015069246292114258,1,44
11,0.0015069246292114258,1,44
12,0.0015398263931274414,1,44
13,0.0019628405570983887,1,44
14,0.0019628405570983887,1,44
15,0.0021074414253234863,1,44
16,0.0021074414253234863,1,44
17,0.0021074414253234863,1,44
18,0.0021074414253234863,1,44
19,0.0021074414253234863,1,44
20,0.0021074414253234863,1,44
21,0.0021074414253234863,1,44
22,0.0021074414253234863,1,44
23,0.0021538734436035156,1,44
24,0.0021538734436035156,1,44
25,0.0021538734436035156,1,44
26,0.0021538734436035156,1,44
27,0.0021538734436035156,1,44
28,0.0021538734436035156,1,44
29,0.0021538734436035156,1,44
30,0.0021538734436035156,1,44
31,0.0021538734436035156,1,44
32,0.0021538734436035156,1,44
33,0.0021538734436035156,1,44
34,0.0021538734436035156,1,44
35,0.0021538734436035156,1,44
36,0.0021538734436035156,1,44
37,0.0021538734436035156,1,44
38,0.0021538734436035156,1,44
39,0.0021538734436035156,1,44
40,0.0021538734436035156,1,44
41,0.0021538734436035156,1,44
42,0.0021538734436035156,1,44
43,0.0021538734436035156,1,44
44,0.0021538734436035156,1,44
45,0.0021538734436035156,1,44
46,0.0021538734436035156,1,44
47,0.0021538734436035156,1,44
48,0.0021538734436035156,1,44
49,0.0021538734436035156,1,44
50,0.0021538734436035156,1,44
51,0.0021538734436035156,1,44
52,0.0021538734436035156,1,44
53,0.0021538734436035156,1,44
54,0.0021538734436035156,1,44
55,0.0021538734436035156,1,44
56,0.0021538734436035156,1,44
57,0.0021538734436035156,1,44
58,0.0021538734436035156,1,44
59,0.0021538734436035156,1,44
60,0.0021538734436035156,1,44
61,0.0021538734436035156,1,44
62,0.0021538734436035156,1,44
63,0.0021538734436035156,1,44
64,0.0021538734436035156,1,44
65,0.0021538734436035156,1,44
66,0.0021538734436035156,1,44
67,0.0021538734436035156,1,44
68,0.0021538734436035156,1,44
69,0.0021538734436035156,1,44
70,0.0021538734436035156,1,44
71,0.0021538734436035156,1,44
72,0.0021538734436035156,1,44
73,0.0021538734436035156,1,44
74,0.0021538734436035156,1,44
75,0.0021538734436035156,1,44
76,0.0021538734436035156,1,44
77,0.0021538734436035156,1,44
78,0.0021538734436035156,1,44
79,0.0021538734436035156,1,44
80,0.0021538734436035156,1,44
81,0.0021538734436035156,1,44
82,0.0021538734436035156,1,44
83,0.0021538734436035156,1,44
84,0.0021538734436035156,1,44
85,0.0021538734436035156,1,44
86,0.0021538734436035156,1,44
87,0.0021538734436035156,1,44
88,0.0021538734436035156,1,44
89,0.0021538734436035156,1,44
90,0.0021538734436035156,1,44
91,0.0021538734436035156,1,44
92,0.0021538734436035156,1,44
93,0.0021538734436035156,1,44
94,0.0021538734436035156,1,44
95,0.0021538734436035156,1,44
96,0.0021538734436035156,1,44
97,0.0021538734436035156,1,44
98,0.0021538734436035156,1,44
99,0.0021538734436035156,1,44
100,0.0021538734436035156,1,44
101,0.0021538734436035156,1,44
102,0.0021538734436035156,1,44
103,0.0021538734436035156,1,44
104,0.0021538734436035156,1,44
105,0.0021538734436035156,1,44
106,0.0021538734436035156,1,44
107,0.0021538734436035156,1,44
108,0.0021538734436035156,1,44
109,0.0021538734436035156,1,44
110,0.0021538734436035156,1,44
111,0.0021538734436035156,1,44
112,0.0021538734436035156,1,44
113,0.0021538734436035156,1,44
114,0.0021538734436035156,1,44
115,0.0021538734436035156,1,44
116,0.0021538734436035156,1,44
117,0.0021538734436035156,1,44
118,0.0021538734436035156,1,44
119,0.0021538734436035156,1,44
120,0.0021538734436035156,1,44
121,0.0021538734436035156,1,44
122,0.0021538734436035156,1,44
123,0.0021538734436035156,1,44
124,0.0021538734436035156,1,44
125,0.0021538734436035156,1,44
126,0.0021538734436035156,1,44
127,0.0021538734436035156,1,44
128,0.0021538734436035156,1,44
129,0.0021538734436035156,1,44
130,0.0021538734436035156,1,44
131,0.0021538734436035156,1,44
132,0.0021538734436035156,1,44
133,0.0021538734436035156,1,44
134,0.0021538734436035156,1,44
135,0.0021538734436035156,1,44
136,0.0021538734436035156,1,44
137,0.0021538734436035156,1,44
138,0.0021538734436035156,1,44
139,0.0021538734436035156,1,44
140,0.0021538734436035156,1,44
141,0.0021538734436035156,1,44
142,0.0021538734436035156,1,44
143,0.0021538734436035156,1,44
144,0.0021538734436035156,1,44
145,0.0021538734436035156,1,44
146,0.0021538734436035156,1,44
147,0.0021538734436035156,1,44
148,0.0021538734436035156,1,44
149,0.0021538734436035156,1,44
150,0.0021538734436035156,1,44
151,0.0021538734436035156,1,44
152,0.0021538734436035156,1,44
153,0.0021538734436035156,1,44
154,0.0021538734436035156,1,44
155,0.0021538734436035156,1,44
156,0.0021538734436035156,1,44
157,0.0021538734436035156,1,44
158,0.0021538734436035156,1,44
159,0.0021538734436035156,1,44
160,0.0021538734436035156,1,44
161,0.0021538734436035156,1,44
162,0.0021538734436035156,1,44
163,0.0021538734436035156,1,44
164,0.0021538734436035156,1,44
165,0.0021538734436035156,1,44
166,0.0021538734436035156,1,44
167,0.0021538734436035156,1,44
168,0.0021538734436035156,1,44
169,0.0021538734436035156,1,44
170,0.0021538734436035156,1,44
171,0.0021538734436035156,1,44
172,0.0021538734436035156,1,44
173,0.0021538734436035156,1,44
174,0.0021538734436035156,1,44
175,0.0021538734436035156,1,44
176,0.0021538734436035156,1,44
177,0.0021538734436035156,1,44
178,0.0021538734436035156,1,44
179,0.0021538734436035156,1,44
180,0.0021538734436035156,1,44
181,0.0021538734436035156,1,44
182,0.0021538734436035156,1,44
183,0.0021538734436035156,1,44
184,0.0021538734436035156,1,44
185,0.0021538734436035156,1,44
186,0.0021538734436035156,1,44
187,0.0021538734436035156,1,44
188,0.0021538734436035156,1,44
189,0.0021538734436035156,1,44
190,0.0021538734436035156,1,44
191,0.0021538734436035156,1,44
192,0.0021538734436035156,1,44
193,0.0021538734436035156,1,44
194,0.0021538734436035156,1,44
195,0.0021538734436035156,1,44
196,0.0021538734436035156,1,44
197,0.0021538734436035156,1,44
198,0.0021538734436035156,1,44
199,0.0021538734436035156,1,44
200,0.0021538734436035156,1,44
1,0.001066744327545166,1,45
2,0.001066744327545166,1,45
3,0.0011118054389953613,1,45
4,0.0011214613914489746,1,45
5,0.002143561840057373,1,45
6,0.002143561840057373,1,45
7,0.003959059715270996,1,45
8,0.003959059715270996,1,45
9,0.0052970051765441895,1,45
10,0.0052970051765441895,1,45
11,0.0052970051765441895,1,45
12,0.0052970051765441895,1,45
13,0.0052970051765441895,1,45
14,0.0052970051765441895,1,45
15,0.0052970051765441895,1,45
16,0.0052970051765441895,1,45
17,0.0052970051765441895,1,45
18,0.0052970051765441895,1,45
19,0.0052970051765441895,1,45
20,0.0052970051765441895,1,45
21,0.0052970051765441895,1,45
22,0.0052970051765441895,1,45
23,0.005414426326751709,1,45
24,0.005414426326751709,1,45
25,0.005414426326751709,1,45
26,0.005414426326751709,1,45
27,0.005414426326751709,1,45
28,0.005414426326751709,1,45
29,0.005414426326751709,1,45
30,0.005521416664123535,1,45
31,0.005521416664123535,1,45
32,0.005521416664123535,1,45
33,0.005521416664123535,1,45
34,0.005521416664123535,1,45
35,0.005521416664123535,1,45
36,0.005521416664123535,1,45
37,0.005521416664123535,1,45
38,0.005521416664123535,1,45
39,0.005521416664123535,1,45
40,0.005521416664123535,1,45
41,0.005521416664123535,1,45
42,0.005521416664123535,1,45
43,0.005521416664123535,1,45
44,0.005521416664123535,1,45
45,0.005521416664123535,1,45
46,0.005521416664123535,1,45
47,0.005521416664123535,1,45
48,0.005521416664123535,1,45
49,0.005521416664123535,1,45
50,0.005521416664123535,1,45
51,0.005521416664123535,1,45
52,0.005521416664123535,1,45
53,0.005521416664123535,1,45
54,0.005521416664123535,1,45
55,0.005521416664123535,1,45
56,0.005521416664123535,1,45
57,0.005521416664123535,1,45
58,0.005521416664123535,1,45
59,0.005521416664123535,1,45
60,0.005521416664123535,1,45
61,0.024077415466308594,2,45
62,0.024077415466308594,2,45
63,0.025169789791107178,2,45
64,0.025169789791107178,2,45
65,0.025169789791107178,2,45
66,0.025169789791107178,2,45
67,0.025169789791107178,2,45
68,0.025169789791107178,2,45
69,0.025169789791107178,2,45
70,0.025995850563049316,2,45
71,0.025995850563049316,2,45
72,0.025995850563049316,2,45
73,0.025995850563049316,2,45
74,0.025995850563049316,2,45
75,0.025995850563049316,2,45
76,0.025995850563049316,2,45
77,0.027709901332855225,2,45
78,0.027709901332855225,2,45
79,0.027709901332855225,2,45
80,0.027709901332855225,2,45
81,0.027709901332855225,2,45
82,0.02769792079925537,2,45
83,0.029260873794555664,2,45
84,0.029260873794555664,2,45
85,0.029260873794555664,2,45
86,0.029260873794555664,2,45
87,0.05449342727661133,3,45
88,0.07252919673919678,3,45
89,0.07252919673919678,3,45
90,0.07252919673919678,3,45
91,0.0730707049369812,3,45
92,0.0730707049369812,3,45
93,0.10061502456665039,4,45
94,0.15278840065002441,4,45
95,0.15278840065002441,4,45
96,0.15968358516693115,4,45
97,0.2323300838470459,5,45
98,0.27192258834838867,6,45
99,0.27192258834838867,6,45
100,0.27192258834838867,6,45
101,0.35784775018692017,7,45
102,0.5184298455715179,7,45
103,0.5184298455715179,7,45
104,0.5184298455715179,7,45
105,0.7834690064191818,8,45
106,0.7834690064191818,8,45
107,0.7834690064191818,8,45
108,0.7834690064191818,8,45
109,0.7834690064191818,8,45
110,0.7834690064191818,8,45
111,0.8618164658546448,8,45
112,0.9237448796629906,9,45
113,0.9237448796629906,9,45
114,0.9237448796629906,9,45
115,0.9237448796629906,9,45
116,0.9900799002498388,12,45
117,0.9707131311297417,9,45
118,0.9707131311297417,9,45
119,0.9707131311297417,9,45
120,0.9707131311297417,9,45
121,0.9707131311297417,9,45
122,0.9707131311297417,9,45
123,0.9707131311297417,9,45
124,0.9707131311297417,9,45
125,0.9707131311297417,9,45
126,0.9876820025965571,10,45
127,0.9876820025965571,10,45
128,0.9876820025965571,10,45
129,0.9876820025965571,10,45
130,0.9876820025965571,10,45
131,0.9876820025965571,10,45
132,0.9876820025965571,10,45
133,0.9876820025965571,10,45
134,0.9876820025965571,10,45
135,0.9876820025965571,10,45
136,0.9876820025965571,10,45
137,0.9876820025965571,10,45
138,0.9876820025965571,10,45
139,0.9876820025965571,10,45
140,0.9876820025965571,10,45
141,0.9876820025965571,10,45
142,0.99282499961555,10,45
143,0.99282499961555,10,45
144,0.99282499961555,10,45
145,0.99282499961555,10,45
146,0.99282499961555,10,45
147,0.99282499961555,10,45
148,0.99282499961555,10,45
149,0.99282499961555,10,45
150,0.99282499961555,10,45
151,0.99282499961555,10,45
152,0.99282499961555,10,45
153,0.99282499961555,10,45
154,0.99282499961555,10,45
155,0.99282499961555,10,45
156,0.9935634969733655,10,45
157,0.9935634969733655,10,45
158,0.9935634969733655,10,45
159,0.9935634969733655,10,45
160,0.9935634969733655,10,45
161,0.9935634969733655,10,45
162,0.9935634969733655,10,45
163,0.9935634969733655,10,45
164,0.9935634969733655,10,45
165,0.9935634969733655,10,45
166,0.9935634969733655,10,45
167,0.9935634969733655,10,45
168,0.9935634969733655,10,45
169,0.9935634969733655,10,45
170,0.9935634969733655,10,45
171,0.9935634969733655,10,45
172,0.9776883963495493,9,45
173,0.9776883963495493,9,45
174,0.9895702563226223,9,45
175,0.9895702563226223,9,45
176,0.9895702563226223,9,45
177,0.9895702563226223,9,45
178,0.9895702563226223,9,45
179,0.9895702563226223,9,45
180,0.9895702563226223,9,45
181,0.9895702563226223,9,45
182,0.9902249211445451,9,45
183,0.9902249211445451,9,45
184,0.9902249211445451,9,45
185,0.9902249211445451,9,45
186,0.9902249211445451,9,45
187,0.9902249211445451,9,45
188,0.9902249211445451,9,45
189,0.9902249211445451,9,45
190,0.9902249211445451,9,45
191,0.9902249211445451,9,45
192,0.9902249211445451,9,45
193,0.9902249211445451,9,45
194,0.9902249211445451,9,45
195,0.9902249211445451,9,45
196,0.9902249211445451,9,45
197,0.9902249211445451,9,45
198,0.9902249211445451,9,45
199,0.9902249211445451,9,45
200,0.9902249211445451,9,45
1,0.1678975224494934,8,46
2,0.29718017578125,7,46
3,0.3780674338340759,11,46
4,0.44401484727859497,11,46
5,0.5656470656394958,11,46
6,0.8496277928352356,8,46
7,0.9360410645604134,10,46
8,0.9360410645604134,10,46
9,0.9705685190856457,10,46
10,0.9762509930878878,9,46
11,0.9762509930878878,9,46
12,0.9762509930878878,9,46
13,0.9762509930878878,9,46
14,0.9762509930878878,9,46
15,0.9762509930878878,9,46
16,0.9762509930878878,9,46
17,0.9762509930878878,9,46
18,0.9762509930878878,9,46
19,0.9762509930878878,9,46
20,0.9762509930878878,9,46
21,0.9762509930878878,9,46
22,0.9762509930878878,9,46
23,0.990158355794847,9,46
24,0.990158355794847,9,46
25,0.990158355794847,9,46
26,0.990158355794847,9,46
27,0.990158355794847,9,46
28,0.990158355794847,9,46
29,0.990158355794847,9,46
30,0.990158355794847,9,46
31,0.990158355794847,9,46
32,0.990158355794847,9,46
33,0.990158355794847,9,46
34,0.990158355794847,9,46
35,0.990158355794847,9,46
36,0.990158355794847,9,46
37,0.990158355794847,9,46
38,0.990158355794847,9,46
39,0.990158355794847,9,46
40,0.990158355794847,9,46
41,0.9934004535898566,9,46
42,0.9950757175683975,9,46
43,0.9950757175683975,9,46
44,0.9950757175683975,9,46
45,0.9950757175683975,9,46
46,0.9950757175683975,9,46
47,0.9950757175683975,9,46
48,0.9950757175683975,9,46
49,0.9950757175683975,9,46
50,0.9950757175683975,9,46
51,0.9950757175683975,9,46
52,0.9950757175683975,9,46
53,0.9950757175683975,9,46
54,0.9960848758928478,9,46
55,0.9960848758928478,9,46
56,0.9960848758928478,9,46
57,0.9960848758928478,9,46
58,0.9960848758928478,9,46
59,0.9960848758928478,9,46
60,0.9960848758928478,9,46
61,0.9960848758928478,9,46
62,0.9984716888284311,9,46
63,0.9984716888284311,9,46
64,0.9984716888284311,9,46
65,0.9984716888284311,9,46
66,0.9984716888284311,9,46
67,0.9984716888284311,9,46
68,0.9984716888284311,9,46
69,0.9984716888284311,9,46
70,0.9840817023068666,8,46
71,0.9840817023068666,8,46
72,0.9868030427023768,8,46
73,0.9868030427023768,8,46
74,0.9868030427023768,8,46
75,0.9868030427023768,8,46
76,0.9944875901564956,8,46
77,0.9944875901564956,8,46
78,0.9944875901564956,8,46
79,0.9944875901564956,8,46
80,0.9945395053364336,8,46
81,0.9948567161336541,8,46
82,0.9948567161336541,8,46
83,0.9948567161336541,8,46
84,0.9967038866598159,8,46
85,0.9967038866598159,8,46
86,0.9967038866598159,8,46
87,0.9967038866598159,8,46
88,0.9989333541598171,8,46
89,0.9989333541598171,8,46
90,0.9989333541598171,8,46
91,0.9989333541598171,8,46
92,0.9989333541598171,8,46
93,0.9989333541598171,8,46
94,0.9989333541598171,8,46
95,0.9989333541598171,8,46
96,0.9989333541598171,8,46
97,0.9989333541598171,8,46
98,0.9989333541598171,8,46
99,0.9989333541598171,8,46
100,0.9989333541598171,8,46
101,0.9989333541598171,8,46
102,0.9989333541598171,8,46
103,0.9878520546481013,7,46
104,0.9878520546481013,7,46
105,0.9878520546481013,7,46
106,0.9908504178747535,7,46
107,0.9908504178747535,7,46
108,0.9908504178747535,7,46
109,0.9908504178747535,7,46
110,0.9908504178747535,7,46
111,0.9908504178747535,7,46
112,0.9908504178747535,7,46
113,0.9908504178747535,7,46
114,0.9908504178747535,7,46
115,0.9908504178747535,7,46
116,0.9908504178747535,7,46
117,0.9908504178747535,7,46
118,0.9908504178747535,7,46
119,0.9908504178747535,7,46
120,0.9908504178747535,7,46
121,0.993471990339458,7,46
122,0.993471990339458,7,46
123,0.993471990339458,7,46
124,0.993471990339458,7,46
125,0.9847773481160402,6,46
126,0.9847773481160402,6,46
127,0.9847773481160402,6,46
128,0.9847773481160402,6,46
129,0.9847773481160402,6,46
130,0.9847773481160402,6,46
131,0.9847773481160402,6,46
132,0.9847773481160402,6,46
133,0.9847773481160402,6,46
134,0.9847773481160402,6,46
135,0.9847773481160402,6,46
136,0.9897461412474513,6,46
137,0.9897461412474513,6,46
138,0.9897461412474513,6,46
139,0.9897461412474513,6,46
140,0.9897461412474513,6,46
141,0.9897461412474513,6,46
142,0.9897461412474513,6,46
143,0.9897461412474513,6,46
144,0.9898915411904454,6,46
145,0.9898915411904454,6,46
146,0.9898915411904454,6,46
147,0.9898915411904454,6,46
148,0.9898915411904454,6,46
149,0.9898915411904454,6,46
150,0.9898915411904454,6,46
151,0.9898915411904454,6,46
152,0.9929110966622829,6,46
153,0.9929110966622829,6,46
154,0.9929110966622829,6,46
155,0.9929110966622829,6,46
156,0.9929110966622829,6,46
157,0.9929110966622829,6,46
158,0.9929110966622829,6,46
159,0.9967850435059518,6,46
160,0.9967850435059518,6,46
161,0.9967850435059518,6,46
162,0.9967850435059518,6,46
163,0.9967850435059518,6,46
164,0.9967850435059518,6,46
165,0.9967850435059518,6,46
166,0.9967850435059518,6,46
167,0.9967850435059518,6,46
168,0.9967850435059518,6,46
169,0.9967850435059518,6,46
170,0.9967850435059518,6,46
171,0.9967850435059518,6,46
172,0.9967850435059518,6,46
173,0.9967850435059518,6,46
174,0.9967850435059518,6,46
175,0.9967850435059518,6,46
176,0.9967850435059518,6,46
177,0.9967850435059518,6,46
178,0.9967850435059518,6,46
179,0.9967850435059518,6,46
180,0.9967850435059518,6,46
181,0.9967850435059518,6,46
182,0.9967850435059518,6,46
183,0.9967850435059518,6,46
184,0.9967850435059518,6,46
185,0.9967850435059518,6,46
186,0.9967850435059518,6,46
187,0.9967850435059518,6,46
188,0.9967850435059518,6,46
189,0.9967850435059518,6,46
190,0.9967850435059518,6,46
191,0.9967850435059518,6,46
192,0.9967850435059518,6,46
193,0.9967850435059518,6,46
194,0.9967850435059518,6,46
195,0.9967850435059518,6,46
196,0.9967850435059518,6,46
197,0.9967850435059518,6,46
198,0.9967850435059518,6,46
199,0.9967850435059518,6,46
200,0.9967850435059518,6,46
1,0.5670553743839264,15,47
2,0.49131524562835693,7,47
3,0.8618408739566803,15,47
4,0.827474907040596,12,47
5,0.9410575740039349,15,47
6,0.8991177305579185,10,47
7,0.9834309238940477,15,47
8,0.9429734982550144,12,47
9,0.9883321970701218,12,47
10,0.9883321970701218,12,47
11,0.9889929722994566,12,47
12,0.9889929722994566,12,47
13,0.9758316539227962,11,47
14,0.9758316539227962,11,47
15,0.9758316539227962,11,47
16,0.9758316539227962,11,47
17,0.9758316539227962,11,47
18,0.9758316539227962,11,47
19,0.9758316539227962,11,47
20,0.9758316539227962,11,47
21,0.9967009369283915,11,47
22,0.9967009369283915,11,47
23,0.9967009369283915,11,47
24,0.9967009369283915,11,47
25,0.9967009369283915,11,47
26,0.9967009369283915,11,47
27,0.9967009369283915,11,47
28,0.9967009369283915,11,47
29,0.9967009369283915,11,47
30,0.9967009369283915,11,47
31,0.9967009369283915,11,47
32,0.9967009369283915,11,47
33,0.9967009369283915,11,47
34,0.9981055344687775,11,47
35,0.9981055344687775,11,47
36,0.9981055344687775,11,47
37,0.9981055344687775,11,47
38,0.9981055344687775,11,47
39,0.9981055344687775,11,47
40,0.9906877316534519,10,47
41,0.9906877316534519,10,47
42,0.9906877316534519,10,47
43,0.9906877316534519,10,47
44,0.9980316965375096,10,47
45,0.9829561691731215,9,47
46,0.9829561691731215,9,47
47,0.9829561691731215,9,47
48,0.9829561691731215,9,47
49,0.9829561691731215,9,47
50,0.9829561691731215,9,47
51,0.9829561691731215,9,47
52,0.9829561691731215,9,47
53,0.9829561691731215,9,47
54,0.9829561691731215,9,47
55,0.9829561691731215,9,47
56,0.9829561691731215,9,47
57,0.9829561691731215,9,47
58,0.9976527458056808,9,47
59,0.9976527458056808,9,47
60,0.9976527458056808,9,47
61,0.9976527458056808,9,47
62,0.9976527458056808,9,47
63,0.9976527458056808,9,47
64,0.9976527458056808,9,47
65,0.9976527458056808,9,47
66,0.9976527458056808,9,47
67,0.9976527458056808,9,47
68,0.9946799967437983,8,47
69,0.9946799967437983,8,47
70,0.9946799967437983,8,47
71,0.9946799967437983,8,47
72,0.9946799967437983,8,47
73,0.9946799967437983,8,47
74,0.997687604976818,8,47
75,0.997687604976818,8,47
76,0.997687604976818,8,47
77,0.997687604976818,8,47
78,0.997687604976818,8,47
79,0.997687604976818,8,47
80,0.997687604976818,8,47
81,0.997687604976818,8,47
82,0.997687604976818,8,47
83,0.98875942081213,7,47
84,0.98875942081213,7,47
85,0.98875942081213,7,47
86,0.98875942081213,7,47
87,0.98875942081213,7,47
88,0.98875942081213,7,47
89,0.9922722331248224,7,47
90,0.9922722331248224,7,47
91,0.9922722331248224,7,47
92,0.9922722331248224,7,47
93,0.9922722331248224,7,47
94,0.9922722331248224,7,47
95,0.9922722331248224,7,47
96,0.9922722331248224,7,47
97,0.9922722331248224,7,47
98,0.9922722331248224,7,47
99,0.9922722331248224,7,47
100,0.9922722331248224,7,47
101,0.9922722331248224,7,47
102,0.9922722331248224,7,47
103,0.9922722331248224,7,47
104,0.9922722331248224,7,47
105,0.9824055973440409,6,47
106,0.9824055973440409,6,47
107,0.9824055973440409,6,47
108,0.9824055973440409,6,47
109,0.9824055973440409,6,47
110,0.9824055973440409,6,47
111,0.9824055973440409,6,47
112,0.9824055973440409,6,47
113,0.9824055973440409,6,47
114,0.9824055973440409,6,47
115,0.9824055973440409,6,47
116,0.9824055973440409,6,47
117,0.9824055973440409,6,47
118,0.9882039520889521,6,47
119,0.9882039520889521,6,47
120,0.9882039520889521,6,47
121,0.9882039520889521,6,47
122,0.9882039520889521,6,47
123,0.9882039520889521,6,47
124,0.9882039520889521,6,47
125,0.9882039520889521,6,47
126,0.9882039520889521,6,47
127,0.9882039520889521,6,47
128,0.9882039520889521,6,47
129,0.9882039520889521,6,47
130,0.9941166169010103,6,47
131,0.9941166169010103,6,47
132,0.9941166169010103,6,47
133,0.9941166169010103,6,47
134,0.9941166169010103,6,47
135,0.9941166169010103,6,47
136,0.9941166169010103,6,47
137,0.9941166169010103,6,47
138,0.9941166169010103,6,47
139,0.9941166169010103,6,47
140,0.9941166169010103,6,47
141,0.9941166169010103,6,47
142,0.9941166169010103,6,47
143,0.9941166169010103,6,47
144,0.9941166169010103,6,47
145,0.9941166169010103,6,47
146,0.9941166169010103,6,47
147,0.9941166169010103,6,47
148,0.9941166169010103,6,47
149,0.9941166169010103,6,47
150,0.9941166169010103,6,47
151,0.9951095557771623,6,47
152,0.9951095557771623,6,47
153,0.9796671569347382,5,47
154,0.9796671569347382,5,47
155,0.9796671569347382,5,47
156,0.9796671569347382,5,47
157,0.9796671569347382,5,47
158,0.9796671569347382,5,47
159,0.9796671569347382,5,47
160,0.9796671569347382,5,47
161,0.9796671569347382,5,47
162,0.9796671569347382,5,47
163,0.9970658770762384,6,47
164,0.9970658770762384,6,47
165,0.9970658770762384,6,47
166,0.9970658770762384,6,47
167,0.9849592242389917,5,47
168,0.9849592242389917,5,47
169,0.9849592242389917,5,47
170,0.9849592242389917,5,47
171,0.9849592242389917,5,47
172,0.9849592242389917,5,47
173,0.9849592242389917,5,47
174,0.9849592242389917,5,47
175,0.9896614924073219,5,47
176,0.9896614924073219,5,47
177,0.9896614924073219,5,47
178,0.9896614924073219,5,47
179,0.9896614924073219,5,47
180,0.9915014803409576,5,47
181,0.9915014803409576,5,47
182,0.9915014803409576,5,47
183,0.9915014803409576,5,47
184,0.9915014803409576,5,47
185,0.9915014803409576,5,47
186,0.9915014803409576,5,47
187,0.9915014803409576,5,47
188,0.9915014803409576,5,47
189,0.9915014803409576,5,47
190,0.9915014803409576,5,47
191,0.9915014803409576,5,47
192,0.9915014803409576,5,47
193,0.9915014803409576,5,47
194,0.9915014803409576,5,47
195,0.9915014803409576,5,47
196,0.9915014803409576,5,47
197,0.9915014803409576,5,47
198,0.9915014803409576,5,47
199,0.9915014803409576,5,47
200,0.9927309956401587,5,47
1,0.0018768906593322754,1,48
2,0.0018768906593322754,1,48
3,0.002270042896270752,1,48
4,0.002270042896270752,1,48
5,0.002738356590270996,1,48
6,0.003863513469696045,1,48
7,0.007241725921630859,1,48
8,0.007241725921630859,1,48
9,0.007241725921630859,1,48
10,0.007241725921630859,1,48
11,0.007241725921630859,1,48
12,0.007241725921630859,1,48
13,0.007241725921630859,1,48
14,0.007241725921630859,1,48
15,0.007241725921630859,1,48
16,0.007241725921630859,1,48
17,0.007241725921630859,1,48
18,0.007241725921630859,1,48
19,0.007241725921630859,1,48
20,0.007241725921630859,1,48
21,0.007241725921630859,1,48
22,0.007241725921630859,1,48
23,0.007241725921630859,1,48
24,0.007241725921630859,1,48
25,0.007241725921630859,1,48
26,0.007241725921630859,1,48
27,0.007241725921630859,1,48
28,0.007241725921630859,1,48
29,0.007241725921630859,1,48
30,0.007241725921630859,1,48
31,0.007241725921630859,1,48
32,0.007241725921630859,1,48
33,0.007241725921630859,1,48
34,0.007241725921630859,1,48
35,0.007241725921630859,1,48
36,0.007241725921630859,1,48
37,0.007241725921630859,1,48
38,0.007241725921630859,1,48
39,0.007241725921630859,1,48
40,0.007241725921630859,1,48
41,0.007241725921630859,1,48
42,0.007241725921630859,1,48
43,0.007241725921630859,1,48
44,0.007241725921630859,1,48
45,0.007241725921630859,1,48
46,0.007241725921630859,1,48
47,0.007241725921630859,1,48
48,0.007241725921630859,1,48
49,0.007241725921630859,1,48
50,0.007241725921630859,1,48
51,0.007241725921630859,1,48
52,0.007241725921630859,1,48
53,0.007241725921630859,1,48
54,0.007241725921630859,1,48
55,0.02849966287612915,2,48
56,0.02849966287612915,2,48
57,0.02849966287612915,2,48
58,0.02849966287612915,2,48
59,0.02849966287612915,2,48
60,0.02849966287612915,2,48
61,0.02849966287612915,2,48
62,0.02849966287612915,2,48
63,0.02849966287612915,2,48
64,0.02849966287612915,2,48
65,0.02849966287612915,2,48
66,0.02849966287612915,2,48
67,0.02849966287612915,2,48
68,0.029163062572479248,2,48
69,0.029163062572479248,2,48
70,0.029163062572479248,2,48
71,0.029163062572479248,2,48
72,0.029163062572479248,2,48
73,0.029163062572479248,2,48
74,0.029163062572479248,2,48
75,0.029163062572479248,2,48
76,0.029163062572479248,2,48
77,0.0635576844215393,3,48
78,0.0635576844215393,3,48
79,0.06499570608139038,3,48
80,0.06499570608139038,3,48
81,0.0686909556388855,3,48
82,0.08563941717147827,4,48
83,0.08563941717147827,4,48
84,0.11679404973983765,5,48
85,0.22844380140304565,5,48
86,0.22844380140304565,5,48
87,0.22844380140304565,5,48
88,0.22844380140304565,5,48
89,0.2444237470626831,5,48
90,0.30219781398773193,6,48
91,0.29243218898773193,5,48
92,0.47815996408462524,8,48
93,0.47815996408462524,8,48
94,0.47815996408462524,8,48
95,0.5392206013202667,7,48
96,0.6988099813461304,6,48
97,0.6988099813461304,6,48
98,0.8680821806192398,9,48
99,0.8680821806192398,9,48
100,0.8680821806192398,9,48
101,0.8680821806192398,9,48
102,0.8680821806192398,9,48
103,0.8680821806192398,9,48
104,0.8680821806192398,9,48
105,0.8922026082873344,10,48
106,0.9237698391079903,9,48
107,0.9237698391079903,9,48
108,0.9237698391079903,9,48
109,0.9237698391079903,9,48
110,0.9237698391079903,9,48
111,0.9845115905627608,12,48
112,0.9845115905627608,12,48
113,0.9845115905627608,12,48
114,0.9845115905627608,12,48
115,0.9845115905627608,12,48
116,0.9850123524665833,12,48
117,0.9850123524665833,12,48
118,0.9867468513548374,12,48
119,0.9867468513548374,12,48
120,0.9730413388460875,10,48
121,0.9730413388460875,10,48
122,0.9730413388460875,10,48
123,0.9730413388460875,10,48
124,0.9730413388460875,10,48
125,0.9730413388460875,10,48
126,0.9730413388460875,10,48
127,0.9730413388460875,10,48
128,0.9730413388460875,10,48
129,0.9730413388460875,10,48
130,0.9730413388460875,10,48
131,0.9730413388460875,10,48
132,0.9730413388460875,10,48
133,0.9730413388460875,10,48
134,0.9730413388460875,10,48
135,0.9730413388460875,10,48
136,0.9730413388460875,10,48
137,0.9730413388460875,10,48
138,0.9730413388460875,10,48
139,0.9730413388460875,10,48
140,0.9730413388460875,10,48
141,0.9730413388460875,10,48
142,0.9730413388460875,10,48
143,0.9730413388460875,10,48
144,0.9730413388460875,10,48
145,0.9730413388460875,10,48
146,0.9730413388460875,10,48
147,0.9730413388460875,10,48
148,0.9730413388460875,10,48
149,0.9730413388460875,10,48
150,0.9730413388460875,10,48
151,0.9730413388460875,10,48
152,0.9730413388460875,10,48
153,0.9771494083106518,10,48
154,0.9771494083106518,10,48
155,0.9771494083106518,10,48
156,0.9771494083106518,10,48
157,0.9771494083106518,10,48
158,0.9771494083106518,10,48
159,0.9771494083106518,10,48
160,0.9771494083106518,10,48
161,0.9771494083106518,10,48
162,0.9771494083106518,10,48
163,0.9771494083106518,10,48
164,0.9771494083106518,10,48
165,0.9771494083106518,10,48
166,0.9771494083106518,10,48
167,0.9771494083106518,10,48
168,0.9771494083106518,10,48
169,0.9771494083106518,10,48
170,0.9771494083106518,10,48
171,0.9771494083106518,10,48
172,0.9771494083106518,10,48
173,0.9771494083106518,10,48
174,0.9771494083106518,10,48
175,0.9945927774533629,11,48
176,0.9945927774533629,11,48
177,0.9945927774533629,11,48
178,0.9945927774533629,11,48
179,0.9968002054374665,11,48
180,0.9836215358227491,10,48
181,0.9836215358227491,10,48
182,0.9836215358227491,10,48
183,0.9836215358227491,10,48
184,0.9836215358227491,10,48
185,0.9836215358227491,10,48
186,0.9836215358227491,10,48
187,0.9836215358227491,10,48
188,0.9836215358227491,10,48
189,0.9836215358227491,10,48
190,0.9836215358227491,10,48
191,0.9836215358227491,10,48
192,0.9836215358227491,10,48
193,0.9836215358227491,10,48
194,0.9836215358227491,10,48
195,0.9836215358227491,10,48
196,0.9836215358227491,10,48
197,0.9836215358227491,10,48
198,0.9836215358227491,10,48
199,0.9836215358227491,10,48
200,0.9836215358227491,10,48
1,0.00017261505126953125,1,49
2,0.00018745660781860352,1,49
3,0.00024312734603881836,1,49
4,0.00024312734603881836,1,49
5,0.0003432035446166992,1,49
6,0.00038063526153564453,1,49
7,0.00038063526153564453,1,49
8,0.0008203387260437012,1,49
9,0.0008203387260437012,1,49
10,0.0008203387260437012,1,49
11,0.0008203387260437012,1,49
12,0.0008203387260437012,1,49
13,0.0008203387260437012,1,49
14,0.0008203387260437012,1,49
15,0.0008203387260437012,1,49
16,0.0008203387260437012,1,49
17,0.0008203387260437012,1,49
18,0.0008203387260437012,1,49
19,0.0008203387260437012,1,49
20,0.0008203387260437012,1,49
21,0.0008203387260437012,1,49
22,0.0008203387260437012,1,49
23,0.0008203387260437012,1,49
24,0.0008203387260437012,1,49
25,0.0008203387260437012,1,49
26,0.0008203387260437012,1,49
27,0.0008203387260437012,1,49
28,0.0008203387260437012,1,49
29,0.0008203387260437012,1,49
30,0.0008203387260437012,1,49
31,0.0008203387260437012,1,49
32,0.0008203387260437012,1,49
33,0.0008203387260437012,1,49
34,0.0008203387260437012,1,49
35,0.0008203387260437012,1,49
36,0.0008203387260437012,1,49
37,0.0008203387260437012,1,49
38,0.0008203387260437012,1,49
39,0.0008203387260437012,1,49
40,0.0008203387260437012,1,49
41,0.0008203387260437012,1,49
42,0.0008203387260437012,1,49
43,0.0008203387260437012,1,49
44,0.0008203387260437012,1,49
45,0.0008203387260437012,1,49
46,0.0008203387260437012,1,49
47,0.0008203387260437012,1,49
48,0.0008203387260437012,1,49
49,0.0008203387260437012,1,49
50,0.0008203387260437012,1,49
51,0.0008203387260437012,1,49
52,0.0008203387260437012,1,49
53,0.0008203387260437012,1,49
54,0.0008203387260437012,1,49
55,0.0008203387260437012,1,49
56,0.0008203387260437012,1,49
57,0.0008203387260437012,1,49
58,0.0008203387260437012,1,49
59,0.0008203387260437012,1,49
60,0.0008203387260437012,1,49
61,0.0008203387260437012,1,49
62,0.0008203387260437012,1,49
63,0.0008203387260437012,1,49
64,0.0008203387260437012,1,49
65,0.0008203387260437012,1,49
66,0.0008203387260437012,1,49
67,0.0008203387260437012,1,49
68,0.0008203387260437012,1,49
69,0.0008203387260437012,1,49
70,0.0008203387260437012,1,49
71,0.0008203387260437012,1,49
72,0.0008203387260437012,1,49
73,0.0008203387260437012,1,49
74,0.0008203387260437012,1,49
75,0.0008203387260437012,1,49
76,0.0008203387260437012,1,49
77,0.0008203387260437012,1,49
78,0.0008203387260437012,1,49
79,0.0008203387260437012,1,49
80,0.0008203387260437012,1,49
81,0.0008203387260437012,1,49
82,0.0008203387260437012,1,49
83,0.0008203387260437012,1,49
84,0.0008203387260437012,1,49
85,0.0008203387260437012,1,49
86,0.0008203387260437012,1,49
87,0.0008203387260437012,1,49
88,0.0008203387260437012,1,49
89,0.0008203387260437012,1,49
90,0.0008203387260437012,1,49
91,0.0008203387260437012,1,49
92,0.0008203387260437012,1,49
93,0.0008203387260437012,1,49
94,0.0008203387260437012,1,49
95,0.0008203387260437012,1,49
96,0.0008203387260437012,1,49
97,0.0008203387260437012,1,49
98,0.0008203387260437012,1,49
99,0.0008203387260437012,1,49
100,0.0008203387260437012,1,49
101,0.0008203387260437012,1,49
102,0.0008203387260437012,1,49
103,0.0008203387260437012,1,49
104,0.0008203387260437012,1,49
105,0.0008203387260437012,1,49
106,0.0008203387260437012,1,49
107,0.0008203387260437012,1,49
108,0.0008203387260437012,1,49
109,0.0008203387260437012,1,49
110,0.0008203387260437012,1,49
111,0.0008203387260437012,1,49
112,0.0008203387260437012,1,49
113,0.0008203387260437012,1,49
114,0.0008203387260437012,1,49
115,0.0008203387260437012,1,49
116,0.0008203387260437012,1,49
117,0.0008203387260437012,1,49
118,0.0008203387260437012,1,49
119,0.0008203387260437012,1,49
120,0.0008203387260437012,1,49
121,0.0008203387260437012,1,49
122,0.0008203387260437012,1,49
123,0.0008203387260437012,1,49
124,0.0008203387260437012,1,49
125,0.0008203387260437012,1,49
126,0.0008203387260437012,1,49
127,0.0008203387260437012,1,49
128,0.0008203387260437012,1,49
129,0.0008203387260437012,1,49
130,0.0008203387260437012,1,49
131,0.0008203387260437012,1,49
132,0.0008203387260437012,1,49
133,0.0008203387260437012,1,49
134,0.0008203387260437012,1,49
135,0.0008203387260437012,1,49
136,0.0008203387260437012,1,49
137,0.0008203387260437012,1,49
138,0.0008203387260437012,1,49
139,0.0008203387260437012,1,49
140,0.0008203387260437012,1,49
141,0.0008203387260437012,1,49
142,0.0008203387260437012,1,49
143,0.0008203387260437012,1,49
144,0.0008203387260437012,1,49
145,0.0008203387260437012,1,49
146,0.0008203387260437012,1,49
147,0.0008203387260437012,1,49
148,0.0008203387260437012,1,49
149,0.0008203387260437012,1,49
150,0.0008203387260437012,1,49
151,0.0008203387260437012,1,49
152,0.0008203387260437012,1,49
153,0.0008203387260437012,1,49
154,0.0008203387260437012,1,49
155,0.0008203387260437012,1,49
156,0.0008203387260437012,1,49
157,0.0008203387260437012,1,49
158,0.0008203387260437012,1,49
159,0.0008203387260437012,1,49
160,0.0008203387260437012,1,49
161,0.0008203387260437012,1,49
162,0.0008203387260437012,1,49
163,0.0008203387260437012,1,49
164,0.0008203387260437012,1,49
165,0.0008203387260437012,1,49
166,0.0008203387260437012,1,49
167,0.0008203387260437012,1,49
168,0.0008203387260437012,1,49
169,0.0008203387260437012,1,49
170,0.0008203387260437012,1,49
171,0.0008203387260437012,1,49
172,0.0008203387260437012,1,49
173,0.0008203387260437012,1,49
174,0.0008203387260437012,1,49
175,0.0008203387260437012,1,49
176,0.0008203387260437012,1,49
177,0.0008203387260437012,1,49
178,0.0008203387260437012,1,49
179,0.0008203387260437012,1,49
180,0.0008203387260437012,1,49
181,0.0008203387260437012,1,49
182,0.0008203387260437012,1,49
183,0.0008203387260437012,1,49
184,0.0008203387260437012,1,49
185,0.0008203387260437012,1,49
186,0.0008203387260437012,1,49
187,0.0008203387260437012,1,49
188,0.0008203387260437012,1,49
189,0.0008203387260437012,1,49
190,0.0008203387260437012,1,49
191,0.0008203387260437012,1,49
192,0.0008203387260437012,1,49
193,0.0008203387260437012,1,49
194,0.0008203387260437012,1,49
195,0.0008203387260437012,1,49
196,0.0008203387260437012,1,49
197,0.0008203387260437012,1,49
198,0.0008203387260437012,1,49
199,0.0008203387260437012,1,49
200,0.0008203387260437012,1,49
1,0.8921387493610382,2,50
2,0.8921387493610382,2,50
3,0.8921387493610382,2,50
4,0.9100476875901222,3,50
5,0.9100476875901222,3,50
6,0.9193904250860214,3,50
7,0.9547641053795815,3,50
8,0.9767325203865767,3,50
9,0.9767325203865767,3,50
10,0.9767325203865767,3,50
11,0.9767325203865767,3,50
12,0.9767325203865767,3,50
13,0.9767325203865767,3,50
14,0.9767325203865767,3,50
15,0.9767325203865767,3,50
16,0.9767325203865767,3,50
17,0.9767325203865767,3,50
18,0.9767325203865767,3,50
19,0.9767325203865767,3,50
20,0.9767325203865767,3,50
21,0.9767325203865767,3,50
22,0.9767325203865767,3,50
23,0.9767325203865767,3,50
24,0.9767325203865767,3,50
25,0.9767325203865767,3,50
26,0.9767325203865767,3,50
27,0.9639137536287308,2,50
28,0.9639137536287308,2,50
29,0.9639137536287308,2,50
30,0.9639137536287308,2,50
31,0.9639137536287308,2,50
32,0.9639137536287308,2,50
33,0.9645113050937653,2,50
34,0.9645113050937653,2,50
35,0.9645113050937653,2,50
36,0.9645113050937653,2,50
37,0.9645113050937653,2,50
38,0.9645113050937653,2,50
39,0.9645113050937653,2,50
40,0.9645113050937653,2,50
41,0.9645113050937653,2,50
42,0.9645113050937653,2,50
43,0.9645113050937653,2,50
44,0.9645113050937653,2,50
45,0.9645113050937653,2,50
46,0.9645113050937653,2,50
47,0.9645113050937653,2,50
48,0.9645113050937653,2,50
49,0.9645113050937653,2,50
50,0.9827990364283323,3,50
51,0.9827990364283323,3,50
52,0.9827990364283323,3,50
53,0.9827990364283323,3,50
54,0.9827990364283323,3,50
55,0.9827990364283323,3,50
56,0.9827990364283323,3,50
57,0.9827990364283323,3,50
58,0.9827990364283323,3,50
59,0.9871641891077161,3,50
60,0.9871641891077161,3,50
61,0.9871641891077161,3,50
62,0.9871641891077161,3,50
63,0.9871641891077161,3,50
64,0.9871641891077161,3,50
65,0.9871641891077161,3,50
66,0.9871641891077161,3,50
67,0.9871641891077161,3,50
68,0.9871641891077161,3,50
69,0.9871641891077161,3,50
70,0.9871641891077161,3,50
71,0.9871641891077161,3,50
72,0.9874933855608106,3,50
73,0.9874933855608106,3,50
74,0.9874933855608106,3,50
75,0.9874933855608106,3,50
76,0.9874933855608106,3,50
77,0.9874933855608106,3,50
78,0.9874933855608106,3,50
79,0.9874933855608106,3,50
80,0.9874933855608106,3,50
81,0.9874933855608106,3,50
82,0.9874933855608106,3,50
83,0.9874933855608106,3,50
84,0.9874933855608106,3,50
85,0.9874933855608106,3,50
86,0.9897652780637145,3,50
87,0.9897652780637145,3,50
88,0.9897652780637145,3,50
89,0.9897652780637145,3,50
90,0.9897652780637145,3,50
91,0.9897652780637145,3,50
92,0.9897652780637145,3,50
93,0.9897652780637145,3,50
94,0.9897652780637145,3,50
95,0.9897652780637145,3,50
96,0.9897652780637145,3,50
97,0.9897652780637145,3,50
98,0.9897652780637145,3,50
99,0.9897652780637145,3,50
100,0.9897652780637145,3,50
101,0.9897652780637145,3,50
102,0.9897652780637145,3,50
103,0.9897652780637145,3,50
104,0.9897652780637145,3,50
105,0.9897652780637145,3,50
106,0.9897652780637145,3,50
107,0.9897652780637145,3,50
108,0.9897652780637145,3,50
109,0.9897652780637145,3,50
110,0.9897652780637145,3,50
111,0.9897652780637145,3,50
112,0.9897652780637145,3,50
113,0.9897652780637145,3,50
114,0.9897652780637145,3,50
115,0.9897652780637145,3,50
116,0.9897652780637145,3,50
117,0.9897652780637145,3,50
118,0.9897652780637145,3,50
119,0.9897652780637145,3,50
120,0.9897652780637145,3,50
121,0.9897652780637145,3,50
122,0.9897652780637145,3,50
123,0.9898328958079219,3,50
124,0.9898328958079219,3,50
125,0.9898328958079219,3,50
126,0.9898760048672557,3,50
127,0.9898760048672557,3,50
128,0.9898760048672557,3,50
129,0.9898760048672557,3,50
130,0.9898760048672557,3,50
131,0.973419776186347,2,50
132,0.973419776186347,2,50
133,0.973419776186347,2,50
134,0.973419776186347,2,50
135,0.973419776186347,2,50
136,0.973419776186347,2,50
137,0.973419776186347,2,50
138,0.973419776186347,2,50
139,0.973419776186347,2,50
140,0.973419776186347,2,50
141,0.973419776186347,2,50
142,0.973419776186347,2,50
143,0.973419776186347,2,50
144,0.973419776186347,2,50
145,0.973419776186347,2,50
146,0.973419776186347,2,50
147,0.973419776186347,2,50
148,0.973419776186347,2,50
149,0.973419776186347,2,50
150,0.973419776186347,2,50
151,0.973419776186347,2,50
152,0.973419776186347,2,50
153,0.973419776186347,2,50
154,0.973419776186347,2,50
155,0.973419776186347,2,50
156,0.973419776186347,2,50
157,0.973419776186347,2,50
158,0.973419776186347,2,50
159,0.973419776186347,2,50
160,0.973419776186347,2,50
161,0.973419776186347,2,50
162,0.973419776186347,2,50
163,0.973419776186347,2,50
164,0.973419776186347,2,50
165,0.973419776186347,2,50
166,0.973419776186347,2,50
167,0.973419776186347,2,50
168,0.973419776186347,2,50
169,0.973419776186347,2,50
170,0.973419776186347,2,50
171,0.973419776186347,2,50
172,0.973419776186347,2,50
173,0.973419776186347,2,50
174,0.973419776186347,2,50
175,0.973419776186347,2,50
176,0.973419776186347,2,50
177,0.973419776186347,2,50
178,0.973419776186347,2,50
179,0.973419776186347,2,50
180,0.973419776186347,2,50
181,0.973419776186347,2,50
182,0.973419776186347,2,50
183,0.973419776186347,2,50
184,0.973419776186347,2,50
185,0.973419776186347,2,50
186,0.973419776186347,2,50
187,0.973419776186347,2,50
188,0.973419776186347,2,50
189,0.973419776186347,2,50
190,0.973419776186347,2,50
191,0.973419776186347,2,50
192,0.973419776186347,2,50
193,0.9903030395507812,3,50
194,0.9903030395507812,3,50
195,0.9903030395507812,3,50
196,0.9903030395507812,3,50
197,0.9903030395507812,3,50
198,0.9903030395507812,3,50
199,0.9903030395507812,3,50
200,0.9903834471479058,3,50
1,0.0094679594039917,1,51
2,0.12326276302337646,3,51
3,0.12326276302337646,3,51
4,0.25048571825027466,9,51
5,0.6224250793457031,10,51
6,0.6224250793457031,10,51
7,0.6224250793457031,10,51
8,0.6224250793457031,10,51
9,0.6224250793457031,10,51
10,0.9263880774378777,10,51
11,0.9263880774378777,10,51
12,0.98398457467556,12,51
13,0.98398457467556,12,51
14,0.981514785438776,11,51
15,0.9946798016317189,11,51
16,0.9858970195055008,10,51
17,0.9939533299766481,9,51
18,0.979463854804635,8,51
19,0.979463854804635,8,51
20,0.9993159612640738,9,51
21,0.9993159612640738,9,51
22,0.9993159612640738,9,51
23,0.9993159612640738,9,51
24,0.9993159612640738,9,51
25,0.9993159612640738,9,51
26,0.9993159612640738,9,51
27,0.9993159612640738,9,51
28,0.9993159612640738,9,51
29,0.9993159612640738,9,51
30,0.9993159612640738,9,51
31,0.9993159612640738,9,51
32,0.9993159612640738,9,51
33,0.9993159612640738,9,51
34,0.997750389855355,8,51
35,0.997750389855355,8,51
36,0.997750389855355,8,51
37,0.997750389855355,8,51
38,0.997750389855355,8,51
39,0.997750389855355,8,51
40,0.997750389855355,8,51
41,0.997750389855355,8,51
42,0.997750389855355,8,51
43,0.997750389855355,8,51
44,0.997750389855355,8,51
45,0.997750389855355,8,51
46,0.9884653156623244,7,51
47,0.9884653156623244,7,51
48,0.9884653156623244,7,51
49,0.9884653156623244,7,51
50,0.9884653156623244,7,51
51,0.9884653156623244,7,51
52,0.9930703532882035,7,51
53,0.9930703532882035,7,51
54,0.9930703532882035,7,51
55,0.9930703532882035,7,51
56,0.9930703532882035,7,51
57,0.9930703532882035,7,51
58,0.9930703532882035,7,51
59,0.9930703532882035,7,51
60,0.9930703532882035,7,51
61,0.9930703532882035,7,51
62,0.9930703532882035,7,51
63,0.9930703532882035,7,51
64,0.9930703532882035,7,51
65,0.9930703532882035,7,51
66,0.9930703532882035,7,51
67,0.9930703532882035,7,51
68,0.9930703532882035,7,51
69,0.9930703532882035,7,51
70,0.9930703532882035,7,51
71,0.9930703532882035,7,51
72,0.9930703532882035,7,51
73,0.9930703532882035,7,51
74,0.9930703532882035,7,51
75,0.9930703532882035,7,51
76,0.9930703532882035,7,51
77,0.9930703532882035,7,51
78,0.9930703532882035,7,51
79,0.9935709782876074,7,51
80,0.9935709782876074,7,51
81,0.9935709782876074,7,51
82,0.9935709782876074,7,51
83,0.9935709782876074,7,51
84,0.9935709782876074,7,51
85,0.9935709782876074,7,51
86,0.9935709782876074,7,51
87,0.9935709782876074,7,51
88,0.9935709782876074,7,51
89,0.9935709782876074,7,51
90,0.9977624097373337,7,51
91,0.9977624097373337,7,51
92,0.9977624097373337,7,51
93,0.9977624097373337,7,51
94,0.9977624097373337,7,51
95,0.9977624097373337,7,51
96,0.9977624097373337,7,51
97,0.9977624097373337,7,51
98,0.9977624097373337,7,51
99,0.9977624097373337,7,51
100,0.9977624097373337,7,51
101,0.9977624097373337,7,51
102,0.9977624097373337,7,51
103,0.9977624097373337,7,51
104,0.9977624097373337,7,51
105,0.9977624097373337,7,51
106,0.9977624097373337,7,51
107,0.9977624097373337,7,51
108,0.9977624097373337,7,51
109,0.9977624097373337,7,51
110,0.9977624097373337,7,51
111,0.9977624097373337,7,51
112,0.9977624097373337,7,51
113,0.9977624097373337,7,51
114,0.9977624097373337,7,51
115,0.9977624097373337,7,51
116,0.9977624097373337,7,51
117,0.9977624097373337,7,51
118,0.9977624097373337,7,51
119,0.9977624097373337,7,51
120,0.9977624097373337,7,51
121,0.9977624097373337,7,51
122,0.9977624097373337,7,51
123,0.9977624097373337,7,51
124,0.9977624097373337,7,51
125,0.9977624097373337,7,51
126,0.9977624097373337,7,51
127,0.9977624097373337,7,51
128,0.9847807185724378,6,51
129,0.9928216645494103,6,51
130,0.9928216645494103,6,51
131,0.9928216645494103,6,51
132,0.9929826501756907,6,51
133,0.9929826501756907,6,51
134,0.9929826501756907,6,51
135,0.9929826501756907,6,51
136,0.9929826501756907,6,51
137,0.9929826501756907,6,51
138,0.9929826501756907,6,51
139,0.9929826501756907,6,51
140,0.9929826501756907,6,51
141,0.9929826501756907,6,51
142,0.9929826501756907,6,51
143,0.9929826501756907,6,51
144,0.9929826501756907,6,51
145,0.9929826501756907,6,51
146,0.9929826501756907,6,51
147,0.9929826501756907,6,51
148,0.9929826501756907,6,51
149,0.9929826501756907,6,51
150,0.9929826501756907,6,51
151,0.9929826501756907,6,51
152,0.9929826501756907,6,51
153,0.9929826501756907,6,51
154,0.9929826501756907,6,51
155,0.9929826501756907,6,51
156,0.9929826501756907,6,51
157,0.9963300134986639,6,51
158,0.9963300134986639,6,51
159,0.9963300134986639,6,51
160,0.9963300134986639,6,51
161,0.9963300134986639,6,51
162,0.9963300134986639,6,51
163,0.9963300134986639,6,51
164,0.9963300134986639,6,51
165,0.9963300134986639,6,51
166,0.9963300134986639,6,51
167,0.9963300134986639,6,51
168,0.9963300134986639,6,51
169,0.9963300134986639,6,51
170,0.9963300134986639,6,51
171,0.9963300134986639,6,51
172,0.9963300134986639,6,51
173,0.9963300134986639,6,51
174,0.9963300134986639,6,51
175,0.9963300134986639,6,51
176,0.9963300134986639,6,51
177,0.9963300134986639,6,51
178,0.9963300134986639,6,51
179,0.9963300134986639,6,51
180,0.9963300134986639,6,51
181,0.9963300134986639,6,51
182,0.9963300134986639,6,51
183,0.9985861760796979,6,51
184,0.9985861760796979,6,51
185,0.9985861760796979,6,51
186,0.9985861760796979,6,51
187,0.9985861760796979,6,51
188,0.9985861760796979,6,51
189,0.9985861760796979,6,51
190,0.9985861760796979,6,51
191,0.9985861760796979,6,51
192,0.9919220544397831,5,51
193,0.9919220544397831,5,51
194,0.9919220544397831,5,51
195,0.9919220544397831,5,51
196,0.9919220544397831,5,51
197,0.9919220544397831,5,51
198,0.9919220544397831,5,51
199,0.9919220544397831,5,51
200,0.9919220544397831,5,51
1,0.005235791206359863,1,52
2,0.005235791206359863,1,52
3,0.005235791206359863,1,52
4,0.008091747760772705,1,52
5,0.008091747760772705,1,52
6,0.008091747760772705,1,52
7,0.008577525615692139,1,52
8,0.008577525615692139,1,52
9,0.010606169700622559,1,52
10,0.011840581893920898,1,52
11,0.01422649621963501,1,52
12,0.016933143138885498,1,52
13,0.016933143138885498,1,52
14,0.016933143138885498,1,52
15,0.040646374225616455,2,52
16,0.040646374225616455,2,52
17,0.040646374225616455,2,52
18,0.040646374225616455,2,52
19,0.040646374225616455,2,52
20,0.040646374225616455,2,52
21,0.09757691621780396,3,52
22,0.09757691621780396,3,52
23,0.09757691621780396,3,52
24,0.13366568088531494,4,52
25,0.13366568088531494,4,52
26,0.15789759159088135,3,52
27,0.15789759159088135,3,52
28,0.21155965328216553,4,52
29,0.3636653423309326,4,52
30,0.3636653423309326,4,52
31,0.3636653423309326,4,52
32,0.3636653423309326,4,52
33,0.365001916885376,4,52
34,0.365001916885376,4,52
35,0.4493495225906372,5,52
36,0.5931729078292847,8,52
37,0.5931729078292847,8,52
38,0.5931729078292847,8,52
39,0.6682874858379364,8,52
40,0.6682874858379364,8,52
41,0.7367044389247894,8,52
42,0.9758103154599667,8,52
43,0.9758103154599667,8,52
44,0.9758103154599667,8,52
45,0.9758103154599667,8,52
46,0.9758103154599667,8,52
47,0.981071112677455,8,52
48,0.981071112677455,8,52
49,0.981071112677455,8,52
50,0.981071112677455,8,52
51,0.981071112677455,8,52
52,0.981071112677455,8,52
53,0.981071112677455,8,52
54,0.981071112677455,8,52
55,0.981071112677455,8,52
56,0.981071112677455,8,52
57,0.981071112677455,8,52
58,0.981071112677455,8,52
59,0.981071112677455,8,52
60,0.981071112677455,8,52
61,0.981071112677455,8,52
62,0.981071112677455,8,52
63,0.981071112677455,8,52
64,0.981071112677455,8,52
65,0.981071112677455,8,52
66,0.981071112677455,8,52
67,0.981071112677455,8,52
68,0.981071112677455,8,52
69,0.981071112677455,8,52
70,0.981071112677455,8,52
71,0.981071112677455,8,52
72,0.981071112677455,8,52
73,0.981071112677455,8,52
74,0.981071112677455,8,52
75,0.981071112677455,8,52
76,0.981071112677455,8,52
77,0.981071112677455,8,52
78,0.981071112677455,8,52
79,0.981071112677455,8,52
80,0.981071112677455,8,52
81,0.981071112677455,8,52
82,0.981071112677455,8,52
83,0.981071112677455,8,52
84,0.981071112677455,8,52
85,0.981071112677455,8,52
86,0.981071112677455,8,52
87,0.981071112677455,8,52
88,0.981071112677455,8,52
89,0.981071112677455,8,52
90,0.981071112677455,8,52
91,0.981071112677455,8,52
92,0.981071112677455,8,52
93,0.981071112677455,8,52
94,0.981071112677455,8,52
95,0.981071112677455,8,52
96,0.981071112677455,8,52
97,0.981071112677455,8,52
98,0.981071112677455,8,52
99,0.981071112677455,8,52
100,0.981071112677455,8,52
101,0.981071112677455,8,52
102,0.981071112677455,8,52
103,0.981071112677455,8,52
104,0.981071112677455,8,52
105,0.981071112677455,8,52
106,0.981071112677455,8,52
107,0.981071112677455,8,52
108,0.981071112677455,8,52
109,0.981071112677455,8,52
110,0.981071112677455,8,52
111,0.981071112677455,8,52
112,0.981071112677455,8,52
113,0.981071112677455,8,52
114,0.981071112677455,8,52
115,0.981071112677455,8,52
116,0.981071112677455,8,52
117,0.981071112677455,8,52
118,0.981071112677455,8,52
119,0.981071112677455,8,52
120,0.981071112677455,8,52
121,0.981071112677455,8,52
122,0.981071112677455,8,52
123,0.981071112677455,8,52
124,0.981071112677455,8,52
125,0.981071112677455,8,52
126,0.981071112677455,8,52
127,0.981071112677455,8,52
128,0.981071112677455,8,52
129,0.981071112677455,8,52
130,0.981071112677455,8,52
131,0.981071112677455,8,52
132,0.981071112677455,8,52
133,0.981071112677455,8,52
134,0.981071112677455,8,52
135,0.981071112677455,8,52
136,0.981071112677455,8,52
137,0.981071112677455,8,52
138,0.981071112677455,8,52
139,0.981071112677455,8,52
140,0.981071112677455,8,52
141,0.981071112677455,8,52
142,0.981071112677455,8,52
143,0.981071112677455,8,52
144,0.981071112677455,8,52
145,0.981071112677455,8,52
146,0.9818040989339352,8,52
147,0.9818040989339352,8,52
148,0.9818040989339352,8,52
149,0.9818040989339352,8,52
150,0.9910765113309026,8,52
151,0.9910765113309026,8,52
152,0.9910765113309026,8,52
153,0.9910765113309026,8,52
154,0.9910765113309026,8,52
155,0.9910765113309026,8,52
156,0.9910765113309026,8,52
157,0.9910765113309026,8,52
158,0.9910765113309026,8,52
159,0.9910765113309026,8,52
160,0.9910765113309026,8,52
161,0.9910765113309026,8,52
162,0.9910765113309026,8,52
163,0.9910765113309026,8,52
164,0.9910765113309026,8,52
165,0.9910765113309026,8,52
166,0.9910765113309026,8,52
167,0.9910765113309026,8,52
168,0.9910765113309026,8,52
169,0.9910765113309026,8,52
170,0.9910765113309026,8,52
171,0.9910765113309026,8,52
172,0.9910765113309026,8,52
173,0.9910765113309026,8,52
174,0.9910765113309026,8,52
175,0.9910765113309026,8,52
176,0.9910765113309026,8,52
177,0.9910765113309026,8,52
178,0.9910765113309026,8,52
179,0.9910765113309026,8,52
180,0.9910765113309026,8,52
181,0.9910765113309026,8,52
182,0.9910765113309026,8,52
183,0.9910765113309026,8,52
184,0.9910765113309026,8,52
185,0.9910765113309026,8,52
186,0.9910765113309026,8,52
187,0.9910765113309026,8,52
188,0.9910765113309026,8,52
189,0.9910765113309026,8,52
190,0.9910765113309026,8,52
191,0.9910765113309026,8,52
192,0.9910765113309026,8,52
193,0.9910765113309026,8,52
194,0.9910765113309026,8,52
195,0.9910765113309026,8,52
196,0.9910765113309026,8,52
197,0.9910765113309026,8,52
198,0.9910765113309026,8,52
199,0.9910765113309026,8,52
200,0.9910765113309026,8,52
1,0.00024646520614624023,1,53
2,0.00024646520614624023,1,53
3,0.0004825592041015625,1,53
4,0.0004825592041015625,1,53
5,0.0004825592041015625,1,53
6,0.0005331635475158691,1,53
7,0.0005331635475158691,1,53
8,0.0008109211921691895,1,53
9,0.0008109211921691895,1,53
10,0.0008109211921691895,1,53
11,0.0008109211921691895,1,53
12,0.0013952851295471191,1,53
13,0.0013952851295471191,1,53
14,0.0013952851295471191,1,53
15,0.0013952851295471191,1,53
16,0.0013952851295471191,1,53
17,0.0013952851295471191,1,53
18,0.0014706850051879883,1,53
19,0.0014706850051879883,1,53
20,0.0014706850051879883,1,53
21,0.0014706850051879883,1,53
22,0.0014706850051879883,1,53
23,0.0014706850051879883,1,53
24,0.0014706850051879883,1,53
25,0.0014706850051879883,1,53
26,0.0014706850051879883,1,53
27,0.0014706850051879883,1,53
28,0.0014706850051879883,1,53
29,0.0014706850051879883,1,53
30,0.0014706850051879883,1,53
31,0.0014706850051879883,1,53
32,0.0014706850051879883,1,53
33,0.0014706850051879883,1,53
34,0.0014706850051879883,1,53
35,0.0014706850051879883,1,53
36,0.0014706850051879883,1,53
37,0.0014706850051879883,1,53
38,0.0014706850051879883,1,53
39,0.0014706850051879883,1,53
40,0.0014706850051879883,1,53
41,0.0014706850051879883,1,53
42,0.0014706850051879883,1,53
43,0.0014706850051879883,1,53
44,0.0014706850051879883,1,53
45,0.0014706850051879883,1,53
46,0.0014706850051879883,1,53
47,0.0014706850051879883,1,53
48,0.0014706850051879883,1,53
49,0.0014706850051879883,1,53
50,0.0014706850051879883,1,53
51,0.0014706850051879883,1,53
52,0.0014706850051879883,1,53
53,0.0014706850051879883,1,53
54,0.0014706850051879883,1,53
55,0.0014706850051879883,1,53
56,0.0014706850051879883,1,53
57,0.0014706850051879883,1,53
58,0.0014706850051879883,1,53
59,0.0014706850051879883,1,53
60,0.0014706850051879883,1,53
61,0.0014706850051879883,1,53
62,0.0014706850051879883,1,53
63,0.0014706850051879883,1,53
64,0.0014706850051879883,1,53
65,0.0014706850051879883,1,53
66,0.0014706850051879883,1,53
67,0.0014706850051879883,1,53
68,0.0014706850051879883,1,53
69,0.0014706850051879883,1,53
70,0.0014706850051879883,1,53
71,0.0014706850051879883,1,53
72,0.0014706850051879883,1,53
73,0.0014706850051879883,1,53
74,0.0014706850051879883,1,53
75,0.0014706850051879883,1,53
76,0.0014706850051879883,1,53
77,0.0014706850051879883,1,53
78,0.0014706850051879883,1,53
79,0.0014706850051879883,1,53
80,0.0014706850051879883,1,53
81,0.0014706850051879883,1,53
82,0.0014706850051879883,1,53
83,0.0014706850051879883,1,53
84,0.0014706850051879883,1,53
85,0.0014706850051879883,1,53
86,0.0014706850051879883,1,53
87,0.0014706850051879883,1,53
88,0.0014706850051879883,1,53
89,0.0014706850051879883,1,53
90,0.0014706850051879883,1,53
91,0.0014706850051879883,1,53
92,0.0014706850051879883,1,53
93,0.0014706850051879883,1,53
94,0.0014706850051879883,1,53
95,0.0014706850051879883,1,53
96,0.0014706850051879883,1,53
97,0.0014706850051879883,1,53
98,0.0014706850051879883,1,53
99,0.0014706850051879883,1,53
100,0.0014706850051879883,1,53
101,0.0014706850051879883,1,53
102,0.0014706850051879883,1,53
103,0.0014706850051879883,1,53
104,0.0014706850051879883,1,53
105,0.0014706850051879883,1,53
106,0.0014706850051879883,1,53
107,0.0014706850051879883,1,53
108,0.0014706850051879883,1,53
109,0.0014706850051879883,1,53
110,0.0014706850051879883,1,53
111,0.0014706850051879883,1,53
112,0.0014706850051879883,1,53
113,0.0014706850051879883,1,53
114,0.0014706850051879883,1,53
115,0.0014706850051879883,1,53
116,0.0014706850051879883,1,53
117,0.0014706850051879883,1,53
118,0.0014706850051879883,1,53
119,0.0014706850051879883,1,53
120,0.0014706850051879883,1,53
121,0.0014706850051879883,1,53
122,0.0014706850051879883,1,53
123,0.0014706850051879883,1,53
124,0.0014706850051879883,1,53
125,0.0014706850051879883,1,53
126,0.0014706850051879883,1,53
127,0.0014706850051879883,1,53
128,0.0014706850051879883,1,53
129,0.0014706850051879883,1,53
130,0.0014706850051879883,1,53
131,0.0014706850051879883,1,53
132,0.0014706850051879883,1,53
133,0.0014706850051879883,1,53
134,0.0014706850051879883,1,53
135,0.0014706850051879883,1,53
136,0.0014706850051879883,1,53
137,0.0014706850051879883,1,53
138,0.0014706850051879883,1,53
139,0.0014706850051879883,1,53
140,0.0014706850051879883,1,53
141,0.0014706850051879883,1,53
142,0.0014706850051879883,1,53
143,0.0014706850051879883,1,53
144,0.0014706850051879883,1,53
145,0.0014706850051879883,1,53
146,0.0014706850051879883,1,53
147,0.0014706850051879883,1,53
148,0.0014706850051879883,1,53
149,0.0014706850051879883,1,53
150,0.0014706850051879883,1,53
151,0.0014706850051879883,1,53
152,0.0014706850051879883,1,53
153,0.0014706850051879883,1,53
154,0.0014706850051879883,1,53
155,0.0014706850051879883,1,53
156,0.0014706850051879883,1,53
157,0.0014706850051879883,1,53
158,0.0014706850051879883,1,53
159,0.0014706850051879883,1,53
160,0.0014706850051879883,1,53
161,0.0014706850051879883,1,53
162,0.0014706850051879883,1,53
163,0.0014706850051879883,1,53
164,0.0014706850051879883,1,53
165,0.0014706850051879883,1,53
166,0.0014706850051879883,1,53
167,0.0014706850051879883,1,53
168,0.0014706850051879883,1,53
169,0.0014706850051879883,1,53
170,0.0014706850051879883,1,53
171,0.0014706850051879883,1,53
172,0.0014706850051879883,1,53
173,0.0014706850051879883,1,53
174,0.0014706850051879883,1,53
175,0.0014706850051879883,1,53
176,0.0014706850051879883,1,53
177,0.0014706850051879883,1,53
178,0.0014706850051879883,1,53
179,0.0014706850051879883,1,53
180,0.0014706850051879883,1,53
181,0.0014706850051879883,1,53
182,0.0014706850051879883,1,53
183,0.0014706850051879883,1,53
184,0.0014706850051879883,1,53
185,0.0014706850051879883,1,53
186,0.0014706850051879883,1,53
187,0.0014706850051879883,1,53
188,0.0014706850051879883,1,53
189,0.0014706850051879883,1,53
190,0.0014706850051879883,1,53
191,0.0014706850051879883,1,53
192,0.0014706850051879883,1,53
193,0.0014706850051879883,1,53
194,0.0014706850051879883,1,53
195,0.0014706850051879883,1,53
196,0.0014706850051879883,1,53
197,0.0014706850051879883,1,53
198,0.0014706850051879883,1,53
199,0.0014706850051879883,1,53
200,0.0014706850051879883,1,53
1,0.7051950693130493,14,54
2,0.7051950693130493,14,54
3,0.7051950693130493,14,54
4,0.8013199865818024,14,54
5,0.8541111648082733,13,54
6,0.9245881140232086,14,54
7,0.9707179237157106,14,54
8,0.9707179237157106,14,54
9,0.9707179237157106,14,54
10,0.9823034759610891,14,54
11,0.9823034759610891,14,54
12,0.9823034759610891,14,54
13,0.9843039065599442,14,54
14,0.9705312363803387,13,54
15,0.9705312363803387,13,54
16,0.9705312363803387,13,54
17,0.9705312363803387,13,54
18,0.9909352697432041,14,54
19,0.9909352697432041,14,54
20,0.9909352697432041,14,54
21,0.9677828326821327,12,54
22,0.9677828326821327,12,54
23,0.9677828326821327,12,54
24,0.9677828326821327,12,54
25,0.9677828326821327,12,54
26,0.9677828326821327,12,54
27,0.9677828326821327,12,54
28,0.9677828326821327,12,54
29,0.9677828326821327,12,54
30,0.9677828326821327,12,54
31,0.988286841660738,13,54
32,0.988286841660738,13,54
33,0.988286841660738,13,54
34,0.988286841660738,13,54
35,0.988286841660738,13,54
36,0.988286841660738,13,54
37,0.993740763515234,13,54
38,0.993740763515234,13,54
39,0.993740763515234,13,54
40,0.993769709020853,13,54
41,0.993769709020853,13,54
42,0.993769709020853,13,54
43,0.9870945792645216,12,54
44,0.9870945792645216,12,54
45,0.9870945792645216,12,54
46,0.9870945792645216,12,54
47,0.9870945792645216,12,54
48,0.9870945792645216,12,54
49,0.9870945792645216,12,54
50,0.9870945792645216,12,54
51,0.9924462530761957,12,54
52,0.9924462530761957,12,54
53,0.9924462530761957,12,54
54,0.9924462530761957,12,54
55,0.9924462530761957,12,54
56,0.9924462530761957,12,54
57,0.9924462530761957,12,54
58,0.9833208825439215,11,54
59,0.9833208825439215,11,54
60,0.9833208825439215,11,54
61,0.9833208825439215,11,54
62,0.9833208825439215,11,54
63,0.9833208825439215,11,54
64,0.9833208825439215,11,54
65,0.9833208825439215,11,54
66,0.9833208825439215,11,54
67,0.9833208825439215,11,54
68,0.9833208825439215,11,54
69,0.9833208825439215,11,54
70,0.9833208825439215,11,54
71,0.9833208825439215,11,54
72,0.9833208825439215,11,54
73,0.9833208825439215,11,54
74,0.9833208825439215,11,54
75,0.9833208825439215,11,54
76,0.9833208825439215,11,54
77,0.9833208825439215,11,54
78,0.9833208825439215,11,54
79,0.9833208825439215,11,54
80,0.9833208825439215,11,54
81,0.9833208825439215,11,54
82,0.9833208825439215,11,54
83,0.97036705724895,10,54
84,0.97036705724895,10,54
85,0.97036705724895,10,54
86,0.97036705724895,10,54
87,0.97036705724895,10,54
88,0.97036705724895,10,54
89,0.97036705724895,10,54
90,0.9761235527694225,10,54
91,0.9761235527694225,10,54
92,0.994569550268352,11,54
93,0.994569550268352,11,54
94,0.994569550268352,11,54
95,0.994569550268352,11,54
96,0.994569550268352,11,54
97,0.994569550268352,11,54
98,0.994569550268352,11,54
99,0.994569550268352,11,54
100,0.9946465594694018,11,54
101,0.9946465594694018,11,54
102,0.9946465594694018,11,54
103,0.9946465594694018,11,54
104,0.9946465594694018,11,54
105,0.995438618119806,11,54
106,0.995438618119806,11,54
107,0.995438618119806,11,54
108,0.995438618119806,11,54
109,0.995438618119806,11,54
110,0.9955968200229108,11,54
111,0.9955968200229108,11,54
112,0.9955968200229108,11,54
113,0.9955968200229108,11,54
114,0.9879675665870309,10,54
115,0.9879675665870309,10,54
116,0.9879675665870309,10,54
117,0.9879675665870309,10,54
118,0.9879675665870309,10,54
119,0.9879675665870309,10,54
120,0.9879675665870309,10,54
121,0.9879675665870309,10,54
122,0.9879675665870309,10,54
123,0.9879675665870309,10,54
124,0.9879675665870309,10,54
125,0.9879675665870309,10,54
126,0.9930379330180585,10,54
127,0.9930379330180585,10,54
128,0.9930379330180585,10,54
129,0.9930379330180585,10,54
130,0.9930379330180585,10,54
131,0.9930379330180585,10,54
132,0.9930379330180585,10,54
133,0.9930379330180585,10,54
134,0.9930379330180585,10,54
135,0.9930379330180585,10,54
136,0.9930379330180585,10,54
137,0.9930379330180585,10,54
138,0.9930379330180585,10,54
139,0.9930379330180585,10,54
140,0.9930379330180585,10,54
141,0.9930379330180585,10,54
142,0.9930379330180585,10,54
143,0.9930379330180585,10,54
144,0.9930379330180585,10,54
145,0.9930379330180585,10,54
146,0.9930379330180585,10,54
147,0.9930379330180585,10,54
148,0.9930379330180585,10,54
149,0.9930379330180585,10,54
150,0.9930379330180585,10,54
151,0.9930379330180585,10,54
152,0.9930379330180585,10,54
153,0.9864431219175458,9,54
154,0.9864431219175458,9,54
155,0.9864431219175458,9,54
156,0.9864431219175458,9,54
157,0.9864431219175458,9,54
158,0.9864431219175458,9,54
159,0.9864431219175458,9,54
160,0.9864431219175458,9,54
161,0.9864431219175458,9,54
162,0.9864431219175458,9,54
163,0.9882031232118607,9,54
164,0.9882031232118607,9,54
165,0.9882031232118607,9,54
166,0.9882031232118607,9,54
167,0.9882031232118607,9,54
168,0.9882031232118607,9,54
169,0.9882031232118607,9,54
170,0.9899876182898879,9,54
171,0.9919969188049436,9,54
172,0.9919969188049436,9,54
173,0.9933024221099913,9,54
174,0.9933024221099913,9,54
175,0.9933024221099913,9,54
176,0.9933024221099913,9,54
177,0.9933024221099913,9,54
178,0.9933024221099913,9,54
179,0.9933024221099913,9,54
180,0.9933024221099913,9,54
181,0.9769549090415239,8,54
182,0.9769549090415239,8,54
183,0.9769549090415239,8,54
184,0.9769549090415239,8,54
185,0.9769549090415239,8,54
186,0.9769549090415239,8,54
187,0.9769549090415239,8,54
188,0.98888367600739,8,54
189,0.98888367600739,8,54
190,0.98888367600739,8,54
191,0.98888367600739,8,54
192,0.98888367600739,8,54
193,0.98888367600739,8,54
194,0.98888367600739,8,54
195,0.98888367600739,8,54
196,0.98888367600739,8,54
197,0.98888367600739,8,54
198,0.98888367600739,8,54
199,0.98888367600739,8,54
200,0.98888367600739,8,54
1,0.0005713105201721191,1,55
2,0.000588536262512207,1,55
3,0.0005922317504882812,1,55
4,0.0006802082061767578,1,55
5,0.0006802082061767578,1,55
6,0.0006802082061767578,1,55
7,0.0009250640869140625,1,55
8,0.0009250640869140625,1,55
9,0.0013021230697631836,1,55
10,0.0013981461524963379,1,55
11,0.001666724681854248,1,55
12,0.001666724681854248,1,55
13,0.001729130744934082,1,55
14,0.001729130744934082,1,55
15,0.001729130744934082,1,55
16,0.0019385218620300293,1,55
17,0.0026949644088745117,1,55
18,0.0026949644088745117,1,55
19,0.0026949644088745117,1,55
20,0.0026949644088745117,1,55
21,0.0026949644088745117,1,55
22,0.0026949644088745117,1,55
23,0.0026949644088745117,1,55
24,0.0026949644088745117,1,55
25,0.0026949644088745117,1,55
26,0.0026949644088745117,1,55
27,0.0026949644088745117,1,55
28,0.0026949644088745117,1,55
29,0.0026949644088745117,1,55
30,0.0026949644088745117,1,55
31,0.0026949644088745117,1,55
32,0.0026949644088745117,1,55
33,0.0026949644088745117,1,55
34,0.0026949644088745117,1,55
35,0.0026949644088745117,1,55
36,0.0026949644088745117,1,55
37,0.0026949644088745117,1,55
38,0.0026949644088745117,1,55
39,0.0026949644088745117,1,55
40,0.0026949644088745117,1,55
41,0.0026949644088745117,1,55
42,0.0026949644088745117,1,55
43,0.0026949644088745117,1,55
44,0.0026949644088745117,1,55
45,0.0026949644088745117,1,55
46,0.0026949644088745117,1,55
47,0.0026949644088745117,1,55
48,0.0026949644088745117,1,55
49,0.0026949644088745117,1,55
50,0.0026949644088745117,1,55
51,0.0026949644088745117,1,55
52,0.0026949644088745117,1,55
53,0.0026949644088745117,1,55
54,0.0026949644088745117,1,55
55,0.0026949644088745117,1,55
56,0.0026949644088745117,1,55
57,0.0026949644088745117,1,55
58,0.0026949644088745117,1,55
59,0.0026949644088745117,1,55
60,0.0026949644088745117,1,55
61,0.0026949644088745117,1,55
62,0.0026949644088745117,1,55
63,0.0026949644088745117,1,55
64,0.0026949644088745117,1,55
65,0.0026949644088745117,1,55
66,0.0026949644088745117,1,55
67,0.0026949644088745117,1,55
68,0.0026949644088745117,1,55
69,0.0026949644088745117,1,55
70,0.0026949644088745117,1,55
71,0.0026949644088745117,1,55
72,0.0026949644088745117,1,55
73,0.0026949644088745117,1,55
74,0.0026949644088745117,1,55
75,0.0026949644088745117,1,55
76,0.0026949644088745117,1,55
77,0.0026949644088745117,1,55
78,0.0026949644088745117,1,55
79,0.0026949644088745117,1,55
80,0.0026949644088745117,1,55
81,0.0026949644088745117,1,55
82,0.0026949644088745117,1,55
83,0.0026949644088745117,1,55
84,0.0026949644088745117,1,55
85,0.0026949644088745117,1,55
86,0.0026949644088745117,1,55
87,0.0026949644088745117,1,55
88,0.0026949644088745117,1,55
89,0.0026949644088745117,1,55
90,0.0026949644088745117,1,55
91,0.0026949644088745117,1,55
92,0.0026949644088745117,1,55
93,0.0026949644088745117,1,55
94,0.0026949644088745117,1,55
95,0.0026949644088745117,1,55
96,0.0026949644088745117,1,55
97,0.0026949644088745117,1,55
98,0.0026949644088745117,1,55
99,0.0026949644088745117,1,55
100,0.0026949644088745117,1,55
101,0.0026949644088745117,1,55
102,0.0026949644088745117,1,55
103,0.0026949644088745117,1,55
104,0.0026949644088745117,1,55
105,0.0026949644088745117,1,55
106,0.0026949644088745117,1,55
107,0.0026949644088745117,1,55
108,0.0026949644088745117,1,55
109,0.0026949644088745117,1,55
110,0.0026949644088745117,1,55
111,0.0026949644088745117,1,55
112,0.0026949644088745117,1,55
113,0.0026949644088745117,1,55
114,0.0026949644088745117,1,55
115,0.0026949644088745117,1,55
116,0.0026949644088745117,1,55
117,0.0026949644088745117,1,55
118,0.0026949644088745117,1,55
119,0.0026949644088745117,1,55
120,0.0026949644088745117,1,55
121,0.0026949644088745117,1,55
122,0.0026949644088745117,1,55
123,0.0026949644088745117,1,55
124,0.0026949644088745117,1,55
125,0.0026949644088745117,1,55
126,0.0026949644088745117,1,55
127,0.0026949644088745117,1,55
128,0.0026949644088745117,1,55
129,0.0026949644088745117,1,55
130,0.0026949644088745117,1,55
131,0.0026949644088745117,1,55
132,0.0026949644088745117,1,55
133,0.0026949644088745117,1,55
134,0.0026949644088745117,1,55
135,0.0026949644088745117,1,55
136,0.0026949644088745117,1,55
137,0.0026949644088745117,1,55
138,0.0026949644088745117,1,55
139,0.0026949644088745117,1,55
140,0.0026949644088745117,1,55
141,0.0026949644088745117,1,55
142,0.0026949644088745117,1,55
143,0.0026949644088745117,1,55
144,0.0026949644088745117,1,55
145,0.0026949644088745117,1,55
146,0.0026949644088745117,1,55
147,0.0026949644088745117,1,55
148,0.0026949644088745117,1,55
149,0.0026949644088745117,1,55
150,0.0026949644088745117,1,55
151,0.0026949644088745117,1,55
152,0.0026949644088745117,1,55
153,0.0026949644088745117,1,55
154,0.0026949644088745117,1,55
155,0.0026949644088745117,1,55
156,0.0026949644088745117,1,55
157,0.0026949644088745117,1,55
158,0.0026949644088745117,1,55
159,0.0026949644088745117,1,55
160,0.0026949644088745117,1,55
161,0.0026949644088745117,1,55
162,0.0026949644088745117,1,55
163,0.0026949644088745117,1,55
164,0.0026949644088745117,1,55
165,0.0026949644088745117,1,55
166,0.0026949644088745117,1,55
167,0.0026949644088745117,1,55
168,0.0026949644088745117,1,55
169,0.0026949644088745117,1,55
170,0.0026949644088745117,1,55
171,0.0026949644088745117,1,55
172,0.0026949644088745117,1,55
173,0.0026949644088745117,1,55
174,0.0026949644088745117,1,55
175,0.0026949644088745117,1,55
176,0.0026949644088745117,1,55
177,0.0026949644088745117,1,55
178,0.0026949644088745117,1,55
179,0.0026949644088745117,1,55
180,0.0026949644088745117,1,55
181,0.0026949644088745117,1,55
182,0.0026949644088745117,1,55
183,0.0026949644088745117,1,55
184,0.0026949644088745117,1,55
185,0.0026949644088745117,1,55
186,0.0026949644088745117,1,55
187,0.0026949644088745117,1,55
188,0.0026949644088745117,1,55
189,0.0026949644088745117,1,55
190,0.0026949644088745117,1,55
191,0.0026949644088745117,1,55
192,0.0026949644088745117,1,55
193,0.0026949644088745117,1,55
194,0.0026949644088745117,1,55
195,0.0026949644088745117,1,55
196,0.0026949644088745117,1,55
197,0.0026949644088745117,1,55
198,0.0026949644088745117,1,55
199,0.0026949644088745117,1,55
200,0.0026949644088745117,1,55
1,0.006492137908935547,1,56
2,0.006492137908935547,1,56
3,0.006492137908935547,1,56
4,0.006492137908935547,1,56
5,0.006492137908935547,1,56
6,0.006916403770446777,1,56
7,0.012965023517608643,1,56
8,0.012965023517608643,1,56
9,0.012965023517608643,1,56
10,0.07008779048919678,3,56
11,0.1369013786315918,3,56
12,0.1369013786315918,3,56
13,0.1369013786315918,3,56
14,0.1369013786315918,3,56
15,0.1369013786315918,3,56
16,0.1369013786315918,3,56
17,0.1369013786315918,3,56
18,0.1369013786315918,3,56
19,0.2684885263442993,5,56
20,0.370205819606781,4,56
21,0.370205819606781,4,56
22,0.370205819606781,4,56
23,0.45820534229278564,5,56
24,0.45820534229278564,5,56
25,0.49039751291275024,5,56
26,0.49039751291275024,5,56
27,0.49039751291275024,5,56
28,0.49039751291275024,5,56
29,0.6387022733688354,6,56
30,0.7637348175048828,7,56
31,0.7637348175048828,7,56
32,0.8033759444952011,7,56
33,0.8033759444952011,7,56
34,0.9217600226402283,7,56
35,0.9217600226402283,7,56
36,0.9217600226402283,7,56
37,0.9685992114245892,9,56
38,0.9685992114245892,9,56
39,0.9685992114245892,9,56
40,0.9685992114245892,9,56
41,0.9685992114245892,9,56
42,0.9685992114245892,9,56
43,0.9685992114245892,9,56
44,0.9685992114245892,9,56
45,0.9685992114245892,9,56
46,0.9859877042472363,10,56
47,0.9859877042472363,10,56
48,0.9859877042472363,10,56
49,0.9859877042472363,10,56
50,0.9859877042472363,10,56
51,0.9859877042472363,10,56
52,0.9859877042472363,10,56
53,0.9859877042472363,10,56
54,0.9859877042472363,10,56
55,0.9859877042472363,10,56
56,0.9859877042472363,10,56
57,0.9859877042472363,10,56
58,0.9859877042472363,10,56
59,0.9859877042472363,10,56
60,0.9859877042472363,10,56
61,0.9859877042472363,10,56
62,0.9859877042472363,10,56
63,0.9859877042472363,10,56
64,0.9859877042472363,10,56
65,0.9859877042472363,10,56
66,0.9859877042472363,10,56
67,0.9859877042472363,10,56
68,0.9859877042472363,10,56
69,0.9859877042472363,10,56
70,0.9859877042472363,10,56
71,0.9859877042472363,10,56
72,0.9859877042472363,10,56
73,0.9859877042472363,10,56
74,0.9889945685863495,10,56
75,0.9889945685863495,10,56
76,0.9889945685863495,10,56
77,0.9889945685863495,10,56
78,0.9889945685863495,10,56
79,0.9835082590579987,9,56
80,0.9835082590579987,9,56
81,0.9835082590579987,9,56
82,0.9835082590579987,9,56
83,0.9835082590579987,9,56
84,0.9835082590579987,9,56
85,0.9835082590579987,9,56
86,0.983758358284831,9,56
87,0.983758358284831,9,56
88,0.9887793213129044,9,56
89,0.9887793213129044,9,56
90,0.9902572734281421,9,56
91,0.9902572734281421,9,56
92,0.9902572734281421,9,56
93,0.9902572734281421,9,56
94,0.9902572734281421,9,56
95,0.9902572734281421,9,56
96,0.9902572734281421,9,56
97,0.9902572734281421,9,56
98,0.9902572734281421,9,56
99,0.9902572734281421,9,56
100,0.9902572734281421,9,56
101,0.9902572734281421,9,56
102,0.9902572734281421,9,56
103,0.9902572734281421,9,56
104,0.9902572734281421,9,56
105,0.9902572734281421,9,56
106,0.9902572734281421,9,56
107,0.9902572734281421,9,56
108,0.9902572734281421,9,56
109,0.9902572734281421,9,56
110,0.9902572734281421,9,56
111,0.9902572734281421,9,56
112,0.9902572734281421,9,56
113,0.9902572734281421,9,56
114,0.9902572734281421,9,56
115,0.9902572734281421,9,56
116,0.9902572734281421,9,56
117,0.9902572734281421,9,56
118,0.9902572734281421,9,56
119,0.9902572734281421,9,56
120,0.9902572734281421,9,56
121,0.9902572734281421,9,56
122,0.9902572734281421,9,56
123,0.9902572734281421,9,56
124,0.9902572734281421,9,56
125,0.9902572734281421,9,56
126,0.9916566740721464,9,56
127,0.9922598227858543,9,56
128,0.9922598227858543,9,56
129,0.9922598227858543,9,56
130,0.9922598227858543,9,56
131,0.9922598227858543,9,56
132,0.9922598227858543,9,56
133,0.9922598227858543,9,56
134,0.9922598227858543,9,56
135,0.9922598227858543,9,56
136,0.9922598227858543,9,56
137,0.9922598227858543,9,56
138,0.9922598227858543,9,56
139,0.9922598227858543,9,56
140,0.9922598227858543,9,56
141,0.9922598227858543,9,56
142,0.9922598227858543,9,56
143,0.9922598227858543,9,56
144,0.9922598227858543,9,56
145,0.9922598227858543,9,56
146,0.9922598227858543,9,56
147,0.9922598227858543,9,56
148,0.9922598227858543,9,56
149,0.9922598227858543,9,56
150,0.9922598227858543,9,56
151,0.9922598227858543,9,56
152,0.9922598227858543,9,56
153,0.9922598227858543,9,56
154,0.9922598227858543,9,56
155,0.9922598227858543,9,56
156,0.9922598227858543,9,56
157,0.9922598227858543,9,56
158,0.9922598227858543,9,56
159,0.9922598227858543,9,56
160,0.9783455803990364,8,56
161,0.9783455803990364,8,56
162,0.9783455803990364,8,56
163,0.9783455803990364,8,56
164,0.9783455803990364,8,56
165,0.9783455803990364,8,56
166,0.9783455803990364,8,56
167,0.9783455803990364,8,56
168,0.9783455803990364,8,56
169,0.9783455803990364,8,56
170,0.9783455803990364,8,56
171,0.9783455803990364,8,56
172,0.9783455803990364,8,56
173,0.9783455803990364,8,56
174,0.9783455803990364,8,56
175,0.9783455803990364,8,56
176,0.9783455803990364,8,56
177,0.9783455803990364,8,56
178,0.9783455803990364,8,56
179,0.9783455803990364,8,56
180,0.9783455803990364,8,56
181,0.9783455803990364,8,56
182,0.9783455803990364,8,56
183,0.9783455803990364,8,56
184,0.9783455803990364,8,56
185,0.9783455803990364,8,56
186,0.9783455803990364,8,56
187,0.9783455803990364,8,56
188,0.9783455803990364,8,56
189,0.9783455803990364,8,56
190,0.9783455803990364,8,56
191,0.9783455803990364,8,56
192,0.9783455803990364,8,56
193,0.9790962357074022,8,56
194,0.9790962357074022,8,56
195,0.9690047763288021,7,56
196,0.9690047763288021,7,56
197,0.9690047763288021,7,56
198,0.9690047763288021,7,56
199,0.9690047763288021,7,56
200,0.9690047763288021,7,56
1,0.9718221947550774,1,57
2,0.9718221947550774,1,57
3,0.9720049556344748,1,57
4,0.9895711075514555,2,57
5,0.9808697309345007,1,57
6,0.9848660761490464,1,57
7,0.9848660761490464,1,57
8,0.9866974446922541,1,57
9,0.9929692610166967,1,57
10,0.9929692610166967,1,57
11,0.9929692610166967,1,57
12,0.9929692610166967,1,57
13,0.9936801586300135,1,57
14,0.9936801586300135,1,57
15,0.9936801586300135,1,57
16,0.9936801586300135,1,57
17,0.9936801586300135,1,57
18,0.994777275249362,1,57
19,0.994777275249362,1,57
20,0.994777275249362,1,57
21,0.994777275249362,1,57
22,0.994777275249362,1,57
23,0.994777275249362,1,57
24,0.994777275249362,1,57
25,0.994777275249362,1,57
26,0.99479586398229,1,57
27,0.9949594493955374,1,57
28,0.9949594493955374,1,57
29,0.9949594493955374,1,57
30,0.9949594493955374,1,57
31,0.9949594493955374,1,57
32,0.9949594493955374,1,57
33,0.9949594493955374,1,57
34,0.9949594493955374,1,57
35,0.9949594493955374,1,57
36,0.9949594493955374,1,57
37,0.9949594493955374,1,57
38,0.9949594493955374,1,57
39,0.9949594493955374,1,57
40,0.9949594493955374,1,57
41,0.9949594493955374,1,57
42,0.9949594493955374,1,57
43,0.9949594493955374,1,57
44,0.9949594493955374,1,57
45,0.9949594493955374,1,57
46,0.9949594493955374,1,57
47,0.9949594493955374,1,57
48,0.9949594493955374,1,57
49,0.9949594493955374,1,57
50,0.9949594493955374,1,57
51,0.9949594493955374,1,57
52,0.9949594493955374,1,57
53,0.9949594493955374,1,57
54,0.9949594493955374,1,57
55,0.9949594493955374,1,57
56,0.9949594493955374,1,57
57,0.9949594493955374,1,57
58,0.9949594493955374,1,57
59,0.9949594493955374,1,57
60,0.9949594493955374,1,57
61,0.9949594493955374,1,57
62,0.9949594493955374,1,57
63,0.9949594493955374,1,57
64,0.9949594493955374,1,57
65,0.9949594493955374,1,57
66,0.9949594493955374,1,57
67,0.9949594493955374,1,57
68,0.9949594493955374,1,57
69,0.9949594493955374,1,57
70,0.9949594493955374,1,57
71,0.9949594493955374,1,57
72,0.9949594493955374,1,57
73,0.9949594493955374,1,57
74,0.9949594493955374,1,57
75,0.9949594493955374,1,57
76,0.9949594493955374,1,57
77,0.9949594493955374,1,57
78,0.9949594493955374,1,57
79,0.9949594493955374,1,57
80,0.9949594493955374,1,57
81,0.9949594493955374,1,57
82,0.9949594493955374,1,57
83,0.9949594493955374,1,57
84,0.9949594493955374,1,57
85,0.9949594493955374,1,57
86,0.9949594493955374,1,57
87,0.9949594493955374,1,57
88,0.9949594493955374,1,57
89,0.9949594493955374,1,57
90,0.9949594493955374,1,57
91,0.9949594493955374,1,57
92,0.9949594493955374,1,57
93,0.9949594493955374,1,57
94,0.9949594493955374,1,57
95,0.9949594493955374,1,57
96,0.9949594493955374,1,57
97,0.9949594493955374,1,57
98,0.9949594493955374,1,57
99,0.9949594493955374,1,57
100,0.9949594493955374,1,57
101,0.9949594493955374,1,57
102,0.9949594493955374,1,57
103,0.9949594493955374,1,57
104,0.9949594493955374,1,57
105,0.9949594493955374,1,57
106,0.9949594493955374,1,57
107,0.9949594493955374,1,57
108,0.9949594493955374,1,57
109,0.9949594493955374,1,57
110,0.9949594493955374,1,57
111,0.9949594493955374,1,57
112,0.9949594493955374,1,57
113,0.9949594493955374,1,57
114,0.9949594493955374,1,57
115,0.9949594493955374,1,57
116,0.9949594493955374,1,57
117,0.9949594493955374,1,57
118,0.9949594493955374,1,57
119,0.9949594493955374,1,57
120,0.9949594493955374,1,57
121,0.9949594493955374,1,57
122,0.9949594493955374,1,57
123,0.9949594493955374,1,57
124,0.9949594493955374,1,57
125,0.9949594493955374,1,57
126,0.9949594493955374,1,57
127,0.9949594493955374,1,57
128,0.9949594493955374,1,57
129,0.9949594493955374,1,57
130,0.9949594493955374,1,57
131,0.9949594493955374,1,57
132,0.9949594493955374,1,57
133,0.9949594493955374,1,57
134,0.9949594493955374,1,57
135,0.9949594493955374,1,57
136,0.9949594493955374,1,57
137,0.9949594493955374,1,57
138,0.9949594493955374,1,57
139,0.9949594493955374,1,57
140,0.9949594493955374,1,57
141,0.9949594493955374,1,57
142,0.9949594493955374,1,57
143,0.9949594493955374,1,57
144,0.9949594493955374,1,57
145,0.9949594493955374,1,57
146,0.9949594493955374,1,57
147,0.9949594493955374,1,57
148,0.9949594493955374,1,57
149,0.9949594493955374,1,57
150,0.9949594493955374,1,57
151,0.9949594493955374,1,57
152,0.9949594493955374,1,57
153,0.9949594493955374,1,57
154,0.9949594493955374,1,57
155,0.9949594493955374,1,57
156,0.9949594493955374,1,57
157,0.9949594493955374,1,57
158,0.9949594493955374,1,57
159,0.9949594493955374,1,57
160,0.9949594493955374,1,57
161,0.9949594493955374,1,57
162,0.9949594493955374,1,57
163,0.9949594493955374,1,57
164,0.9949594493955374,1,57
165,0.9949594493955374,1,57
166,0.9949594493955374,1,57
167,0.9949594493955374,1,57
168,0.9949594493955374,1,57
169,0.9949594493955374,1,57
170,0.9949594493955374,1,57
171,0.9949594493955374,1,57
172,0.9949594493955374,1,57
173,0.9949594493955374,1,57
174,0.9949594493955374,1,57
175,0.9949594493955374,1,57
176,0.9949594493955374,1,57
177,0.9949594493955374,1,57
178,0.9949594493955374,1,57
179,0.9949594493955374,1,57
180,0.9949594493955374,1,57
181,0.9949594493955374,1,57
182,0.9949594493955374,1,57
183,0.9949594493955374,1,57
184,0.9949594493955374,1,57
185,0.9949594493955374,1,57
186,0.9949594493955374,1,57
187,0.9949594493955374,1,57
188,0.9949594493955374,1,57
189,0.9949594493955374,1,57
190,0.9949594493955374,1,57
191,0.9949594493955374,1,57
192,0.9949594493955374,1,57
193,0.9949594493955374,1,57
194,0.9949594493955374,1,57
195,0.9949594493955374,1,57
196,0.9949594493955374,1,57
197,0.9949594493955374,1,57
198,0.9949594493955374,1,57
199,0.9949594493955374,1,57
200,0.9949594493955374,1,57
1,0.8903639689087868,14,58
2,0.9411331079900265,12,58
3,0.9536950625479221,11,58
4,0.9536950625479221,11,58
5,0.9596198722720146,11,58
6,0.9784055221825838,10,58
7,0.9784055221825838,10,58
8,0.9784055221825838,10,58
9,0.9784055221825838,10,58
10,0.9784055221825838,10,58
11,0.9997781163401669,11,58
12,0.9997781163401669,11,58
13,0.9997781163401669,11,58
14,0.9997781163401669,11,58
15,0.9997781163401669,11,58
16,0.9997781163401669,11,58
17,0.9997781163401669,11,58
18,0.9997781163401669,11,58
19,0.9997781163401669,11,58
20,0.9997781163401669,11,58
21,0.9997781163401669,11,58
22,0.9986018307972699,10,58
23,0.9986018307972699,10,58
24,0.9986018307972699,10,58
25,0.9986018307972699,10,58
26,0.9986018307972699,10,58
27,0.9986018307972699,10,58
28,0.9986018307972699,10,58
29,0.9986018307972699,10,58
30,0.9986018307972699,10,58
31,0.9805560540407896,8,58
32,0.9805560540407896,8,58
33,0.9805560540407896,8,58
34,0.9805560540407896,8,58
35,0.9805560540407896,8,58
36,0.9805560540407896,8,58
37,0.9763255603611469,7,58
38,0.9763255603611469,7,58
39,0.9763255603611469,7,58
40,0.9763255603611469,7,58
41,0.9763255603611469,7,58
42,0.9763255603611469,7,58
43,0.9763255603611469,7,58
44,0.9960676436312497,8,58
45,0.9960676436312497,8,58
46,0.9960676436312497,8,58
47,0.9960676436312497,8,58
48,0.9927850794047117,7,58
49,0.9927850794047117,7,58
50,0.9927850794047117,7,58
51,0.9927850794047117,7,58
52,0.978713745251298,6,58
53,0.978713745251298,6,58
54,0.978713745251298,6,58
55,0.978713745251298,6,58
56,0.978713745251298,6,58
57,0.978713745251298,6,58
58,0.978713745251298,6,58
59,0.978713745251298,6,58
60,0.978713745251298,6,58
61,0.978713745251298,6,58
62,0.978713745251298,6,58
63,0.978713745251298,6,58
64,0.9870138755068183,6,58
65,0.9870138755068183,6,58
66,0.9870138755068183,6,58
67,0.9870138755068183,6,58
68,0.9870138755068183,6,58
69,0.9870138755068183,6,58
70,0.9934486071579158,6,58
71,0.9934486071579158,6,58
72,0.9934486071579158,6,58
73,0.9934486071579158,6,58
74,0.9934486071579158,6,58
75,0.9934486071579158,6,58
76,0.9934486071579158,6,58
77,0.9934486071579158,6,58
78,0.9934486071579158,6,58
79,0.9934486071579158,6,58
80,0.9934486071579158,6,58
81,0.9949881616048515,5,58
82,0.9949881616048515,5,58
83,0.9949881616048515,5,58
84,0.9949881616048515,5,58
85,0.995131591334939,5,58
86,0.995131591334939,5,58
87,0.995131591334939,5,58
88,0.995131591334939,5,58
89,0.995131591334939,5,58
90,0.995131591334939,5,58
91,0.995131591334939,5,58
92,0.995131591334939,5,58
93,0.995131591334939,5,58
94,0.995131591334939,5,58
95,0.995131591334939,5,58
96,0.995131591334939,5,58
97,0.995131591334939,5,58
98,0.995131591334939,5,58
99,0.995131591334939,5,58
100,0.995131591334939,5,58
101,0.995131591334939,5,58
102,0.995131591334939,5,58
103,0.9980447785928845,5,58
104,0.9980447785928845,5,58
105,0.9980447785928845,5,58
106,0.9980447785928845,5,58
107,0.9980447785928845,5,58
108,0.9980447785928845,5,58
109,0.9980447785928845,5,58
110,0.9980447785928845,5,58
111,0.9980447785928845,5,58
112,0.9980447785928845,5,58
113,0.9980447785928845,5,58
114,0.9980447785928845,5,58
115,0.9980447785928845,5,58
116,0.9980447785928845,5,58
117,0.9980447785928845,5,58
118,0.9980447785928845,5,58
119,0.9980447785928845,5,58
120,0.9986978571396321,5,58
121,0.9986978571396321,5,58
122,0.9986978571396321,5,58
123,0.9986978571396321,5,58
124,0.9986978571396321,5,58
125,0.9988073507556692,5,58
126,0.9988073507556692,5,58
127,0.9988073507556692,5,58
128,0.9872255735099316,4,58
129,0.9872255735099316,4,58
130,0.9872255735099316,4,58
131,0.9872255735099316,4,58
132,0.9872255735099316,4,58
133,0.9872255735099316,4,58
134,0.9872255735099316,4,58
135,0.9872255735099316,4,58
136,0.9872255735099316,4,58
137,0.9872255735099316,4,58
138,0.991798771545291,4,58
139,0.991798771545291,4,58
140,0.991798771545291,4,58
141,0.991798771545291,4,58
142,0.991798771545291,4,58
143,0.9937044265680015,4,58
144,0.9937044265680015,4,58
145,0.9937044265680015,4,58
146,0.9937044265680015,4,58
147,0.9937044265680015,4,58
148,0.9937044265680015,4,58
149,0.9937044265680015,4,58
150,0.9950572275556624,4,58
151,0.9950572275556624,4,58
152,0.9950572275556624,4,58
153,0.9950572275556624,4,58
154,0.9950572275556624,4,58
155,0.9950572275556624,4,58
156,0.9950572275556624,4,58
157,0.9950572275556624,4,58
158,0.9950572275556624,4,58
159,0.9950572275556624,4,58
160,0.9950572275556624,4,58
161,0.9950572275556624,4,58
162,0.9950572275556624,4,58
163,0.9950572275556624,4,58
164,0.9950572275556624,4,58
165,0.9950572275556624,4,58
166,0.9950572275556624,4,58
167,0.9950572275556624,4,58
168,0.9966088528744876,4,58
169,0.9966088528744876,4,58
170,0.9966088528744876,4,58
171,0.9982744201552123,4,58
172,0.9982744201552123,4,58
173,0.9982744201552123,4,58
174,0.9982744201552123,4,58
175,0.9982744201552123,4,58
176,0.9982744201552123,4,58
177,0.9982744201552123,4,58
178,0.9982744201552123,4,58
179,0.9982744201552123,4,58
180,0.9858560850843787,3,58
181,0.9858560850843787,3,58
182,0.9858560850843787,3,58
183,0.9858560850843787,3,58
184,0.9858560850843787,3,58
185,0.9858560850843787,3,58
186,0.9858560850843787,3,58
187,0.9858560850843787,3,58
188,0.9858560850843787,3,58
189,0.9858560850843787,3,58
190,0.9858560850843787,3,58
191,0.9858560850843787,3,58
192,0.9858560850843787,3,58
193,0.9858560850843787,3,58
194,0.9887040546163917,3,58
195,0.9887040546163917,3,58
196,0.9887040546163917,3,58
197,0.9887040546163917,3,58
198,0.9887040546163917,3,58
199,0.9887040546163917,3,58
200,0.9887040546163917,3,58
1,0.17463630437850952,8,59
2,0.17463630437850952,8,59
3,0.20353305339813232,8,59
4,0.21144980192184448,8,59
5,0.21144980192184448,8,59
6,0.16702836751937866,2,59
7,0.16702836751937866,2,59
8,0.39620035886764526,8,59
9,0.39620035886764526,8,59
10,0.39620035886764526,8,59
11,0.446554958820343,8,59
12,0.42286932468414307,6,59
13,0.7358546853065491,11,59
14,0.7393826544284821,9,59
15,0.8532227873802185,10,59
16,0.8529636561870575,9,59
17,0.8908640593290329,11,59
18,0.8908640593290329,11,59
19,0.8908640593290329,11,59
20,0.8690607249736786,9,59
21,0.8690607249736786,9,59
22,0.8690607249736786,9,59
23,0.8690607249736786,9,59
24,0.8690607249736786,9,59
25,0.8690607249736786,9,59
26,0.8690607249736786,9,59
27,0.8690607249736786,9,59
28,0.8690607249736786,9,59
29,0.8581118285655975,8,59
30,0.9533684588968754,13,59
31,0.9533684588968754,13,59
32,0.9533684588968754,13,59
33,0.9533684588968754,13,59
34,0.9533684588968754,13,59
35,0.9533684588968754,13,59
36,0.9533684588968754,13,59
37,0.9533684588968754,13,59
38,0.9533684588968754,13,59
39,0.9533684588968754,13,59
40,0.9507666863501072,12,59
41,0.9540062695741653,12,59
42,0.9540062695741653,12,59
43,0.9540062695741653,12,59
44,0.9540062695741653,12,59
45,0.9540062695741653,12,59
46,0.9540062695741653,12,59
47,0.9540062695741653,12,59
48,0.9556292928755283,12,59
49,0.9556292928755283,12,59
50,0.9556292928755283,12,59
51,0.9556292928755283,12,59
52,0.9228515326976776,10,59
53,0.9228515326976776,10,59
54,0.9765088893473148,13,59
55,0.9513989314436913,11,59
56,0.9513989314436913,11,59
57,0.9513989314436913,11,59
58,0.9385583251714706,10,59
59,0.9385583251714706,10,59
60,0.9385583251714706,10,59
61,0.9385583251714706,10,59
62,0.9385583251714706,10,59
63,0.9772518612444401,12,59
64,0.9772518612444401,12,59
65,0.9772518612444401,12,59
66,0.9772518612444401,12,59
67,0.9772518612444401,12,59
68,0.9772518612444401,12,59
69,0.9772518612444401,12,59
70,0.9772518612444401,12,59
71,0.9772518612444401,12,59
72,0.9772518612444401,12,59
73,0.9772518612444401,12,59
74,0.9772518612444401,12,59
75,0.9772518612444401,12,59
76,0.9772518612444401,12,59
77,0.9772518612444401,12,59
78,0.9772518612444401,12,59
79,0.9772518612444401,12,59
80,0.9772518612444401,12,59
81,0.9772518612444401,12,59
82,0.9772518612444401,12,59
83,0.9772518612444401,12,59
84,0.9772518612444401,12,59
85,0.9764677863568068,11,59
86,0.9764677863568068,11,59
87,0.9764677863568068,11,59
88,0.9764677863568068,11,59
89,0.9764677863568068,11,59
90,0.9764677863568068,11,59
91,0.9764677863568068,11,59
92,0.9764677863568068,11,59
93,0.9764677863568068,11,59
94,0.9764677863568068,11,59
95,0.9764677863568068,11,59
96,0.9764677863568068,11,59
97,0.9764677863568068,11,59
98,0.9764677863568068,11,59
99,0.9764677863568068,11,59
100,0.9764677863568068,11,59
101,0.9764677863568068,11,59
102,0.9764677863568068,11,59
103,0.9764677863568068,11,59
104,0.9764677863568068,11,59
105,0.9764677863568068,11,59
106,0.9764677863568068,11,59
107,0.9764677863568068,11,59
108,0.9764677863568068,11,59
109,0.9764677863568068,11,59
110,0.9764677863568068,11,59
111,0.9764677863568068,11,59
112,0.9764677863568068,11,59
113,0.9764677863568068,11,59
114,0.9764677863568068,11,59
115,0.9764677863568068,11,59
116,0.9764677863568068,11,59
117,0.9769270066171885,11,59
118,0.9769270066171885,11,59
119,0.9769270066171885,11,59
120,0.9769270066171885,11,59
121,0.9769270066171885,11,59
122,0.9769270066171885,11,59
123,0.9769270066171885,11,59
124,0.9769270066171885,11,59
125,0.9769270066171885,11,59
126,0.9769270066171885,11,59
127,0.9769270066171885,11,59
128,0.9769270066171885,11,59
129,0.9769270066171885,11,59
130,0.9769270066171885,11,59
131,0.9769270066171885,11,59
132,0.9769270066171885,11,59
133,0.9769270066171885,11,59
134,0.9769270066171885,11,59
135,0.9769270066171885,11,59
136,0.9673205576837063,10,59
137,0.9673205576837063,10,59
138,0.9673205576837063,10,59
139,0.9673205576837063,10,59
140,0.9673205576837063,10,59
141,0.9673205576837063,10,59
142,0.9673205576837063,10,59
143,0.9673205576837063,10,59
144,0.9673205576837063,10,59
145,0.9673205576837063,10,59
146,0.9673205576837063,10,59
147,0.9673205576837063,10,59
148,0.9673205576837063,10,59
149,0.9673205576837063,10,59
150,0.9673205576837063,10,59
151,0.9673205576837063,10,59
152,0.9673205576837063,10,59
153,0.9673205576837063,10,59
154,0.9673205576837063,10,59
155,0.9855253444984555,11,59
156,0.9855253444984555,11,59
157,0.9719884321093559,10,59
158,0.9719884321093559,10,59
159,0.9719884321093559,10,59
160,0.9719884321093559,10,59
161,0.9719884321093559,10,59
162,0.9719884321093559,10,59
163,0.9719884321093559,10,59
164,0.9719884321093559,10,59
165,0.9719884321093559,10,59
166,0.9719884321093559,10,59
167,0.9719884321093559,10,59
168,0.9719884321093559,10,59
169,0.9719884321093559,10,59
170,0.9719884321093559,10,59
171,0.9719884321093559,10,59
172,0.9719884321093559,10,59
173,0.9719884321093559,10,59
174,0.9719884321093559,10,59
175,0.9719884321093559,10,59
176,0.9719884321093559,10,59
177,0.9719884321093559,10,59
178,0.9719884321093559,10,59
179,0.9719884321093559,10,59
180,0.9719884321093559,10,59
181,0.9719884321093559,10,59
182,0.9719884321093559,10,59
183,0.9719884321093559,10,59
184,0.9719884321093559,10,59
185,0.9719884321093559,10,59
186,0.9719884321093559,10,59
187,0.9719884321093559,10,59
188,0.9719884321093559,10,59
189,0.9719884321093559,10,59
190,0.9719884321093559,10,59
191,0.9719884321093559,10,59
192,0.9719884321093559,10,59
193,0.9719884321093559,10,59
194,0.9787940420210361,10,59
195,0.9787940420210361,10,59
196,0.9787940420210361,10,59
197,0.9787940420210361,10,59
198,0.9787940420210361,10,59
199,0.9787940420210361,10,59
200,0.9787940420210361,10,59
