generation,best_value,num_perturbations,sample_id
1,0.0,1,0
2,0.0,1,0
3,0.0,1,0
4,0.0,1,0
5,0.0,1,0
6,0.0,1,0
7,0.0,1,0
8,0.0,1,0
9,0.0,1,0
10,0.0,1,0
11,0.0,1,0
12,0.0,1,0
13,0.0,1,0
14,0.0,1,0
15,0.0,1,0
16,0.0,1,0
17,0.0,1,0
18,0.0,1,0
19,0.0,1,0
20,0.0,1,0
21,0.0,1,0
22,0.0,1,0
23,0.0,1,0
24,0.0,1,0
25,0.0,1,0
26,0.0,1,0
27,0.0,1,0
28,0.0,1,0
29,0.0,1,0
30,0.0,1,0
31,0.0,1,0
32,0.0,1,0
33,0.0,1,0
34,0.0,1,0
35,0.0,1,0
36,0.0,1,0
37,0.0,1,0
38,0.0,1,0
39,0.0,1,0
40,0.0,1,0
41,0.0,1,0
42,0.0,1,0
43,0.0,1,0
44,0.0,1,0
45,0.0,1,0
46,0.0,1,0
47,0.0,1,0
48,0.0,1,0
49,0.0,1,0
50,0.0,1,0
51,0.0,1,0
52,0.0,1,0
53,0.0,1,0
54,0.0,1,0
55,0.0,1,0
56,0.0,1,0
57,0.0,1,0
58,0.0,1,0
59,0.0,1,0
60,0.0,1,0
61,0.0,1,0
62,0.0,1,0
63,0.0,1,0
64,0.0,1,0
65,0.0,1,0
66,0.0,1,0
67,0.0,1,0
68,0.0,1,0
69,0.0,1,0
70,0.0,1,0
71,0.0,1,0
72,0.0,1,0
73,0.0,1,0
74,0.0,1,0
75,0.0,1,0
76,0.0,1,0
77,0.0,1,0
78,0.0,1,0
79,0.0,1,0
80,0.0,1,0
81,0.0,1,0
82,0.0,1,0
83,0.0,1,0
84,0.0,1,0
85,0.0,1,0
86,0.0,1,0
87,0.0,1,0
88,0.0,1,0
89,0.0,1,0
90,0.0,1,0
91,0.0,1,0
92,0.0,1,0
93,0.0,1,0
94,0.0,1,0
95,0.0,1,0
96,0.0,1,0
97,0.0,1,0
98,0.0,1,0
99,0.0,1,0
100,0.0,1,0
101,0.0,1,0
102,0.0,1,0
103,0.0,1,0
104,0.0,1,0
105,0.0,1,0
106,0.0,1,0
107,0.0,1,0
108,0.0,1,0
109,0.0,1,0
110,0.0,1,0
111,0.0,1,0
112,0.0,1,0
113,0.0,1,0
114,0.0,1,0
115,0.0,1,0
116,0.0,1,0
117,0.0,1,0
118,0.0,1,0
119,0.0,1,0
120,0.0,1,0
121,0.0,1,0
122,0.0,1,0
123,0.0,1,0
124,0.0,1,0
125,0.0,1,0
126,0.0,1,0
127,0.0,1,0
128,0.0,1,0
129,0.0,1,0
130,0.0,1,0
131,0.0,1,0
132,0.0,1,0
133,0.0,1,0
134,0.0,1,0
135,0.0,1,0
136,0.0,1,0
137,0.0,1,0
138,0.0,1,0
139,0.0,1,0
140,0.0,1,0
141,0.0,1,0
142,0.0,1,0
143,0.0,1,0
144,0.0,1,0
145,0.0,1,0
146,0.0,1,0
147,0.0,1,0
148,0.0,1,0
149,0.0,1,0
150,0.0,1,0
151,0.0,1,0
152,0.0,1,0
153,0.0,1,0
154,0.0,1,0
155,0.0,1,0
156,0.0,1,0
157,0.0,1,0
158,0.0,1,0
159,0.0,1,0
160,0.0,1,0
161,0.0,1,0
162,0.0,1,0
163,0.0,1,0
164,0.0,1,0
165,0.0,1,0
166,0.0,1,0
167,0.0,1,0
168,0.0,1,0
169,0.0,1,0
170,0.0,1,0
171,0.0,1,0
172,0.0,1,0
173,0.0,1,0
174,0.0,1,0
175,0.0,1,0
176,0.0,1,0
177,0.0,1,0
178,0.0,1,0
179,0.0,1,0
180,0.0,1,0
181,0.0,1,0
182,0.0,1,0
183,0.0,1,0
184,0.0,1,0
185,0.0,1,0
186,0.0,1,0
187,0.0,1,0
188,0.0,1,0
189,0.0,1,0
190,0.0,1,0
191,0.0,1,0
192,0.0,1,0
193,0.0,1,0
194,0.0,1,0
195,0.0,1,0
196,0.0,1,0
197,0.0,1,0
198,0.0,1,0
199,0.0,1,0
200,0.0,1,0
1,6.079673767089844e-06,15,1
2,6.079673767089844e-06,15,1
3,7.987022399902344e-06,15,1
4,3.1113624572753906e-05,15,1
5,3.1113624572753906e-05,15,1
6,9.21487808227539e-05,15,1
7,9.21487808227539e-05,15,1
8,0.00017958879470825195,11,1
9,0.00017958879470825195,11,1
10,0.00017958879470825195,11,1
11,0.00017958879470825195,11,1
12,0.00023549795150756836,15,1
13,0.00023549795150756836,15,1
14,0.00023549795150756836,15,1
15,0.0003833770751953125,15,1
16,0.0003833770751953125,15,1
17,0.0007772445678710938,15,1
18,0.0007772445678710938,15,1
19,0.0010251998901367188,15,1
20,0.0010251998901367188,15,1
21,0.0010251998901367188,15,1
22,0.0010251998901367188,15,1
23,0.0010251998901367188,15,1
24,0.0010251998901367188,15,1
25,0.0010251998901367188,15,1
26,0.0010251998901367188,15,1
27,0.0010251998901367188,15,1
28,0.0010251998901367188,15,1
29,0.0018500089645385742,15,1
30,0.0018500089645385742,15,1
31,0.0018500089645385742,15,1
32,0.020058810710906982,15,1
33,0.020058810710906982,15,1
34,0.020058810710906982,15,1
35,0.020058810710906982,15,1
36,0.020058810710906982,15,1
37,0.020058810710906982,15,1
38,0.020058810710906982,15,1
39,0.020058810710906982,15,1
40,0.020058810710906982,15,1
41,0.020058810710906982,15,1
42,0.020058810710906982,15,1
43,0.020058810710906982,15,1
44,0.020058810710906982,15,1
45,0.020058810710906982,15,1
46,0.020058810710906982,15,1
47,0.020058810710906982,15,1
48,0.020058810710906982,15,1
49,0.020058810710906982,15,1
50,0.020058810710906982,15,1
51,0.020058810710906982,15,1
52,0.020783603191375732,15,1
53,0.034497618675231934,14,1
54,0.034497618675231934,14,1
55,0.034497618675231934,14,1
56,0.034497618675231934,14,1
57,0.034497618675231934,14,1
58,0.034497618675231934,14,1
59,0.14156901836395264,15,1
60,0.14156901836395264,15,1
61,0.14156901836395264,15,1
62,0.14156901836395264,15,1
63,0.14156901836395264,15,1
64,0.16530215740203857,15,1
65,0.16530215740203857,15,1
66,0.16530215740203857,15,1
67,0.1731342077255249,15,1
68,0.1731342077255249,15,1
69,0.1731342077255249,15,1
70,0.1731342077255249,15,1
71,0.1731342077255249,15,1
72,0.1731342077255249,15,1
73,0.1731342077255249,15,1
74,0.1731342077255249,15,1
75,0.1731342077255249,15,1
76,0.1731342077255249,15,1
77,0.1731342077255249,15,1
78,0.1731342077255249,15,1
79,0.1731342077255249,15,1
80,0.1731342077255249,15,1
81,0.1731342077255249,15,1
82,0.1731342077255249,15,1
83,0.1731342077255249,15,1
84,0.1731342077255249,15,1
85,0.1731342077255249,15,1
86,0.238433837890625,15,1
87,0.238433837890625,15,1
88,0.238433837890625,15,1
89,0.238433837890625,15,1
90,0.238433837890625,15,1
91,0.25101250410079956,15,1
92,0.25101250410079956,15,1
93,0.25101250410079956,15,1
94,0.25101250410079956,15,1
95,0.25101250410079956,15,1
96,0.25101250410079956,15,1
97,0.25101250410079956,15,1
98,0.25101250410079956,15,1
99,0.25101250410079956,15,1
100,0.25101250410079956,15,1
101,0.25101250410079956,15,1
102,0.2529458999633789,15,1
103,0.2529458999633789,15,1
104,0.2529458999633789,15,1
105,0.2529458999633789,15,1
106,0.2610713243484497,15,1
107,0.2716928720474243,15,1
108,0.2716928720474243,15,1
109,0.3515703082084656,15,1
110,0.3515703082084656,15,1
111,0.3515703082084656,15,1
112,0.3515703082084656,15,1
113,0.3515703082084656,15,1
114,0.3515703082084656,15,1
115,0.3515703082084656,15,1
116,0.3515703082084656,15,1
117,0.3515703082084656,15,1
118,0.3515703082084656,15,1
119,0.3515703082084656,15,1
120,0.3515703082084656,15,1
121,0.3515703082084656,15,1
122,0.3515703082084656,15,1
123,0.4347500205039978,15,1
124,0.4347500205039978,15,1
125,0.4347500205039978,15,1
126,0.4570976495742798,14,1
127,0.4570976495742798,14,1
128,0.4570976495742798,14,1
129,0.4570976495742798,14,1
130,0.4791918992996216,15,1
131,0.4791918992996216,15,1
132,0.7904714047908783,15,1
133,0.7904714047908783,15,1
134,0.7904714047908783,15,1
135,0.7904714047908783,15,1
136,0.7904714047908783,15,1
137,0.7904714047908783,15,1
138,0.7904714047908783,15,1
139,0.7904714047908783,15,1
140,0.9480380900204182,15,1
141,0.9734912998974323,15,1
142,0.9734912998974323,15,1
143,0.9734912998974323,15,1
144,0.9734912998974323,15,1
145,0.9734912998974323,15,1
146,0.9734912998974323,15,1
147,0.9734912998974323,15,1
148,0.9734912998974323,15,1
149,0.9734912998974323,15,1
150,0.9734912998974323,15,1
151,0.9734912998974323,15,1
152,0.9734912998974323,15,1
153,0.9734912998974323,15,1
154,0.9734912998974323,15,1
155,0.9734912998974323,15,1
156,0.9734912998974323,15,1
157,0.9734912998974323,15,1
158,0.9734912998974323,15,1
159,0.9734912998974323,15,1
160,0.9734912998974323,15,1
161,0.9734912998974323,15,1
162,0.9734912998974323,15,1
163,0.9734912998974323,15,1
164,0.9734912998974323,15,1
165,0.9734912998974323,15,1
166,0.9734912998974323,15,1
167,0.9734912998974323,15,1
168,0.9734912998974323,15,1
169,0.9734912998974323,15,1
170,0.9734912998974323,15,1
171,0.9734912998974323,15,1
172,0.9734912998974323,15,1
173,0.9734912998974323,15,1
174,0.9734912998974323,15,1
175,0.9734912998974323,15,1
176,0.9734912998974323,15,1
177,0.9734912998974323,15,1
178,0.9734912998974323,15,1
179,0.9734912998974323,15,1
180,0.9734912998974323,15,1
181,0.9734912998974323,15,1
182,0.9734912998974323,15,1
183,0.9734912998974323,15,1
184,0.9734912998974323,15,1
185,0.9734912998974323,15,1
186,0.9734912998974323,15,1
187,0.9734912998974323,15,1
188,0.9734912998974323,15,1
189,0.9734912998974323,15,1
190,0.9734912998974323,15,1
191,0.9734912998974323,15,1
192,0.9873163485899568,15,1
193,0.9873163485899568,15,1
194,0.9873163485899568,15,1
195,0.9873163485899568,15,1
196,0.9873163485899568,15,1
197,0.9873163485899568,15,1
198,0.9873163485899568,15,1
199,0.9873163485899568,15,1
200,0.9873163485899568,15,1
1,0.9999982652186645,6,2
2,0.9999982652186645,6,2
3,0.9999993988443521,14,2
4,0.9999995121719394,7,2
5,0.9999998129286496,14,2
6,0.9999998129286496,14,2
7,0.9999998129286496,14,2
8,0.9999998129286496,14,2
9,0.9999998129286496,14,2
10,0.9999998995392616,15,2
11,0.9999999214012192,15,2
12,0.9999999214012192,15,2
13,0.9999999214012192,15,2
14,0.9999999214012192,15,2
15,0.9999999214012192,15,2
16,0.9999999214012192,15,2
17,0.9999999376108448,15,2
18,0.9999999376108448,15,2
19,0.9999999371862529,15,2
20,0.9999999927074597,15,2
21,0.9999999927074597,15,2
22,0.9999999927074597,15,2
23,0.9999999725614241,15,2
24,0.9999999725614241,15,2
25,0.9999999725614241,15,2
26,0.9999999725614241,15,2
27,0.9999999725614241,15,2
28,0.9999999933680659,15,2
29,0.9999999933680659,15,2
30,0.9999999933680659,15,2
31,0.9999999821422456,15,2
32,0.9999999821422456,15,2
33,0.9999999821422456,15,2
34,0.9999999821422456,15,2
35,0.9999999821422456,15,2
36,0.9999999821422456,15,2
37,0.9999999821422456,15,2
38,0.9999999821422456,15,2
39,0.9999999821422456,15,2
40,0.9999999821422456,15,2
41,0.9999999821422456,15,2
42,0.9999999821422456,15,2
43,0.9999999821422456,15,2
44,0.9999999821422456,15,2
45,0.9999999821422456,15,2
46,0.9999999821422456,15,2
47,0.9999999821422456,15,2
48,0.9999999821422456,15,2
49,0.9999999821422456,15,2
50,0.9999999821422456,15,2
51,0.9999999821422456,15,2
52,0.9999999821422456,15,2
53,0.9999999821422456,15,2
54,0.9999999821422456,15,2
55,0.9999999821422456,15,2
56,0.9999999821422456,15,2
57,0.9999999821422456,15,2
58,0.9999999821422456,15,2
59,0.9999999821422456,15,2
60,0.9999999876270849,14,2
61,0.9999999876270849,14,2
62,0.9999999876270849,14,2
63,0.9999999876270849,14,2
64,0.9999999876270849,14,2
65,0.9999999762538003,15,2
66,0.9999999762538003,15,2
67,0.9999999762538003,15,2
68,0.9999999762538003,15,2
69,0.9999999762538003,15,2
70,0.9999999762538003,15,2
71,0.9999999762538003,15,2
72,0.9999999762538003,15,2
73,0.9999999762538003,15,2
74,0.9999999762538003,15,2
75,0.9999999762538003,15,2
76,0.9999999762538003,15,2
77,0.9999999762538003,15,2
78,0.9999999762538003,15,2
79,0.9999999762538003,15,2
80,0.9999999762538003,15,2
81,0.9999999762538003,15,2
82,0.9999999762538003,15,2
83,0.9999999762538003,15,2
84,0.9999999762538003,15,2
85,0.9999999762538003,15,2
86,0.9999999762538003,15,2
87,0.9999999762538003,15,2
88,0.9999999762538003,15,2
89,0.9999999940501474,15,2
90,0.9999999940501474,15,2
91,0.9999999940501474,15,2
92,0.9999999940501474,15,2
93,0.9999999940501474,15,2
94,0.9999999940501474,15,2
95,0.9999999940501474,15,2
96,0.9999999940501474,15,2
97,0.9999999940501474,15,2
98,0.9999999940501474,15,2
99,0.9999999940501474,15,2
100,0.9999999940501474,15,2
101,0.9999999940501474,15,2
102,0.9999999940501474,15,2
103,0.9999999940501474,15,2
104,0.9999999940501474,15,2
105,0.9999999940501474,15,2
106,0.9999999940501474,15,2
107,0.9999999940501474,15,2
108,0.9999999940501474,15,2
109,0.9999999940501474,15,2
110,0.9999999940501474,15,2
111,0.9999999940501474,15,2
112,0.9999999940501474,15,2
113,0.9999999940501474,15,2
114,0.9999999940501474,15,2
115,0.9999999944087543,15,2
116,0.9999999944087543,15,2
117,0.9999999944087543,15,2
118,0.9999999944087543,15,2
119,0.9999999944087543,15,2
120,0.9999999944087543,15,2
121,0.9999999944087543,15,2
122,0.9999999944087543,15,2
123,0.9999999944087543,15,2
124,0.9999999944087543,15,2
125,0.9999999944087543,15,2
126,0.9999999944087543,15,2
127,0.9999999944087543,15,2
128,0.9999999944087543,15,2
129,0.9999999872265333,15,2
130,0.9999999872265333,15,2
131,0.9999999872265333,15,2
132,0.9999999872265333,15,2
133,0.9999999872265333,15,2
134,0.9999999872265333,15,2
135,0.9999999872265333,15,2
136,0.9999999872265333,15,2
137,0.9999999872265333,15,2
138,0.9999999872265333,15,2
139,0.9999999872265333,15,2
140,0.9999999872265333,15,2
141,0.9999999872265333,15,2
142,0.9999999872265333,15,2
143,0.9999999872265333,15,2
144,0.9999999872265333,15,2
145,0.9999999872265333,15,2
146,0.9999999872265333,15,2
147,0.9999999872265333,15,2
148,0.9999999872265333,15,2
149,0.9999999872265333,15,2
150,0.9999999872265333,15,2
151,0.9999999872265333,15,2
152,0.9999999872265333,15,2
153,0.9999999872265333,15,2
154,0.9999999872265333,15,2
155,0.9999999872265333,15,2
156,0.9999999872265333,15,2
157,0.9999999872265333,15,2
158,0.9999999872265333,15,2
159,0.9999999872265333,15,2
160,0.9999999872265333,15,2
161,0.9999999872265333,15,2
162,0.9999999872265333,15,2
163,0.9999999872265333,15,2
164,0.9999999872265333,15,2
165,0.9999999872265333,15,2
166,0.9999999872265333,15,2
167,0.9999999872265333,15,2
168,0.9999999872265333,15,2
169,0.9999999872265333,15,2
170,0.9999999872265333,15,2
171,0.9999999872265333,15,2
172,0.9999999872265333,15,2
173,0.9999999872265333,15,2
174,0.9999999872265333,15,2
175,0.9999999872265333,15,2
176,0.9999999872265333,15,2
177,0.9999999872265333,15,2
178,0.9999999872265333,15,2
179,0.9999999872265333,15,2
180,0.9999999872265333,15,2
181,0.9999999872265333,15,2
182,0.9999999872265333,15,2
183,0.9999999872265333,15,2
184,0.9999999872265333,15,2
185,0.9999999872265333,15,2
186,0.9999999872265333,15,2
187,0.9999999872265333,15,2
188,0.9999999872265333,15,2
189,0.9999999872265333,15,2
190,0.9999999872265333,15,2
191,0.9999999872265333,15,2
192,0.9999999872265333,15,2
193,0.9999999872265333,15,2
194,0.9999999872265333,15,2
195,0.9999999872265333,15,2
196,0.9999999872265333,15,2
197,0.9999999872265333,15,2
198,0.9999999872265333,15,2
199,0.9999999872265333,15,2
200,0.9999999872265333,15,2
1,2.9802322387695312e-06,10,3
2,2.9802322387695312e-06,10,3
3,2.9802322387695312e-06,10,3
4,3.2186508178710938e-06,13,3
5,4.172325134277344e-06,14,3
6,4.172325134277344e-06,14,3
7,4.172325134277344e-06,14,3
8,1.4543533325195312e-05,14,3
9,5.316734313964844e-05,13,3
10,5.316734313964844e-05,13,3
11,5.316734313964844e-05,13,3
12,5.316734313964844e-05,13,3
13,5.316734313964844e-05,13,3
14,5.316734313964844e-05,13,3
15,0.0001862645149230957,15,3
16,0.0001862645149230957,15,3
17,0.0001862645149230957,15,3
18,0.0001862645149230957,15,3
19,0.0004935264587402344,15,3
20,0.0004935264587402344,15,3
21,0.0004935264587402344,15,3
22,0.0004935264587402344,15,3
23,0.0004935264587402344,15,3
24,0.0004935264587402344,15,3
25,0.0004935264587402344,15,3
26,0.0030964016914367676,15,3
27,0.0034386515617370605,15,3
28,0.0034386515617370605,15,3
29,0.0034386515617370605,15,3
30,0.0034386515617370605,15,3
31,0.0034386515617370605,15,3
32,0.0034386515617370605,15,3
33,0.0034386515617370605,15,3
34,0.0034386515617370605,15,3
35,0.0034386515617370605,15,3
36,0.0034386515617370605,15,3
37,0.0034386515617370605,15,3
38,0.0034386515617370605,15,3
39,0.007870674133300781,15,3
40,0.007870674133300781,15,3
41,0.007870674133300781,15,3
42,0.007870674133300781,15,3
43,0.007870674133300781,15,3
44,0.007870674133300781,15,3
45,0.007870674133300781,15,3
46,0.007870674133300781,15,3
47,0.007870674133300781,15,3
48,0.014332175254821777,15,3
49,0.014901280403137207,15,3
50,0.014901280403137207,15,3
51,0.015878677368164062,15,3
52,0.015878677368164062,15,3
53,0.015878677368164062,15,3
54,0.032912492752075195,15,3
55,0.032912492752075195,15,3
56,0.032912492752075195,15,3
57,0.032912492752075195,15,3
58,0.032912492752075195,15,3
59,0.032912492752075195,15,3
60,0.036230504512786865,15,3
61,0.036230504512786865,15,3
62,0.036230504512786865,15,3
63,0.036230504512786865,15,3
64,0.036230504512786865,15,3
65,0.036230504512786865,15,3
66,0.036230504512786865,15,3
67,0.061568498611450195,15,3
68,0.061568498611450195,15,3
69,0.061568498611450195,15,3
70,0.061568498611450195,15,3
71,0.061568498611450195,15,3
72,0.13724660873413086,15,3
73,0.13724660873413086,15,3
74,0.154097318649292,15,3
75,0.154097318649292,15,3
76,0.154097318649292,15,3
77,0.154097318649292,15,3
78,0.154097318649292,15,3
79,0.154097318649292,15,3
80,0.154097318649292,15,3
81,0.1899416446685791,15,3
82,0.1899416446685791,15,3
83,0.1899416446685791,15,3
84,0.1899416446685791,15,3
85,0.1899416446685791,15,3
86,0.19197160005569458,15,3
87,0.19197160005569458,15,3
88,0.19197160005569458,15,3
89,0.2443094253540039,15,3
90,0.2443094253540039,15,3
91,0.2443094253540039,15,3
92,0.2443094253540039,15,3
93,0.2443094253540039,15,3
94,0.2443094253540039,15,3
95,0.2443094253540039,15,3
96,0.5102114975452423,15,3
97,0.5102114975452423,15,3
98,0.5102114975452423,15,3
99,0.5102114975452423,15,3
100,0.7973544895648956,15,3
101,0.7973544895648956,15,3
102,0.7973544895648956,15,3
103,0.7973544895648956,15,3
104,0.7973544895648956,15,3
105,0.7973544895648956,15,3
106,0.8524878621101379,15,3
107,0.8524878621101379,15,3
108,0.8524878621101379,15,3
109,0.8524878621101379,15,3
110,0.8524878621101379,15,3
111,0.8636983036994934,15,3
112,0.8842954486608505,15,3
113,0.8842954486608505,15,3
114,0.8842954486608505,15,3
115,0.8842954486608505,15,3
116,0.8842954486608505,15,3
117,0.8842954486608505,15,3
118,0.8842954486608505,15,3
119,0.8842954486608505,15,3
120,0.8842954486608505,15,3
121,0.8842954486608505,15,3
122,0.8842954486608505,15,3
123,0.8842954486608505,15,3
124,0.8842954486608505,15,3
125,0.8842954486608505,15,3
126,0.8842954486608505,15,3
127,0.8842954486608505,15,3
128,0.8842954486608505,15,3
129,0.8842954486608505,15,3
130,0.8842954486608505,15,3
131,0.8842954486608505,15,3
132,0.8842954486608505,15,3
133,0.8842954486608505,15,3
134,0.9007363989949226,14,3
135,0.9007363989949226,14,3
136,0.9007363989949226,14,3
137,0.9007363989949226,14,3
138,0.9007363989949226,14,3
139,0.9007363989949226,14,3
140,0.9007363989949226,14,3
141,0.9715767931193113,15,3
142,0.9715767931193113,15,3
143,0.9715767931193113,15,3
144,0.9715767931193113,15,3
145,0.9715767931193113,15,3
146,0.9715767931193113,15,3
147,0.9715767931193113,15,3
148,0.9715767931193113,15,3
149,0.9715767931193113,15,3
150,0.9715767931193113,15,3
151,0.9793575778603554,15,3
152,0.9793575778603554,15,3
153,0.9793575778603554,15,3
154,0.9793575778603554,15,3
155,0.9871279653161764,15,3
156,0.9871279653161764,15,3
157,0.9871279653161764,15,3
158,0.9932197532616556,15,3
159,0.9932197532616556,15,3
160,0.9932197532616556,15,3
161,0.9932197532616556,15,3
162,0.9932197532616556,15,3
163,0.9932197532616556,15,3
164,0.9932197532616556,15,3
165,0.9932197532616556,15,3
166,0.9932197532616556,15,3
167,0.9932197532616556,15,3
168,0.9932197532616556,15,3
169,0.9932197532616556,15,3
170,0.9932197532616556,15,3
171,0.9932197532616556,15,3
172,0.9932197532616556,15,3
173,0.9932197532616556,15,3
174,0.9932197532616556,15,3
175,0.9934967868030071,15,3
176,0.9946012943983078,15,3
177,0.9946012943983078,15,3
178,0.9946012943983078,15,3
179,0.9949941490776837,15,3
180,0.9949941490776837,15,3
181,0.9949941490776837,15,3
182,0.9949941490776837,15,3
183,0.9949941490776837,15,3
184,0.9949941490776837,15,3
185,0.9949941490776837,15,3
186,0.9949941490776837,15,3
187,0.9949941490776837,15,3
188,0.9949941490776837,15,3
189,0.9949941490776837,15,3
190,0.9949941490776837,15,3
191,0.9949941490776837,15,3
192,0.9949941490776837,15,3
193,0.9949941490776837,15,3
194,0.9949941490776837,15,3
195,0.9949941490776837,15,3
196,0.9949941490776837,15,3
197,0.9963330840691924,15,3
198,0.9963330840691924,15,3
199,0.9963330840691924,15,3
200,0.9963330840691924,15,3
1,0.9999542356126767,14,4
2,0.9999542356126767,14,4
3,0.9999542356126767,14,4
4,0.9999623036383127,13,4
5,0.9999806966607139,14,4
6,0.9999960048512548,14,4
7,0.9999960048512548,14,4
8,0.9999972528767103,15,4
9,0.9999972528767103,15,4
10,0.9999972528767103,15,4
11,0.9999986342481861,15,4
12,0.9999986342481861,15,4
13,0.9999986342481861,15,4
14,0.9999986342481861,15,4
15,0.9999986342481861,15,4
16,0.9999990779570567,15,4
17,0.9999990779570567,15,4
18,0.9999990779570567,15,4
19,0.9999997141094354,15,4
20,0.9999997141094354,15,4
21,0.9999997141094354,15,4
22,0.9999997141094354,15,4
23,0.9999997141094354,15,4
24,0.9999997141094354,15,4
25,0.9999997141094354,15,4
26,0.9999997141094354,15,4
27,0.9999997141094354,15,4
28,0.9999997141094354,15,4
29,0.9999998556945116,15,4
30,0.9999998556945116,15,4
31,0.9999998955357583,15,4
32,0.9999999857791657,15,4
33,0.9999999857791657,15,4
34,0.9999999857791657,15,4
35,0.9999999857791657,15,4
36,0.9999999857791657,15,4
37,0.9999999857791657,15,4
38,0.9999999857791657,15,4
39,0.9999999857791657,15,4
40,0.9999999857791657,15,4
41,0.9999999857791657,15,4
42,0.9999999857791657,15,4
43,0.9999999857791657,15,4
44,0.9999999857791657,15,4
45,0.9999999857791657,15,4
46,0.9999999857791657,15,4
47,0.9999999857791657,15,4
48,0.9999999857791657,15,4
49,0.9999999758981577,15,4
50,0.9999999758981577,15,4
51,0.9999999758981577,15,4
52,0.9999999758981577,15,4
53,0.9999999734949476,14,4
54,0.9999999734949476,14,4
55,0.9999999734949476,14,4
56,0.9999999734949476,14,4
57,0.9999999734949476,14,4
58,0.9999999734949476,14,4
59,0.9999999734949476,14,4
60,0.9999999734949476,14,4
61,0.9999999734949476,14,4
62,0.9999999734949476,14,4
63,0.9999999761928962,15,4
64,0.9999999761928962,15,4
65,0.9999999761928962,15,4
66,0.9999999761928962,15,4
67,0.9999999761928962,15,4
68,0.9999999761928962,15,4
69,0.9999999761928962,15,4
70,0.9999999774579518,15,4
71,0.9999999774579518,15,4
72,0.9999999774579518,15,4
73,0.9999999774579518,15,4
74,0.9999999774579518,15,4
75,0.9999999774579518,15,4
76,0.9999999774579518,15,4
77,0.9999999774579518,15,4
78,0.9999999774579518,15,4
79,0.9999999774579518,15,4
80,0.9999999770364436,15,4
81,0.9999999770364436,15,4
82,0.9999999770364436,15,4
83,0.9999999770364436,15,4
84,0.9999999770364436,15,4
85,0.9999999770364436,15,4
86,0.9999999770364436,15,4
87,0.9999999770364436,15,4
88,0.9999999770364436,15,4
89,0.9999999833465161,15,4
90,0.9999999833465161,15,4
91,0.9999999833465161,15,4
92,0.9999999833465161,15,4
93,0.9999999833465161,15,4
94,0.9999999833465161,15,4
95,0.9999999833465161,15,4
96,0.9999999833465161,15,4
97,0.9999999833465161,15,4
98,0.9999999833465161,15,4
99,0.9999999833465161,15,4
100,0.9999999833465161,15,4
101,0.9999999833465161,15,4
102,0.9999999833465161,15,4
103,0.9999999833465161,15,4
104,0.9999999833465161,15,4
105,0.9999999833465161,15,4
106,0.9999999833465161,15,4
107,0.9999999833465161,15,4
108,0.9999999833465161,15,4
109,0.9999999833465161,15,4
110,0.9999999833465161,15,4
111,0.9999999833465161,15,4
112,0.9999999833465161,15,4
113,0.9999999833465161,15,4
114,0.9999999833465161,15,4
115,0.9999999833465161,15,4
116,0.9999999833465161,15,4
117,0.9999999833465161,15,4
118,0.9999999833465161,15,4
119,0.9999999833465161,15,4
120,0.9999999833465161,15,4
121,0.9999999833465161,15,4
122,0.9999999833465161,15,4
123,0.9999999833465161,15,4
124,0.9999999833465161,15,4
125,0.9999999833465161,15,4
126,0.9999999744481318,15,4
127,0.9999999744481318,15,4
128,0.9999999744481318,15,4
129,0.9999999744481318,15,4
130,0.9999999744481318,15,4
131,0.9999999744481318,15,4
132,0.9999999744481318,15,4
133,0.9999999744481318,15,4
134,0.9999999744481318,15,4
135,0.9999999744481318,15,4
136,0.9999999744481318,15,4
137,0.9999999744481318,15,4
138,0.9999999744481318,15,4
139,0.9999999744481318,15,4
140,0.9999999744481318,15,4
141,0.9999999744481318,15,4
142,0.9999999744481318,15,4
143,0.9999999744481318,15,4
144,0.9999999744481318,15,4
145,0.9999999744481318,15,4
146,0.9999999744481318,15,4
147,0.9999999744481318,15,4
148,0.9999999744481318,15,4
149,0.9999999744481318,15,4
150,0.9999999744481318,15,4
151,0.9999999744481318,15,4
152,0.9999999744481318,15,4
153,0.9999999744481318,15,4
154,0.9999999744481318,15,4
155,0.9999999744481318,15,4
156,0.9999999744481318,15,4
157,0.9999999744481318,15,4
158,0.9999999744481318,15,4
159,0.9999999744481318,15,4
160,0.9999999744481318,15,4
161,0.9999999744481318,15,4
162,0.9999999744481318,15,4
163,0.9999999744481318,15,4
164,0.9999999744481318,15,4
165,0.9999999744481318,15,4
166,0.9999999744481318,15,4
167,0.9999999744481318,15,4
168,0.9999999744481318,15,4
169,0.9999999744481318,15,4
170,0.9999999744481318,15,4
171,0.9999999744481318,15,4
172,0.9999999744481318,15,4
173,0.9999999744481318,15,4
174,0.9999999744481318,15,4
175,0.9999999744481318,15,4
176,0.9999999744481318,15,4
177,0.9999999744481318,15,4
178,0.9999999744481318,15,4
179,0.9999999744481318,15,4
180,0.9999999744481318,15,4
181,0.9999999744481318,15,4
182,0.9999999744481318,15,4
183,0.9999999744481318,15,4
184,0.9999999744481318,15,4
185,0.9999999744481318,15,4
186,0.9999999744481318,15,4
187,0.9999999744481318,15,4
188,0.9999999744481318,15,4
189,0.9999999744481318,15,4
190,0.9999999744481318,15,4
191,0.9999999744481318,15,4
192,0.9999999744481318,15,4
193,0.9999999744481318,15,4
194,0.9999999744481318,15,4
195,0.9999999744481318,15,4
196,0.9999999744481318,15,4
197,0.9999999744481318,15,4
198,0.9999999744481318,15,4
199,0.9999999744481318,15,4
200,0.9999999744481318,15,4
1,1.3113021850585938e-06,15,5
2,1.3113021850585938e-06,15,5
3,1.3113021850585938e-06,15,5
4,1.5497207641601562e-06,12,5
5,4.76837158203125e-06,7,5
6,6.318092346191406e-06,6,5
7,1.0609626770019531e-05,15,5
8,1.2755393981933594e-05,15,5
9,0.00016117095947265625,14,5
10,0.00016117095947265625,14,5
11,0.00016117095947265625,14,5
12,0.00045365095138549805,15,5
13,0.00045365095138549805,15,5
14,0.00045365095138549805,15,5
15,0.00045365095138549805,15,5
16,0.00045365095138549805,15,5
17,0.00045365095138549805,15,5
18,0.0006985664367675781,15,5
19,0.0006985664367675781,15,5
20,0.0006985664367675781,15,5
21,0.0006985664367675781,15,5
22,0.0006985664367675781,15,5
23,0.0006985664367675781,15,5
24,0.0006985664367675781,15,5
25,0.0006985664367675781,15,5
26,0.0006985664367675781,15,5
27,0.0008490085601806641,15,5
28,0.0015617012977600098,15,5
29,0.0015617012977600098,15,5
30,0.0016037821769714355,15,5
31,0.003755927085876465,15,5
32,0.003755927085876465,15,5
33,0.003755927085876465,15,5
34,0.003755927085876465,15,5
35,0.003755927085876465,15,5
36,0.003755927085876465,15,5
37,0.003755927085876465,15,5
38,0.004282176494598389,15,5
39,0.004282176494598389,15,5
40,0.004282176494598389,15,5
41,0.004282176494598389,15,5
42,0.007611453533172607,15,5
43,0.007611453533172607,15,5
44,0.007611453533172607,15,5
45,0.012195348739624023,15,5
46,0.012195348739624023,15,5
47,0.012195348739624023,15,5
48,0.012195348739624023,15,5
49,0.015099167823791504,15,5
50,0.015099167823791504,15,5
51,0.022444725036621094,15,5
52,0.022444725036621094,15,5
53,0.022444725036621094,15,5
54,0.022444725036621094,15,5
55,0.022444725036621094,15,5
56,0.022444725036621094,15,5
57,0.022444725036621094,15,5
58,0.022444725036621094,15,5
59,0.022444725036621094,15,5
60,0.022444725036621094,15,5
61,0.03105109930038452,15,5
62,0.03105109930038452,15,5
63,0.03105109930038452,15,5
64,0.03105109930038452,15,5
65,0.0379101037979126,15,5
66,0.0379101037979126,15,5
67,0.0379101037979126,15,5
68,0.0379101037979126,15,5
69,0.0379101037979126,15,5
70,0.04242640733718872,14,5
71,0.04831051826477051,15,5
72,0.04831051826477051,15,5
73,0.04831051826477051,15,5
74,0.04831051826477051,15,5
75,0.04831051826477051,15,5
76,0.04963195323944092,15,5
77,0.04963195323944092,15,5
78,0.04963195323944092,15,5
79,0.04963195323944092,15,5
80,0.04963195323944092,15,5
81,0.04963195323944092,15,5
82,0.053536295890808105,15,5
83,0.053536295890808105,15,5
84,0.0651087760925293,15,5
85,0.0651087760925293,15,5
86,0.0651087760925293,15,5
87,0.08880150318145752,15,5
88,0.10919046401977539,15,5
89,0.10919046401977539,15,5
90,0.14624911546707153,15,5
91,0.14624911546707153,15,5
92,0.14624911546707153,15,5
93,0.14624911546707153,15,5
94,0.18189311027526855,15,5
95,0.18189311027526855,15,5
96,0.18189311027526855,15,5
97,0.18189311027526855,15,5
98,0.18189311027526855,15,5
99,0.18189311027526855,15,5
100,0.18189311027526855,15,5
101,0.1951608657836914,15,5
102,0.1951608657836914,15,5
103,0.1951608657836914,15,5
104,0.2374570369720459,15,5
105,0.2374570369720459,15,5
106,0.2374570369720459,15,5
107,0.2374570369720459,15,5
108,0.24975204467773438,15,5
109,0.24975204467773438,15,5
110,0.24975204467773438,15,5
111,0.24975204467773438,15,5
112,0.24975204467773438,15,5
113,0.25916969776153564,15,5
114,0.25916969776153564,15,5
115,0.25916969776153564,15,5
116,0.25916969776153564,15,5
117,0.37639886140823364,14,5
118,0.37639886140823364,14,5
119,0.37639886140823364,14,5
120,0.37639886140823364,14,5
121,0.37639886140823364,14,5
122,0.37639886140823364,14,5
123,0.37639886140823364,14,5
124,0.37639886140823364,14,5
125,0.37639886140823364,14,5
126,0.37639886140823364,14,5
127,0.37639886140823364,14,5
128,0.37639886140823364,14,5
129,0.37639886140823364,14,5
130,0.37639886140823364,14,5
131,0.5546060502529144,14,5
132,0.6245612800121307,15,5
133,0.6245612800121307,15,5
134,0.6245612800121307,15,5
135,0.6245612800121307,15,5
136,0.6245612800121307,15,5
137,0.6245612800121307,15,5
138,0.6245612800121307,15,5
139,0.6245612800121307,15,5
140,0.6245612800121307,15,5
141,0.6245612800121307,15,5
142,0.6245612800121307,15,5
143,0.6245612800121307,15,5
144,0.6245612800121307,15,5
145,0.6245612800121307,15,5
146,0.6245612800121307,15,5
147,0.6598157584667206,15,5
148,0.6598157584667206,15,5
149,0.6598157584667206,15,5
150,0.8325443267822266,15,5
151,0.8325443267822266,15,5
152,0.8414193391799927,15,5
153,0.8414193391799927,15,5
154,0.8414193391799927,15,5
155,0.8414193391799927,15,5
156,0.8414193391799927,15,5
157,0.9763535559177399,15,5
158,0.9763535559177399,15,5
159,0.9763535559177399,15,5
160,0.9763535559177399,15,5
161,0.9763535559177399,15,5
162,0.9763535559177399,15,5
163,0.9763535559177399,15,5
164,0.9763535559177399,15,5
165,0.9763535559177399,15,5
166,0.9763535559177399,15,5
167,0.9763535559177399,15,5
168,0.9763535559177399,15,5
169,0.9763535559177399,15,5
170,0.9763535559177399,15,5
171,0.9763535559177399,15,5
172,0.9763535559177399,15,5
173,0.9763535559177399,15,5
174,0.9763535559177399,15,5
175,0.9763535559177399,15,5
176,0.9763535559177399,15,5
177,0.9763535559177399,15,5
178,0.9763535559177399,15,5
179,0.9763535559177399,15,5
180,0.9763535559177399,15,5
181,0.9763535559177399,15,5
182,0.9763535559177399,15,5
183,0.9763535559177399,15,5
184,0.9941504551097751,15,5
185,0.9941504551097751,15,5
186,0.9941504551097751,15,5
187,0.9941504551097751,15,5
188,0.9941504551097751,15,5
189,0.9941504551097751,15,5
190,0.9941504551097751,15,5
191,0.9941504551097751,15,5
192,0.9941504551097751,15,5
193,0.9941504551097751,15,5
194,0.9941504551097751,15,5
195,0.9941504551097751,15,5
196,0.9941504551097751,15,5
197,0.9941504551097751,15,5
198,0.9941504551097751,15,5
199,0.9941504551097751,15,5
200,0.9966736792121083,15,5
1,0.8400093764066696,14,6
2,0.968219418078661,13,6
3,0.968219418078661,13,6
4,0.989856612868607,11,6
5,0.989856612868607,11,6
6,0.989856612868607,11,6
7,0.989856612868607,11,6
8,0.9964199273381382,15,6
9,0.9964199273381382,15,6
10,0.9976791206281632,15,6
11,0.9996673640271183,14,6
12,0.9996936497336719,14,6
13,0.9998868588736514,15,6
14,0.9998868588736514,15,6
15,0.9998868588736514,15,6
16,0.9998868588736514,15,6
17,0.9998949966466171,15,6
18,0.9998949966466171,15,6
19,0.9998949966466171,15,6
20,0.9998949966466171,15,6
21,0.9998949966466171,15,6
22,0.9998977883951738,15,6
23,0.9998977883951738,15,6
24,0.9998977883951738,15,6
25,0.9999083945222083,15,6
26,0.9999083945222083,15,6
27,0.9999083945222083,15,6
28,0.9999083945222083,15,6
29,0.9999305386663764,15,6
30,0.9999501963029616,15,6
31,0.9999501963029616,15,6
32,0.9999507350839849,15,6
33,0.9999507350839849,15,6
34,0.9999685077600589,15,6
35,0.9999685077600589,15,6
36,0.9999735041001259,15,6
37,0.9999772453375044,15,6
38,0.999991862713614,15,6
39,0.999991862713614,15,6
40,0.999991862713614,15,6
41,0.999991862713614,15,6
42,0.9999924035919321,15,6
43,0.9999924035919321,15,6
44,0.9999924035919321,15,6
45,0.9999924035919321,15,6
46,0.9999924035919321,15,6
47,0.9999924035919321,15,6
48,0.9999924035919321,15,6
49,0.9999925704059933,15,6
50,0.9999928653360257,15,6
51,0.9999928653360257,15,6
52,0.9999928653360257,15,6
53,0.9999928653360257,15,6
54,0.9999928653360257,15,6
55,0.9999928653360257,15,6
56,0.9999928653360257,15,6
57,0.9999957189138513,15,6
58,0.9999957189138513,15,6
59,0.9999957189138513,15,6
60,0.9999957189138513,15,6
61,0.9999957189138513,15,6
62,0.9999957189138513,15,6
63,0.999995864869561,15,6
64,0.999995864869561,15,6
65,0.999995864869561,15,6
66,0.9999963361192385,15,6
67,0.9999963361192385,15,6
68,0.9999965342974519,15,6
69,0.9999965342974519,15,6
70,0.9999965736612921,15,6
71,0.9999965736612921,15,6
72,0.9999965736612921,15,6
73,0.9999965736612921,15,6
74,0.9999965736612921,15,6
75,0.9999965736612921,15,6
76,0.9999965736612921,15,6
77,0.9999965736612921,15,6
78,0.9999966838256569,15,6
79,0.9999993415606241,15,6
80,0.9999993415606241,15,6
81,0.9999993415606241,15,6
82,0.9999993415606241,15,6
83,0.9999993415606241,15,6
84,0.9999993415606241,15,6
85,0.9999993415606241,15,6
86,0.9999993415606241,15,6
87,0.9999993415606241,15,6
88,0.9999993415606241,15,6
89,0.9999993415606241,15,6
90,0.9999993415606241,15,6
91,0.9999993415606241,15,6
92,0.9999993415606241,15,6
93,0.9999993415606241,15,6
94,0.9999993415606241,15,6
95,0.9999998105646029,15,6
96,0.9999998105646029,15,6
97,0.9999998105646029,15,6
98,0.9999998105646029,15,6
99,0.9999998105646029,15,6
100,0.9999998105646029,15,6
101,0.9999998105646029,15,6
102,0.9999998105646029,15,6
103,0.9999998105646029,15,6
104,0.9999998105646029,15,6
105,0.9999998105646029,15,6
106,0.9999998105646029,15,6
107,0.9999998105646029,15,6
108,0.9999998105646029,15,6
109,0.9999998105646029,15,6
110,0.9999998105646029,15,6
111,0.9999998105646029,15,6
112,0.9999998105646029,15,6
113,0.9999998105646029,15,6
114,0.9999998105646029,15,6
115,0.9999998105646029,15,6
116,0.9999998105646029,15,6
117,0.9999998105646029,15,6
118,0.9999998105646029,15,6
119,0.9999998105646029,15,6
120,0.9999998105646029,15,6
121,0.9999998105646029,15,6
122,0.9999998105646029,15,6
123,0.9999998105646029,15,6
124,0.9999998105646029,15,6
125,0.9999998105646029,15,6
126,0.9999998105646029,15,6
127,0.9999998105646029,15,6
128,0.9999998105646029,15,6
129,0.9999998105646029,15,6
130,0.9999998105646029,15,6
131,0.9999998105646029,15,6
132,0.9999998105646029,15,6
133,0.9999998105646029,15,6
134,0.9999998105646029,15,6
135,0.9999998105646029,15,6
136,0.9999998105646029,15,6
137,0.9999998105646029,15,6
138,0.9999998105646029,15,6
139,0.9999998105646029,15,6
140,0.9999998105646029,15,6
141,0.9999998105646029,15,6
142,0.9999998105646029,15,6
143,0.9999998105646029,15,6
144,0.9999998105646029,15,6
145,0.9999998105646029,15,6
146,0.9999998252035738,15,6
147,0.9999998252035738,15,6
148,0.9999999185063402,15,6
149,0.9999999185063402,15,6
150,0.9999999185063402,15,6
151,0.9999999185063402,15,6
152,0.9999999185063402,15,6
153,0.9999999185063402,15,6
154,0.9999999185063402,15,6
155,0.9999999185063402,15,6
156,0.9999999185063402,15,6
157,0.9999999185063402,15,6
158,0.9999999185063402,15,6
159,0.9999999185063402,15,6
160,0.9999999185063402,15,6
161,0.9999999185063402,15,6
162,0.9999999185063402,15,6
163,0.9999999185063402,15,6
164,0.9999999185063402,15,6
165,0.9999999185063402,15,6
166,0.9999999185063402,15,6
167,0.9999999185063402,15,6
168,0.9999999185063402,15,6
169,0.9999999154800108,15,6
170,0.9999999154800108,15,6
171,0.9999999154800108,15,6
172,0.9999999154800108,15,6
173,0.9999999121352445,15,6
174,0.9999999121352445,15,6
175,0.9999999121352445,15,6
176,0.9999999121352445,15,6
177,0.9999999121352445,15,6
178,0.9999999121352445,15,6
179,0.9999999121352445,15,6
180,0.9999999121352445,15,6
181,0.9999999121352445,15,6
182,0.9999999121352445,15,6
183,0.9999999121352445,15,6
184,0.9999999121352445,15,6
185,0.9999999121352445,15,6
186,0.9999999121352445,15,6
187,0.9999999121352445,15,6
188,0.9999999121352445,15,6
189,0.9999999121352445,15,6
190,0.9999999121352445,15,6
191,0.9999999121352445,15,6
192,0.9999999121352445,15,6
193,0.9999999121352445,15,6
194,0.9999999121352445,15,6
195,0.9999999121352445,15,6
196,0.9999999121352445,15,6
197,0.9999999121352445,15,6
198,0.9999999121352445,15,6
199,0.9999999121352445,15,6
200,0.9999999121352445,15,6
1,7.152557373046875e-07,14,7
2,1.3113021850585938e-06,7,7
3,1.9073486328125e-06,15,7
4,1.1205673217773438e-05,14,7
5,1.1205673217773438e-05,14,7
6,1.1205673217773438e-05,14,7
7,1.1205673217773438e-05,14,7
8,3.218650817871094e-05,15,7
9,3.218650817871094e-05,15,7
10,3.218650817871094e-05,15,7
11,3.218650817871094e-05,15,7
12,3.218650817871094e-05,15,7
13,3.218650817871094e-05,15,7
14,0.0001068115234375,15,7
15,0.0001068115234375,15,7
16,0.0001068115234375,15,7
17,0.0001068115234375,15,7
18,0.0001068115234375,15,7
19,0.0001068115234375,15,7
20,0.00012433528900146484,15,7
21,0.00012433528900146484,15,7
22,0.00012433528900146484,15,7
23,0.0001360177993774414,15,7
24,0.00019305944442749023,15,7
25,0.00019305944442749023,15,7
26,0.00019305944442749023,15,7
27,0.00019305944442749023,15,7
28,0.0011878013610839844,15,7
29,0.0011878013610839844,15,7
30,0.0011878013610839844,15,7
31,0.0018173456192016602,15,7
32,0.0018173456192016602,15,7
33,0.0018173456192016602,15,7
34,0.0018173456192016602,15,7
35,0.0018173456192016602,15,7
36,0.0018173456192016602,15,7
37,0.0040850043296813965,15,7
38,0.0040850043296813965,15,7
39,0.0040850043296813965,15,7
40,0.0040850043296813965,15,7
41,0.0040850043296813965,15,7
42,0.0040850043296813965,15,7
43,0.0040850043296813965,15,7
44,0.0040850043296813965,15,7
45,0.0040850043296813965,15,7
46,0.0040850043296813965,15,7
47,0.0040850043296813965,15,7
48,0.0040850043296813965,15,7
49,0.005089938640594482,15,7
50,0.005089938640594482,15,7
51,0.005089938640594482,15,7
52,0.005089938640594482,15,7
53,0.005089938640594482,15,7
54,0.005089938640594482,15,7
55,0.005089938640594482,15,7
56,0.005089938640594482,15,7
57,0.005089938640594482,15,7
58,0.0067040324211120605,15,7
59,0.0067040324211120605,15,7
60,0.0067040324211120605,15,7
61,0.0067040324211120605,15,7
62,0.0067040324211120605,15,7
63,0.0067040324211120605,15,7
64,0.0067040324211120605,15,7
65,0.0067040324211120605,15,7
66,0.0067040324211120605,15,7
67,0.0067040324211120605,15,7
68,0.0067040324211120605,15,7
69,0.0067040324211120605,15,7
70,0.0067040324211120605,15,7
71,0.0067040324211120605,15,7
72,0.0067040324211120605,15,7
73,0.007701218128204346,14,7
74,0.009908020496368408,15,7
75,0.009908020496368408,15,7
76,0.009908020496368408,15,7
77,0.017163336277008057,15,7
78,0.059844374656677246,15,7
79,0.059844374656677246,15,7
80,0.059844374656677246,15,7
81,0.059844374656677246,15,7
82,0.059844374656677246,15,7
83,0.059844374656677246,15,7
84,0.059844374656677246,15,7
85,0.059844374656677246,15,7
86,0.059844374656677246,15,7
87,0.059844374656677246,15,7
88,0.059844374656677246,15,7
89,0.059844374656677246,15,7
90,0.059844374656677246,15,7
91,0.059844374656677246,15,7
92,0.059844374656677246,15,7
93,0.059844374656677246,15,7
94,0.059844374656677246,15,7
95,0.059844374656677246,15,7
96,0.059844374656677246,15,7
97,0.059844374656677246,15,7
98,0.059844374656677246,15,7
99,0.059844374656677246,15,7
100,0.059844374656677246,15,7
101,0.059844374656677246,15,7
102,0.059844374656677246,15,7
103,0.059844374656677246,15,7
104,0.059844374656677246,15,7
105,0.059844374656677246,15,7
106,0.059844374656677246,15,7
107,0.10518795251846313,15,7
108,0.10518795251846313,15,7
109,0.10518795251846313,15,7
110,0.10518795251846313,15,7
111,0.10518795251846313,15,7
112,0.10518795251846313,15,7
113,0.10518795251846313,15,7
114,0.10518795251846313,15,7
115,0.10518795251846313,15,7
116,0.10518795251846313,15,7
117,0.10518795251846313,15,7
118,0.10518795251846313,15,7
119,0.10518795251846313,15,7
120,0.12865287065505981,15,7
121,0.12865287065505981,15,7
122,0.13027960062026978,15,7
123,0.13027960062026978,15,7
124,0.13027960062026978,15,7
125,0.13027960062026978,15,7
126,0.13505059480667114,15,7
127,0.13505059480667114,15,7
128,0.13505059480667114,15,7
129,0.2941179871559143,15,7
130,0.2941179871559143,15,7
131,0.2941179871559143,15,7
132,0.2941179871559143,15,7
133,0.2941179871559143,15,7
134,0.2941179871559143,15,7
135,0.2941179871559143,15,7
136,0.35789114236831665,15,7
137,0.3634992241859436,15,7
138,0.5517627000808716,15,7
139,0.5517627000808716,15,7
140,0.5517627000808716,15,7
141,0.5517627000808716,15,7
142,0.5517627000808716,15,7
143,0.5517627000808716,15,7
144,0.5517627000808716,15,7
145,0.5517627000808716,15,7
146,0.5517627000808716,15,7
147,0.5517627000808716,15,7
148,0.5517627000808716,15,7
149,0.5517627000808716,15,7
150,0.5517627000808716,15,7
151,0.5517627000808716,15,7
152,0.5517627000808716,15,7
153,0.5517627000808716,15,7
154,0.5517627000808716,15,7
155,0.565862625837326,15,7
156,0.565862625837326,15,7
157,0.565862625837326,15,7
158,0.565862625837326,15,7
159,0.565862625837326,15,7
160,0.565862625837326,15,7
161,0.565862625837326,15,7
162,0.565862625837326,15,7
163,0.565862625837326,15,7
164,0.6011681258678436,15,7
165,0.6011681258678436,15,7
166,0.6011681258678436,15,7
167,0.6011681258678436,15,7
168,0.6880069971084595,15,7
169,0.6880069971084595,15,7
170,0.6880069971084595,15,7
171,0.6880069971084595,15,7
172,0.6880069971084595,15,7
173,0.6880069971084595,15,7
174,0.6880069971084595,15,7
175,0.6880069971084595,15,7
176,0.6880069971084595,15,7
177,0.6880069971084595,15,7
178,0.6880069971084595,15,7
179,0.6880069971084595,15,7
180,0.6880069971084595,15,7
181,0.6880069971084595,15,7
182,0.6880069971084595,15,7
183,0.6880069971084595,15,7
184,0.6880069971084595,15,7
185,0.6880069971084595,15,7
186,0.6880069971084595,15,7
187,0.6880069971084595,15,7
188,0.6880069971084595,15,7
189,0.6880069971084595,15,7
190,0.6880069971084595,15,7
191,0.6880069971084595,15,7
192,0.6880069971084595,15,7
193,0.6880069971084595,15,7
194,0.6880069971084595,15,7
195,0.6880069971084595,15,7
196,0.6880069971084595,15,7
197,0.6880069971084595,15,7
198,0.6880069971084595,15,7
199,0.7251409292221069,15,7
200,0.7251409292221069,15,7
1,4.649162292480469e-06,9,8
2,5.9604644775390625e-06,10,8
3,9.775161743164062e-06,14,8
4,5.125999450683594e-05,14,8
5,5.125999450683594e-05,14,8
6,5.125999450683594e-05,14,8
7,0.00024574995040893555,15,8
8,0.0015414953231811523,15,8
9,0.0015414953231811523,15,8
10,0.0015414953231811523,15,8
11,0.0015414953231811523,15,8
12,0.0015414953231811523,15,8
13,0.0015414953231811523,15,8
14,0.0015414953231811523,15,8
15,0.0015414953231811523,15,8
16,0.0015414953231811523,15,8
17,0.0015414953231811523,15,8
18,0.0015414953231811523,15,8
19,0.0015414953231811523,15,8
20,0.0015414953231811523,15,8
21,0.0015938878059387207,15,8
22,0.004302263259887695,15,8
23,0.004302263259887695,15,8
24,0.004302263259887695,15,8
25,0.004302263259887695,15,8
26,0.004302263259887695,15,8
27,0.004302263259887695,15,8
28,0.004302263259887695,15,8
29,0.004302263259887695,15,8
30,0.004302263259887695,15,8
31,0.0073111653327941895,15,8
32,0.0073111653327941895,15,8
33,0.01602351665496826,15,8
34,0.01602351665496826,15,8
35,0.01602351665496826,15,8
36,0.01602351665496826,15,8
37,0.03887408971786499,15,8
38,0.03887408971786499,15,8
39,0.03887408971786499,15,8
40,0.03887408971786499,15,8
41,0.03887408971786499,15,8
42,0.03887408971786499,15,8
43,0.03887408971786499,15,8
44,0.03887408971786499,15,8
45,0.09652101993560791,15,8
46,0.09652101993560791,15,8
47,0.09652101993560791,15,8
48,0.09652101993560791,15,8
49,0.09652101993560791,15,8
50,0.09652101993560791,15,8
51,0.09652101993560791,15,8
52,0.09652101993560791,15,8
53,0.09652101993560791,15,8
54,0.09652101993560791,15,8
55,0.09652101993560791,15,8
56,0.09652101993560791,15,8
57,0.09652101993560791,15,8
58,0.09652101993560791,15,8
59,0.09652101993560791,15,8
60,0.13269227743148804,15,8
61,0.21998131275177002,15,8
62,0.2317156195640564,15,8
63,0.2317156195640564,15,8
64,0.2317156195640564,15,8
65,0.23260486125946045,15,8
66,0.23260486125946045,15,8
67,0.23260486125946045,15,8
68,0.23260486125946045,15,8
69,0.23260486125946045,15,8
70,0.23260486125946045,15,8
71,0.23260486125946045,15,8
72,0.24631232023239136,15,8
73,0.24631232023239136,15,8
74,0.24631232023239136,15,8
75,0.24631232023239136,15,8
76,0.24631232023239136,15,8
77,0.24631232023239136,15,8
78,0.3778453469276428,15,8
79,0.3778453469276428,15,8
80,0.3778453469276428,15,8
81,0.3778453469276428,15,8
82,0.8196020871400833,15,8
83,0.8196020871400833,15,8
84,0.8196020871400833,15,8
85,0.8196020871400833,15,8
86,0.8196020871400833,15,8
87,0.8196020871400833,15,8
88,0.8357403427362442,15,8
89,0.8357403427362442,15,8
90,0.8357403427362442,15,8
91,0.8357403427362442,15,8
92,0.8357403427362442,15,8
93,0.8357403427362442,15,8
94,0.8357403427362442,15,8
95,0.8357403427362442,15,8
96,0.8357403427362442,15,8
97,0.8357403427362442,15,8
98,0.8357403427362442,15,8
99,0.8357403427362442,15,8
100,0.8357403427362442,15,8
101,0.8357403427362442,15,8
102,0.8357403427362442,15,8
103,0.8357403427362442,15,8
104,0.8357403427362442,15,8
105,0.8357403427362442,15,8
106,0.8357403427362442,15,8
107,0.8357403427362442,15,8
108,0.8357403427362442,15,8
109,0.8357403427362442,15,8
110,0.8357403427362442,15,8
111,0.8357403427362442,15,8
112,0.8357403427362442,15,8
113,0.8357403427362442,15,8
114,0.8357403427362442,15,8
115,0.8357403427362442,15,8
116,0.8357403427362442,15,8
117,0.9779565185308456,15,8
118,0.9779565185308456,15,8
119,0.9779565185308456,15,8
120,0.9793172050267458,15,8
121,0.9793172050267458,15,8
122,0.9793172050267458,15,8
123,0.9793172050267458,15,8
124,0.9793172050267458,15,8
125,0.9800164327025414,14,8
126,0.9897246602922678,15,8
127,0.9941431111656129,14,8
128,0.9941431111656129,14,8
129,0.9941431111656129,14,8
130,0.9941431111656129,14,8
131,0.9941431111656129,14,8
132,0.9941431111656129,14,8
133,0.9941431111656129,14,8
134,0.9941431111656129,14,8
135,0.9941431111656129,14,8
136,0.9941431111656129,14,8
137,0.9941431111656129,14,8
138,0.9941431111656129,14,8
139,0.9941431111656129,14,8
140,0.9941431111656129,14,8
141,0.9941431111656129,14,8
142,0.9941431111656129,14,8
143,0.9941431111656129,14,8
144,0.9941431111656129,14,8
145,0.9941431111656129,14,8
146,0.9941431111656129,14,8
147,0.9941431111656129,14,8
148,0.9941431111656129,14,8
149,0.9976613710168749,15,8
150,0.9976613710168749,15,8
151,0.9983118862146512,15,8
152,0.9983118862146512,15,8
153,0.9983118862146512,15,8
154,0.9983118862146512,15,8
155,0.9983118862146512,15,8
156,0.9983118862146512,15,8
157,0.9983118862146512,15,8
158,0.9983118862146512,15,8
159,0.9983118862146512,15,8
160,0.9983118862146512,15,8
161,0.9983118862146512,15,8
162,0.9983118862146512,15,8
163,0.9983118862146512,15,8
164,0.9983118862146512,15,8
165,0.9983118862146512,15,8
166,0.9983118862146512,15,8
167,0.9983118862146512,15,8
168,0.9983118862146512,15,8
169,0.9984709840500727,15,8
170,0.9984709840500727,15,8
171,0.9984709840500727,15,8
172,0.9984709840500727,15,8
173,0.9995204564766027,15,8
174,0.9995204564766027,15,8
175,0.9995204564766027,15,8
176,0.9995204564766027,15,8
177,0.9995204564766027,15,8
178,0.9995204564766027,15,8
179,0.9995204564766027,15,8
180,0.9995204564766027,15,8
181,0.9995204564766027,15,8
182,0.9995204564766027,15,8
183,0.9995204564766027,15,8
184,0.9995204564766027,15,8
185,0.9995204564766027,15,8
186,0.9995204564766027,15,8
187,0.9995204564766027,15,8
188,0.9995204564766027,15,8
189,0.9995204564766027,15,8
190,0.9995204564766027,15,8
191,0.9995204564766027,15,8
192,0.9995204564766027,15,8
193,0.9995204564766027,15,8
194,0.9995204564766027,15,8
195,0.9995204564766027,15,8
196,0.9995204564766027,15,8
197,0.9995204564766027,15,8
198,0.9995204564766027,15,8
199,0.9995204564766027,15,8
200,0.9995204564766027,15,8
1,2.014636993408203e-05,12,9
2,2.276897430419922e-05,4,9
3,5.233287811279297e-05,11,9
4,0.000549614429473877,13,9
5,0.001978278160095215,13,9
6,0.001978278160095215,13,9
7,0.001978278160095215,13,9
8,0.005407512187957764,12,9
9,0.007220208644866943,15,9
10,0.02502274513244629,12,9
11,0.02502274513244629,12,9
12,0.02502274513244629,12,9
13,0.02502274513244629,12,9
14,0.1975303292274475,14,9
15,0.1975303292274475,14,9
16,0.1975303292274475,14,9
17,0.7020376324653625,14,9
18,0.7020376324653625,14,9
19,0.7020376324653625,14,9
20,0.9228689074516296,15,9
21,0.9228689074516296,15,9
22,0.9228689074516296,15,9
23,0.9228689074516296,15,9
24,0.9228689074516296,15,9
25,0.9228689074516296,15,9
26,0.9228689074516296,15,9
27,0.9228689074516296,15,9
28,0.9228689074516296,15,9
29,0.9228689074516296,15,9
30,0.9228689074516296,15,9
31,0.9228689074516296,15,9
32,0.9228689074516296,15,9
33,0.9228689074516296,15,9
34,0.9228689074516296,15,9
35,0.9228689074516296,15,9
36,0.9228689074516296,15,9
37,0.9228689074516296,15,9
38,0.9228689074516296,15,9
39,0.9228689074516296,15,9
40,0.9228689074516296,15,9
41,0.9434138424694538,15,9
42,0.9434138424694538,15,9
43,0.9434138424694538,15,9
44,0.9434138424694538,15,9
45,0.9434138424694538,15,9
46,0.9434138424694538,15,9
47,0.9434138424694538,15,9
48,0.9434138424694538,15,9
49,0.9434138424694538,15,9
50,0.9434138424694538,15,9
51,0.9434138424694538,15,9
52,0.9434138424694538,15,9
53,0.9434138424694538,15,9
54,0.9434138424694538,15,9
55,0.969352388754487,14,9
56,0.969352388754487,14,9
57,0.969352388754487,14,9
58,0.969352388754487,14,9
59,0.969352388754487,14,9
60,0.969352388754487,14,9
61,0.969352388754487,14,9
62,0.969352388754487,14,9
63,0.969352388754487,14,9
64,0.969352388754487,14,9
65,0.9820932820439339,15,9
66,0.9820932820439339,15,9
67,0.9820932820439339,15,9
68,0.9820932820439339,15,9
69,0.9820932820439339,15,9
70,0.9820932820439339,15,9
71,0.9820932820439339,15,9
72,0.9820932820439339,15,9
73,0.9820932820439339,15,9
74,0.9820932820439339,15,9
75,0.9820932820439339,15,9
76,0.9820932820439339,15,9
77,0.9827242325991392,15,9
78,0.9827242325991392,15,9
79,0.9827242325991392,15,9
80,0.9827242325991392,15,9
81,0.9827242325991392,15,9
82,0.9827242325991392,15,9
83,0.9827242325991392,15,9
84,0.9827242325991392,15,9
85,0.9837332554161549,15,9
86,0.9850321309641004,15,9
87,0.9850321309641004,15,9
88,0.9850321309641004,15,9
89,0.9886754332110286,15,9
90,0.9886754332110286,15,9
91,0.9886754332110286,15,9
92,0.9886754332110286,15,9
93,0.9886754332110286,15,9
94,0.9886754332110286,15,9
95,0.9886754332110286,15,9
96,0.9886754332110286,15,9
97,0.9886754332110286,15,9
98,0.9899016609415412,15,9
99,0.9899016609415412,15,9
100,0.9899016609415412,15,9
101,0.9899016609415412,15,9
102,0.9899016609415412,15,9
103,0.9899016609415412,15,9
104,0.9899016609415412,15,9
105,0.9907601494342089,15,9
106,0.9967704745940864,15,9
107,0.9967704745940864,15,9
108,0.9967704745940864,15,9
109,0.9967704745940864,15,9
110,0.9967704745940864,15,9
111,0.9967704745940864,15,9
112,0.9967704745940864,15,9
113,0.9967704745940864,15,9
114,0.9967704745940864,15,9
115,0.9967704745940864,15,9
116,0.9967704745940864,15,9
117,0.9967704745940864,15,9
118,0.9967704745940864,15,9
119,0.9967704745940864,15,9
120,0.9967704745940864,15,9
121,0.9969071573577821,15,9
122,0.9969071573577821,15,9
123,0.9969071573577821,15,9
124,0.9969071573577821,15,9
125,0.9969071573577821,15,9
126,0.9969071573577821,15,9
127,0.9969071573577821,15,9
128,0.9969071573577821,15,9
129,0.9969071573577821,15,9
130,0.9969071573577821,15,9
131,0.9969071573577821,15,9
132,0.9969071573577821,15,9
133,0.9969071573577821,15,9
134,0.9969071573577821,15,9
135,0.9969071573577821,15,9
136,0.9969071573577821,15,9
137,0.9969071573577821,15,9
138,0.9969071573577821,15,9
139,0.9969071573577821,15,9
140,0.9969071573577821,15,9
141,0.9969071573577821,15,9
142,0.9969071573577821,15,9
143,0.9969071573577821,15,9
144,0.9969071573577821,15,9
145,0.9969071573577821,15,9
146,0.9969071573577821,15,9
147,0.9981301347725093,15,9
148,0.9981301347725093,15,9
149,0.9981301347725093,15,9
150,0.9981301347725093,15,9
151,0.9981301347725093,15,9
152,0.9981301347725093,15,9
153,0.9981301347725093,15,9
154,0.9981301347725093,15,9
155,0.9981301347725093,15,9
156,0.9981301347725093,15,9
157,0.9981301347725093,15,9
158,0.9985129365231842,15,9
159,0.9985129365231842,15,9
160,0.9985129365231842,15,9
161,0.9985129365231842,15,9
162,0.9985129365231842,15,9
163,0.9985129365231842,15,9
164,0.9985129365231842,15,9
165,0.9985129365231842,15,9
166,0.9985129365231842,15,9
167,0.9985129365231842,15,9
168,0.9985129365231842,15,9
169,0.9985129365231842,15,9
170,0.9985129365231842,15,9
171,0.9985129365231842,15,9
172,0.9987865468719974,15,9
173,0.9992983455886133,15,9
174,0.9992983455886133,15,9
175,0.9992983455886133,15,9
176,0.9992983455886133,15,9
177,0.9992983455886133,15,9
178,0.9992983455886133,15,9
179,0.9992983455886133,15,9
180,0.9992983455886133,15,9
181,0.9996316557517275,15,9
182,0.9996316557517275,15,9
183,0.9996316557517275,15,9
184,0.9996316557517275,15,9
185,0.9996316557517275,15,9
186,0.9996316557517275,15,9
187,0.9996316557517275,15,9
188,0.9996316557517275,15,9
189,0.9996316557517275,15,9
190,0.9996316557517275,15,9
191,0.9996316557517275,15,9
192,0.9996316557517275,15,9
193,0.9996316557517275,15,9
194,0.9999689060932724,15,9
195,0.9999689060932724,15,9
196,0.9999689060932724,15,9
197,0.9999689060932724,15,9
198,0.9999689060932724,15,9
199,0.9999689060932724,15,9
200,0.9999689060932724,15,9
1,1.8835067749023438e-05,10,10
2,2.8371810913085938e-05,2,10
3,0.00012767314910888672,15,10
4,0.00032961368560791016,15,10
5,0.00032961368560791016,15,10
6,0.00032961368560791016,15,10
7,0.0003305673599243164,15,10
8,0.0004093050956726074,12,10
9,0.002305924892425537,15,10
10,0.002305924892425537,15,10
11,0.002305924892425537,15,10
12,0.002394437789916992,15,10
13,0.002394437789916992,15,10
14,0.002394437789916992,15,10
15,0.002394437789916992,15,10
16,0.002836883068084717,15,10
17,0.004085838794708252,15,10
18,0.03309476375579834,15,10
19,0.03309476375579834,15,10
20,0.03309476375579834,15,10
21,0.03309476375579834,15,10
22,0.03309476375579834,15,10
23,0.07527279853820801,14,10
24,0.23537445068359375,15,10
25,0.23537445068359375,15,10
26,0.23537445068359375,15,10
27,0.23537445068359375,15,10
28,0.2906185984611511,15,10
29,0.2906185984611511,15,10
30,0.45378750562667847,15,10
31,0.45378750562667847,15,10
32,0.45378750562667847,15,10
33,0.5585352182388306,15,10
34,0.5585352182388306,15,10
35,0.5585352182388306,15,10
36,0.5585352182388306,15,10
37,0.5585352182388306,15,10
38,0.5585352182388306,15,10
39,0.5585352182388306,15,10
40,0.5585352182388306,15,10
41,0.6503262221813202,15,10
42,0.6503262221813202,15,10
43,0.6503262221813202,15,10
44,0.6503262221813202,15,10
45,0.6623222827911377,15,10
46,0.6623222827911377,15,10
47,0.6623222827911377,15,10
48,0.967827420681715,15,10
49,0.967827420681715,15,10
50,0.967827420681715,15,10
51,0.967827420681715,15,10
52,0.9709942117333412,15,10
53,0.9709942117333412,15,10
54,0.9709942117333412,15,10
55,0.9709942117333412,15,10
56,0.9709942117333412,15,10
57,0.9709942117333412,15,10
58,0.9709942117333412,15,10
59,0.9709942117333412,15,10
60,0.9709942117333412,15,10
61,0.9709942117333412,15,10
62,0.9709942117333412,15,10
63,0.9709942117333412,15,10
64,0.9709942117333412,15,10
65,0.9709942117333412,15,10
66,0.9709942117333412,15,10
67,0.9709942117333412,15,10
68,0.9709942117333412,15,10
69,0.9709942117333412,15,10
70,0.9709942117333412,15,10
71,0.9709942117333412,15,10
72,0.9709942117333412,15,10
73,0.9709942117333412,15,10
74,0.9709942117333412,15,10
75,0.9709942117333412,15,10
76,0.9709942117333412,15,10
77,0.9709942117333412,15,10
78,0.9709942117333412,15,10
79,0.9709942117333412,15,10
80,0.9709942117333412,15,10
81,0.9709942117333412,15,10
82,0.9709942117333412,15,10
83,0.9709942117333412,15,10
84,0.9709942117333412,15,10
85,0.9709942117333412,15,10
86,0.9709942117333412,15,10
87,0.9709942117333412,15,10
88,0.9715492315590382,15,10
89,0.9715492315590382,15,10
90,0.9715492315590382,15,10
91,0.9715492315590382,15,10
92,0.9715492315590382,15,10
93,0.9715492315590382,15,10
94,0.9715492315590382,15,10
95,0.9959596013650298,15,10
96,0.9959596013650298,15,10
97,0.9959596013650298,15,10
98,0.9959596013650298,15,10
99,0.9959596013650298,15,10
100,0.9959596013650298,15,10
101,0.9959596013650298,15,10
102,0.9959596013650298,15,10
103,0.9959596013650298,15,10
104,0.9959596013650298,15,10
105,0.9959596013650298,15,10
106,0.9959596013650298,15,10
107,0.9959596013650298,15,10
108,0.9964106634724885,15,10
109,0.9964106634724885,15,10
110,0.9964106634724885,15,10
111,0.9964106634724885,15,10
112,0.9964106634724885,15,10
113,0.9964106634724885,15,10
114,0.9973802815657109,15,10
115,0.9973802815657109,15,10
116,0.9973802815657109,15,10
117,0.9973802815657109,15,10
118,0.9973802815657109,15,10
119,0.9973802815657109,15,10
120,0.9973802815657109,15,10
121,0.9973802815657109,15,10
122,0.9973802815657109,15,10
123,0.9973802815657109,15,10
124,0.9973802815657109,15,10
125,0.9973802815657109,15,10
126,0.9973802815657109,15,10
127,0.9973802815657109,15,10
128,0.9973802815657109,15,10
129,0.9976051996927708,15,10
130,0.9976051996927708,15,10
131,0.9976051996927708,15,10
132,0.9976051996927708,15,10
133,0.9976051996927708,15,10
134,0.9976051996927708,15,10
135,0.9976051996927708,15,10
136,0.9976051996927708,15,10
137,0.9976051996927708,15,10
138,0.9976051996927708,15,10
139,0.9976051996927708,15,10
140,0.9976051996927708,15,10
141,0.9976051996927708,15,10
142,0.9976051996927708,15,10
143,0.9976051996927708,15,10
144,0.9976051996927708,15,10
145,0.9976051996927708,15,10
146,0.9976051996927708,15,10
147,0.9976051996927708,15,10
148,0.9976051996927708,15,10
149,0.9976051996927708,15,10
150,0.9976051996927708,15,10
151,0.9976051996927708,15,10
152,0.9976051996927708,15,10
153,0.9976051996927708,15,10
154,0.9976051996927708,15,10
155,0.9976051996927708,15,10
156,0.9976051996927708,15,10
157,0.9976051996927708,15,10
158,0.9993951387004927,15,10
159,0.9993951387004927,15,10
160,0.9993951387004927,15,10
161,0.9993951387004927,15,10
162,0.9993951387004927,15,10
163,0.9993951387004927,15,10
164,0.9993951387004927,15,10
165,0.9993951387004927,15,10
166,0.9993951387004927,15,10
167,0.9993951387004927,15,10
168,0.9993951387004927,15,10
169,0.9993951387004927,15,10
170,0.9993951387004927,15,10
171,0.9993951387004927,15,10
172,0.9993951387004927,15,10
173,0.9993951387004927,15,10
174,0.9993951387004927,15,10
175,0.9993951387004927,15,10
176,0.9993951387004927,15,10
177,0.9993951387004927,15,10
178,0.9993951387004927,15,10
179,0.9993951387004927,15,10
180,0.9993951387004927,15,10
181,0.9993951387004927,15,10
182,0.9993951387004927,15,10
183,0.9993951387004927,15,10
184,0.9993951387004927,15,10
185,0.9993951387004927,15,10
186,0.9993951387004927,15,10
187,0.9993951387004927,15,10
188,0.9993951387004927,15,10
189,0.9993951387004927,15,10
190,0.9993951387004927,15,10
191,0.9993951387004927,15,10
192,0.9993951387004927,15,10
193,0.9993951387004927,15,10
194,0.9996058465912938,15,10
195,0.9996058465912938,15,10
196,0.9996058465912938,15,10
197,0.9996058465912938,15,10
198,0.9996058465912938,15,10
199,0.9996058465912938,15,10
200,0.9996058465912938,15,10
1,0.014081954956054688,14,11
2,0.014081954956054688,14,11
3,0.018748164176940918,10,11
4,0.027501821517944336,10,11
5,0.027501821517944336,10,11
6,0.027501821517944336,10,11
7,0.0365757942199707,14,11
8,0.1613953709602356,15,11
9,0.1613953709602356,15,11
10,0.1613953709602356,15,11
11,0.5246800482273102,14,11
12,0.5288881659507751,14,11
13,0.5288881659507751,14,11
14,0.5288881659507751,14,11
15,0.5288881659507751,14,11
16,0.5288881659507751,14,11
17,0.5288881659507751,14,11
18,0.5288881659507751,14,11
19,0.5323329269886017,14,11
20,0.5323329269886017,14,11
21,0.5323329269886017,14,11
22,0.6297461986541748,14,11
23,0.6297461986541748,14,11
24,0.6297461986541748,14,11
25,0.6899003684520721,15,11
26,0.6899003684520721,15,11
27,0.6899003684520721,15,11
28,0.6899003684520721,15,11
29,0.6899003684520721,15,11
30,0.6899003684520721,15,11
31,0.6899003684520721,15,11
32,0.6899003684520721,15,11
33,0.6899003684520721,15,11
34,0.6899003684520721,15,11
35,0.6899003684520721,15,11
36,0.6899003684520721,15,11
37,0.6899003684520721,15,11
38,0.6899003684520721,15,11
39,0.7648751437664032,15,11
40,0.7648751437664032,15,11
41,0.8095040321350098,15,11
42,0.8095040321350098,15,11
43,0.8095040321350098,15,11
44,0.899210199713707,15,11
45,0.899210199713707,15,11
46,0.899210199713707,15,11
47,0.899210199713707,15,11
48,0.899210199713707,15,11
49,0.899210199713707,15,11
50,0.899210199713707,15,11
51,0.899210199713707,15,11
52,0.899210199713707,15,11
53,0.899210199713707,15,11
54,0.899210199713707,15,11
55,0.899210199713707,15,11
56,0.899210199713707,15,11
57,0.9096551910042763,14,11
58,0.9096551910042763,14,11
59,0.9096551910042763,14,11
60,0.9096551910042763,14,11
61,0.9299949929118156,15,11
62,0.9405819624662399,15,11
63,0.9405819624662399,15,11
64,0.9405819624662399,15,11
65,0.9405819624662399,15,11
66,0.9429728537797928,14,11
67,0.9429728537797928,14,11
68,0.9489970356225967,15,11
69,0.9489970356225967,15,11
70,0.9571208916604519,15,11
71,0.9571208916604519,15,11
72,0.9571208916604519,15,11
73,0.9584499225020409,15,11
74,0.9584499225020409,15,11
75,0.9584499225020409,15,11
76,0.9584499225020409,15,11
77,0.9584499225020409,15,11
78,0.9719721712172031,15,11
79,0.9719721712172031,15,11
80,0.9719721712172031,15,11
81,0.9719721712172031,15,11
82,0.9801612626761198,15,11
83,0.9801612626761198,15,11
84,0.9801612626761198,15,11
85,0.9801612626761198,15,11
86,0.9801612626761198,15,11
87,0.9868689514696598,15,11
88,0.9868689514696598,15,11
89,0.9868689514696598,15,11
90,0.9868689514696598,15,11
91,0.9868689514696598,15,11
92,0.9868689514696598,15,11
93,0.9868689514696598,15,11
94,0.9868689514696598,15,11
95,0.9874703325331211,14,11
96,0.9874703325331211,14,11
97,0.9874703325331211,14,11
98,0.9884734097868204,15,11
99,0.9884734097868204,15,11
100,0.9884734097868204,15,11
101,0.9884734097868204,15,11
102,0.9884734097868204,15,11
103,0.9884734097868204,15,11
104,0.9884734097868204,15,11
105,0.9884734097868204,15,11
106,0.9884734097868204,15,11
107,0.9884734097868204,15,11
108,0.9884734097868204,15,11
109,0.9884734097868204,15,11
110,0.9884734097868204,15,11
111,0.988750284537673,15,11
112,0.9929952789098024,15,11
113,0.9929952789098024,15,11
114,0.9929952789098024,15,11
115,0.9929952789098024,15,11
116,0.9929952789098024,15,11
117,0.9929952789098024,15,11
118,0.9929952789098024,15,11
119,0.9929952789098024,15,11
120,0.9929952789098024,15,11
121,0.9929952789098024,15,11
122,0.9929952789098024,15,11
123,0.9929952789098024,15,11
124,0.9929952789098024,15,11
125,0.9937780587933958,15,11
126,0.9937780587933958,15,11
127,0.9946573018096387,15,11
128,0.9946573018096387,15,11
129,0.9946573018096387,15,11
130,0.9946573018096387,15,11
131,0.9946573018096387,15,11
132,0.9946573018096387,15,11
133,0.9951940872706473,15,11
134,0.9951940872706473,15,11
135,0.9951940872706473,15,11
136,0.9951940872706473,15,11
137,0.9951940872706473,15,11
138,0.9951940872706473,15,11
139,0.9951940872706473,15,11
140,0.9951940872706473,15,11
141,0.9951940872706473,15,11
142,0.996233438141644,15,11
143,0.9970313762314618,15,11
144,0.9970313762314618,15,11
145,0.9970313762314618,15,11
146,0.9970313762314618,15,11
147,0.9970313762314618,15,11
148,0.9970313762314618,15,11
149,0.9970313762314618,15,11
150,0.9970313762314618,15,11
151,0.9970313762314618,15,11
152,0.9970313762314618,15,11
153,0.9970313762314618,15,11
154,0.9970313762314618,15,11
155,0.9970313762314618,15,11
156,0.9970313762314618,15,11
157,0.9970313762314618,15,11
158,0.9970313762314618,15,11
159,0.9970313762314618,15,11
160,0.9970313762314618,15,11
161,0.9970313762314618,15,11
162,0.9970313762314618,15,11
163,0.9971555150114,15,11
164,0.9971555150114,15,11
165,0.9971555150114,15,11
166,0.9971555150114,15,11
167,0.9971555150114,15,11
168,0.9971555150114,15,11
169,0.9971555150114,15,11
170,0.9971555150114,15,11
171,0.9989896119805053,15,11
172,0.9989896119805053,15,11
173,0.9989896119805053,15,11
174,0.9989896119805053,15,11
175,0.9989896119805053,15,11
176,0.9989896119805053,15,11
177,0.9989896119805053,15,11
178,0.9989896119805053,15,11
179,0.9989896119805053,15,11
180,0.9990204011555761,15,11
181,0.9990204011555761,15,11
182,0.9990204011555761,15,11
183,0.9991530518746004,15,11
184,0.9991530518746004,15,11
185,0.9991530518746004,15,11
186,0.9991530518746004,15,11
187,0.9991530518746004,15,11
188,0.9991530518746004,15,11
189,0.9991530518746004,15,11
190,0.9991530518746004,15,11
191,0.9991530518746004,15,11
192,0.9991530518746004,15,11
193,0.9992422894574702,15,11
194,0.9992422894574702,15,11
195,0.9992422894574702,15,11
196,0.9992422894574702,15,11
197,0.9992422894574702,15,11
198,0.9992422894574702,15,11
199,0.9992422894574702,15,11
200,0.9992422894574702,15,11
1,0.0028377175331115723,12,12
2,0.0028377175331115723,12,12
3,0.004346966743469238,15,12
4,0.004346966743469238,15,12
5,0.009508967399597168,14,12
6,0.009508967399597168,14,12
7,0.019925236701965332,14,12
8,0.019925236701965332,14,12
9,0.019925236701965332,14,12
10,0.019925236701965332,14,12
11,0.07527762651443481,15,12
12,0.07527762651443481,15,12
13,0.07527762651443481,15,12
14,0.1959388256072998,15,12
15,0.1959388256072998,15,12
16,0.1959388256072998,15,12
17,0.1959388256072998,15,12
18,0.1959388256072998,15,12
19,0.1959388256072998,15,12
20,0.1959388256072998,15,12
21,0.1959388256072998,15,12
22,0.1959388256072998,15,12
23,0.1961231827735901,14,12
24,0.1961231827735901,14,12
25,0.1961231827735901,14,12
26,0.1961231827735901,14,12
27,0.1961231827735901,14,12
28,0.1961231827735901,14,12
29,0.1961231827735901,14,12
30,0.1961231827735901,14,12
31,0.1961231827735901,14,12
32,0.23610717058181763,15,12
33,0.23610717058181763,15,12
34,0.23610717058181763,15,12
35,0.23610717058181763,15,12
36,0.2758132815361023,15,12
37,0.2758132815361023,15,12
38,0.2758132815361023,15,12
39,0.2758132815361023,15,12
40,0.2758132815361023,15,12
41,0.2758132815361023,15,12
42,0.2758132815361023,15,12
43,0.3461516499519348,15,12
44,0.3461516499519348,15,12
45,0.3461516499519348,15,12
46,0.3461516499519348,15,12
47,0.3461516499519348,15,12
48,0.3595578074455261,15,12
49,0.3595578074455261,15,12
50,0.3595578074455261,15,12
51,0.3595578074455261,15,12
52,0.3595578074455261,15,12
53,0.3595578074455261,15,12
54,0.4231799840927124,15,12
55,0.4231799840927124,15,12
56,0.4231799840927124,15,12
57,0.4231799840927124,15,12
58,0.4231799840927124,15,12
59,0.4231799840927124,15,12
60,0.4231799840927124,15,12
61,0.5104398727416992,15,12
62,0.5362450778484344,15,12
63,0.7054595053195953,15,12
64,0.7692601382732391,15,12
65,0.7692601382732391,15,12
66,0.7692601382732391,15,12
67,0.7692601382732391,15,12
68,0.7692601382732391,15,12
69,0.7692601382732391,15,12
70,0.7692601382732391,15,12
71,0.7692601382732391,15,12
72,0.7692601382732391,15,12
73,0.7692601382732391,15,12
74,0.7692601382732391,15,12
75,0.7692601382732391,15,12
76,0.7692601382732391,15,12
77,0.7692601382732391,15,12
78,0.7692601382732391,15,12
79,0.7692601382732391,15,12
80,0.7692601382732391,15,12
81,0.7692601382732391,15,12
82,0.7692601382732391,15,12
83,0.7692601382732391,15,12
84,0.7692601382732391,15,12
85,0.8621739447116852,15,12
86,0.8621739447116852,15,12
87,0.8621739447116852,15,12
88,0.8621739447116852,15,12
89,0.9688459224998951,15,12
90,0.9688459224998951,15,12
91,0.9688459224998951,15,12
92,0.9688459224998951,15,12
93,0.9688459224998951,15,12
94,0.9688459224998951,15,12
95,0.9688459224998951,15,12
96,0.9688459224998951,15,12
97,0.9734614379703999,15,12
98,0.9734614379703999,15,12
99,0.9734614379703999,15,12
100,0.9734614379703999,15,12
101,0.9758565332740545,15,12
102,0.9758565332740545,15,12
103,0.9758565332740545,15,12
104,0.9758565332740545,15,12
105,0.9758565332740545,15,12
106,0.9758565332740545,15,12
107,0.9758565332740545,15,12
108,0.9758565332740545,15,12
109,0.9758565332740545,15,12
110,0.9758565332740545,15,12
111,0.9758565332740545,15,12
112,0.9792566541582346,15,12
113,0.9792566541582346,15,12
114,0.9792566541582346,15,12
115,0.9792566541582346,15,12
116,0.9792566541582346,15,12
117,0.9854993373155594,15,12
118,0.9854993373155594,15,12
119,0.9854993373155594,15,12
120,0.9854993373155594,15,12
121,0.9854993373155594,15,12
122,0.9854993373155594,15,12
123,0.9854993373155594,15,12
124,0.9854993373155594,15,12
125,0.9854993373155594,15,12
126,0.9854993373155594,15,12
127,0.9854993373155594,15,12
128,0.9854993373155594,15,12
129,0.9854993373155594,15,12
130,0.9854993373155594,15,12
131,0.9854993373155594,15,12
132,0.9854993373155594,15,12
133,0.9854993373155594,15,12
134,0.9854993373155594,15,12
135,0.9854993373155594,15,12
136,0.9854993373155594,15,12
137,0.9854993373155594,15,12
138,0.9854993373155594,15,12
139,0.9854993373155594,15,12
140,0.9863737123087049,15,12
141,0.9863737123087049,15,12
142,0.9863737123087049,15,12
143,0.9863737123087049,15,12
144,0.9863737123087049,15,12
145,0.9863737123087049,15,12
146,0.9863737123087049,15,12
147,0.9863737123087049,15,12
148,0.9873886788263917,15,12
149,0.9873886788263917,15,12
150,0.9873886788263917,15,12
151,0.9873886788263917,15,12
152,0.9873886788263917,15,12
153,0.9893940901383758,15,12
154,0.9893940901383758,15,12
155,0.9893940901383758,15,12
156,0.9893940901383758,15,12
157,0.9893940901383758,15,12
158,0.9893940901383758,15,12
159,0.9893940901383758,15,12
160,0.9893940901383758,15,12
161,0.9893940901383758,15,12
162,0.9893940901383758,15,12
163,0.9893940901383758,15,12
164,0.9893940901383758,15,12
165,0.9893940901383758,15,12
166,0.9893940901383758,15,12
167,0.9893940901383758,15,12
168,0.9893940901383758,15,12
169,0.9893940901383758,15,12
170,0.9893940901383758,15,12
171,0.9893940901383758,15,12
172,0.9893940901383758,15,12
173,0.9893940901383758,15,12
174,0.9893940901383758,15,12
175,0.9893940901383758,15,12
176,0.9893940901383758,15,12
177,0.9893940901383758,15,12
178,0.9893940901383758,15,12
179,0.9893940901383758,15,12
180,0.9893940901383758,15,12
181,0.9893940901383758,15,12
182,0.9893940901383758,15,12
183,0.9925828934647143,15,12
184,0.9925828934647143,15,12
185,0.9925951072946191,15,12
186,0.9925951072946191,15,12
187,0.9925951072946191,15,12
188,0.9925951072946191,15,12
189,0.9925951072946191,15,12
190,0.9925951072946191,15,12
191,0.9925951072946191,15,12
192,0.9925951072946191,15,12
193,0.9925951072946191,15,12
194,0.9925951072946191,15,12
195,0.9951952979899943,15,12
196,0.9951952979899943,15,12
197,0.9951952979899943,15,12
198,0.9951952979899943,15,12
199,0.9951952979899943,15,12
200,0.9981173285050318,15,12
1,0.0,13,13
2,0.0,13,13
3,0.0,13,13
4,0.0,13,13
5,0.0,13,13
6,0.0,13,13
7,0.0,13,13
8,0.0,13,13
9,0.0,13,13
10,0.0,13,13
11,0.0,13,13
12,0.0,13,13
13,0.0,13,13
14,0.0,13,13
15,0.0,13,13
16,0.0,13,13
17,0.0,13,13
18,0.0,13,13
19,0.0,13,13
20,0.0,13,13
21,0.0,13,13
22,0.0,13,13
23,0.0,13,13
24,0.0,13,13
25,0.0,13,13
26,0.0,13,13
27,0.0,13,13
28,0.0,13,13
29,0.0,13,13
30,0.0,13,13
31,0.0,13,13
32,0.0,13,13
33,0.0,13,13
34,0.0,13,13
35,0.0,13,13
36,0.0,13,13
37,0.0,13,13
38,0.0,13,13
39,0.0,13,13
40,0.0,13,13
41,0.0,13,13
42,0.0,13,13
43,0.0,13,13
44,0.0,13,13
45,0.0,13,13
46,0.0,13,13
47,0.0,13,13
48,1.1920928955078125e-07,13,13
49,1.1920928955078125e-07,13,13
50,1.1920928955078125e-07,13,13
51,1.1920928955078125e-07,13,13
52,1.1920928955078125e-07,13,13
53,1.1920928955078125e-07,13,13
54,1.1920928955078125e-07,13,13
55,1.1920928955078125e-07,13,13
56,1.1920928955078125e-07,13,13
57,1.1920928955078125e-07,13,13
58,1.1920928955078125e-07,13,13
59,1.1920928955078125e-07,13,13
60,1.1920928955078125e-07,13,13
61,1.1920928955078125e-07,13,13
62,1.1920928955078125e-07,13,13
63,1.1920928955078125e-07,13,13
64,1.1920928955078125e-07,13,13
65,1.1920928955078125e-07,13,13
66,1.1920928955078125e-07,13,13
67,1.1920928955078125e-07,13,13
68,1.1920928955078125e-07,13,13
69,2.384185791015625e-07,14,13
70,2.384185791015625e-07,14,13
71,2.384185791015625e-07,14,13
72,2.384185791015625e-07,14,13
73,2.384185791015625e-07,14,13
74,2.384185791015625e-07,14,13
75,2.384185791015625e-07,15,13
76,2.384185791015625e-07,15,13
77,2.384185791015625e-07,15,13
78,2.384185791015625e-07,15,13
79,2.384185791015625e-07,15,13
80,2.384185791015625e-07,15,13
81,2.384185791015625e-07,15,13
82,2.384185791015625e-07,15,13
83,2.384185791015625e-07,15,13
84,2.384185791015625e-07,15,13
85,3.5762786865234375e-07,15,13
86,3.5762786865234375e-07,15,13
87,3.5762786865234375e-07,15,13
88,4.76837158203125e-07,15,13
89,4.76837158203125e-07,15,13
90,4.76837158203125e-07,15,13
91,4.76837158203125e-07,15,13
92,4.76837158203125e-07,15,13
93,5.960464477539062e-07,15,13
94,5.960464477539062e-07,15,13
95,8.344650268554688e-07,15,13
96,8.344650268554688e-07,15,13
97,1.9073486328125e-06,15,13
98,1.9073486328125e-06,15,13
99,1.9073486328125e-06,15,13
100,2.384185791015625e-06,15,13
101,3.337860107421875e-06,15,13
102,3.337860107421875e-06,15,13
103,3.337860107421875e-06,15,13
104,3.337860107421875e-06,15,13
105,3.933906555175781e-06,15,13
106,4.172325134277344e-06,15,13
107,4.172325134277344e-06,15,13
108,4.410743713378906e-06,15,13
109,4.410743713378906e-06,15,13
110,1.8835067749023438e-05,14,13
111,1.8835067749023438e-05,14,13
112,1.8835067749023438e-05,14,13
113,1.8835067749023438e-05,14,13
114,1.8835067749023438e-05,14,13
115,1.8835067749023438e-05,14,13
116,1.8835067749023438e-05,14,13
117,1.8835067749023438e-05,14,13
118,4.780292510986328e-05,15,13
119,4.780292510986328e-05,15,13
120,4.780292510986328e-05,15,13
121,4.780292510986328e-05,15,13
122,4.780292510986328e-05,15,13
123,4.780292510986328e-05,15,13
124,4.780292510986328e-05,15,13
125,4.780292510986328e-05,15,13
126,7.283687591552734e-05,15,13
127,7.283687591552734e-05,15,13
128,7.283687591552734e-05,15,13
129,7.283687591552734e-05,15,13
130,7.283687591552734e-05,15,13
131,7.283687591552734e-05,15,13
132,7.43865966796875e-05,15,13
133,7.43865966796875e-05,15,13
134,7.43865966796875e-05,15,13
135,7.43865966796875e-05,15,13
136,7.43865966796875e-05,15,13
137,7.43865966796875e-05,15,13
138,8.45193862915039e-05,15,13
139,8.45193862915039e-05,15,13
140,8.45193862915039e-05,15,13
141,8.45193862915039e-05,15,13
142,8.45193862915039e-05,15,13
143,8.547306060791016e-05,15,13
144,0.00010228157043457031,15,13
145,0.00010383129119873047,15,13
146,0.00010383129119873047,15,13
147,0.00012636184692382812,15,13
148,0.00012636184692382812,15,13
149,0.00023001432418823242,15,13
150,0.00023001432418823242,15,13
151,0.00023001432418823242,15,13
152,0.00023001432418823242,15,13
153,0.00023001432418823242,15,13
154,0.0003770589828491211,15,13
155,0.0003770589828491211,15,13
156,0.0003770589828491211,15,13
157,0.0003770589828491211,15,13
158,0.0005684494972229004,15,13
159,0.0005684494972229004,15,13
160,0.0005684494972229004,15,13
161,0.0005684494972229004,15,13
162,0.0005684494972229004,15,13
163,0.0005684494972229004,15,13
164,0.0005684494972229004,15,13
165,0.0008252263069152832,15,13
166,0.0008252263069152832,15,13
167,0.0008252263069152832,15,13
168,0.0008252263069152832,15,13
169,0.0008252263069152832,15,13
170,0.0008892416954040527,15,13
171,0.0009037256240844727,15,13
172,0.001105964183807373,15,13
173,0.001105964183807373,15,13
174,0.001105964183807373,15,13
175,0.001105964183807373,15,13
176,0.001105964183807373,15,13
177,0.001105964183807373,15,13
178,0.001105964183807373,15,13
179,0.0021938681602478027,15,13
180,0.0021938681602478027,15,13
181,0.0021938681602478027,15,13
182,0.0021938681602478027,15,13
183,0.0039057135581970215,15,13
184,0.0039057135581970215,15,13
185,0.0039057135581970215,15,13
186,0.0039057135581970215,15,13
187,0.0039057135581970215,15,13
188,0.004121661186218262,15,13
189,0.004121661186218262,15,13
190,0.00457531213760376,15,13
191,0.004576742649078369,15,13
192,0.004576742649078369,15,13
193,0.004576742649078369,15,13
194,0.004576742649078369,15,13
195,0.004576742649078369,15,13
196,0.004576742649078369,15,13
197,0.004576742649078369,15,13
198,0.004576742649078369,15,13
199,0.004576742649078369,15,13
200,0.004576742649078369,15,13
1,0.0,7,14
2,0.0,7,14
3,0.0,7,14
4,0.0,7,14
5,0.0,7,14
6,0.0,7,14
7,0.0,7,14
8,0.0,7,14
9,0.0,7,14
10,0.0,7,14
11,0.0,7,14
12,0.0,7,14
13,0.0,7,14
14,0.0,7,14
15,0.0,7,14
16,0.0,7,14
17,0.0,7,14
18,0.0,7,14
19,0.0,7,14
20,0.0,7,14
21,0.0,7,14
22,0.0,7,14
23,0.0,7,14
24,0.0,7,14
25,0.0,7,14
26,0.0,7,14
27,0.0,7,14
28,0.0,7,14
29,0.0,7,14
30,0.0,7,14
31,0.0,7,14
32,0.0,7,14
33,0.0,7,14
34,0.0,7,14
35,0.0,7,14
36,0.0,7,14
37,0.0,7,14
38,0.0,7,14
39,0.0,7,14
40,0.0,7,14
41,0.0,7,14
42,0.0,7,14
43,0.0,7,14
44,0.0,7,14
45,0.0,7,14
46,0.0,7,14
47,0.0,7,14
48,0.0,7,14
49,0.0,7,14
50,0.0,7,14
51,0.0,7,14
52,0.0,7,14
53,0.0,7,14
54,0.0,7,14
55,0.0,7,14
56,0.0,7,14
57,0.0,7,14
58,0.0,7,14
59,0.0,7,14
60,0.0,7,14
61,0.0,7,14
62,0.0,7,14
63,0.0,7,14
64,0.0,7,14
65,0.0,7,14
66,0.0,7,14
67,0.0,7,14
68,0.0,7,14
69,0.0,7,14
70,0.0,7,14
71,0.0,7,14
72,0.0,7,14
73,0.0,7,14
74,0.0,7,14
75,0.0,7,14
76,0.0,7,14
77,0.0,7,14
78,0.0,7,14
79,0.0,7,14
80,0.0,7,14
81,0.0,7,14
82,0.0,7,14
83,0.0,7,14
84,0.0,7,14
85,0.0,7,14
86,0.0,7,14
87,0.0,7,14
88,0.0,7,14
89,0.0,7,14
90,0.0,7,14
91,0.0,7,14
92,0.0,7,14
93,0.0,7,14
94,0.0,7,14
95,0.0,7,14
96,0.0,7,14
97,0.0,7,14
98,0.0,7,14
99,0.0,7,14
100,0.0,7,14
101,0.0,7,14
102,0.0,7,14
103,0.0,7,14
104,0.0,7,14
105,0.0,7,14
106,0.0,7,14
107,0.0,7,14
108,0.0,7,14
109,0.0,7,14
110,0.0,7,14
111,0.0,7,14
112,0.0,7,14
113,0.0,7,14
114,0.0,7,14
115,0.0,7,14
116,0.0,7,14
117,0.0,7,14
118,0.0,7,14
119,0.0,7,14
120,0.0,7,14
121,0.0,7,14
122,0.0,7,14
123,0.0,7,14
124,0.0,7,14
125,0.0,7,14
126,0.0,7,14
127,0.0,7,14
128,0.0,7,14
129,0.0,7,14
130,0.0,7,14
131,0.0,7,14
132,0.0,7,14
133,0.0,7,14
134,0.0,7,14
135,0.0,7,14
136,0.0,7,14
137,0.0,7,14
138,0.0,7,14
139,0.0,7,14
140,0.0,7,14
141,0.0,7,14
142,0.0,7,14
143,0.0,7,14
144,0.0,7,14
145,0.0,7,14
146,0.0,7,14
147,0.0,7,14
148,0.0,7,14
149,0.0,7,14
150,0.0,7,14
151,0.0,7,14
152,0.0,7,14
153,0.0,7,14
154,0.0,7,14
155,0.0,7,14
156,0.0,7,14
157,0.0,7,14
158,0.0,7,14
159,0.0,7,14
160,0.0,7,14
161,0.0,7,14
162,0.0,7,14
163,0.0,7,14
164,0.0,7,14
165,0.0,7,14
166,0.0,7,14
167,0.0,7,14
168,0.0,7,14
169,0.0,7,14
170,0.0,7,14
171,0.0,7,14
172,0.0,7,14
173,0.0,7,14
174,0.0,7,14
175,0.0,7,14
176,0.0,7,14
177,0.0,7,14
178,0.0,7,14
179,0.0,7,14
180,0.0,7,14
181,0.0,7,14
182,0.0,7,14
183,0.0,7,14
184,0.0,7,14
185,0.0,7,14
186,0.0,7,14
187,0.0,7,14
188,0.0,7,14
189,0.0,7,14
190,0.0,7,14
191,0.0,7,14
192,0.0,7,14
193,0.0,7,14
194,0.0,7,14
195,0.0,7,14
196,0.0,7,14
197,0.0,7,14
198,0.0,7,14
199,0.0,7,14
200,0.0,7,14
1,0.0,14,15
2,0.0,14,15
3,0.0,14,15
4,0.0,14,15
5,0.0,14,15
6,0.0,14,15
7,0.0,14,15
8,0.0,14,15
9,0.0,14,15
10,0.0,14,15
11,0.0,14,15
12,0.0,14,15
13,0.0,14,15
14,0.0,14,15
15,0.0,14,15
16,0.0,14,15
17,0.0,14,15
18,0.0,14,15
19,0.0,14,15
20,0.0,14,15
21,0.0,14,15
22,0.0,14,15
23,0.0,14,15
24,0.0,14,15
25,0.0,14,15
26,0.0,14,15
27,0.0,14,15
28,0.0,14,15
29,0.0,14,15
30,0.0,14,15
31,0.0,14,15
32,0.0,14,15
33,0.0,14,15
34,0.0,14,15
35,0.0,14,15
36,0.0,14,15
37,0.0,14,15
38,0.0,14,15
39,0.0,14,15
40,0.0,14,15
41,0.0,14,15
42,0.0,14,15
43,0.0,14,15
44,0.0,14,15
45,0.0,14,15
46,0.0,14,15
47,0.0,14,15
48,0.0,14,15
49,0.0,14,15
50,0.0,14,15
51,0.0,14,15
52,0.0,14,15
53,0.0,14,15
54,0.0,14,15
55,0.0,14,15
56,0.0,14,15
57,0.0,14,15
58,0.0,14,15
59,0.0,14,15
60,0.0,14,15
61,0.0,14,15
62,0.0,14,15
63,0.0,14,15
64,0.0,14,15
65,0.0,14,15
66,0.0,14,15
67,0.0,14,15
68,0.0,14,15
69,0.0,14,15
70,0.0,14,15
71,0.0,14,15
72,0.0,14,15
73,0.0,14,15
74,0.0,14,15
75,0.0,14,15
76,0.0,14,15
77,0.0,14,15
78,0.0,14,15
79,0.0,14,15
80,0.0,14,15
81,0.0,14,15
82,0.0,14,15
83,0.0,14,15
84,0.0,14,15
85,0.0,14,15
86,0.0,14,15
87,0.0,14,15
88,0.0,14,15
89,0.0,14,15
90,0.0,14,15
91,0.0,14,15
92,0.0,14,15
93,0.0,14,15
94,0.0,14,15
95,0.0,14,15
96,0.0,14,15
97,0.0,14,15
98,0.0,14,15
99,0.0,14,15
100,0.0,14,15
101,0.0,14,15
102,0.0,14,15
103,0.0,14,15
104,0.0,14,15
105,0.0,14,15
106,0.0,14,15
107,0.0,14,15
108,0.0,14,15
109,0.0,14,15
110,0.0,14,15
111,0.0,14,15
112,0.0,14,15
113,0.0,14,15
114,0.0,14,15
115,0.0,14,15
116,0.0,14,15
117,0.0,14,15
118,0.0,14,15
119,0.0,14,15
120,0.0,14,15
121,0.0,14,15
122,0.0,14,15
123,0.0,14,15
124,0.0,14,15
125,0.0,14,15
126,0.0,14,15
127,0.0,14,15
128,0.0,14,15
129,0.0,14,15
130,0.0,14,15
131,0.0,14,15
132,0.0,14,15
133,0.0,14,15
134,0.0,14,15
135,0.0,14,15
136,0.0,14,15
137,0.0,14,15
138,0.0,14,15
139,0.0,14,15
140,0.0,14,15
141,0.0,14,15
142,0.0,14,15
143,0.0,14,15
144,0.0,14,15
145,0.0,14,15
146,0.0,14,15
147,0.0,14,15
148,0.0,14,15
149,0.0,14,15
150,0.0,14,15
151,0.0,14,15
152,0.0,14,15
153,0.0,14,15
154,0.0,14,15
155,0.0,14,15
156,0.0,14,15
157,0.0,14,15
158,0.0,14,15
159,0.0,14,15
160,0.0,14,15
161,0.0,14,15
162,0.0,14,15
163,0.0,14,15
164,0.0,14,15
165,0.0,14,15
166,0.0,14,15
167,0.0,14,15
168,0.0,14,15
169,0.0,14,15
170,0.0,14,15
171,0.0,14,15
172,0.0,14,15
173,0.0,14,15
174,0.0,14,15
175,0.0,14,15
176,0.0,14,15
177,0.0,14,15
178,0.0,14,15
179,0.0,14,15
180,0.0,14,15
181,0.0,14,15
182,0.0,14,15
183,0.0,14,15
184,0.0,14,15
185,0.0,14,15
186,0.0,14,15
187,0.0,14,15
188,0.0,14,15
189,0.0,14,15
190,0.0,14,15
191,0.0,14,15
192,0.0,14,15
193,0.0,14,15
194,0.0,14,15
195,0.0,14,15
196,0.0,14,15
197,0.0,14,15
198,0.0,14,15
199,0.0,14,15
200,0.0,14,15
1,0.0008067488670349121,11,16
2,0.0008067488670349121,11,16
3,0.0008067488670349121,11,16
4,0.0026772618293762207,8,16
5,0.004927575588226318,9,16
6,0.004927575588226318,9,16
7,0.008409261703491211,15,16
8,0.009709417819976807,14,16
9,0.011917591094970703,14,16
10,0.020501673221588135,15,16
11,0.028585851192474365,15,16
12,0.04143393039703369,15,16
13,0.2400304675102234,15,16
14,0.2400304675102234,15,16
15,0.2400304675102234,15,16
16,0.2400304675102234,15,16
17,0.2400304675102234,15,16
18,0.2400304675102234,15,16
19,0.2400304675102234,15,16
20,0.2400304675102234,15,16
21,0.2400304675102234,15,16
22,0.2400304675102234,15,16
23,0.26152169704437256,15,16
24,0.26152169704437256,15,16
25,0.26152169704437256,15,16
26,0.26152169704437256,15,16
27,0.26152169704437256,15,16
28,0.26152169704437256,15,16
29,0.26152169704437256,15,16
30,0.26152169704437256,15,16
31,0.3134987950325012,15,16
32,0.3134987950325012,15,16
33,0.3134987950325012,15,16
34,0.3134987950325012,15,16
35,0.3134987950325012,15,16
36,0.3134987950325012,15,16
37,0.32677531242370605,15,16
38,0.427071750164032,15,16
39,0.427071750164032,15,16
40,0.427071750164032,15,16
41,0.427071750164032,15,16
42,0.427071750164032,15,16
43,0.427071750164032,15,16
44,0.427071750164032,15,16
45,0.8443852514028549,15,16
46,0.8443852514028549,15,16
47,0.8443852514028549,15,16
48,0.8443852514028549,15,16
49,0.8445116728544235,15,16
50,0.8445116728544235,15,16
51,0.8445116728544235,15,16
52,0.8445116728544235,15,16
53,0.8445116728544235,15,16
54,0.8445116728544235,15,16
55,0.8445116728544235,15,16
56,0.8445116728544235,15,16
57,0.8445116728544235,15,16
58,0.8445116728544235,15,16
59,0.8445116728544235,15,16
60,0.8445116728544235,15,16
61,0.8445116728544235,15,16
62,0.8445116728544235,15,16
63,0.8445116728544235,15,16
64,0.8445116728544235,15,16
65,0.8445116728544235,15,16
66,0.8445116728544235,15,16
67,0.8445116728544235,15,16
68,0.8445116728544235,15,16
69,0.8445116728544235,15,16
70,0.8445116728544235,15,16
71,0.8445116728544235,15,16
72,0.8445116728544235,15,16
73,0.8445116728544235,15,16
74,0.8445116728544235,15,16
75,0.8445116728544235,15,16
76,0.8445116728544235,15,16
77,0.8445116728544235,15,16
78,0.8445116728544235,15,16
79,0.9093813076615334,15,16
80,0.9093813076615334,15,16
81,0.9093813076615334,15,16
82,0.9093813076615334,15,16
83,0.9093813076615334,15,16
84,0.9093813076615334,15,16
85,0.9093813076615334,15,16
86,0.9093813076615334,15,16
87,0.9093813076615334,15,16
88,0.9093813076615334,15,16
89,0.9093813076615334,15,16
90,0.9093813076615334,15,16
91,0.9093813076615334,15,16
92,0.9093813076615334,15,16
93,0.9093813076615334,15,16
94,0.9093813076615334,15,16
95,0.9498395994305611,15,16
96,0.9498395994305611,15,16
97,0.9498395994305611,15,16
98,0.9498395994305611,15,16
99,0.9498395994305611,15,16
100,0.9498395994305611,15,16
101,0.9498395994305611,15,16
102,0.9700813386589289,15,16
103,0.9700813386589289,15,16
104,0.9700813386589289,15,16
105,0.9700813386589289,15,16
106,0.9767423626035452,15,16
107,0.9767423626035452,15,16
108,0.9767423626035452,15,16
109,0.9767423626035452,15,16
110,0.9767423626035452,15,16
111,0.9767423626035452,15,16
112,0.9767423626035452,15,16
113,0.9767423626035452,15,16
114,0.9767423626035452,15,16
115,0.9817864708602428,15,16
116,0.9817864708602428,15,16
117,0.9817864708602428,15,16
118,0.9817864708602428,15,16
119,0.9833487384021282,15,16
120,0.9833487384021282,15,16
121,0.9866432351991534,15,16
122,0.9866432351991534,15,16
123,0.9866432351991534,15,16
124,0.9866432351991534,15,16
125,0.9912364296615124,15,16
126,0.9912364296615124,15,16
127,0.9912364296615124,15,16
128,0.9912364296615124,15,16
129,0.9912364296615124,15,16
130,0.9912364296615124,15,16
131,0.9912364296615124,15,16
132,0.9912364296615124,15,16
133,0.9912364296615124,15,16
134,0.9912364296615124,15,16
135,0.9912364296615124,15,16
136,0.9912364296615124,15,16
137,0.9912364296615124,15,16
138,0.9912364296615124,15,16
139,0.9912364296615124,15,16
140,0.9912364296615124,15,16
141,0.9912364296615124,15,16
142,0.9912364296615124,15,16
143,0.9912364296615124,15,16
144,0.9912364296615124,15,16
145,0.9912364296615124,15,16
146,0.9912364296615124,15,16
147,0.9912364296615124,15,16
148,0.9912537857890129,15,16
149,0.9912537857890129,15,16
150,0.9912537857890129,15,16
151,0.9914062954485416,15,16
152,0.9914062954485416,15,16
153,0.9914062954485416,15,16
154,0.9914062954485416,15,16
155,0.9914062954485416,15,16
156,0.9914062954485416,15,16
157,0.9914062954485416,15,16
158,0.9914062954485416,15,16
159,0.9914062954485416,15,16
160,0.9918362107127905,15,16
161,0.9918362107127905,15,16
162,0.9918362107127905,15,16
163,0.9918362107127905,15,16
164,0.9922605771571398,15,16
165,0.9922605771571398,15,16
166,0.9922605771571398,15,16
167,0.9922605771571398,15,16
168,0.9922605771571398,15,16
169,0.9922605771571398,15,16
170,0.9922605771571398,15,16
171,0.9922605771571398,15,16
172,0.9922605771571398,15,16
173,0.9922605771571398,15,16
174,0.9922605771571398,15,16
175,0.9922605771571398,15,16
176,0.9922605771571398,15,16
177,0.9922605771571398,15,16
178,0.9922605771571398,15,16
179,0.9922605771571398,15,16
180,0.9922605771571398,15,16
181,0.9922605771571398,15,16
182,0.9922605771571398,15,16
183,0.9922605771571398,15,16
184,0.9922605771571398,15,16
185,0.9922605771571398,15,16
186,0.9922605771571398,15,16
187,0.9922605771571398,15,16
188,0.9922605771571398,15,16
189,0.9922605771571398,15,16
190,0.9948188322596252,15,16
191,0.9948188322596252,15,16
192,0.9948188322596252,15,16
193,0.9948188322596252,15,16
194,0.9948188322596252,15,16
195,0.9948188322596252,15,16
196,0.9948188322596252,15,16
197,0.9948188322596252,15,16
198,0.9948188322596252,15,16
199,0.9948188322596252,15,16
200,0.9948188322596252,15,16
1,7.152557373046875e-07,15,17
2,7.152557373046875e-07,15,17
3,1.430511474609375e-06,10,17
4,3.2186508178710938e-06,15,17
5,3.2186508178710938e-06,15,17
6,3.2186508178710938e-06,15,17
7,4.5299530029296875e-06,15,17
8,4.5299530029296875e-06,15,17
9,6.556510925292969e-06,15,17
10,7.152557373046875e-06,15,17
11,4.696846008300781e-05,14,17
12,4.696846008300781e-05,14,17
13,4.696846008300781e-05,14,17
14,4.696846008300781e-05,14,17
15,7.18832015991211e-05,15,17
16,7.18832015991211e-05,15,17
17,8.678436279296875e-05,15,17
18,8.90493392944336e-05,15,17
19,8.90493392944336e-05,15,17
20,8.90493392944336e-05,15,17
21,8.90493392944336e-05,15,17
22,9.632110595703125e-05,15,17
23,9.632110595703125e-05,15,17
24,9.632110595703125e-05,15,17
25,9.632110595703125e-05,15,17
26,0.00010132789611816406,15,17
27,0.0002689957618713379,15,17
28,0.0002689957618713379,15,17
29,0.0002689957618713379,15,17
30,0.0002689957618713379,15,17
31,0.0003001689910888672,15,17
32,0.0003001689910888672,15,17
33,0.0003001689910888672,15,17
34,0.0003026723861694336,15,17
35,0.0003026723861694336,15,17
36,0.00037407875061035156,15,17
37,0.00037407875061035156,15,17
38,0.00037407875061035156,15,17
39,0.0006780624389648438,15,17
40,0.0009337067604064941,15,17
41,0.0009337067604064941,15,17
42,0.0016472339630126953,15,17
43,0.0016472339630126953,15,17
44,0.0016472339630126953,15,17
45,0.00165557861328125,15,17
46,0.00165557861328125,15,17
47,0.00165557861328125,15,17
48,0.00165557861328125,15,17
49,0.002436518669128418,14,17
50,0.002436518669128418,14,17
51,0.002436518669128418,14,17
52,0.002436518669128418,14,17
53,0.002436518669128418,14,17
54,0.002436518669128418,14,17
55,0.002436518669128418,14,17
56,0.002708613872528076,15,17
57,0.002708613872528076,15,17
58,0.002708613872528076,15,17
59,0.002708613872528076,15,17
60,0.002708613872528076,15,17
61,0.002708613872528076,15,17
62,0.002708613872528076,15,17
63,0.004896998405456543,15,17
64,0.004896998405456543,15,17
65,0.004896998405456543,15,17
66,0.004896998405456543,15,17
67,0.004896998405456543,15,17
68,0.004896998405456543,15,17
69,0.004896998405456543,15,17
70,0.004896998405456543,15,17
71,0.004896998405456543,15,17
72,0.004896998405456543,15,17
73,0.004896998405456543,15,17
74,0.004896998405456543,15,17
75,0.004896998405456543,15,17
76,0.004973351955413818,15,17
77,0.004973351955413818,15,17
78,0.004973351955413818,15,17
79,0.004973351955413818,15,17
80,0.004973351955413818,15,17
81,0.004973351955413818,15,17
82,0.004973351955413818,15,17
83,0.004973351955413818,15,17
84,0.004973351955413818,15,17
85,0.004973351955413818,15,17
86,0.004973351955413818,15,17
87,0.004973351955413818,15,17
88,0.004973351955413818,15,17
89,0.004973351955413818,15,17
90,0.004973351955413818,15,17
91,0.004973351955413818,15,17
92,0.005443692207336426,15,17
93,0.005443692207336426,15,17
94,0.005443692207336426,15,17
95,0.005443692207336426,15,17
96,0.005443692207336426,15,17
97,0.005443692207336426,15,17
98,0.005644559860229492,15,17
99,0.005644559860229492,15,17
100,0.005644559860229492,15,17
101,0.005644559860229492,15,17
102,0.005644559860229492,15,17
103,0.005644559860229492,15,17
104,0.006258189678192139,15,17
105,0.006258189678192139,15,17
106,0.006258189678192139,15,17
107,0.006258189678192139,15,17
108,0.006258189678192139,15,17
109,0.006258189678192139,15,17
110,0.006258189678192139,15,17
111,0.006258189678192139,15,17
112,0.006258189678192139,15,17
113,0.00626605749130249,15,17
114,0.00626605749130249,15,17
115,0.00626605749130249,15,17
116,0.00626605749130249,15,17
117,0.00626605749130249,15,17
118,0.00626605749130249,15,17
119,0.00626605749130249,15,17
120,0.006979048252105713,15,17
121,0.007552146911621094,15,17
122,0.007552146911621094,15,17
123,0.009274005889892578,15,17
124,0.01069486141204834,15,17
125,0.01069486141204834,15,17
126,0.012343049049377441,15,17
127,0.012343049049377441,15,17
128,0.01788783073425293,15,17
129,0.01788783073425293,15,17
130,0.01788783073425293,15,17
131,0.01788783073425293,15,17
132,0.01788783073425293,15,17
133,0.01788783073425293,15,17
134,0.01788783073425293,15,17
135,0.01801234483718872,15,17
136,0.01801234483718872,15,17
137,0.01801234483718872,15,17
138,0.01801234483718872,15,17
139,0.01801234483718872,15,17
140,0.01801234483718872,15,17
141,0.039872944355010986,14,17
142,0.039872944355010986,14,17
143,0.039872944355010986,14,17
144,0.039872944355010986,14,17
145,0.039872944355010986,14,17
146,0.039872944355010986,14,17
147,0.09365493059158325,15,17
148,0.09365493059158325,15,17
149,0.09365493059158325,15,17
150,0.09365493059158325,15,17
151,0.09365493059158325,15,17
152,0.09365493059158325,15,17
153,0.09365493059158325,15,17
154,0.09365493059158325,15,17
155,0.09365493059158325,15,17
156,0.09365493059158325,15,17
157,0.09365493059158325,15,17
158,0.09365493059158325,15,17
159,0.09365493059158325,15,17
160,0.09365493059158325,15,17
161,0.09365493059158325,15,17
162,0.09365493059158325,15,17
163,0.09365493059158325,15,17
164,0.09365493059158325,15,17
165,0.09365493059158325,15,17
166,0.09365493059158325,15,17
167,0.09365493059158325,15,17
168,0.09365493059158325,15,17
169,0.09365493059158325,15,17
170,0.09365493059158325,15,17
171,0.09365493059158325,15,17
172,0.09365493059158325,15,17
173,0.09365493059158325,15,17
174,0.09365493059158325,15,17
175,0.09365493059158325,15,17
176,0.09365493059158325,15,17
177,0.09365493059158325,15,17
178,0.09365493059158325,15,17
179,0.09365493059158325,15,17
180,0.09365493059158325,15,17
181,0.09365493059158325,15,17
182,0.09365493059158325,15,17
183,0.09365493059158325,15,17
184,0.09365493059158325,15,17
185,0.09365493059158325,15,17
186,0.09365493059158325,15,17
187,0.09365493059158325,15,17
188,0.09365493059158325,15,17
189,0.09365493059158325,15,17
190,0.11885219812393188,15,17
191,0.11885219812393188,15,17
192,0.11885219812393188,15,17
193,0.11885219812393188,15,17
194,0.11885219812393188,15,17
195,0.11885219812393188,15,17
196,0.11885219812393188,15,17
197,0.11885219812393188,15,17
198,0.11885219812393188,15,17
199,0.11885219812393188,15,17
200,0.11885219812393188,15,17
1,0.010322093963623047,11,18
2,0.01167452335357666,5,18
3,0.01167452335357666,5,18
4,0.022220730781555176,15,18
5,0.024835824966430664,15,18
6,0.04341089725494385,13,18
7,0.04341089725494385,13,18
8,0.04341089725494385,13,18
9,0.05501270294189453,15,18
10,0.0823284387588501,13,18
11,0.0823284387588501,13,18
12,0.0823284387588501,13,18
13,0.0823284387588501,13,18
14,0.24981915950775146,15,18
15,0.27370238304138184,15,18
16,0.27370238304138184,15,18
17,0.27370238304138184,15,18
18,0.27370238304138184,15,18
19,0.27370238304138184,15,18
20,0.27370238304138184,15,18
21,0.27370238304138184,15,18
22,0.27370238304138184,15,18
23,0.2809112071990967,15,18
24,0.33073359727859497,15,18
25,0.33073359727859497,15,18
26,0.33073359727859497,15,18
27,0.33073359727859497,15,18
28,0.33073359727859497,15,18
29,0.567332923412323,15,18
30,0.567332923412323,15,18
31,0.6566745340824127,15,18
32,0.6566745340824127,15,18
33,0.6908649206161499,14,18
34,0.7636057287454605,15,18
35,0.7636057287454605,15,18
36,0.7636057287454605,15,18
37,0.7636057287454605,15,18
38,0.7636057287454605,15,18
39,0.7636057287454605,15,18
40,0.7636057287454605,15,18
41,0.7636057287454605,15,18
42,0.7636057287454605,15,18
43,0.7636057287454605,15,18
44,0.7636057287454605,15,18
45,0.8305474072694778,14,18
46,0.8305474072694778,14,18
47,0.8305474072694778,14,18
48,0.857783630490303,14,18
49,0.857783630490303,14,18
50,0.857783630490303,14,18
51,0.857783630490303,14,18
52,0.880716435611248,15,18
53,0.880716435611248,15,18
54,0.880716435611248,15,18
55,0.880716435611248,15,18
56,0.880716435611248,15,18
57,0.880716435611248,15,18
58,0.880716435611248,15,18
59,0.8955083340406418,15,18
60,0.8955083340406418,15,18
61,0.9454307667911053,15,18
62,0.9935823688283563,15,18
63,0.9935823688283563,15,18
64,0.9935823688283563,15,18
65,0.9935823688283563,15,18
66,0.9935823688283563,15,18
67,0.9935823688283563,15,18
68,0.9935823688283563,15,18
69,0.9935823688283563,15,18
70,0.9935823688283563,15,18
71,0.9935823688283563,15,18
72,0.9935823688283563,15,18
73,0.9935823688283563,15,18
74,0.9935823688283563,15,18
75,0.9935823688283563,15,18
76,0.9935823688283563,15,18
77,0.9935823688283563,15,18
78,0.9935823688283563,15,18
79,0.9935823688283563,15,18
80,0.9935823688283563,15,18
81,0.9935823688283563,15,18
82,0.9935823688283563,15,18
83,0.9935823688283563,15,18
84,0.9935823688283563,15,18
85,0.9935823688283563,15,18
86,0.9935823688283563,15,18
87,0.9935823688283563,15,18
88,0.9935823688283563,15,18
89,0.9935823688283563,15,18
90,0.9935823688283563,15,18
91,0.9935823688283563,15,18
92,0.9935823688283563,15,18
93,0.9935823688283563,15,18
94,0.9935823688283563,15,18
95,0.9935823688283563,15,18
96,0.9935823688283563,15,18
97,0.9935823688283563,15,18
98,0.9935823688283563,15,18
99,0.9935823688283563,15,18
100,0.9935823688283563,15,18
101,0.9935823688283563,15,18
102,0.9935823688283563,15,18
103,0.9935823688283563,15,18
104,0.9935823688283563,15,18
105,0.9935823688283563,15,18
106,0.9943077433854342,15,18
107,0.9943077433854342,15,18
108,0.9943077433854342,15,18
109,0.9943077433854342,15,18
110,0.9943077433854342,15,18
111,0.9943077433854342,15,18
112,0.9950613398104906,15,18
113,0.9950613398104906,15,18
114,0.9950613398104906,15,18
115,0.9950613398104906,15,18
116,0.9950613398104906,15,18
117,0.9950613398104906,15,18
118,0.9950613398104906,15,18
119,0.9952999972738326,15,18
120,0.9952999972738326,15,18
121,0.9952999972738326,15,18
122,0.9952999972738326,15,18
123,0.9952999972738326,15,18
124,0.9952999972738326,15,18
125,0.9952999972738326,15,18
126,0.9952999972738326,15,18
127,0.9952999972738326,15,18
128,0.9952999972738326,15,18
129,0.9952999972738326,15,18
130,0.9952999972738326,15,18
131,0.9952999972738326,15,18
132,0.9952999972738326,15,18
133,0.9952999972738326,15,18
134,0.9952999972738326,15,18
135,0.9952999972738326,15,18
136,0.9952999972738326,15,18
137,0.9965471641626209,15,18
138,0.9965471641626209,15,18
139,0.9965471641626209,15,18
140,0.9965471641626209,15,18
141,0.9965471641626209,15,18
142,0.9965471641626209,15,18
143,0.9986269121291116,15,18
144,0.9986269121291116,15,18
145,0.9986269121291116,15,18
146,0.9986269121291116,15,18
147,0.9986269121291116,15,18
148,0.9986269121291116,15,18
149,0.9986269121291116,15,18
150,0.9986269121291116,15,18
151,0.9986269121291116,15,18
152,0.9986269121291116,15,18
153,0.9986269121291116,15,18
154,0.9986269121291116,15,18
155,0.9986269121291116,15,18
156,0.9986269121291116,15,18
157,0.9986269121291116,15,18
158,0.9986269121291116,15,18
159,0.9986269121291116,15,18
160,0.9986269121291116,15,18
161,0.9986269121291116,15,18
162,0.9986269121291116,15,18
163,0.9986269121291116,15,18
164,0.9986269121291116,15,18
165,0.9986269121291116,15,18
166,0.9986269121291116,15,18
167,0.9986269121291116,15,18
168,0.9986269121291116,15,18
169,0.9986269121291116,15,18
170,0.9986269121291116,15,18
171,0.9986269121291116,15,18
172,0.9986269121291116,15,18
173,0.9986269121291116,15,18
174,0.9986269121291116,15,18
175,0.9990979474969208,15,18
176,0.9990979474969208,15,18
177,0.9990979474969208,15,18
178,0.9990979474969208,15,18
179,0.9990979474969208,15,18
180,0.9992692066007294,15,18
181,0.9992692066007294,15,18
182,0.9994750890764408,15,18
183,0.9994750890764408,15,18
184,0.9994750890764408,15,18
185,0.9995598118694033,15,18
186,0.9995598118694033,15,18
187,0.9995598118694033,15,18
188,0.9996431840118021,15,18
189,0.9996431840118021,15,18
190,0.9996431840118021,15,18
191,0.9996431840118021,15,18
192,0.9996431840118021,15,18
193,0.9996431840118021,15,18
194,0.9996431840118021,15,18
195,0.9996431840118021,15,18
196,0.9996431840118021,15,18
197,0.9996431840118021,15,18
198,0.9996431840118021,15,18
199,0.9996431840118021,15,18
200,0.9996431840118021,15,18
1,0.0003669261932373047,14,19
2,0.0003669261932373047,14,19
3,0.000557243824005127,8,19
4,0.000557243824005127,8,19
5,0.0008333921432495117,12,19
6,0.02310854196548462,15,19
7,0.02310854196548462,15,19
8,0.02310854196548462,15,19
9,0.02310854196548462,15,19
10,0.02310854196548462,15,19
11,0.02310854196548462,15,19
12,0.02310854196548462,15,19
13,0.02310854196548462,15,19
14,0.02310854196548462,15,19
15,0.02310854196548462,15,19
16,0.02310854196548462,15,19
17,0.02310854196548462,15,19
18,0.02310854196548462,15,19
19,0.02310854196548462,15,19
20,0.025458335876464844,15,19
21,0.025458335876464844,15,19
22,0.025458335876464844,15,19
23,0.025458335876464844,15,19
24,0.03632223606109619,15,19
25,0.08167499303817749,15,19
26,0.08167499303817749,15,19
27,0.08167499303817749,15,19
28,0.08167499303817749,15,19
29,0.10253012180328369,15,19
30,0.10253012180328369,15,19
31,0.10253012180328369,15,19
32,0.10253012180328369,15,19
33,0.10253012180328369,15,19
34,0.10253012180328369,15,19
35,0.10253012180328369,15,19
36,0.10253012180328369,15,19
37,0.10253012180328369,15,19
38,0.10253012180328369,15,19
39,0.10253012180328369,15,19
40,0.10253012180328369,15,19
41,0.10253012180328369,15,19
42,0.2124878168106079,14,19
43,0.2124878168106079,14,19
44,0.4762546420097351,15,19
45,0.4762546420097351,15,19
46,0.4762546420097351,15,19
47,0.4762546420097351,15,19
48,0.4762546420097351,15,19
49,0.4762546420097351,15,19
50,0.4762546420097351,15,19
51,0.4762546420097351,15,19
52,0.4762546420097351,15,19
53,0.4762546420097351,15,19
54,0.4762546420097351,15,19
55,0.4762546420097351,15,19
56,0.4762546420097351,15,19
57,0.4762546420097351,15,19
58,0.4762546420097351,15,19
59,0.4762546420097351,15,19
60,0.4762546420097351,15,19
61,0.6877076923847198,15,19
62,0.6877076923847198,15,19
63,0.6877076923847198,15,19
64,0.6877076923847198,15,19
65,0.6877076923847198,15,19
66,0.7285805642604828,15,19
67,0.7285805642604828,15,19
68,0.7285805642604828,15,19
69,0.7285805642604828,15,19
70,0.7285805642604828,15,19
71,0.7285805642604828,15,19
72,0.7285805642604828,15,19
73,0.7285805642604828,15,19
74,0.7285805642604828,15,19
75,0.7833614200353622,15,19
76,0.7833614200353622,15,19
77,0.8132462948560715,15,19
78,0.8132462948560715,15,19
79,0.8132462948560715,15,19
80,0.8132462948560715,15,19
81,0.8330493569374084,15,19
82,0.8330493569374084,15,19
83,0.8330493569374084,15,19
84,0.8330493569374084,15,19
85,0.8330493569374084,15,19
86,0.8330493569374084,15,19
87,0.8330493569374084,15,19
88,0.8330493569374084,15,19
89,0.8330493569374084,15,19
90,0.8330493569374084,15,19
91,0.8330493569374084,15,19
92,0.8330493569374084,15,19
93,0.8330493569374084,15,19
94,0.8330493569374084,15,19
95,0.8330493569374084,15,19
96,0.8330493569374084,15,19
97,0.8330493569374084,15,19
98,0.8330493569374084,15,19
99,0.8692445009946823,15,19
100,0.8692445009946823,15,19
101,0.8692445009946823,15,19
102,0.8789023458957672,15,19
103,0.8789023458957672,15,19
104,0.8789023458957672,15,19
105,0.9816635828465223,15,19
106,0.9816635828465223,15,19
107,0.9816635828465223,15,19
108,0.9816635828465223,15,19
109,0.9816635828465223,15,19
110,0.9816635828465223,15,19
111,0.9816635828465223,15,19
112,0.9816635828465223,15,19
113,0.9816635828465223,15,19
114,0.9817086756229401,15,19
115,0.9817086756229401,15,19
116,0.9817086756229401,15,19
117,0.9817086756229401,15,19
118,0.9817086756229401,15,19
119,0.9817086756229401,15,19
120,0.9817086756229401,15,19
121,0.9817086756229401,15,19
122,0.9817086756229401,15,19
123,0.9817086756229401,15,19
124,0.9817086756229401,15,19
125,0.9817086756229401,15,19
126,0.9817086756229401,15,19
127,0.9817086756229401,15,19
128,0.9817086756229401,15,19
129,0.9817086756229401,15,19
130,0.9817086756229401,15,19
131,0.9817086756229401,15,19
132,0.9817086756229401,15,19
133,0.9817086756229401,15,19
134,0.9817086756229401,15,19
135,0.9817086756229401,15,19
136,0.9817086756229401,15,19
137,0.9817086756229401,15,19
138,0.9817086756229401,15,19
139,0.9817086756229401,15,19
140,0.9817086756229401,15,19
141,0.9817086756229401,15,19
142,0.9817086756229401,15,19
143,0.9841710850596428,15,19
144,0.9841710850596428,15,19
145,0.9841710850596428,15,19
146,0.9841710850596428,15,19
147,0.9841710850596428,15,19
148,0.9841710850596428,15,19
149,0.9841710850596428,15,19
150,0.9841710850596428,15,19
151,0.985393900424242,14,19
152,0.985393900424242,14,19
153,0.9857231006026268,15,19
154,0.9857231006026268,15,19
155,0.9879724374040961,15,19
156,0.9879724374040961,15,19
157,0.9879724374040961,15,19
158,0.9879724374040961,15,19
159,0.9879724374040961,15,19
160,0.9879724374040961,15,19
161,0.9879724374040961,15,19
162,0.9879724374040961,15,19
163,0.9879724374040961,15,19
164,0.9879724374040961,15,19
165,0.9879724374040961,15,19
166,0.9924984881654382,15,19
167,0.9924984881654382,15,19
168,0.9924984881654382,15,19
169,0.9924984881654382,15,19
170,0.9924984881654382,15,19
171,0.9924984881654382,15,19
172,0.9924984881654382,15,19
173,0.9924984881654382,15,19
174,0.9924984881654382,15,19
175,0.9924984881654382,15,19
176,0.9924984881654382,15,19
177,0.9924984881654382,15,19
178,0.9924984881654382,15,19
179,0.9924984881654382,15,19
180,0.9924984881654382,15,19
181,0.9924984881654382,15,19
182,0.9924984881654382,15,19
183,0.9924984881654382,15,19
184,0.9924984881654382,15,19
185,0.9924984881654382,15,19
186,0.9924984881654382,15,19
187,0.9924984881654382,15,19
188,0.9924984881654382,15,19
189,0.9924984881654382,15,19
190,0.9924984881654382,15,19
191,0.9924984881654382,15,19
192,0.9924984881654382,15,19
193,0.9924984881654382,15,19
194,0.9924984881654382,15,19
195,0.9924984881654382,15,19
196,0.9924984881654382,15,19
197,0.9924984881654382,15,19
198,0.9924984881654382,15,19
199,0.9924984881654382,15,19
200,0.9924984881654382,15,19
1,0.0034447908401489258,9,20
2,0.0034447908401489258,9,20
3,0.004720330238342285,15,20
4,0.007020413875579834,15,20
5,0.01455157995223999,11,20
6,0.019624531269073486,13,20
7,0.03261369466781616,13,20
8,0.047856152057647705,14,20
9,0.053489744663238525,13,20
10,0.6162477731704712,15,20
11,0.6162477731704712,15,20
12,0.6162477731704712,15,20
13,0.6162477731704712,15,20
14,0.8907019272446632,14,20
15,0.8907019272446632,14,20
16,0.8907019272446632,14,20
17,0.8907019272446632,14,20
18,0.8907019272446632,14,20
19,0.8907019272446632,14,20
20,0.9919276144355536,15,20
21,0.9919276144355536,15,20
22,0.9919276144355536,15,20
23,0.9919276144355536,15,20
24,0.9919276144355536,15,20
25,0.9919276144355536,15,20
26,0.9919276144355536,15,20
27,0.9919276144355536,15,20
28,0.9919276144355536,15,20
29,0.9919276144355536,15,20
30,0.9919276144355536,15,20
31,0.9919276144355536,15,20
32,0.9936511381529272,15,20
33,0.9936511381529272,15,20
34,0.9936511381529272,15,20
35,0.9936511381529272,15,20
36,0.9936511381529272,15,20
37,0.9936511381529272,15,20
38,0.9936511381529272,15,20
39,0.9936511381529272,15,20
40,0.9936511381529272,15,20
41,0.9936511381529272,15,20
42,0.9936511381529272,15,20
43,0.9936511381529272,15,20
44,0.9936511381529272,15,20
45,0.9936511381529272,15,20
46,0.9936511381529272,15,20
47,0.9936511381529272,15,20
48,0.9936511381529272,15,20
49,0.9936511381529272,15,20
50,0.9936511381529272,15,20
51,0.9936511381529272,15,20
52,0.9936511381529272,15,20
53,0.9936511381529272,15,20
54,0.9936511381529272,15,20
55,0.9936511381529272,15,20
56,0.9936511381529272,15,20
57,0.9936511381529272,15,20
58,0.9936511381529272,15,20
59,0.9936511381529272,15,20
60,0.9936511381529272,15,20
61,0.9936511381529272,15,20
62,0.9936511381529272,15,20
63,0.9936511381529272,15,20
64,0.9936511381529272,15,20
65,0.9936511381529272,15,20
66,0.9936511381529272,15,20
67,0.9936511381529272,15,20
68,0.9936511381529272,15,20
69,0.9936511381529272,15,20
70,0.9936511381529272,15,20
71,0.9936511381529272,15,20
72,0.9936511381529272,15,20
73,0.9936511381529272,15,20
74,0.9947001612745225,15,20
75,0.9947001612745225,15,20
76,0.9947001612745225,15,20
77,0.9947001612745225,15,20
78,0.9947001612745225,15,20
79,0.9947001612745225,15,20
80,0.9947001612745225,15,20
81,0.9947001612745225,15,20
82,0.9947001612745225,15,20
83,0.9960685162805021,15,20
84,0.9960685162805021,15,20
85,0.9960685162805021,15,20
86,0.9960685162805021,15,20
87,0.9960685162805021,15,20
88,0.9960685162805021,15,20
89,0.9960685162805021,15,20
90,0.9960685162805021,15,20
91,0.9964252798818052,15,20
92,0.9972221436910331,15,20
93,0.9972221436910331,15,20
94,0.9984599374001846,15,20
95,0.9984599374001846,15,20
96,0.9984599374001846,15,20
97,0.9984599374001846,15,20
98,0.9984599374001846,15,20
99,0.9985001351451501,15,20
100,0.9985001351451501,15,20
101,0.9985001351451501,15,20
102,0.9985001351451501,15,20
103,0.9985001351451501,15,20
104,0.9985001351451501,15,20
105,0.9985001351451501,15,20
106,0.9985001351451501,15,20
107,0.9985001351451501,15,20
108,0.9985001351451501,15,20
109,0.9993497643736191,15,20
110,0.9993497643736191,15,20
111,0.9993497643736191,15,20
112,0.9993497643736191,15,20
113,0.9993497643736191,15,20
114,0.9993497643736191,15,20
115,0.9997683675028384,15,20
116,0.999835620605154,14,20
117,0.999835620605154,14,20
118,0.999835620605154,14,20
119,0.999835620605154,14,20
120,0.999835620605154,14,20
121,0.999835620605154,14,20
122,0.999835620605154,14,20
123,0.999835620605154,14,20
124,0.9998585155408364,15,20
125,0.9998796446379856,15,20
126,0.9998796446379856,15,20
127,0.9998796446379856,15,20
128,0.9998796446379856,15,20
129,0.9998796446379856,15,20
130,0.9998796446379856,15,20
131,0.9998796446379856,15,20
132,0.9998796446379856,15,20
133,0.9998796446379856,15,20
134,0.9998796446379856,15,20
135,0.9998796446379856,15,20
136,0.9998796446379856,15,20
137,0.9998796446379856,15,20
138,0.9998796446379856,15,20
139,0.9998796446379856,15,20
140,0.9998796446379856,15,20
141,0.9998796446379856,15,20
142,0.9998796446379856,15,20
143,0.9998796446379856,15,20
144,0.9998796446379856,15,20
145,0.9999204822888714,15,20
146,0.9999204822888714,15,20
147,0.9999447435729962,15,20
148,0.9999447435729962,15,20
149,0.9999447435729962,15,20
150,0.9999447435729962,15,20
151,0.9999447435729962,15,20
152,0.9999447435729962,15,20
153,0.9999447435729962,15,20
154,0.999947509404592,15,20
155,0.999947509404592,15,20
156,0.999947509404592,15,20
157,0.999947509404592,15,20
158,0.999947509404592,15,20
159,0.999947509404592,15,20
160,0.999947509404592,15,20
161,0.999947509404592,15,20
162,0.999947509404592,15,20
163,0.999947509404592,15,20
164,0.999947509404592,15,20
165,0.999947509404592,15,20
166,0.999947509404592,15,20
167,0.999947509404592,15,20
168,0.999947509404592,15,20
169,0.999979370046276,15,20
170,0.999979370046276,15,20
171,0.999979370046276,15,20
172,0.999979370046276,15,20
173,0.999979370046276,15,20
174,0.999979370046276,15,20
175,0.999979370046276,15,20
176,0.999979370046276,15,20
177,0.999979370046276,15,20
178,0.999979370046276,15,20
179,0.999979370046276,15,20
180,0.999979370046276,15,20
181,0.999979370046276,15,20
182,0.999979370046276,15,20
183,0.999979370046276,15,20
184,0.999979370046276,15,20
185,0.999979370046276,15,20
186,0.999979370046276,15,20
187,0.999979370046276,15,20
188,0.999979370046276,15,20
189,0.999979370046276,15,20
190,0.999979370046276,15,20
191,0.999979370046276,15,20
192,0.999979370046276,15,20
193,0.999979370046276,15,20
194,0.999979370046276,15,20
195,0.999979370046276,15,20
196,0.999979370046276,15,20
197,0.999979370046276,15,20
198,0.999979370046276,15,20
199,0.999979370046276,15,20
200,0.999979370046276,15,20
1,4.291534423828125e-06,7,21
2,4.291534423828125e-06,7,21
3,1.049041748046875e-05,13,21
4,3.552436828613281e-05,12,21
5,3.8743019104003906e-05,14,21
6,4.3272972106933594e-05,15,21
7,5.710124969482422e-05,15,21
8,7.43865966796875e-05,15,21
9,0.00010454654693603516,15,21
10,0.00026661157608032227,15,21
11,0.0007010698318481445,15,21
12,0.0007010698318481445,15,21
13,0.0030268430709838867,15,21
14,0.0030268430709838867,15,21
15,0.0030268430709838867,15,21
16,0.0030268430709838867,15,21
17,0.0030268430709838867,15,21
18,0.0030268430709838867,15,21
19,0.00504755973815918,15,21
20,0.00504755973815918,15,21
21,0.0050514936447143555,15,21
22,0.0050514936447143555,15,21
23,0.0050514936447143555,15,21
24,0.0050514936447143555,15,21
25,0.0050514936447143555,15,21
26,0.00980466604232788,15,21
27,0.00980466604232788,15,21
28,0.00980466604232788,15,21
29,0.010596036911010742,15,21
30,0.010596036911010742,15,21
31,0.010596036911010742,15,21
32,0.016265273094177246,15,21
33,0.016265273094177246,15,21
34,0.016265273094177246,15,21
35,0.016265273094177246,15,21
36,0.020382821559906006,15,21
37,0.04194760322570801,15,21
38,0.04194760322570801,15,21
39,0.04194760322570801,15,21
40,0.04194760322570801,15,21
41,0.04194760322570801,15,21
42,0.05113255977630615,15,21
43,0.05113255977630615,15,21
44,0.06425172090530396,15,21
45,0.304008424282074,15,21
46,0.3183291554450989,15,21
47,0.3183291554450989,15,21
48,0.3183291554450989,15,21
49,0.3183291554450989,15,21
50,0.3183291554450989,15,21
51,0.3183291554450989,15,21
52,0.3183291554450989,15,21
53,0.3183291554450989,15,21
54,0.3183291554450989,15,21
55,0.3183291554450989,15,21
56,0.3183291554450989,15,21
57,0.3183291554450989,15,21
58,0.3183291554450989,15,21
59,0.3183291554450989,15,21
60,0.3183291554450989,15,21
61,0.3183291554450989,15,21
62,0.3183291554450989,15,21
63,0.3460509181022644,15,21
64,0.3460509181022644,15,21
65,0.3460509181022644,15,21
66,0.3460509181022644,15,21
67,0.3460509181022644,15,21
68,0.3460509181022644,15,21
69,0.3904261589050293,15,21
70,0.43812066316604614,15,21
71,0.43812066316604614,15,21
72,0.43812066316604614,15,21
73,0.43812066316604614,15,21
74,0.43812066316604614,15,21
75,0.5478499531745911,15,21
76,0.5478499531745911,15,21
77,0.8664775192737579,15,21
78,0.9014466404914856,15,21
79,0.9014466404914856,15,21
80,0.9014466404914856,15,21
81,0.9014466404914856,15,21
82,0.9014466404914856,15,21
83,0.9014466404914856,15,21
84,0.9014466404914856,15,21
85,0.9014466404914856,15,21
86,0.9014466404914856,15,21
87,0.9014466404914856,15,21
88,0.9014466404914856,15,21
89,0.9014466404914856,15,21
90,0.9014466404914856,15,21
91,0.9014466404914856,15,21
92,0.9014466404914856,15,21
93,0.9014466404914856,15,21
94,0.9014466404914856,15,21
95,0.9014466404914856,15,21
96,0.9347705021500587,15,21
97,0.9347705021500587,15,21
98,0.9347705021500587,15,21
99,0.9414480589330196,15,21
100,0.9414480589330196,15,21
101,0.9414480589330196,15,21
102,0.9414480589330196,15,21
103,0.9414480589330196,15,21
104,0.9414480589330196,15,21
105,0.9414480589330196,15,21
106,0.9414480589330196,15,21
107,0.9414480589330196,15,21
108,0.9414480589330196,15,21
109,0.9414480589330196,15,21
110,0.9414480589330196,15,21
111,0.9414480589330196,15,21
112,0.9414480589330196,15,21
113,0.9414480589330196,15,21
114,0.9414480589330196,15,21
115,0.9414480589330196,15,21
116,0.9414480589330196,15,21
117,0.9414480589330196,15,21
118,0.9414480589330196,15,21
119,0.9414480589330196,15,21
120,0.9414480589330196,15,21
121,0.9414480589330196,15,21
122,0.9414480589330196,15,21
123,0.9482486583292484,15,21
124,0.9482486583292484,15,21
125,0.9731557928025723,15,21
126,0.9731557928025723,15,21
127,0.9731557928025723,15,21
128,0.9731557928025723,15,21
129,0.9731557928025723,15,21
130,0.9731557928025723,15,21
131,0.9731557928025723,15,21
132,0.9731557928025723,15,21
133,0.9731557928025723,15,21
134,0.9731557928025723,15,21
135,0.9731557928025723,15,21
136,0.9731557928025723,15,21
137,0.9731557928025723,15,21
138,0.9731557928025723,15,21
139,0.9731557928025723,15,21
140,0.9731557928025723,15,21
141,0.9844930116087198,14,21
142,0.9844930116087198,14,21
143,0.9844930116087198,14,21
144,0.9845336657017469,15,21
145,0.9845336657017469,15,21
146,0.9845336657017469,15,21
147,0.9845336657017469,15,21
148,0.9845336657017469,15,21
149,0.9957423293963075,15,21
150,0.9957423293963075,15,21
151,0.9957423293963075,15,21
152,0.9957423293963075,15,21
153,0.9957423293963075,15,21
154,0.9957423293963075,15,21
155,0.99660659651272,15,21
156,0.99660659651272,15,21
157,0.99660659651272,15,21
158,0.99660659651272,15,21
159,0.99660659651272,15,21
160,0.99660659651272,15,21
161,0.99660659651272,15,21
162,0.99660659651272,15,21
163,0.99660659651272,15,21
164,0.99660659651272,15,21
165,0.99660659651272,15,21
166,0.99660659651272,15,21
167,0.9966968148946762,15,21
168,0.9966968148946762,15,21
169,0.9966968148946762,15,21
170,0.9975320815574378,15,21
171,0.9975320815574378,15,21
172,0.9975320815574378,15,21
173,0.9975320815574378,15,21
174,0.9975320815574378,15,21
175,0.9975320815574378,15,21
176,0.9975320815574378,15,21
177,0.9975320815574378,15,21
178,0.9975320815574378,15,21
179,0.9975320815574378,15,21
180,0.9975320815574378,15,21
181,0.9975320815574378,15,21
182,0.9975320815574378,15,21
183,0.9975320815574378,15,21
184,0.9975320815574378,15,21
185,0.9975320815574378,15,21
186,0.9975320815574378,15,21
187,0.9975320815574378,15,21
188,0.9975320815574378,15,21
189,0.9975320815574378,15,21
190,0.9975320815574378,15,21
191,0.9975320815574378,15,21
192,0.9975320815574378,15,21
193,0.9975320815574378,15,21
194,0.9975320815574378,15,21
195,0.9975320815574378,15,21
196,0.9975320815574378,15,21
197,0.9975320815574378,15,21
198,0.9975320815574378,15,21
199,0.9975320815574378,15,21
200,0.9975320815574378,15,21
1,4.2319297790527344e-05,9,22
2,4.2319297790527344e-05,9,22
3,8.320808410644531e-05,14,22
4,0.00012886524200439453,8,22
5,0.00012886524200439453,8,22
6,0.0002651810646057129,15,22
7,0.00040584802627563477,15,22
8,0.0015043020248413086,13,22
9,0.0020743608474731445,15,22
10,0.0020743608474731445,15,22
11,0.0020743608474731445,15,22
12,0.0020743608474731445,15,22
13,0.005846798419952393,15,22
14,0.005846798419952393,15,22
15,0.005846798419952393,15,22
16,0.005846798419952393,15,22
17,0.005846798419952393,15,22
18,0.005846798419952393,15,22
19,0.005846798419952393,15,22
20,0.010180771350860596,15,22
21,0.010180771350860596,15,22
22,0.020045697689056396,14,22
23,0.020045697689056396,14,22
24,0.020045697689056396,14,22
25,0.07402288913726807,15,22
26,0.07402288913726807,15,22
27,0.07402288913726807,15,22
28,0.07402288913726807,15,22
29,0.07402288913726807,15,22
30,0.07402288913726807,15,22
31,0.07402288913726807,15,22
32,0.07402288913726807,15,22
33,0.07402288913726807,15,22
34,0.07402288913726807,15,22
35,0.07402288913726807,15,22
36,0.07402288913726807,15,22
37,0.07402288913726807,15,22
38,0.07402288913726807,15,22
39,0.07402288913726807,15,22
40,0.07402288913726807,15,22
41,0.07402288913726807,15,22
42,0.07402288913726807,15,22
43,0.07402288913726807,15,22
44,0.07402288913726807,15,22
45,0.1037023663520813,15,22
46,0.1037023663520813,15,22
47,0.2666468620300293,15,22
48,0.2666468620300293,15,22
49,0.2666468620300293,15,22
50,0.2666468620300293,15,22
51,0.2666468620300293,15,22
52,0.284549355506897,15,22
53,0.284549355506897,15,22
54,0.284549355506897,15,22
55,0.284549355506897,15,22
56,0.284549355506897,15,22
57,0.284549355506897,15,22
58,0.284549355506897,15,22
59,0.284549355506897,15,22
60,0.284549355506897,15,22
61,0.284549355506897,15,22
62,0.284549355506897,15,22
63,0.284549355506897,15,22
64,0.284549355506897,15,22
65,0.284549355506897,15,22
66,0.284549355506897,15,22
67,0.284549355506897,15,22
68,0.284549355506897,15,22
69,0.284549355506897,15,22
70,0.284549355506897,15,22
71,0.284549355506897,15,22
72,0.284549355506897,15,22
73,0.284549355506897,15,22
74,0.284549355506897,15,22
75,0.284549355506897,15,22
76,0.284549355506897,15,22
77,0.284549355506897,15,22
78,0.284549355506897,15,22
79,0.332192599773407,15,22
80,0.332192599773407,15,22
81,0.332192599773407,15,22
82,0.332192599773407,15,22
83,0.332192599773407,15,22
84,0.332192599773407,15,22
85,0.332192599773407,15,22
86,0.332192599773407,15,22
87,0.3513709306716919,15,22
88,0.3605530858039856,15,22
89,0.3605530858039856,15,22
90,0.3605530858039856,15,22
91,0.3605530858039856,15,22
92,0.5595124959945679,15,22
93,0.5595124959945679,15,22
94,0.5595124959945679,15,22
95,0.5595124959945679,15,22
96,0.5595124959945679,15,22
97,0.5595124959945679,15,22
98,0.5595124959945679,15,22
99,0.5595124959945679,15,22
100,0.5595124959945679,15,22
101,0.5595124959945679,15,22
102,0.5595124959945679,15,22
103,0.5595124959945679,15,22
104,0.5595124959945679,15,22
105,0.5595124959945679,15,22
106,0.5595124959945679,15,22
107,0.5595124959945679,15,22
108,0.5595124959945679,15,22
109,0.5595124959945679,15,22
110,0.5595124959945679,15,22
111,0.5595124959945679,15,22
112,0.5595124959945679,15,22
113,0.5595124959945679,15,22
114,0.563235342502594,15,22
115,0.563235342502594,15,22
116,0.6065539121627808,15,22
117,0.6065539121627808,15,22
118,0.6065539121627808,15,22
119,0.6065539121627808,15,22
120,0.6065539121627808,15,22
121,0.6651189029216766,14,22
122,0.6651189029216766,14,22
123,0.6651189029216766,14,22
124,0.6651189029216766,14,22
125,0.6924638450145721,14,22
126,0.6924638450145721,14,22
127,0.6924638450145721,14,22
128,0.6924638450145721,14,22
129,0.6924638450145721,14,22
130,0.6924638450145721,14,22
131,0.6924638450145721,14,22
132,0.6924638450145721,14,22
133,0.6924638450145721,14,22
134,0.7071631252765656,14,22
135,0.7071631252765656,14,22
136,0.7071631252765656,14,22
137,0.7071631252765656,14,22
138,0.7071631252765656,14,22
139,0.7629621624946594,15,22
140,0.7629621624946594,15,22
141,0.7629621624946594,15,22
142,0.7629621624946594,15,22
143,0.7629621624946594,15,22
144,0.7629621624946594,15,22
145,0.8026420176029205,15,22
146,0.8026420176029205,15,22
147,0.8089142143726349,15,22
148,0.8089142143726349,15,22
149,0.8089142143726349,15,22
150,0.8719535320997238,15,22
151,0.8719535320997238,15,22
152,0.8719535320997238,15,22
153,0.8929481208324432,15,22
154,0.8929481208324432,15,22
155,0.8929481208324432,15,22
156,0.8929481208324432,15,22
157,0.8929481208324432,15,22
158,0.8929481208324432,15,22
159,0.8929481208324432,15,22
160,0.8929481208324432,15,22
161,0.8929481208324432,15,22
162,0.8929481208324432,15,22
163,0.8929481208324432,15,22
164,0.8929481208324432,15,22
165,0.8929481208324432,15,22
166,0.8929481208324432,15,22
167,0.8929481208324432,15,22
168,0.8929481208324432,15,22
169,0.8929481208324432,15,22
170,0.8929481208324432,15,22
171,0.8929481208324432,15,22
172,0.8929481208324432,15,22
173,0.8929481208324432,15,22
174,0.8929481208324432,15,22
175,0.8929481208324432,15,22
176,0.8929481208324432,15,22
177,0.8929481208324432,15,22
178,0.8929481208324432,15,22
179,0.8929481208324432,15,22
180,0.8929481208324432,15,22
181,0.8929481208324432,15,22
182,0.8929481208324432,15,22
183,0.8929481208324432,15,22
184,0.8929481208324432,15,22
185,0.8929481208324432,15,22
186,0.8929481208324432,15,22
187,0.9000539407134056,15,22
188,0.9000539407134056,15,22
189,0.9000539407134056,15,22
190,0.9000539407134056,15,22
191,0.9145305305719376,15,22
192,0.9145305305719376,15,22
193,0.9145305305719376,15,22
194,0.9145305305719376,15,22
195,0.9299177676439285,15,22
196,0.9299177676439285,15,22
197,0.9299177676439285,15,22
198,0.9299177676439285,15,22
199,0.9299177676439285,15,22
200,0.9299177676439285,15,22
1,2.384185791015625e-07,15,23
2,2.384185791015625e-07,15,23
3,2.384185791015625e-07,15,23
4,2.384185791015625e-07,15,23
5,2.384185791015625e-07,15,23
6,2.384185791015625e-07,15,23
7,3.5762786865234375e-07,12,23
8,3.5762786865234375e-07,12,23
9,3.5762786865234375e-07,12,23
10,3.5762786865234375e-07,12,23
11,3.5762786865234375e-07,12,23
12,4.76837158203125e-07,14,23
13,4.76837158203125e-07,14,23
14,4.76837158203125e-07,14,23
15,5.960464477539062e-07,13,23
16,1.1920928955078125e-06,7,23
17,1.1920928955078125e-06,7,23
18,1.1920928955078125e-06,7,23
19,1.1920928955078125e-06,7,23
20,1.3113021850585938e-06,14,23
21,3.6954879760742188e-06,15,23
22,6.079673767089844e-06,15,23
23,6.079673767089844e-06,15,23
24,4.601478576660156e-05,15,23
25,4.601478576660156e-05,15,23
26,4.601478576660156e-05,15,23
27,4.601478576660156e-05,15,23
28,4.601478576660156e-05,15,23
29,5.829334259033203e-05,15,23
30,0.0003064870834350586,15,23
31,0.0003064870834350586,15,23
32,0.0003064870834350586,15,23
33,0.0003064870834350586,15,23
34,0.0003064870834350586,15,23
35,0.0003064870834350586,15,23
36,0.0003064870834350586,15,23
37,0.0003064870834350586,15,23
38,0.0003064870834350586,15,23
39,0.0003064870834350586,15,23
40,0.0003064870834350586,15,23
41,0.0003064870834350586,15,23
42,0.0003064870834350586,15,23
43,0.0003064870834350586,15,23
44,0.0003064870834350586,15,23
45,0.0003064870834350586,15,23
46,0.008212029933929443,15,23
47,0.008212029933929443,15,23
48,0.008212029933929443,15,23
49,0.008212029933929443,15,23
50,0.008212029933929443,15,23
51,0.008212029933929443,15,23
52,0.008212029933929443,15,23
53,0.008212029933929443,15,23
54,0.008212029933929443,15,23
55,0.008212029933929443,15,23
56,0.008212029933929443,15,23
57,0.008212029933929443,15,23
58,0.011999428272247314,15,23
59,0.011999428272247314,15,23
60,0.011999428272247314,15,23
61,0.011999428272247314,15,23
62,0.011999428272247314,15,23
63,0.011999428272247314,15,23
64,0.011999428272247314,15,23
65,0.013718664646148682,15,23
66,0.013718664646148682,15,23
67,0.013718664646148682,15,23
68,0.013718664646148682,15,23
69,0.013718664646148682,15,23
70,0.013718664646148682,15,23
71,0.013718664646148682,15,23
72,0.015788733959197998,15,23
73,0.015788733959197998,15,23
74,0.015788733959197998,15,23
75,0.015788733959197998,15,23
76,0.016275525093078613,15,23
77,0.016275525093078613,15,23
78,0.016275525093078613,15,23
79,0.016275525093078613,15,23
80,0.016275525093078613,15,23
81,0.016275525093078613,15,23
82,0.016275525093078613,15,23
83,0.10658770799636841,15,23
84,0.10658770799636841,15,23
85,0.10658770799636841,15,23
86,0.10658770799636841,15,23
87,0.10658770799636841,15,23
88,0.10658770799636841,15,23
89,0.10658770799636841,15,23
90,0.10658770799636841,15,23
91,0.10658770799636841,15,23
92,0.10658770799636841,15,23
93,0.10658770799636841,15,23
94,0.10658770799636841,15,23
95,0.10658770799636841,15,23
96,0.10658770799636841,15,23
97,0.10658770799636841,15,23
98,0.10658770799636841,15,23
99,0.10658770799636841,15,23
100,0.10658770799636841,15,23
101,0.10658770799636841,15,23
102,0.10658770799636841,15,23
103,0.17825645208358765,15,23
104,0.17825645208358765,15,23
105,0.17825645208358765,15,23
106,0.17825645208358765,15,23
107,0.17825645208358765,15,23
108,0.1816849708557129,15,23
109,0.1816849708557129,15,23
110,0.20439422130584717,15,23
111,0.23710763454437256,15,23
112,0.23710763454437256,15,23
113,0.23710763454437256,15,23
114,0.273759126663208,14,23
115,0.273759126663208,14,23
116,0.273759126663208,14,23
117,0.273759126663208,14,23
118,0.273759126663208,14,23
119,0.273759126663208,14,23
120,0.27504658699035645,15,23
121,0.27504658699035645,15,23
122,0.27504658699035645,15,23
123,0.27504658699035645,15,23
124,0.27504658699035645,15,23
125,0.27504658699035645,15,23
126,0.5829661190509796,14,23
127,0.5829661190509796,14,23
128,0.5829661190509796,14,23
129,0.5829661190509796,14,23
130,0.5829661190509796,14,23
131,0.5829661190509796,14,23
132,0.5829661190509796,14,23
133,0.5829661190509796,14,23
134,0.5829661190509796,14,23
135,0.5829661190509796,14,23
136,0.5829661190509796,14,23
137,0.5829661190509796,14,23
138,0.5829661190509796,14,23
139,0.5829661190509796,14,23
140,0.5829661190509796,14,23
141,0.5829661190509796,14,23
142,0.5829661190509796,14,23
143,0.5829661190509796,14,23
144,0.594414621591568,15,23
145,0.594414621591568,15,23
146,0.594414621591568,15,23
147,0.594414621591568,15,23
148,0.594414621591568,15,23
149,0.594414621591568,15,23
150,0.594414621591568,15,23
151,0.594414621591568,15,23
152,0.594414621591568,15,23
153,0.594414621591568,15,23
154,0.594414621591568,15,23
155,0.594414621591568,15,23
156,0.594414621591568,15,23
157,0.594414621591568,15,23
158,0.594414621591568,15,23
159,0.594414621591568,15,23
160,0.594414621591568,15,23
161,0.594414621591568,15,23
162,0.594414621591568,15,23
163,0.594414621591568,15,23
164,0.594414621591568,15,23
165,0.594414621591568,15,23
166,0.6646444499492645,15,23
167,0.6646444499492645,15,23
168,0.6646444499492645,15,23
169,0.6646444499492645,15,23
170,0.6646444499492645,15,23
171,0.7308477759361267,15,23
172,0.7308477759361267,15,23
173,0.7308477759361267,15,23
174,0.7308477759361267,15,23
175,0.7308477759361267,15,23
176,0.7308477759361267,15,23
177,0.7308477759361267,15,23
178,0.7535703927278519,15,23
179,0.7535703927278519,15,23
180,0.7535703927278519,15,23
181,0.7535703927278519,15,23
182,0.7535703927278519,15,23
183,0.7535703927278519,15,23
184,0.7535703927278519,15,23
185,0.7989304214715958,15,23
186,0.7989304214715958,15,23
187,0.7989304214715958,15,23
188,0.8275292366743088,15,23
189,0.8275292366743088,15,23
190,0.8281982392072678,15,23
191,0.8281982392072678,15,23
192,0.8281982392072678,15,23
193,0.8281982392072678,15,23
194,0.8281982392072678,15,23
195,0.8281982392072678,15,23
196,0.8281982392072678,15,23
197,0.8281982392072678,15,23
198,0.8281982392072678,15,23
199,0.8281982392072678,15,23
200,0.8281982392072678,15,23
1,0.0,1,24
2,0.0,1,24
3,0.0,1,24
4,0.0,1,24
5,0.0,1,24
6,0.0,1,24
7,0.0,1,24
8,0.0,1,24
9,0.0,1,24
10,0.0,1,24
11,0.0,1,24
12,0.0,1,24
13,0.0,1,24
14,0.0,1,24
15,0.0,1,24
16,0.0,1,24
17,0.0,1,24
18,0.0,1,24
19,0.0,1,24
20,0.0,1,24
21,0.0,1,24
22,0.0,1,24
23,0.0,1,24
24,0.0,1,24
25,0.0,1,24
26,0.0,1,24
27,0.0,1,24
28,0.0,1,24
29,0.0,1,24
30,0.0,1,24
31,0.0,1,24
32,0.0,1,24
33,0.0,1,24
34,0.0,1,24
35,0.0,1,24
36,0.0,1,24
37,0.0,1,24
38,0.0,1,24
39,0.0,1,24
40,0.0,1,24
41,0.0,1,24
42,0.0,1,24
43,0.0,1,24
44,0.0,1,24
45,0.0,1,24
46,0.0,1,24
47,0.0,1,24
48,0.0,1,24
49,0.0,1,24
50,0.0,1,24
51,0.0,1,24
52,0.0,1,24
53,0.0,1,24
54,0.0,1,24
55,0.0,1,24
56,0.0,1,24
57,0.0,1,24
58,0.0,1,24
59,0.0,1,24
60,0.0,1,24
61,0.0,1,24
62,2.384185791015625e-07,11,24
63,2.384185791015625e-07,11,24
64,2.384185791015625e-07,11,24
65,2.384185791015625e-07,11,24
66,2.384185791015625e-07,11,24
67,2.384185791015625e-07,11,24
68,2.384185791015625e-07,11,24
69,2.384185791015625e-07,11,24
70,2.384185791015625e-07,11,24
71,2.384185791015625e-07,13,24
72,2.384185791015625e-07,14,24
73,2.384185791015625e-07,14,24
74,2.384185791015625e-07,14,24
75,2.384185791015625e-07,14,24
76,2.384185791015625e-07,15,24
77,2.384185791015625e-07,15,24
78,2.384185791015625e-07,15,24
79,2.384185791015625e-07,15,24
80,2.384185791015625e-07,15,24
81,2.384185791015625e-07,15,24
82,2.384185791015625e-07,15,24
83,2.384185791015625e-07,15,24
84,2.384185791015625e-07,15,24
85,1.1920928955078125e-06,13,24
86,1.1920928955078125e-06,13,24
87,1.1920928955078125e-06,13,24
88,1.1920928955078125e-06,13,24
89,1.1920928955078125e-06,13,24
90,2.5033950805664062e-06,13,24
91,2.5033950805664062e-06,13,24
92,2.5033950805664062e-06,13,24
93,2.5033950805664062e-06,13,24
94,2.5033950805664062e-06,13,24
95,2.5033950805664062e-06,13,24
96,2.5033950805664062e-06,13,24
97,2.5033950805664062e-06,13,24
98,2.5033950805664062e-06,13,24
99,2.5033950805664062e-06,13,24
100,2.5033950805664062e-06,13,24
101,2.6226043701171875e-06,14,24
102,2.6226043701171875e-06,14,24
103,2.6226043701171875e-06,15,24
104,2.6226043701171875e-06,15,24
105,5.125999450683594e-06,14,24
106,5.125999450683594e-06,14,24
107,5.125999450683594e-06,14,24
108,6.4373016357421875e-06,15,24
109,6.4373016357421875e-06,15,24
110,8.225440979003906e-06,15,24
111,1.0371208190917969e-05,15,24
112,1.0371208190917969e-05,15,24
113,4.601478576660156e-05,14,24
114,5.352497100830078e-05,15,24
115,6.687641143798828e-05,14,24
116,6.687641143798828e-05,14,24
117,6.687641143798828e-05,14,24
118,6.687641143798828e-05,14,24
119,6.687641143798828e-05,14,24
120,6.687641143798828e-05,14,24
121,0.00013780593872070312,15,24
122,0.00013780593872070312,15,24
123,0.00013780593872070312,15,24
124,0.00017589330673217773,15,24
125,0.00017589330673217773,15,24
126,0.00017589330673217773,15,24
127,0.00017589330673217773,15,24
128,0.00017589330673217773,15,24
129,0.00017589330673217773,15,24
130,0.00017589330673217773,15,24
131,0.00017589330673217773,15,24
132,0.00017589330673217773,15,24
133,0.00017589330673217773,15,24
134,0.00017589330673217773,15,24
135,0.0001938939094543457,15,24
136,0.0001938939094543457,15,24
137,0.0001938939094543457,15,24
138,0.0001938939094543457,15,24
139,0.00020688772201538086,15,24
140,0.00020688772201538086,15,24
141,0.00029605627059936523,15,24
142,0.00029605627059936523,15,24
143,0.00029605627059936523,15,24
144,0.00029605627059936523,15,24
145,0.00029605627059936523,15,24
146,0.001052558422088623,15,24
147,0.001052558422088623,15,24
148,0.001052558422088623,15,24
149,0.001052558422088623,15,24
150,0.001052558422088623,15,24
151,0.001052558422088623,15,24
152,0.001052558422088623,15,24
153,0.001052558422088623,15,24
154,0.001052558422088623,15,24
155,0.001052558422088623,15,24
156,0.001052558422088623,15,24
157,0.001052558422088623,15,24
158,0.001052558422088623,15,24
159,0.001052558422088623,15,24
160,0.001052558422088623,15,24
161,0.001052558422088623,15,24
162,0.001052558422088623,15,24
163,0.001052558422088623,15,24
164,0.001052558422088623,15,24
165,0.014248847961425781,15,24
166,0.014248847961425781,15,24
167,0.014248847961425781,15,24
168,0.014248847961425781,15,24
169,0.014248847961425781,15,24
170,0.014248847961425781,15,24
171,0.014248847961425781,15,24
172,0.014248847961425781,15,24
173,0.014248847961425781,15,24
174,0.014248847961425781,15,24
175,0.014248847961425781,15,24
176,0.014248847961425781,15,24
177,0.014248847961425781,15,24
178,0.014248847961425781,15,24
179,0.014248847961425781,15,24
180,0.014248847961425781,15,24
181,0.014248847961425781,15,24
182,0.014248847961425781,15,24
183,0.014248847961425781,15,24
184,0.014248847961425781,15,24
185,0.014248847961425781,15,24
186,0.014248847961425781,15,24
187,0.014248847961425781,15,24
188,0.014248847961425781,15,24
189,0.014248847961425781,15,24
190,0.014248847961425781,15,24
191,0.014248847961425781,15,24
192,0.014248847961425781,15,24
193,0.014248847961425781,15,24
194,0.014248847961425781,15,24
195,0.014248847961425781,15,24
196,0.014248847961425781,15,24
197,0.014248847961425781,15,24
198,0.014248847961425781,15,24
199,0.014248847961425781,15,24
200,0.014248847961425781,15,24
1,4.76837158203125e-07,15,25
2,4.76837158203125e-07,15,25
3,7.152557373046875e-07,14,25
4,7.152557373046875e-07,14,25
5,1.3113021850585938e-06,13,25
6,1.3113021850585938e-06,13,25
7,1.3113021850585938e-06,13,25
8,2.86102294921875e-06,15,25
9,2.86102294921875e-06,15,25
10,7.3909759521484375e-06,15,25
11,7.3909759521484375e-06,15,25
12,9.655952453613281e-06,15,25
13,9.655952453613281e-06,15,25
14,9.655952453613281e-06,15,25
15,9.655952453613281e-06,15,25
16,9.655952453613281e-06,15,25
17,2.3365020751953125e-05,15,25
18,2.3365020751953125e-05,15,25
19,7.665157318115234e-05,15,25
20,9.179115295410156e-05,15,25
21,0.00010585784912109375,15,25
22,0.00010585784912109375,15,25
23,0.00010585784912109375,15,25
24,0.0001081228256225586,14,25
25,0.0001081228256225586,14,25
26,0.0001081228256225586,14,25
27,0.0001081228256225586,14,25
28,0.0001081228256225586,14,25
29,0.0001081228256225586,14,25
30,0.00015997886657714844,15,25
31,0.00019878149032592773,15,25
32,0.00019878149032592773,15,25
33,0.00019878149032592773,15,25
34,0.00019878149032592773,15,25
35,0.00019878149032592773,15,25
36,0.00019878149032592773,15,25
37,0.00019878149032592773,15,25
38,0.00019878149032592773,15,25
39,0.00019878149032592773,15,25
40,0.00019878149032592773,15,25
41,0.00019878149032592773,15,25
42,0.00021499395370483398,15,25
43,0.00040715932846069336,15,25
44,0.00040715932846069336,15,25
45,0.00043827295303344727,15,25
46,0.00043827295303344727,15,25
47,0.00043827295303344727,15,25
48,0.00043827295303344727,15,25
49,0.00043827295303344727,15,25
50,0.00047028064727783203,15,25
51,0.0006011724472045898,15,25
52,0.0006011724472045898,15,25
53,0.002053201198577881,15,25
54,0.002053201198577881,15,25
55,0.002053201198577881,15,25
56,0.002053201198577881,15,25
57,0.002053201198577881,15,25
58,0.004688680171966553,15,25
59,0.004688680171966553,15,25
60,0.004688680171966553,15,25
61,0.004688680171966553,15,25
62,0.004688680171966553,15,25
63,0.004688680171966553,15,25
64,0.004688680171966553,15,25
65,0.004688680171966553,15,25
66,0.004688680171966553,15,25
67,0.005648493766784668,15,25
68,0.005648493766784668,15,25
69,0.005648493766784668,15,25
70,0.005648493766784668,15,25
71,0.005648493766784668,15,25
72,0.005648493766784668,15,25
73,0.005648493766784668,15,25
74,0.005648493766784668,15,25
75,0.005648493766784668,15,25
76,0.010288000106811523,15,25
77,0.010288000106811523,15,25
78,0.010288000106811523,15,25
79,0.010288000106811523,15,25
80,0.010288000106811523,15,25
81,0.03924745321273804,15,25
82,0.03924745321273804,15,25
83,0.03924745321273804,15,25
84,0.03924745321273804,15,25
85,0.03924745321273804,15,25
86,0.03924745321273804,15,25
87,0.03924745321273804,15,25
88,0.03924745321273804,15,25
89,0.03924745321273804,15,25
90,0.03924745321273804,15,25
91,0.03924745321273804,15,25
92,0.03924745321273804,15,25
93,0.03924745321273804,15,25
94,0.03924745321273804,15,25
95,0.03924745321273804,15,25
96,0.03924745321273804,15,25
97,0.03924745321273804,15,25
98,0.03924745321273804,15,25
99,0.03924745321273804,15,25
100,0.03924745321273804,15,25
101,0.03924745321273804,15,25
102,0.03924745321273804,15,25
103,0.04632490873336792,15,25
104,0.04632490873336792,15,25
105,0.04632490873336792,15,25
106,0.04632490873336792,15,25
107,0.04632490873336792,15,25
108,0.04632490873336792,15,25
109,0.04632490873336792,15,25
110,0.04632490873336792,15,25
111,0.04632490873336792,15,25
112,0.097720205783844,15,25
113,0.097720205783844,15,25
114,0.097720205783844,15,25
115,0.097720205783844,15,25
116,0.097720205783844,15,25
117,0.097720205783844,15,25
118,0.097720205783844,15,25
119,0.097720205783844,15,25
120,0.097720205783844,15,25
121,0.097720205783844,15,25
122,0.097720205783844,15,25
123,0.097720205783844,15,25
124,0.097720205783844,15,25
125,0.097720205783844,15,25
126,0.097720205783844,15,25
127,0.097720205783844,15,25
128,0.097720205783844,15,25
129,0.097720205783844,15,25
130,0.097720205783844,15,25
131,0.097720205783844,15,25
132,0.097720205783844,15,25
133,0.097720205783844,15,25
134,0.1364927887916565,15,25
135,0.1382576823234558,15,25
136,0.1382576823234558,15,25
137,0.1382576823234558,15,25
138,0.1382576823234558,15,25
139,0.1382576823234558,15,25
140,0.1382576823234558,15,25
141,0.1382576823234558,15,25
142,0.1382576823234558,15,25
143,0.1382576823234558,15,25
144,0.16167378425598145,15,25
145,0.16167378425598145,15,25
146,0.1659318208694458,15,25
147,0.1659318208694458,15,25
148,0.1659318208694458,15,25
149,0.1659318208694458,15,25
150,0.1659318208694458,15,25
151,0.1659318208694458,15,25
152,0.1659318208694458,15,25
153,0.1659318208694458,15,25
154,0.1659318208694458,15,25
155,0.1659318208694458,15,25
156,0.17576313018798828,15,25
157,0.17576313018798828,15,25
158,0.17576313018798828,15,25
159,0.19688063859939575,15,25
160,0.20963501930236816,15,25
161,0.20963501930236816,15,25
162,0.20963501930236816,15,25
163,0.20963501930236816,15,25
164,0.26142048835754395,15,25
165,0.2772393226623535,15,25
166,0.2772393226623535,15,25
167,0.2772393226623535,15,25
168,0.3575435280799866,14,25
169,0.3575435280799866,14,25
170,0.3575435280799866,14,25
171,0.3575435280799866,14,25
172,0.3575435280799866,14,25
173,0.39381057024002075,15,25
174,0.39381057024002075,15,25
175,0.39381057024002075,15,25
176,0.39381057024002075,15,25
177,0.39381057024002075,15,25
178,0.39381057024002075,15,25
179,0.39381057024002075,15,25
180,0.40567106008529663,15,25
181,0.40567106008529663,15,25
182,0.40567106008529663,15,25
183,0.40567106008529663,15,25
184,0.40567106008529663,15,25
185,0.40567106008529663,15,25
186,0.40567106008529663,15,25
187,0.40567106008529663,15,25
188,0.40567106008529663,15,25
189,0.40567106008529663,15,25
190,0.44943809509277344,14,25
191,0.44943809509277344,14,25
192,0.44943809509277344,14,25
193,0.4763690233230591,15,25
194,0.4763690233230591,15,25
195,0.4763690233230591,15,25
196,0.4763690233230591,15,25
197,0.4763690233230591,15,25
198,0.4763690233230591,15,25
199,0.4763690233230591,15,25
200,0.4763690233230591,15,25
1,7.3909759521484375e-06,15,26
2,1.0609626770019531e-05,12,26
3,1.5854835510253906e-05,15,26
4,1.5854835510253906e-05,15,26
5,0.0001361370086669922,15,26
6,0.0001361370086669922,15,26
7,0.0008870959281921387,15,26
8,0.0010185837745666504,14,26
9,0.0010185837745666504,14,26
10,0.004767239093780518,15,26
11,0.09354013204574585,14,26
12,0.09354013204574585,14,26
13,0.09354013204574585,14,26
14,0.09354013204574585,14,26
15,0.09354013204574585,14,26
16,0.09354013204574585,14,26
17,0.09354013204574585,14,26
18,0.09354013204574585,14,26
19,0.09354013204574585,14,26
20,0.09354013204574585,14,26
21,0.09354013204574585,14,26
22,0.09354013204574585,14,26
23,0.09354013204574585,14,26
24,0.09354013204574585,14,26
25,0.27441340684890747,15,26
26,0.27441340684890747,15,26
27,0.27441340684890747,15,26
28,0.2769949436187744,15,26
29,0.2769949436187744,15,26
30,0.2769949436187744,15,26
31,0.2769949436187744,15,26
32,0.2769949436187744,15,26
33,0.2769949436187744,15,26
34,0.2769949436187744,15,26
35,0.2787975072860718,15,26
36,0.2787975072860718,15,26
37,0.3648751974105835,14,26
38,0.3661755323410034,15,26
39,0.3661755323410034,15,26
40,0.3661755323410034,15,26
41,0.3661755323410034,15,26
42,0.3661755323410034,15,26
43,0.37418490648269653,15,26
44,0.37418490648269653,15,26
45,0.4586416482925415,15,26
46,0.5388508141040802,15,26
47,0.5388508141040802,15,26
48,0.645055502653122,15,26
49,0.645055502653122,15,26
50,0.645055502653122,15,26
51,0.645055502653122,15,26
52,0.645055502653122,15,26
53,0.645055502653122,15,26
54,0.645055502653122,15,26
55,0.645055502653122,15,26
56,0.645055502653122,15,26
57,0.645055502653122,15,26
58,0.645055502653122,15,26
59,0.645055502653122,15,26
60,0.645055502653122,15,26
61,0.645055502653122,15,26
62,0.768665537238121,15,26
63,0.768665537238121,15,26
64,0.768665537238121,15,26
65,0.768665537238121,15,26
66,0.768665537238121,15,26
67,0.768665537238121,15,26
68,0.768665537238121,15,26
69,0.790363609790802,15,26
70,0.790363609790802,15,26
71,0.790363609790802,15,26
72,0.790363609790802,15,26
73,0.8641337603330612,15,26
74,0.8641337603330612,15,26
75,0.8641337603330612,15,26
76,0.9222310483455658,15,26
77,0.9222310483455658,15,26
78,0.9222310483455658,15,26
79,0.9222310483455658,15,26
80,0.9222310483455658,15,26
81,0.9222310483455658,15,26
82,0.9222310483455658,15,26
83,0.9222310483455658,15,26
84,0.9222310483455658,15,26
85,0.9308200106024742,15,26
86,0.9308200106024742,15,26
87,0.9364831522107124,15,26
88,0.9525374844670296,15,26
89,0.9525374844670296,15,26
90,0.9525374844670296,15,26
91,0.9525374844670296,15,26
92,0.9525374844670296,15,26
93,0.9525374844670296,15,26
94,0.9525374844670296,15,26
95,0.9525374844670296,15,26
96,0.9525374844670296,15,26
97,0.9525374844670296,15,26
98,0.9525374844670296,15,26
99,0.9525374844670296,15,26
100,0.9674336276948452,15,26
101,0.9863960547372699,15,26
102,0.9863960547372699,15,26
103,0.9863960547372699,15,26
104,0.9863960547372699,15,26
105,0.9863960547372699,15,26
106,0.9964123070240021,15,26
107,0.9964779429137707,15,26
108,0.9979809946380556,15,26
109,0.9979809946380556,15,26
110,0.9979809946380556,15,26
111,0.9979809946380556,15,26
112,0.9979809946380556,15,26
113,0.9979809946380556,15,26
114,0.9979809946380556,15,26
115,0.9979809946380556,15,26
116,0.9979809946380556,15,26
117,0.9979809946380556,15,26
118,0.9979809946380556,15,26
119,0.9979809946380556,15,26
120,0.9979809946380556,15,26
121,0.9980198414996266,15,26
122,0.9980198414996266,15,26
123,0.9980198414996266,15,26
124,0.9980198414996266,15,26
125,0.9980198414996266,15,26
126,0.9980198414996266,15,26
127,0.9980198414996266,15,26
128,0.9980198414996266,15,26
129,0.9980198414996266,15,26
130,0.9980198414996266,15,26
131,0.9980198414996266,15,26
132,0.9980198414996266,15,26
133,0.9998912499140715,15,26
134,0.9998912499140715,15,26
135,0.9998912499140715,15,26
136,0.9998912499140715,15,26
137,0.9998912499140715,15,26
138,0.9998912499140715,15,26
139,0.9998912499140715,15,26
140,0.9998912499140715,15,26
141,0.9998912499140715,15,26
142,0.9998912499140715,15,26
143,0.9998912499140715,15,26
144,0.9998912499140715,15,26
145,0.9998912499140715,15,26
146,0.9998912499140715,15,26
147,0.9998912499140715,15,26
148,0.9998912499140715,15,26
149,0.9998912499140715,15,26
150,0.9998912499140715,15,26
151,0.9998912499140715,15,26
152,0.9998912499140715,15,26
153,0.9998912499140715,15,26
154,0.9999175829507294,15,26
155,0.9999175829507294,15,26
156,0.9999175829507294,15,26
157,0.9999175829507294,15,26
158,0.9999175829507294,15,26
159,0.9999175829507294,15,26
160,0.9999175829507294,15,26
161,0.9999175829507294,15,26
162,0.9999175829507294,15,26
163,0.9999175829507294,15,26
164,0.9999175829507294,15,26
165,0.9999175829507294,15,26
166,0.9999175829507294,15,26
167,0.9999175829507294,15,26
168,0.9999175829507294,15,26
169,0.9999175829507294,15,26
170,0.9999175829507294,15,26
171,0.9999175829507294,15,26
172,0.9999175829507294,15,26
173,0.9999175829507294,15,26
174,0.9999175829507294,15,26
175,0.9999175829507294,15,26
176,0.9999175829507294,15,26
177,0.9999175829507294,15,26
178,0.9999175829507294,15,26
179,0.9999175829507294,15,26
180,0.9999175829507294,15,26
181,0.9999175829507294,15,26
182,0.9999175829507294,15,26
183,0.9999175829507294,15,26
184,0.9999175829507294,15,26
185,0.9999175829507294,15,26
186,0.9999175829507294,15,26
187,0.9999175829507294,15,26
188,0.9999175829507294,15,26
189,0.9999175829507294,15,26
190,0.9999175829507294,15,26
191,0.9999175829507294,15,26
192,0.9999175829507294,15,26
193,0.9999175829507294,15,26
194,0.9999175829507294,15,26
195,0.9999175829507294,15,26
196,0.9999516401512665,15,26
197,0.9999516401512665,15,26
198,0.9999516401512665,15,26
199,0.9999516401512665,15,26
200,0.9999516401512665,15,26
1,9.775161743164062e-05,9,27
2,0.00011181831359863281,11,27
3,0.0005252957344055176,14,27
4,0.002457261085510254,15,27
5,0.002457261085510254,15,27
6,0.003431081771850586,13,27
7,0.003431081771850586,13,27
8,0.003431081771850586,13,27
9,0.004890859127044678,15,27
10,0.010584592819213867,14,27
11,0.01853543519973755,14,27
12,0.019547998905181885,15,27
13,0.03278762102127075,15,27
14,0.08986377716064453,14,27
15,0.08986377716064453,14,27
16,0.10073232650756836,15,27
17,0.10073232650756836,15,27
18,0.10073232650756836,15,27
19,0.10073232650756836,15,27
20,0.10073232650756836,15,27
21,0.10073232650756836,15,27
22,0.10073232650756836,15,27
23,0.5442143678665161,15,27
24,0.5442143678665161,15,27
25,0.5442143678665161,15,27
26,0.5442143678665161,15,27
27,0.5442143678665161,15,27
28,0.5442143678665161,15,27
29,0.5442143678665161,15,27
30,0.5442143678665161,15,27
31,0.5442143678665161,15,27
32,0.589171439409256,15,27
33,0.589171439409256,15,27
34,0.5896263122558594,15,27
35,0.5896263122558594,15,27
36,0.5896263122558594,15,27
37,0.5896263122558594,15,27
38,0.5896263122558594,15,27
39,0.5896263122558594,15,27
40,0.5896263122558594,15,27
41,0.5896263122558594,15,27
42,0.5896263122558594,15,27
43,0.5896263122558594,15,27
44,0.5896263122558594,15,27
45,0.5896263122558594,15,27
46,0.6187129020690918,15,27
47,0.6187129020690918,15,27
48,0.6360670030117035,15,27
49,0.6360670030117035,15,27
50,0.6360670030117035,15,27
51,0.6360670030117035,15,27
52,0.6360670030117035,15,27
53,0.6360670030117035,15,27
54,0.6624731421470642,15,27
55,0.6624752283096313,15,27
56,0.6624752283096313,15,27
57,0.7148366570472717,15,27
58,0.7148366570472717,15,27
59,0.9798718299716711,15,27
60,0.9798718299716711,15,27
61,0.9798718299716711,15,27
62,0.9803747702389956,15,27
63,0.9846990639343858,15,27
64,0.9846990639343858,15,27
65,0.9846990639343858,15,27
66,0.9846990639343858,15,27
67,0.9846990639343858,15,27
68,0.9846990639343858,15,27
69,0.9846990639343858,15,27
70,0.9846990639343858,15,27
71,0.9846990639343858,15,27
72,0.9846990639343858,15,27
73,0.9846990639343858,15,27
74,0.9846990639343858,15,27
75,0.9846990639343858,15,27
76,0.9846990639343858,15,27
77,0.9847959876060486,15,27
78,0.9847959876060486,15,27
79,0.9847959876060486,15,27
80,0.9847959876060486,15,27
81,0.9847959876060486,15,27
82,0.9878117237240076,15,27
83,0.9878117237240076,15,27
84,0.9878117237240076,15,27
85,0.9878117237240076,15,27
86,0.9878117237240076,15,27
87,0.9878117237240076,15,27
88,0.9878117237240076,15,27
89,0.9878117237240076,15,27
90,0.9878117237240076,15,27
91,0.9878117237240076,15,27
92,0.9878117237240076,15,27
93,0.9878117237240076,15,27
94,0.9878117237240076,15,27
95,0.9878117237240076,15,27
96,0.9878117237240076,15,27
97,0.9878117237240076,15,27
98,0.9878117237240076,15,27
99,0.9878117237240076,15,27
100,0.9878117237240076,15,27
101,0.9878117237240076,15,27
102,0.9909881893545389,15,27
103,0.9909881893545389,15,27
104,0.9909881893545389,15,27
105,0.9921207036823034,15,27
106,0.9921207036823034,15,27
107,0.9921859670430422,15,27
108,0.9921859670430422,15,27
109,0.9921859670430422,15,27
110,0.9921859670430422,15,27
111,0.9921859670430422,15,27
112,0.9921859670430422,15,27
113,0.9921859670430422,15,27
114,0.9921859670430422,15,27
115,0.9934277110733092,15,27
116,0.9934277110733092,15,27
117,0.9934277110733092,15,27
118,0.9934277110733092,15,27
119,0.9934277110733092,15,27
120,0.9934277110733092,15,27
121,0.9934277110733092,15,27
122,0.9934277110733092,15,27
123,0.9934277110733092,15,27
124,0.9934277110733092,15,27
125,0.9934277110733092,15,27
126,0.9934277110733092,15,27
127,0.9934277110733092,15,27
128,0.9934277110733092,15,27
129,0.9934277110733092,15,27
130,0.9934277110733092,15,27
131,0.9934277110733092,15,27
132,0.9934277110733092,15,27
133,0.9934277110733092,15,27
134,0.9934277110733092,15,27
135,0.9934277110733092,15,27
136,0.9934277110733092,15,27
137,0.9934277110733092,15,27
138,0.9934277110733092,15,27
139,0.9934277110733092,15,27
140,0.9934277110733092,15,27
141,0.9934277110733092,15,27
142,0.9934277110733092,15,27
143,0.9949082229286432,15,27
144,0.9949082229286432,15,27
145,0.9955687220208347,15,27
146,0.9955687220208347,15,27
147,0.9955687220208347,15,27
148,0.9955687220208347,15,27
149,0.9955687220208347,15,27
150,0.9955687220208347,15,27
151,0.9955687220208347,15,27
152,0.9955687220208347,15,27
153,0.9955687220208347,15,27
154,0.9955687220208347,15,27
155,0.9955687220208347,15,27
156,0.9955687220208347,15,27
157,0.9955687220208347,15,27
158,0.9955687220208347,15,27
159,0.9955687220208347,15,27
160,0.9955687220208347,15,27
161,0.9955687220208347,15,27
162,0.9955687220208347,15,27
163,0.9955687220208347,15,27
164,0.9955687220208347,15,27
165,0.9955687220208347,15,27
166,0.9955687220208347,15,27
167,0.9955687220208347,15,27
168,0.9955687220208347,15,27
169,0.9955687220208347,15,27
170,0.9955687220208347,15,27
171,0.9955687220208347,15,27
172,0.9955687220208347,15,27
173,0.9955687220208347,15,27
174,0.9955687220208347,15,27
175,0.9955687220208347,15,27
176,0.9955687220208347,15,27
177,0.9965490521863103,15,27
178,0.9965490521863103,15,27
179,0.9965490521863103,15,27
180,0.9965490521863103,15,27
181,0.9965490521863103,15,27
182,0.9965490521863103,15,27
183,0.9965490521863103,15,27
184,0.9965490521863103,15,27
185,0.9965490521863103,15,27
186,0.9965490521863103,15,27
187,0.9966367182787508,15,27
188,0.9966367182787508,15,27
189,0.9966367182787508,15,27
190,0.9966367182787508,15,27
191,0.9966367182787508,15,27
192,0.9966367182787508,15,27
193,0.9966367182787508,15,27
194,0.9966367182787508,15,27
195,0.9966367182787508,15,27
196,0.9966367182787508,15,27
197,0.9966367182787508,15,27
198,0.9966367182787508,15,27
199,0.9966367182787508,15,27
200,0.9966367182787508,15,27
1,5.364418029785156e-06,4,28
2,7.867813110351562e-06,5,28
3,1.239776611328125e-05,14,28
4,1.33514404296875e-05,11,28
5,1.33514404296875e-05,11,28
6,1.33514404296875e-05,11,28
7,3.635883331298828e-05,15,28
8,3.635883331298828e-05,15,28
9,3.635883331298828e-05,15,28
10,3.635883331298828e-05,15,28
11,3.635883331298828e-05,15,28
12,3.635883331298828e-05,15,28
13,3.635883331298828e-05,15,28
14,6.914138793945312e-05,15,28
15,8.428096771240234e-05,14,28
16,9.512901306152344e-05,15,28
17,0.00024133920669555664,15,28
18,0.00024133920669555664,15,28
19,0.00024133920669555664,15,28
20,0.00024133920669555664,15,28
21,0.00024133920669555664,15,28
22,0.00025707483291625977,15,28
23,0.00025707483291625977,15,28
24,0.00026148557662963867,15,28
25,0.00026148557662963867,15,28
26,0.00026148557662963867,15,28
27,0.00026148557662963867,15,28
28,0.00026148557662963867,15,28
29,0.00026148557662963867,15,28
30,0.00026148557662963867,15,28
31,0.00026148557662963867,15,28
32,0.00026148557662963867,15,28
33,0.00026148557662963867,15,28
34,0.00026148557662963867,15,28
35,0.0004754066467285156,15,28
36,0.0004754066467285156,15,28
37,0.0004754066467285156,15,28
38,0.0004754066467285156,15,28
39,0.0004754066467285156,15,28
40,0.0004754066467285156,15,28
41,0.0004754066467285156,15,28
42,0.0004754066467285156,15,28
43,0.0009107589721679688,15,28
44,0.0009107589721679688,15,28
45,0.0009107589721679688,15,28
46,0.0009107589721679688,15,28
47,0.0009107589721679688,15,28
48,0.0009107589721679688,15,28
49,0.0009107589721679688,15,28
50,0.0009107589721679688,15,28
51,0.0009107589721679688,15,28
52,0.0009107589721679688,15,28
53,0.0010700821876525879,15,28
54,0.0010700821876525879,15,28
55,0.0010700821876525879,15,28
56,0.0010700821876525879,15,28
57,0.0010700821876525879,15,28
58,0.0010700821876525879,15,28
59,0.0010700821876525879,15,28
60,0.0010700821876525879,15,28
61,0.0010700821876525879,15,28
62,0.0010700821876525879,15,28
63,0.0016991496086120605,15,28
64,0.0017504096031188965,15,28
65,0.0017504096031188965,15,28
66,0.0017504096031188965,15,28
67,0.0017504096031188965,15,28
68,0.0017504096031188965,15,28
69,0.0017504096031188965,15,28
70,0.0019115805625915527,15,28
71,0.0019115805625915527,15,28
72,0.0019115805625915527,15,28
73,0.0019115805625915527,15,28
74,0.0019115805625915527,15,28
75,0.0019115805625915527,15,28
76,0.0019115805625915527,15,28
77,0.0019115805625915527,15,28
78,0.0019115805625915527,15,28
79,0.0019115805625915527,15,28
80,0.0019115805625915527,15,28
81,0.0019115805625915527,15,28
82,0.0019115805625915527,15,28
83,0.0019115805625915527,15,28
84,0.0019115805625915527,15,28
85,0.0022724270820617676,15,28
86,0.0022724270820617676,15,28
87,0.0022724270820617676,15,28
88,0.0022724270820617676,15,28
89,0.0022724270820617676,15,28
90,0.0022724270820617676,15,28
91,0.0022724270820617676,15,28
92,0.0022724270820617676,15,28
93,0.0022724270820617676,15,28
94,0.0032610297203063965,15,28
95,0.0032610297203063965,15,28
96,0.0032610297203063965,15,28
97,0.0032610297203063965,15,28
98,0.0032610297203063965,15,28
99,0.0032610297203063965,15,28
100,0.0032610297203063965,15,28
101,0.0032610297203063965,15,28
102,0.0032610297203063965,15,28
103,0.0032610297203063965,15,28
104,0.0032610297203063965,15,28
105,0.0032610297203063965,15,28
106,0.0032610297203063965,15,28
107,0.0032610297203063965,15,28
108,0.0034595131874084473,15,28
109,0.003938019275665283,15,28
110,0.003938019275665283,15,28
111,0.003938019275665283,15,28
112,0.003938019275665283,15,28
113,0.003938019275665283,15,28
114,0.003938019275665283,15,28
115,0.003938019275665283,15,28
116,0.003938019275665283,15,28
117,0.003938019275665283,15,28
118,0.003938019275665283,15,28
119,0.003938019275665283,15,28
120,0.003938019275665283,15,28
121,0.004034519195556641,15,28
122,0.004880309104919434,15,28
123,0.005334258079528809,15,28
124,0.005334258079528809,15,28
125,0.005364954471588135,15,28
126,0.005364954471588135,15,28
127,0.005364954471588135,15,28
128,0.008998095989227295,15,28
129,0.008998095989227295,15,28
130,0.008998095989227295,15,28
131,0.008998095989227295,15,28
132,0.008998095989227295,15,28
133,0.008998095989227295,15,28
134,0.008998095989227295,15,28
135,0.008998095989227295,15,28
136,0.008998095989227295,15,28
137,0.008998095989227295,15,28
138,0.008998095989227295,15,28
139,0.008998095989227295,15,28
140,0.008998095989227295,15,28
141,0.008998095989227295,15,28
142,0.008998095989227295,15,28
143,0.008998095989227295,15,28
144,0.008998095989227295,15,28
145,0.008998095989227295,15,28
146,0.008998095989227295,15,28
147,0.010203301906585693,15,28
148,0.010203301906585693,15,28
149,0.010203301906585693,15,28
150,0.010203301906585693,15,28
151,0.010203301906585693,15,28
152,0.01504737138748169,15,28
153,0.01504737138748169,15,28
154,0.01504737138748169,15,28
155,0.01504737138748169,15,28
156,0.01504737138748169,15,28
157,0.01504737138748169,15,28
158,0.01504737138748169,15,28
159,0.01504737138748169,15,28
160,0.01504737138748169,15,28
161,0.01504737138748169,15,28
162,0.01504737138748169,15,28
163,0.017770886421203613,15,28
164,0.017770886421203613,15,28
165,0.017770886421203613,15,28
166,0.024329721927642822,15,28
167,0.024329721927642822,15,28
168,0.024329721927642822,15,28
169,0.024329721927642822,15,28
170,0.030520319938659668,15,28
171,0.030520319938659668,15,28
172,0.030520319938659668,15,28
173,0.030520319938659668,15,28
174,0.030520319938659668,15,28
175,0.04139518737792969,15,28
176,0.04139518737792969,15,28
177,0.04139518737792969,15,28
178,0.04139518737792969,15,28
179,0.04139518737792969,15,28
180,0.04139518737792969,15,28
181,0.04139518737792969,15,28
182,0.04139518737792969,15,28
183,0.04139518737792969,15,28
184,0.04139518737792969,15,28
185,0.04139518737792969,15,28
186,0.04139518737792969,15,28
187,0.04139518737792969,15,28
188,0.04139518737792969,15,28
189,0.04139518737792969,15,28
190,0.04139518737792969,15,28
191,0.04139518737792969,15,28
192,0.04139518737792969,15,28
193,0.04139518737792969,15,28
194,0.04139518737792969,15,28
195,0.04139518737792969,15,28
196,0.04139518737792969,15,28
197,0.04139518737792969,15,28
198,0.052000463008880615,15,28
199,0.052000463008880615,15,28
200,0.08890551328659058,15,28
1,0.0,14,29
2,0.0,14,29
3,0.0,14,29
4,0.0,14,29
5,0.0,14,29
6,0.0,14,29
7,0.0,14,29
8,0.0,14,29
9,0.0,14,29
10,1.1920928955078125e-07,12,29
11,1.1920928955078125e-07,12,29
12,1.1920928955078125e-07,12,29
13,1.1920928955078125e-07,13,29
14,1.1920928955078125e-07,14,29
15,1.1920928955078125e-07,14,29
16,1.1920928955078125e-07,14,29
17,3.5762786865234375e-07,9,29
18,3.5762786865234375e-07,9,29
19,3.5762786865234375e-07,9,29
20,3.5762786865234375e-07,9,29
21,3.5762786865234375e-07,9,29
22,4.76837158203125e-07,11,29
23,4.76837158203125e-07,11,29
24,4.76837158203125e-07,11,29
25,4.76837158203125e-07,11,29
26,5.960464477539062e-07,11,29
27,5.960464477539062e-07,11,29
28,5.960464477539062e-07,11,29
29,5.960464477539062e-07,11,29
30,1.3113021850585938e-06,15,29
31,1.3113021850585938e-06,15,29
32,1.3113021850585938e-06,15,29
33,2.6226043701171875e-06,14,29
34,2.6226043701171875e-06,14,29
35,2.6226043701171875e-06,14,29
36,2.6226043701171875e-06,14,29
37,2.6226043701171875e-06,14,29
38,2.6226043701171875e-06,14,29
39,2.6226043701171875e-06,14,29
40,3.6954879760742188e-06,14,29
41,3.6954879760742188e-06,14,29
42,3.6954879760742188e-06,14,29
43,3.6954879760742188e-06,14,29
44,3.933906555175781e-06,13,29
45,7.271766662597656e-06,15,29
46,5.4717063903808594e-05,15,29
47,5.4717063903808594e-05,15,29
48,5.4717063903808594e-05,15,29
49,5.4717063903808594e-05,15,29
50,5.4717063903808594e-05,15,29
51,5.4717063903808594e-05,15,29
52,5.4717063903808594e-05,15,29
53,5.4717063903808594e-05,15,29
54,5.4717063903808594e-05,15,29
55,5.507469177246094e-05,15,29
56,5.507469177246094e-05,15,29
57,5.507469177246094e-05,15,29
58,5.507469177246094e-05,15,29
59,5.507469177246094e-05,15,29
60,5.507469177246094e-05,15,29
61,5.507469177246094e-05,15,29
62,5.507469177246094e-05,15,29
63,5.507469177246094e-05,15,29
64,6.473064422607422e-05,15,29
65,6.473064422607422e-05,15,29
66,6.473064422607422e-05,15,29
67,6.473064422607422e-05,15,29
68,6.473064422607422e-05,15,29
69,9.274482727050781e-05,15,29
70,9.274482727050781e-05,15,29
71,9.274482727050781e-05,15,29
72,9.274482727050781e-05,15,29
73,9.274482727050781e-05,15,29
74,9.274482727050781e-05,15,29
75,9.274482727050781e-05,15,29
76,9.274482727050781e-05,15,29
77,9.274482727050781e-05,15,29
78,9.274482727050781e-05,15,29
79,9.28640365600586e-05,15,29
80,0.00013899803161621094,15,29
81,0.00013899803161621094,15,29
82,0.00013899803161621094,15,29
83,0.0001544952392578125,15,29
84,0.0001544952392578125,15,29
85,0.0001544952392578125,15,29
86,0.00016486644744873047,15,29
87,0.00016486644744873047,15,29
88,0.00016486644744873047,15,29
89,0.00016486644744873047,15,29
90,0.00017023086547851562,14,29
91,0.0002499222755432129,15,29
92,0.0002499222755432129,15,29
93,0.0002499222755432129,15,29
94,0.0002499222755432129,15,29
95,0.0002499222755432129,15,29
96,0.0002499222755432129,15,29
97,0.00043720006942749023,14,29
98,0.00043720006942749023,14,29
99,0.00043720006942749023,14,29
100,0.00043720006942749023,14,29
101,0.00043720006942749023,14,29
102,0.00043720006942749023,14,29
103,0.00043720006942749023,14,29
104,0.00043720006942749023,14,29
105,0.00043720006942749023,14,29
106,0.00043720006942749023,14,29
107,0.00043720006942749023,14,29
108,0.0004590749740600586,15,29
109,0.0004590749740600586,15,29
110,0.0004590749740600586,15,29
111,0.0004590749740600586,15,29
112,0.0004590749740600586,15,29
113,0.0004590749740600586,15,29
114,0.0004590749740600586,15,29
115,0.0004590749740600586,15,29
116,0.0004590749740600586,15,29
117,0.0008054375648498535,15,29
118,0.0008054375648498535,15,29
119,0.0008054375648498535,15,29
120,0.0008054375648498535,15,29
121,0.0008054375648498535,15,29
122,0.0008054375648498535,15,29
123,0.0008054375648498535,15,29
124,0.0008054375648498535,15,29
125,0.0008054375648498535,15,29
126,0.0008054375648498535,15,29
127,0.0008054375648498535,15,29
128,0.0008054375648498535,15,29
129,0.0008054375648498535,15,29
130,0.0008054375648498535,15,29
131,0.0008054375648498535,15,29
132,0.0008054375648498535,15,29
133,0.0008054375648498535,15,29
134,0.0008054375648498535,15,29
135,0.0008054375648498535,15,29
136,0.0008054375648498535,15,29
137,0.0010100007057189941,15,29
138,0.0010100007057189941,15,29
139,0.0010100007057189941,15,29
140,0.0010100007057189941,15,29
141,0.0010100007057189941,15,29
142,0.0010100007057189941,15,29
143,0.001113593578338623,14,29
144,0.001113593578338623,14,29
145,0.001113593578338623,14,29
146,0.001113593578338623,14,29
147,0.001113593578338623,14,29
148,0.001113593578338623,14,29
149,0.001113593578338623,14,29
150,0.001113593578338623,14,29
151,0.001113593578338623,14,29
152,0.0012477636337280273,15,29
153,0.0018740296363830566,15,29
154,0.0038933157920837402,15,29
155,0.0038933157920837402,15,29
156,0.0038933157920837402,15,29
157,0.0038933157920837402,15,29
158,0.0038933157920837402,15,29
159,0.0038933157920837402,15,29
160,0.0038933157920837402,15,29
161,0.0038933157920837402,15,29
162,0.0038933157920837402,15,29
163,0.0038933157920837402,15,29
164,0.0038933157920837402,15,29
165,0.0038933157920837402,15,29
166,0.0038933157920837402,15,29
167,0.0038933157920837402,15,29
168,0.0038933157920837402,15,29
169,0.0038933157920837402,15,29
170,0.0038933157920837402,15,29
171,0.0038933157920837402,15,29
172,0.0038933157920837402,15,29
173,0.0038933157920837402,15,29
174,0.0038933157920837402,15,29
175,0.0038933157920837402,15,29
176,0.0038933157920837402,15,29
177,0.0038933157920837402,15,29
178,0.0038933157920837402,15,29
179,0.0038933157920837402,15,29
180,0.0038933157920837402,15,29
181,0.0038933157920837402,15,29
182,0.0038933157920837402,15,29
183,0.0038933157920837402,15,29
184,0.0038933157920837402,15,29
185,0.0038933157920837402,15,29
186,0.0038933157920837402,15,29
187,0.0038933157920837402,15,29
188,0.0038933157920837402,15,29
189,0.0038933157920837402,15,29
190,0.0038933157920837402,15,29
191,0.0038933157920837402,15,29
192,0.0038933157920837402,15,29
193,0.0038933157920837402,15,29
194,0.0038933157920837402,15,29
195,0.0038933157920837402,15,29
196,0.0038933157920837402,15,29
197,0.0038933157920837402,15,29
198,0.0038933157920837402,15,29
199,0.0038933157920837402,15,29
200,0.0038933157920837402,15,29
1,4.76837158203125e-07,13,30
2,4.76837158203125e-07,13,30
3,8.344650268554688e-07,8,30
4,1.7881393432617188e-06,9,30
5,1.7881393432617188e-06,9,30
6,1.7881393432617188e-06,9,30
7,4.4226646423339844e-05,15,30
8,8.83340835571289e-05,15,30
9,8.83340835571289e-05,15,30
10,8.83340835571289e-05,15,30
11,0.00034797191619873047,15,30
12,0.00034797191619873047,15,30
13,0.00034797191619873047,15,30
14,0.00034797191619873047,15,30
15,0.00034797191619873047,15,30
16,0.00034797191619873047,15,30
17,0.00034797191619873047,15,30
18,0.00034797191619873047,15,30
19,0.00034797191619873047,15,30
20,0.00034797191619873047,15,30
21,0.0003936886787414551,14,30
22,0.0003936886787414551,14,30
23,0.0005782842636108398,15,30
24,0.0005782842636108398,15,30
25,0.002225339412689209,15,30
26,0.002225339412689209,15,30
27,0.002225339412689209,15,30
28,0.002225339412689209,15,30
29,0.002225339412689209,15,30
30,0.002225339412689209,15,30
31,0.002225339412689209,15,30
32,0.002225339412689209,15,30
33,0.002225339412689209,15,30
34,0.002225339412689209,15,30
35,0.002225339412689209,15,30
36,0.002225339412689209,15,30
37,0.002225339412689209,15,30
38,0.002225339412689209,15,30
39,0.002225339412689209,15,30
40,0.002225339412689209,15,30
41,0.0023398399353027344,15,30
42,0.003299415111541748,15,30
43,0.003299415111541748,15,30
44,0.00956946611404419,15,30
45,0.00956946611404419,15,30
46,0.00956946611404419,15,30
47,0.00956946611404419,15,30
48,0.00956946611404419,15,30
49,0.00956946611404419,15,30
50,0.00956946611404419,15,30
51,0.00956946611404419,15,30
52,0.010690808296203613,15,30
53,0.010690808296203613,15,30
54,0.010690808296203613,15,30
55,0.010690808296203613,15,30
56,0.010690808296203613,15,30
57,0.010690808296203613,15,30
58,0.010690808296203613,15,30
59,0.010690808296203613,15,30
60,0.010690808296203613,15,30
61,0.010690808296203613,15,30
62,0.010690808296203613,15,30
63,0.010690808296203613,15,30
64,0.010690808296203613,15,30
65,0.010690808296203613,15,30
66,0.010690808296203613,15,30
67,0.010690808296203613,15,30
68,0.010690808296203613,15,30
69,0.010690808296203613,15,30
70,0.0169488787651062,15,30
71,0.0169488787651062,15,30
72,0.0169488787651062,15,30
73,0.0169488787651062,15,30
74,0.03409761190414429,15,30
75,0.03409761190414429,15,30
76,0.03409761190414429,15,30
77,0.03409761190414429,15,30
78,0.03409761190414429,15,30
79,0.03409761190414429,15,30
80,0.03409761190414429,15,30
81,0.03409761190414429,15,30
82,0.03409761190414429,15,30
83,0.03409761190414429,15,30
84,0.03409761190414429,15,30
85,0.03409761190414429,15,30
86,0.03409761190414429,15,30
87,0.03409761190414429,15,30
88,0.03409761190414429,15,30
89,0.03409761190414429,15,30
90,0.03409761190414429,15,30
91,0.03409761190414429,15,30
92,0.03409761190414429,15,30
93,0.03409761190414429,15,30
94,0.05543780326843262,15,30
95,0.05543780326843262,15,30
96,0.05543780326843262,15,30
97,0.05543780326843262,15,30
98,0.09467768669128418,15,30
99,0.09467768669128418,15,30
100,0.09467768669128418,15,30
101,0.09467768669128418,15,30
102,0.09467768669128418,15,30
103,0.09467768669128418,15,30
104,0.09467768669128418,15,30
105,0.10731661319732666,15,30
106,0.10731661319732666,15,30
107,0.28656506538391113,15,30
108,0.28656506538391113,15,30
109,0.28656506538391113,15,30
110,0.28656506538391113,15,30
111,0.28656506538391113,15,30
112,0.28656506538391113,15,30
113,0.28656506538391113,15,30
114,0.28656506538391113,15,30
115,0.28656506538391113,15,30
116,0.28656506538391113,15,30
117,0.28656506538391113,15,30
118,0.28656506538391113,15,30
119,0.28656506538391113,15,30
120,0.28656506538391113,15,30
121,0.28656506538391113,15,30
122,0.28656506538391113,15,30
123,0.28656506538391113,15,30
124,0.28656506538391113,15,30
125,0.28656506538391113,15,30
126,0.28656506538391113,15,30
127,0.28656506538391113,15,30
128,0.28656506538391113,15,30
129,0.28656506538391113,15,30
130,0.28656506538391113,15,30
131,0.28656506538391113,15,30
132,0.28656506538391113,15,30
133,0.28656506538391113,15,30
134,0.28656506538391113,15,30
135,0.28656506538391113,15,30
136,0.28656506538391113,15,30
137,0.28656506538391113,15,30
138,0.28656506538391113,15,30
139,0.28656506538391113,15,30
140,0.28656506538391113,15,30
141,0.28656506538391113,15,30
142,0.28656506538391113,15,30
143,0.28656506538391113,15,30
144,0.28656506538391113,15,30
145,0.28656506538391113,15,30
146,0.28656506538391113,15,30
147,0.28656506538391113,15,30
148,0.4509570002555847,15,30
149,0.4509570002555847,15,30
150,0.4509570002555847,15,30
151,0.4509570002555847,15,30
152,0.4509570002555847,15,30
153,0.4509570002555847,15,30
154,0.6320966184139252,15,30
155,0.6320966184139252,15,30
156,0.6320966184139252,15,30
157,0.6320966184139252,15,30
158,0.6320966184139252,15,30
159,0.6320966184139252,15,30
160,0.6320966184139252,15,30
161,0.6320966184139252,15,30
162,0.6320966184139252,15,30
163,0.6320966184139252,15,30
164,0.6320966184139252,15,30
165,0.6320966184139252,15,30
166,0.6320966184139252,15,30
167,0.6320966184139252,15,30
168,0.6320966184139252,15,30
169,0.6320966184139252,15,30
170,0.6320966184139252,15,30
171,0.6320966184139252,15,30
172,0.6320966184139252,15,30
173,0.6320966184139252,15,30
174,0.6320966184139252,15,30
175,0.6320966184139252,15,30
176,0.6320966184139252,15,30
177,0.6320966184139252,15,30
178,0.6320966184139252,15,30
179,0.6320966184139252,15,30
180,0.6320966184139252,15,30
181,0.6320966184139252,15,30
182,0.6320966184139252,15,30
183,0.6320966184139252,15,30
184,0.7029974460601807,15,30
185,0.7029974460601807,15,30
186,0.7029974460601807,15,30
187,0.7029974460601807,15,30
188,0.7029974460601807,15,30
189,0.7029974460601807,15,30
190,0.8834208548069,15,30
191,0.8834208548069,15,30
192,0.8834208548069,15,30
193,0.8834208548069,15,30
194,0.8834208548069,15,30
195,0.8834208548069,15,30
196,0.8834208548069,15,30
197,0.8834208548069,15,30
198,0.8834208548069,15,30
199,0.8834208548069,15,30
200,0.8895846977829933,15,30
1,0.056154072284698486,13,31
2,0.20124554634094238,14,31
3,0.20124554634094238,14,31
4,0.2676328420639038,12,31
5,0.2676328420639038,12,31
6,0.659204512834549,15,31
7,0.659204512834549,15,31
8,0.6921719908714294,15,31
9,0.6921719908714294,15,31
10,0.6921719908714294,15,31
11,0.6921719908714294,15,31
12,0.6921719908714294,15,31
13,0.6921719908714294,15,31
14,0.6921719908714294,15,31
15,0.6921719908714294,15,31
16,0.6921719908714294,15,31
17,0.6921719908714294,15,31
18,0.6921719908714294,15,31
19,0.6921719908714294,15,31
20,0.8153766095638275,15,31
21,0.8153766095638275,15,31
22,0.8153766095638275,15,31
23,0.8153766095638275,15,31
24,0.8153766095638275,15,31
25,0.8153766095638275,15,31
26,0.8430666774511337,15,31
27,0.8430666774511337,15,31
28,0.9056556895375252,14,31
29,0.9321229159832001,15,31
30,0.9321229159832001,15,31
31,0.9353234246373177,15,31
32,0.9353234246373177,15,31
33,0.9353234246373177,15,31
34,0.9353234246373177,15,31
35,0.9353234246373177,15,31
36,0.9427660815417767,15,31
37,0.9427660815417767,15,31
38,0.9427660815417767,15,31
39,0.9427660815417767,15,31
40,0.9427660815417767,15,31
41,0.9427660815417767,15,31
42,0.9427660815417767,15,31
43,0.9532068632543087,15,31
44,0.9532068632543087,15,31
45,0.971827058121562,15,31
46,0.971827058121562,15,31
47,0.9847676232457161,15,31
48,0.9847676232457161,15,31
49,0.9847676232457161,15,31
50,0.9847676232457161,15,31
51,0.9847676232457161,15,31
52,0.9857026841491461,15,31
53,0.9857026841491461,15,31
54,0.9857026841491461,15,31
55,0.9857026841491461,15,31
56,0.9857026841491461,15,31
57,0.9906585598364472,15,31
58,0.9906585598364472,15,31
59,0.9906585598364472,15,31
60,0.9956535999663174,15,31
61,0.9956535999663174,15,31
62,0.9956535999663174,15,31
63,0.9956535999663174,15,31
64,0.9956535999663174,15,31
65,0.9956535999663174,15,31
66,0.9956535999663174,15,31
67,0.9961046443786472,15,31
68,0.9961046443786472,15,31
69,0.9961046443786472,15,31
70,0.9961046443786472,15,31
71,0.9971087644807994,15,31
72,0.9971087644807994,15,31
73,0.9971087644807994,15,31
74,0.9971087644807994,15,31
75,0.9971087644807994,15,31
76,0.9971087644807994,15,31
77,0.9971087644807994,15,31
78,0.9971087644807994,15,31
79,0.9971087644807994,15,31
80,0.9971087644807994,15,31
81,0.9971087644807994,15,31
82,0.9971087644807994,15,31
83,0.9971087644807994,15,31
84,0.9971087644807994,15,31
85,0.9971087644807994,15,31
86,0.9971087644807994,15,31
87,0.9971087644807994,15,31
88,0.9971087644807994,15,31
89,0.9971087644807994,15,31
90,0.9971087644807994,15,31
91,0.9971087644807994,15,31
92,0.9971087644807994,15,31
93,0.9971087644807994,15,31
94,0.9971087644807994,15,31
95,0.9971087644807994,15,31
96,0.9981918995035812,15,31
97,0.9981918995035812,15,31
98,0.9981918995035812,15,31
99,0.9981918995035812,15,31
100,0.9981918995035812,15,31
101,0.99889104696922,15,31
102,0.99889104696922,15,31
103,0.99889104696922,15,31
104,0.99889104696922,15,31
105,0.99889104696922,15,31
106,0.99889104696922,15,31
107,0.99889104696922,15,31
108,0.99889104696922,15,31
109,0.99889104696922,15,31
110,0.99889104696922,15,31
111,0.99889104696922,15,31
112,0.99889104696922,15,31
113,0.99889104696922,15,31
114,0.99889104696922,15,31
115,0.999127856339328,15,31
116,0.9997479087032843,15,31
117,0.9997479087032843,15,31
118,0.9997479087032843,15,31
119,0.9997479087032843,15,31
120,0.9997479087032843,15,31
121,0.9997479087032843,15,31
122,0.9997479087032843,15,31
123,0.9997479087032843,15,31
124,0.9997479087032843,15,31
125,0.9997479087032843,15,31
126,0.9997479087032843,15,31
127,0.9997479087032843,15,31
128,0.9997479087032843,15,31
129,0.9997479087032843,15,31
130,0.9997479087032843,15,31
131,0.9997479087032843,15,31
132,0.9997479087032843,15,31
133,0.9997479087032843,15,31
134,0.9997479087032843,15,31
135,0.9997730038303416,15,31
136,0.9997730038303416,15,31
137,0.9997730038303416,15,31
138,0.9997730038303416,15,31
139,0.9997730038303416,15,31
140,0.9997730038303416,15,31
141,0.9997730038303416,15,31
142,0.9997730038303416,15,31
143,0.9997730038303416,15,31
144,0.9997730038303416,15,31
145,0.9997730038303416,15,31
146,0.9997730038303416,15,31
147,0.9997730038303416,15,31
148,0.9997730038303416,15,31
149,0.9997730038303416,15,31
150,0.9997730038303416,15,31
151,0.9997730038303416,15,31
152,0.9997730038303416,15,31
153,0.9997730038303416,15,31
154,0.9997730038303416,15,31
155,0.9997730038303416,15,31
156,0.9997730038303416,15,31
157,0.9997730038303416,15,31
158,0.9997730038303416,15,31
159,0.9997730038303416,15,31
160,0.9997730038303416,15,31
161,0.9997730038303416,15,31
162,0.9997969079122413,15,31
163,0.9997969079122413,15,31
164,0.9997969079122413,15,31
165,0.9997969079122413,15,31
166,0.9997969079122413,15,31
167,0.9998112365574343,15,31
168,0.9998112365574343,15,31
169,0.9998112365574343,15,31
170,0.9998112365574343,15,31
171,0.9998112365574343,15,31
172,0.9998146647267276,15,31
173,0.9998146647267276,15,31
174,0.9998146647267276,15,31
175,0.9998146647267276,15,31
176,0.9998146647267276,15,31
177,0.9998146647267276,15,31
178,0.9998146647267276,15,31
179,0.9998146647267276,15,31
180,0.9998146647267276,15,31
181,0.9998146647267276,15,31
182,0.9998146647267276,15,31
183,0.9998146647267276,15,31
184,0.9998146647267276,15,31
185,0.9998146647267276,15,31
186,0.9998146647267276,15,31
187,0.9998146647267276,15,31
188,0.9998325896158349,15,31
189,0.9998325896158349,15,31
190,0.9998325896158349,15,31
191,0.9998325896158349,15,31
192,0.9998325896158349,15,31
193,0.9998325896158349,15,31
194,0.9998325896158349,15,31
195,0.9998325896158349,15,31
196,0.9998325896158349,15,31
197,0.9998325896158349,15,31
198,0.9998325896158349,15,31
199,0.9998325896158349,15,31
200,0.9998325896158349,15,31
1,0.944481935352087,11,32
2,0.944481935352087,11,32
3,0.9758160524070263,13,32
4,0.9758160524070263,13,32
5,0.9758160524070263,13,32
6,0.9940121229737997,15,32
7,0.9940121229737997,15,32
8,0.9976553188171238,14,32
9,0.9976553188171238,14,32
10,0.9976553188171238,14,32
11,0.9976553188171238,14,32
12,0.9986129292519763,14,32
13,0.9986129292519763,14,32
14,0.9986129292519763,14,32
15,0.9986129292519763,14,32
16,0.9986129292519763,14,32
17,0.9998249249474611,15,32
18,0.9998249249474611,15,32
19,0.9998249249474611,15,32
20,0.9998249249474611,15,32
21,0.9998249249474611,15,32
22,0.9998249249474611,15,32
23,0.9998249249474611,15,32
24,0.9998249249474611,15,32
25,0.9998249249474611,15,32
26,0.9998249249474611,15,32
27,0.9998249249474611,15,32
28,0.9998249249474611,15,32
29,0.9998249249474611,15,32
30,0.9998249249474611,15,32
31,0.9998249249474611,15,32
32,0.9998249249474611,15,32
33,0.9998249249474611,15,32
34,0.9998249249474611,15,32
35,0.9998249249474611,15,32
36,0.9998249249474611,15,32
37,0.9998249249474611,15,32
38,0.9998249249474611,15,32
39,0.9998249249474611,15,32
40,0.9998249249474611,15,32
41,0.9998249249474611,15,32
42,0.9998249249474611,15,32
43,0.9998249249474611,15,32
44,0.9998249249474611,15,32
45,0.9998249249474611,15,32
46,0.9998249249474611,15,32
47,0.9998249249474611,15,32
48,0.9998249249474611,15,32
49,0.9998249249474611,15,32
50,0.9998249249474611,15,32
51,0.9998249249474611,15,32
52,0.9998249249474611,15,32
53,0.9998249249474611,15,32
54,0.9998685156169813,15,32
55,0.9998688294290332,15,32
56,0.9998688294290332,15,32
57,0.9998688294290332,15,32
58,0.9998688294290332,15,32
59,0.9998688294290332,15,32
60,0.9998875824167044,15,32
61,0.9998875824167044,15,32
62,0.9998875824167044,15,32
63,0.9998875824167044,15,32
64,0.9998875824167044,15,32
65,0.9998875824167044,15,32
66,0.9998875824167044,15,32
67,0.9998875824167044,15,32
68,0.9999112050500116,15,32
69,0.9999112050500116,15,32
70,0.9999112050500116,15,32
71,0.9999112050500116,15,32
72,0.9999112050500116,15,32
73,0.9999112050500116,15,32
74,0.9999112050500116,15,32
75,0.9999112050500116,15,32
76,0.9999429880663229,15,32
77,0.9999429880663229,15,32
78,0.9999429880663229,15,32
79,0.9999429880663229,15,32
80,0.9999429880663229,15,32
81,0.9999429880663229,15,32
82,0.9999429880663229,15,32
83,0.9999429880663229,15,32
84,0.9999429880663229,15,32
85,0.9999485559237655,15,32
86,0.9999485559237655,15,32
87,0.9999485559237655,15,32
88,0.9999485559237655,15,32
89,0.9999485559237655,15,32
90,0.9999485559237655,15,32
91,0.9999485559237655,15,32
92,0.9999485559237655,15,32
93,0.9999485559237655,15,32
94,0.9999485559237655,15,32
95,0.9999693440877309,15,32
96,0.9999693440877309,15,32
97,0.9999693440877309,15,32
98,0.9999693440877309,15,32
99,0.9999693440877309,15,32
100,0.9999693440877309,15,32
101,0.9999693440877309,15,32
102,0.9999693440877309,15,32
103,0.9999693440877309,15,32
104,0.9999693440877309,15,32
105,0.9999757252371637,15,32
106,0.9999757252371637,15,32
107,0.9999757252371637,15,32
108,0.9999757252371637,15,32
109,0.9999818660653546,15,32
110,0.9999818660653546,15,32
111,0.9999818660653546,15,32
112,0.9999818660653546,15,32
113,0.9999818660653546,15,32
114,0.9999818660653546,15,32
115,0.9999818660653546,15,32
116,0.9999818660653546,15,32
117,0.9999818660653546,15,32
118,0.9999818660653546,15,32
119,0.9999818660653546,15,32
120,0.9999818660653546,15,32
121,0.9999818660653546,15,32
122,0.9999823593952897,15,32
123,0.9999823593952897,15,32
124,0.9999823593952897,15,32
125,0.9999823593952897,15,32
126,0.9999919419915386,15,32
127,0.9999919419915386,15,32
128,0.9999919419915386,15,32
129,0.9999935641608317,15,32
130,0.9999935641608317,15,32
131,0.9999935641608317,15,32
132,0.9999935641608317,15,32
133,0.9999935641608317,15,32
134,0.9999935641608317,15,32
135,0.9999962511212743,15,32
136,0.9999962511212743,15,32
137,0.9999962511212743,15,32
138,0.9999962511212743,15,32
139,0.9999962511212743,15,32
140,0.9999962511212743,15,32
141,0.9999962511212743,15,32
142,0.9999962511212743,15,32
143,0.9999962511212743,15,32
144,0.9999962511212743,15,32
145,0.9999962511212743,15,32
146,0.9999976408926159,15,32
147,0.9999976408926159,15,32
148,0.9999976408926159,15,32
149,0.9999984220622764,15,32
150,0.9999984220622764,15,32
151,0.9999984220622764,15,32
152,0.9999984220622764,15,32
153,0.9999984220622764,15,32
154,0.9999984220622764,15,32
155,0.9999984220622764,15,32
156,0.9999984220622764,15,32
157,0.9999984220622764,15,32
158,0.9999984220622764,15,32
159,0.9999984220622764,15,32
160,0.9999984220622764,15,32
161,0.9999984220622764,15,32
162,0.9999984220622764,15,32
163,0.9999984220622764,15,32
164,0.9999984220622764,15,32
165,0.9999984220622764,15,32
166,0.9999984220622764,15,32
167,0.9999984220622764,15,32
168,0.9999984220622764,15,32
169,0.9999984220622764,15,32
170,0.9999984220622764,15,32
171,0.9999984220622764,15,32
172,0.9999984220622764,15,32
173,0.9999984220622764,15,32
174,0.9999984220622764,15,32
175,0.9999984220622764,15,32
176,0.9999984220622764,15,32
177,0.9999984220622764,15,32
178,0.9999984220622764,15,32
179,0.9999991213284147,15,32
180,0.9999991213284147,15,32
181,0.9999991213284147,15,32
182,0.9999995515165097,15,32
183,0.9999995515165097,15,32
184,0.9999995515165097,15,32
185,0.9999995515165097,15,32
186,0.9999995515165097,15,32
187,0.9999995515165097,15,32
188,0.9999995515165097,15,32
189,0.9999995515165097,15,32
190,0.9999995515165097,15,32
191,0.9999995515165097,15,32
192,0.9999995515165097,15,32
193,0.9999995515165097,15,32
194,0.9999998201960949,15,32
195,0.9999998201960949,15,32
196,0.9999998201960949,15,32
197,0.9999998201960949,15,32
198,0.9999998201960949,15,32
199,0.9999998201960949,15,32
200,0.9999998201960949,15,32
1,0.0206337571144104,13,33
2,0.05570709705352783,7,33
3,0.1449756622314453,7,33
4,0.27677756547927856,15,33
5,0.27677756547927856,15,33
6,0.27677756547927856,15,33
7,0.29442065954208374,15,33
8,0.29442065954208374,15,33
9,0.4439094662666321,15,33
10,0.4439094662666321,15,33
11,0.4458959102630615,15,33
12,0.4458959102630615,15,33
13,0.5683681070804596,15,33
14,0.5683681070804596,15,33
15,0.6493851840496063,15,33
16,0.813326358795166,15,33
17,0.8224133104085922,15,33
18,0.8224133104085922,15,33
19,0.8956584930419922,15,33
20,0.8956584930419922,15,33
21,0.8956584930419922,15,33
22,0.8956584930419922,15,33
23,0.8956584930419922,15,33
24,0.8956584930419922,15,33
25,0.8956584930419922,15,33
26,0.8956584930419922,15,33
27,0.8956584930419922,15,33
28,0.8956584930419922,15,33
29,0.9783761817961931,15,33
30,0.9808538742363453,15,33
31,0.9808538742363453,15,33
32,0.9808538742363453,15,33
33,0.9808538742363453,15,33
34,0.9819332547485828,15,33
35,0.9819332547485828,15,33
36,0.9819332547485828,15,33
37,0.9839164447039366,15,33
38,0.9839164447039366,15,33
39,0.9839164447039366,15,33
40,0.9839164447039366,15,33
41,0.9839164447039366,15,33
42,0.9839164447039366,15,33
43,0.986777525395155,15,33
44,0.986777525395155,15,33
45,0.986777525395155,15,33
46,0.986777525395155,15,33
47,0.9898778470233083,15,33
48,0.9919148357585073,15,33
49,0.9919148357585073,15,33
50,0.9919148357585073,15,33
51,0.9919148357585073,15,33
52,0.9919148357585073,15,33
53,0.9919148357585073,15,33
54,0.9919148357585073,15,33
55,0.9919148357585073,15,33
56,0.9919148357585073,15,33
57,0.9919148357585073,15,33
58,0.9919148357585073,15,33
59,0.9919148357585073,15,33
60,0.9919148357585073,15,33
61,0.9919148357585073,15,33
62,0.9919148357585073,15,33
63,0.9919148357585073,15,33
64,0.9919148357585073,15,33
65,0.9928729929961264,15,33
66,0.9928729929961264,15,33
67,0.9946498763747513,15,33
68,0.9946498763747513,15,33
69,0.9946498763747513,15,33
70,0.9946498763747513,15,33
71,0.99755072966218,15,33
72,0.99755072966218,15,33
73,0.99755072966218,15,33
74,0.99755072966218,15,33
75,0.9983149530598894,15,33
76,0.9983149530598894,15,33
77,0.9983149530598894,15,33
78,0.9983149530598894,15,33
79,0.9983149530598894,15,33
80,0.9983149530598894,15,33
81,0.9983149530598894,15,33
82,0.9989001018693671,15,33
83,0.9989001018693671,15,33
84,0.9989001018693671,15,33
85,0.9989001018693671,15,33
86,0.9989001018693671,15,33
87,0.9989001018693671,15,33
88,0.9989001018693671,15,33
89,0.9989001018693671,15,33
90,0.9989001018693671,15,33
91,0.9989001018693671,15,33
92,0.9989001018693671,15,33
93,0.9995149072783533,15,33
94,0.9995149072783533,15,33
95,0.9995149072783533,15,33
96,0.9995149072783533,15,33
97,0.9995149072783533,15,33
98,0.999726897716755,15,33
99,0.999726897716755,15,33
100,0.999726897716755,15,33
101,0.999726897716755,15,33
102,0.999726897716755,15,33
103,0.999726897716755,15,33
104,0.999726897716755,15,33
105,0.999726897716755,15,33
106,0.999726897716755,15,33
107,0.999726897716755,15,33
108,0.999865860765567,15,33
109,0.999865860765567,15,33
110,0.999865860765567,15,33
111,0.999865860765567,15,33
112,0.999865860765567,15,33
113,0.9999809776854818,15,33
114,0.9999809776854818,15,33
115,0.9999809776854818,15,33
116,0.9999809776854818,15,33
117,0.9999809776854818,15,33
118,0.9999809776854818,15,33
119,0.9999809776854818,15,33
120,0.9999809776854818,15,33
121,0.9999809776854818,15,33
122,0.9999809776854818,15,33
123,0.9999809776854818,15,33
124,0.99999343618083,15,33
125,0.99999343618083,15,33
126,0.99999343618083,15,33
127,0.99999343618083,15,33
128,0.99999343618083,15,33
129,0.99999343618083,15,33
130,0.99999343618083,15,33
131,0.99999343618083,15,33
132,0.99999343618083,15,33
133,0.99999343618083,15,33
134,0.99999343618083,15,33
135,0.99999343618083,15,33
136,0.99999343618083,15,33
137,0.99999343618083,15,33
138,0.99999343618083,15,33
139,0.99999343618083,15,33
140,0.99999343618083,15,33
141,0.99999343618083,15,33
142,0.99999343618083,15,33
143,0.99999343618083,15,33
144,0.99999343618083,15,33
145,0.99999343618083,15,33
146,0.99999343618083,15,33
147,0.99999343618083,15,33
148,0.99999343618083,15,33
149,0.99999343618083,15,33
150,0.99999343618083,15,33
151,0.99999343618083,15,33
152,0.99999343618083,15,33
153,0.99999343618083,15,33
154,0.99999343618083,15,33
155,0.99999343618083,15,33
156,0.99999343618083,15,33
157,0.99999343618083,15,33
158,0.99999343618083,15,33
159,0.99999343618083,15,33
160,0.99999343618083,15,33
161,0.99999343618083,15,33
162,0.99999343618083,15,33
163,0.99999343618083,15,33
164,0.99999343618083,15,33
165,0.99999343618083,15,33
166,0.99999343618083,15,33
167,0.99999343618083,15,33
168,0.99999343618083,15,33
169,0.99999343618083,15,33
170,0.99999343618083,15,33
171,0.99999343618083,15,33
172,0.99999343618083,15,33
173,0.99999343618083,15,33
174,0.99999343618083,15,33
175,0.99999343618083,15,33
176,0.99999343618083,15,33
177,0.99999343618083,15,33
178,0.99999343618083,15,33
179,0.99999343618083,15,33
180,0.9999936076701488,15,33
181,0.9999936076701488,15,33
182,0.9999936076701488,15,33
183,0.9999936076701488,15,33
184,0.9999936076701488,15,33
185,0.9999936076701488,15,33
186,0.9999936076701488,15,33
187,0.9999936076701488,15,33
188,0.9999936076701488,15,33
189,0.9999936076701488,15,33
190,0.9999936076701488,15,33
191,0.9999936076701488,15,33
192,0.9999936076701488,15,33
193,0.9999936076701488,15,33
194,0.9999936076701488,15,33
195,0.9999936076701488,15,33
196,0.9999936076701488,15,33
197,0.9999936076701488,15,33
198,0.9999936076701488,15,33
199,0.9999936076701488,15,33
200,0.9999978484177063,15,33
1,0.04711085557937622,12,34
2,0.04822432994842529,14,34
3,0.2027607560157776,14,34
4,0.24727153778076172,15,34
5,0.2596600651741028,10,34
6,0.5517122447490692,15,34
7,0.7245372831821442,15,34
8,0.7245372831821442,15,34
9,0.7245372831821442,15,34
10,0.7701951712369919,15,34
11,0.7701951712369919,15,34
12,0.7701951712369919,15,34
13,0.7701951712369919,15,34
14,0.793209433555603,14,34
15,0.807237446308136,15,34
16,0.807237446308136,15,34
17,0.807237446308136,15,34
18,0.807237446308136,15,34
19,0.8086872398853302,15,34
20,0.9007148817181587,15,34
21,0.9007148817181587,15,34
22,0.9007148817181587,15,34
23,0.9642410613596439,15,34
24,0.9642410613596439,15,34
25,0.9642410613596439,15,34
26,0.9642410613596439,15,34
27,0.9816434476524591,14,34
28,0.9816434476524591,14,34
29,0.9816434476524591,14,34
30,0.9816434476524591,14,34
31,0.9821260645985603,15,34
32,0.9829200245440006,15,34
33,0.986231092363596,15,34
34,0.986231092363596,15,34
35,0.986231092363596,15,34
36,0.9940034169703722,15,34
37,0.9940034169703722,15,34
38,0.9940034169703722,15,34
39,0.9940034169703722,15,34
40,0.9940034169703722,15,34
41,0.9940034169703722,15,34
42,0.9940034169703722,15,34
43,0.9940034169703722,15,34
44,0.9982804582687095,15,34
45,0.9982804582687095,15,34
46,0.9982804582687095,15,34
47,0.9982804582687095,15,34
48,0.9982804582687095,15,34
49,0.9982804582687095,15,34
50,0.9982804582687095,15,34
51,0.9982804582687095,15,34
52,0.9982804582687095,15,34
53,0.9982804582687095,15,34
54,0.9982804582687095,15,34
55,0.9982804582687095,15,34
56,0.9982804582687095,15,34
57,0.9982804582687095,15,34
58,0.9982804582687095,15,34
59,0.9982804582687095,15,34
60,0.9982804582687095,15,34
61,0.9982804582687095,15,34
62,0.9982804582687095,15,34
63,0.9982804582687095,15,34
64,0.9986885819816962,15,34
65,0.9986885819816962,15,34
66,0.998936767806299,14,34
67,0.9991846506600268,15,34
68,0.999386778275948,15,34
69,0.999386778275948,15,34
70,0.999386778275948,15,34
71,0.9995194375514984,15,34
72,0.9995194375514984,15,34
73,0.9995194375514984,15,34
74,0.9995194375514984,15,34
75,0.9998428984399652,15,34
76,0.9998428984399652,15,34
77,0.9998428984399652,15,34
78,0.9998428984399652,15,34
79,0.9998428984399652,15,34
80,0.9998428984399652,15,34
81,0.9998428984399652,15,34
82,0.9998428984399652,15,34
83,0.9998428984399652,15,34
84,0.9998428984399652,15,34
85,0.9998431521526072,15,34
86,0.9998431521526072,15,34
87,0.9998431521526072,15,34
88,0.9998431521526072,15,34
89,0.9998431521526072,15,34
90,0.9998431521526072,15,34
91,0.9998431521526072,15,34
92,0.9999435328791151,15,34
93,0.9999435328791151,15,34
94,0.9999435328791151,15,34
95,0.9999435328791151,15,34
96,0.9999435328791151,15,34
97,0.9999730535273557,15,34
98,0.9999806195228302,15,34
99,0.9999806195228302,15,34
100,0.9999806195228302,15,34
101,0.9999806195228302,15,34
102,0.9999806195228302,15,34
103,0.9999808031752764,15,34
104,0.9999808031752764,15,34
105,0.9999808031752764,15,34
106,0.9999808031752764,15,34
107,0.9999808031752764,15,34
108,0.9999808031752764,15,34
109,0.9999808031752764,15,34
110,0.9999808031752764,15,34
111,0.9999808031752764,15,34
112,0.9999808031752764,15,34
113,0.9999808031752764,15,34
114,0.9999808031752764,15,34
115,0.9999808031752764,15,34
116,0.9999808031752764,15,34
117,0.9999808031752764,15,34
118,0.9999808031752764,15,34
119,0.9999808031752764,15,34
120,0.9999808031752764,15,34
121,0.9999808031752764,15,34
122,0.9999808031752764,15,34
123,0.9999808031752764,15,34
124,0.9999808031752764,15,34
125,0.9999808031752764,15,34
126,0.9999808031752764,15,34
127,0.9999808031752764,15,34
128,0.9999808031752764,15,34
129,0.9999808031752764,15,34
130,0.9999808031752764,15,34
131,0.9999831715067558,15,34
132,0.9999831715067558,15,34
133,0.9999831715067558,15,34
134,0.9999831715067558,15,34
135,0.9999937182501526,15,34
136,0.9999937182501526,15,34
137,0.9999937182501526,15,34
138,0.9999937182501526,15,34
139,0.9999937182501526,15,34
140,0.9999937182501526,15,34
141,0.9999937182501526,15,34
142,0.9999937182501526,15,34
143,0.9999945746517369,15,34
144,0.9999945746517369,15,34
145,0.9999945746517369,15,34
146,0.9999945746517369,15,34
147,0.9999945746517369,15,34
148,0.9999945746517369,15,34
149,0.9999945746517369,15,34
150,0.9999945746517369,15,34
151,0.9999945746517369,15,34
152,0.9999945746517369,15,34
153,0.9999945746517369,15,34
154,0.9999945746517369,15,34
155,0.9999945746517369,15,34
156,0.9999945746517369,15,34
157,0.9999945746517369,15,34
158,0.9999945746517369,15,34
159,0.9999945746517369,15,34
160,0.9999945746517369,15,34
161,0.9999945746517369,15,34
162,0.9999969859161411,15,34
163,0.9999975191340127,15,34
164,0.9999975191340127,15,34
165,0.9999975191340127,15,34
166,0.9999975191340127,15,34
167,0.9999975191340127,15,34
168,0.9999975191340127,15,34
169,0.9999975191340127,15,34
170,0.9999975191340127,15,34
171,0.9999975191340127,15,34
172,0.9999975191340127,15,34
173,0.9999975191340127,15,34
174,0.9999975191340127,15,34
175,0.9999975191340127,15,34
176,0.9999975191340127,15,34
177,0.9999975191340127,15,34
178,0.9999975191340127,15,34
179,0.9999975191340127,15,34
180,0.9999975191340127,15,34
181,0.9999975191340127,15,34
182,0.9999975191340127,15,34
183,0.9999982604921342,15,34
184,0.9999982604921342,15,34
185,0.9999982604921342,15,34
186,0.9999982604921342,15,34
187,0.9999982604921342,15,34
188,0.9999982604921342,15,34
189,0.9999982604921342,15,34
190,0.9999989674527114,15,34
191,0.9999989674527114,15,34
192,0.9999989674527114,15,34
193,0.9999989674527114,15,34
194,0.9999989674527114,15,34
195,0.9999989674527114,15,34
196,0.9999989674527114,15,34
197,0.9999989674527114,15,34
198,0.9999989674527114,15,34
199,0.9999989674527114,15,34
200,0.9999989674527114,15,34
1,2.8252601623535156e-05,15,35
2,0.00030231475830078125,14,35
3,0.00030231475830078125,14,35
4,0.00030231475830078125,14,35
5,0.004949629306793213,13,35
6,0.004949629306793213,13,35
7,0.004949629306793213,13,35
8,0.004949629306793213,13,35
9,0.006659567356109619,15,35
10,0.019312143325805664,15,35
11,0.01951807737350464,15,35
12,0.6507135629653931,15,35
13,0.6507135629653931,15,35
14,0.6507135629653931,15,35
15,0.6507135629653931,15,35
16,0.6507135629653931,15,35
17,0.6507135629653931,15,35
18,0.8848787844181061,15,35
19,0.8848787844181061,15,35
20,0.8848787844181061,15,35
21,0.8848787844181061,15,35
22,0.9299974665045738,15,35
23,0.9299974665045738,15,35
24,0.9299974665045738,15,35
25,0.9709126371890306,15,35
26,0.9709126371890306,15,35
27,0.9709126371890306,15,35
28,0.9709126371890306,15,35
29,0.9709126371890306,15,35
30,0.9933610451407731,15,35
31,0.9933610451407731,15,35
32,0.9933610451407731,15,35
33,0.9933610451407731,15,35
34,0.9964518600609154,15,35
35,0.9964518600609154,15,35
36,0.9971521128900349,15,35
37,0.9971521128900349,15,35
38,0.9971521128900349,15,35
39,0.9971521128900349,15,35
40,0.9971521128900349,15,35
41,0.9999978569960604,15,35
42,0.9999978569960604,15,35
43,0.9999978569960604,15,35
44,0.9999978569960604,15,35
45,0.9999978569960604,15,35
46,0.9999978569960604,15,35
47,0.9999978569960604,15,35
48,0.9999978569960604,15,35
49,0.9999978569960604,15,35
50,0.9999978569960604,15,35
51,0.9999978569960604,15,35
52,0.9999978569960604,15,35
53,0.9999978569960604,15,35
54,0.9999978569960604,15,35
55,0.9999978569960604,15,35
56,0.9999978569960604,15,35
57,0.9999978569960604,15,35
58,0.9999978569960604,15,35
59,0.9999978569960604,15,35
60,0.9999978569960604,15,35
61,0.9999978569960604,15,35
62,0.9999978569960604,15,35
63,0.9999978569960604,15,35
64,0.9999978569960604,15,35
65,0.9999978569960604,15,35
66,0.9999978569960604,15,35
67,0.9999978569960604,15,35
68,0.9999978569960604,15,35
69,0.9999978569960604,15,35
70,0.9999978569960604,15,35
71,0.9999978569960604,15,35
72,0.9999978569960604,15,35
73,0.9999978569960604,15,35
74,0.9999978569960604,15,35
75,0.9999978569960604,15,35
76,0.9999978569960604,15,35
77,0.9999978569960604,15,35
78,0.9999978569960604,15,35
79,0.9999978569960604,15,35
80,0.9999978569960604,15,35
81,0.9999984449694921,15,35
82,0.9999984449694921,15,35
83,0.9999984449694921,15,35
84,0.9999984449694921,15,35
85,0.9999984449694921,15,35
86,0.9999984449694921,15,35
87,0.9999984449694921,15,35
88,0.9999984449694921,15,35
89,0.9999984449694921,15,35
90,0.9999991358077409,15,35
91,0.9999991358077409,15,35
92,0.9999991358077409,15,35
93,0.9999991358077409,15,35
94,0.9999991358077409,15,35
95,0.9999991358077409,15,35
96,0.9999991358077409,15,35
97,0.9999991358077409,15,35
98,0.9999991358077409,15,35
99,0.9999991358077409,15,35
100,0.9999991358077409,15,35
101,0.9999991358077409,15,35
102,0.9999997889694328,15,35
103,0.9999997889694328,15,35
104,0.9999997889694328,15,35
105,0.9999997889694328,15,35
106,0.9999997889694328,15,35
107,0.9999997889694328,15,35
108,0.9999997889694328,15,35
109,0.9999997889694328,15,35
110,0.9999997889694328,15,35
111,0.9999997889694328,15,35
112,0.9999997889694328,15,35
113,0.9999997889694328,15,35
114,0.9999997889694328,15,35
115,0.9999997889694328,15,35
116,0.9999997889694328,15,35
117,0.9999997889694328,15,35
118,0.9999997889694328,15,35
119,0.9999997889694328,15,35
120,0.9999997889694328,15,35
121,0.9999997889694328,15,35
122,0.9999997889694328,15,35
123,0.9999997889694328,15,35
124,0.9999997889694328,15,35
125,0.9999997889694328,15,35
126,0.9999997889694328,15,35
127,0.9999997889694328,15,35
128,0.9999997889694328,15,35
129,0.9999997889694328,15,35
130,0.9999997889694328,15,35
131,0.9999997889694328,15,35
132,0.9999997889694328,15,35
133,0.9999997889694328,15,35
134,0.9999997889694328,15,35
135,0.9999997889694328,15,35
136,0.9999998395254011,15,35
137,0.9999998395254011,15,35
138,0.9999998395254011,15,35
139,0.9999998395254011,15,35
140,0.9999998395254011,15,35
141,0.9999998395254011,15,35
142,0.9999998395254011,15,35
143,0.9999998395254011,15,35
144,0.9999999681581855,15,35
145,0.9999999681581855,15,35
146,0.9999999991333968,14,35
147,0.9999999991333968,14,35
148,0.9999999991333968,14,35
149,0.9999999991333968,14,35
150,0.9999999991333968,14,35
151,0.9999999991333968,14,35
152,0.9999999991333968,14,35
153,0.9999999991333968,14,35
154,0.9999999991333968,14,35
155,0.9999999991333968,14,35
156,0.9999999991333968,14,35
157,0.9999999991333968,14,35
158,0.9999999991333968,14,35
159,0.9999999991333968,14,35
160,0.9999999991333968,14,35
161,0.9999999991333968,14,35
162,0.9999999991333968,14,35
163,0.9999999991333968,14,35
164,0.9999999991333968,14,35
165,0.9999999991333968,14,35
166,0.9999999991333968,14,35
167,0.9999999991333968,14,35
168,0.9999999991333968,14,35
169,0.9999999991333968,14,35
170,0.9999999991333968,14,35
171,0.9999999991333968,14,35
172,0.9999999991333968,14,35
173,0.9999999991333968,14,35
174,0.9999999991333968,14,35
175,0.9999999991333968,14,35
176,0.9999999991333968,14,35
177,0.9999999991333968,14,35
178,0.9999999991333968,14,35
179,0.9999999991333968,14,35
180,0.9999999991333968,14,35
181,0.9999999991333968,14,35
182,0.9999999991333968,14,35
183,0.9999999991333968,14,35
184,0.9999999991333968,14,35
185,0.9999999991333968,14,35
186,0.9999999991333968,14,35
187,0.9999999991333968,14,35
188,0.9999999991333968,14,35
189,0.9999999991333968,14,35
190,0.9999999991333968,14,35
191,0.9999999991333968,14,35
192,0.9999999991333968,14,35
193,0.9999999991333968,14,35
194,0.9999999991333968,14,35
195,0.9999999991333968,14,35
196,0.9999999991333968,14,35
197,0.9999999991333968,14,35
198,0.9999999991333968,14,35
199,0.9999999991333968,14,35
200,0.9999999991333968,14,35
1,0.002214670181274414,12,36
2,0.002214670181274414,12,36
3,0.002214670181274414,12,36
4,0.0022355318069458008,11,36
5,0.003168046474456787,10,36
6,0.003168046474456787,10,36
7,0.007960319519042969,15,36
8,0.007960319519042969,15,36
9,0.012356281280517578,15,36
10,0.012356281280517578,15,36
11,0.07020741701126099,14,36
12,0.07020741701126099,14,36
13,0.07285231351852417,15,36
14,0.07285231351852417,15,36
15,0.07285231351852417,15,36
16,0.07285231351852417,15,36
17,0.07285231351852417,15,36
18,0.07285231351852417,15,36
19,0.07285231351852417,15,36
20,0.2982577681541443,15,36
21,0.2982577681541443,15,36
22,0.2982577681541443,15,36
23,0.2982577681541443,15,36
24,0.2982577681541443,15,36
25,0.2982577681541443,15,36
26,0.2982577681541443,15,36
27,0.2982577681541443,15,36
28,0.2982577681541443,15,36
29,0.2982577681541443,15,36
30,0.2982577681541443,15,36
31,0.3736012578010559,15,36
32,0.3736012578010559,15,36
33,0.3736012578010559,15,36
34,0.3736012578010559,15,36
35,0.3736012578010559,15,36
36,0.3736012578010559,15,36
37,0.41836047172546387,15,36
38,0.41836047172546387,15,36
39,0.7897033989429474,14,36
40,0.7897033989429474,14,36
41,0.7897033989429474,14,36
42,0.7897033989429474,14,36
43,0.7897033989429474,14,36
44,0.7897033989429474,14,36
45,0.7897033989429474,14,36
46,0.7897033989429474,14,36
47,0.7897033989429474,14,36
48,0.9361988231539726,15,36
49,0.9361988231539726,15,36
50,0.9361988231539726,15,36
51,0.9361988231539726,15,36
52,0.9361988231539726,15,36
53,0.9361988231539726,15,36
54,0.9361988231539726,15,36
55,0.9361988231539726,15,36
56,0.9425410032272339,15,36
57,0.9425410032272339,15,36
58,0.9425410032272339,15,36
59,0.9425410032272339,15,36
60,0.9425410032272339,15,36
61,0.9425410032272339,15,36
62,0.9425410032272339,15,36
63,0.9425410032272339,15,36
64,0.9425410032272339,15,36
65,0.9425410032272339,15,36
66,0.9425410032272339,15,36
67,0.9425410032272339,15,36
68,0.9425410032272339,15,36
69,0.9425410032272339,15,36
70,0.9435654804110527,15,36
71,0.9435654804110527,15,36
72,0.9795904755592346,15,36
73,0.9795904755592346,15,36
74,0.9795904755592346,15,36
75,0.9795904755592346,15,36
76,0.9795904755592346,15,36
77,0.9795904755592346,15,36
78,0.9795904755592346,15,36
79,0.9795904755592346,15,36
80,0.9795904755592346,15,36
81,0.9795904755592346,15,36
82,0.9795904755592346,15,36
83,0.9795904755592346,15,36
84,0.9795904755592346,15,36
85,0.9795904755592346,15,36
86,0.9795904755592346,15,36
87,0.9795904755592346,15,36
88,0.9795904755592346,15,36
89,0.9795904755592346,15,36
90,0.9795904755592346,15,36
91,0.9795904755592346,15,36
92,0.9795904755592346,15,36
93,0.9795904755592346,15,36
94,0.9795904755592346,15,36
95,0.9795904755592346,15,36
96,0.9795904755592346,15,36
97,0.9795904755592346,15,36
98,0.9795904755592346,15,36
99,0.9795904755592346,15,36
100,0.9795904755592346,15,36
101,0.9795904755592346,15,36
102,0.9795904755592346,15,36
103,0.9795904755592346,15,36
104,0.9795904755592346,15,36
105,0.9795904755592346,15,36
106,0.9795904755592346,15,36
107,0.9795904755592346,15,36
108,0.9795904755592346,15,36
109,0.9795904755592346,15,36
110,0.9795904755592346,15,36
111,0.9795904755592346,15,36
112,0.9795904755592346,15,36
113,0.9795904755592346,15,36
114,0.9795904755592346,15,36
115,0.9795904755592346,15,36
116,0.9795904755592346,15,36
117,0.9795904755592346,15,36
118,0.9795904755592346,15,36
119,0.9845191519707441,15,36
120,0.9845191519707441,15,36
121,0.9845191519707441,15,36
122,0.9845191519707441,15,36
123,0.9845191519707441,15,36
124,0.9845191519707441,15,36
125,0.9845191519707441,15,36
126,0.9845191519707441,15,36
127,0.9845191519707441,15,36
128,0.9845191519707441,15,36
129,0.9845191519707441,15,36
130,0.9845191519707441,15,36
131,0.9845191519707441,15,36
132,0.9845191519707441,15,36
133,0.9845191519707441,15,36
134,0.9913373002782464,15,36
135,0.9913373002782464,15,36
136,0.9913373002782464,15,36
137,0.9913373002782464,15,36
138,0.9913373002782464,15,36
139,0.9913373002782464,15,36
140,0.9913373002782464,15,36
141,0.9921891163103282,14,36
142,0.9921891163103282,14,36
143,0.9921891163103282,14,36
144,0.9921891163103282,14,36
145,0.9921891163103282,14,36
146,0.9921891163103282,14,36
147,0.9921891163103282,14,36
148,0.9921891163103282,14,36
149,0.9921891163103282,14,36
150,0.9921891163103282,14,36
151,0.9921891163103282,14,36
152,0.9921891163103282,14,36
153,0.9921891163103282,14,36
154,0.9921891163103282,14,36
155,0.9921891163103282,14,36
156,0.9956278502941132,15,36
157,0.9956278502941132,15,36
158,0.9956278502941132,15,36
159,0.9956278502941132,15,36
160,0.9977128747850657,14,36
161,0.9977128747850657,14,36
162,0.9977128747850657,14,36
163,0.9977128747850657,14,36
164,0.9977128747850657,14,36
165,0.9977128747850657,14,36
166,0.9977128747850657,14,36
167,0.9977128747850657,14,36
168,0.9977128747850657,14,36
169,0.9977128747850657,14,36
170,0.9977128747850657,14,36
171,0.9977128747850657,14,36
172,0.9977128747850657,14,36
173,0.9977128747850657,14,36
174,0.9977128747850657,14,36
175,0.9977128747850657,14,36
176,0.9977128747850657,14,36
177,0.9977128747850657,14,36
178,0.9977128747850657,14,36
179,0.9977128747850657,14,36
180,0.9977128747850657,14,36
181,0.9977128747850657,14,36
182,0.9977128747850657,14,36
183,0.9977128747850657,14,36
184,0.9977128747850657,14,36
185,0.9977128747850657,14,36
186,0.9977128747850657,14,36
187,0.9977128747850657,14,36
188,0.9977128747850657,14,36
189,0.9977128747850657,14,36
190,0.9977128747850657,14,36
191,0.9977128747850657,14,36
192,0.9977128747850657,14,36
193,0.9977128747850657,14,36
194,0.9977128747850657,14,36
195,0.9977128747850657,14,36
196,0.9977128747850657,14,36
197,0.9977128747850657,14,36
198,0.9977128747850657,14,36
199,0.9977128747850657,14,36
200,0.9977128747850657,14,36
1,0.00015020370483398438,11,37
2,0.00026410818099975586,13,37
3,0.0005475878715515137,10,37
4,0.0005475878715515137,10,37
5,0.0008503198623657227,14,37
6,0.0016529560089111328,14,37
7,0.0024324655532836914,15,37
8,0.002760767936706543,13,37
9,0.009532511234283447,15,37
10,0.009532511234283447,15,37
11,0.009532511234283447,15,37
12,0.019750118255615234,15,37
13,0.019750118255615234,15,37
14,0.019750118255615234,15,37
15,0.11100399494171143,15,37
16,0.11100399494171143,15,37
17,0.11100399494171143,15,37
18,0.11100399494171143,15,37
19,0.11100399494171143,15,37
20,0.11100399494171143,15,37
21,0.18950021266937256,15,37
22,0.18950021266937256,15,37
23,0.18950021266937256,15,37
24,0.18950021266937256,15,37
25,0.18950021266937256,15,37
26,0.18950021266937256,15,37
27,0.18950021266937256,15,37
28,0.2207745909690857,15,37
29,0.2207745909690857,15,37
30,0.2207745909690857,15,37
31,0.2207745909690857,15,37
32,0.2207745909690857,15,37
33,0.2207745909690857,15,37
34,0.2207745909690857,15,37
35,0.3211680054664612,15,37
36,0.3211680054664612,15,37
37,0.3211680054664612,15,37
38,0.3211680054664612,15,37
39,0.3211680054664612,15,37
40,0.3483588695526123,15,37
41,0.3483588695526123,15,37
42,0.4255976676940918,15,37
43,0.4255976676940918,15,37
44,0.4255976676940918,15,37
45,0.4255976676940918,15,37
46,0.5802406072616577,15,37
47,0.5802406072616577,15,37
48,0.5802406072616577,15,37
49,0.5802406072616577,15,37
50,0.5802406072616577,15,37
51,0.5802406072616577,15,37
52,0.6010009348392487,15,37
53,0.6010009348392487,15,37
54,0.6010009348392487,15,37
55,0.6010009348392487,15,37
56,0.6010009348392487,15,37
57,0.6010009348392487,15,37
58,0.6010009348392487,15,37
59,0.6010009348392487,15,37
60,0.6010009348392487,15,37
61,0.6010009348392487,15,37
62,0.7458956837654114,15,37
63,0.7458956837654114,15,37
64,0.7458956837654114,15,37
65,0.7834047228097916,15,37
66,0.7834047228097916,15,37
67,0.7954721748828888,15,37
68,0.7954721748828888,15,37
69,0.7954721748828888,15,37
70,0.7954721748828888,15,37
71,0.7954721748828888,15,37
72,0.9652976877987385,15,37
73,0.9652976877987385,15,37
74,0.9652976877987385,15,37
75,0.9653066545724869,15,37
76,0.9653066545724869,15,37
77,0.9653066545724869,15,37
78,0.9653066545724869,15,37
79,0.9653066545724869,15,37
80,0.9653066545724869,15,37
81,0.9653066545724869,15,37
82,0.9653066545724869,15,37
83,0.9653066545724869,15,37
84,0.9653066545724869,15,37
85,0.9653066545724869,15,37
86,0.9653066545724869,15,37
87,0.9653066545724869,15,37
88,0.9653066545724869,15,37
89,0.9653066545724869,15,37
90,0.9653066545724869,15,37
91,0.9653066545724869,15,37
92,0.9653066545724869,15,37
93,0.9653066545724869,15,37
94,0.9653066545724869,15,37
95,0.9653066545724869,15,37
96,0.9653066545724869,15,37
97,0.9653066545724869,15,37
98,0.9653066545724869,15,37
99,0.9653066545724869,15,37
100,0.9653066545724869,15,37
101,0.969383480027318,15,37
102,0.969383480027318,15,37
103,0.969383480027318,15,37
104,0.9762206356972456,15,37
105,0.9762206356972456,15,37
106,0.9762206356972456,15,37
107,0.9762206356972456,15,37
108,0.9762206356972456,15,37
109,0.9762206356972456,15,37
110,0.9762206356972456,15,37
111,0.9762206356972456,15,37
112,0.9762206356972456,15,37
113,0.9762206356972456,15,37
114,0.9762206356972456,15,37
115,0.9762206356972456,15,37
116,0.9762206356972456,15,37
117,0.9762206356972456,15,37
118,0.9762206356972456,15,37
119,0.9762206356972456,15,37
120,0.9762206356972456,15,37
121,0.9814125578850508,15,37
122,0.9814125578850508,15,37
123,0.9814125578850508,15,37
124,0.9814125578850508,15,37
125,0.9814125578850508,15,37
126,0.9814125578850508,15,37
127,0.9814125578850508,15,37
128,0.9814125578850508,15,37
129,0.9814125578850508,15,37
130,0.9849779009819031,15,37
131,0.9849779009819031,15,37
132,0.9849779009819031,15,37
133,0.9849779009819031,15,37
134,0.9849779009819031,15,37
135,0.9849779009819031,15,37
136,0.9849779009819031,15,37
137,0.9849779009819031,15,37
138,0.9849779009819031,15,37
139,0.9904706394299865,15,37
140,0.9904706394299865,15,37
141,0.9904706394299865,15,37
142,0.9904706394299865,15,37
143,0.9904716489836574,15,37
144,0.9905263492837548,15,37
145,0.9905263492837548,15,37
146,0.995459012221545,15,37
147,0.995459012221545,15,37
148,0.995459012221545,15,37
149,0.995459012221545,15,37
150,0.995459012221545,15,37
151,0.995459012221545,15,37
152,0.9955039382912219,15,37
153,0.9955039382912219,15,37
154,0.9955039382912219,15,37
155,0.9955039382912219,15,37
156,0.9955039382912219,15,37
157,0.9955039382912219,15,37
158,0.9955039382912219,15,37
159,0.9955039382912219,15,37
160,0.9955039382912219,15,37
161,0.9955039382912219,15,37
162,0.9955039382912219,15,37
163,0.9955039382912219,15,37
164,0.9955039382912219,15,37
165,0.9955039382912219,15,37
166,0.9955039382912219,15,37
167,0.9955039382912219,15,37
168,0.9955039382912219,15,37
169,0.9955039382912219,15,37
170,0.9955039382912219,15,37
171,0.9955039382912219,15,37
172,0.9955039382912219,15,37
173,0.9955039382912219,15,37
174,0.9955039382912219,15,37
175,0.9955039382912219,15,37
176,0.9955039382912219,15,37
177,0.9955039382912219,15,37
178,0.9955039382912219,15,37
179,0.9955039382912219,15,37
180,0.9955039382912219,15,37
181,0.9955039382912219,15,37
182,0.9955039382912219,15,37
183,0.9955039382912219,15,37
184,0.9967381414026022,15,37
185,0.9967381414026022,15,37
186,0.9967381414026022,15,37
187,0.9967381414026022,15,37
188,0.9967381414026022,15,37
189,0.9967381414026022,15,37
190,0.9967381414026022,15,37
191,0.9967381414026022,15,37
192,0.9967381414026022,15,37
193,0.9967381414026022,15,37
194,0.9967381414026022,15,37
195,0.9967381414026022,15,37
196,0.9967381414026022,15,37
197,0.9967381414026022,15,37
198,0.9967381414026022,15,37
199,0.9967381414026022,15,37
200,0.9967381414026022,15,37
1,7.748603820800781e-06,14,38
2,1.0013580322265625e-05,13,38
3,1.0013580322265625e-05,13,38
4,3.218650817871094e-05,13,38
5,3.218650817871094e-05,13,38
6,3.218650817871094e-05,13,38
7,3.218650817871094e-05,13,38
8,4.8160552978515625e-05,14,38
9,4.8160552978515625e-05,14,38
10,5.340576171875e-05,15,38
11,0.00018292665481567383,15,38
12,0.00018292665481567383,15,38
13,0.00018292665481567383,15,38
14,0.00018292665481567383,15,38
15,0.0001913905143737793,15,38
16,0.0009549260139465332,13,38
17,0.0009549260139465332,13,38
18,0.0018548965454101562,15,38
19,0.0018548965454101562,15,38
20,0.0018548965454101562,15,38
21,0.027961373329162598,15,38
22,0.027961373329162598,15,38
23,0.027961373329162598,15,38
24,0.027961373329162598,15,38
25,0.027961373329162598,15,38
26,0.027961373329162598,15,38
27,0.027961373329162598,15,38
28,0.027961373329162598,15,38
29,0.027961373329162598,15,38
30,0.027961373329162598,15,38
31,0.027961373329162598,15,38
32,0.02809041738510132,14,38
33,0.02809041738510132,14,38
34,0.02809041738510132,14,38
35,0.03787028789520264,14,38
36,0.03787028789520264,14,38
37,0.03787028789520264,14,38
38,0.03787028789520264,14,38
39,0.03787028789520264,14,38
40,0.08001720905303955,15,38
41,0.08001720905303955,15,38
42,0.08001720905303955,15,38
43,0.08001720905303955,15,38
44,0.08001720905303955,15,38
45,0.08001720905303955,15,38
46,0.08001720905303955,15,38
47,0.08001720905303955,15,38
48,0.08001720905303955,15,38
49,0.08001720905303955,15,38
50,0.08001720905303955,15,38
51,0.08001720905303955,15,38
52,0.08001720905303955,15,38
53,0.08001720905303955,15,38
54,0.08001720905303955,15,38
55,0.08001720905303955,15,38
56,0.08001720905303955,15,38
57,0.08001720905303955,15,38
58,0.08001720905303955,15,38
59,0.0950821042060852,15,38
60,0.207011878490448,15,38
61,0.207011878490448,15,38
62,0.3348599076271057,15,38
63,0.3348599076271057,15,38
64,0.3348599076271057,15,38
65,0.3348599076271057,15,38
66,0.3348599076271057,15,38
67,0.3348599076271057,15,38
68,0.3348599076271057,15,38
69,0.3348599076271057,15,38
70,0.3348599076271057,15,38
71,0.3348599076271057,15,38
72,0.3348599076271057,15,38
73,0.3348599076271057,15,38
74,0.44164973497390747,15,38
75,0.44164973497390747,15,38
76,0.44164973497390747,15,38
77,0.44164973497390747,15,38
78,0.44164973497390747,15,38
79,0.44164973497390747,15,38
80,0.6488343477249146,15,38
81,0.6488343477249146,15,38
82,0.6488343477249146,15,38
83,0.6488343477249146,15,38
84,0.6488343477249146,15,38
85,0.7516347020864487,15,38
86,0.7516347020864487,15,38
87,0.7516347020864487,15,38
88,0.7516347020864487,15,38
89,0.7516347020864487,15,38
90,0.7516347020864487,15,38
91,0.7516347020864487,15,38
92,0.7516347020864487,15,38
93,0.7516347020864487,15,38
94,0.7516347020864487,15,38
95,0.7516347020864487,15,38
96,0.7516347020864487,15,38
97,0.7533042281866074,15,38
98,0.7533042281866074,15,38
99,0.7533042281866074,15,38
100,0.7533042281866074,15,38
101,0.7533042281866074,15,38
102,0.7533042281866074,15,38
103,0.7533042281866074,15,38
104,0.8404193073511124,15,38
105,0.8894125670194626,15,38
106,0.8894125670194626,15,38
107,0.9777985494583845,15,38
108,0.9777985494583845,15,38
109,0.9777985494583845,15,38
110,0.9777985494583845,15,38
111,0.9777985494583845,15,38
112,0.9777985494583845,15,38
113,0.9777985494583845,15,38
114,0.9777985494583845,15,38
115,0.9777985494583845,15,38
116,0.9777985494583845,15,38
117,0.9777985494583845,15,38
118,0.9777985494583845,15,38
119,0.9777985494583845,15,38
120,0.9777985494583845,15,38
121,0.9777985494583845,15,38
122,0.9777985494583845,15,38
123,0.9777985494583845,15,38
124,0.9777985494583845,15,38
125,0.9777985494583845,15,38
126,0.9777985494583845,15,38
127,0.9777985494583845,15,38
128,0.9777985494583845,15,38
129,0.9777985494583845,15,38
130,0.9777985494583845,15,38
131,0.9777985494583845,15,38
132,0.9777985494583845,15,38
133,0.9777985494583845,15,38
134,0.9777985494583845,15,38
135,0.9777985494583845,15,38
136,0.9930195556953549,15,38
137,0.9930195556953549,15,38
138,0.9930195556953549,15,38
139,0.9930195556953549,15,38
140,0.994282269384712,15,38
141,0.9946033991873264,15,38
142,0.9946033991873264,15,38
143,0.9946033991873264,15,38
144,0.9946033991873264,15,38
145,0.9946033991873264,15,38
146,0.9946033991873264,15,38
147,0.9946033991873264,15,38
148,0.9946033991873264,15,38
149,0.9946033991873264,15,38
150,0.9946033991873264,15,38
151,0.9946033991873264,15,38
152,0.9946033991873264,15,38
153,0.9946033991873264,15,38
154,0.9947397094219923,15,38
155,0.9947397094219923,15,38
156,0.9947397094219923,15,38
157,0.9947397094219923,15,38
158,0.9947397094219923,15,38
159,0.9947397094219923,15,38
160,0.9947397094219923,15,38
161,0.9947397094219923,15,38
162,0.9947397094219923,15,38
163,0.9947397094219923,15,38
164,0.9947397094219923,15,38
165,0.9947397094219923,15,38
166,0.9947397094219923,15,38
167,0.9947397094219923,15,38
168,0.9947397094219923,15,38
169,0.9947397094219923,15,38
170,0.9947397094219923,15,38
171,0.9947397094219923,15,38
172,0.9950084453448653,15,38
173,0.9950084453448653,15,38
174,0.9950084453448653,15,38
175,0.9950084453448653,15,38
176,0.9950084453448653,15,38
177,0.9950084453448653,15,38
178,0.9950084453448653,15,38
179,0.9950084453448653,15,38
180,0.9950084453448653,15,38
181,0.9993190457462333,15,38
182,0.9993190457462333,15,38
183,0.9993190457462333,15,38
184,0.9993190457462333,15,38
185,0.9993190457462333,15,38
186,0.9998471280559897,15,38
187,0.9998471280559897,15,38
188,0.9998471280559897,15,38
189,0.9998471280559897,15,38
190,0.9998471280559897,15,38
191,0.9998471280559897,15,38
192,0.9998471280559897,15,38
193,0.9998471280559897,15,38
194,0.9998471280559897,15,38
195,0.9998471280559897,15,38
196,0.9998471280559897,15,38
197,0.9998471280559897,15,38
198,0.9998471280559897,15,38
199,0.9998471280559897,15,38
200,0.9998471280559897,15,38
1,0.5556244552135468,15,39
2,0.5556244552135468,15,39
3,0.641429215669632,12,39
4,0.8215228468179703,13,39
5,0.8215228468179703,13,39
6,0.9578332230448723,15,39
7,0.9578332230448723,15,39
8,0.9578332230448723,15,39
9,0.9578332230448723,15,39
10,0.9578332230448723,15,39
11,0.960715401917696,14,39
12,0.960715401917696,14,39
13,0.960715401917696,14,39
14,0.960715401917696,14,39
15,0.960715401917696,14,39
16,0.960715401917696,14,39
17,0.960715401917696,14,39
18,0.960715401917696,14,39
19,0.9773473795503378,15,39
20,0.9773473795503378,15,39
21,0.9842887129634619,15,39
22,0.9874772224575281,15,39
23,0.9874772224575281,15,39
24,0.988551345653832,14,39
25,0.988551345653832,14,39
26,0.988551345653832,14,39
27,0.9897523177787662,15,39
28,0.9906568424776196,15,39
29,0.993282443843782,15,39
30,0.9944027229212224,15,39
31,0.9959127358160913,15,39
32,0.9963311322499067,14,39
33,0.9963311322499067,14,39
34,0.9963452860247344,14,39
35,0.9963452860247344,14,39
36,0.99646390019916,15,39
37,0.99646390019916,15,39
38,0.99646390019916,15,39
39,0.99646390019916,15,39
40,0.9994466372882016,15,39
41,0.9994466372882016,15,39
42,0.9994466372882016,15,39
43,0.9994466372882016,15,39
44,0.9994466372882016,15,39
45,0.9995001662755385,15,39
46,0.9995001662755385,15,39
47,0.9995001662755385,15,39
48,0.9995001662755385,15,39
49,0.9995001662755385,15,39
50,0.9995001662755385,15,39
51,0.9995001662755385,15,39
52,0.9995001662755385,15,39
53,0.999577177251922,15,39
54,0.9998665466555394,15,39
55,0.9998665466555394,15,39
56,0.9998665466555394,15,39
57,0.9998665466555394,15,39
58,0.9998665466555394,15,39
59,0.9998665466555394,15,39
60,0.9998665466555394,15,39
61,0.9998665466555394,15,39
62,0.999871868712944,15,39
63,0.999871868712944,15,39
64,0.999871868712944,15,39
65,0.999871868712944,15,39
66,0.999871868712944,15,39
67,0.999871868712944,15,39
68,0.999871868712944,15,39
69,0.999871868712944,15,39
70,0.9999506188069063,15,39
71,0.9999506188069063,15,39
72,0.9999506188069063,15,39
73,0.9999506188069063,15,39
74,0.9999506188069063,15,39
75,0.9999506188069063,15,39
76,0.9999506188069063,15,39
77,0.9999506188069063,15,39
78,0.9999506188069063,15,39
79,0.9999507959364564,15,39
80,0.9999507959364564,15,39
81,0.9999507959364564,15,39
82,0.9999507959364564,15,39
83,0.9999507959364564,15,39
84,0.9999507959364564,15,39
85,0.9999507959364564,15,39
86,0.9999507959364564,15,39
87,0.9999507959364564,15,39
88,0.9999507959364564,15,39
89,0.9999507959364564,15,39
90,0.9999507959364564,15,39
91,0.9999685660295654,15,39
92,0.9999685660295654,15,39
93,0.9999685660295654,15,39
94,0.9999685660295654,15,39
95,0.9999685660295654,15,39
96,0.9999685660295654,15,39
97,0.9999685660295654,15,39
98,0.9999865043810132,15,39
99,0.9999865043810132,15,39
100,0.9999865043810132,15,39
101,0.9999865043810132,15,39
102,0.9999865043810132,15,39
103,0.9999865043810132,15,39
104,0.9999865043810132,15,39
105,0.9999865043810132,15,39
106,0.9999865043810132,15,39
107,0.9999865043810132,15,39
108,0.9999865043810132,15,39
109,0.9999865043810132,15,39
110,0.9999865043810132,15,39
111,0.9999886126124693,15,39
112,0.9999886126124693,15,39
113,0.9999886126124693,15,39
114,0.9999886126124693,15,39
115,0.9999886126124693,15,39
116,0.9999886126124693,15,39
117,0.9999886126124693,15,39
118,0.9999886126124693,15,39
119,0.9999886126124693,15,39
120,0.9999886126124693,15,39
121,0.9999886126124693,15,39
122,0.9999886126124693,15,39
123,0.9999886126124693,15,39
124,0.9999886126124693,15,39
125,0.9999886126124693,15,39
126,0.9999886126124693,15,39
127,0.9999886126124693,15,39
128,0.9999886126124693,15,39
129,0.9999886126124693,15,39
130,0.9999886126124693,15,39
131,0.9999886126124693,15,39
132,0.9999886126124693,15,39
133,0.9999886126124693,15,39
134,0.9999886126124693,15,39
135,0.9999886126124693,15,39
136,0.9999903807984083,15,39
137,0.9999903807984083,15,39
138,0.9999903807984083,15,39
139,0.9999903807984083,15,39
140,0.9999903807984083,15,39
141,0.99999282352519,15,39
142,0.99999282352519,15,39
143,0.99999282352519,15,39
144,0.99999282352519,15,39
145,0.99999282352519,15,39
146,0.99999282352519,15,39
147,0.99999282352519,15,39
148,0.9999929119544504,15,39
149,0.9999929119544504,15,39
150,0.9999929119544504,15,39
151,0.9999929119544504,15,39
152,0.9999929119544504,15,39
153,0.9999929119544504,15,39
154,0.9999929119544504,15,39
155,0.9999929119544504,15,39
156,0.9999929119544504,15,39
157,0.9999929119544504,15,39
158,0.9999929119544504,15,39
159,0.9999929119544504,15,39
160,0.9999929119544504,15,39
161,0.9999930586668597,15,39
162,0.9999930586668597,15,39
163,0.9999947432606859,14,39
164,0.9999947432606859,14,39
165,0.9999947432606859,14,39
166,0.9999947432606859,14,39
167,0.9999947432606859,14,39
168,0.9999947432606859,14,39
169,0.9999947432606859,14,39
170,0.9999947432606859,14,39
171,0.9999947432606859,14,39
172,0.9999947432606859,14,39
173,0.9999947432606859,14,39
174,0.9999947432606859,14,39
175,0.9999947432606859,14,39
176,0.9999947432606859,14,39
177,0.9999947432606859,14,39
178,0.9999947432606859,14,39
179,0.9999947432606859,14,39
180,0.9999973291719471,15,39
181,0.9999973291719471,15,39
182,0.9999973291719471,15,39
183,0.9999973291719471,15,39
184,0.9999973291719471,15,39
185,0.9999973291719471,15,39
186,0.9999973291719471,15,39
187,0.9999973291719471,15,39
188,0.9999973291719471,15,39
189,0.9999973291719471,15,39
190,0.9999973291719471,15,39
191,0.9999973291719471,15,39
192,0.9999973291719471,15,39
193,0.9999973291719471,15,39
194,0.9999973291719471,15,39
195,0.9999986884906775,15,39
196,0.9999986884906775,15,39
197,0.9999986884906775,15,39
198,0.9999986884906775,15,39
199,0.9999986884906775,15,39
200,0.9999986884906775,15,39
1,0.00012683868408203125,13,40
2,0.00026732683181762695,13,40
3,0.0002867579460144043,13,40
4,0.0006062984466552734,14,40
5,0.001362144947052002,13,40
6,0.001362144947052002,13,40
7,0.0018784403800964355,15,40
8,0.0018784403800964355,15,40
9,0.0018784403800964355,15,40
10,0.004076480865478516,15,40
11,0.010027289390563965,15,40
12,0.010027289390563965,15,40
13,0.010027289390563965,15,40
14,0.010027289390563965,15,40
15,0.010027289390563965,15,40
16,0.01059955358505249,14,40
17,0.01059955358505249,14,40
18,0.01059955358505249,14,40
19,0.01059955358505249,14,40
20,0.01059955358505249,14,40
21,0.02150881290435791,15,40
22,0.02150881290435791,15,40
23,0.02150881290435791,15,40
24,0.02150881290435791,15,40
25,0.02150881290435791,15,40
26,0.02150881290435791,15,40
27,0.02150881290435791,15,40
28,0.02150881290435791,15,40
29,0.028200864791870117,15,40
30,0.028200864791870117,15,40
31,0.028200864791870117,15,40
32,0.04777735471725464,14,40
33,0.20326316356658936,15,40
34,0.20326316356658936,15,40
35,0.20326316356658936,15,40
36,0.20326316356658936,15,40
37,0.20326316356658936,15,40
38,0.20326316356658936,15,40
39,0.20326316356658936,15,40
40,0.20326316356658936,15,40
41,0.20326316356658936,15,40
42,0.20326316356658936,15,40
43,0.20326316356658936,15,40
44,0.20326316356658936,15,40
45,0.20326316356658936,15,40
46,0.20326316356658936,15,40
47,0.20326316356658936,15,40
48,0.20326316356658936,15,40
49,0.25568562746047974,15,40
50,0.25568562746047974,15,40
51,0.25568562746047974,15,40
52,0.25568562746047974,15,40
53,0.25568562746047974,15,40
54,0.25568562746047974,15,40
55,0.25568562746047974,15,40
56,0.38293713331222534,14,40
57,0.38293713331222534,14,40
58,0.38293713331222534,14,40
59,0.38293713331222534,14,40
60,0.38293713331222534,14,40
61,0.38293713331222534,14,40
62,0.38293713331222534,14,40
63,0.38293713331222534,14,40
64,0.38293713331222534,14,40
65,0.38293713331222534,14,40
66,0.38293713331222534,14,40
67,0.38293713331222534,14,40
68,0.38293713331222534,14,40
69,0.38293713331222534,14,40
70,0.38293713331222534,14,40
71,0.38293713331222534,14,40
72,0.38293713331222534,14,40
73,0.38293713331222534,14,40
74,0.38293713331222534,14,40
75,0.38293713331222534,14,40
76,0.38293713331222534,14,40
77,0.38293713331222534,14,40
78,0.4686356782913208,15,40
79,0.4686356782913208,15,40
80,0.4686356782913208,15,40
81,0.4686356782913208,15,40
82,0.4686356782913208,15,40
83,0.4686356782913208,15,40
84,0.4686356782913208,15,40
85,0.4686356782913208,15,40
86,0.4686356782913208,15,40
87,0.4686356782913208,15,40
88,0.4686356782913208,15,40
89,0.4686356782913208,15,40
90,0.5496990382671356,15,40
91,0.5496990382671356,15,40
92,0.5496990382671356,15,40
93,0.5496990382671356,15,40
94,0.6649050116539001,15,40
95,0.6649050116539001,15,40
96,0.6649050116539001,15,40
97,0.7491427361965179,15,40
98,0.7491427361965179,15,40
99,0.7491427361965179,15,40
100,0.7491427361965179,15,40
101,0.7491427361965179,15,40
102,0.7491427361965179,15,40
103,0.7491427361965179,15,40
104,0.7491427361965179,15,40
105,0.7491427361965179,15,40
106,0.7491427361965179,15,40
107,0.7491427361965179,15,40
108,0.7491427361965179,15,40
109,0.7491427361965179,15,40
110,0.7491427361965179,15,40
111,0.7491427361965179,15,40
112,0.7491427361965179,15,40
113,0.7491427361965179,15,40
114,0.7491427361965179,15,40
115,0.7988210618495941,15,40
116,0.9154996052384377,15,40
117,0.9154996052384377,15,40
118,0.9154996052384377,15,40
119,0.9154996052384377,15,40
120,0.9154996052384377,15,40
121,0.9154996052384377,15,40
122,0.9154996052384377,15,40
123,0.9154996052384377,15,40
124,0.9154996052384377,15,40
125,0.9154996052384377,15,40
126,0.9154996052384377,15,40
127,0.9154996052384377,15,40
128,0.9154996052384377,15,40
129,0.9154996052384377,15,40
130,0.9154996052384377,15,40
131,0.9154996052384377,15,40
132,0.9154996052384377,15,40
133,0.9154996052384377,15,40
134,0.9154996052384377,15,40
135,0.9154996052384377,15,40
136,0.9154996052384377,15,40
137,0.9154996052384377,15,40
138,0.9154996052384377,15,40
139,0.9154996052384377,15,40
140,0.9154996052384377,15,40
141,0.9292527660727501,15,40
142,0.9611330442130566,14,40
143,0.9611330442130566,14,40
144,0.9611330442130566,14,40
145,0.9611330442130566,14,40
146,0.9611330442130566,14,40
147,0.9611330442130566,14,40
148,0.9611330442130566,14,40
149,0.9611330442130566,14,40
150,0.9611330442130566,14,40
151,0.9611330442130566,14,40
152,0.9611330442130566,14,40
153,0.9611330442130566,14,40
154,0.9611330442130566,14,40
155,0.9611330442130566,14,40
156,0.9611330442130566,14,40
157,0.9611330442130566,14,40
158,0.9611330442130566,14,40
159,0.9611330442130566,14,40
160,0.9611330442130566,14,40
161,0.9611330442130566,14,40
162,0.9611330442130566,14,40
163,0.9611330442130566,14,40
164,0.9611330442130566,14,40
165,0.9611330442130566,14,40
166,0.9611330442130566,14,40
167,0.9611330442130566,14,40
168,0.9611330442130566,14,40
169,0.9611330442130566,14,40
170,0.9611330442130566,14,40
171,0.9626006186008453,15,40
172,0.9626006186008453,15,40
173,0.9626006186008453,15,40
174,0.9626006186008453,15,40
175,0.9626006186008453,15,40
176,0.9626006186008453,15,40
177,0.9626006186008453,15,40
178,0.9626006186008453,15,40
179,0.9626006186008453,15,40
180,0.9626006186008453,15,40
181,0.9803741239011288,15,40
182,0.9803741239011288,15,40
183,0.9803741239011288,15,40
184,0.9803741239011288,15,40
185,0.9803741239011288,15,40
186,0.9803741239011288,15,40
187,0.9803741239011288,15,40
188,0.9803741239011288,15,40
189,0.9803741239011288,15,40
190,0.9803741239011288,15,40
191,0.9803741239011288,15,40
192,0.9803741239011288,15,40
193,0.9803741239011288,15,40
194,0.9803741239011288,15,40
195,0.9803741239011288,15,40
196,0.9803741239011288,15,40
197,0.9803741239011288,15,40
198,0.9803741239011288,15,40
199,0.9803741239011288,15,40
200,0.9803741239011288,15,40
1,0.3941577672958374,15,41
2,0.3941577672958374,15,41
3,0.5344995260238647,15,41
4,0.6449609100818634,15,41
5,0.6449609100818634,15,41
6,0.7003247439861298,15,41
7,0.8935040980577469,14,41
8,0.8935040980577469,14,41
9,0.8935040980577469,14,41
10,0.8935040980577469,14,41
11,0.8935040980577469,14,41
12,0.8935040980577469,14,41
13,0.9155860021710396,15,41
14,0.9155860021710396,15,41
15,0.9155860021710396,15,41
16,0.9155860021710396,15,41
17,0.9155860021710396,15,41
18,0.9155860021710396,15,41
19,0.9155860021710396,15,41
20,0.9155860021710396,15,41
21,0.928382933139801,15,41
22,0.928382933139801,15,41
23,0.9808616377413273,15,41
24,0.9808616377413273,15,41
25,0.9808616377413273,15,41
26,0.9808616377413273,15,41
27,0.9808616377413273,15,41
28,0.9808616377413273,15,41
29,0.990822316147387,15,41
30,0.990822316147387,15,41
31,0.990822316147387,15,41
32,0.990822316147387,15,41
33,0.990822316147387,15,41
34,0.990822316147387,15,41
35,0.990822316147387,15,41
36,0.990822316147387,15,41
37,0.990822316147387,15,41
38,0.995424394030124,15,41
39,0.995424394030124,15,41
40,0.995424394030124,15,41
41,0.995424394030124,15,41
42,0.998068708111532,15,41
43,0.998068708111532,15,41
44,0.998068708111532,15,41
45,0.998068708111532,15,41
46,0.998068708111532,15,41
47,0.998068708111532,15,41
48,0.998068708111532,15,41
49,0.998068708111532,15,41
50,0.998068708111532,15,41
51,0.9990460111293942,15,41
52,0.9990460111293942,15,41
53,0.9990460111293942,15,41
54,0.9990460111293942,15,41
55,0.9990460111293942,15,41
56,0.9990460111293942,15,41
57,0.9990460111293942,15,41
58,0.9990460111293942,15,41
59,0.9990460111293942,15,41
60,0.9990460111293942,15,41
61,0.9990460111293942,15,41
62,0.9990460111293942,15,41
63,0.9990460111293942,15,41
64,0.9990460111293942,15,41
65,0.9990460111293942,15,41
66,0.9990460111293942,15,41
67,0.9991147334803827,15,41
68,0.9991147334803827,15,41
69,0.9995744107000064,15,41
70,0.9995744107000064,15,41
71,0.9995744107000064,15,41
72,0.9995744107000064,15,41
73,0.9995744107000064,15,41
74,0.9995744107000064,15,41
75,0.9995744107000064,15,41
76,0.9995744107000064,15,41
77,0.9995744107000064,15,41
78,0.9995744107000064,15,41
79,0.9995744107000064,15,41
80,0.9995744107000064,15,41
81,0.9995744107000064,15,41
82,0.9995744107000064,15,41
83,0.9995744107000064,15,41
84,0.9995744107000064,15,41
85,0.9995744107000064,15,41
86,0.9995744107000064,15,41
87,0.9995744107000064,15,41
88,0.9995744107000064,15,41
89,0.9997976324084448,15,41
90,0.9997976324084448,15,41
91,0.9997976324084448,15,41
92,0.9997976324084448,15,41
93,0.9997976324084448,15,41
94,0.9997976324084448,15,41
95,0.9997976324084448,15,41
96,0.9997976324084448,15,41
97,0.9997976324084448,15,41
98,0.9997976324084448,15,41
99,0.9997976324084448,15,41
100,0.9997976324084448,15,41
101,0.9997976324084448,15,41
102,0.9997979666950414,15,41
103,0.9997979666950414,15,41
104,0.9997979666950414,15,41
105,0.9997979666950414,15,41
106,0.9997979666950414,15,41
107,0.9997979666950414,15,41
108,0.9997979666950414,15,41
109,0.9997979666950414,15,41
110,0.9997979666950414,15,41
111,0.9997979666950414,15,41
112,0.9997979666950414,15,41
113,0.9997979666950414,15,41
114,0.9997979666950414,15,41
115,0.9997979666950414,15,41
116,0.9997979666950414,15,41
117,0.9997979666950414,15,41
118,0.9997979666950414,15,41
119,0.9997979666950414,15,41
120,0.9997979666950414,15,41
121,0.9999102057408891,15,41
122,0.9999102057408891,15,41
123,0.9999102057408891,15,41
124,0.9999102057408891,15,41
125,0.9999102057408891,15,41
126,0.9999102057408891,15,41
127,0.9999102057408891,15,41
128,0.9999102057408891,15,41
129,0.9999102057408891,15,41
130,0.9999102057408891,15,41
131,0.9999102057408891,15,41
132,0.9999102057408891,15,41
133,0.9999102057408891,15,41
134,0.9999102057408891,15,41
135,0.9999102057408891,15,41
136,0.9999102057408891,15,41
137,0.9999102057408891,15,41
138,0.9999102057408891,15,41
139,0.9999102057408891,15,41
140,0.9999102057408891,15,41
141,0.9999102057408891,15,41
142,0.9999102057408891,15,41
143,0.9999102057408891,15,41
144,0.9999102057408891,15,41
145,0.9999102057408891,15,41
146,0.9999102057408891,15,41
147,0.9999102057408891,15,41
148,0.999919901463727,15,41
149,0.999919901463727,15,41
150,0.999919901463727,15,41
151,0.999919901463727,15,41
152,0.999919901463727,15,41
153,0.999919901463727,15,41
154,0.999919901463727,15,41
155,0.9999535396964347,15,41
156,0.9999535396964347,15,41
157,0.9999535396964347,15,41
158,0.9999535396964347,15,41
159,0.9999535396964347,15,41
160,0.9999535396964347,15,41
161,0.9999535396964347,15,41
162,0.9999535396964347,15,41
163,0.9999535396964347,15,41
164,0.9999535396964347,15,41
165,0.9999535396964347,15,41
166,0.9999535396964347,15,41
167,0.9999535396964347,15,41
168,0.9999535396964347,15,41
169,0.9999535396964347,15,41
170,0.9999535396964347,15,41
171,0.9999535396964347,15,41
172,0.9999535396964347,15,41
173,0.9999535396964347,15,41
174,0.9999535396964347,15,41
175,0.9999535396964347,15,41
176,0.9999535396964347,15,41
177,0.9999535396964347,15,41
178,0.9999535396964347,15,41
179,0.9999535396964347,15,41
180,0.9999535396964347,15,41
181,0.9999549102758465,15,41
182,0.9999549102758465,15,41
183,0.9999561834738415,15,41
184,0.9999561834738415,15,41
185,0.9999561834738415,15,41
186,0.9999561834738415,15,41
187,0.9999561834738415,15,41
188,0.9999561834738415,15,41
189,0.9999651580656064,14,41
190,0.9999651580656064,14,41
191,0.9999651580656064,14,41
192,0.9999651580656064,14,41
193,0.9999651580656064,14,41
194,0.9999651580656064,14,41
195,0.9999651580656064,14,41
196,0.9999732028536528,15,41
197,0.9999732028536528,15,41
198,0.9999732028536528,15,41
199,0.9999732028536528,15,41
200,0.9999732028536528,15,41
1,0.029896974563598633,3,42
2,0.054824769496917725,12,42
3,0.054824769496917725,12,42
4,0.054824769496917725,12,42
5,0.09322559833526611,12,42
6,0.1335025429725647,15,42
7,0.1335025429725647,15,42
8,0.28438669443130493,15,42
9,0.28438669443130493,15,42
10,0.2888243794441223,15,42
11,0.2888243794441223,15,42
12,0.2888243794441223,15,42
13,0.31171226501464844,14,42
14,0.31171226501464844,14,42
15,0.31171226501464844,14,42
16,0.548425555229187,15,42
17,0.5573301017284393,15,42
18,0.5573301017284393,15,42
19,0.5573301017284393,15,42
20,0.5573301017284393,15,42
21,0.5573301017284393,15,42
22,0.5573301017284393,15,42
23,0.5573301017284393,15,42
24,0.6696054041385651,15,42
25,0.6929349005222321,15,42
26,0.6929349005222321,15,42
27,0.6929349005222321,15,42
28,0.6929349005222321,15,42
29,0.7015081644058228,15,42
30,0.7015081644058228,15,42
31,0.7015081644058228,15,42
32,0.7015081644058228,15,42
33,0.7015081644058228,15,42
34,0.7015081644058228,15,42
35,0.7015081644058228,15,42
36,0.7015081644058228,15,42
37,0.7015081644058228,15,42
38,0.7015081644058228,15,42
39,0.7016699612140656,15,42
40,0.7016699612140656,15,42
41,0.7227984964847565,15,42
42,0.7227984964847565,15,42
43,0.7227984964847565,15,42
44,0.7281092405319214,15,42
45,0.7447454631328583,15,42
46,0.8666072636842728,15,42
47,0.8666072636842728,15,42
48,0.8666072636842728,15,42
49,0.8666072636842728,15,42
50,0.8666072636842728,15,42
51,0.8666072636842728,15,42
52,0.8666072636842728,15,42
53,0.9284287318587303,15,42
54,0.9284287318587303,15,42
55,0.9284287318587303,15,42
56,0.9284287318587303,15,42
57,0.9284287318587303,15,42
58,0.9284287318587303,15,42
59,0.97979318164289,15,42
60,0.97979318164289,15,42
61,0.97979318164289,15,42
62,0.97979318164289,15,42
63,0.97979318164289,15,42
64,0.97979318164289,15,42
65,0.97979318164289,15,42
66,0.97979318164289,15,42
67,0.97979318164289,15,42
68,0.97979318164289,15,42
69,0.9817247446626425,15,42
70,0.9817247446626425,15,42
71,0.9817247446626425,15,42
72,0.9817247446626425,15,42
73,0.9817247446626425,15,42
74,0.9817247446626425,15,42
75,0.9860382042825222,15,42
76,0.9860382042825222,15,42
77,0.9860382042825222,15,42
78,0.9860382042825222,15,42
79,0.9860382042825222,15,42
80,0.9860382042825222,15,42
81,0.9860382042825222,15,42
82,0.9860382042825222,15,42
83,0.9860382042825222,15,42
84,0.9860382042825222,15,42
85,0.9860382042825222,15,42
86,0.9860382042825222,15,42
87,0.9868738129734993,15,42
88,0.9868738129734993,15,42
89,0.9868738129734993,15,42
90,0.9868738129734993,15,42
91,0.9868738129734993,15,42
92,0.9905701354146004,15,42
93,0.9917658101767302,15,42
94,0.9917658101767302,15,42
95,0.9917658101767302,15,42
96,0.9917658101767302,15,42
97,0.9917658101767302,15,42
98,0.9917658101767302,15,42
99,0.9917658101767302,15,42
100,0.9917658101767302,15,42
101,0.9917658101767302,15,42
102,0.9917658101767302,15,42
103,0.9917658101767302,15,42
104,0.9917658101767302,15,42
105,0.9917658101767302,15,42
106,0.9917658101767302,15,42
107,0.9917658101767302,15,42
108,0.9927801671437919,15,42
109,0.9927801671437919,15,42
110,0.9927801671437919,15,42
111,0.9927801671437919,15,42
112,0.9927801671437919,15,42
113,0.9927801671437919,15,42
114,0.9927801671437919,15,42
115,0.9927801671437919,15,42
116,0.9927801671437919,15,42
117,0.9927801671437919,15,42
118,0.9927801671437919,15,42
119,0.9927801671437919,15,42
120,0.9927801671437919,15,42
121,0.9927801671437919,15,42
122,0.9927801671437919,15,42
123,0.9927801671437919,15,42
124,0.9927801671437919,15,42
125,0.9927801671437919,15,42
126,0.9927801671437919,15,42
127,0.9927801671437919,15,42
128,0.9927801671437919,15,42
129,0.9927801671437919,15,42
130,0.9928993904031813,15,42
131,0.9928993904031813,15,42
132,0.9928993904031813,15,42
133,0.9928993904031813,15,42
134,0.9928993904031813,15,42
135,0.9928993904031813,15,42
136,0.9928993904031813,15,42
137,0.9928993904031813,15,42
138,0.9928993904031813,15,42
139,0.9928993904031813,15,42
140,0.9928993904031813,15,42
141,0.9928993904031813,15,42
142,0.9928993904031813,15,42
143,0.9928993904031813,15,42
144,0.9928993904031813,15,42
145,0.9928993904031813,15,42
146,0.9928993904031813,15,42
147,0.9956014431081712,15,42
148,0.9956014431081712,15,42
149,0.9956014431081712,15,42
150,0.9956014431081712,15,42
151,0.9956014431081712,15,42
152,0.9956014431081712,15,42
153,0.9956014431081712,15,42
154,0.9956014431081712,15,42
155,0.9956014431081712,15,42
156,0.9956014431081712,15,42
157,0.9956014431081712,15,42
158,0.9956014431081712,15,42
159,0.9956014431081712,15,42
160,0.9956014431081712,15,42
161,0.9956014431081712,15,42
162,0.9956035809591413,15,42
163,0.9956035809591413,15,42
164,0.9956035809591413,15,42
165,0.9956035809591413,15,42
166,0.9956035809591413,15,42
167,0.9956035809591413,15,42
168,0.9956035809591413,15,42
169,0.9956035809591413,15,42
170,0.9956035809591413,15,42
171,0.9968635470140725,15,42
172,0.9968635470140725,15,42
173,0.9968635470140725,15,42
174,0.9968635470140725,15,42
175,0.9968635470140725,15,42
176,0.9968635470140725,15,42
177,0.9968635470140725,15,42
178,0.9972188884858042,15,42
179,0.9974271673709154,15,42
180,0.9974271673709154,15,42
181,0.9974271673709154,15,42
182,0.9974271673709154,15,42
183,0.9974271673709154,15,42
184,0.9974271673709154,15,42
185,0.9974271673709154,15,42
186,0.9974271673709154,15,42
187,0.9974271673709154,15,42
188,0.9974271673709154,15,42
189,0.9974526243750006,15,42
190,0.9983941027894616,15,42
191,0.9983941027894616,15,42
192,0.9983941027894616,15,42
193,0.9984936282271519,15,42
194,0.9984936282271519,15,42
195,0.9984936282271519,15,42
196,0.9984936282271519,15,42
197,0.9985020249150693,15,42
198,0.9985020249150693,15,42
199,0.9985020249150693,15,42
200,0.9985020249150693,15,42
1,1.1920928955078125e-07,12,43
2,1.1920928955078125e-07,12,43
3,1.1920928955078125e-07,12,43
4,1.1920928955078125e-07,4,43
5,2.384185791015625e-07,15,43
6,2.384185791015625e-07,15,43
7,2.384185791015625e-07,15,43
8,2.384185791015625e-07,15,43
9,2.384185791015625e-07,15,43
10,2.384185791015625e-07,15,43
11,2.384185791015625e-07,8,43
12,7.152557373046875e-07,15,43
13,7.152557373046875e-07,15,43
14,7.152557373046875e-07,15,43
15,7.152557373046875e-07,15,43
16,7.152557373046875e-07,15,43
17,7.152557373046875e-07,15,43
18,7.152557373046875e-07,15,43
19,7.152557373046875e-07,15,43
20,7.152557373046875e-07,15,43
21,7.152557373046875e-07,15,43
22,1.0728836059570312e-06,15,43
23,1.6689300537109375e-06,11,43
24,2.7418136596679688e-06,14,43
25,2.7418136596679688e-06,14,43
26,2.7418136596679688e-06,14,43
27,1.9431114196777344e-05,15,43
28,1.9431114196777344e-05,15,43
29,1.9431114196777344e-05,15,43
30,1.9431114196777344e-05,15,43
31,1.9431114196777344e-05,15,43
32,0.00045931339263916016,15,43
33,0.00045931339263916016,15,43
34,0.00045931339263916016,15,43
35,0.00045931339263916016,15,43
36,0.00045931339263916016,15,43
37,0.0005461573600769043,15,43
38,0.0018295049667358398,14,43
39,0.0018295049667358398,14,43
40,0.0018295049667358398,14,43
41,0.0026419758796691895,15,43
42,0.0026419758796691895,15,43
43,0.003702700138092041,15,43
44,0.00409775972366333,14,43
45,0.004233360290527344,15,43
46,0.004923403263092041,15,43
47,0.007508575916290283,14,43
48,0.010594189167022705,14,43
49,0.029799044132232666,15,43
50,0.029799044132232666,15,43
51,0.029799044132232666,15,43
52,0.029799044132232666,15,43
53,0.029799044132232666,15,43
54,0.029799044132232666,15,43
55,0.029799044132232666,15,43
56,0.04457199573516846,15,43
57,0.04457199573516846,15,43
58,0.04457199573516846,15,43
59,0.04457199573516846,15,43
60,0.04457199573516846,15,43
61,0.04457199573516846,15,43
62,0.04457199573516846,15,43
63,0.04929471015930176,15,43
64,0.04929471015930176,15,43
65,0.04929471015930176,15,43
66,0.04929471015930176,15,43
67,0.057601213455200195,14,43
68,0.057601213455200195,14,43
69,0.10474950075149536,14,43
70,0.16381841897964478,15,43
71,0.16381841897964478,15,43
72,0.27687931060791016,15,43
73,0.27687931060791016,15,43
74,0.27687931060791016,15,43
75,0.27687931060791016,15,43
76,0.27687931060791016,15,43
77,0.27687931060791016,15,43
78,0.2844746708869934,15,43
79,0.2844746708869934,15,43
80,0.2844746708869934,15,43
81,0.49497097730636597,15,43
82,0.49497097730636597,15,43
83,0.49497097730636597,15,43
84,0.49497097730636597,15,43
85,0.49497097730636597,15,43
86,0.49497097730636597,15,43
87,0.5263581275939941,15,43
88,0.5263581275939941,15,43
89,0.5263581275939941,15,43
90,0.593917191028595,15,43
91,0.593917191028595,15,43
92,0.593917191028595,15,43
93,0.593917191028595,15,43
94,0.593917191028595,15,43
95,0.593917191028595,15,43
96,0.593917191028595,15,43
97,0.593917191028595,15,43
98,0.593917191028595,15,43
99,0.593917191028595,15,43
100,0.593917191028595,15,43
101,0.6004173457622528,15,43
102,0.6004173457622528,15,43
103,0.6004173457622528,15,43
104,0.6004173457622528,15,43
105,0.6400461494922638,15,43
106,0.6782792806625366,15,43
107,0.8547877669334412,15,43
108,0.8547877669334412,15,43
109,0.8873360455036163,15,43
110,0.8873360455036163,15,43
111,0.8873360455036163,15,43
112,0.8873360455036163,15,43
113,0.8873360455036163,15,43
114,0.8873360455036163,15,43
115,0.8873360455036163,15,43
116,0.8873360455036163,15,43
117,0.8873360455036163,15,43
118,0.8881621733307838,15,43
119,0.8881621733307838,15,43
120,0.8881621733307838,15,43
121,0.8881621733307838,15,43
122,0.8881621733307838,15,43
123,0.9991540310438722,15,43
124,0.9991540310438722,15,43
125,0.9991540310438722,15,43
126,0.9991540310438722,15,43
127,0.9991540310438722,15,43
128,0.9991540310438722,15,43
129,0.9991540310438722,15,43
130,0.9991540310438722,15,43
131,0.9991540310438722,15,43
132,0.9991540310438722,15,43
133,0.9991540310438722,15,43
134,0.9991540310438722,15,43
135,0.9991540310438722,15,43
136,0.9991540310438722,15,43
137,0.9991540310438722,15,43
138,0.9991540310438722,15,43
139,0.9991540310438722,15,43
140,0.9991540310438722,15,43
141,0.9991540310438722,15,43
142,0.9991540310438722,15,43
143,0.9991540310438722,15,43
144,0.9991540310438722,15,43
145,0.9991540310438722,15,43
146,0.9991540310438722,15,43
147,0.9991540310438722,15,43
148,0.9991540310438722,15,43
149,0.9991540310438722,15,43
150,0.9991540310438722,15,43
151,0.9991540310438722,15,43
152,0.9991540310438722,15,43
153,0.9991540310438722,15,43
154,0.9991540310438722,15,43
155,0.9991540310438722,15,43
156,0.9991540310438722,15,43
157,0.9991540310438722,15,43
158,0.9991540310438722,15,43
159,0.9991540310438722,15,43
160,0.9991540310438722,15,43
161,0.9991540310438722,15,43
162,0.9991540310438722,15,43
163,0.9991540310438722,15,43
164,0.9991540310438722,15,43
165,0.9991540310438722,15,43
166,0.9991540310438722,15,43
167,0.9991540310438722,15,43
168,0.9991540310438722,15,43
169,0.9991540310438722,15,43
170,0.9991540310438722,15,43
171,0.9991540310438722,15,43
172,0.9991540310438722,15,43
173,0.9991540310438722,15,43
174,0.9991540310438722,15,43
175,0.9991540310438722,15,43
176,0.9991540310438722,15,43
177,0.9991540310438722,15,43
178,0.9991540310438722,15,43
179,0.9991540310438722,15,43
180,0.9991540310438722,15,43
181,0.9991540310438722,15,43
182,0.9991540310438722,15,43
183,0.9991540310438722,15,43
184,0.9991540310438722,15,43
185,0.9991540310438722,15,43
186,0.9991540310438722,15,43
187,0.9991540310438722,15,43
188,0.9991540310438722,15,43
189,0.9991540310438722,15,43
190,0.9991540310438722,15,43
191,0.9991540310438722,15,43
192,0.9991540310438722,15,43
193,0.9991540310438722,15,43
194,0.999926075055555,15,43
195,0.999926075055555,15,43
196,0.999926075055555,15,43
197,0.999926075055555,15,43
198,0.999926075055555,15,43
199,0.999926075055555,15,43
200,0.999926075055555,15,43
1,0.04694640636444092,11,44
2,0.10117316246032715,11,44
3,0.20641010999679565,14,44
4,0.608545571565628,15,44
5,0.608545571565628,15,44
6,0.6155233681201935,15,44
7,0.6828326284885406,15,44
8,0.6828326284885406,15,44
9,0.6828326284885406,15,44
10,0.9669751413166523,15,44
11,0.9669751413166523,15,44
12,0.9669751413166523,15,44
13,0.9669751413166523,15,44
14,0.9669751413166523,15,44
15,0.9669751413166523,15,44
16,0.9669751413166523,15,44
17,0.9669751413166523,15,44
18,0.9669751413166523,15,44
19,0.9669751413166523,15,44
20,0.9669751413166523,15,44
21,0.9669751413166523,15,44
22,0.9669751413166523,15,44
23,0.9669751413166523,15,44
24,0.9669751413166523,15,44
25,0.9669751413166523,15,44
26,0.9669751413166523,15,44
27,0.9669751413166523,15,44
28,0.9669751413166523,15,44
29,0.9669751413166523,15,44
30,0.9669751413166523,15,44
31,0.969921350479126,15,44
32,0.969921350479126,15,44
33,0.969921350479126,15,44
34,0.984207583591342,15,44
35,0.984207583591342,15,44
36,0.984207583591342,15,44
37,0.9944445304572582,15,44
38,0.9944445304572582,15,44
39,0.9944445304572582,15,44
40,0.9944445304572582,15,44
41,0.9944445304572582,15,44
42,0.9944445304572582,15,44
43,0.9944445304572582,15,44
44,0.9944445304572582,15,44
45,0.9944445304572582,15,44
46,0.9944445304572582,15,44
47,0.9944445304572582,15,44
48,0.9944445304572582,15,44
49,0.9957388872280717,15,44
50,0.9957388872280717,15,44
51,0.9957388872280717,15,44
52,0.9957388872280717,15,44
53,0.9957388872280717,15,44
54,0.9957388872280717,15,44
55,0.9957388872280717,15,44
56,0.9957388872280717,15,44
57,0.9957388872280717,15,44
58,0.9957388872280717,15,44
59,0.9957388872280717,15,44
60,0.9957388872280717,15,44
61,0.9957388872280717,15,44
62,0.9977400356438011,15,44
63,0.9977400356438011,15,44
64,0.9981443281285465,15,44
65,0.9981443281285465,15,44
66,0.9981443281285465,15,44
67,0.9981443281285465,15,44
68,0.9982675139326602,15,44
69,0.9982675139326602,15,44
70,0.9982675139326602,15,44
71,0.9982675139326602,15,44
72,0.9982675139326602,15,44
73,0.9982675139326602,15,44
74,0.9982675139326602,15,44
75,0.9982675139326602,15,44
76,0.9982675139326602,15,44
77,0.9982675139326602,15,44
78,0.9982675139326602,15,44
79,0.9982675139326602,15,44
80,0.9982675139326602,15,44
81,0.9986278403084725,15,44
82,0.9986278403084725,15,44
83,0.9986278403084725,15,44
84,0.9986278403084725,15,44
85,0.998638954013586,15,44
86,0.998638954013586,15,44
87,0.998638954013586,15,44
88,0.998638954013586,15,44
89,0.9988411609083414,15,44
90,0.9988411609083414,15,44
91,0.9988411609083414,15,44
92,0.9988411609083414,15,44
93,0.9988799513084814,15,44
94,0.9988799513084814,15,44
95,0.9988799513084814,15,44
96,0.9988799513084814,15,44
97,0.9988799513084814,15,44
98,0.9988799513084814,15,44
99,0.9992102562682703,15,44
100,0.9992102562682703,15,44
101,0.9992102562682703,15,44
102,0.9992102562682703,15,44
103,0.9992102562682703,15,44
104,0.9992102562682703,15,44
105,0.9992102562682703,15,44
106,0.9992102562682703,15,44
107,0.9992102562682703,15,44
108,0.9992102562682703,15,44
109,0.9992102562682703,15,44
110,0.9992102562682703,15,44
111,0.9992102562682703,15,44
112,0.9992102562682703,15,44
113,0.9992102562682703,15,44
114,0.9992102562682703,15,44
115,0.9997827014303766,15,44
116,0.9997827014303766,15,44
117,0.9997827014303766,15,44
118,0.9997827014303766,15,44
119,0.9997827014303766,15,44
120,0.9997827014303766,15,44
121,0.9997827014303766,15,44
122,0.9997827014303766,15,44
123,0.9997827014303766,15,44
124,0.9997827014303766,15,44
125,0.9997827014303766,15,44
126,0.9997827014303766,15,44
127,0.9997827014303766,15,44
128,0.9997827014303766,15,44
129,0.9997827014303766,15,44
130,0.9997827014303766,15,44
131,0.9998859748739051,15,44
132,0.9998859748739051,15,44
133,0.9998859748739051,15,44
134,0.9998859748739051,15,44
135,0.9998859748739051,15,44
136,0.9998859748739051,15,44
137,0.9998859748739051,15,44
138,0.9998859748739051,15,44
139,0.9998859748739051,15,44
140,0.9998859748739051,15,44
141,0.9998859748739051,15,44
142,0.9998859748739051,15,44
143,0.9998859748739051,15,44
144,0.9998859748739051,15,44
145,0.9998859748739051,15,44
146,0.9998859748739051,15,44
147,0.9998859748739051,15,44
148,0.9998859748739051,15,44
149,0.9998859748739051,15,44
150,0.9998859748739051,15,44
151,0.9998859748739051,15,44
152,0.9998859748739051,15,44
153,0.9998859748739051,15,44
154,0.9998859748739051,15,44
155,0.9998859748739051,15,44
156,0.9998859748739051,15,44
157,0.9998859748739051,15,44
158,0.9998859748739051,15,44
159,0.9998859748739051,15,44
160,0.9999093722508405,15,44
161,0.9999093722508405,15,44
162,0.9999093722508405,15,44
163,0.9999093722508405,15,44
164,0.9999093722508405,15,44
165,0.9999093722508405,15,44
166,0.9999093722508405,15,44
167,0.9999093722508405,15,44
168,0.9999093722508405,15,44
169,0.9999093722508405,15,44
170,0.9999093722508405,15,44
171,0.9999093722508405,15,44
172,0.9999093722508405,15,44
173,0.9999093722508405,15,44
174,0.9999093722508405,15,44
175,0.9999093722508405,15,44
176,0.9999093722508405,15,44
177,0.9999093722508405,15,44
178,0.9999093722508405,15,44
179,0.9999093722508405,15,44
180,0.9999093722508405,15,44
181,0.9999093722508405,15,44
182,0.9999093722508405,15,44
183,0.9999093722508405,15,44
184,0.9999093722508405,15,44
185,0.9999093722508405,15,44
186,0.99993126073241,15,44
187,0.99993126073241,15,44
188,0.9999506448912143,15,44
189,0.9999506448912143,15,44
190,0.9999506448912143,15,44
191,0.9999506448912143,15,44
192,0.9999506448912143,15,44
193,0.9999506448912143,15,44
194,0.9999506448912143,15,44
195,0.9999506448912143,15,44
196,0.9999506448912143,15,44
197,0.9999743549051345,15,44
198,0.9999743549051345,15,44
199,0.9999743549051345,15,44
200,0.9999743549051345,15,44
1,0.0,4,45
2,0.0,4,45
3,0.0,4,45
4,0.0,4,45
5,0.0,4,45
6,0.0,4,45
7,0.0,4,45
8,0.0,4,45
9,0.0,4,45
10,0.0,4,45
11,0.0,4,45
12,0.0,4,45
13,0.0,4,45
14,1.1920928955078125e-07,12,45
15,1.1920928955078125e-07,12,45
16,1.1920928955078125e-07,13,45
17,1.1920928955078125e-07,13,45
18,1.1920928955078125e-07,13,45
19,1.1920928955078125e-07,13,45
20,1.1920928955078125e-07,15,45
21,1.1920928955078125e-07,15,45
22,1.1920928955078125e-07,15,45
23,1.1920928955078125e-07,15,45
24,2.384185791015625e-07,14,45
25,2.384185791015625e-07,14,45
26,2.384185791015625e-07,14,45
27,2.384185791015625e-07,14,45
28,2.384185791015625e-07,14,45
29,2.384185791015625e-07,14,45
30,3.5762786865234375e-07,14,45
31,3.5762786865234375e-07,14,45
32,3.5762786865234375e-07,14,45
33,5.960464477539062e-07,14,45
34,5.960464477539062e-07,14,45
35,5.960464477539062e-07,14,45
36,8.344650268554688e-07,12,45
37,8.344650268554688e-07,12,45
38,8.344650268554688e-07,12,45
39,8.344650268554688e-07,12,45
40,9.5367431640625e-07,15,45
41,2.5033950805664062e-06,15,45
42,2.5033950805664062e-06,15,45
43,2.5033950805664062e-06,15,45
44,2.5033950805664062e-06,15,45
45,2.5033950805664062e-06,15,45
46,2.5033950805664062e-06,15,45
47,3.2186508178710938e-06,15,45
48,3.2186508178710938e-06,15,45
49,3.337860107421875e-06,15,45
50,3.337860107421875e-06,15,45
51,3.337860107421875e-06,15,45
52,3.337860107421875e-06,15,45
53,5.364418029785156e-06,15,45
54,5.364418029785156e-06,15,45
55,5.364418029785156e-06,15,45
56,5.364418029785156e-06,15,45
57,5.364418029785156e-06,15,45
58,5.364418029785156e-06,15,45
59,5.364418029785156e-06,15,45
60,5.4836273193359375e-06,15,45
61,5.841255187988281e-06,15,45
62,7.3909759521484375e-06,15,45
63,7.3909759521484375e-06,15,45
64,9.059906005859375e-06,15,45
65,9.059906005859375e-06,15,45
66,9.298324584960938e-06,15,45
67,9.298324584960938e-06,15,45
68,9.298324584960938e-06,15,45
69,9.298324584960938e-06,15,45
70,9.298324584960938e-06,15,45
71,9.298324584960938e-06,15,45
72,9.417533874511719e-06,15,45
73,2.6941299438476562e-05,15,45
74,2.6941299438476562e-05,15,45
75,2.6941299438476562e-05,15,45
76,2.6941299438476562e-05,15,45
77,2.7298927307128906e-05,15,45
78,2.7298927307128906e-05,15,45
79,2.7298927307128906e-05,15,45
80,2.8252601623535156e-05,14,45
81,2.8252601623535156e-05,14,45
82,3.5881996154785156e-05,15,45
83,3.5881996154785156e-05,15,45
84,0.00014221668243408203,15,45
85,0.00014221668243408203,15,45
86,0.0002097487449645996,15,45
87,0.0002097487449645996,15,45
88,0.0002097487449645996,15,45
89,0.0002097487449645996,15,45
90,0.00023990869522094727,15,45
91,0.00023990869522094727,15,45
92,0.00025790929794311523,15,45
93,0.00025790929794311523,15,45
94,0.00025790929794311523,15,45
95,0.00025790929794311523,15,45
96,0.00025790929794311523,15,45
97,0.00025790929794311523,15,45
98,0.00025790929794311523,15,45
99,0.00025790929794311523,15,45
100,0.00025790929794311523,15,45
101,0.00025790929794311523,15,45
102,0.00025790929794311523,15,45
103,0.00025790929794311523,15,45
104,0.00045293569564819336,15,45
105,0.00045293569564819336,15,45
106,0.00045293569564819336,15,45
107,0.00045293569564819336,15,45
108,0.00045293569564819336,15,45
109,0.00045293569564819336,15,45
110,0.00045293569564819336,15,45
111,0.00045293569564819336,15,45
112,0.00045293569564819336,15,45
113,0.00045293569564819336,15,45
114,0.00045293569564819336,15,45
115,0.00045293569564819336,15,45
116,0.00045293569564819336,15,45
117,0.00045293569564819336,15,45
118,0.00045293569564819336,15,45
119,0.00045293569564819336,15,45
120,0.00045293569564819336,15,45
121,0.0006103515625,15,45
122,0.0006103515625,15,45
123,0.0006103515625,15,45
124,0.0006103515625,15,45
125,0.0006103515625,15,45
126,0.0006103515625,15,45
127,0.0006172657012939453,15,45
128,0.0006172657012939453,15,45
129,0.0013483166694641113,15,45
130,0.0013483166694641113,15,45
131,0.0013483166694641113,15,45
132,0.0013483166694641113,15,45
133,0.0013483166694641113,15,45
134,0.0013715028762817383,15,45
135,0.0013715028762817383,15,45
136,0.0013715028762817383,15,45
137,0.0013715028762817383,15,45
138,0.0013715028762817383,15,45
139,0.0013715028762817383,15,45
140,0.0013715028762817383,15,45
141,0.0013715028762817383,15,45
142,0.0014076828956604004,14,45
143,0.0014076828956604004,14,45
144,0.0014076828956604004,14,45
145,0.002820134162902832,15,45
146,0.002820134162902832,15,45
147,0.002820134162902832,15,45
148,0.002820134162902832,15,45
149,0.002820134162902832,15,45
150,0.002820134162902832,15,45
151,0.002820134162902832,15,45
152,0.002820134162902832,15,45
153,0.002820134162902832,15,45
154,0.002820134162902832,15,45
155,0.002820134162902832,15,45
156,0.002820134162902832,15,45
157,0.002820134162902832,15,45
158,0.002820134162902832,15,45
159,0.005018293857574463,15,45
160,0.006528735160827637,15,45
161,0.006528735160827637,15,45
162,0.006528735160827637,15,45
163,0.006528735160827637,15,45
164,0.006528735160827637,15,45
165,0.006528735160827637,15,45
166,0.006528735160827637,15,45
167,0.006528735160827637,15,45
168,0.006528735160827637,15,45
169,0.006528735160827637,15,45
170,0.006528735160827637,15,45
171,0.006528735160827637,15,45
172,0.006528735160827637,15,45
173,0.013190031051635742,15,45
174,0.013190031051635742,15,45
175,0.013190031051635742,15,45
176,0.013190031051635742,15,45
177,0.013190031051635742,15,45
178,0.013190031051635742,15,45
179,0.013190031051635742,15,45
180,0.013190031051635742,15,45
181,0.013190031051635742,15,45
182,0.013190031051635742,15,45
183,0.013190031051635742,15,45
184,0.013190031051635742,15,45
185,0.013190031051635742,15,45
186,0.013190031051635742,15,45
187,0.013190031051635742,15,45
188,0.013190031051635742,15,45
189,0.013190031051635742,15,45
190,0.013190031051635742,15,45
191,0.02712339162826538,15,45
192,0.02712339162826538,15,45
193,0.02712339162826538,15,45
194,0.02712339162826538,15,45
195,0.03699028491973877,15,45
196,0.03699028491973877,15,45
197,0.03699028491973877,15,45
198,0.03699028491973877,15,45
199,0.03699028491973877,15,45
200,0.03699028491973877,15,45
1,4.5299530029296875e-06,15,46
2,5.7220458984375e-06,13,46
3,5.7220458984375e-06,13,46
4,1.049041748046875e-05,15,46
5,1.1682510375976562e-05,14,46
6,4.112720489501953e-05,15,46
7,0.006804347038269043,15,46
8,0.006804347038269043,15,46
9,0.006804347038269043,15,46
10,0.006804347038269043,15,46
11,0.006804347038269043,15,46
12,0.006804347038269043,15,46
13,0.006804347038269043,15,46
14,0.006804347038269043,15,46
15,0.006804347038269043,15,46
16,0.006804347038269043,15,46
17,0.006804347038269043,15,46
18,0.006804347038269043,15,46
19,0.006804347038269043,15,46
20,0.006804347038269043,15,46
21,0.006804347038269043,15,46
22,0.006804347038269043,15,46
23,0.006804347038269043,15,46
24,0.006804347038269043,15,46
25,0.006804347038269043,15,46
26,0.006804347038269043,15,46
27,0.006804347038269043,15,46
28,0.04728502035140991,15,46
29,0.04728502035140991,15,46
30,0.04728502035140991,15,46
31,0.04728502035140991,15,46
32,0.04728502035140991,15,46
33,0.05849587917327881,15,46
34,0.05849587917327881,15,46
35,0.05849587917327881,15,46
36,0.05849587917327881,15,46
37,0.05849587917327881,15,46
38,0.06857025623321533,15,46
39,0.06857025623321533,15,46
40,0.06857025623321533,15,46
41,0.06857025623321533,15,46
42,0.06857025623321533,15,46
43,0.06857025623321533,15,46
44,0.06857025623321533,15,46
45,0.06857025623321533,15,46
46,0.06857025623321533,15,46
47,0.06857025623321533,15,46
48,0.06857025623321533,15,46
49,0.06857025623321533,15,46
50,0.06857025623321533,15,46
51,0.06857025623321533,15,46
52,0.06857025623321533,15,46
53,0.06857025623321533,15,46
54,0.08248347043991089,15,46
55,0.08248347043991089,15,46
56,0.08248347043991089,15,46
57,0.08248347043991089,15,46
58,0.08248347043991089,15,46
59,0.08248347043991089,15,46
60,0.08248347043991089,15,46
61,0.08248347043991089,15,46
62,0.08248347043991089,15,46
63,0.08248347043991089,15,46
64,0.08248347043991089,15,46
65,0.08248347043991089,15,46
66,0.08248347043991089,15,46
67,0.08248347043991089,15,46
68,0.08248347043991089,15,46
69,0.08248347043991089,15,46
70,0.08248347043991089,15,46
71,0.08248347043991089,15,46
72,0.08248347043991089,15,46
73,0.08248347043991089,15,46
74,0.08248347043991089,15,46
75,0.08248347043991089,15,46
76,0.14431887865066528,15,46
77,0.15944403409957886,15,46
78,0.3583837151527405,15,46
79,0.3583837151527405,15,46
80,0.3583837151527405,15,46
81,0.3583837151527405,15,46
82,0.3583837151527405,15,46
83,0.3583837151527405,15,46
84,0.3583837151527405,15,46
85,0.3583837151527405,15,46
86,0.3583837151527405,15,46
87,0.3583837151527405,15,46
88,0.3583837151527405,15,46
89,0.3583837151527405,15,46
90,0.3583837151527405,15,46
91,0.3583837151527405,15,46
92,0.3583837151527405,15,46
93,0.3583837151527405,15,46
94,0.3583837151527405,15,46
95,0.3751373291015625,15,46
96,0.3751373291015625,15,46
97,0.6989839673042297,15,46
98,0.6989839673042297,15,46
99,0.6989839673042297,15,46
100,0.6989839673042297,15,46
101,0.6989839673042297,15,46
102,0.6989839673042297,15,46
103,0.6989839673042297,15,46
104,0.7304990887641907,15,46
105,0.7304990887641907,15,46
106,0.7304990887641907,15,46
107,0.7304990887641907,15,46
108,0.7304990887641907,15,46
109,0.7304990887641907,15,46
110,0.7304990887641907,15,46
111,0.7304990887641907,15,46
112,0.7304990887641907,15,46
113,0.7304990887641907,15,46
114,0.7304990887641907,15,46
115,0.7304990887641907,15,46
116,0.7304990887641907,15,46
117,0.7304990887641907,15,46
118,0.7304990887641907,15,46
119,0.7304990887641907,15,46
120,0.7304990887641907,15,46
121,0.7304990887641907,15,46
122,0.7304990887641907,15,46
123,0.7304990887641907,15,46
124,0.7304990887641907,15,46
125,0.7304990887641907,15,46
126,0.7304990887641907,15,46
127,0.7304990887641907,15,46
128,0.7886929363012314,15,46
129,0.7886929363012314,15,46
130,0.7886929363012314,15,46
131,0.8474930673837662,15,46
132,0.8474930673837662,15,46
133,0.8474930673837662,15,46
134,0.8474930673837662,15,46
135,0.8474930673837662,15,46
136,0.8474930673837662,15,46
137,0.8474930673837662,15,46
138,0.8474930673837662,15,46
139,0.8474930673837662,15,46
140,0.8474930673837662,15,46
141,0.8474930673837662,15,46
142,0.8474930673837662,15,46
143,0.8474930673837662,15,46
144,0.8474930673837662,15,46
145,0.8474930673837662,15,46
146,0.856377437710762,15,46
147,0.856377437710762,15,46
148,0.9632503539323807,15,46
149,0.9632503539323807,15,46
150,0.9632503539323807,15,46
151,0.9632503539323807,15,46
152,0.9632503539323807,15,46
153,0.9632503539323807,15,46
154,0.9632503539323807,15,46
155,0.9632503539323807,15,46
156,0.9632503539323807,15,46
157,0.9632503539323807,15,46
158,0.9632503539323807,15,46
159,0.9632503539323807,15,46
160,0.9667280241847038,15,46
161,0.9667280241847038,15,46
162,0.9667280241847038,15,46
163,0.9667280241847038,15,46
164,0.9667280241847038,15,46
165,0.9667280241847038,15,46
166,0.9667280241847038,15,46
167,0.9667280241847038,15,46
168,0.9667280241847038,15,46
169,0.9667280241847038,15,46
170,0.9667280241847038,15,46
171,0.9667280241847038,15,46
172,0.9667280241847038,15,46
173,0.9667280241847038,15,46
174,0.9667280241847038,15,46
175,0.9779504127800465,15,46
176,0.9779504127800465,15,46
177,0.9779504127800465,15,46
178,0.978323433548212,15,46
179,0.978323433548212,15,46
180,0.978323433548212,15,46
181,0.978323433548212,15,46
182,0.978323433548212,15,46
183,0.978323433548212,15,46
184,0.978323433548212,15,46
185,0.978323433548212,15,46
186,0.978323433548212,15,46
187,0.978323433548212,15,46
188,0.978323433548212,15,46
189,0.978323433548212,15,46
190,0.978323433548212,15,46
191,0.978323433548212,15,46
192,0.978323433548212,15,46
193,0.9797418639063835,15,46
194,0.9797418639063835,15,46
195,0.9797418639063835,15,46
196,0.9797418639063835,15,46
197,0.9797418639063835,15,46
198,0.9797418639063835,15,46
199,0.9797418639063835,15,46
200,0.9797418639063835,15,46
1,0.1478937268257141,14,47
2,0.7128664553165436,15,47
3,0.9155680164694786,6,47
4,0.9358811527490616,15,47
5,0.9995500860386528,13,47
6,0.9996822550019715,15,47
7,0.9996822550019715,15,47
8,0.9998981688695494,14,47
9,0.9998981688695494,14,47
10,0.9999030041726655,15,47
11,0.9999030041726655,15,47
12,0.99995540027885,15,47
13,0.9999604988406645,14,47
14,0.9999604988406645,14,47
15,0.9999604988406645,14,47
16,0.9999604988406645,14,47
17,0.9999604988406645,14,47
18,0.9999879394608797,15,47
19,0.9999897228226473,15,47
20,0.9999929340233393,15,47
21,0.9999929340233393,15,47
22,0.9999929340233393,15,47
23,0.9999938600135465,15,47
24,0.9999938600135465,15,47
25,0.9999938600135465,15,47
26,0.9999938600135465,15,47
27,0.9999938600135465,15,47
28,0.9999958555836201,15,47
29,0.9999958555836201,15,47
30,0.9999958555836201,15,47
31,0.9999958555836201,15,47
32,0.9999969472912653,15,47
33,0.9999969472912653,15,47
34,0.9999969472912653,15,47
35,0.9999969472912653,15,47
36,0.9999969472912653,15,47
37,0.9999974114114139,15,47
38,0.999997807562977,15,47
39,0.999997807562977,15,47
40,0.999997807562977,15,47
41,0.999997807562977,15,47
42,0.999997807562977,15,47
43,0.9999986353913073,15,47
44,0.9999986353913073,15,47
45,0.9999986353913073,15,47
46,0.9999986353913073,15,47
47,0.9999986353913073,15,47
48,0.9999993933928977,15,47
49,0.9999993933928977,15,47
50,0.9999993933928977,15,47
51,0.9999993933928977,15,47
52,0.9999993933928977,15,47
53,0.9999993933928977,15,47
54,0.9999993933928977,15,47
55,0.9999993933928977,15,47
56,0.9999993933928977,15,47
57,0.9999993933928977,15,47
58,0.9999993933928977,15,47
59,0.9999993933928977,15,47
60,0.9999993933928977,15,47
61,0.9999993933928977,15,47
62,0.9999993933928977,15,47
63,0.9999993933928977,15,47
64,0.9999993933928977,15,47
65,0.9999993933928977,15,47
66,0.9999993933928977,15,47
67,0.9999993933928977,15,47
68,0.9999993933928977,15,47
69,0.9999993933928977,15,47
70,0.9999993933928977,15,47
71,0.9999993933928977,15,47
72,0.9999993933928977,15,47
73,0.9999993933928977,15,47
74,0.9999993933928977,15,47
75,0.9999993933928977,15,47
76,0.9999996071122439,15,47
77,0.9999996337387529,15,47
78,0.9999996337387529,15,47
79,0.9999996337387529,15,47
80,0.9999996337387529,15,47
81,0.9999996337387529,15,47
82,0.9999996337387529,15,47
83,0.9999996793414141,15,47
84,0.9999996793414141,15,47
85,0.9999996793414141,15,47
86,0.9999996793414141,15,47
87,0.9999998170124229,15,47
88,0.9999998170124229,15,47
89,0.9999998170124229,15,47
90,0.9999998170124229,15,47
91,0.9999998170124229,15,47
92,0.9999998170124229,15,47
93,0.9999998170124229,15,47
94,0.9999998170124229,15,47
95,0.9999998170124229,15,47
96,0.9999998170124229,15,47
97,0.9999998170124229,15,47
98,0.9999998170124229,15,47
99,0.9999998170124229,15,47
100,0.9999998170124229,15,47
101,0.9999998170124229,15,47
102,0.9999998170124229,15,47
103,0.9999998170124229,15,47
104,0.9999998170124229,15,47
105,0.9999998170124229,15,47
106,0.9999998170124229,15,47
107,0.9999998170124229,15,47
108,0.9999998170124229,15,47
109,0.9999998170124229,15,47
110,0.9999998170124229,15,47
111,0.9999998170124229,15,47
112,0.9999998170124229,15,47
113,0.9999998170124229,15,47
114,0.9999998170124229,15,47
115,0.9999998170124229,15,47
116,0.9999998170124229,15,47
117,0.9999998170124229,15,47
118,0.9999998620948389,15,47
119,0.9999998620948389,15,47
120,0.9999998620948389,15,47
121,0.9999998620948389,15,47
122,0.9999998620948389,15,47
123,0.9999998620948389,15,47
124,0.9999998620948389,15,47
125,0.9999998620948389,15,47
126,0.9999998526601672,15,47
127,0.9999998526601672,15,47
128,0.9999998526601672,15,47
129,0.9999998526601672,15,47
130,0.9999998526601672,15,47
131,0.9999998526601672,15,47
132,0.9999998526601672,15,47
133,0.9999998526601672,15,47
134,0.9999998526601672,15,47
135,0.9999998526601672,15,47
136,0.9999998526601672,15,47
137,0.9999998526601672,15,47
138,0.9999998526601672,15,47
139,0.9999998526601672,15,47
140,0.9999998526601672,15,47
141,0.9999998526601672,15,47
142,0.9999998526601672,15,47
143,0.9999998526601672,15,47
144,0.9999998526601672,15,47
145,0.9999998526601672,15,47
146,0.9999998526601672,15,47
147,0.9999998526601672,15,47
148,0.9999999178800252,15,47
149,0.9999999178800252,15,47
150,0.9999999178800252,15,47
151,0.9999999178800252,15,47
152,0.9999999178800252,15,47
153,0.9999999178800252,15,47
154,0.9999999178800252,15,47
155,0.9999999178800252,15,47
156,0.9999999178800252,15,47
157,0.9999999178800252,15,47
158,0.9999999178800252,15,47
159,0.9999999178800252,15,47
160,0.9999999178800252,15,47
161,0.9999999178800252,15,47
162,0.9999999178800252,15,47
163,0.9999999178800252,15,47
164,0.9999999178800252,15,47
165,0.9999999178800252,15,47
166,0.9999999178800252,15,47
167,0.9999999178800252,15,47
168,0.9999999178800252,15,47
169,0.9999999178800252,15,47
170,0.9999999178800252,15,47
171,0.9999999178800252,15,47
172,0.9999999178800252,15,47
173,0.9999999178800252,15,47
174,0.9999999178800252,15,47
175,0.9999999178800252,15,47
176,0.9999999178800252,15,47
177,0.9999999178800252,15,47
178,0.9999999178800252,15,47
179,0.9999999178800252,15,47
180,0.9999999178800252,15,47
181,0.9999999178800252,15,47
182,0.9999999178800252,15,47
183,0.9999999178800252,15,47
184,0.9999999178800252,15,47
185,0.9999999178800252,15,47
186,0.9999999178800252,15,47
187,0.9999999178800252,15,47
188,0.9999999178800252,15,47
189,0.9999999178800252,15,47
190,0.9999999178800252,15,47
191,0.9999999178800252,15,47
192,0.9999999178800252,15,47
193,0.9999999207841626,15,47
194,0.9999999207841626,15,47
195,0.9999999207841626,15,47
196,0.9999999207841626,15,47
197,0.9999999207841626,15,47
198,0.9999999207841626,15,47
199,0.9999999207841626,15,47
200,0.9999999207841626,15,47
1,5.125999450683594e-06,15,48
2,6.079673767089844e-06,14,48
3,3.039836883544922e-05,13,48
4,3.039836883544922e-05,13,48
5,3.921985626220703e-05,15,48
6,3.921985626220703e-05,15,48
7,3.921985626220703e-05,15,48
8,3.921985626220703e-05,15,48
9,0.00011515617370605469,12,48
10,0.0008957982063293457,15,48
11,0.0008957982063293457,15,48
12,0.0008957982063293457,15,48
13,0.000905156135559082,14,48
14,0.0010372400283813477,15,48
15,0.0010372400283813477,15,48
16,0.0016837120056152344,15,48
17,0.0016837120056152344,15,48
18,0.004815280437469482,15,48
19,0.004815280437469482,15,48
20,0.004815280437469482,15,48
21,0.004815280437469482,15,48
22,0.004815280437469482,15,48
23,0.004815280437469482,15,48
24,0.004815280437469482,15,48
25,0.0063544511795043945,14,48
26,0.008030354976654053,15,48
27,0.008379697799682617,15,48
28,0.016417860984802246,15,48
29,0.016417860984802246,15,48
30,0.016417860984802246,15,48
31,0.016417860984802246,15,48
32,0.016417860984802246,15,48
33,0.01988309621810913,15,48
34,0.01988309621810913,15,48
35,0.023567557334899902,15,48
36,0.023567557334899902,15,48
37,0.023567557334899902,15,48
38,0.05539286136627197,15,48
39,0.05539286136627197,15,48
40,0.05539286136627197,15,48
41,0.05539286136627197,15,48
42,0.08144527673721313,15,48
43,0.08144527673721313,15,48
44,0.08144527673721313,15,48
45,0.08144527673721313,15,48
46,0.08859354257583618,15,48
47,0.08859354257583618,15,48
48,0.08859354257583618,15,48
49,0.08859354257583618,15,48
50,0.08859354257583618,15,48
51,0.08859354257583618,15,48
52,0.08859354257583618,15,48
53,0.08859354257583618,15,48
54,0.08859354257583618,15,48
55,0.08859354257583618,15,48
56,0.08859354257583618,15,48
57,0.08859354257583618,15,48
58,0.08859354257583618,15,48
59,0.08859354257583618,15,48
60,0.09913229942321777,15,48
61,0.09913229942321777,15,48
62,0.09913229942321777,15,48
63,0.20743775367736816,15,48
64,0.275812566280365,15,48
65,0.275812566280365,15,48
66,0.275812566280365,15,48
67,0.275812566280365,15,48
68,0.275812566280365,15,48
69,0.275812566280365,15,48
70,0.275812566280365,15,48
71,0.275812566280365,15,48
72,0.275812566280365,15,48
73,0.275812566280365,15,48
74,0.275812566280365,15,48
75,0.275812566280365,15,48
76,0.47276508808135986,15,48
77,0.47276508808135986,15,48
78,0.47276508808135986,15,48
79,0.47276508808135986,15,48
80,0.47276508808135986,15,48
81,0.47276508808135986,15,48
82,0.6810020804405212,15,48
83,0.6810020804405212,15,48
84,0.6810020804405212,15,48
85,0.6810020804405212,15,48
86,0.6810020804405212,15,48
87,0.6810020804405212,15,48
88,0.6810020804405212,15,48
89,0.6810020804405212,15,48
90,0.6810020804405212,15,48
91,0.6810020804405212,15,48
92,0.6810020804405212,15,48
93,0.8423560857772827,15,48
94,0.8423560857772827,15,48
95,0.8423560857772827,15,48
96,0.8423560857772827,15,48
97,0.8741806149482727,15,48
98,0.8741806149482727,15,48
99,0.8741806149482727,15,48
100,0.8741806149482727,15,48
101,0.8741806149482727,15,48
102,0.8741806149482727,15,48
103,0.8741806149482727,15,48
104,0.8741806149482727,15,48
105,0.8741806149482727,15,48
106,0.8741806149482727,15,48
107,0.9357631728053093,15,48
108,0.9357631728053093,15,48
109,0.9357631728053093,15,48
110,0.9357631728053093,15,48
111,0.9357631728053093,15,48
112,0.9357631728053093,15,48
113,0.9357631728053093,15,48
114,0.9357631728053093,15,48
115,0.9357631728053093,15,48
116,0.9357631728053093,15,48
117,0.9357631728053093,15,48
118,0.9357631728053093,15,48
119,0.9357631728053093,15,48
120,0.9357631728053093,15,48
121,0.9357631728053093,15,48
122,0.9357631728053093,15,48
123,0.9357631728053093,15,48
124,0.9357631728053093,15,48
125,0.9357631728053093,15,48
126,0.9357631728053093,15,48
127,0.9357631728053093,15,48
128,0.9357631728053093,15,48
129,0.9357631728053093,15,48
130,0.9357631728053093,15,48
131,0.9357631728053093,15,48
132,0.9357631728053093,15,48
133,0.9448393955826759,15,48
134,0.9448393955826759,15,48
135,0.9448393955826759,15,48
136,0.9557901509106159,15,48
137,0.9557901509106159,15,48
138,0.9618488773703575,15,48
139,0.9618488773703575,15,48
140,0.9618488773703575,15,48
141,0.9618488773703575,15,48
142,0.9712893199175596,15,48
143,0.9712893199175596,15,48
144,0.9712893199175596,15,48
145,0.9712893199175596,15,48
146,0.9712893199175596,15,48
147,0.9712893199175596,15,48
148,0.9828641191124916,15,48
149,0.9828641191124916,15,48
150,0.9828641191124916,15,48
151,0.9828641191124916,15,48
152,0.9828641191124916,15,48
153,0.9828641191124916,15,48
154,0.9828641191124916,15,48
155,0.9828641191124916,15,48
156,0.9828641191124916,15,48
157,0.9828641191124916,15,48
158,0.9828641191124916,15,48
159,0.9828641191124916,15,48
160,0.9837940428406,15,48
161,0.9932934530079365,14,48
162,0.9932934530079365,14,48
163,0.9932934530079365,14,48
164,0.9959447840228677,15,48
165,0.9959447840228677,15,48
166,0.9959447840228677,15,48
167,0.9959447840228677,15,48
168,0.9960520286113024,15,48
169,0.9960520286113024,15,48
170,0.998398726223968,15,48
171,0.998398726223968,15,48
172,0.998398726223968,15,48
173,0.9986395993037149,15,48
174,0.9986395993037149,15,48
175,0.9986395993037149,15,48
176,0.9986395993037149,15,48
177,0.9986395993037149,15,48
178,0.9986395993037149,15,48
179,0.9986395993037149,15,48
180,0.9986395993037149,15,48
181,0.9986395993037149,15,48
182,0.9986395993037149,15,48
183,0.9986395993037149,15,48
184,0.9986395993037149,15,48
185,0.9986395993037149,15,48
186,0.9986395993037149,15,48
187,0.9986395993037149,15,48
188,0.9986395993037149,15,48
189,0.9986395993037149,15,48
190,0.9986395993037149,15,48
191,0.9986395993037149,15,48
192,0.9986395993037149,15,48
193,0.9986395993037149,15,48
194,0.9986395993037149,15,48
195,0.9986395993037149,15,48
196,0.9986395993037149,15,48
197,0.9986395993037149,15,48
198,0.9986395993037149,15,48
199,0.9986395993037149,15,48
200,0.9986395993037149,15,48
1,0.027256548404693604,15,49
2,0.027256548404693604,15,49
3,0.5162412524223328,15,49
4,0.5243740975856781,15,49
5,0.5243740975856781,15,49
6,0.5243740975856781,15,49
7,0.5243740975856781,15,49
8,0.5243740975856781,15,49
9,0.5243740975856781,15,49
10,0.5243740975856781,15,49
11,0.5243740975856781,15,49
12,0.5310242772102356,15,49
13,0.7248260378837585,15,49
14,0.9376537352800369,15,49
15,0.943086102604866,15,49
16,0.943086102604866,15,49
17,0.943086102604866,15,49
18,0.943086102604866,15,49
19,0.943086102604866,15,49
20,0.943086102604866,15,49
21,0.9546095319092274,15,49
22,0.9546095319092274,15,49
23,0.9546095319092274,15,49
24,0.9546095319092274,15,49
25,0.9665629416704178,15,49
26,0.9665629416704178,15,49
27,0.9665629416704178,15,49
28,0.9941002791747451,15,49
29,0.9941002791747451,15,49
30,0.9941002791747451,15,49
31,0.9941002791747451,15,49
32,0.9941002791747451,15,49
33,0.9941002791747451,15,49
34,0.9941002791747451,15,49
35,0.9941002791747451,15,49
36,0.9941002791747451,15,49
37,0.9941002791747451,15,49
38,0.9951444445177913,15,49
39,0.9951444445177913,15,49
40,0.9951444445177913,15,49
41,0.9955091602168977,15,49
42,0.9955091602168977,15,49
43,0.9955091602168977,15,49
44,0.9955091602168977,15,49
45,0.9955091602168977,15,49
46,0.9955091602168977,15,49
47,0.9955091602168977,15,49
48,0.9955091602168977,15,49
49,0.9955091602168977,15,49
50,0.9955091602168977,15,49
51,0.9955091602168977,15,49
52,0.9955091602168977,15,49
53,0.9966205591335893,15,49
54,0.9974385723471642,15,49
55,0.9974385723471642,15,49
56,0.9974991478957236,15,49
57,0.9974991478957236,15,49
58,0.9995933371828869,15,49
59,0.9995933371828869,15,49
60,0.9995933371828869,15,49
61,0.9995933371828869,15,49
62,0.9995933371828869,15,49
63,0.9995933371828869,15,49
64,0.9995933371828869,15,49
65,0.9995933371828869,15,49
66,0.9995933371828869,15,49
67,0.9995933371828869,15,49
68,0.9995933371828869,15,49
69,0.9995933371828869,15,49
70,0.9995933371828869,15,49
71,0.9995933371828869,15,49
72,0.9995933371828869,15,49
73,0.9995933371828869,15,49
74,0.9995933371828869,15,49
75,0.9995933371828869,15,49
76,0.9995933371828869,15,49
77,0.9998415184672922,15,49
78,0.9998415184672922,15,49
79,0.9998415184672922,15,49
80,0.9999285476005753,15,49
81,0.9999285476005753,15,49
82,0.9999285476005753,15,49
83,0.9999285476005753,15,49
84,0.9999285476005753,15,49
85,0.9999285476005753,15,49
86,0.9999285476005753,15,49
87,0.9999285476005753,15,49
88,0.9999285476005753,15,49
89,0.9999285476005753,15,49
90,0.9999285476005753,15,49
91,0.9999285476005753,15,49
92,0.9999285476005753,15,49
93,0.9999285476005753,15,49
94,0.9999317797482945,15,49
95,0.9999317797482945,15,49
96,0.9999317797482945,15,49
97,0.9999317797482945,15,49
98,0.9999317797482945,15,49
99,0.9999317797482945,15,49
100,0.9999317797482945,15,49
101,0.9999317797482945,15,49
102,0.9999317797482945,15,49
103,0.9999317797482945,15,49
104,0.9999317797482945,15,49
105,0.9999317797482945,15,49
106,0.9999459880382346,15,49
107,0.9999459880382346,15,49
108,0.9999459880382346,15,49
109,0.9999459880382346,15,49
110,0.9999459880382346,15,49
111,0.9999459880382346,15,49
112,0.9999459880382346,15,49
113,0.9999459880382346,15,49
114,0.9999459880382346,15,49
115,0.9999459880382346,15,49
116,0.9999602417447022,15,49
117,0.9999602417447022,15,49
118,0.9999602417447022,15,49
119,0.9999602417447022,15,49
120,0.9999602417447022,15,49
121,0.9999602417447022,15,49
122,0.9999602417447022,15,49
123,0.9999602417447022,15,49
124,0.9999602417447022,15,49
125,0.9999602417447022,15,49
126,0.9999602417447022,15,49
127,0.9999602417447022,15,49
128,0.9999674861755921,15,49
129,0.9999674861755921,15,49
130,0.9999674861755921,15,49
131,0.9999674861755921,15,49
132,0.9999674861755921,15,49
133,0.9999674861755921,15,49
134,0.9999674861755921,15,49
135,0.9999674861755921,15,49
136,0.9999674861755921,15,49
137,0.9999674861755921,15,49
138,0.9999674861755921,15,49
139,0.9999674861755921,15,49
140,0.9999674861755921,15,49
141,0.9999674861755921,15,49
142,0.9999674861755921,15,49
143,0.9999674861755921,15,49
144,0.9999674861755921,15,49
145,0.9999674861755921,15,49
146,0.9999674861755921,15,49
147,0.9999674861755921,15,49
148,0.9999674861755921,15,49
149,0.9999674861755921,15,49
150,0.999980795008014,15,49
151,0.999980795008014,15,49
152,0.9999827291085239,15,49
153,0.9999827291085239,15,49
154,0.9999827291085239,15,49
155,0.9999827291085239,15,49
156,0.9999827291085239,15,49
157,0.9999827291085239,15,49
158,0.9999827291085239,15,49
159,0.9999836268543731,15,49
160,0.9999836268543731,15,49
161,0.9999836268543731,15,49
162,0.9999836268543731,15,49
163,0.9999836268543731,15,49
164,0.9999836268543731,15,49
165,0.9999836268543731,15,49
166,0.9999843089553906,15,49
167,0.9999843089553906,15,49
168,0.9999843089553906,15,49
169,0.9999843089553906,15,49
170,0.9999855928535908,15,49
171,0.9999855928535908,15,49
172,0.9999855928535908,15,49
173,0.9999855928535908,15,49
174,0.9999906232469584,15,49
175,0.9999906232469584,15,49
176,0.9999906232469584,15,49
177,0.9999906232469584,15,49
178,0.9999906232469584,15,49
179,0.9999906232469584,15,49
180,0.9999906232469584,15,49
181,0.9999906232469584,15,49
182,0.9999906232469584,15,49
183,0.9999906232469584,15,49
184,0.9999906232469584,15,49
185,0.9999979142091888,15,49
186,0.9999979142091888,15,49
187,0.9999979142091888,15,49
188,0.9999979142091888,15,49
189,0.9999979142091888,15,49
190,0.9999979142091888,15,49
191,0.9999979142091888,15,49
192,0.9999979142091888,15,49
193,0.9999979142091888,15,49
194,0.9999979142091888,15,49
195,0.9999979142091888,15,49
196,0.9999979142091888,15,49
197,0.9999979142091888,15,49
198,0.9999979142091888,15,49
199,0.9999979142091888,15,49
200,0.9999979142091888,15,49
1,0.0,12,50
2,0.0,12,50
3,0.0,12,50
4,0.0,12,50
5,0.0,12,50
6,0.0,12,50
7,0.0,12,50
8,0.0,12,50
9,0.0,12,50
10,0.0,12,50
11,0.0,12,50
12,0.0,12,50
13,0.0,12,50
14,0.0,12,50
15,0.0,12,50
16,0.0,12,50
17,0.0,12,50
18,0.0,12,50
19,0.0,12,50
20,0.0,12,50
21,0.0,12,50
22,0.0,12,50
23,0.0,12,50
24,0.0,12,50
25,0.0,12,50
26,0.0,12,50
27,0.0,12,50
28,0.0,12,50
29,0.0,12,50
30,0.0,12,50
31,0.0,12,50
32,0.0,12,50
33,0.0,12,50
34,0.0,12,50
35,0.0,12,50
36,0.0,12,50
37,0.0,12,50
38,0.0,12,50
39,0.0,12,50
40,0.0,12,50
41,0.0,12,50
42,0.0,12,50
43,0.0,12,50
44,0.0,12,50
45,0.0,12,50
46,0.0,12,50
47,0.0,12,50
48,0.0,12,50
49,0.0,12,50
50,0.0,12,50
51,0.0,12,50
52,0.0,12,50
53,0.0,12,50
54,0.0,12,50
55,0.0,12,50
56,0.0,12,50
57,0.0,12,50
58,0.0,12,50
59,0.0,12,50
60,0.0,12,50
61,0.0,12,50
62,0.0,12,50
63,0.0,12,50
64,0.0,12,50
65,0.0,12,50
66,0.0,12,50
67,0.0,12,50
68,0.0,12,50
69,0.0,12,50
70,0.0,12,50
71,0.0,12,50
72,0.0,12,50
73,0.0,12,50
74,0.0,12,50
75,0.0,12,50
76,0.0,12,50
77,0.0,12,50
78,0.0,12,50
79,0.0,12,50
80,0.0,12,50
81,0.0,12,50
82,0.0,12,50
83,0.0,12,50
84,0.0,12,50
85,0.0,12,50
86,0.0,12,50
87,0.0,12,50
88,0.0,12,50
89,0.0,12,50
90,0.0,12,50
91,0.0,12,50
92,0.0,12,50
93,0.0,12,50
94,0.0,12,50
95,0.0,12,50
96,0.0,12,50
97,0.0,12,50
98,0.0,12,50
99,0.0,12,50
100,0.0,12,50
101,0.0,12,50
102,0.0,12,50
103,0.0,12,50
104,0.0,12,50
105,0.0,12,50
106,0.0,12,50
107,0.0,12,50
108,0.0,12,50
109,0.0,12,50
110,0.0,12,50
111,0.0,12,50
112,0.0,12,50
113,0.0,12,50
114,0.0,12,50
115,0.0,12,50
116,0.0,12,50
117,0.0,12,50
118,0.0,12,50
119,0.0,12,50
120,0.0,12,50
121,0.0,12,50
122,0.0,12,50
123,0.0,12,50
124,0.0,12,50
125,0.0,12,50
126,0.0,12,50
127,0.0,12,50
128,0.0,12,50
129,0.0,12,50
130,0.0,12,50
131,0.0,12,50
132,0.0,12,50
133,0.0,12,50
134,0.0,12,50
135,0.0,12,50
136,0.0,12,50
137,0.0,12,50
138,0.0,12,50
139,0.0,12,50
140,0.0,12,50
141,0.0,12,50
142,0.0,12,50
143,0.0,12,50
144,0.0,12,50
145,0.0,12,50
146,0.0,12,50
147,0.0,12,50
148,0.0,12,50
149,0.0,12,50
150,0.0,12,50
151,0.0,12,50
152,0.0,12,50
153,0.0,12,50
154,0.0,12,50
155,0.0,12,50
156,0.0,12,50
157,0.0,12,50
158,0.0,12,50
159,0.0,12,50
160,0.0,12,50
161,0.0,12,50
162,0.0,12,50
163,0.0,12,50
164,0.0,12,50
165,0.0,12,50
166,0.0,12,50
167,0.0,12,50
168,0.0,12,50
169,0.0,12,50
170,0.0,12,50
171,0.0,12,50
172,0.0,12,50
173,0.0,12,50
174,0.0,12,50
175,0.0,12,50
176,0.0,12,50
177,0.0,12,50
178,0.0,12,50
179,0.0,12,50
180,0.0,12,50
181,0.0,12,50
182,0.0,12,50
183,0.0,12,50
184,0.0,12,50
185,0.0,12,50
186,0.0,12,50
187,0.0,12,50
188,0.0,12,50
189,0.0,12,50
190,0.0,12,50
191,0.0,12,50
192,0.0,12,50
193,0.0,12,50
194,0.0,12,50
195,0.0,12,50
196,0.0,12,50
197,0.0,12,50
198,0.0,12,50
199,0.0,12,50
200,0.0,12,50
1,0.0,14,51
2,1.1920928955078125e-07,15,51
3,1.1920928955078125e-07,15,51
4,1.1920928955078125e-07,15,51
5,1.1920928955078125e-07,15,51
6,1.1920928955078125e-07,15,51
7,1.1920928955078125e-07,15,51
8,1.1920928955078125e-07,15,51
9,1.1920928955078125e-07,15,51
10,1.1920928955078125e-07,15,51
11,1.1920928955078125e-07,15,51
12,1.1920928955078125e-07,15,51
13,1.1920928955078125e-07,15,51
14,1.1920928955078125e-07,15,51
15,1.1920928955078125e-07,15,51
16,1.1920928955078125e-07,15,51
17,1.1920928955078125e-07,15,51
18,1.1920928955078125e-07,15,51
19,1.1920928955078125e-07,15,51
20,1.1920928955078125e-07,15,51
21,1.1920928955078125e-07,15,51
22,1.1920928955078125e-07,15,51
23,2.384185791015625e-07,15,51
24,2.384185791015625e-07,15,51
25,2.384185791015625e-07,15,51
26,2.384185791015625e-07,15,51
27,2.384185791015625e-07,15,51
28,2.384185791015625e-07,15,51
29,2.384185791015625e-07,15,51
30,2.384185791015625e-07,15,51
31,2.384185791015625e-07,15,51
32,9.5367431640625e-07,15,51
33,9.5367431640625e-07,15,51
34,9.5367431640625e-07,15,51
35,9.5367431640625e-07,15,51
36,9.5367431640625e-07,15,51
37,1.0728836059570312e-06,15,51
38,1.0728836059570312e-06,15,51
39,1.0728836059570312e-06,15,51
40,1.0728836059570312e-06,15,51
41,1.0728836059570312e-06,15,51
42,1.1920928955078125e-06,15,51
43,1.1920928955078125e-06,15,51
44,1.1920928955078125e-06,15,51
45,1.1920928955078125e-06,15,51
46,1.3113021850585938e-06,15,51
47,1.3113021850585938e-06,15,51
48,1.9073486328125e-06,15,51
49,1.9073486328125e-06,15,51
50,1.9073486328125e-06,15,51
51,1.9073486328125e-06,15,51
52,1.9073486328125e-06,15,51
53,1.9073486328125e-06,15,51
54,2.7418136596679688e-06,15,51
55,2.7418136596679688e-06,15,51
56,2.7418136596679688e-06,15,51
57,2.7418136596679688e-06,15,51
58,2.7418136596679688e-06,15,51
59,2.7418136596679688e-06,15,51
60,2.7418136596679688e-06,15,51
61,2.7418136596679688e-06,15,51
62,2.7418136596679688e-06,15,51
63,2.7418136596679688e-06,15,51
64,2.86102294921875e-06,15,51
65,2.86102294921875e-06,15,51
66,2.86102294921875e-06,15,51
67,2.86102294921875e-06,15,51
68,2.86102294921875e-06,15,51
69,3.6954879760742188e-06,15,51
70,3.6954879760742188e-06,15,51
71,3.6954879760742188e-06,15,51
72,3.6954879760742188e-06,15,51
73,3.6954879760742188e-06,15,51
74,3.6954879760742188e-06,15,51
75,3.6954879760742188e-06,15,51
76,3.6954879760742188e-06,15,51
77,3.814697265625e-06,15,51
78,3.814697265625e-06,15,51
79,3.814697265625e-06,15,51
80,3.814697265625e-06,15,51
81,3.814697265625e-06,15,51
82,3.814697265625e-06,15,51
83,3.814697265625e-06,15,51
84,3.814697265625e-06,15,51
85,3.814697265625e-06,15,51
86,3.814697265625e-06,15,51
87,3.814697265625e-06,15,51
88,3.814697265625e-06,15,51
89,4.649162292480469e-06,15,51
90,4.649162292480469e-06,15,51
91,4.649162292480469e-06,15,51
92,5.125999450683594e-06,15,51
93,7.510185241699219e-06,15,51
94,7.510185241699219e-06,15,51
95,7.510185241699219e-06,15,51
96,7.510185241699219e-06,15,51
97,7.510185241699219e-06,15,51
98,7.510185241699219e-06,15,51
99,7.510185241699219e-06,15,51
100,7.510185241699219e-06,15,51
101,7.510185241699219e-06,15,51
102,7.510185241699219e-06,15,51
103,7.510185241699219e-06,15,51
104,7.510185241699219e-06,15,51
105,7.510185241699219e-06,15,51
106,7.62939453125e-06,15,51
107,7.62939453125e-06,15,51
108,7.62939453125e-06,15,51
109,7.62939453125e-06,15,51
110,7.62939453125e-06,15,51
111,7.62939453125e-06,15,51
112,7.62939453125e-06,15,51
113,7.62939453125e-06,15,51
114,7.62939453125e-06,15,51
115,7.62939453125e-06,15,51
116,7.62939453125e-06,15,51
117,7.62939453125e-06,15,51
118,7.62939453125e-06,15,51
119,7.62939453125e-06,15,51
120,7.62939453125e-06,15,51
121,7.62939453125e-06,15,51
122,7.62939453125e-06,15,51
123,7.62939453125e-06,15,51
124,7.62939453125e-06,15,51
125,7.62939453125e-06,15,51
126,7.62939453125e-06,15,51
127,7.62939453125e-06,15,51
128,7.62939453125e-06,15,51
129,7.62939453125e-06,15,51
130,7.62939453125e-06,15,51
131,7.62939453125e-06,15,51
132,7.62939453125e-06,15,51
133,7.62939453125e-06,15,51
134,7.62939453125e-06,15,51
135,7.62939453125e-06,15,51
136,7.62939453125e-06,15,51
137,7.62939453125e-06,15,51
138,7.748603820800781e-06,15,51
139,7.748603820800781e-06,15,51
140,7.748603820800781e-06,15,51
141,7.748603820800781e-06,15,51
142,7.748603820800781e-06,15,51
143,7.748603820800781e-06,15,51
144,7.748603820800781e-06,15,51
145,7.987022399902344e-06,15,51
146,7.987022399902344e-06,15,51
147,7.987022399902344e-06,15,51
148,7.987022399902344e-06,15,51
149,8.463859558105469e-06,15,51
150,8.463859558105469e-06,15,51
151,8.463859558105469e-06,15,51
152,8.463859558105469e-06,15,51
153,8.463859558105469e-06,15,51
154,8.463859558105469e-06,15,51
155,8.463859558105469e-06,15,51
156,8.463859558105469e-06,15,51
157,9.179115295410156e-06,15,51
158,9.179115295410156e-06,15,51
159,9.179115295410156e-06,15,51
160,9.179115295410156e-06,15,51
161,9.179115295410156e-06,15,51
162,9.179115295410156e-06,15,51
163,9.179115295410156e-06,15,51
164,1.7881393432617188e-05,15,51
165,1.7881393432617188e-05,15,51
166,1.7881393432617188e-05,15,51
167,1.7881393432617188e-05,15,51
168,1.7881393432617188e-05,15,51
169,1.7881393432617188e-05,15,51
170,1.7881393432617188e-05,15,51
171,1.7881393432617188e-05,15,51
172,1.7881393432617188e-05,15,51
173,1.7881393432617188e-05,15,51
174,1.811981201171875e-05,15,51
175,1.811981201171875e-05,15,51
176,1.811981201171875e-05,15,51
177,1.811981201171875e-05,15,51
178,1.811981201171875e-05,15,51
179,1.811981201171875e-05,15,51
180,1.990795135498047e-05,15,51
181,1.990795135498047e-05,15,51
182,1.990795135498047e-05,15,51
183,1.990795135498047e-05,15,51
184,1.990795135498047e-05,15,51
185,1.990795135498047e-05,15,51
186,1.990795135498047e-05,15,51
187,2.0623207092285156e-05,15,51
188,2.0623207092285156e-05,15,51
189,2.0623207092285156e-05,15,51
190,2.0623207092285156e-05,15,51
191,2.0623207092285156e-05,15,51
192,4.601478576660156e-05,15,51
193,4.601478576660156e-05,15,51
194,4.601478576660156e-05,15,51
195,4.601478576660156e-05,15,51
196,4.601478576660156e-05,15,51
197,4.601478576660156e-05,15,51
198,4.601478576660156e-05,15,51
199,4.601478576660156e-05,15,51
200,4.601478576660156e-05,15,51
1,0.9990654871799052,12,52
2,0.9999321188806789,13,52
3,0.9999321188806789,13,52
4,0.9999367601340055,13,52
5,0.9999541090073762,15,52
6,0.9999541090073762,15,52
7,0.9999541090073762,15,52
8,0.9999811967154528,15,52
9,0.9999811967154528,15,52
10,0.9999811967154528,15,52
11,0.9999847864291951,15,52
12,0.9999868339627938,15,52
13,0.9999924502253634,15,52
14,0.9999978988364546,15,52
15,0.9999978988364546,15,52
16,0.9999986481616361,14,52
17,0.9999997777383527,15,52
18,0.9999997777383527,15,52
19,0.9999997777383527,15,52
20,0.9999997777383527,15,52
21,0.9999997777383527,15,52
22,0.9999997777383527,15,52
23,0.9999998571926625,15,52
24,0.9999998571926625,15,52
25,0.9999998571926625,15,52
26,0.9999998571926625,15,52
27,0.9999998571926625,15,52
28,0.9999998571926625,15,52
29,0.9999998571926625,15,52
30,0.9999998571926625,15,52
31,0.9999998571926625,15,52
32,0.9999998571926625,15,52
33,0.9999998571926625,15,52
34,0.9999998571926625,15,52
35,0.9999998571926625,15,52
36,0.9999998571926625,15,52
37,0.9999998571926625,15,52
38,0.9999998571926625,15,52
39,0.9999999533898176,15,52
40,0.9999999533898176,15,52
41,0.9999999533898176,15,52
42,0.9999999533898176,15,52
43,0.9999999533898176,15,52
44,0.9999999918997933,15,52
45,0.9999999918997933,15,52
46,0.9999999918997933,15,52
47,0.9999999918997933,15,52
48,0.9999999918997933,15,52
49,0.9999999918997933,15,52
50,0.9999999918997933,15,52
51,0.9999999918997933,15,52
52,0.9999999918997933,15,52
53,0.9999999918997933,15,52
54,0.9999999918997933,15,52
55,0.9999999918997933,15,52
56,0.9999999918997933,15,52
57,0.9999999918997933,15,52
58,0.9999999918997933,15,52
59,0.9999999918997933,15,52
60,0.9999999918997933,15,52
61,0.9999999918997933,15,52
62,0.9999999918997933,15,52
63,0.9999999918997933,15,52
64,0.9999999918997933,15,52
65,0.9999999918997933,15,52
66,0.9999999918997933,15,52
67,0.9999999918997933,15,52
68,0.9999999820888945,14,52
69,0.9999999820888945,14,52
70,0.9999999820888945,14,52
71,0.9999999820888945,14,52
72,0.9999999820888945,14,52
73,0.9999999820888945,14,52
74,0.9999999820888945,14,52
75,0.9999999820888945,14,52
76,0.9999999820888945,14,52
77,0.9999999820888945,14,52
78,0.9999999820888945,14,52
79,0.9999999724514055,15,52
80,0.9999999724514055,15,52
81,0.9999999724514055,15,52
82,0.9999999724514055,15,52
83,0.9999999724514055,15,52
84,0.9999999724514055,15,52
85,0.9999999724514055,15,52
86,0.9999999724514055,15,52
87,0.9999999724514055,15,52
88,0.9999999724514055,15,52
89,0.9999999785473417,15,52
90,0.9999999785473417,15,52
91,0.9999999785473417,15,52
92,0.9999999785473417,15,52
93,0.9999999785473417,15,52
94,0.9999999785473417,15,52
95,0.9999999785473417,15,52
96,0.9999999785473417,15,52
97,0.9999999785473417,15,52
98,0.9999999785473417,15,52
99,0.9999999785473417,15,52
100,0.9999999785473417,15,52
101,0.9999999785473417,15,52
102,0.9999999785473417,15,52
103,0.9999999785473417,15,52
104,0.9999999785473417,15,52
105,0.9999999785473417,15,52
106,0.9999999785473417,15,52
107,0.9999999785473417,15,52
108,0.9999999785473417,15,52
109,0.9999999785473417,15,52
110,0.9999999785473417,15,52
111,0.9999999785473417,15,52
112,0.9999999785473417,15,52
113,0.9999999785473417,15,52
114,0.9999999785473417,15,52
115,0.9999999785473417,15,52
116,0.9999999785473417,15,52
117,0.9999999785473417,15,52
118,0.9999999785473417,15,52
119,0.9999999785473417,15,52
120,0.9999999785473417,15,52
121,0.9999999785473417,15,52
122,0.9999999785473417,15,52
123,0.9999999785473417,15,52
124,0.9999999785473417,15,52
125,0.9999999785473417,15,52
126,0.9999999785473417,15,52
127,0.9999999785473417,15,52
128,0.999999984656629,15,52
129,0.999999984656629,15,52
130,0.999999984656629,15,52
131,0.999999984656629,15,52
132,0.999999984656629,15,52
133,0.999999984656629,15,52
134,0.999999984656629,15,52
135,0.999999984656629,15,52
136,0.999999984656629,15,52
137,0.999999984656629,15,52
138,0.999999984656629,15,52
139,0.999999984656629,15,52
140,0.999999984656629,15,52
141,0.999999984656629,15,52
142,0.999999984656629,15,52
143,0.999999984656629,15,52
144,0.999999984656629,15,52
145,0.999999984656629,15,52
146,0.999999984656629,15,52
147,0.999999984656629,15,52
148,0.999999984656629,15,52
149,0.999999984656629,15,52
150,0.999999984656629,15,52
151,0.999999984656629,15,52
152,0.999999984656629,15,52
153,0.999999984656629,15,52
154,0.999999984656629,15,52
155,0.999999984656629,15,52
156,0.999999984656629,15,52
157,0.999999984656629,15,52
158,0.999999984656629,15,52
159,0.999999984656629,15,52
160,0.999999984656629,15,52
161,0.999999984656629,15,52
162,0.999999984656629,15,52
163,0.999999984656629,15,52
164,0.999999984656629,15,52
165,0.999999984656629,15,52
166,0.999999984656629,15,52
167,0.999999984656629,15,52
168,0.999999984656629,15,52
169,0.999999984656629,15,52
170,0.999999984656629,15,52
171,0.999999984656629,15,52
172,0.999999984656629,15,52
173,0.999999984656629,15,52
174,0.999999984656629,15,52
175,0.999999984656629,15,52
176,0.999999984656629,15,52
177,0.999999984656629,15,52
178,0.999999984656629,15,52
179,0.999999984656629,15,52
180,0.999999984656629,15,52
181,0.999999984656629,15,52
182,0.999999984656629,15,52
183,0.999999984656629,15,52
184,0.999999984656629,15,52
185,0.999999984656629,15,52
186,0.999999984656629,15,52
187,0.999999984656629,15,52
188,0.999999984656629,15,52
189,0.999999984656629,15,52
190,0.999999984656629,15,52
191,0.999999984656629,15,52
192,0.999999984656629,15,52
193,0.999999984656629,15,52
194,0.999999984656629,15,52
195,0.999999984656629,15,52
196,0.999999984656629,15,52
197,0.999999984656629,15,52
198,0.999999984656629,15,52
199,0.999999984656629,15,52
200,0.999999972375532,15,52
1,4.76837158203125e-06,13,53
2,9.417533874511719e-06,14,53
3,9.417533874511719e-06,14,53
4,1.1801719665527344e-05,11,53
5,3.921985626220703e-05,13,53
6,3.921985626220703e-05,13,53
7,0.00012362003326416016,15,53
8,0.0002779364585876465,15,53
9,0.0002779364585876465,15,53
10,0.0017432570457458496,14,53
11,0.0017432570457458496,14,53
12,0.002376735210418701,15,53
13,0.002376735210418701,15,53
14,0.002376735210418701,15,53
15,0.002376735210418701,15,53
16,0.002376735210418701,15,53
17,0.002376735210418701,15,53
18,0.002376735210418701,15,53
19,0.002376735210418701,15,53
20,0.002376735210418701,15,53
21,0.007373988628387451,14,53
22,0.007373988628387451,14,53
23,0.007373988628387451,14,53
24,0.007373988628387451,14,53
25,0.007373988628387451,14,53
26,0.010824620723724365,14,53
27,0.010824620723724365,14,53
28,0.010824620723724365,14,53
29,0.05177038908004761,15,53
30,0.05177038908004761,15,53
31,0.07074582576751709,15,53
32,0.07074582576751709,15,53
33,0.07964569330215454,15,53
34,0.07964569330215454,15,53
35,0.07964569330215454,15,53
36,0.07964569330215454,15,53
37,0.07964569330215454,15,53
38,0.07964569330215454,15,53
39,0.07964569330215454,15,53
40,0.07964569330215454,15,53
41,0.07964569330215454,15,53
42,0.07964569330215454,15,53
43,0.07964569330215454,15,53
44,0.07964569330215454,15,53
45,0.07964569330215454,15,53
46,0.07964569330215454,15,53
47,0.07964569330215454,15,53
48,0.09139925241470337,15,53
49,0.09139925241470337,15,53
50,0.09139925241470337,15,53
51,0.1990588903427124,15,53
52,0.1990588903427124,15,53
53,0.1990588903427124,15,53
54,0.1990588903427124,15,53
55,0.1990588903427124,15,53
56,0.1990588903427124,15,53
57,0.1990588903427124,15,53
58,0.1990588903427124,15,53
59,0.1990588903427124,15,53
60,0.20593899488449097,15,53
61,0.20593899488449097,15,53
62,0.20593899488449097,15,53
63,0.20593899488449097,15,53
64,0.20593899488449097,15,53
65,0.20593899488449097,15,53
66,0.20593899488449097,15,53
67,0.20593899488449097,15,53
68,0.20593899488449097,15,53
69,0.20593899488449097,15,53
70,0.2830941677093506,15,53
71,0.2830941677093506,15,53
72,0.31643927097320557,15,53
73,0.31643927097320557,15,53
74,0.31643927097320557,15,53
75,0.39480847120285034,15,53
76,0.39480847120285034,15,53
77,0.39480847120285034,15,53
78,0.39480847120285034,15,53
79,0.39480847120285034,15,53
80,0.39480847120285034,15,53
81,0.39480847120285034,15,53
82,0.39480847120285034,15,53
83,0.39480847120285034,15,53
84,0.39480847120285034,15,53
85,0.49379563331604004,15,53
86,0.49379563331604004,15,53
87,0.49379563331604004,15,53
88,0.49379563331604004,15,53
89,0.49379563331604004,15,53
90,0.9103824496269226,15,53
91,0.9103824496269226,15,53
92,0.9103824496269226,15,53
93,0.9103824496269226,15,53
94,0.9103824496269226,15,53
95,0.9103824496269226,15,53
96,0.9103824496269226,15,53
97,0.9103824496269226,15,53
98,0.9103824496269226,15,53
99,0.9103824496269226,15,53
100,0.9103824496269226,15,53
101,0.9103824496269226,15,53
102,0.9103824496269226,15,53
103,0.9103824496269226,15,53
104,0.9103824496269226,15,53
105,0.9103824496269226,15,53
106,0.9103824496269226,15,53
107,0.9103824496269226,15,53
108,0.9103824496269226,15,53
109,0.9103824496269226,15,53
110,0.9103824496269226,15,53
111,0.9103824496269226,15,53
112,0.9103824496269226,15,53
113,0.9103824496269226,15,53
114,0.9103824496269226,15,53
115,0.9103824496269226,15,53
116,0.9103824496269226,15,53
117,0.9103824496269226,15,53
118,0.9103824496269226,15,53
119,0.9103824496269226,15,53
120,0.9103824496269226,15,53
121,0.9103824496269226,15,53
122,0.9103824496269226,15,53
123,0.9103824496269226,15,53
124,0.9103824496269226,15,53
125,0.9103824496269226,15,53
126,0.9103824496269226,15,53
127,0.9103824496269226,15,53
128,0.9103824496269226,15,53
129,0.9103824496269226,15,53
130,0.9103824496269226,15,53
131,0.9103824496269226,15,53
132,0.9103824496269226,15,53
133,0.9103824496269226,15,53
134,0.9103824496269226,15,53
135,0.9103824496269226,15,53
136,0.9103824496269226,15,53
137,0.9103824496269226,15,53
138,0.9103824496269226,15,53
139,0.9103824496269226,15,53
140,0.9103824496269226,15,53
141,0.9103824496269226,15,53
142,0.9103824496269226,15,53
143,0.9439129121601582,14,53
144,0.9502712748944759,15,53
145,0.9502712748944759,15,53
146,0.9919511843472719,15,53
147,0.9919511843472719,15,53
148,0.9919511843472719,15,53
149,0.9919511843472719,15,53
150,0.9919511843472719,15,53
151,0.9919511843472719,15,53
152,0.9919511843472719,15,53
153,0.9919511843472719,15,53
154,0.9919511843472719,15,53
155,0.9919511843472719,15,53
156,0.9919511843472719,15,53
157,0.9919511843472719,15,53
158,0.9919511843472719,15,53
159,0.9919511843472719,15,53
160,0.9919511843472719,15,53
161,0.9984585494967178,15,53
162,0.9984585494967178,15,53
163,0.9984585494967178,15,53
164,0.9984585494967178,15,53
165,0.9984585494967178,15,53
166,0.9984585494967178,15,53
167,0.9984585494967178,15,53
168,0.9984585494967178,15,53
169,0.9984585494967178,15,53
170,0.9984585494967178,15,53
171,0.9984585494967178,15,53
172,0.9984585494967178,15,53
173,0.9984585494967178,15,53
174,0.9984585494967178,15,53
175,0.9984585494967178,15,53
176,0.9984585494967178,15,53
177,0.9984585494967178,15,53
178,0.9984585494967178,15,53
179,0.9984585494967178,15,53
180,0.9984585494967178,15,53
181,0.9984585494967178,15,53
182,0.9984585494967178,15,53
183,0.9984585494967178,15,53
184,0.9984585494967178,15,53
185,0.9984585494967178,15,53
186,0.9984585494967178,15,53
187,0.9984585494967178,15,53
188,0.9984585494967178,15,53
189,0.9984585494967178,15,53
190,0.9984585494967178,15,53
191,0.9984585494967178,15,53
192,0.9984585494967178,15,53
193,0.9984585494967178,15,53
194,0.9984585494967178,15,53
195,0.9984585494967178,15,53
196,0.9991782995057292,15,53
197,0.9991782995057292,15,53
198,0.9991782995057292,15,53
199,0.9991782995057292,15,53
200,0.9991782995057292,15,53
1,0.9999999981390532,9,54
2,0.9999999981390532,9,54
3,0.9999999981390532,9,54
4,0.9999999981390532,9,54
5,0.9999999981390532,9,54
6,0.9999999981390532,9,54
7,0.9999999981390532,9,54
8,0.9999999981390532,9,54
9,0.9999999981390532,9,54
10,0.9999999981390532,9,54
11,0.9999999981390532,9,54
12,0.9999999981390532,9,54
13,0.9999999981390532,9,54
14,0.9999999981390532,9,54
15,0.9999999981390532,9,54
16,0.9999999981390532,9,54
17,0.9999999981390532,9,54
18,0.9999999981390532,9,54
19,0.9999999981390532,9,54
20,0.9999999981390532,9,54
21,0.9999999981390532,9,54
22,0.9999999981390532,9,54
23,0.9999999981390532,9,54
24,0.9999999981390532,9,54
25,0.9999999981390532,9,54
26,0.9999999981390532,9,54
27,0.9999999981390532,9,54
28,0.9999999981390532,9,54
29,0.9999999981390532,9,54
30,0.9999999981390532,9,54
31,0.9999999981390532,9,54
32,0.9999999981390532,9,54
33,0.9999999981390532,9,54
34,0.9999999981390532,9,54
35,0.9999999981390532,9,54
36,0.9999999981390532,9,54
37,0.9999999981390532,9,54
38,0.9999999981390532,9,54
39,0.9999999981390532,9,54
40,0.9999999981390532,9,54
41,0.9999999981390532,9,54
42,0.9999999981390532,9,54
43,0.9999999981390532,9,54
44,0.9999999981390532,9,54
45,0.9999999981390532,9,54
46,0.9999999981390532,9,54
47,0.9999999981390532,9,54
48,0.9999999981390532,9,54
49,0.9999999981390532,9,54
50,0.9999999981390532,9,54
51,0.9999999981390532,9,54
52,0.9999999981390532,9,54
53,0.9999999981390532,9,54
54,0.9999999981390532,9,54
55,0.9999999981390532,9,54
56,0.9999999981390532,9,54
57,0.9999999981390532,9,54
58,0.9999999981390532,9,54
59,0.9999999981390532,9,54
60,0.9999999981390532,9,54
61,0.9999999981390532,9,54
62,0.9999999981390532,9,54
63,0.9999999981390532,9,54
64,0.9999999981390532,9,54
65,0.9999999981390532,9,54
66,0.9999999981390532,9,54
67,0.9999999981390532,9,54
68,0.9999999981390532,9,54
69,0.9999999981390532,9,54
70,0.9999999981390532,9,54
71,0.9999999981390532,9,54
72,0.9999999981390532,9,54
73,0.9999999981390532,9,54
74,0.9999999981390532,9,54
75,0.9999999981390532,9,54
76,0.9999999981390532,9,54
77,0.9999999981390532,9,54
78,0.9999999981390532,9,54
79,0.9999999981390532,9,54
80,0.9999999981390532,9,54
81,0.9999999981390532,9,54
82,0.9999999981390532,9,54
83,0.9999999981390532,9,54
84,0.9999999981390532,9,54
85,0.9999999981390532,9,54
86,0.9999999981390532,9,54
87,0.9999999981390532,9,54
88,0.9999999981390532,9,54
89,0.9999999981390532,9,54
90,0.9999999981390532,9,54
91,0.9999999981390532,9,54
92,0.9999999981390532,9,54
93,0.9999999981390532,9,54
94,0.9999999981390532,9,54
95,0.9999999981390532,9,54
96,0.9999999981390532,9,54
97,0.9999999981390532,9,54
98,0.9999999981390532,9,54
99,0.9999999981390532,9,54
100,0.9999999981390532,9,54
101,0.9999999981390532,9,54
102,0.9999999981390532,9,54
103,0.9999999981390532,9,54
104,0.9999999981390532,9,54
105,0.9999999981390532,9,54
106,0.9999999981390532,9,54
107,0.9999999981390532,9,54
108,0.9999999981390532,9,54
109,0.9999999981390532,9,54
110,0.9999999981390532,9,54
111,0.9999999981390532,9,54
112,0.9999999981390532,9,54
113,0.9999999981390532,9,54
114,0.9999999981390532,9,54
115,0.9999999981390532,9,54
116,0.9999999981390532,9,54
117,0.9999999981390532,9,54
118,0.9999999981390532,9,54
119,0.9999999981390532,9,54
120,0.9999999981390532,9,54
121,0.9999999981390532,9,54
122,0.9999999981390532,9,54
123,0.9999999981390532,9,54
124,0.9999999981390532,9,54
125,0.9999999981390532,9,54
126,0.9999999981390532,9,54
127,0.9999999981390532,9,54
128,0.9999999981390532,9,54
129,0.9999999981390532,9,54
130,0.9999999981390532,9,54
131,0.9999999981390532,9,54
132,0.9999999981390532,9,54
133,0.9999999981390532,9,54
134,0.9999999981390532,9,54
135,0.9999999981390532,9,54
136,0.9999999981390532,9,54
137,0.9999999981390532,9,54
138,0.9999999981390532,9,54
139,0.9999999981390532,9,54
140,0.9999999981390532,9,54
141,0.9999999981390532,9,54
142,0.9999999981390532,9,54
143,0.9999999981390532,9,54
144,0.9999999981390532,9,54
145,0.9999999981390532,9,54
146,0.9999999981390532,9,54
147,0.9999999981390532,9,54
148,0.9999999981390532,9,54
149,0.9999999981390532,9,54
150,0.9999999981390532,9,54
151,0.9999999981390532,9,54
152,0.9999999981390532,9,54
153,0.9999999981390532,9,54
154,0.9999999981390532,9,54
155,0.9999999981390532,9,54
156,0.9999999981390532,9,54
157,0.9999999981390532,9,54
158,0.9999999981390532,9,54
159,0.9999999981390532,9,54
160,0.9999999981390532,9,54
161,0.9999999981390532,9,54
162,0.9999999981390532,9,54
163,0.9999999981390532,9,54
164,0.9999999981390532,9,54
165,0.9999999981390532,9,54
166,0.9999999981390532,9,54
167,0.9999999981390532,9,54
168,0.9999999981390532,9,54
169,0.9999999981390532,9,54
170,0.9999999981390532,9,54
171,0.9999999981390532,9,54
172,0.9999999981390532,9,54
173,0.9999999981390532,9,54
174,0.9999999981390532,9,54
175,0.9999999981390532,9,54
176,0.9999999981390532,9,54
177,0.9999999981390532,9,54
178,0.9999999981390532,9,54
179,0.9999999981390532,9,54
180,0.9999999981390532,9,54
181,0.9999999981390532,9,54
182,0.9999999981390532,9,54
183,0.9999999981390532,9,54
184,0.9999999981390532,9,54
185,0.9999999981390532,9,54
186,0.9999999981390532,9,54
187,0.9999999981390532,9,54
188,0.9999999981390532,9,54
189,0.9999999981390532,9,54
190,0.9999999981390532,9,54
191,0.9999999981390532,9,54
192,0.9999999981390532,9,54
193,0.9999999981390532,9,54
194,0.9999999981390532,9,54
195,0.9999999981390532,9,54
196,0.9999999981390532,9,54
197,0.9999999981390532,9,54
198,0.9999999981390532,9,54
199,0.9999999981390532,9,54
200,0.9999999981390532,9,54
1,0.9999989208275792,13,55
2,0.9999989208275792,13,55
3,0.9999991464051163,13,55
4,0.999999393789551,11,55
5,0.999999393789551,11,55
6,0.9999995745059493,13,55
7,0.9999995745059493,13,55
8,0.9999996759956957,13,55
9,0.9999998642654901,11,55
10,0.9999999752159461,15,55
11,0.9999999752159461,15,55
12,0.9999999752159461,15,55
13,0.9999999752159461,15,55
14,0.9999999752159461,15,55
15,0.9999999752159461,15,55
16,0.9999999752159461,15,55
17,0.9999999752159461,15,55
18,0.9999999752159461,15,55
19,0.9999999752159461,15,55
20,0.9999999752159461,15,55
21,0.9999999752159461,15,55
22,0.9999999752159461,15,55
23,0.9999999752159461,15,55
24,0.9999999752159461,15,55
25,0.9999999732991895,15,55
26,0.9999999732991895,15,55
27,0.9999999732991895,15,55
28,0.9999999732991895,15,55
29,0.9999999732991895,15,55
30,0.9999999732991895,15,55
31,0.9999999732991895,15,55
32,0.9999999762749425,14,55
33,0.9999999756049345,15,55
34,0.9999999756049345,15,55
35,0.9999999916575248,15,55
36,0.9999999916575248,15,55
37,0.9999999916575248,15,55
38,0.9999999916575248,15,55
39,0.9999999916575248,15,55
40,0.9999999916575248,15,55
41,0.9999999916575248,15,55
42,0.9999999916575248,15,55
43,0.9999999916575248,15,55
44,0.9999999916575248,15,55
45,0.9999999916575248,15,55
46,0.9999999916575248,15,55
47,0.9999999818991814,15,55
48,0.9999999818991814,15,55
49,0.9999999818991814,15,55
50,0.9999999818991814,15,55
51,0.9999999818991814,15,55
52,0.9999999818991814,15,55
53,0.9999999818991814,15,55
54,0.9999999818991814,15,55
55,0.9999999818991814,15,55
56,0.9999999824069601,15,55
57,0.9999999824069601,15,55
58,0.9999999824069601,15,55
59,0.9999999824069601,15,55
60,0.9999999824069601,15,55
61,0.9999999824069601,15,55
62,0.9999999959920718,15,55
63,0.9999999959920718,15,55
64,0.9999999959920718,15,55
65,0.9999999959920718,15,55
66,0.9999999959920718,15,55
67,0.9999999959920718,15,55
68,0.9999999959920718,15,55
69,0.9999999959920718,15,55
70,0.9999999959920718,15,55
71,0.9999999959920718,15,55
72,0.9999999959920718,15,55
73,0.9999999959920718,15,55
74,0.9999999959920718,15,55
75,0.9999999959920718,15,55
76,0.9999999959920718,15,55
77,0.9999999959920718,15,55
78,0.9999999959920718,15,55
79,0.9999999959920718,15,55
80,0.9999999959920718,15,55
81,0.9999999959920718,15,55
82,0.9999999959920718,15,55
83,0.9999999959920718,15,55
84,0.9999999959920718,15,55
85,0.9999999959920718,15,55
86,0.9999999959920718,15,55
87,0.9999999959920718,15,55
88,0.9999999959920718,15,55
89,0.9999999959920718,15,55
90,0.9999999959920718,15,55
91,0.9999999959920718,15,55
92,0.9999999959920718,15,55
93,0.9999999959920718,15,55
94,0.9999999959920718,15,55
95,0.9999999959920718,15,55
96,0.9999999959920718,15,55
97,0.9999999959920718,15,55
98,0.9999999959920718,15,55
99,0.9999999959920718,15,55
100,0.9999999959920718,15,55
101,0.9999999959920718,15,55
102,0.9999999959920718,15,55
103,0.9999999959920718,15,55
104,0.9999999959920718,15,55
105,0.9999999959920718,15,55
106,0.9999999959920718,15,55
107,0.9999999959920718,15,55
108,0.9999999959920718,15,55
109,0.9999999959920718,15,55
110,0.9999999959920718,15,55
111,0.9999999959920718,15,55
112,0.9999999959920718,15,55
113,0.9999999959920718,15,55
114,0.9999999959920718,15,55
115,0.9999999959920718,15,55
116,0.9999999959920718,15,55
117,0.9999999959920718,15,55
118,0.9999999959920718,15,55
119,0.9999999959920718,15,55
120,0.9999999959920718,15,55
121,0.9999999959920718,15,55
122,0.9999999959920718,15,55
123,0.9999999959920718,15,55
124,0.9999999959920718,15,55
125,0.9999999959920718,15,55
126,0.9999999959920718,15,55
127,0.9999999959920718,15,55
128,0.9999999959920718,15,55
129,0.9999999959920718,15,55
130,0.9999999959920718,15,55
131,0.9999999959920718,15,55
132,0.9999999959920718,15,55
133,0.9999999959920718,15,55
134,0.9999999959920718,15,55
135,0.9999999959920718,15,55
136,0.9999999959920718,15,55
137,0.9999999959920718,15,55
138,0.9999999959920718,15,55
139,0.9999999959920718,15,55
140,0.9999999959920718,15,55
141,0.9999999959920718,15,55
142,0.9999999959920718,15,55
143,0.9999999959920718,15,55
144,0.9999999959920718,15,55
145,0.9999999959920718,15,55
146,0.9999999959920718,15,55
147,0.9999999959920718,15,55
148,0.9999999959920718,15,55
149,0.9999999959920718,15,55
150,0.9999999959920718,15,55
151,0.9999999959920718,15,55
152,0.9999999959920718,15,55
153,0.9999999959920718,15,55
154,0.9999999959920718,15,55
155,0.9999999959920718,15,55
156,0.9999999959920718,15,55
157,0.9999999959920718,15,55
158,0.9999999959920718,15,55
159,0.9999999959920718,15,55
160,0.9999999959920718,15,55
161,0.9999999959920718,15,55
162,0.9999999959920718,15,55
163,0.9999999959920718,15,55
164,0.9999999959920718,15,55
165,0.9999999959920718,15,55
166,0.9999999959920718,15,55
167,0.9999999959920718,15,55
168,0.9999999959920718,15,55
169,0.9999999959920718,15,55
170,0.9999999959920718,15,55
171,0.9999999959920718,15,55
172,0.9999999959920718,15,55
173,0.9999999959920718,15,55
174,0.9999999959920718,15,55
175,0.9999999959920718,15,55
176,0.9999999959920718,15,55
177,0.9999999959920718,15,55
178,0.9999999959920718,15,55
179,0.9999999959920718,15,55
180,0.9999999959920718,15,55
181,0.9999999959920718,15,55
182,0.9999999959920718,15,55
183,0.9999999959920718,15,55
184,0.9999999959920718,15,55
185,0.9999999959920718,15,55
186,0.9999999959920718,15,55
187,0.9999999959920718,15,55
188,0.9999999959920718,15,55
189,0.9999999959920718,15,55
190,0.9999999959920718,15,55
191,0.9999999959920718,15,55
192,0.9999999959920718,15,55
193,0.9999999959920718,15,55
194,0.9999999959920718,15,55
195,0.9999999959920718,15,55
196,0.9999999959920718,15,55
197,0.9999999959920718,15,55
198,0.9999999959920718,15,55
199,0.9999999959920718,15,55
200,0.9999999959920718,15,55
1,5.960464477539062e-07,14,56
2,9.5367431640625e-07,14,56
3,9.5367431640625e-07,14,56
4,4.887580871582031e-06,13,56
5,4.887580871582031e-06,13,56
6,5.245208740234375e-06,13,56
7,8.702278137207031e-06,9,56
8,1.621246337890625e-05,9,56
9,1.621246337890625e-05,9,56
10,1.621246337890625e-05,9,56
11,1.9669532775878906e-05,15,56
12,1.9669532775878906e-05,15,56
13,9.810924530029297e-05,15,56
14,9.810924530029297e-05,15,56
15,9.810924530029297e-05,15,56
16,9.810924530029297e-05,15,56
17,9.810924530029297e-05,15,56
18,0.00014889240264892578,15,56
19,0.00014889240264892578,15,56
20,0.00014889240264892578,15,56
21,0.00014889240264892578,15,56
22,0.00014889240264892578,15,56
23,0.00015079975128173828,15,56
24,0.00030553340911865234,15,56
25,0.0009356141090393066,15,56
26,0.0009356141090393066,15,56
27,0.0009356141090393066,15,56
28,0.006077110767364502,15,56
29,0.006077110767364502,15,56
30,0.007715761661529541,15,56
31,0.007715761661529541,15,56
32,0.007715761661529541,15,56
33,0.017818689346313477,15,56
34,0.017818689346313477,15,56
35,0.017818689346313477,15,56
36,0.017818689346313477,15,56
37,0.017818689346313477,15,56
38,0.017818689346313477,15,56
39,0.018436670303344727,15,56
40,0.018436670303344727,15,56
41,0.018436670303344727,15,56
42,0.018436670303344727,15,56
43,0.018780291080474854,15,56
44,0.018780291080474854,15,56
45,0.018780291080474854,15,56
46,0.018780291080474854,15,56
47,0.018780291080474854,15,56
48,0.025397777557373047,15,56
49,0.025397777557373047,15,56
50,0.025397777557373047,15,56
51,0.025397777557373047,15,56
52,0.025397777557373047,15,56
53,0.025397777557373047,15,56
54,0.025397777557373047,15,56
55,0.025397777557373047,15,56
56,0.025397777557373047,15,56
57,0.025397777557373047,15,56
58,0.025397777557373047,15,56
59,0.025397777557373047,15,56
60,0.025397777557373047,15,56
61,0.025397777557373047,15,56
62,0.025397777557373047,15,56
63,0.025397777557373047,15,56
64,0.025397777557373047,15,56
65,0.025397777557373047,15,56
66,0.025397777557373047,15,56
67,0.0398295521736145,15,56
68,0.04275792837142944,15,56
69,0.04275792837142944,15,56
70,0.04275792837142944,15,56
71,0.04275792837142944,15,56
72,0.09474813938140869,15,56
73,0.09474813938140869,15,56
74,0.09474813938140869,15,56
75,0.09474813938140869,15,56
76,0.09474813938140869,15,56
77,0.09474813938140869,15,56
78,0.09474813938140869,15,56
79,0.09474813938140869,15,56
80,0.09474813938140869,15,56
81,0.2752702236175537,15,56
82,0.2752702236175537,15,56
83,0.29937320947647095,15,56
84,0.29937320947647095,15,56
85,0.29937320947647095,15,56
86,0.29937320947647095,15,56
87,0.29937320947647095,15,56
88,0.29937320947647095,15,56
89,0.29937320947647095,15,56
90,0.29937320947647095,15,56
91,0.29937320947647095,15,56
92,0.29937320947647095,15,56
93,0.29937320947647095,15,56
94,0.29937320947647095,15,56
95,0.29937320947647095,15,56
96,0.29937320947647095,15,56
97,0.29937320947647095,15,56
98,0.29937320947647095,15,56
99,0.3017978072166443,15,56
100,0.3017978072166443,15,56
101,0.3017978072166443,15,56
102,0.3017978072166443,15,56
103,0.3017978072166443,15,56
104,0.3017978072166443,15,56
105,0.3017978072166443,15,56
106,0.3017978072166443,15,56
107,0.3017978072166443,15,56
108,0.3017978072166443,15,56
109,0.3017978072166443,15,56
110,0.3017978072166443,15,56
111,0.3017978072166443,15,56
112,0.3017978072166443,15,56
113,0.3017978072166443,15,56
114,0.3974268436431885,15,56
115,0.3974268436431885,15,56
116,0.3974268436431885,15,56
117,0.7535401582717896,15,56
118,0.7535401582717896,15,56
119,0.7535401582717896,15,56
120,0.7535401582717896,15,56
121,0.7535401582717896,15,56
122,0.7535401582717896,15,56
123,0.7535401582717896,15,56
124,0.7535401582717896,15,56
125,0.7674855440855026,15,56
126,0.7674855440855026,15,56
127,0.7674855440855026,15,56
128,0.7674855440855026,15,56
129,0.7674855440855026,15,56
130,0.7674855440855026,15,56
131,0.7674855440855026,15,56
132,0.7674855440855026,15,56
133,0.7674855440855026,15,56
134,0.7674855440855026,15,56
135,0.7674855440855026,15,56
136,0.7674855440855026,15,56
137,0.7674855440855026,15,56
138,0.7674855440855026,15,56
139,0.7674855440855026,15,56
140,0.7674855440855026,15,56
141,0.7674855440855026,15,56
142,0.7674855440855026,15,56
143,0.7674855440855026,15,56
144,0.7674855440855026,15,56
145,0.7674855440855026,15,56
146,0.7674855440855026,15,56
147,0.8728189617395401,15,56
148,0.8728189617395401,15,56
149,0.8728189617395401,15,56
150,0.8728189617395401,15,56
151,0.8728189617395401,15,56
152,0.8728189617395401,15,56
153,0.8728189617395401,15,56
154,0.8728189617395401,15,56
155,0.8728189617395401,15,56
156,0.8728189617395401,15,56
157,0.8728189617395401,15,56
158,0.8728189617395401,15,56
159,0.8728189617395401,15,56
160,0.8728189617395401,15,56
161,0.8728189617395401,15,56
162,0.8728189617395401,15,56
163,0.8728189617395401,15,56
164,0.8728189617395401,15,56
165,0.8728189617395401,15,56
166,0.8728189617395401,15,56
167,0.8728189617395401,15,56
168,0.8728189617395401,15,56
169,0.9281197860836983,15,56
170,0.9281197860836983,15,56
171,0.9281197860836983,15,56
172,0.9281197860836983,15,56
173,0.9281197860836983,15,56
174,0.9281197860836983,15,56
175,0.9281197860836983,15,56
176,0.9281197860836983,15,56
177,0.9281197860836983,15,56
178,0.9281197860836983,15,56
179,0.9281197860836983,15,56
180,0.9281197860836983,15,56
181,0.9281197860836983,15,56
182,0.9281197860836983,15,56
183,0.9281197860836983,15,56
184,0.9281197860836983,15,56
185,0.9281197860836983,15,56
186,0.9281197860836983,15,56
187,0.9281197860836983,15,56
188,0.9281197860836983,15,56
189,0.9281197860836983,15,56
190,0.9281197860836983,15,56
191,0.9281197860836983,15,56
192,0.9281197860836983,15,56
193,0.9281197860836983,15,56
194,0.9281197860836983,15,56
195,0.9281197860836983,15,56
196,0.9281197860836983,15,56
197,0.9281197860836983,15,56
198,0.9281197860836983,15,56
199,0.9281197860836983,15,56
200,0.9281197860836983,15,56
1,1.0728836059570312e-06,13,57
2,2.1457672119140625e-06,11,57
3,1.3947486877441406e-05,13,57
4,1.3947486877441406e-05,13,57
5,1.3947486877441406e-05,13,57
6,0.0001323223114013672,8,57
7,0.0001323223114013672,8,57
8,0.00017970800399780273,8,57
9,0.0026688575744628906,13,57
10,0.0026688575744628906,13,57
11,0.005341470241546631,14,57
12,0.005341470241546631,14,57
13,0.005341470241546631,14,57
14,0.007185995578765869,15,57
15,0.007185995578765869,15,57
16,0.007185995578765869,15,57
17,0.007314920425415039,15,57
18,0.007314920425415039,15,57
19,0.011997342109680176,15,57
20,0.025141000747680664,15,57
21,0.025141000747680664,15,57
22,0.025141000747680664,15,57
23,0.028736114501953125,15,57
24,0.028736114501953125,15,57
25,0.028736114501953125,15,57
26,0.028736114501953125,15,57
27,0.028736114501953125,15,57
28,0.028736114501953125,15,57
29,0.03867506980895996,15,57
30,0.03867506980895996,15,57
31,0.03867506980895996,15,57
32,0.03867506980895996,15,57
33,0.03867506980895996,15,57
34,0.05296933650970459,15,57
35,0.05296933650970459,15,57
36,0.05296933650970459,15,57
37,0.053414881229400635,14,57
38,0.053414881229400635,14,57
39,0.053414881229400635,14,57
40,0.05541723966598511,15,57
41,0.20318865776062012,15,57
42,0.20318865776062012,15,57
43,0.20318865776062012,15,57
44,0.21367299556732178,15,57
45,0.21367299556732178,15,57
46,0.21367299556732178,15,57
47,0.21367299556732178,15,57
48,0.21367299556732178,15,57
49,0.21367299556732178,15,57
50,0.28757643699645996,15,57
51,0.28757643699645996,15,57
52,0.28757643699645996,15,57
53,0.38796311616897583,15,57
54,0.6996993124485016,15,57
55,0.6996993124485016,15,57
56,0.6996993124485016,15,57
57,0.6996993124485016,15,57
58,0.6996993124485016,15,57
59,0.6996993124485016,15,57
60,0.6996993124485016,15,57
61,0.9361720010638237,15,57
62,0.9361720010638237,15,57
63,0.9361720010638237,15,57
64,0.9361720010638237,15,57
65,0.9361720010638237,15,57
66,0.9361720010638237,15,57
67,0.9361720010638237,15,57
68,0.946111898869276,14,57
69,0.946111898869276,14,57
70,0.9559250436723232,15,57
71,0.9559250436723232,15,57
72,0.9559250436723232,15,57
73,0.9714783187955618,15,57
74,0.9714783187955618,15,57
75,0.9825681038200855,14,57
76,0.9825681038200855,14,57
77,0.9825681038200855,14,57
78,0.9825681038200855,14,57
79,0.9825681038200855,14,57
80,0.9825681038200855,14,57
81,0.9845644598826766,14,57
82,0.9943865635432303,15,57
83,0.9943865635432303,15,57
84,0.9943865635432303,15,57
85,0.9943865635432303,15,57
86,0.9943865635432303,15,57
87,0.9945581625215709,15,57
88,0.9945581625215709,15,57
89,0.9945581625215709,15,57
90,0.9945581625215709,15,57
91,0.9945581625215709,15,57
92,0.9945581625215709,15,57
93,0.9962869656737894,15,57
94,0.9962869656737894,15,57
95,0.9962869656737894,15,57
96,0.9962869656737894,15,57
97,0.9962869656737894,15,57
98,0.9962869656737894,15,57
99,0.9962869656737894,15,57
100,0.9962869656737894,15,57
101,0.9962869656737894,15,57
102,0.9962869656737894,15,57
103,0.9962869656737894,15,57
104,0.9968520398251712,15,57
105,0.9968520398251712,15,57
106,0.9968520398251712,15,57
107,0.9968520398251712,15,57
108,0.9981693072477356,15,57
109,0.9981693072477356,15,57
110,0.9981693072477356,15,57
111,0.9981693072477356,15,57
112,0.9981693072477356,15,57
113,0.9981693072477356,15,57
114,0.9981693072477356,15,57
115,0.9981693072477356,15,57
116,0.9981693072477356,15,57
117,0.9997324388823472,15,57
118,0.9997324388823472,15,57
119,0.9997324388823472,15,57
120,0.9997324388823472,15,57
121,0.9997324388823472,15,57
122,0.9997324388823472,15,57
123,0.9997324388823472,15,57
124,0.9997800969576929,15,57
125,0.9997800969576929,15,57
126,0.9997800969576929,15,57
127,0.9997800969576929,15,57
128,0.9997800969576929,15,57
129,0.9997800969576929,15,57
130,0.9997800969576929,15,57
131,0.9997800969576929,15,57
132,0.9997800969576929,15,57
133,0.9997800969576929,15,57
134,0.9998063563689357,15,57
135,0.9998063563689357,15,57
136,0.9998063563689357,15,57
137,0.9998063563689357,15,57
138,0.9998063563689357,15,57
139,0.9998063563689357,15,57
140,0.9998063563689357,15,57
141,0.9998063563689357,15,57
142,0.9998784519702895,15,57
143,0.9998784519702895,15,57
144,0.9998784519702895,15,57
145,0.9998784519702895,15,57
146,0.9998784519702895,15,57
147,0.9998784519702895,15,57
148,0.9998784519702895,15,57
149,0.9998784519702895,15,57
150,0.9998784519702895,15,57
151,0.9998784519702895,15,57
152,0.9998784519702895,15,57
153,0.9998784519702895,15,57
154,0.9998784519702895,15,57
155,0.9998784519702895,15,57
156,0.9998784519702895,15,57
157,0.9998784519702895,15,57
158,0.9998784519702895,15,57
159,0.9998784519702895,15,57
160,0.9998784519702895,15,57
161,0.9998784519702895,15,57
162,0.9998784519702895,15,57
163,0.9998784519702895,15,57
164,0.9998784519702895,15,57
165,0.9998784519702895,15,57
166,0.9998784519702895,15,57
167,0.9998784519702895,15,57
168,0.9998784519702895,15,57
169,0.9998784519702895,15,57
170,0.9998784519702895,15,57
171,0.9998784519702895,15,57
172,0.9998784519702895,15,57
173,0.9998784519702895,15,57
174,0.9998784519702895,15,57
175,0.9998784519702895,15,57
176,0.9998784519702895,15,57
177,0.9998784519702895,15,57
178,0.9998784519702895,15,57
179,0.9998784519702895,15,57
180,0.9999215721327346,15,57
181,0.9999215721327346,15,57
182,0.9999215721327346,15,57
183,0.9999215721327346,15,57
184,0.9999215721327346,15,57
185,0.9999215721327346,15,57
186,0.9999215721327346,15,57
187,0.9999215721327346,15,57
188,0.9999215721327346,15,57
189,0.9999215721327346,15,57
190,0.9999215721327346,15,57
191,0.9999215721327346,15,57
192,0.9999215721327346,15,57
193,0.9999215721327346,15,57
194,0.9999215721327346,15,57
195,0.9999215721327346,15,57
196,0.9999215721327346,15,57
197,0.9999215721327346,15,57
198,0.9999215721327346,15,57
199,0.9999215721327346,15,57
200,0.9999215721327346,15,57
1,0.9999936512908789,12,58
2,0.9999936512908789,12,58
3,0.9999966696459524,15,58
4,0.9999980157549544,13,58
5,0.9999980487777975,15,58
6,0.9999988441478536,13,58
7,0.999999650772935,14,58
8,0.999999650772935,14,58
9,0.9999998117693707,15,58
10,0.9999998117693707,15,58
11,0.9999998117693707,15,58
12,0.9999998117693707,15,58
13,0.9999998117693707,15,58
14,0.999999969614823,15,58
15,0.999999969614823,15,58
16,0.999999969614823,15,58
17,0.9999999617053348,15,58
18,0.9999999617053348,15,58
19,0.9999999617053348,15,58
20,0.9999999617053348,15,58
21,0.9999999617053348,15,58
22,0.9999999617053348,15,58
23,0.9999999617053348,15,58
24,0.9999999617053348,15,58
25,0.9999999617053348,15,58
26,0.9999999617053348,15,58
27,0.9999999617053348,15,58
28,0.9999999617053348,15,58
29,0.9999999617053348,15,58
30,0.9999999752713808,15,58
31,0.9999999752713808,15,58
32,0.9999999752713808,15,58
33,0.9999999752713808,15,58
34,0.9999999752713808,15,58
35,0.9999999752713808,15,58
36,0.9999999752713808,15,58
37,0.9999999752713808,15,58
38,0.9999999752713808,15,58
39,0.9999999752713808,15,58
40,0.9999999752713808,15,58
41,0.9999999752713808,15,58
42,0.9999999752713808,15,58
43,0.99999997147982,15,58
44,0.99999997147982,15,58
45,0.99999997147982,15,58
46,0.99999997147982,15,58
47,0.99999997147982,15,58
48,0.99999997147982,15,58
49,0.99999997147982,15,58
50,0.99999997147982,15,58
51,0.99999997147982,15,58
52,0.99999997147982,15,58
53,0.99999997147982,15,58
54,0.99999997147982,15,58
55,0.99999997147982,15,58
56,0.99999997147982,15,58
57,0.99999997147982,15,58
58,0.99999997147982,15,58
59,0.99999997147982,15,58
60,0.99999997147982,15,58
61,0.99999997147982,15,58
62,0.99999997147982,15,58
63,0.99999997147982,15,58
64,0.99999997147982,15,58
65,0.99999997147982,15,58
66,0.99999997147982,15,58
67,0.99999997147982,15,58
68,0.99999997147982,15,58
69,0.99999997147982,15,58
70,0.99999997147982,15,58
71,0.99999997147982,15,58
72,0.99999997147982,15,58
73,0.99999997147982,15,58
74,0.99999997147982,15,58
75,0.99999997147982,15,58
76,0.99999997147982,15,58
77,0.99999997147982,15,58
78,0.99999997147982,15,58
79,0.99999997147982,15,58
80,0.99999997147982,15,58
81,0.99999997147982,15,58
82,0.99999997147982,15,58
83,0.99999997147982,15,58
84,0.99999997147982,15,58
85,0.99999997147982,15,58
86,0.9999999932743484,15,58
87,0.9999999932743484,15,58
88,0.9999999932743484,15,58
89,0.9999999932743484,15,58
90,0.9999999932743484,15,58
91,0.9999999932743484,15,58
92,0.9999999932743484,15,58
93,0.9999999932743484,15,58
94,0.9999999932743484,15,58
95,0.9999999932743484,15,58
96,0.9999999932743484,15,58
97,0.9999999725623656,15,58
98,0.9999999725623656,15,58
99,0.9999999725623656,15,58
100,0.9999999725623656,15,58
101,0.9999999725623656,15,58
102,0.9999999725623656,15,58
103,0.9999999725623656,15,58
104,0.9999999725623656,15,58
105,0.9999999725623656,15,58
106,0.9999999725623656,15,58
107,0.9999999725623656,15,58
108,0.9999999725623656,15,58
109,0.9999999725623656,15,58
110,0.9999999725623656,15,58
111,0.9999999725623656,15,58
112,0.9999999725623656,15,58
113,0.9999999725623656,15,58
114,0.9999999725623656,15,58
115,0.9999999725623656,15,58
116,0.9999999725623656,15,58
117,0.9999999725623656,15,58
118,0.9999999725623656,15,58
119,0.9999999725623656,15,58
120,0.9999999725623656,15,58
121,0.9999999725623656,15,58
122,0.9999999725623656,15,58
123,0.9999999725623656,15,58
124,0.9999999725623656,15,58
125,0.9999999725623656,15,58
126,0.9999999725623656,15,58
127,0.9999999725623656,15,58
128,0.9999999725623656,15,58
129,0.9999999725623656,15,58
130,0.9999999725623656,15,58
131,0.9999999725623656,15,58
132,0.9999999725623656,15,58
133,0.9999999725623656,15,58
134,0.9999999725623656,15,58
135,0.9999999725623656,15,58
136,0.9999999725623656,15,58
137,0.9999999725623656,15,58
138,0.9999999725623656,15,58
139,0.9999999725623656,15,58
140,0.9999999725623656,15,58
141,0.9999999725623656,15,58
142,0.9999999725623656,15,58
143,0.9999999725623656,15,58
144,0.9999999725623656,15,58
145,0.9999999725623656,15,58
146,0.9999999725623656,15,58
147,0.9999999725623656,15,58
148,0.9999999725623656,15,58
149,0.9999999725623656,15,58
150,0.9999999725623656,15,58
151,0.9999999725623656,15,58
152,0.9999999725623656,15,58
153,0.9999999725623656,15,58
154,0.9999999725623656,15,58
155,0.9999999725623656,15,58
156,0.9999999725623656,15,58
157,0.9999999725623656,15,58
158,0.9999999725623656,15,58
159,0.9999999725623656,15,58
160,0.9999999725623656,15,58
161,0.9999999725623656,15,58
162,0.9999999725623656,15,58
163,0.9999999725623656,15,58
164,0.9999999725623656,15,58
165,0.9999999725623656,15,58
166,0.9999999725623656,15,58
167,0.9999999725623656,15,58
168,0.9999999725623656,15,58
169,0.9999999725623656,15,58
170,0.9999999725623656,15,58
171,0.9999999725623656,15,58
172,0.9999999725623656,15,58
173,0.9999999725623656,15,58
174,0.9999999725623656,15,58
175,0.9999999725623656,15,58
176,0.9999999725623656,15,58
177,0.9999999725623656,15,58
178,0.9999999725623656,15,58
179,0.9999999725623656,15,58
180,0.9999999725623656,15,58
181,0.9999999725623656,15,58
182,0.9999999725623656,15,58
183,0.9999999725623656,15,58
184,0.9999999725623656,15,58
185,0.9999999725623656,15,58
186,0.9999999725623656,15,58
187,0.9999999725623656,15,58
188,0.9999999725623656,15,58
189,0.9999999725623656,15,58
190,0.9999999725623656,15,58
191,0.9999999725623656,15,58
192,0.9999999725623656,15,58
193,0.9999999725623656,15,58
194,0.9999999725623656,15,58
195,0.9999999725623656,15,58
196,0.9999999725623656,15,58
197,0.9999999725623656,15,58
198,0.9999999725623656,15,58
199,0.9999999725623656,15,58
200,0.9999999725623656,15,58
1,0.10338765382766724,14,59
2,0.1552577018737793,15,59
3,0.1552577018737793,15,59
4,0.1552577018737793,15,59
5,0.20586693286895752,14,59
6,0.31536829471588135,15,59
7,0.3512623906135559,14,59
8,0.5139778852462769,13,59
9,0.7841864824295044,15,59
10,0.8127177357673645,14,59
11,0.8127177357673645,14,59
12,0.8312809616327286,14,59
13,0.8312809616327286,14,59
14,0.8503193110227585,15,59
15,0.8503193110227585,15,59
16,0.8721115291118622,15,59
17,0.8721115291118622,15,59
18,0.8819316998124123,15,59
19,0.9551392272114754,15,59
20,0.9551392272114754,15,59
21,0.9689377453178167,15,59
22,0.9689377453178167,15,59
23,0.9689377453178167,15,59
24,0.9689377453178167,15,59
25,0.9689377453178167,15,59
26,0.9689377453178167,15,59
27,0.9689377453178167,15,59
28,0.9689377453178167,15,59
29,0.9689377453178167,15,59
30,0.9689377453178167,15,59
31,0.9689377453178167,15,59
32,0.9689377453178167,15,59
33,0.9889156669378281,15,59
34,0.9889156669378281,15,59
35,0.9889156669378281,15,59
36,0.9889156669378281,15,59
37,0.9889156669378281,15,59
38,0.9889156669378281,15,59
39,0.9957880028523505,15,59
40,0.9957880028523505,15,59
41,0.9957880028523505,15,59
42,0.9962221663445234,15,59
43,0.9962221663445234,15,59
44,0.9962221663445234,15,59
45,0.9962453315965831,15,59
46,0.9962453315965831,15,59
47,0.9970505621749908,15,59
48,0.9970505621749908,15,59
49,0.9970505621749908,15,59
50,0.9970505621749908,15,59
51,0.9970505621749908,15,59
52,0.9970505621749908,15,59
53,0.9970505621749908,15,59
54,0.9970505621749908,15,59
55,0.9970505621749908,15,59
56,0.9970505621749908,15,59
57,0.9970505621749908,15,59
58,0.9970505621749908,15,59
59,0.9970505621749908,15,59
60,0.9973969457205385,15,59
61,0.9973969457205385,15,59
62,0.9973969457205385,15,59
63,0.9973969457205385,15,59
64,0.9974411674775183,15,59
65,0.9974411674775183,15,59
66,0.9974411674775183,15,59
67,0.9974411674775183,15,59
68,0.9975331847090274,15,59
69,0.9988411896629259,15,59
70,0.9988411896629259,15,59
71,0.9988411896629259,15,59
72,0.9988411896629259,15,59
73,0.9988411896629259,15,59
74,0.9988411896629259,15,59
75,0.9988411896629259,15,59
76,0.9989198541734368,15,59
77,0.9989198541734368,15,59
78,0.9997076752770226,15,59
79,0.9997076752770226,15,59
80,0.9997076752770226,15,59
81,0.9997076752770226,15,59
82,0.9997076752770226,15,59
83,0.9997076752770226,15,59
84,0.9997076752770226,15,59
85,0.9997076752770226,15,59
86,0.9997076752770226,15,59
87,0.9997076752770226,15,59
88,0.9997076752770226,15,59
89,0.9997076752770226,15,59
90,0.9997559836338041,15,59
91,0.9997559836338041,15,59
92,0.9997559836338041,15,59
93,0.9998238679254428,15,59
94,0.9998238679254428,15,59
95,0.9998238679254428,15,59
96,0.9998238679254428,15,59
97,0.9998238679254428,15,59
98,0.9998238679254428,15,59
99,0.9998475176398642,15,59
100,0.9998475176398642,15,59
101,0.9998475176398642,15,59
102,0.9998475176398642,15,59
103,0.9998475176398642,15,59
104,0.9998475176398642,15,59
105,0.9998475176398642,15,59
106,0.9998494449391728,15,59
107,0.9998494449391728,15,59
108,0.9998494449391728,15,59
109,0.9998494449391728,15,59
110,0.9998494449391728,15,59
111,0.9998494449391728,15,59
112,0.9998494449391728,15,59
113,0.9998494449391728,15,59
114,0.9998494449391728,15,59
115,0.9998494449391728,15,59
116,0.9998494449391728,15,59
117,0.9998494449391728,15,59
118,0.9998494449391728,15,59
119,0.9998494449391728,15,59
120,0.9998494449391728,15,59
121,0.9998494449391728,15,59
122,0.9998494449391728,15,59
123,0.999849425686989,15,59
124,0.999849425686989,15,59
125,0.999849425686989,15,59
126,0.999849425686989,15,59
127,0.999849425686989,15,59
128,0.999849425686989,15,59
129,0.999849425686989,15,59
130,0.999849425686989,15,59
131,0.999849425686989,15,59
132,0.999849425686989,15,59
133,0.9999026345976745,15,59
134,0.9999026345976745,15,59
135,0.9999026345976745,15,59
136,0.9999026345976745,15,59
137,0.9999026345976745,15,59
138,0.9999026345976745,15,59
139,0.9999026345976745,15,59
140,0.9999026345976745,15,59
141,0.9999026345976745,15,59
142,0.9999026345976745,15,59
143,0.9999026345976745,15,59
144,0.9999026345976745,15,59
145,0.9999026345976745,15,59
146,0.9999030165636213,15,59
147,0.9999030165636213,15,59
148,0.9999030165636213,15,59
149,0.9999030165636213,15,59
150,0.9999030165636213,15,59
151,0.9999030165636213,15,59
152,0.9999030165636213,15,59
153,0.9999030165636213,15,59
154,0.9999030165636213,15,59
155,0.9999030165636213,15,59
156,0.9999030165636213,15,59
157,0.9999030165636213,15,59
158,0.9999030165636213,15,59
159,0.9999030165636213,15,59
160,0.9999030165636213,15,59
161,0.9999030165636213,15,59
162,0.9999030165636213,15,59
163,0.9999030165636213,15,59
164,0.9999662324844394,15,59
165,0.9999662324844394,15,59
166,0.9999662324844394,15,59
167,0.9999662324844394,15,59
168,0.9999662324844394,15,59
169,0.9999662324844394,15,59
170,0.9999662324844394,15,59
171,0.9999662324844394,15,59
172,0.9999662324844394,15,59
173,0.9999662324844394,15,59
174,0.9999662324844394,15,59
175,0.9999662324844394,15,59
176,0.9999662324844394,15,59
177,0.9999662324844394,15,59
178,0.9999662324844394,15,59
179,0.9999662324844394,15,59
180,0.9999662324844394,15,59
181,0.9999662324844394,15,59
182,0.9999662324844394,15,59
183,0.9999662324844394,15,59
184,0.9999662324844394,15,59
185,0.9999662324844394,15,59
186,0.9999662324844394,15,59
187,0.9999662324844394,15,59
188,0.9999662324844394,15,59
189,0.9999662324844394,15,59
190,0.9999662324844394,15,59
191,0.9999662324844394,15,59
192,0.9999662324844394,15,59
193,0.9999662324844394,15,59
194,0.9999662324844394,15,59
195,0.9999662324844394,15,59
196,0.9999662324844394,15,59
197,0.9999662324844394,15,59
198,0.9999662324844394,15,59
199,0.9999662324844394,15,59
200,0.9999662324844394,15,59
1,3.6954879760742188e-06,2,60
2,6.330013275146484e-05,12,60
3,6.330013275146484e-05,12,60
4,6.330013275146484e-05,12,60
5,0.00015985965728759766,14,60
6,0.00015985965728759766,14,60
7,0.0003929734230041504,12,60
8,0.004109025001525879,15,60
9,0.004109025001525879,15,60
10,0.004109025001525879,15,60
11,0.004109025001525879,15,60
12,0.004109025001525879,15,60
13,0.004109025001525879,15,60
14,0.10234284400939941,14,60
15,0.10234284400939941,14,60
16,0.10234284400939941,14,60
17,0.10234284400939941,14,60
18,0.10234284400939941,14,60
19,0.10234284400939941,14,60
20,0.10234284400939941,14,60
21,0.10742682218551636,14,60
22,0.10742682218551636,14,60
23,0.10742682218551636,14,60
24,0.10742682218551636,14,60
25,0.10742682218551636,14,60
26,0.10742682218551636,14,60
27,0.10742682218551636,14,60
28,0.14301061630249023,14,60
29,0.14301061630249023,14,60
30,0.14301061630249023,14,60
31,0.14457297325134277,15,60
32,0.14457297325134277,15,60
33,0.23641204833984375,15,60
34,0.23641204833984375,15,60
35,0.23641204833984375,15,60
36,0.23641204833984375,15,60
37,0.23641204833984375,15,60
38,0.23641204833984375,15,60
39,0.26978790760040283,15,60
40,0.26978790760040283,15,60
41,0.26978790760040283,15,60
42,0.26978790760040283,15,60
43,0.26978790760040283,15,60
44,0.26978790760040283,15,60
45,0.26978790760040283,15,60
46,0.26978790760040283,15,60
47,0.26978790760040283,15,60
48,0.3262232542037964,15,60
49,0.3262232542037964,15,60
50,0.4200773239135742,15,60
51,0.5629933476448059,15,60
52,0.5700817108154297,15,60
53,0.5700817108154297,15,60
54,0.5700817108154297,15,60
55,0.5700817108154297,15,60
56,0.5700817108154297,15,60
57,0.5700817108154297,15,60
58,0.9470126070082188,15,60
59,0.9470126070082188,15,60
60,0.9470126070082188,15,60
61,0.9470126070082188,15,60
62,0.9470126070082188,15,60
63,0.9470126070082188,15,60
64,0.9470126070082188,15,60
65,0.9470126070082188,15,60
66,0.9470126070082188,15,60
67,0.9470126070082188,15,60
68,0.9470126070082188,15,60
69,0.9470126070082188,15,60
70,0.9470126070082188,15,60
71,0.9470126070082188,15,60
72,0.9470126070082188,15,60
73,0.9470126070082188,15,60
74,0.9470126070082188,15,60
75,0.9470126070082188,15,60
76,0.9470126070082188,15,60
77,0.9470126070082188,15,60
78,0.9470126070082188,15,60
79,0.9470126070082188,15,60
80,0.9470126070082188,15,60
81,0.9470126070082188,15,60
82,0.9668873250484467,15,60
83,0.9668873250484467,15,60
84,0.9668873250484467,15,60
85,0.9668873250484467,15,60
86,0.9668873250484467,15,60
87,0.9668873250484467,15,60
88,0.9668873250484467,15,60
89,0.9668873250484467,15,60
90,0.9668873250484467,15,60
91,0.9668873250484467,15,60
92,0.9668873250484467,15,60
93,0.9668873250484467,15,60
94,0.9668873250484467,15,60
95,0.9668873250484467,15,60
96,0.9668873250484467,15,60
97,0.9668873250484467,15,60
98,0.9668873250484467,15,60
99,0.9668873250484467,15,60
100,0.9668873250484467,15,60
101,0.9668873250484467,15,60
102,0.9668873250484467,15,60
103,0.9694145172834396,15,60
104,0.9694145172834396,15,60
105,0.9694145172834396,15,60
106,0.9694145172834396,15,60
107,0.971674682572484,15,60
108,0.971674682572484,15,60
109,0.971674682572484,15,60
110,0.971674682572484,15,60
111,0.971674682572484,15,60
112,0.971674682572484,15,60
113,0.971674682572484,15,60
114,0.971674682572484,15,60
115,0.971674682572484,15,60
116,0.971674682572484,15,60
117,0.971674682572484,15,60
118,0.971674682572484,15,60
119,0.971674682572484,15,60
120,0.971674682572484,15,60
121,0.971674682572484,15,60
122,0.971674682572484,15,60
123,0.971674682572484,15,60
124,0.971674682572484,15,60
125,0.971674682572484,15,60
126,0.971674682572484,15,60
127,0.971674682572484,15,60
128,0.971674682572484,15,60
129,0.971674682572484,15,60
130,0.971674682572484,15,60
131,0.9917854983359575,15,60
132,0.9917854983359575,15,60
133,0.9917854983359575,15,60
134,0.9917854983359575,15,60
135,0.9917854983359575,15,60
136,0.9917854983359575,15,60
137,0.9917854983359575,15,60
138,0.9917854983359575,15,60
139,0.9919649315997958,15,60
140,0.9919649315997958,15,60
141,0.9919649315997958,15,60
142,0.9919649315997958,15,60
143,0.9919649315997958,15,60
144,0.9919649315997958,15,60
145,0.9919649315997958,15,60
146,0.9919649315997958,15,60
147,0.9919649315997958,15,60
148,0.9919649315997958,15,60
149,0.9919649315997958,15,60
150,0.9919649315997958,15,60
151,0.9919649315997958,15,60
152,0.9919649315997958,15,60
153,0.9949180157855153,15,60
154,0.9957713894546032,15,60
155,0.9957713894546032,15,60
156,0.9957713894546032,15,60
157,0.9975484905298799,15,60
158,0.9975484905298799,15,60
159,0.9975484905298799,15,60
160,0.9975484905298799,15,60
161,0.9975484905298799,15,60
162,0.9975484905298799,15,60
163,0.9975484905298799,15,60
164,0.9975484905298799,15,60
165,0.9997300608083606,15,60
166,0.9997300608083606,15,60
167,0.9997300608083606,15,60
168,0.9997300608083606,15,60
169,0.9997300608083606,15,60
170,0.9997300608083606,15,60
171,0.9997300608083606,15,60
172,0.9997300608083606,15,60
173,0.9997300608083606,15,60
174,0.9997300608083606,15,60
175,0.9997300608083606,15,60
176,0.9997300608083606,15,60
177,0.9997300608083606,15,60
178,0.9997300608083606,15,60
179,0.9997300608083606,15,60
180,0.9997300608083606,15,60
181,0.9997300608083606,15,60
182,0.9997300608083606,15,60
183,0.9997300608083606,15,60
184,0.9997300608083606,15,60
185,0.9997300608083606,15,60
186,0.9997300608083606,15,60
187,0.9997300608083606,15,60
188,0.9997300608083606,15,60
189,0.9997300608083606,15,60
190,0.9997300608083606,15,60
191,0.9997300608083606,15,60
192,0.9997300608083606,15,60
193,0.9997300608083606,15,60
194,0.9997300608083606,15,60
195,0.9997300608083606,15,60
196,0.9997300608083606,15,60
197,0.9997300608083606,15,60
198,0.9997300608083606,15,60
199,0.9997566272504628,15,60
200,0.9997566272504628,15,60
1,0.8863814175128937,12,61
2,0.8863814175128937,12,61
3,0.9111130312085152,15,61
4,0.9360224306583405,15,61
5,0.9419211596250534,14,61
6,0.952730618417263,15,61
7,0.9716955404728651,14,61
8,0.9793693348765373,15,61
9,0.9793693348765373,15,61
10,0.9793693348765373,15,61
11,0.9835490547120571,13,61
12,0.9835490547120571,13,61
13,0.9877954432740808,14,61
14,0.9880711268633604,14,61
15,0.9882860761135817,14,61
16,0.9882860761135817,14,61
17,0.9882860761135817,14,61
18,0.9882860761135817,14,61
19,0.9882860761135817,14,61
20,0.9928557025268674,15,61
21,0.9928557025268674,15,61
22,0.992878136690706,15,61
23,0.993297022767365,15,61
24,0.993297022767365,15,61
25,0.9957161266356707,15,61
26,0.9957161266356707,15,61
27,0.9957161266356707,15,61
28,0.9957161266356707,15,61
29,0.9957161266356707,15,61
30,0.9957161266356707,15,61
31,0.9958311272785068,15,61
32,0.9958311272785068,15,61
33,0.9958311272785068,15,61
34,0.9958311272785068,15,61
35,0.9958311272785068,15,61
36,0.9960350035689771,15,61
37,0.9960350035689771,15,61
38,0.9960350035689771,15,61
39,0.9960350035689771,15,61
40,0.9960350035689771,15,61
41,0.9962243947666138,15,61
42,0.9962243947666138,15,61
43,0.9962243947666138,15,61
44,0.9965330909471959,15,61
45,0.9965330909471959,15,61
46,0.9967432962730527,15,61
47,0.9967432962730527,15,61
48,0.9969236929900944,15,61
49,0.9975770793389529,14,61
50,0.9990268419496715,15,61
51,0.9990268419496715,15,61
52,0.9990268419496715,15,61
53,0.9990268419496715,15,61
54,0.9990268419496715,15,61
55,0.9990268419496715,15,61
56,0.9990268419496715,15,61
57,0.9990268419496715,15,61
58,0.9990268419496715,15,61
59,0.9990268419496715,15,61
60,0.9990268419496715,15,61
61,0.9990268419496715,15,61
62,0.9990268419496715,15,61
63,0.9990268419496715,15,61
64,0.999223981751129,15,61
65,0.999223981751129,15,61
66,0.999223981751129,15,61
67,0.999223981751129,15,61
68,0.999223981751129,15,61
69,0.999223981751129,15,61
70,0.999223981751129,15,61
71,0.9992352518602274,15,61
72,0.9992352518602274,15,61
73,0.9992352518602274,15,61
74,0.9992352518602274,15,61
75,0.9992352518602274,15,61
76,0.9992352518602274,15,61
77,0.999463934393134,15,61
78,0.999463934393134,15,61
79,0.999463934393134,15,61
80,0.999463934393134,15,61
81,0.999463934393134,15,61
82,0.999463934393134,15,61
83,0.999463934393134,15,61
84,0.999463934393134,15,61
85,0.9995290657971054,15,61
86,0.9995290657971054,15,61
87,0.9995290657971054,15,61
88,0.9995290657971054,15,61
89,0.999672217934858,15,61
90,0.999672217934858,15,61
91,0.999672217934858,15,61
92,0.999672217934858,15,61
93,0.999672217934858,15,61
94,0.999672217934858,15,61
95,0.999672217934858,15,61
96,0.999672217934858,15,61
97,0.9997140290215611,15,61
98,0.9997140290215611,15,61
99,0.9997140290215611,15,61
100,0.9998781751128263,15,61
101,0.9998781751128263,15,61
102,0.9998781751128263,15,61
103,0.9998781751128263,15,61
104,0.9998781751128263,15,61
105,0.9998829628602834,15,61
106,0.9998829628602834,15,61
107,0.9998829628602834,15,61
108,0.9998829628602834,15,61
109,0.9998829628602834,15,61
110,0.9998829628602834,15,61
111,0.9998829628602834,15,61
112,0.9998829628602834,15,61
113,0.9998829628602834,15,61
114,0.9998829628602834,15,61
115,0.9998829628602834,15,61
116,0.9998829628602834,15,61
117,0.9998829628602834,15,61
118,0.9998933942842996,15,61
119,0.9998933942842996,15,61
120,0.9998933942842996,15,61
121,0.9998933942842996,15,61
122,0.9998933942842996,15,61
123,0.9998933942842996,15,61
124,0.9998933942842996,15,61
125,0.9998933942842996,15,61
126,0.9998933942842996,15,61
127,0.9998933942842996,15,61
128,0.9998933942842996,15,61
129,0.9998933942842996,15,61
130,0.9998933942842996,15,61
131,0.9998933942842996,15,61
132,0.9998933942842996,15,61
133,0.9998933942842996,15,61
134,0.9998933942842996,15,61
135,0.9998933942842996,15,61
136,0.9998933942842996,15,61
137,0.9998933942842996,15,61
138,0.9998951337256585,15,61
139,0.9998951337256585,15,61
140,0.9998951337256585,15,61
141,0.9999066004093038,15,61
142,0.9999066004093038,15,61
143,0.9999066004093038,15,61
144,0.9999066004093038,15,61
145,0.9999066004093038,15,61
146,0.9999066004093038,15,61
147,0.9999066004093038,15,61
148,0.9999066004093038,15,61
149,0.9999066004093038,15,61
150,0.9999066004093038,15,61
151,0.9999066004093038,15,61
152,0.9999066004093038,15,61
153,0.9999066004093038,15,61
154,0.9999066004093038,15,61
155,0.9999066004093038,15,61
156,0.9999066004093038,15,61
157,0.9999066004093038,15,61
158,0.9999066004093038,15,61
159,0.9999066004093038,15,61
160,0.9999066004093038,15,61
161,0.9999066004093038,15,61
162,0.9999066004093038,15,61
163,0.9999066004093038,15,61
164,0.9999066004093038,15,61
165,0.9999066004093038,15,61
166,0.9999120006104931,15,61
167,0.9999120006104931,15,61
168,0.9999120006104931,15,61
169,0.9999120006104931,15,61
170,0.9999120006104931,15,61
171,0.9999120006104931,15,61
172,0.9999120006104931,15,61
173,0.9999120006104931,15,61
174,0.9999120006104931,15,61
175,0.9999120006104931,15,61
176,0.9999120006104931,15,61
177,0.9999120006104931,15,61
178,0.9999120006104931,15,61
179,0.9999120006104931,15,61
180,0.9999120006104931,15,61
181,0.9999120006104931,15,61
182,0.9999120006104931,15,61
183,0.9999120006104931,15,61
184,0.9999137589766178,15,61
185,0.9999137589766178,15,61
186,0.9999162413587328,15,61
187,0.9999162413587328,15,61
188,0.9999162413587328,15,61
189,0.9999162413587328,15,61
190,0.9999162413587328,15,61
191,0.9999405129528895,15,61
192,0.999954993963911,15,61
193,0.999954993963911,15,61
194,0.9999576705195068,15,61
195,0.9999576705195068,15,61
196,0.9999615067608829,15,61
197,0.9999615067608829,15,61
198,0.9999615067608829,15,61
199,0.9999615067608829,15,61
200,0.9999615067608829,15,61
1,1.1920928955078125e-07,12,62
2,1.1920928955078125e-07,12,62
3,1.1920928955078125e-07,12,62
4,4.76837158203125e-07,13,62
5,7.152557373046875e-07,15,62
6,7.152557373046875e-07,15,62
7,1.0728836059570312e-06,13,62
8,1.0728836059570312e-06,13,62
9,1.0728836059570312e-06,13,62
10,1.0728836059570312e-06,13,62
11,2.7418136596679688e-06,14,62
12,1.7762184143066406e-05,14,62
13,4.100799560546875e-05,15,62
14,4.100799560546875e-05,15,62
15,4.100799560546875e-05,15,62
16,4.100799560546875e-05,15,62
17,4.100799560546875e-05,15,62
18,4.100799560546875e-05,15,62
19,4.100799560546875e-05,15,62
20,4.2438507080078125e-05,15,62
21,4.2438507080078125e-05,15,62
22,4.649162292480469e-05,14,62
23,0.00020545721054077148,14,62
24,0.00020545721054077148,14,62
25,0.00020545721054077148,14,62
26,0.00020545721054077148,14,62
27,0.00020545721054077148,14,62
28,0.00020545721054077148,14,62
29,0.00020545721054077148,14,62
30,0.0002059340476989746,14,62
31,0.0002059340476989746,14,62
32,0.0002276301383972168,15,62
33,0.00027555227279663086,15,62
34,0.00027555227279663086,15,62
35,0.00027555227279663086,15,62
36,0.00027555227279663086,15,62
37,0.00027555227279663086,15,62
38,0.00028902292251586914,15,62
39,0.00028902292251586914,15,62
40,0.00028902292251586914,15,62
41,0.00028902292251586914,15,62
42,0.00028902292251586914,15,62
43,0.00028902292251586914,15,62
44,0.00028902292251586914,15,62
45,0.00028902292251586914,15,62
46,0.00028902292251586914,15,62
47,0.0004899501800537109,15,62
48,0.0015136003494262695,15,62
49,0.0015136003494262695,15,62
50,0.0015136003494262695,15,62
51,0.0015136003494262695,15,62
52,0.0015136003494262695,15,62
53,0.0015136003494262695,15,62
54,0.0015136003494262695,15,62
55,0.0015136003494262695,15,62
56,0.0015136003494262695,15,62
57,0.0015136003494262695,15,62
58,0.0015136003494262695,15,62
59,0.0015136003494262695,15,62
60,0.0015136003494262695,15,62
61,0.0015136003494262695,15,62
62,0.0015136003494262695,15,62
63,0.0015136003494262695,15,62
64,0.0015136003494262695,15,62
65,0.0015136003494262695,15,62
66,0.0015136003494262695,15,62
67,0.0015136003494262695,15,62
68,0.0015136003494262695,15,62
69,0.0015136003494262695,15,62
70,0.0015810728073120117,15,62
71,0.0015810728073120117,15,62
72,0.0015810728073120117,15,62
73,0.0015810728073120117,15,62
74,0.0015810728073120117,15,62
75,0.0015810728073120117,15,62
76,0.0015810728073120117,15,62
77,0.0015810728073120117,15,62
78,0.0015810728073120117,15,62
79,0.0015810728073120117,15,62
80,0.0015810728073120117,15,62
81,0.0015810728073120117,15,62
82,0.0015810728073120117,15,62
83,0.0015810728073120117,15,62
84,0.0015810728073120117,15,62
85,0.0015810728073120117,15,62
86,0.0015810728073120117,15,62
87,0.0015810728073120117,15,62
88,0.0015810728073120117,15,62
89,0.0015810728073120117,15,62
90,0.0015810728073120117,15,62
91,0.001750946044921875,15,62
92,0.001750946044921875,15,62
93,0.0028124451637268066,15,62
94,0.0028124451637268066,15,62
95,0.002816915512084961,15,62
96,0.002816915512084961,15,62
97,0.006582975387573242,15,62
98,0.006582975387573242,15,62
99,0.006582975387573242,15,62
100,0.006582975387573242,15,62
101,0.006582975387573242,15,62
102,0.006582975387573242,15,62
103,0.006582975387573242,15,62
104,0.017024099826812744,15,62
105,0.017024099826812744,15,62
106,0.017024099826812744,15,62
107,0.017024099826812744,15,62
108,0.017024099826812744,15,62
109,0.017024099826812744,15,62
110,0.017024099826812744,15,62
111,0.017024099826812744,15,62
112,0.017024099826812744,15,62
113,0.017024099826812744,15,62
114,0.017024099826812744,15,62
115,0.017024099826812744,15,62
116,0.017024099826812744,15,62
117,0.017024099826812744,15,62
118,0.017024099826812744,15,62
119,0.017024099826812744,15,62
120,0.017024099826812744,15,62
121,0.017024099826812744,15,62
122,0.017024099826812744,15,62
123,0.017024099826812744,15,62
124,0.017024099826812744,15,62
125,0.017024099826812744,15,62
126,0.017024099826812744,15,62
127,0.017024099826812744,15,62
128,0.017024099826812744,15,62
129,0.017024099826812744,15,62
130,0.017024099826812744,15,62
131,0.017024099826812744,15,62
132,0.017024099826812744,15,62
133,0.017024099826812744,15,62
134,0.017024099826812744,15,62
135,0.017024099826812744,15,62
136,0.017024099826812744,15,62
137,0.017024099826812744,15,62
138,0.017024099826812744,15,62
139,0.017024099826812744,15,62
140,0.017024099826812744,15,62
141,0.02341628074645996,15,62
142,0.02341628074645996,15,62
143,0.03413468599319458,15,62
144,0.03413468599319458,15,62
145,0.03413468599319458,15,62
146,0.03413468599319458,15,62
147,0.04122579097747803,15,62
148,0.04122579097747803,15,62
149,0.04122579097747803,15,62
150,0.04122579097747803,15,62
151,0.04122579097747803,15,62
152,0.04122579097747803,15,62
153,0.04122579097747803,15,62
154,0.04122579097747803,15,62
155,0.04122579097747803,15,62
156,0.04122579097747803,15,62
157,0.04122579097747803,15,62
158,0.04122579097747803,15,62
159,0.04122579097747803,15,62
160,0.04122579097747803,15,62
161,0.04122579097747803,15,62
162,0.04122579097747803,15,62
163,0.04122579097747803,15,62
164,0.04122579097747803,15,62
165,0.04122579097747803,15,62
166,0.04122579097747803,15,62
167,0.04122579097747803,15,62
168,0.04122579097747803,15,62
169,0.04122579097747803,15,62
170,0.04122579097747803,15,62
171,0.04122579097747803,15,62
172,0.05605512857437134,15,62
173,0.05605512857437134,15,62
174,0.05605512857437134,15,62
175,0.05605512857437134,15,62
176,0.05605512857437134,15,62
177,0.05605512857437134,15,62
178,0.05605512857437134,15,62
179,0.05605512857437134,15,62
180,0.05605512857437134,15,62
181,0.05605512857437134,15,62
182,0.08627396821975708,15,62
183,0.08627396821975708,15,62
184,0.08627396821975708,15,62
185,0.08627396821975708,15,62
186,0.08627396821975708,15,62
187,0.08627396821975708,15,62
188,0.08627396821975708,15,62
189,0.08627396821975708,15,62
190,0.13827532529830933,15,62
191,0.13827532529830933,15,62
192,0.13827532529830933,15,62
193,0.13827532529830933,15,62
194,0.13827532529830933,15,62
195,0.13827532529830933,15,62
196,0.13827532529830933,15,62
197,0.13827532529830933,15,62
198,0.13827532529830933,15,62
199,0.13827532529830933,15,62
200,0.13827532529830933,15,62
1,0.009818613529205322,13,63
2,0.012882649898529053,14,63
3,0.05241876840591431,12,63
4,0.05241876840591431,12,63
5,0.42219555377960205,12,63
6,0.42219555377960205,12,63
7,0.42219555377960205,12,63
8,0.42219555377960205,12,63
9,0.5295089781284332,15,63
10,0.5295089781284332,15,63
11,0.5295089781284332,15,63
12,0.6531606316566467,15,63
13,0.767438992857933,15,63
14,0.767438992857933,15,63
15,0.767438992857933,15,63
16,0.8021023273468018,14,63
17,0.8021023273468018,14,63
18,0.864335373044014,15,63
19,0.864335373044014,15,63
20,0.9072453901171684,15,63
21,0.9220894426107407,15,63
22,0.9889297503978014,14,63
23,0.9889297503978014,14,63
24,0.9930701749399304,15,63
25,0.9930701749399304,15,63
26,0.9930701749399304,15,63
27,0.9930701749399304,15,63
28,0.9930701749399304,15,63
29,0.9930701749399304,15,63
30,0.9931491413153708,15,63
31,0.9931491413153708,15,63
32,0.9931491413153708,15,63
33,0.9931491413153708,15,63
34,0.9931491413153708,15,63
35,0.9931491413153708,15,63
36,0.9931491413153708,15,63
37,0.9931491413153708,15,63
38,0.9931491413153708,15,63
39,0.9931491413153708,15,63
40,0.9931491413153708,15,63
41,0.9931491413153708,15,63
42,0.9931491413153708,15,63
43,0.9931491413153708,15,63
44,0.9931491413153708,15,63
45,0.9931491413153708,15,63
46,0.9931491413153708,15,63
47,0.9931491413153708,15,63
48,0.9931491413153708,15,63
49,0.9931491413153708,15,63
50,0.9931491413153708,15,63
51,0.9931491413153708,15,63
52,0.9931491413153708,15,63
53,0.9931491413153708,15,63
54,0.9931491413153708,15,63
55,0.9931785883381963,15,63
56,0.9931785883381963,15,63
57,0.9992048786953092,15,63
58,0.9993032705388032,15,63
59,0.9993032705388032,15,63
60,0.9993032705388032,15,63
61,0.9993032705388032,15,63
62,0.9993032705388032,15,63
63,0.9993032705388032,15,63
64,0.9993032705388032,15,63
65,0.9993032705388032,15,63
66,0.9993032705388032,15,63
67,0.9993032705388032,15,63
68,0.9993032705388032,15,63
69,0.9993032705388032,15,63
70,0.9993032705388032,15,63
71,0.9993032705388032,15,63
72,0.9993032705388032,15,63
73,0.9996836973004974,14,63
74,0.9996836973004974,14,63
75,0.9996836973004974,14,63
76,0.9996836973004974,14,63
77,0.9996836973004974,14,63
78,0.9996836973004974,14,63
79,0.9996836973004974,14,63
80,0.9996836973004974,14,63
81,0.9996836973004974,14,63
82,0.9996836973004974,14,63
83,0.9996836973004974,14,63
84,0.9996836973004974,14,63
85,0.9996836973004974,14,63
86,0.9996836973004974,14,63
87,0.9996836973004974,14,63
88,0.9996836973004974,14,63
89,0.9996836973004974,14,63
90,0.9996836973004974,14,63
91,0.9996836973004974,14,63
92,0.9996836973004974,14,63
93,0.9996959437557962,14,63
94,0.9996959437557962,14,63
95,0.9996959437557962,14,63
96,0.9996959437557962,14,63
97,0.9996959437557962,14,63
98,0.9996959437557962,14,63
99,0.9996959437557962,14,63
100,0.9996959437557962,14,63
101,0.9996959437557962,14,63
102,0.9996959437557962,14,63
103,0.9996959437557962,14,63
104,0.9996959437557962,14,63
105,0.9996959437557962,14,63
106,0.9997548115206882,15,63
107,0.9997548115206882,15,63
108,0.9997548115206882,15,63
109,0.9998616182419937,15,63
110,0.9998616182419937,15,63
111,0.9999225321080303,15,63
112,0.9999225321080303,15,63
113,0.9999225321080303,15,63
114,0.9999225321080303,15,63
115,0.9999225321080303,15,63
116,0.9999225321080303,15,63
117,0.9999225321080303,15,63
118,0.9999358222339652,15,63
119,0.9999358222339652,15,63
120,0.9999358222339652,15,63
121,0.9999358222339652,15,63
122,0.9999358222339652,15,63
123,0.9999358222339652,15,63
124,0.9999358222339652,15,63
125,0.9999358222339652,15,63
126,0.9999358222339652,15,63
127,0.9999358222339652,15,63
128,0.9999358222339652,15,63
129,0.9999358222339652,15,63
130,0.9999358222339652,15,63
131,0.9999358222339652,15,63
132,0.9999358222339652,15,63
133,0.9999358222339652,15,63
134,0.9999358222339652,15,63
135,0.9999358222339652,15,63
136,0.9999358222339652,15,63
137,0.9999358222339652,15,63
138,0.9999358222339652,15,63
139,0.9999358222339652,15,63
140,0.9999906509001448,15,63
141,0.9999906509001448,15,63
142,0.9999906509001448,15,63
143,0.9999906509001448,15,63
144,0.9999906509001448,15,63
145,0.9999906509001448,15,63
146,0.9999906509001448,15,63
147,0.9999906509001448,15,63
148,0.9999906509001448,15,63
149,0.9999906509001448,15,63
150,0.9999906509001448,15,63
151,0.9999906509001448,15,63
152,0.9999906509001448,15,63
153,0.9999906509001448,15,63
154,0.9999906509001448,15,63
155,0.9999906509001448,15,63
156,0.9999906509001448,15,63
157,0.9999906509001448,15,63
158,0.9999906509001448,15,63
159,0.9999906509001448,15,63
160,0.9999906509001448,15,63
161,0.9999906509001448,15,63
162,0.9999906509001448,15,63
163,0.9999906509001448,15,63
164,0.9999906509001448,15,63
165,0.9999906509001448,15,63
166,0.9999906509001448,15,63
167,0.9999926173604763,15,63
168,0.9999926173604763,15,63
169,0.9999926173604763,15,63
170,0.9999926173604763,15,63
171,0.9999926173604763,15,63
172,0.9999926173604763,15,63
173,0.9999926173604763,15,63
174,0.9999926173604763,15,63
175,0.9999930673993731,15,63
176,0.9999930673993731,15,63
177,0.9999930673993731,15,63
178,0.9999930673993731,15,63
179,0.9999938801056487,15,63
180,0.9999938801056487,15,63
181,0.9999938801056487,15,63
182,0.9999938801056487,15,63
183,0.9999944059609334,15,63
184,0.9999944059609334,15,63
185,0.9999949604884932,15,63
186,0.9999949604884932,15,63
187,0.9999949604884932,15,63
188,0.9999949604884932,15,63
189,0.999998077041937,15,63
190,0.999998077041937,15,63
191,0.999998077041937,15,63
192,0.999998077041937,15,63
193,0.999998077041937,15,63
194,0.9999982750573508,15,63
195,0.9999982750573508,15,63
196,0.9999982750573508,15,63
197,0.9999982750573508,15,63
198,0.9999982750573508,15,63
199,0.9999982750573508,15,63
200,0.9999982750573508,15,63
1,0.06468772888183594,14,64
2,0.06468772888183594,14,64
3,0.10296064615249634,8,64
4,0.10296064615249634,8,64
5,0.1717393398284912,15,64
6,0.1717393398284912,15,64
7,0.20177090167999268,13,64
8,0.26518356800079346,13,64
9,0.35126686096191406,14,64
10,0.8037186861038208,14,64
11,0.8665035963058472,14,64
12,0.8665035963058472,14,64
13,0.8665035963058472,14,64
14,0.8665035963058472,14,64
15,0.8665035963058472,14,64
16,0.8665035963058472,14,64
17,0.8665035963058472,14,64
18,0.8665035963058472,14,64
19,0.8665035963058472,14,64
20,0.8675018846988678,14,64
21,0.8675018846988678,14,64
22,0.8675018846988678,14,64
23,0.8675018846988678,14,64
24,0.8675018846988678,14,64
25,0.8675018846988678,14,64
26,0.8675018846988678,14,64
27,0.8675018846988678,14,64
28,0.8675018846988678,14,64
29,0.8675018846988678,14,64
30,0.8675018846988678,14,64
31,0.8675018846988678,14,64
32,0.8675018846988678,14,64
33,0.8675018846988678,14,64
34,0.8985546976327896,15,64
35,0.8985546976327896,15,64
36,0.8985546976327896,15,64
37,0.8985546976327896,15,64
38,0.8985546976327896,15,64
39,0.8985546976327896,15,64
40,0.8985546976327896,15,64
41,0.9501616470515728,15,64
42,0.9501616470515728,15,64
43,0.9501616470515728,15,64
44,0.9501616470515728,15,64
45,0.9501616470515728,15,64
46,0.9501616470515728,15,64
47,0.9501616470515728,15,64
48,0.9611037261784077,14,64
49,0.9611037261784077,14,64
50,0.964524894952774,15,64
51,0.964524894952774,15,64
52,0.964524894952774,15,64
53,0.964524894952774,15,64
54,0.964524894952774,15,64
55,0.964524894952774,15,64
56,0.964524894952774,15,64
57,0.964524894952774,15,64
58,0.964524894952774,15,64
59,0.964524894952774,15,64
60,0.964524894952774,15,64
61,0.964524894952774,15,64
62,0.964524894952774,15,64
63,0.964524894952774,15,64
64,0.968054749071598,14,64
65,0.968054749071598,14,64
66,0.968054749071598,14,64
67,0.968054749071598,14,64
68,0.968054749071598,14,64
69,0.968054749071598,14,64
70,0.968054749071598,14,64
71,0.9690573643893003,15,64
72,0.9690573643893003,15,64
73,0.9690573643893003,15,64
74,0.9690573643893003,15,64
75,0.9746414963155985,15,64
76,0.9746414963155985,15,64
77,0.9746414963155985,15,64
78,0.9746414963155985,15,64
79,0.9746414963155985,15,64
80,0.9791660960763693,15,64
81,0.9791660960763693,15,64
82,0.9791660960763693,15,64
83,0.9791660960763693,15,64
84,0.9791660960763693,15,64
85,0.9791660960763693,15,64
86,0.9791660960763693,15,64
87,0.9791660960763693,15,64
88,0.9791660960763693,15,64
89,0.986744524911046,15,64
90,0.986744524911046,15,64
91,0.9883755510672927,15,64
92,0.9883755510672927,15,64
93,0.9883755510672927,15,64
94,0.9883755510672927,15,64
95,0.9883755510672927,15,64
96,0.9883755510672927,15,64
97,0.9883755510672927,15,64
98,0.9883755510672927,15,64
99,0.9883755510672927,15,64
100,0.9883755510672927,15,64
101,0.9894239334389567,15,64
102,0.9894239334389567,15,64
103,0.9894239334389567,15,64
104,0.9894239334389567,15,64
105,0.9894239334389567,15,64
106,0.9894239334389567,15,64
107,0.9894239334389567,15,64
108,0.9894239334389567,15,64
109,0.9894239334389567,15,64
110,0.9894239334389567,15,64
111,0.9894239334389567,15,64
112,0.9894239334389567,15,64
113,0.9894239334389567,15,64
114,0.9909759135916829,15,64
115,0.9909759135916829,15,64
116,0.9915284942835569,14,64
117,0.9915284942835569,14,64
118,0.9915284942835569,14,64
119,0.9915284942835569,14,64
120,0.9915284942835569,14,64
121,0.9915284942835569,14,64
122,0.9915284942835569,14,64
123,0.9915284942835569,14,64
124,0.9915284942835569,14,64
125,0.9915284942835569,14,64
126,0.9915284942835569,14,64
127,0.9915284942835569,14,64
128,0.9915284942835569,14,64
129,0.9915284942835569,14,64
130,0.9915284942835569,14,64
131,0.9915284942835569,14,64
132,0.9915284942835569,14,64
133,0.9915284942835569,14,64
134,0.9915284942835569,14,64
135,0.9915284942835569,14,64
136,0.9915284942835569,14,64
137,0.9915284942835569,14,64
138,0.9918290823698044,15,64
139,0.9918290823698044,15,64
140,0.9918290823698044,15,64
141,0.9918290823698044,15,64
142,0.994716817047447,15,64
143,0.994716817047447,15,64
144,0.994716817047447,15,64
145,0.994716817047447,15,64
146,0.9947589510120451,15,64
147,0.9947589510120451,15,64
148,0.9947589510120451,15,64
149,0.9947589510120451,15,64
150,0.9947589510120451,15,64
151,0.9947589510120451,15,64
152,0.9947589510120451,15,64
153,0.9947589510120451,15,64
154,0.9947589510120451,15,64
155,0.9947589510120451,15,64
156,0.9947589510120451,15,64
157,0.9947589510120451,15,64
158,0.9947589510120451,15,64
159,0.9947589510120451,15,64
160,0.9947589510120451,15,64
161,0.9947589510120451,15,64
162,0.9947589510120451,15,64
163,0.9947589510120451,15,64
164,0.9947589510120451,15,64
165,0.9947589510120451,15,64
166,0.9947589510120451,15,64
167,0.9947589510120451,15,64
168,0.9947589510120451,15,64
169,0.9947589510120451,15,64
170,0.9947589510120451,15,64
171,0.9947589510120451,15,64
172,0.9947589510120451,15,64
173,0.9947589510120451,15,64
174,0.9978725947439671,15,64
175,0.9978725947439671,15,64
176,0.9978725947439671,15,64
177,0.9978725947439671,15,64
178,0.9978725947439671,15,64
179,0.9978725947439671,15,64
180,0.9978725947439671,15,64
181,0.9978725947439671,15,64
182,0.9978725947439671,15,64
183,0.9978725947439671,15,64
184,0.9978725947439671,15,64
185,0.9978725947439671,15,64
186,0.9978725947439671,15,64
187,0.9978725947439671,15,64
188,0.9978725947439671,15,64
189,0.9978725947439671,15,64
190,0.9978725947439671,15,64
191,0.9978725947439671,15,64
192,0.9978725947439671,15,64
193,0.9981398324016482,14,64
194,0.9981398324016482,14,64
195,0.9981398324016482,14,64
196,0.9981398324016482,14,64
197,0.9981398324016482,14,64
198,0.9981398324016482,14,64
199,0.9981398324016482,14,64
200,0.9981398324016482,14,64
1,2.5153160095214844e-05,8,65
2,9.202957153320312e-05,15,65
3,0.00037419795989990234,15,65
4,0.00042742490768432617,15,65
5,0.00042742490768432617,15,65
6,0.00048470497131347656,15,65
7,0.00048470497131347656,15,65
8,0.00048470497131347656,15,65
9,0.00048470497131347656,15,65
10,0.00048470497131347656,15,65
11,0.00048470497131347656,15,65
12,0.00048470497131347656,15,65
13,0.00048470497131347656,15,65
14,0.00048673152923583984,15,65
15,0.00048673152923583984,15,65
16,0.00048673152923583984,15,65
17,0.0009383559226989746,15,65
18,0.0011883974075317383,15,65
19,0.0011883974075317383,15,65
20,0.0011883974075317383,15,65
21,0.0011883974075317383,15,65
22,0.0011883974075317383,15,65
23,0.0011987686157226562,15,65
24,0.0011987686157226562,15,65
25,0.0011987686157226562,15,65
26,0.0011987686157226562,15,65
27,0.0011987686157226562,15,65
28,0.0012385845184326172,15,65
29,0.0012385845184326172,15,65
30,0.002795279026031494,14,65
31,0.002795279026031494,14,65
32,0.002795279026031494,14,65
33,0.002795279026031494,14,65
34,0.0033115744590759277,14,65
35,0.0033115744590759277,14,65
36,0.0033115744590759277,14,65
37,0.0033115744590759277,14,65
38,0.0033115744590759277,14,65
39,0.0033115744590759277,14,65
40,0.0033115744590759277,14,65
41,0.006625950336456299,15,65
42,0.012622535228729248,15,65
43,0.012622535228729248,15,65
44,0.012622535228729248,15,65
45,0.013262927532196045,15,65
46,0.013262927532196045,15,65
47,0.013262927532196045,15,65
48,0.013265490531921387,15,65
49,0.013265490531921387,15,65
50,0.013265490531921387,15,65
51,0.013265490531921387,15,65
52,0.028243541717529297,15,65
53,0.028243541717529297,15,65
54,0.028243541717529297,15,65
55,0.028243541717529297,15,65
56,0.028243541717529297,15,65
57,0.028243541717529297,15,65
58,0.028243541717529297,15,65
59,0.028243541717529297,15,65
60,0.028243541717529297,15,65
61,0.028243541717529297,15,65
62,0.028243541717529297,15,65
63,0.028243541717529297,15,65
64,0.028243541717529297,15,65
65,0.028243541717529297,15,65
66,0.028243541717529297,15,65
67,0.028243541717529297,15,65
68,0.028243541717529297,15,65
69,0.028243541717529297,15,65
70,0.028243541717529297,15,65
71,0.028243541717529297,15,65
72,0.028243541717529297,15,65
73,0.028243541717529297,15,65
74,0.028243541717529297,15,65
75,0.028243541717529297,15,65
76,0.028243541717529297,15,65
77,0.04333716630935669,15,65
78,0.04333716630935669,15,65
79,0.04333716630935669,15,65
80,0.06967610120773315,15,65
81,0.06967610120773315,15,65
82,0.06967610120773315,15,65
83,0.06967610120773315,15,65
84,0.06967610120773315,15,65
85,0.06967610120773315,15,65
86,0.06967610120773315,15,65
87,0.06967610120773315,15,65
88,0.06967610120773315,15,65
89,0.07438641786575317,15,65
90,0.08410340547561646,15,65
91,0.08410340547561646,15,65
92,0.0884164571762085,15,65
93,0.0884164571762085,15,65
94,0.28673893213272095,15,65
95,0.28673893213272095,15,65
96,0.28673893213272095,15,65
97,0.28673893213272095,15,65
98,0.28673893213272095,15,65
99,0.28673893213272095,15,65
100,0.28673893213272095,15,65
101,0.28673893213272095,15,65
102,0.28673893213272095,15,65
103,0.28673893213272095,15,65
104,0.28673893213272095,15,65
105,0.28673893213272095,15,65
106,0.28673893213272095,15,65
107,0.2951622009277344,15,65
108,0.2951622009277344,15,65
109,0.30454158782958984,15,65
110,0.30454158782958984,15,65
111,0.30454158782958984,15,65
112,0.5157371759414673,14,65
113,0.5157371759414673,14,65
114,0.5157371759414673,14,65
115,0.5157371759414673,14,65
116,0.5157371759414673,14,65
117,0.5418111681938171,15,65
118,0.5418111681938171,15,65
119,0.5418111681938171,15,65
120,0.5418111681938171,15,65
121,0.5418111681938171,15,65
122,0.5418111681938171,15,65
123,0.5418111681938171,15,65
124,0.5418111681938171,15,65
125,0.5418111681938171,15,65
126,0.5418111681938171,15,65
127,0.5418111681938171,15,65
128,0.5418111681938171,15,65
129,0.577677845954895,15,65
130,0.577677845954895,15,65
131,0.577677845954895,15,65
132,0.6708529889583588,15,65
133,0.6708529889583588,15,65
134,0.6708529889583588,15,65
135,0.6708529889583588,15,65
136,0.6708529889583588,15,65
137,0.6708529889583588,15,65
138,0.7539568394422531,14,65
139,0.7539568394422531,14,65
140,0.7539568394422531,14,65
141,0.7539568394422531,14,65
142,0.7539568394422531,14,65
143,0.7539568394422531,14,65
144,0.7539568394422531,14,65
145,0.7539568394422531,14,65
146,0.7539568394422531,14,65
147,0.7539568394422531,14,65
148,0.7539568394422531,14,65
149,0.7539568394422531,14,65
150,0.7539568394422531,14,65
151,0.7539568394422531,14,65
152,0.7539568394422531,14,65
153,0.7539568394422531,14,65
154,0.7539568394422531,14,65
155,0.7539568394422531,14,65
156,0.7539568394422531,14,65
157,0.7539568394422531,14,65
158,0.7539568394422531,14,65
159,0.7539568394422531,14,65
160,0.7539568394422531,14,65
161,0.7539568394422531,14,65
162,0.7539568394422531,14,65
163,0.7539568394422531,14,65
164,0.7539568394422531,14,65
165,0.7539568394422531,14,65
166,0.7539568394422531,14,65
167,0.7539568394422531,14,65
168,0.7539568394422531,14,65
169,0.7539568394422531,14,65
170,0.7975385785102844,15,65
171,0.7975385785102844,15,65
172,0.8811292126774788,15,65
173,0.8811292126774788,15,65
174,0.8811292126774788,15,65
175,0.8811292126774788,15,65
176,0.8811292126774788,15,65
177,0.8811292126774788,15,65
178,0.8811292126774788,15,65
179,0.8811292126774788,15,65
180,0.8811292126774788,15,65
181,0.8811292126774788,15,65
182,0.8811292126774788,15,65
183,0.8811292126774788,15,65
184,0.8811292126774788,15,65
185,0.8811292126774788,15,65
186,0.8811292126774788,15,65
187,0.8811292126774788,15,65
188,0.8811292126774788,15,65
189,0.8811292126774788,15,65
190,0.8811292126774788,15,65
191,0.8811292126774788,15,65
192,0.8811292126774788,15,65
193,0.8811292126774788,15,65
194,0.8811292126774788,15,65
195,0.8811292126774788,15,65
196,0.8811292126774788,15,65
197,0.8811292126774788,15,65
198,0.8811292126774788,15,65
199,0.8811292126774788,15,65
200,0.9077466353774071,15,65
1,0.0060520172119140625,14,66
2,0.014185190200805664,11,66
3,0.014185190200805664,11,66
4,0.0229644775390625,14,66
5,0.03530627489089966,14,66
6,0.03530627489089966,14,66
7,0.06200432777404785,14,66
8,0.10811400413513184,15,66
9,0.10811400413513184,15,66
10,0.23095524311065674,15,66
11,0.24668669700622559,14,66
12,0.24668669700622559,14,66
13,0.42848265171051025,15,66
14,0.42848265171051025,15,66
15,0.42848265171051025,15,66
16,0.42848265171051025,15,66
17,0.853471428155899,15,66
18,0.853471428155899,15,66
19,0.853471428155899,15,66
20,0.8545187562704086,15,66
21,0.8545187562704086,15,66
22,0.8545187562704086,15,66
23,0.8545187562704086,15,66
24,0.8545187562704086,15,66
25,0.8545187562704086,15,66
26,0.8545187562704086,15,66
27,0.8545187562704086,15,66
28,0.8545187562704086,15,66
29,0.9032014459371567,15,66
30,0.9092800915241241,15,66
31,0.9508416503667831,15,66
32,0.9530826210975647,15,66
33,0.9530826210975647,15,66
34,0.9530826210975647,15,66
35,0.9530826210975647,15,66
36,0.9530826210975647,15,66
37,0.9530826210975647,15,66
38,0.9530826210975647,15,66
39,0.9530826210975647,15,66
40,0.9530826210975647,15,66
41,0.9530826210975647,15,66
42,0.9530826210975647,15,66
43,0.9530826210975647,15,66
44,0.9530826210975647,15,66
45,0.9530826210975647,15,66
46,0.9530826210975647,15,66
47,0.9530826210975647,15,66
48,0.9547340907156467,15,66
49,0.9549188762903214,15,66
50,0.9550329446792603,15,66
51,0.9550329446792603,15,66
52,0.9550329446792603,15,66
53,0.9550329446792603,15,66
54,0.9550329446792603,15,66
55,0.9550329446792603,15,66
56,0.9550329446792603,15,66
57,0.9550329446792603,15,66
58,0.9742766208946705,15,66
59,0.9742766208946705,15,66
60,0.9742766208946705,15,66
61,0.9742766208946705,15,66
62,0.984836463816464,15,66
63,0.984836463816464,15,66
64,0.984836463816464,15,66
65,0.984836463816464,15,66
66,0.984836463816464,15,66
67,0.984836463816464,15,66
68,0.9894362669438124,15,66
69,0.9894362669438124,15,66
70,0.9894362669438124,15,66
71,0.9894362669438124,15,66
72,0.9894362669438124,15,66
73,0.9894362669438124,15,66
74,0.995047309435904,15,66
75,0.995047309435904,15,66
76,0.995047309435904,15,66
77,0.995047309435904,15,66
78,0.995047309435904,15,66
79,0.995047309435904,15,66
80,0.995047309435904,15,66
81,0.995047309435904,15,66
82,0.995047309435904,15,66
83,0.995047309435904,15,66
84,0.995047309435904,15,66
85,0.995047309435904,15,66
86,0.995047309435904,15,66
87,0.995047309435904,15,66
88,0.995047309435904,15,66
89,0.995047309435904,15,66
90,0.995047309435904,15,66
91,0.995047309435904,15,66
92,0.995047309435904,15,66
93,0.995047309435904,15,66
94,0.995047309435904,15,66
95,0.995047309435904,15,66
96,0.995047309435904,15,66
97,0.995047309435904,15,66
98,0.995047309435904,15,66
99,0.995047309435904,15,66
100,0.995047309435904,15,66
101,0.995047309435904,15,66
102,0.995047309435904,15,66
103,0.995047309435904,15,66
104,0.995047309435904,15,66
105,0.9964405633509159,15,66
106,0.9964405633509159,15,66
107,0.9964405633509159,15,66
108,0.9964405633509159,15,66
109,0.9964405633509159,15,66
110,0.9964405633509159,15,66
111,0.9964405633509159,15,66
112,0.9964405633509159,15,66
113,0.9964405633509159,15,66
114,0.9964405633509159,15,66
115,0.9964405633509159,15,66
116,0.9969480764120817,15,66
117,0.9969480764120817,15,66
118,0.9969480764120817,15,66
119,0.9969480764120817,15,66
120,0.9969480764120817,15,66
121,0.9972789187449962,14,66
122,0.9972789187449962,14,66
123,0.9972789187449962,14,66
124,0.9972789187449962,14,66
125,0.9972789187449962,14,66
126,0.9972789187449962,14,66
127,0.9972789187449962,14,66
128,0.9972789187449962,14,66
129,0.9995559746748768,15,66
130,0.9995559746748768,15,66
131,0.9995559746748768,15,66
132,0.9995559746748768,15,66
133,0.9995559746748768,15,66
134,0.9995713956304826,15,66
135,0.999621193157509,15,66
136,0.999621193157509,15,66
137,0.999621193157509,15,66
138,0.999621193157509,15,66
139,0.999621193157509,15,66
140,0.999621193157509,15,66
141,0.999621193157509,15,66
142,0.999621193157509,15,66
143,0.999621193157509,15,66
144,0.999621193157509,15,66
145,0.999621193157509,15,66
146,0.999621193157509,15,66
147,0.999621193157509,15,66
148,0.999621193157509,15,66
149,0.999621193157509,15,66
150,0.999621193157509,15,66
151,0.999621193157509,15,66
152,0.999621193157509,15,66
153,0.999621193157509,15,66
154,0.999621193157509,15,66
155,0.999621193157509,15,66
156,0.999621193157509,15,66
157,0.999621193157509,15,66
158,0.9997062683978584,15,66
159,0.9997062683978584,15,66
160,0.9997062683978584,15,66
161,0.9997062683978584,15,66
162,0.9997062683978584,15,66
163,0.9997062683978584,15,66
164,0.9997062683978584,15,66
165,0.9997062683978584,15,66
166,0.9997062683978584,15,66
167,0.9997062683978584,15,66
168,0.9997062683978584,15,66
169,0.9997062683978584,15,66
170,0.9997062683978584,15,66
171,0.9997062683978584,15,66
172,0.9997062683978584,15,66
173,0.9997062683978584,15,66
174,0.9997062683978584,15,66
175,0.9997062683978584,15,66
176,0.9997062683978584,15,66
177,0.9997062683978584,15,66
178,0.9997062683978584,15,66
179,0.9997062683978584,15,66
180,0.9997062683978584,15,66
181,0.9997062683978584,15,66
182,0.9997062683978584,15,66
183,0.9997062683978584,15,66
184,0.9997062683978584,15,66
185,0.9997062683978584,15,66
186,0.9997062683978584,15,66
187,0.9997062683978584,15,66
188,0.9997062683978584,15,66
189,0.999844786914764,15,66
190,0.999844786914764,15,66
191,0.999844786914764,15,66
192,0.999844786914764,15,66
193,0.999844786914764,15,66
194,0.999844786914764,15,66
195,0.999844786914764,15,66
196,0.999844786914764,15,66
197,0.999844786914764,15,66
198,0.999844786914764,15,66
199,0.999844786914764,15,66
200,0.999844786914764,15,66
1,2.300739288330078e-05,15,67
2,2.300739288330078e-05,15,67
3,3.039836883544922e-05,15,67
4,3.039836883544922e-05,15,67
5,3.039836883544922e-05,15,67
6,3.039836883544922e-05,15,67
7,7.915496826171875e-05,15,67
8,7.915496826171875e-05,15,67
9,7.915496826171875e-05,15,67
10,0.00010704994201660156,15,67
11,0.0001405477523803711,15,67
12,0.00024312734603881836,15,67
13,0.00024312734603881836,15,67
14,0.00024312734603881836,15,67
15,0.00024312734603881836,15,67
16,0.00024312734603881836,15,67
17,0.00024312734603881836,15,67
18,0.00024312734603881836,15,67
19,0.0018962621688842773,15,67
20,0.0018962621688842773,15,67
21,0.0018962621688842773,15,67
22,0.0018962621688842773,15,67
23,0.0018962621688842773,15,67
24,0.003117680549621582,15,67
25,0.003117680549621582,15,67
26,0.003117680549621582,15,67
27,0.003117680549621582,15,67
28,0.003117680549621582,15,67
29,0.003117680549621582,15,67
30,0.003117680549621582,15,67
31,0.003117680549621582,15,67
32,0.003117680549621582,15,67
33,0.003117680549621582,15,67
34,0.003117680549621582,15,67
35,0.003117680549621582,15,67
36,0.003117680549621582,15,67
37,0.005301833152770996,15,67
38,0.005301833152770996,15,67
39,0.005301833152770996,15,67
40,0.005301833152770996,15,67
41,0.005301833152770996,15,67
42,0.005301833152770996,15,67
43,0.008687198162078857,15,67
44,0.008687198162078857,15,67
45,0.008687198162078857,15,67
46,0.008687198162078857,15,67
47,0.008687198162078857,15,67
48,0.008687198162078857,15,67
49,0.008687198162078857,15,67
50,0.008687198162078857,15,67
51,0.008687198162078857,15,67
52,0.00945591926574707,15,67
53,0.014755308628082275,15,67
54,0.014755308628082275,15,67
55,0.014755308628082275,15,67
56,0.030305922031402588,15,67
57,0.030305922031402588,15,67
58,0.030305922031402588,15,67
59,0.030305922031402588,15,67
60,0.030305922031402588,15,67
61,0.030305922031402588,15,67
62,0.030305922031402588,15,67
63,0.030305922031402588,15,67
64,0.030305922031402588,15,67
65,0.030305922031402588,15,67
66,0.030305922031402588,15,67
67,0.03272134065628052,15,67
68,0.03272134065628052,15,67
69,0.03272134065628052,15,67
70,0.03272134065628052,15,67
71,0.039530038833618164,15,67
72,0.04184836149215698,15,67
73,0.04184836149215698,15,67
74,0.04184836149215698,15,67
75,0.04184836149215698,15,67
76,0.04184836149215698,15,67
77,0.04184836149215698,15,67
78,0.04184836149215698,15,67
79,0.04184836149215698,15,67
80,0.06399458646774292,15,67
81,0.06399458646774292,15,67
82,0.06399458646774292,15,67
83,0.06399458646774292,15,67
84,0.06839102506637573,15,67
85,0.06839102506637573,15,67
86,0.06839102506637573,15,67
87,0.06839102506637573,15,67
88,0.06839102506637573,15,67
89,0.06839102506637573,15,67
90,0.06839102506637573,15,67
91,0.06839102506637573,15,67
92,0.06839102506637573,15,67
93,0.06839102506637573,15,67
94,0.06839102506637573,15,67
95,0.06839102506637573,15,67
96,0.06839102506637573,15,67
97,0.06839102506637573,15,67
98,0.06839102506637573,15,67
99,0.06839102506637573,15,67
100,0.06839102506637573,15,67
101,0.06839102506637573,15,67
102,0.06839102506637573,15,67
103,0.06839102506637573,15,67
104,0.06839102506637573,15,67
105,0.06839102506637573,15,67
106,0.06839102506637573,15,67
107,0.06839102506637573,15,67
108,0.06839102506637573,15,67
109,0.06839102506637573,15,67
110,0.06839102506637573,15,67
111,0.06839102506637573,15,67
112,0.06839102506637573,15,67
113,0.06839102506637573,15,67
114,0.06839102506637573,15,67
115,0.06839102506637573,15,67
116,0.06839102506637573,15,67
117,0.06839102506637573,15,67
118,0.06839102506637573,15,67
119,0.06839102506637573,15,67
120,0.06839102506637573,15,67
121,0.06839102506637573,15,67
122,0.06839102506637573,15,67
123,0.06839102506637573,15,67
124,0.06839102506637573,15,67
125,0.06839102506637573,15,67
126,0.06839102506637573,15,67
127,0.06839102506637573,15,67
128,0.06839102506637573,15,67
129,0.06839102506637573,15,67
130,0.06839102506637573,15,67
131,0.06839102506637573,15,67
132,0.06839102506637573,15,67
133,0.06839102506637573,15,67
134,0.06839102506637573,15,67
135,0.06839102506637573,15,67
136,0.06839102506637573,15,67
137,0.06839102506637573,15,67
138,0.06839102506637573,15,67
139,0.06839102506637573,15,67
140,0.06839102506637573,15,67
141,0.06839102506637573,15,67
142,0.06839102506637573,15,67
143,0.06839102506637573,15,67
144,0.06839102506637573,15,67
145,0.06839102506637573,15,67
146,0.06839102506637573,15,67
147,0.06839102506637573,15,67
148,0.06839102506637573,15,67
149,0.06839102506637573,15,67
150,0.06839102506637573,15,67
151,0.06839102506637573,15,67
152,0.06839102506637573,15,67
153,0.14339971542358398,15,67
154,0.14339971542358398,15,67
155,0.14339971542358398,15,67
156,0.14339971542358398,15,67
157,0.14339971542358398,15,67
158,0.14339971542358398,15,67
159,0.14339971542358398,15,67
160,0.14339971542358398,15,67
161,0.14339971542358398,15,67
162,0.14339971542358398,15,67
163,0.14339971542358398,15,67
164,0.14339971542358398,15,67
165,0.14339971542358398,15,67
166,0.14339971542358398,15,67
167,0.14339971542358398,15,67
168,0.14339971542358398,15,67
169,0.14339971542358398,15,67
170,0.14339971542358398,15,67
171,0.14339971542358398,15,67
172,0.14339971542358398,15,67
173,0.14339971542358398,15,67
174,0.14339971542358398,15,67
175,0.14339971542358398,15,67
176,0.14339971542358398,15,67
177,0.14339971542358398,15,67
178,0.14339971542358398,15,67
179,0.14339971542358398,15,67
180,0.14339971542358398,15,67
181,0.14339971542358398,15,67
182,0.14339971542358398,15,67
183,0.14339971542358398,15,67
184,0.14339971542358398,15,67
185,0.14339971542358398,15,67
186,0.14339971542358398,15,67
187,0.14339971542358398,15,67
188,0.14339971542358398,15,67
189,0.14339971542358398,15,67
190,0.14339971542358398,15,67
191,0.14339971542358398,15,67
192,0.14339971542358398,15,67
193,0.14339971542358398,15,67
194,0.14339971542358398,15,67
195,0.14339971542358398,15,67
196,0.14339971542358398,15,67
197,0.14339971542358398,15,67
198,0.14339971542358398,15,67
199,0.14339971542358398,15,67
200,0.14339971542358398,15,67
1,3.2067298889160156e-05,12,68
2,3.2067298889160156e-05,12,68
3,3.2067298889160156e-05,12,68
4,5.9723854064941406e-05,14,68
5,5.9723854064941406e-05,14,68
6,0.00011241436004638672,15,68
7,0.00022810697555541992,15,68
8,0.00022810697555541992,15,68
9,0.00022810697555541992,15,68
10,0.00022810697555541992,15,68
11,0.00022810697555541992,15,68
12,0.00033843517303466797,14,68
13,0.00045615434646606445,15,68
14,0.0009169578552246094,15,68
15,0.0009169578552246094,15,68
16,0.0017085671424865723,15,68
17,0.0017085671424865723,15,68
18,0.0017085671424865723,15,68
19,0.0017085671424865723,15,68
20,0.002877652645111084,15,68
21,0.002877652645111084,15,68
22,0.002877652645111084,15,68
23,0.002877652645111084,15,68
24,0.002877652645111084,15,68
25,0.002877652645111084,15,68
26,0.002877652645111084,15,68
27,0.002877652645111084,15,68
28,0.008366227149963379,15,68
29,0.008366227149963379,15,68
30,0.008366227149963379,15,68
31,0.008366227149963379,15,68
32,0.008366227149963379,15,68
33,0.008366227149963379,15,68
34,0.008366227149963379,15,68
35,0.008366227149963379,15,68
36,0.008366227149963379,15,68
37,0.008366227149963379,15,68
38,0.009117066860198975,15,68
39,0.009117066860198975,15,68
40,0.009117066860198975,15,68
41,0.012707352638244629,15,68
42,0.012707352638244629,15,68
43,0.012707352638244629,15,68
44,0.013103663921356201,15,68
45,0.013103663921356201,15,68
46,0.013103663921356201,15,68
47,0.015709280967712402,15,68
48,0.015709280967712402,15,68
49,0.015709280967712402,15,68
50,0.019651710987091064,15,68
51,0.019651710987091064,15,68
52,0.019651710987091064,15,68
53,0.019651710987091064,15,68
54,0.019651710987091064,15,68
55,0.019651710987091064,15,68
56,0.01999497413635254,15,68
57,0.01999497413635254,15,68
58,0.030921638011932373,15,68
59,0.030921638011932373,15,68
60,0.033960044384002686,15,68
61,0.033960044384002686,15,68
62,0.033960044384002686,15,68
63,0.033960044384002686,15,68
64,0.033960044384002686,15,68
65,0.033960044384002686,15,68
66,0.033960044384002686,15,68
67,0.03613001108169556,15,68
68,0.03613001108169556,15,68
69,0.03743565082550049,15,68
70,0.07165497541427612,15,68
71,0.07165497541427612,15,68
72,0.07165497541427612,15,68
73,0.07165497541427612,15,68
74,0.163790762424469,15,68
75,0.163790762424469,15,68
76,0.163790762424469,15,68
77,0.163790762424469,15,68
78,0.163790762424469,15,68
79,0.163790762424469,15,68
80,0.3329913020133972,15,68
81,0.3329913020133972,15,68
82,0.3329913020133972,15,68
83,0.3329913020133972,15,68
84,0.3329913020133972,15,68
85,0.3329913020133972,15,68
86,0.3329913020133972,15,68
87,0.3329913020133972,15,68
88,0.3329913020133972,15,68
89,0.3329913020133972,15,68
90,0.3329913020133972,15,68
91,0.3329913020133972,15,68
92,0.3329913020133972,15,68
93,0.3329913020133972,15,68
94,0.3329913020133972,15,68
95,0.3329913020133972,15,68
96,0.3329913020133972,15,68
97,0.3329913020133972,15,68
98,0.3329913020133972,15,68
99,0.3329913020133972,15,68
100,0.3329913020133972,15,68
101,0.47491925954818726,15,68
102,0.47491925954818726,15,68
103,0.47491925954818726,15,68
104,0.47491925954818726,15,68
105,0.47491925954818726,15,68
106,0.47491925954818726,15,68
107,0.47491925954818726,15,68
108,0.47491925954818726,15,68
109,0.47491925954818726,15,68
110,0.47491925954818726,15,68
111,0.47491925954818726,15,68
112,0.47491925954818726,15,68
113,0.47491925954818726,15,68
114,0.47491925954818726,15,68
115,0.47491925954818726,15,68
116,0.47491925954818726,15,68
117,0.47491925954818726,15,68
118,0.7383388578891754,15,68
119,0.7383388578891754,15,68
120,0.7383388578891754,15,68
121,0.7383388578891754,15,68
122,0.7383388578891754,15,68
123,0.7383388578891754,15,68
124,0.7516258358955383,15,68
125,0.7516258358955383,15,68
126,0.7516258358955383,15,68
127,0.7524845153093338,15,68
128,0.7524845153093338,15,68
129,0.7524845153093338,15,68
130,0.7524845153093338,15,68
131,0.7524845153093338,15,68
132,0.7524845153093338,15,68
133,0.7524845153093338,15,68
134,0.7524845153093338,15,68
135,0.7524845153093338,15,68
136,0.7524845153093338,15,68
137,0.7524845153093338,15,68
138,0.7524845153093338,15,68
139,0.7524845153093338,15,68
140,0.7524845153093338,15,68
141,0.7524845153093338,15,68
142,0.7524845153093338,15,68
143,0.7524845153093338,15,68
144,0.7524845153093338,15,68
145,0.7524845153093338,15,68
146,0.7524845153093338,15,68
147,0.7524845153093338,15,68
148,0.7524845153093338,15,68
149,0.7524845153093338,15,68
150,0.7524845153093338,15,68
151,0.7524845153093338,15,68
152,0.7524845153093338,15,68
153,0.7524845153093338,15,68
154,0.7524845153093338,15,68
155,0.7524845153093338,15,68
156,0.7524845153093338,15,68
157,0.8692180961370468,15,68
158,0.8692180961370468,15,68
159,0.8692180961370468,15,68
160,0.8692180961370468,15,68
161,0.8692180961370468,15,68
162,0.8692180961370468,15,68
163,0.8756867200136185,14,68
164,0.8756867200136185,14,68
165,0.8905384317040443,15,68
166,0.8905384317040443,15,68
167,0.9875284777954221,15,68
168,0.9875284777954221,15,68
169,0.9875284777954221,15,68
170,0.9875284777954221,15,68
171,0.9875284777954221,15,68
172,0.9875284777954221,15,68
173,0.9875284777954221,15,68
174,0.9875284777954221,15,68
175,0.9875284777954221,15,68
176,0.9875284777954221,15,68
177,0.9875284777954221,15,68
178,0.9875284777954221,15,68
179,0.9881999017670751,15,68
180,0.9881999017670751,15,68
181,0.9881999017670751,15,68
182,0.9881999017670751,15,68
183,0.9881999017670751,15,68
184,0.9881999017670751,15,68
185,0.9881999017670751,15,68
186,0.9881999017670751,15,68
187,0.9881999017670751,15,68
188,0.9881999017670751,15,68
189,0.9881999017670751,15,68
190,0.9881999017670751,15,68
191,0.9881999017670751,15,68
192,0.9881999017670751,15,68
193,0.9954747157171369,15,68
194,0.9954747157171369,15,68
195,0.9954747157171369,15,68
196,0.9954747157171369,15,68
197,0.9954747157171369,15,68
198,0.9954747157171369,15,68
199,0.9954747157171369,15,68
200,0.9954747157171369,15,68
1,0.00029009580612182617,6,69
2,0.00029009580612182617,6,69
3,0.00029009580612182617,6,69
4,0.0006804466247558594,6,69
5,0.0006804466247558594,6,69
6,0.0024445652961730957,15,69
7,0.003565549850463867,15,69
8,0.00740206241607666,15,69
9,0.00740206241607666,15,69
10,0.00740206241607666,15,69
11,0.00740206241607666,15,69
12,0.0076108574867248535,15,69
13,0.011192262172698975,15,69
14,0.011192262172698975,15,69
15,0.011192262172698975,15,69
16,0.02969062328338623,15,69
17,0.03982359170913696,14,69
18,0.19644677639007568,15,69
19,0.19644677639007568,15,69
20,0.19644677639007568,15,69
21,0.19644677639007568,15,69
22,0.19644677639007568,15,69
23,0.19644677639007568,15,69
24,0.21372246742248535,15,69
25,0.21372246742248535,15,69
26,0.21372246742248535,15,69
27,0.21372246742248535,15,69
28,0.21372246742248535,15,69
29,0.21372246742248535,15,69
30,0.21372246742248535,15,69
31,0.21372246742248535,15,69
32,0.21372246742248535,15,69
33,0.21372246742248535,15,69
34,0.21372246742248535,15,69
35,0.21372246742248535,15,69
36,0.21372246742248535,15,69
37,0.21372246742248535,15,69
38,0.21372246742248535,15,69
39,0.21372246742248535,15,69
40,0.21372246742248535,15,69
41,0.21372246742248535,15,69
42,0.21372246742248535,15,69
43,0.21372246742248535,15,69
44,0.3696974515914917,15,69
45,0.44901424646377563,15,69
46,0.44901424646377563,15,69
47,0.44901424646377563,15,69
48,0.44901424646377563,15,69
49,0.44901424646377563,15,69
50,0.44901424646377563,15,69
51,0.44901424646377563,15,69
52,0.44901424646377563,15,69
53,0.458171010017395,15,69
54,0.458171010017395,15,69
55,0.614591509103775,15,69
56,0.614591509103775,15,69
57,0.614591509103775,15,69
58,0.614591509103775,15,69
59,0.614591509103775,15,69
60,0.614591509103775,15,69
61,0.614591509103775,15,69
62,0.614591509103775,15,69
63,0.614591509103775,15,69
64,0.614591509103775,15,69
65,0.614591509103775,15,69
66,0.614591509103775,15,69
67,0.614591509103775,15,69
68,0.614591509103775,15,69
69,0.6918862164020538,15,69
70,0.6918862164020538,15,69
71,0.6918862164020538,15,69
72,0.6918862164020538,15,69
73,0.6918862164020538,15,69
74,0.6918862164020538,15,69
75,0.6918862164020538,15,69
76,0.6918862164020538,15,69
77,0.6992475390434265,15,69
78,0.6992475390434265,15,69
79,0.6992475390434265,15,69
80,0.6992475390434265,15,69
81,0.6992475390434265,15,69
82,0.835578128695488,15,69
83,0.835578128695488,15,69
84,0.835578128695488,15,69
85,0.8479958027601242,15,69
86,0.8479958027601242,15,69
87,0.8479958027601242,15,69
88,0.8479958027601242,15,69
89,0.948063813149929,15,69
90,0.948063813149929,15,69
91,0.948063813149929,15,69
92,0.948063813149929,15,69
93,0.948063813149929,15,69
94,0.948063813149929,15,69
95,0.948063813149929,15,69
96,0.948063813149929,15,69
97,0.948063813149929,15,69
98,0.948063813149929,15,69
99,0.948063813149929,15,69
100,0.948063813149929,15,69
101,0.948063813149929,15,69
102,0.948063813149929,15,69
103,0.948063813149929,15,69
104,0.948063813149929,15,69
105,0.948063813149929,15,69
106,0.948063813149929,15,69
107,0.948063813149929,15,69
108,0.948063813149929,15,69
109,0.948063813149929,15,69
110,0.948063813149929,15,69
111,0.948063813149929,15,69
112,0.948063813149929,15,69
113,0.948063813149929,15,69
114,0.948063813149929,15,69
115,0.948063813149929,15,69
116,0.948063813149929,15,69
117,0.948063813149929,15,69
118,0.948063813149929,15,69
119,0.948063813149929,15,69
120,0.948063813149929,15,69
121,0.948063813149929,15,69
122,0.948063813149929,15,69
123,0.948063813149929,15,69
124,0.948063813149929,15,69
125,0.948063813149929,15,69
126,0.948063813149929,15,69
127,0.948063813149929,15,69
128,0.948063813149929,15,69
129,0.948063813149929,15,69
130,0.948063813149929,15,69
131,0.948063813149929,15,69
132,0.948063813149929,15,69
133,0.948063813149929,15,69
134,0.948063813149929,15,69
135,0.948063813149929,15,69
136,0.948063813149929,15,69
137,0.948063813149929,15,69
138,0.948063813149929,15,69
139,0.948063813149929,15,69
140,0.948063813149929,15,69
141,0.948063813149929,15,69
142,0.948063813149929,15,69
143,0.948063813149929,15,69
144,0.948063813149929,15,69
145,0.948063813149929,15,69
146,0.948063813149929,15,69
147,0.948063813149929,15,69
148,0.948063813149929,15,69
149,0.948063813149929,15,69
150,0.948063813149929,15,69
151,0.948063813149929,15,69
152,0.948063813149929,15,69
153,0.948063813149929,15,69
154,0.948063813149929,15,69
155,0.948063813149929,15,69
156,0.948063813149929,15,69
157,0.948063813149929,15,69
158,0.948063813149929,15,69
159,0.948063813149929,15,69
160,0.948063813149929,15,69
161,0.9526037909090519,14,69
162,0.9526037909090519,14,69
163,0.9526037909090519,14,69
164,0.9526037909090519,14,69
165,0.9526037909090519,14,69
166,0.9526037909090519,14,69
167,0.9526037909090519,14,69
168,0.9526037909090519,14,69
169,0.9526037909090519,14,69
170,0.9529989436268806,15,69
171,0.9529989436268806,15,69
172,0.9529989436268806,15,69
173,0.9529989436268806,15,69
174,0.9737339001148939,15,69
175,0.9737339001148939,15,69
176,0.9737339001148939,15,69
177,0.9737339001148939,15,69
178,0.9737339001148939,15,69
179,0.9737339001148939,15,69
180,0.9737339001148939,15,69
181,0.9737339001148939,15,69
182,0.9737339001148939,15,69
183,0.9737339001148939,15,69
184,0.9737339001148939,15,69
185,0.9796945378184319,15,69
186,0.9796945378184319,15,69
187,0.9796945378184319,15,69
188,0.9796945378184319,15,69
189,0.9796945378184319,15,69
190,0.9796945378184319,15,69
191,0.9796945378184319,15,69
192,0.9796945378184319,15,69
193,0.9796945378184319,15,69
194,0.9796945378184319,15,69
195,0.9796945378184319,15,69
196,0.9796945378184319,15,69
197,0.9796945378184319,15,69
198,0.9796945378184319,15,69
199,0.9796945378184319,15,69
200,0.9796945378184319,15,69
1,1.5139579772949219e-05,15,70
2,1.5139579772949219e-05,15,70
3,1.5139579772949219e-05,15,70
4,1.5139579772949219e-05,15,70
5,0.00025194883346557617,15,70
6,0.00025194883346557617,15,70
7,0.0002779364585876465,13,70
8,0.0002779364585876465,13,70
9,0.0002779364585876465,13,70
10,0.0002779364585876465,13,70
11,0.00048410892486572266,15,70
12,0.00048410892486572266,15,70
13,0.0012325048446655273,15,70
14,0.0012325048446655273,15,70
15,0.0012325048446655273,15,70
16,0.0012325048446655273,15,70
17,0.0016236305236816406,15,70
18,0.002723395824432373,14,70
19,0.0051403045654296875,15,70
20,0.0051403045654296875,15,70
21,0.0051403045654296875,15,70
22,0.0051403045654296875,15,70
23,0.015116989612579346,15,70
24,0.015116989612579346,15,70
25,0.015116989612579346,15,70
26,0.015116989612579346,15,70
27,0.015116989612579346,15,70
28,0.015116989612579346,15,70
29,0.019970476627349854,15,70
30,0.019970476627349854,15,70
31,0.04742085933685303,15,70
32,0.05909770727157593,15,70
33,0.05909770727157593,15,70
34,0.05909770727157593,15,70
35,0.05909770727157593,15,70
36,0.05909770727157593,15,70
37,0.05909770727157593,15,70
38,0.05909770727157593,15,70
39,0.05909770727157593,15,70
40,0.05909770727157593,15,70
41,0.06459760665893555,15,70
42,0.06459760665893555,15,70
43,0.06459760665893555,15,70
44,0.09839856624603271,15,70
45,0.09839856624603271,15,70
46,0.09839856624603271,15,70
47,0.09839856624603271,15,70
48,0.09839856624603271,15,70
49,0.09839856624603271,15,70
50,0.09839856624603271,15,70
51,0.13491195440292358,15,70
52,0.13491195440292358,15,70
53,0.13491195440292358,15,70
54,0.13491195440292358,15,70
55,0.15522152185440063,14,70
56,0.2851303219795227,15,70
57,0.36585497856140137,15,70
58,0.36585497856140137,15,70
59,0.36585497856140137,15,70
60,0.5269891321659088,15,70
61,0.5269891321659088,15,70
62,0.5269891321659088,15,70
63,0.649130642414093,15,70
64,0.649130642414093,15,70
65,0.649130642414093,15,70
66,0.6674548387527466,15,70
67,0.6674548387527466,15,70
68,0.6674548387527466,15,70
69,0.6674548387527466,15,70
70,0.6674548387527466,15,70
71,0.6674548387527466,15,70
72,0.6674548387527466,15,70
73,0.6674548387527466,15,70
74,0.6674548387527466,15,70
75,0.7041966319084167,15,70
76,0.7041966319084167,15,70
77,0.7041966319084167,15,70
78,0.8478875160217285,15,70
79,0.8478875160217285,15,70
80,0.8478875160217285,15,70
81,0.8478875160217285,15,70
82,0.8478875160217285,15,70
83,0.8478875160217285,15,70
84,0.8478875160217285,15,70
85,0.8478875160217285,15,70
86,0.8478875160217285,15,70
87,0.8980335295200348,15,70
88,0.8980335295200348,15,70
89,0.8980335295200348,15,70
90,0.8980335295200348,15,70
91,0.9319894313812256,15,70
92,0.9319894313812256,15,70
93,0.9319894313812256,15,70
94,0.9637259915471077,15,70
95,0.9637259915471077,15,70
96,0.9637259915471077,15,70
97,0.9637259915471077,15,70
98,0.9637259915471077,15,70
99,0.9637259915471077,15,70
100,0.9637259915471077,15,70
101,0.9637259915471077,15,70
102,0.9637259915471077,15,70
103,0.9637259915471077,15,70
104,0.9637259915471077,15,70
105,0.9637259915471077,15,70
106,0.9637259915471077,15,70
107,0.9637259915471077,15,70
108,0.9637259915471077,15,70
109,0.9637259915471077,15,70
110,0.9637259915471077,15,70
111,0.9731958415359259,15,70
112,0.9731958415359259,15,70
113,0.9731958415359259,15,70
114,0.9731958415359259,15,70
115,0.9986566553125158,15,70
116,0.9986566553125158,15,70
117,0.9986566553125158,15,70
118,0.9986566553125158,15,70
119,0.9986566553125158,15,70
120,0.9986566553125158,15,70
121,0.9986566553125158,15,70
122,0.9986566553125158,15,70
123,0.9986566553125158,15,70
124,0.9986566553125158,15,70
125,0.9986566553125158,15,70
126,0.9986566553125158,15,70
127,0.9986566553125158,15,70
128,0.9986566553125158,15,70
129,0.9986566553125158,15,70
130,0.9986566553125158,15,70
131,0.9986566553125158,15,70
132,0.9995879471243825,15,70
133,0.9995879471243825,15,70
134,0.9995879471243825,15,70
135,0.9995879471243825,15,70
136,0.9995879471243825,15,70
137,0.9995879471243825,15,70
138,0.9995879471243825,15,70
139,0.9995879471243825,15,70
140,0.9995879471243825,15,70
141,0.9995879471243825,15,70
142,0.9995879471243825,15,70
143,0.9995879471243825,15,70
144,0.9995879471243825,15,70
145,0.9995879471243825,15,70
146,0.9995879471243825,15,70
147,0.9995879471243825,15,70
148,0.9995879471243825,15,70
149,0.9999113196317921,15,70
150,0.9999210353271337,15,70
151,0.9999210353271337,15,70
152,0.9999210353271337,15,70
153,0.9999210353271337,15,70
154,0.9999210353271337,15,70
155,0.9999210353271337,15,70
156,0.9999210353271337,15,70
157,0.9999210353271337,15,70
158,0.9999210353271337,15,70
159,0.9999210353271337,15,70
160,0.9999210353271337,15,70
161,0.9999210353271337,15,70
162,0.9999210353271337,15,70
163,0.9999210353271337,15,70
164,0.9999210353271337,15,70
165,0.9999210353271337,15,70
166,0.9999210353271337,15,70
167,0.9999210353271337,15,70
168,0.9999210353271337,15,70
169,0.9999210353271337,15,70
170,0.9999210353271337,15,70
171,0.9999555963004241,15,70
172,0.9999555963004241,15,70
173,0.9999555963004241,15,70
174,0.9999555963004241,15,70
175,0.9999555963004241,15,70
176,0.9999555963004241,15,70
177,0.9999555963004241,15,70
178,0.9999555963004241,15,70
179,0.9999555963004241,15,70
180,0.9999555963004241,15,70
181,0.9999555963004241,15,70
182,0.9999555963004241,15,70
183,0.9999555963004241,15,70
184,0.9999555963004241,15,70
185,0.9999555963004241,15,70
186,0.9999555963004241,15,70
187,0.9999555963004241,15,70
188,0.9999555963004241,15,70
189,0.9999555963004241,15,70
190,0.9999555963004241,15,70
191,0.9999555963004241,15,70
192,0.9999555963004241,15,70
193,0.9999555963004241,15,70
194,0.9999555963004241,15,70
195,0.9999555963004241,15,70
196,0.9999555963004241,15,70
197,0.9999555963004241,15,70
198,0.9999555963004241,15,70
199,0.9999555963004241,15,70
200,0.9999555963004241,15,70
1,0.0,9,71
2,0.0,9,71
3,0.0,9,71
4,0.0,9,71
5,0.0,9,71
6,0.0,9,71
7,0.0,9,71
8,0.0,9,71
9,0.0,9,71
10,0.0,9,71
11,0.0,9,71
12,0.0,9,71
13,0.0,9,71
14,0.0,9,71
15,0.0,9,71
16,0.0,9,71
17,0.0,9,71
18,0.0,9,71
19,0.0,9,71
20,0.0,9,71
21,0.0,9,71
22,0.0,9,71
23,0.0,9,71
24,0.0,9,71
25,0.0,9,71
26,0.0,9,71
27,0.0,9,71
28,0.0,9,71
29,0.0,9,71
30,0.0,9,71
31,0.0,9,71
32,0.0,9,71
33,0.0,9,71
34,0.0,9,71
35,0.0,9,71
36,0.0,9,71
37,0.0,9,71
38,0.0,9,71
39,0.0,9,71
40,0.0,9,71
41,0.0,9,71
42,0.0,9,71
43,0.0,9,71
44,0.0,9,71
45,0.0,9,71
46,0.0,9,71
47,0.0,9,71
48,0.0,9,71
49,0.0,9,71
50,0.0,9,71
51,0.0,9,71
52,0.0,9,71
53,0.0,9,71
54,0.0,9,71
55,0.0,9,71
56,0.0,9,71
57,0.0,9,71
58,0.0,9,71
59,0.0,9,71
60,0.0,9,71
61,0.0,9,71
62,0.0,9,71
63,0.0,9,71
64,0.0,9,71
65,0.0,9,71
66,0.0,9,71
67,0.0,9,71
68,0.0,9,71
69,0.0,9,71
70,0.0,9,71
71,0.0,9,71
72,0.0,9,71
73,0.0,9,71
74,0.0,9,71
75,0.0,9,71
76,0.0,9,71
77,0.0,9,71
78,0.0,9,71
79,0.0,9,71
80,0.0,9,71
81,0.0,9,71
82,0.0,9,71
83,0.0,9,71
84,0.0,9,71
85,0.0,9,71
86,0.0,9,71
87,0.0,9,71
88,0.0,9,71
89,0.0,9,71
90,0.0,9,71
91,0.0,9,71
92,0.0,9,71
93,0.0,9,71
94,0.0,9,71
95,0.0,9,71
96,0.0,9,71
97,0.0,9,71
98,0.0,9,71
99,0.0,9,71
100,0.0,9,71
101,0.0,9,71
102,0.0,9,71
103,0.0,9,71
104,0.0,9,71
105,0.0,9,71
106,0.0,9,71
107,0.0,9,71
108,0.0,9,71
109,0.0,9,71
110,0.0,9,71
111,0.0,9,71
112,0.0,9,71
113,0.0,9,71
114,0.0,9,71
115,0.0,9,71
116,0.0,9,71
117,0.0,9,71
118,0.0,9,71
119,0.0,9,71
120,0.0,9,71
121,0.0,9,71
122,0.0,9,71
123,0.0,9,71
124,0.0,9,71
125,0.0,9,71
126,0.0,9,71
127,0.0,9,71
128,0.0,9,71
129,0.0,9,71
130,0.0,9,71
131,0.0,9,71
132,0.0,9,71
133,0.0,9,71
134,0.0,9,71
135,0.0,9,71
136,0.0,9,71
137,0.0,9,71
138,0.0,9,71
139,0.0,9,71
140,0.0,9,71
141,0.0,9,71
142,0.0,9,71
143,0.0,9,71
144,0.0,9,71
145,0.0,9,71
146,0.0,9,71
147,0.0,9,71
148,0.0,9,71
149,0.0,9,71
150,0.0,9,71
151,0.0,9,71
152,0.0,9,71
153,0.0,9,71
154,0.0,9,71
155,0.0,9,71
156,0.0,9,71
157,0.0,9,71
158,0.0,9,71
159,0.0,9,71
160,0.0,9,71
161,0.0,9,71
162,0.0,9,71
163,0.0,9,71
164,0.0,9,71
165,0.0,9,71
166,0.0,9,71
167,0.0,9,71
168,0.0,9,71
169,0.0,9,71
170,0.0,9,71
171,0.0,9,71
172,0.0,9,71
173,0.0,9,71
174,0.0,9,71
175,0.0,9,71
176,0.0,9,71
177,0.0,9,71
178,0.0,9,71
179,0.0,9,71
180,0.0,9,71
181,0.0,9,71
182,0.0,9,71
183,0.0,9,71
184,0.0,9,71
185,0.0,9,71
186,0.0,9,71
187,0.0,9,71
188,0.0,9,71
189,0.0,9,71
190,0.0,9,71
191,0.0,9,71
192,0.0,9,71
193,0.0,9,71
194,0.0,9,71
195,0.0,9,71
196,0.0,9,71
197,0.0,9,71
198,0.0,9,71
199,0.0,9,71
200,0.0,9,71
1,0.0265006422996521,15,72
2,0.0265006422996521,15,72
3,0.029115617275238037,9,72
4,0.05038750171661377,15,72
5,0.4076693654060364,13,72
6,0.4076693654060364,13,72
7,0.4076693654060364,13,72
8,0.4076693654060364,13,72
9,0.4076693654060364,13,72
10,0.6540818512439728,15,72
11,0.6540818512439728,15,72
12,0.6540818512439728,15,72
13,0.6540818512439728,15,72
14,0.6540818512439728,15,72
15,0.6711926460266113,15,72
16,0.6711926460266113,15,72
17,0.6711926460266113,15,72
18,0.6711926460266113,15,72
19,0.6711926460266113,15,72
20,0.6711926460266113,15,72
21,0.6711926460266113,15,72
22,0.8888334035873413,14,72
23,0.8888334035873413,14,72
24,0.8888334035873413,14,72
25,0.8888334035873413,14,72
26,0.8888334035873413,14,72
27,0.8888334035873413,14,72
28,0.8888334035873413,14,72
29,0.8888334035873413,14,72
30,0.8888334035873413,14,72
31,0.9317085519433022,15,72
32,0.9493466652929783,15,72
33,0.9493466652929783,15,72
34,0.9493466652929783,15,72
35,0.9738108869642019,14,72
36,0.9738108869642019,14,72
37,0.9738108869642019,14,72
38,0.9738108869642019,14,72
39,0.9738108869642019,14,72
40,0.9738108869642019,14,72
41,0.9738108869642019,14,72
42,0.9738108869642019,14,72
43,0.9738108869642019,14,72
44,0.9738108869642019,14,72
45,0.9738108869642019,14,72
46,0.9828957803547382,15,72
47,0.9828957803547382,15,72
48,0.9828957803547382,15,72
49,0.9828957803547382,15,72
50,0.9828957803547382,15,72
51,0.9844813290983438,15,72
52,0.9960005371831357,15,72
53,0.9960005371831357,15,72
54,0.9960005371831357,15,72
55,0.9960005371831357,15,72
56,0.9960005371831357,15,72
57,0.9967197000514716,15,72
58,0.9967197000514716,15,72
59,0.9967197000514716,15,72
60,0.9967197000514716,15,72
61,0.9983543631387874,15,72
62,0.9983543631387874,15,72
63,0.9983543631387874,15,72
64,0.9983543631387874,15,72
65,0.9987057909602299,15,72
66,0.9987057909602299,15,72
67,0.9987057909602299,15,72
68,0.9987057909602299,15,72
69,0.9987057909602299,15,72
70,0.999676563515095,15,72
71,0.999676563515095,15,72
72,0.999676563515095,15,72
73,0.999676563515095,15,72
74,0.999676563515095,15,72
75,0.999676563515095,15,72
76,0.999676563515095,15,72
77,0.999676563515095,15,72
78,0.999676563515095,15,72
79,0.999676563515095,15,72
80,0.999676563515095,15,72
81,0.999676563515095,15,72
82,0.999676563515095,15,72
83,0.999676563515095,15,72
84,0.999676563515095,15,72
85,0.9997294251515996,15,72
86,0.9997294251515996,15,72
87,0.9997294251515996,15,72
88,0.9997294251515996,15,72
89,0.9997294251515996,15,72
90,0.9997294251515996,15,72
91,0.9997294251515996,15,72
92,0.9997294251515996,15,72
93,0.9997294251515996,15,72
94,0.9997294251515996,15,72
95,0.9997294251515996,15,72
96,0.9997294251515996,15,72
97,0.9997294251515996,15,72
98,0.9997294251515996,15,72
99,0.9997294251515996,15,72
100,0.9997294251515996,15,72
101,0.9997294251515996,15,72
102,0.9997540313343052,15,72
103,0.9997540313343052,15,72
104,0.9997540313343052,15,72
105,0.9997540313343052,15,72
106,0.9997540313343052,15,72
107,0.9997540313343052,15,72
108,0.9997599078633357,15,72
109,0.9997599078633357,15,72
110,0.9997599078633357,15,72
111,0.9997599078633357,15,72
112,0.9999289719271474,15,72
113,0.9999293728542398,15,72
114,0.9999293728542398,15,72
115,0.9999293728542398,15,72
116,0.9999567816448689,15,72
117,0.9999567816448689,15,72
118,0.9999567816448689,15,72
119,0.9999567816448689,15,72
120,0.9999567816448689,15,72
121,0.9999567816448689,15,72
122,0.9999567816448689,15,72
123,0.9999567816448689,15,72
124,0.9999567816448689,15,72
125,0.9999567816448689,15,72
126,0.9999567816448689,15,72
127,0.9999567816448689,15,72
128,0.9999567816448689,15,72
129,0.9999567816448689,15,72
130,0.9999567816448689,15,72
131,0.9999567816448689,15,72
132,0.9999567816448689,15,72
133,0.9999567816448689,15,72
134,0.9999567816448689,15,72
135,0.9999567816448689,15,72
136,0.9999567816448689,15,72
137,0.9999567816448689,15,72
138,0.9999567816448689,15,72
139,0.9999595494082314,15,72
140,0.9999595494082314,15,72
141,0.9999595494082314,15,72
142,0.9999595494082314,15,72
143,0.9999595494082314,15,72
144,0.9999595494082314,15,72
145,0.9999595494082314,15,72
146,0.9999595494082314,15,72
147,0.9999595494082314,15,72
148,0.9999595494082314,15,72
149,0.9999595494082314,15,72
150,0.9999595494082314,15,72
151,0.9999595494082314,15,72
152,0.9999595494082314,15,72
153,0.9999595494082314,15,72
154,0.9999595494082314,15,72
155,0.9999595494082314,15,72
156,0.9999595494082314,15,72
157,0.9999595494082314,15,72
158,0.9999595494082314,15,72
159,0.9999595494082314,15,72
160,0.9999595494082314,15,72
161,0.9999595494082314,15,72
162,0.9999595494082314,15,72
163,0.9999595494082314,15,72
164,0.9999595494082314,15,72
165,0.9999595494082314,15,72
166,0.9999595494082314,15,72
167,0.9999595494082314,15,72
168,0.9999595494082314,15,72
169,0.9999595494082314,15,72
170,0.9999595494082314,15,72
171,0.9999595494082314,15,72
172,0.9999595494082314,15,72
173,0.9999595494082314,15,72
174,0.9999595494082314,15,72
175,0.9999595494082314,15,72
176,0.9999595494082314,15,72
177,0.9999595494082314,15,72
178,0.9999595494082314,15,72
179,0.9999595494082314,15,72
180,0.9999595494082314,15,72
181,0.9999595494082314,15,72
182,0.9999595494082314,15,72
183,0.9999595494082314,15,72
184,0.9999595494082314,15,72
185,0.9999653760824003,15,72
186,0.9999653760824003,15,72
187,0.9999653760824003,15,72
188,0.9999653760824003,15,72
189,0.9999653760824003,15,72
190,0.9999653760824003,15,72
191,0.999972544490447,15,72
192,0.999972544490447,15,72
193,0.999972544490447,15,72
194,0.999972544490447,15,72
195,0.999972544490447,15,72
196,0.999972544490447,15,72
197,0.999972544490447,15,72
198,0.999972544490447,15,72
199,0.999972544490447,15,72
200,0.999972544490447,15,72
1,1.3113021850585938e-06,13,73
2,1.4066696166992188e-05,15,73
3,1.4066696166992188e-05,15,73
4,2.574920654296875e-05,15,73
5,5.5789947509765625e-05,15,73
6,5.5789947509765625e-05,15,73
7,7.474422454833984e-05,15,73
8,0.00031113624572753906,15,73
9,0.00031113624572753906,15,73
10,0.00031113624572753906,15,73
11,0.0004998445510864258,14,73
12,0.0016093254089355469,15,73
13,0.0016093254089355469,15,73
14,0.0016093254089355469,15,73
15,0.0016093254089355469,15,73
16,0.0016093254089355469,15,73
17,0.004828512668609619,15,73
18,0.009769022464752197,15,73
19,0.009769022464752197,15,73
20,0.011320173740386963,15,73
21,0.011320173740386963,15,73
22,0.011320173740386963,15,73
23,0.011320173740386963,15,73
24,0.011320173740386963,15,73
25,0.03613936901092529,15,73
26,0.03613936901092529,15,73
27,0.04109358787536621,14,73
28,0.04109358787536621,14,73
29,0.04109358787536621,14,73
30,0.04109358787536621,14,73
31,0.04109358787536621,14,73
32,0.04109358787536621,14,73
33,0.04109358787536621,14,73
34,0.11635500192642212,14,73
35,0.13256114721298218,14,73
36,0.13256114721298218,14,73
37,0.13256114721298218,14,73
38,0.15280860662460327,15,73
39,0.15280860662460327,15,73
40,0.15280860662460327,15,73
41,0.15280860662460327,15,73
42,0.15280860662460327,15,73
43,0.5849841833114624,14,73
44,0.5849841833114624,14,73
45,0.5849841833114624,14,73
46,0.5849841833114624,14,73
47,0.5849841833114624,14,73
48,0.7072673141956329,15,73
49,0.7072673141956329,15,73
50,0.7072673141956329,15,73
51,0.7072673141956329,15,73
52,0.7465779781341553,14,73
53,0.8142228275537491,15,73
54,0.8142228275537491,15,73
55,0.9706198815256357,15,73
56,0.9706198815256357,15,73
57,0.9706198815256357,15,73
58,0.9706198815256357,15,73
59,0.9706198815256357,15,73
60,0.9706198815256357,15,73
61,0.9706198815256357,15,73
62,0.9706198815256357,15,73
63,0.9706198815256357,15,73
64,0.9706198815256357,15,73
65,0.9706198815256357,15,73
66,0.9706198815256357,15,73
67,0.9706198815256357,15,73
68,0.9706198815256357,15,73
69,0.9706198815256357,15,73
70,0.9706198815256357,15,73
71,0.9706198815256357,15,73
72,0.9706198815256357,15,73
73,0.9706198815256357,15,73
74,0.9706198815256357,15,73
75,0.9706198815256357,15,73
76,0.9706198815256357,15,73
77,0.9706198815256357,15,73
78,0.9706198815256357,15,73
79,0.9706198815256357,15,73
80,0.9706198815256357,15,73
81,0.975061820819974,15,73
82,0.975061820819974,15,73
83,0.975061820819974,15,73
84,0.975061820819974,15,73
85,0.975061820819974,15,73
86,0.975061820819974,15,73
87,0.975061820819974,15,73
88,0.9761389754712582,15,73
89,0.9761389754712582,15,73
90,0.9761389754712582,15,73
91,0.9761389754712582,15,73
92,0.9761389754712582,15,73
93,0.9835230782628059,15,73
94,0.9968276519794017,15,73
95,0.9968276519794017,15,73
96,0.9968276519794017,15,73
97,0.9968276519794017,15,73
98,0.9968276519794017,15,73
99,0.9968276519794017,15,73
100,0.9968276519794017,15,73
101,0.9968276519794017,15,73
102,0.9968276519794017,15,73
103,0.9968276519794017,15,73
104,0.9968276519794017,15,73
105,0.9968276519794017,15,73
106,0.9968276519794017,15,73
107,0.9968276519794017,15,73
108,0.9968276519794017,15,73
109,0.9968276519794017,15,73
110,0.9987153040710837,15,73
111,0.9987153040710837,15,73
112,0.9987153040710837,15,73
113,0.9987153040710837,15,73
114,0.9987153040710837,15,73
115,0.9987153040710837,15,73
116,0.9987153040710837,15,73
117,0.9987153040710837,15,73
118,0.9987153040710837,15,73
119,0.9987153040710837,15,73
120,0.9987153040710837,15,73
121,0.9987153040710837,15,73
122,0.9987153040710837,15,73
123,0.9987153040710837,15,73
124,0.9987153040710837,15,73
125,0.9987153040710837,15,73
126,0.9987153040710837,15,73
127,0.998745156917721,15,73
128,0.998745156917721,15,73
129,0.9994506040820852,15,73
130,0.9994506040820852,15,73
131,0.9994506040820852,15,73
132,0.9997106408409309,15,73
133,0.9997786281455774,15,73
134,0.9997786281455774,15,73
135,0.9997786281455774,15,73
136,0.9998037561890669,15,73
137,0.9998037561890669,15,73
138,0.9998037561890669,15,73
139,0.9998037561890669,15,73
140,0.9998037561890669,15,73
141,0.9998037561890669,15,73
142,0.9998037561890669,15,73
143,0.9998037561890669,15,73
144,0.9998037561890669,15,73
145,0.9998037561890669,15,73
146,0.9998037561890669,15,73
147,0.9998037561890669,15,73
148,0.9998037561890669,15,73
149,0.9998037561890669,15,73
150,0.9998037561890669,15,73
151,0.9998037561890669,15,73
152,0.9998037561890669,15,73
153,0.9998037561890669,15,73
154,0.9998037561890669,15,73
155,0.9998037561890669,15,73
156,0.9999137640697882,15,73
157,0.9999261938137352,15,73
158,0.9999261938137352,15,73
159,0.9999261938137352,15,73
160,0.9999261938137352,15,73
161,0.9999261938137352,15,73
162,0.9999261938137352,15,73
163,0.9999261938137352,15,73
164,0.9999261938137352,15,73
165,0.9999261938137352,15,73
166,0.9999261938137352,15,73
167,0.9999261938137352,15,73
168,0.9999261938137352,15,73
169,0.9999261938137352,15,73
170,0.9999261938137352,15,73
171,0.9999261938137352,15,73
172,0.9999261938137352,15,73
173,0.9999261938137352,15,73
174,0.9999261938137352,15,73
175,0.9999261938137352,15,73
176,0.9999540974968113,15,73
177,0.9999540974968113,15,73
178,0.9999540974968113,15,73
179,0.9999540974968113,15,73
180,0.9999540974968113,15,73
181,0.9999540974968113,15,73
182,0.9999540974968113,15,73
183,0.9999540974968113,15,73
184,0.9999540974968113,15,73
185,0.9999540974968113,15,73
186,0.9999540974968113,15,73
187,0.9999540974968113,15,73
188,0.9999540974968113,15,73
189,0.9999681129629607,15,73
190,0.9999681129629607,15,73
191,0.9999681129629607,15,73
192,0.9999681129629607,15,73
193,0.9999681129629607,15,73
194,0.9999681129629607,15,73
195,0.9999681129629607,15,73
196,0.9999681129629607,15,73
197,0.9999681129629607,15,73
198,0.9999681129629607,15,73
199,0.9999681129629607,15,73
200,0.9999681129629607,15,73
1,1.6689300537109375e-06,14,74
2,2.384185791015625e-06,14,74
3,2.6226043701171875e-06,14,74
4,4.410743713378906e-06,15,74
5,1.33514404296875e-05,12,74
6,9.930133819580078e-05,14,74
7,9.930133819580078e-05,14,74
8,9.930133819580078e-05,14,74
9,0.00013124942779541016,14,74
10,0.00013124942779541016,14,74
11,0.00013124942779541016,14,74
12,0.00013124942779541016,14,74
13,0.00013124942779541016,14,74
14,0.00013124942779541016,14,74
15,0.0003173351287841797,15,74
16,0.00046646595001220703,15,74
17,0.00046646595001220703,15,74
18,0.00046646595001220703,15,74
19,0.00046646595001220703,15,74
20,0.00046646595001220703,15,74
21,0.00046646595001220703,15,74
22,0.00046646595001220703,15,74
23,0.0008562803268432617,15,74
24,0.0008562803268432617,15,74
25,0.0008562803268432617,15,74
26,0.0008562803268432617,15,74
27,0.0008562803268432617,15,74
28,0.0008562803268432617,15,74
29,0.0008562803268432617,15,74
30,0.0008562803268432617,15,74
31,0.0008562803268432617,15,74
32,0.0008562803268432617,15,74
33,0.0008562803268432617,15,74
34,0.0008562803268432617,15,74
35,0.0008562803268432617,15,74
36,0.0008562803268432617,15,74
37,0.0008562803268432617,15,74
38,0.0008562803268432617,15,74
39,0.0008562803268432617,15,74
40,0.0008562803268432617,15,74
41,0.0008562803268432617,15,74
42,0.0008562803268432617,15,74
43,0.0008562803268432617,15,74
44,0.0008562803268432617,15,74
45,0.0009810924530029297,15,74
46,0.0009810924530029297,15,74
47,0.0009810924530029297,15,74
48,0.0009810924530029297,15,74
49,0.0009810924530029297,15,74
50,0.0010451078414916992,15,74
51,0.0010451078414916992,15,74
52,0.0010451078414916992,15,74
53,0.0016175508499145508,15,74
54,0.0016175508499145508,15,74
55,0.0016175508499145508,15,74
56,0.0017586946487426758,15,74
57,0.0017586946487426758,15,74
58,0.0017586946487426758,15,74
59,0.0043242573738098145,15,74
60,0.0043242573738098145,15,74
61,0.0043242573738098145,15,74
62,0.0043242573738098145,15,74
63,0.0043242573738098145,15,74
64,0.0043242573738098145,15,74
65,0.0043242573738098145,15,74
66,0.0043242573738098145,15,74
67,0.0043242573738098145,15,74
68,0.006110191345214844,15,74
69,0.006127834320068359,15,74
70,0.006127834320068359,15,74
71,0.006127834320068359,15,74
72,0.008140146732330322,15,74
73,0.008140146732330322,15,74
74,0.008140146732330322,15,74
75,0.008140146732330322,15,74
76,0.008140146732330322,15,74
77,0.008140146732330322,15,74
78,0.008140146732330322,15,74
79,0.008140146732330322,15,74
80,0.008140146732330322,15,74
81,0.008140146732330322,15,74
82,0.008140146732330322,15,74
83,0.008455038070678711,15,74
84,0.008455038070678711,15,74
85,0.008455038070678711,15,74
86,0.008455038070678711,15,74
87,0.008455038070678711,15,74
88,0.008455038070678711,15,74
89,0.008455038070678711,15,74
90,0.008455038070678711,15,74
91,0.008455038070678711,15,74
92,0.008455038070678711,15,74
93,0.008455038070678711,15,74
94,0.008821666240692139,15,74
95,0.009720027446746826,15,74
96,0.015410363674163818,15,74
97,0.015410363674163818,15,74
98,0.015410363674163818,15,74
99,0.015410363674163818,15,74
100,0.017705678939819336,15,74
101,0.017705678939819336,15,74
102,0.024800121784210205,15,74
103,0.024800121784210205,15,74
104,0.024800121784210205,15,74
105,0.024800121784210205,15,74
106,0.024800121784210205,15,74
107,0.024800121784210205,15,74
108,0.024800121784210205,15,74
109,0.024800121784210205,15,74
110,0.024800121784210205,15,74
111,0.024800121784210205,15,74
112,0.034983694553375244,15,74
113,0.034983694553375244,15,74
114,0.034983694553375244,15,74
115,0.034983694553375244,15,74
116,0.034983694553375244,15,74
117,0.034983694553375244,15,74
118,0.034983694553375244,15,74
119,0.034983694553375244,15,74
120,0.034983694553375244,15,74
121,0.034983694553375244,15,74
122,0.034983694553375244,15,74
123,0.034983694553375244,15,74
124,0.034983694553375244,15,74
125,0.034983694553375244,15,74
126,0.034983694553375244,15,74
127,0.034983694553375244,15,74
128,0.040216147899627686,14,74
129,0.10692232847213745,15,74
130,0.10692232847213745,15,74
131,0.10692232847213745,15,74
132,0.10692232847213745,15,74
133,0.10692232847213745,15,74
134,0.10692232847213745,15,74
135,0.10692232847213745,15,74
136,0.10692232847213745,15,74
137,0.1076730489730835,15,74
138,0.1076730489730835,15,74
139,0.1076730489730835,15,74
140,0.17214596271514893,15,74
141,0.17214596271514893,15,74
142,0.17214596271514893,15,74
143,0.17214596271514893,15,74
144,0.17214596271514893,15,74
145,0.17214596271514893,15,74
146,0.17214596271514893,15,74
147,0.17214596271514893,15,74
148,0.17214596271514893,15,74
149,0.17214596271514893,15,74
150,0.17214596271514893,15,74
151,0.17214596271514893,15,74
152,0.17214596271514893,15,74
153,0.17214596271514893,15,74
154,0.17214596271514893,15,74
155,0.17214596271514893,15,74
156,0.17214596271514893,15,74
157,0.17214596271514893,15,74
158,0.17214596271514893,15,74
159,0.17214596271514893,15,74
160,0.17214596271514893,15,74
161,0.17214596271514893,15,74
162,0.17214596271514893,15,74
163,0.17214596271514893,15,74
164,0.17214596271514893,15,74
165,0.17214596271514893,15,74
166,0.17214596271514893,15,74
167,0.17214596271514893,15,74
168,0.17214596271514893,15,74
169,0.17214596271514893,15,74
170,0.17214596271514893,15,74
171,0.17214596271514893,15,74
172,0.17214596271514893,15,74
173,0.17214596271514893,15,74
174,0.17214596271514893,15,74
175,0.17214596271514893,15,74
176,0.17214596271514893,15,74
177,0.17214596271514893,15,74
178,0.17214596271514893,15,74
179,0.17214596271514893,15,74
180,0.17214596271514893,15,74
181,0.17214596271514893,15,74
182,0.17214596271514893,15,74
183,0.22770339250564575,15,74
184,0.22770339250564575,15,74
185,0.22770339250564575,15,74
186,0.22770339250564575,15,74
187,0.22770339250564575,15,74
188,0.22770339250564575,15,74
189,0.22770339250564575,15,74
190,0.22770339250564575,15,74
191,0.22770339250564575,15,74
192,0.22770339250564575,15,74
193,0.22770339250564575,15,74
194,0.22770339250564575,15,74
195,0.22770339250564575,15,74
196,0.22770339250564575,15,74
197,0.282495379447937,15,74
198,0.282495379447937,15,74
199,0.282495379447937,15,74
200,0.282495379447937,15,74
1,0.999955874056468,2,75
2,0.999955874056468,2,75
3,0.9999764912299725,14,75
4,0.9999917251534498,8,75
5,0.9999944505261738,9,75
6,0.9999956355595714,15,75
7,0.9999971911643115,15,75
8,0.9999985468482464,14,75
9,0.9999985468482464,14,75
10,0.999999056242757,15,75
11,0.9999999113861335,15,75
12,0.9999999113861335,15,75
13,0.9999999113861335,15,75
14,0.9999999113861335,15,75
15,0.9999999113861335,15,75
16,0.9999999582613555,15,75
17,0.9999999674389954,15,75
18,0.9999999674389954,15,75
19,0.9999999718846855,14,75
20,0.9999999718846855,14,75
21,0.9999999718846855,14,75
22,0.9999999718846855,14,75
23,0.9999999718846855,14,75
24,0.9999999718846855,14,75
25,0.9999999718846855,14,75
26,0.9999999718846855,14,75
27,0.9999999718846855,14,75
28,0.9999999718846855,14,75
29,0.9999999718846855,14,75
30,0.9999999718846855,14,75
31,0.9999999718846855,14,75
32,0.9999999718846855,14,75
33,0.9999999718846855,14,75
34,0.9999999718846855,14,75
35,0.9999999718846855,14,75
36,0.9999999718846855,14,75
37,0.9999999718846855,14,75
38,0.9999999718846855,14,75
39,0.9999999742893451,15,75
40,0.9999999742893451,15,75
41,0.9999999742893451,15,75
42,0.9999999742893451,15,75
43,0.9999999742893451,15,75
44,0.9999999742893451,15,75
45,0.9999999742893451,15,75
46,0.9999999742893451,15,75
47,0.9999999742893451,15,75
48,0.9999999742893451,15,75
49,0.9999999742893451,15,75
50,0.9999999742893451,15,75
51,0.9999999742893451,15,75
52,0.9999999742893451,15,75
53,0.9999999742893451,15,75
54,0.9999999742893451,15,75
55,0.9999999742893451,15,75
56,0.9999999742893451,15,75
57,0.9999999742893451,15,75
58,0.9999999742893451,15,75
59,0.9999999742893451,15,75
60,0.9999999742893451,15,75
61,0.9999999956000747,15,75
62,0.9999999956000747,15,75
63,0.9999999956000747,15,75
64,0.9999999956000747,15,75
65,0.9999999956000747,15,75
66,0.9999999956000747,15,75
67,0.9999999956000747,15,75
68,0.9999999956000747,15,75
69,0.999999976367798,15,75
70,0.999999976367798,15,75
71,0.999999976367798,15,75
72,0.999999976367798,15,75
73,0.999999976367798,15,75
74,0.999999976367798,15,75
75,0.999999976367798,15,75
76,0.999999976367798,15,75
77,0.999999976367798,15,75
78,0.999999976367798,15,75
79,0.999999976367798,15,75
80,0.999999976367798,15,75
81,0.999999976367798,15,75
82,0.999999976367798,15,75
83,0.999999976367798,15,75
84,0.999999976367798,15,75
85,0.999999976367798,15,75
86,0.999999976367798,15,75
87,0.999999976367798,15,75
88,0.999999976367798,15,75
89,0.999999976367798,15,75
90,0.999999976367798,15,75
91,0.999999976367798,15,75
92,0.999999976367798,15,75
93,0.999999976367798,15,75
94,0.999999976367798,15,75
95,0.999999976367798,15,75
96,0.999999976367798,15,75
97,0.999999976367798,15,75
98,0.999999976367798,15,75
99,0.999999976367798,15,75
100,0.999999976367798,15,75
101,0.999999976367798,15,75
102,0.999999976367798,15,75
103,0.999999976367798,15,75
104,0.999999976367798,15,75
105,0.999999976367798,15,75
106,0.999999976367798,15,75
107,0.999999976367798,15,75
108,0.999999976367798,15,75
109,0.999999976367798,15,75
110,0.999999976367798,15,75
111,0.999999976367798,15,75
112,0.999999976367798,15,75
113,0.9999999851778263,15,75
114,0.9999999851778263,15,75
115,0.9999999851778263,15,75
116,0.9999999851778263,15,75
117,0.9999999851778263,15,75
118,0.9999999851778263,15,75
119,0.9999999851778263,15,75
120,0.9999999851778263,15,75
121,0.9999999851778263,15,75
122,0.9999999851778263,15,75
123,0.9999999851778263,15,75
124,0.9999999851778263,15,75
125,0.9999999851778263,15,75
126,0.9999999851778263,15,75
127,0.9999999851778263,15,75
128,0.9999999851778263,15,75
129,0.9999999851778263,15,75
130,0.9999999851778263,15,75
131,0.9999999851778263,15,75
132,0.9999999851778263,15,75
133,0.9999999851778263,15,75
134,0.9999999851778263,15,75
135,0.9999999851778263,15,75
136,0.9999999851778263,15,75
137,0.9999999851778263,15,75
138,0.9999999851778263,15,75
139,0.9999999851778263,15,75
140,0.9999999851778263,15,75
141,0.9999999764564294,15,75
142,0.9999999764564294,15,75
143,0.9999999764564294,15,75
144,0.9999999764564294,15,75
145,0.9999999805036843,14,75
146,0.9999999805036843,14,75
147,0.9999999805036843,14,75
148,0.9999999805036843,14,75
149,0.9999999805036843,14,75
150,0.9999999805036843,14,75
151,0.9999999805036843,14,75
152,0.9999999805036843,14,75
153,0.9999999805036843,14,75
154,0.9999999805036843,14,75
155,0.9999999805036843,14,75
156,0.9999999805036843,14,75
157,0.9999999805036843,14,75
158,0.9999999805036843,14,75
159,0.9999999805036843,14,75
160,0.9999999805036843,14,75
161,0.9999999805036843,14,75
162,0.9999999805036843,14,75
163,0.9999999805036843,14,75
164,0.9999999805036843,14,75
165,0.9999999805036843,14,75
166,0.9999999805036843,14,75
167,0.9999999805036843,14,75
168,0.9999999805036843,14,75
169,0.9999999805036843,14,75
170,0.9999999805036843,14,75
171,0.9999999805036843,14,75
172,0.9999999805036843,14,75
173,0.9999999805036843,14,75
174,0.9999999805036843,14,75
175,0.9999999805036843,14,75
176,0.9999999805036843,14,75
177,0.9999999805036843,14,75
178,0.9999999805036843,14,75
179,0.9999999805036843,14,75
180,0.9999999805036843,14,75
181,0.9999999805036843,14,75
182,0.9999999805036843,14,75
183,0.9999999805036843,14,75
184,0.9999999805036843,14,75
185,0.9999999805036843,14,75
186,0.9999999805036843,14,75
187,0.9999999805036843,14,75
188,0.9999999805036843,14,75
189,0.9999999805036843,14,75
190,0.9999999805036843,14,75
191,0.9999999805036843,14,75
192,0.9999999805036843,14,75
193,0.9999999805036843,14,75
194,0.9999999805036843,14,75
195,0.9999999805036843,14,75
196,0.9999999805036843,14,75
197,0.9999999805036843,14,75
198,0.9999999805036843,14,75
199,0.9999999805036843,14,75
200,0.9999999805036843,14,75
1,1.1920928955078125e-07,13,76
2,4.76837158203125e-07,7,76
3,4.76837158203125e-07,7,76
4,5.960464477539062e-07,15,76
5,5.960464477539062e-07,15,76
6,1.0728836059570312e-06,14,76
7,1.0728836059570312e-06,14,76
8,1.0728836059570312e-06,14,76
9,2.2649765014648438e-06,14,76
10,3.0994415283203125e-06,14,76
11,4.649162292480469e-06,15,76
12,1.0728836059570312e-05,14,76
13,1.0728836059570312e-05,14,76
14,1.0728836059570312e-05,14,76
15,1.1086463928222656e-05,15,76
16,0.0001881718635559082,14,76
17,0.0001881718635559082,14,76
18,0.0001881718635559082,14,76
19,0.0001881718635559082,14,76
20,0.0001881718635559082,14,76
21,0.0005620121955871582,15,76
22,0.0005922317504882812,15,76
23,0.0005922317504882812,15,76
24,0.0005922317504882812,15,76
25,0.0033306479454040527,15,76
26,0.0033306479454040527,15,76
27,0.0033306479454040527,15,76
28,0.05088883638381958,15,76
29,0.05088883638381958,15,76
30,0.05088883638381958,15,76
31,0.05088883638381958,15,76
32,0.05088883638381958,15,76
33,0.05088883638381958,15,76
34,0.05088883638381958,15,76
35,0.05088883638381958,15,76
36,0.05088883638381958,15,76
37,0.05088883638381958,15,76
38,0.05088883638381958,15,76
39,0.05088883638381958,15,76
40,0.07577919960021973,15,76
41,0.07577919960021973,15,76
42,0.07577919960021973,15,76
43,0.07577919960021973,15,76
44,0.07577919960021973,15,76
45,0.07577919960021973,15,76
46,0.07577919960021973,15,76
47,0.07577919960021973,15,76
48,0.08663433790206909,15,76
49,0.10251492261886597,15,76
50,0.10251492261886597,15,76
51,0.10251492261886597,15,76
52,0.10251492261886597,15,76
53,0.10251492261886597,15,76
54,0.10251492261886597,15,76
55,0.10251492261886597,15,76
56,0.15031135082244873,15,76
57,0.1750001311302185,15,76
58,0.1750001311302185,15,76
59,0.1750001311302185,15,76
60,0.1750001311302185,15,76
61,0.1750001311302185,15,76
62,0.1750001311302185,15,76
63,0.1750001311302185,15,76
64,0.1750001311302185,15,76
65,0.1750001311302185,15,76
66,0.2153862714767456,15,76
67,0.2153862714767456,15,76
68,0.2153862714767456,15,76
69,0.2153862714767456,15,76
70,0.2153862714767456,15,76
71,0.2153862714767456,15,76
72,0.2153862714767456,15,76
73,0.2153862714767456,15,76
74,0.2153862714767456,15,76
75,0.2153862714767456,15,76
76,0.34332215785980225,15,76
77,0.34332215785980225,15,76
78,0.34332215785980225,15,76
79,0.34332215785980225,15,76
80,0.34332215785980225,15,76
81,0.34332215785980225,15,76
82,0.34332215785980225,15,76
83,0.34332215785980225,15,76
84,0.34332215785980225,15,76
85,0.4363955855369568,15,76
86,0.4363955855369568,15,76
87,0.9444164671003819,15,76
88,0.9748000334948301,15,76
89,0.9748000334948301,15,76
90,0.9748000334948301,15,76
91,0.9748000334948301,15,76
92,0.9748000334948301,15,76
93,0.9748000334948301,15,76
94,0.9847574923187494,15,76
95,0.9847574923187494,15,76
96,0.9847574923187494,15,76
97,0.9847574923187494,15,76
98,0.9847574923187494,15,76
99,0.9847574923187494,15,76
100,0.9847574923187494,15,76
101,0.9847574923187494,15,76
102,0.9847574923187494,15,76
103,0.9847574923187494,15,76
104,0.9906643060967326,15,76
105,0.9906643060967326,15,76
106,0.9906643060967326,15,76
107,0.9906643060967326,15,76
108,0.9906643060967326,15,76
109,0.9906643060967326,15,76
110,0.9906643060967326,15,76
111,0.9906643060967326,15,76
112,0.9906643060967326,15,76
113,0.9906643060967326,15,76
114,0.991435581818223,15,76
115,0.991435581818223,15,76
116,0.991435581818223,15,76
117,0.991435581818223,15,76
118,0.991435581818223,15,76
119,0.991435581818223,15,76
120,0.991435581818223,15,76
121,0.991435581818223,15,76
122,0.991435581818223,15,76
123,0.991435581818223,15,76
124,0.991435581818223,15,76
125,0.991435581818223,15,76
126,0.991435581818223,15,76
127,0.991435581818223,15,76
128,0.991435581818223,15,76
129,0.991435581818223,15,76
130,0.991435581818223,15,76
131,0.991435581818223,15,76
132,0.991435581818223,15,76
133,0.991435581818223,15,76
134,0.991435581818223,15,76
135,0.991435581818223,15,76
136,0.991435581818223,15,76
137,0.991435581818223,15,76
138,0.991435581818223,15,76
139,0.991435581818223,15,76
140,0.991435581818223,15,76
141,0.991435581818223,15,76
142,0.991435581818223,15,76
143,0.991435581818223,15,76
144,0.991435581818223,15,76
145,0.991435581818223,15,76
146,0.991435581818223,15,76
147,0.991435581818223,15,76
148,0.991435581818223,15,76
149,0.991435581818223,15,76
150,0.9979322759900242,15,76
151,0.9979322759900242,15,76
152,0.9979322759900242,15,76
153,0.9979322759900242,15,76
154,0.9979322759900242,15,76
155,0.9979322759900242,15,76
156,0.9979322759900242,15,76
157,0.9979322759900242,15,76
158,0.9979322759900242,15,76
159,0.9979322759900242,15,76
160,0.9979322759900242,15,76
161,0.9979322759900242,15,76
162,0.9979322759900242,15,76
163,0.9979322759900242,15,76
164,0.9979322759900242,15,76
165,0.9979322759900242,15,76
166,0.9979322759900242,15,76
167,0.9979322759900242,15,76
168,0.9979322759900242,15,76
169,0.9979322759900242,15,76
170,0.9979322759900242,15,76
171,0.9979322759900242,15,76
172,0.9979322759900242,15,76
173,0.9979322759900242,15,76
174,0.9979322759900242,15,76
175,0.9979322759900242,15,76
176,0.9979322759900242,15,76
177,0.9979322759900242,15,76
178,0.9979322759900242,15,76
179,0.9979322759900242,15,76
180,0.9979322759900242,15,76
181,0.9979322759900242,15,76
182,0.9979322759900242,15,76
183,0.9979322759900242,15,76
184,0.9979322759900242,15,76
185,0.9979322759900242,15,76
186,0.9985256020445377,15,76
187,0.9985256020445377,15,76
188,0.9985256020445377,15,76
189,0.9985256020445377,15,76
190,0.9985256020445377,15,76
191,0.9985256020445377,15,76
192,0.9985256020445377,15,76
193,0.9985256020445377,15,76
194,0.9985256020445377,15,76
195,0.9985256020445377,15,76
196,0.9985256020445377,15,76
197,0.9985256020445377,15,76
198,0.9985256020445377,15,76
199,0.9985256020445377,15,76
200,0.9985256020445377,15,76
1,0.0,14,77
2,0.0,14,77
3,0.0,14,77
4,0.0,14,77
5,0.0,14,77
6,0.0,14,77
7,0.0,14,77
8,0.0,14,77
9,0.0,14,77
10,0.0,14,77
11,0.0,14,77
12,0.0,14,77
13,0.0,14,77
14,0.0,14,77
15,0.0,14,77
16,0.0,14,77
17,0.0,14,77
18,0.0,14,77
19,0.0,14,77
20,0.0,14,77
21,0.0,14,77
22,0.0,14,77
23,0.0,14,77
24,0.0,14,77
25,0.0,14,77
26,0.0,14,77
27,0.0,14,77
28,0.0,14,77
29,0.0,14,77
30,0.0,14,77
31,0.0,14,77
32,1.1920928955078125e-07,11,77
33,1.1920928955078125e-07,11,77
34,1.1920928955078125e-07,12,77
35,1.1920928955078125e-07,12,77
36,3.5762786865234375e-07,13,77
37,3.5762786865234375e-07,13,77
38,1.0728836059570312e-06,14,77
39,1.0728836059570312e-06,14,77
40,2.6226043701171875e-06,15,77
41,4.0531158447265625e-06,14,77
42,4.887580871582031e-06,15,77
43,1.0371208190917969e-05,15,77
44,1.1324882507324219e-05,15,77
45,1.1324882507324219e-05,15,77
46,5.435943603515625e-05,15,77
47,5.435943603515625e-05,15,77
48,5.435943603515625e-05,15,77
49,5.435943603515625e-05,15,77
50,5.435943603515625e-05,15,77
51,5.602836608886719e-05,15,77
52,5.602836608886719e-05,15,77
53,8.52346420288086e-05,14,77
54,8.52346420288086e-05,14,77
55,0.00015163421630859375,14,77
56,0.00015163421630859375,14,77
57,0.00015163421630859375,14,77
58,0.0006124973297119141,15,77
59,0.0006124973297119141,15,77
60,0.0006124973297119141,15,77
61,0.0006124973297119141,15,77
62,0.0006124973297119141,15,77
63,0.011677920818328857,15,77
64,0.011677920818328857,15,77
65,0.011677920818328857,15,77
66,0.011677920818328857,15,77
67,0.011677920818328857,15,77
68,0.011677920818328857,15,77
69,0.018734633922576904,15,77
70,0.018734633922576904,15,77
71,0.018734633922576904,15,77
72,0.018734633922576904,15,77
73,0.018734633922576904,15,77
74,0.024112284183502197,15,77
75,0.024112284183502197,15,77
76,0.024112284183502197,15,77
77,0.024112284183502197,15,77
78,0.024112284183502197,15,77
79,0.024112284183502197,15,77
80,0.024112284183502197,15,77
81,0.024112284183502197,15,77
82,0.13375216722488403,15,77
83,0.13375216722488403,15,77
84,0.13375216722488403,15,77
85,0.13375216722488403,15,77
86,0.19807177782058716,15,77
87,0.19807177782058716,15,77
88,0.19807177782058716,15,77
89,0.19807177782058716,15,77
90,0.19807177782058716,15,77
91,0.19807177782058716,15,77
92,0.19807177782058716,15,77
93,0.19807177782058716,15,77
94,0.19807177782058716,15,77
95,0.20514440536499023,15,77
96,0.20514440536499023,15,77
97,0.20514440536499023,15,77
98,0.23045116662979126,15,77
99,0.23045116662979126,15,77
100,0.3963596820831299,15,77
101,0.3963596820831299,15,77
102,0.3963596820831299,15,77
103,0.4576936960220337,15,77
104,0.4576936960220337,15,77
105,0.4576936960220337,15,77
106,0.4576936960220337,15,77
107,0.4576936960220337,15,77
108,0.4576936960220337,15,77
109,0.5202808976173401,14,77
110,0.5202808976173401,14,77
111,0.9275577291846275,15,77
112,0.9275577291846275,15,77
113,0.9275577291846275,15,77
114,0.9275577291846275,15,77
115,0.9275577291846275,15,77
116,0.9275577291846275,15,77
117,0.9275577291846275,15,77
118,0.9275577291846275,15,77
119,0.9275577291846275,15,77
120,0.9275577291846275,15,77
121,0.9275577291846275,15,77
122,0.9275577291846275,15,77
123,0.9275577291846275,15,77
124,0.9275577291846275,15,77
125,0.9275577291846275,15,77
126,0.9900231203064322,15,77
127,0.9900231203064322,15,77
128,0.9900231203064322,15,77
129,0.9900231203064322,15,77
130,0.9900231203064322,15,77
131,0.9900231203064322,15,77
132,0.9900231203064322,15,77
133,0.9900231203064322,15,77
134,0.9900231203064322,15,77
135,0.9900231203064322,15,77
136,0.9900955222547054,15,77
137,0.9900955222547054,15,77
138,0.9985096199670807,15,77
139,0.9985096199670807,15,77
140,0.9985096199670807,15,77
141,0.9985096199670807,15,77
142,0.9985096199670807,15,77
143,0.9985096199670807,15,77
144,0.9985344532178715,15,77
145,0.9985344532178715,15,77
146,0.9994135468732566,15,77
147,0.9994135468732566,15,77
148,0.9994135468732566,15,77
149,0.9994135468732566,15,77
150,0.9994135468732566,15,77
151,0.9994135468732566,15,77
152,0.9994135468732566,15,77
153,0.9994135468732566,15,77
154,0.9994218060746789,15,77
155,0.9994218060746789,15,77
156,0.9998359915189212,15,77
157,0.9998359915189212,15,77
158,0.9998359915189212,15,77
159,0.9998359915189212,15,77
160,0.9998359915189212,15,77
161,0.9998359915189212,15,77
162,0.9998359915189212,15,77
163,0.9998359915189212,15,77
164,0.9998359915189212,15,77
165,0.9998359915189212,15,77
166,0.9998982938559493,15,77
167,0.9998982938559493,15,77
168,0.9998982938559493,15,77
169,0.9998982938559493,15,77
170,0.9998982938559493,15,77
171,0.9998982938559493,15,77
172,0.9998982938559493,15,77
173,0.9998982938559493,15,77
174,0.9998982938559493,15,77
175,0.9998982938559493,15,77
176,0.9999711163382017,15,77
177,0.9999711163382017,15,77
178,0.9999711163382017,15,77
179,0.9999711163382017,15,77
180,0.9999839876654733,15,77
181,0.9999839876654733,15,77
182,0.9999839876654733,15,77
183,0.9999839876654733,15,77
184,0.9999839876654733,15,77
185,0.9999839876654733,15,77
186,0.9999839876654733,15,77
187,0.9999839876654733,15,77
188,0.9999839876654733,15,77
189,0.9999839876654733,15,77
190,0.9999839876654733,15,77
191,0.9999933908288767,15,77
192,0.9999933908288767,15,77
193,0.9999933908288767,15,77
194,0.9999933908288767,15,77
195,0.999994407689428,15,77
196,0.999994407689428,15,77
197,0.999994407689428,15,77
198,0.999994407689428,15,77
199,0.999994407689428,15,77
200,0.999994407689428,15,77
1,0.0,3,78
2,0.0,3,78
3,0.0,3,78
4,0.0,3,78
5,0.0,3,78
6,0.0,3,78
7,0.0,3,78
8,0.0,3,78
9,0.0,3,78
10,0.0,3,78
11,0.0,3,78
12,0.0,3,78
13,0.0,3,78
14,0.0,3,78
15,0.0,3,78
16,0.0,3,78
17,0.0,3,78
18,0.0,3,78
19,0.0,3,78
20,0.0,3,78
21,0.0,3,78
22,0.0,3,78
23,0.0,3,78
24,0.0,3,78
25,0.0,3,78
26,0.0,3,78
27,0.0,3,78
28,0.0,3,78
29,0.0,3,78
30,0.0,3,78
31,0.0,3,78
32,0.0,3,78
33,0.0,3,78
34,0.0,3,78
35,0.0,3,78
36,0.0,3,78
37,0.0,3,78
38,0.0,3,78
39,0.0,3,78
40,0.0,3,78
41,0.0,3,78
42,0.0,3,78
43,0.0,3,78
44,0.0,3,78
45,0.0,3,78
46,0.0,3,78
47,0.0,3,78
48,0.0,3,78
49,0.0,3,78
50,0.0,3,78
51,0.0,3,78
52,0.0,3,78
53,0.0,3,78
54,0.0,3,78
55,0.0,3,78
56,0.0,3,78
57,0.0,3,78
58,0.0,3,78
59,0.0,3,78
60,0.0,3,78
61,0.0,3,78
62,0.0,3,78
63,0.0,3,78
64,0.0,3,78
65,0.0,3,78
66,0.0,3,78
67,0.0,3,78
68,0.0,3,78
69,0.0,3,78
70,0.0,3,78
71,0.0,3,78
72,0.0,3,78
73,0.0,3,78
74,0.0,3,78
75,0.0,3,78
76,0.0,3,78
77,0.0,3,78
78,0.0,3,78
79,0.0,3,78
80,0.0,3,78
81,0.0,3,78
82,0.0,3,78
83,0.0,3,78
84,0.0,3,78
85,0.0,3,78
86,0.0,3,78
87,0.0,3,78
88,0.0,3,78
89,0.0,3,78
90,0.0,3,78
91,0.0,3,78
92,0.0,3,78
93,0.0,3,78
94,0.0,3,78
95,0.0,3,78
96,0.0,3,78
97,0.0,3,78
98,0.0,3,78
99,0.0,3,78
100,0.0,3,78
101,0.0,3,78
102,0.0,3,78
103,0.0,3,78
104,0.0,3,78
105,0.0,3,78
106,0.0,3,78
107,0.0,3,78
108,0.0,3,78
109,0.0,3,78
110,0.0,3,78
111,0.0,3,78
112,0.0,3,78
113,0.0,3,78
114,0.0,3,78
115,0.0,3,78
116,0.0,3,78
117,0.0,3,78
118,0.0,3,78
119,0.0,3,78
120,0.0,3,78
121,0.0,3,78
122,0.0,3,78
123,0.0,3,78
124,0.0,3,78
125,0.0,3,78
126,0.0,3,78
127,0.0,3,78
128,0.0,3,78
129,0.0,3,78
130,0.0,3,78
131,0.0,3,78
132,0.0,3,78
133,0.0,3,78
134,0.0,3,78
135,0.0,3,78
136,0.0,3,78
137,0.0,3,78
138,0.0,3,78
139,0.0,3,78
140,0.0,3,78
141,0.0,3,78
142,0.0,3,78
143,0.0,3,78
144,0.0,3,78
145,0.0,3,78
146,0.0,3,78
147,0.0,3,78
148,0.0,3,78
149,0.0,3,78
150,0.0,3,78
151,0.0,3,78
152,0.0,3,78
153,0.0,3,78
154,0.0,3,78
155,0.0,3,78
156,0.0,3,78
157,0.0,3,78
158,0.0,3,78
159,0.0,3,78
160,0.0,3,78
161,0.0,3,78
162,0.0,3,78
163,0.0,3,78
164,0.0,3,78
165,0.0,3,78
166,0.0,3,78
167,0.0,3,78
168,0.0,3,78
169,0.0,3,78
170,0.0,3,78
171,0.0,3,78
172,0.0,3,78
173,0.0,3,78
174,0.0,3,78
175,0.0,3,78
176,0.0,3,78
177,0.0,3,78
178,0.0,3,78
179,0.0,3,78
180,0.0,3,78
181,0.0,3,78
182,0.0,3,78
183,0.0,3,78
184,0.0,3,78
185,0.0,3,78
186,0.0,3,78
187,0.0,3,78
188,0.0,3,78
189,0.0,3,78
190,0.0,3,78
191,0.0,3,78
192,0.0,3,78
193,0.0,3,78
194,0.0,3,78
195,0.0,3,78
196,0.0,3,78
197,0.0,3,78
198,0.0,3,78
199,0.0,3,78
200,0.0,3,78
1,0.0,14,79
2,0.0,14,79
3,0.0,14,79
4,0.0,14,79
5,0.0,14,79
6,0.0,14,79
7,0.0,14,79
8,0.0,14,79
9,0.0,14,79
10,0.0,14,79
11,0.0,14,79
12,0.0,14,79
13,0.0,14,79
14,0.0,14,79
15,0.0,14,79
16,0.0,14,79
17,0.0,14,79
18,0.0,14,79
19,0.0,14,79
20,0.0,14,79
21,0.0,14,79
22,0.0,14,79
23,0.0,14,79
24,0.0,14,79
25,0.0,14,79
26,0.0,14,79
27,0.0,14,79
28,0.0,14,79
29,0.0,14,79
30,0.0,14,79
31,0.0,14,79
32,0.0,14,79
33,0.0,14,79
34,0.0,14,79
35,0.0,14,79
36,0.0,14,79
37,0.0,14,79
38,0.0,14,79
39,0.0,14,79
40,0.0,14,79
41,0.0,14,79
42,0.0,14,79
43,0.0,14,79
44,0.0,14,79
45,0.0,14,79
46,0.0,14,79
47,0.0,14,79
48,0.0,14,79
49,0.0,14,79
50,0.0,14,79
51,0.0,14,79
52,0.0,14,79
53,0.0,14,79
54,0.0,14,79
55,0.0,14,79
56,0.0,14,79
57,0.0,14,79
58,0.0,14,79
59,0.0,14,79
60,0.0,14,79
61,0.0,14,79
62,0.0,14,79
63,0.0,14,79
64,0.0,14,79
65,0.0,14,79
66,0.0,14,79
67,0.0,14,79
68,0.0,14,79
69,0.0,14,79
70,0.0,14,79
71,0.0,14,79
72,0.0,14,79
73,0.0,14,79
74,0.0,14,79
75,0.0,14,79
76,0.0,14,79
77,0.0,14,79
78,0.0,14,79
79,0.0,14,79
80,0.0,14,79
81,0.0,14,79
82,0.0,14,79
83,0.0,14,79
84,0.0,14,79
85,0.0,14,79
86,0.0,14,79
87,0.0,14,79
88,0.0,14,79
89,0.0,14,79
90,0.0,14,79
91,0.0,14,79
92,0.0,14,79
93,0.0,14,79
94,0.0,14,79
95,0.0,14,79
96,0.0,14,79
97,0.0,14,79
98,0.0,14,79
99,0.0,14,79
100,0.0,14,79
101,0.0,14,79
102,0.0,14,79
103,0.0,14,79
104,0.0,14,79
105,0.0,14,79
106,0.0,14,79
107,0.0,14,79
108,0.0,14,79
109,0.0,14,79
110,0.0,14,79
111,0.0,14,79
112,0.0,14,79
113,0.0,14,79
114,0.0,14,79
115,0.0,14,79
116,0.0,14,79
117,0.0,14,79
118,0.0,14,79
119,0.0,14,79
120,0.0,14,79
121,0.0,14,79
122,0.0,14,79
123,0.0,14,79
124,0.0,14,79
125,0.0,14,79
126,0.0,14,79
127,0.0,14,79
128,0.0,14,79
129,0.0,14,79
130,0.0,14,79
131,0.0,14,79
132,0.0,14,79
133,0.0,14,79
134,0.0,14,79
135,0.0,14,79
136,0.0,14,79
137,0.0,14,79
138,0.0,14,79
139,0.0,14,79
140,0.0,14,79
141,0.0,14,79
142,0.0,14,79
143,0.0,14,79
144,0.0,14,79
145,0.0,14,79
146,0.0,14,79
147,0.0,14,79
148,0.0,14,79
149,0.0,14,79
150,0.0,14,79
151,0.0,14,79
152,0.0,14,79
153,0.0,14,79
154,0.0,14,79
155,0.0,14,79
156,0.0,14,79
157,0.0,14,79
158,0.0,14,79
159,0.0,14,79
160,0.0,14,79
161,0.0,14,79
162,0.0,14,79
163,0.0,14,79
164,0.0,14,79
165,0.0,14,79
166,0.0,14,79
167,0.0,14,79
168,0.0,14,79
169,0.0,14,79
170,0.0,14,79
171,0.0,14,79
172,0.0,14,79
173,0.0,14,79
174,0.0,14,79
175,0.0,14,79
176,0.0,14,79
177,0.0,14,79
178,0.0,14,79
179,0.0,14,79
180,0.0,14,79
181,0.0,14,79
182,0.0,14,79
183,0.0,14,79
184,0.0,14,79
185,0.0,14,79
186,0.0,14,79
187,0.0,14,79
188,0.0,14,79
189,0.0,14,79
190,0.0,14,79
191,0.0,14,79
192,0.0,14,79
193,0.0,14,79
194,0.0,14,79
195,0.0,14,79
196,0.0,14,79
197,0.0,14,79
198,0.0,14,79
199,0.0,14,79
200,0.0,14,79
1,0.0,3,80
2,0.0,3,80
3,0.0,3,80
4,0.0,3,80
5,0.0,3,80
6,1.1920928955078125e-07,2,80
7,1.1920928955078125e-07,2,80
8,1.1920928955078125e-07,2,80
9,1.1920928955078125e-07,2,80
10,1.1920928955078125e-07,2,80
11,1.1920928955078125e-07,2,80
12,2.384185791015625e-07,14,80
13,2.384185791015625e-07,14,80
14,2.384185791015625e-07,14,80
15,2.384185791015625e-07,14,80
16,2.384185791015625e-07,14,80
17,2.384185791015625e-07,14,80
18,2.384185791015625e-07,7,80
19,2.384185791015625e-07,7,80
20,7.152557373046875e-07,15,80
21,1.430511474609375e-06,15,80
22,1.430511474609375e-06,15,80
23,1.430511474609375e-06,15,80
24,1.430511474609375e-06,15,80
25,1.430511474609375e-06,15,80
26,1.430511474609375e-06,15,80
27,1.430511474609375e-06,15,80
28,4.0531158447265625e-06,15,80
29,4.0531158447265625e-06,15,80
30,4.0531158447265625e-06,15,80
31,4.0531158447265625e-06,15,80
32,4.0531158447265625e-06,15,80
33,4.0531158447265625e-06,15,80
34,4.0531158447265625e-06,15,80
35,4.0531158447265625e-06,15,80
36,4.0531158447265625e-06,15,80
37,4.0531158447265625e-06,15,80
38,4.0531158447265625e-06,15,80
39,4.0531158447265625e-06,15,80
40,4.0531158447265625e-06,15,80
41,4.0531158447265625e-06,15,80
42,4.0531158447265625e-06,15,80
43,4.0531158447265625e-06,15,80
44,4.0531158447265625e-06,15,80
45,4.0531158447265625e-06,15,80
46,4.0531158447265625e-06,15,80
47,4.0531158447265625e-06,15,80
48,4.76837158203125e-06,13,80
49,8.702278137207031e-06,15,80
50,8.702278137207031e-06,15,80
51,8.702278137207031e-06,15,80
52,8.702278137207031e-06,15,80
53,1.2993812561035156e-05,14,80
54,1.2993812561035156e-05,14,80
55,1.8596649169921875e-05,15,80
56,1.8596649169921875e-05,15,80
57,1.8596649169921875e-05,15,80
58,2.300739288330078e-05,15,80
59,0.0001252889633178711,15,80
60,0.0001252889633178711,15,80
61,0.0001252889633178711,15,80
62,0.00037872791290283203,15,80
63,0.00037872791290283203,15,80
64,0.00037872791290283203,15,80
65,0.00037872791290283203,15,80
66,0.00037872791290283203,15,80
67,0.00037872791290283203,15,80
68,0.00037872791290283203,15,80
69,0.0008125901222229004,14,80
70,0.0010641217231750488,14,80
71,0.0010641217231750488,14,80
72,0.0010641217231750488,14,80
73,0.0010641217231750488,14,80
74,0.0010641217231750488,14,80
75,0.0010641217231750488,14,80
76,0.0010641217231750488,14,80
77,0.0010641217231750488,14,80
78,0.0010641217231750488,14,80
79,0.0010641217231750488,14,80
80,0.0015888214111328125,15,80
81,0.0015888214111328125,15,80
82,0.0015888214111328125,15,80
83,0.0015888214111328125,15,80
84,0.0015888214111328125,15,80
85,0.0015888214111328125,15,80
86,0.0015888214111328125,15,80
87,0.0015888214111328125,15,80
88,0.0019243955612182617,15,80
89,0.0019243955612182617,15,80
90,0.0019243955612182617,15,80
91,0.0025933384895324707,15,80
92,0.0025933384895324707,15,80
93,0.0025933384895324707,15,80
94,0.0025933384895324707,15,80
95,0.0027253031730651855,15,80
96,0.008459389209747314,15,80
97,0.008459389209747314,15,80
98,0.010826826095581055,14,80
99,0.010826826095581055,14,80
100,0.010826826095581055,14,80
101,0.010826826095581055,14,80
102,0.042275965213775635,15,80
103,0.042275965213775635,15,80
104,0.042275965213775635,15,80
105,0.042275965213775635,15,80
106,0.042275965213775635,15,80
107,0.042275965213775635,15,80
108,0.07849699258804321,15,80
109,0.07849699258804321,15,80
110,0.07849699258804321,15,80
111,0.07849699258804321,15,80
112,0.07849699258804321,15,80
113,0.08560836315155029,15,80
114,0.18501007556915283,15,80
115,0.18501007556915283,15,80
116,0.20990586280822754,15,80
117,0.20990586280822754,15,80
118,0.20990586280822754,15,80
119,0.20990586280822754,15,80
120,0.20990586280822754,15,80
121,0.20990586280822754,15,80
122,0.20990586280822754,15,80
123,0.20990586280822754,15,80
124,0.20990586280822754,15,80
125,0.22751891613006592,15,80
126,0.22751891613006592,15,80
127,0.22751891613006592,15,80
128,0.22751891613006592,15,80
129,0.22751891613006592,15,80
130,0.22751891613006592,15,80
131,0.22751891613006592,15,80
132,0.22751891613006592,15,80
133,0.22751891613006592,15,80
134,0.22751891613006592,15,80
135,0.22751891613006592,15,80
136,0.22751891613006592,15,80
137,0.22751891613006592,15,80
138,0.22751891613006592,15,80
139,0.22751891613006592,15,80
140,0.22751891613006592,15,80
141,0.22751891613006592,15,80
142,0.22751891613006592,15,80
143,0.22751891613006592,15,80
144,0.3004898428916931,15,80
145,0.3004898428916931,15,80
146,0.3004898428916931,15,80
147,0.3004898428916931,15,80
148,0.3004898428916931,15,80
149,0.3004898428916931,15,80
150,0.3004898428916931,15,80
151,0.3004898428916931,15,80
152,0.3004898428916931,15,80
153,0.3004898428916931,15,80
154,0.3004898428916931,15,80
155,0.3004898428916931,15,80
156,0.3004898428916931,15,80
157,0.3004898428916931,15,80
158,0.3004898428916931,15,80
159,0.3152546286582947,15,80
160,0.3152546286582947,15,80
161,0.3152546286582947,15,80
162,0.3152546286582947,15,80
163,0.36001867055892944,15,80
164,0.36001867055892944,15,80
165,0.36001867055892944,15,80
166,0.5961111187934875,15,80
167,0.5961111187934875,15,80
168,0.5961111187934875,15,80
169,0.5961111187934875,15,80
170,0.5961111187934875,15,80
171,0.5961111187934875,15,80
172,0.5961111187934875,15,80
173,0.5961111187934875,15,80
174,0.5961111187934875,15,80
175,0.6631593704223633,15,80
176,0.6631593704223633,15,80
177,0.8756078854203224,15,80
178,0.8756078854203224,15,80
179,0.8756078854203224,15,80
180,0.8756078854203224,15,80
181,0.8756078854203224,15,80
182,0.8756078854203224,15,80
183,0.8756078854203224,15,80
184,0.8756078854203224,15,80
185,0.8756078854203224,15,80
186,0.8756078854203224,15,80
187,0.8756078854203224,15,80
188,0.8756078854203224,15,80
189,0.8756078854203224,15,80
190,0.8756078854203224,15,80
191,0.8756078854203224,15,80
192,0.8756078854203224,15,80
193,0.8756078854203224,15,80
194,0.8756078854203224,15,80
195,0.9221487566828728,15,80
196,0.9221487566828728,15,80
197,0.9221487566828728,15,80
198,0.9221487566828728,15,80
199,0.9221487566828728,15,80
200,0.9221487566828728,15,80
1,0.9999955738298922,13,81
2,0.9999985517265486,15,81
3,0.9999999324500806,15,81
4,0.9999999324500806,15,81
5,0.9999999324500806,15,81
6,0.9999999882302637,13,81
7,0.9999999824818318,15,81
8,0.9999999824818318,15,81
9,0.9999999824818318,15,81
10,0.9999999824818318,15,81
11,0.9999999824818318,15,81
12,0.9999999824818318,15,81
13,0.9999999824818318,15,81
14,0.9999999824818318,15,81
15,0.9999999824818318,15,81
16,0.9999999824818318,15,81
17,0.9999999824818318,15,81
18,0.9999999824818318,15,81
19,0.9999999824818318,15,81
20,0.9999999824818318,15,81
21,0.9999999824818318,15,81
22,0.9999999824818318,15,81
23,0.9999999824818318,15,81
24,0.9999999960818378,15,81
25,0.9999999960818378,15,81
26,0.9999999960818378,15,81
27,0.9999999960818378,15,81
28,0.9999999960818378,15,81
29,0.9999999960818378,15,81
30,0.9999999961143753,15,81
31,0.9999999961143753,15,81
32,0.9999999961143753,15,81
33,0.9999999961143753,15,81
34,0.9999999961143753,15,81
35,0.9999999961143753,15,81
36,0.9999999961143753,15,81
37,0.9999999961143753,15,81
38,0.9999999961143753,15,81
39,0.9999999961143753,15,81
40,0.9999999961143753,15,81
41,0.9999999961143753,15,81
42,0.9999999961143753,15,81
43,0.9999999961143753,15,81
44,0.9999999961143753,15,81
45,0.9999999961143753,15,81
46,0.9999999961143753,15,81
47,0.9999999961143753,15,81
48,0.9999999961143753,15,81
49,0.9999999961143753,15,81
50,0.9999999961143753,15,81
51,0.9999999961143753,15,81
52,0.9999999961143753,15,81
53,0.9999999961143753,15,81
54,0.9999999961143753,15,81
55,0.9999999961143753,15,81
56,0.9999999961143753,15,81
57,0.9999999961143753,15,81
58,0.9999999961143753,15,81
59,0.9999999961143753,15,81
60,0.9999999961143753,15,81
61,0.9999999934582822,15,81
62,0.9999999934582822,15,81
63,0.9999999934582822,15,81
64,0.9999999934582822,15,81
65,0.9999999934582822,15,81
66,0.9999999934582822,15,81
67,0.9999999934582822,15,81
68,0.9999999934582822,15,81
69,0.9999999934582822,15,81
70,0.9999999934582822,15,81
71,0.9999999934582822,15,81
72,0.9999999934582822,15,81
73,0.9999999934582822,15,81
74,0.9999999934582822,15,81
75,0.9999999934582822,15,81
76,0.9999999934582822,15,81
77,0.9999999934582822,15,81
78,0.9999999934582822,15,81
79,0.9999999934582822,15,81
80,0.9999999934582822,15,81
81,0.9999999934582822,15,81
82,0.9999999934582822,15,81
83,0.9999999934582822,15,81
84,0.9999999934582822,15,81
85,0.9999999934582822,15,81
86,0.9999999934582822,15,81
87,0.9999999934582822,15,81
88,0.9999999934582822,15,81
89,0.9999999934582822,15,81
90,0.9999999934582822,15,81
91,0.9999999934582822,15,81
92,0.9999999934582822,15,81
93,0.9999999934582822,15,81
94,0.9999999934582822,15,81
95,0.9999999934582822,15,81
96,0.9999999934582822,15,81
97,0.9999999934582822,15,81
98,0.9999999934582822,15,81
99,0.9999999934582822,15,81
100,0.9999999934582822,15,81
101,0.9999999934582822,15,81
102,0.9999999934582822,15,81
103,0.9999999934582822,15,81
104,0.9999999934582822,15,81
105,0.9999999934582822,15,81
106,0.9999999934582822,15,81
107,0.9999999934582822,15,81
108,0.9999999934582822,15,81
109,0.9999999934582822,15,81
110,0.9999999934582822,15,81
111,0.9999999934582822,15,81
112,0.9999999934582822,15,81
113,0.9999999934582822,15,81
114,0.9999999934582822,15,81
115,0.9999999934582822,15,81
116,0.9999999934582822,15,81
117,0.9999999934582822,15,81
118,0.9999999934582822,15,81
119,0.9999999934582822,15,81
120,0.9999999934582822,15,81
121,0.9999999934582822,15,81
122,0.9999999934582822,15,81
123,0.9999999934582822,15,81
124,0.9999999934582822,15,81
125,0.9999999934582822,15,81
126,0.9999999934582822,15,81
127,0.9999999934582822,15,81
128,0.9999999934582822,15,81
129,0.9999999934582822,15,81
130,0.9999999934582822,15,81
131,0.9999999934582822,15,81
132,0.9999999934582822,15,81
133,0.9999999934582822,15,81
134,0.9999999934582822,15,81
135,0.9999999934582822,15,81
136,0.9999999934582822,15,81
137,0.9999999934582822,15,81
138,0.9999999934582822,15,81
139,0.9999999934582822,15,81
140,0.9999999934582822,15,81
141,0.9999999934582822,15,81
142,0.9999999934582822,15,81
143,0.9999999934582822,15,81
144,0.9999999934582822,15,81
145,0.9999999934582822,15,81
146,0.9999999934582822,15,81
147,0.9999999934582822,15,81
148,0.9999999934582822,15,81
149,0.9999999934582822,15,81
150,0.9999999934582822,15,81
151,0.9999999934582822,15,81
152,0.9999999934582822,15,81
153,0.9999999934582822,15,81
154,0.9999999934582822,15,81
155,0.9999999934582822,15,81
156,0.9999999934582822,15,81
157,0.9999999934582822,15,81
158,0.9999999934582822,15,81
159,0.9999999934582822,15,81
160,0.9999999934582822,15,81
161,0.9999999934582822,15,81
162,0.9999999934582822,15,81
163,0.9999999934582822,15,81
164,0.9999999934582822,15,81
165,0.9999999934582822,15,81
166,0.9999999934582822,15,81
167,0.9999999934582822,15,81
168,0.9999999934582822,15,81
169,0.9999999934582822,15,81
170,0.9999999934582822,15,81
171,0.9999999934582822,15,81
172,0.9999999934582822,15,81
173,0.9999999934582822,15,81
174,0.9999999934582822,15,81
175,0.9999999934582822,15,81
176,0.9999999934582822,15,81
177,0.9999999934582822,15,81
178,0.9999999934582822,15,81
179,0.9999999934582822,15,81
180,0.9999999934582822,15,81
181,0.9999999934582822,15,81
182,0.9999999934582822,15,81
183,0.9999999934582822,15,81
184,0.9999999934582822,15,81
185,0.9999999934582822,15,81
186,0.9999999934582822,15,81
187,0.9999999934582822,15,81
188,0.9999999934582822,15,81
189,0.9999999934582822,15,81
190,0.9999999934582822,15,81
191,0.9999999934582822,15,81
192,0.9999999934582822,15,81
193,0.9999999934582822,15,81
194,0.9999999934582822,15,81
195,0.9999999934582822,15,81
196,0.9999999934582822,15,81
197,0.9999999934582822,15,81
198,0.9999999934582822,15,81
199,0.9999999934582822,15,81
200,0.9999999934582822,15,81
1,0.9853104315698147,13,82
2,0.9853104315698147,13,82
3,0.9853104315698147,13,82
4,0.9853104315698147,13,82
5,0.992906074039638,5,82
6,0.994269541464746,15,82
7,0.9974616877734661,15,82
8,0.9974616877734661,15,82
9,0.998344513005577,15,82
10,0.998344513005577,15,82
11,0.9988665195414796,14,82
12,0.9988665195414796,14,82
13,0.9992472316371277,15,82
14,0.9992472316371277,15,82
15,0.9992472316371277,15,82
16,0.9992472316371277,15,82
17,0.9992472316371277,15,82
18,0.99927243165439,15,82
19,0.99927243165439,15,82
20,0.99927243165439,15,82
21,0.99927243165439,15,82
22,0.99927243165439,15,82
23,0.999743049411336,15,82
24,0.999743049411336,15,82
25,0.999743049411336,15,82
26,0.999743049411336,15,82
27,0.999743049411336,15,82
28,0.9998481117218034,15,82
29,0.9998481117218034,15,82
30,0.9998481117218034,15,82
31,0.9999236888834275,15,82
32,0.9999236888834275,15,82
33,0.9999236888834275,15,82
34,0.9999236888834275,15,82
35,0.9999236888834275,15,82
36,0.9999236888834275,15,82
37,0.9999236888834275,15,82
38,0.9999265680016833,15,82
39,0.9999265680016833,15,82
40,0.9999265680016833,15,82
41,0.9999287018436007,15,82
42,0.9999287018436007,15,82
43,0.9999296579771908,15,82
44,0.9999296579771908,15,82
45,0.9999296579771908,15,82
46,0.9999296579771908,15,82
47,0.9999296579771908,15,82
48,0.9999321944560506,15,82
49,0.9999321944560506,15,82
50,0.9999491269081773,15,82
51,0.9999491269081773,15,82
52,0.9999715511094109,15,82
53,0.9999715511094109,15,82
54,0.9999715511094109,15,82
55,0.9999715511094109,15,82
56,0.9999715511094109,15,82
57,0.9999715511094109,15,82
58,0.9999715511094109,15,82
59,0.9999715511094109,15,82
60,0.9999715511094109,15,82
61,0.9999715511094109,15,82
62,0.9999715511094109,15,82
63,0.9999715511094109,15,82
64,0.9999715511094109,15,82
65,0.9999718336130172,15,82
66,0.9999718336130172,15,82
67,0.9999718336130172,15,82
68,0.9999797438267706,15,82
69,0.9999797438267706,15,82
70,0.9999917499435469,15,82
71,0.9999917499435469,15,82
72,0.9999917499435469,15,82
73,0.9999917499435469,15,82
74,0.9999917499435469,15,82
75,0.9999917499435469,15,82
76,0.9999917499435469,15,82
77,0.9999917499435469,15,82
78,0.9999917499435469,15,82
79,0.9999917499435469,15,82
80,0.9999917499435469,15,82
81,0.9999917499435469,15,82
82,0.9999917499435469,15,82
83,0.9999917499435469,15,82
84,0.9999917499435469,15,82
85,0.9999917499435469,15,82
86,0.99999250230303,15,82
87,0.99999250230303,15,82
88,0.99999250230303,15,82
89,0.99999250230303,15,82
90,0.99999250230303,15,82
91,0.99999250230303,15,82
92,0.99999250230303,15,82
93,0.9999927839130578,15,82
94,0.9999927839130578,15,82
95,0.9999927839130578,15,82
96,0.9999927839130578,15,82
97,0.9999927839130578,15,82
98,0.9999927839130578,15,82
99,0.9999927839130578,15,82
100,0.9999927839130578,15,82
101,0.9999927839130578,15,82
102,0.9999927839130578,15,82
103,0.9999927839130578,15,82
104,0.9999927839130578,15,82
105,0.9999927839130578,15,82
106,0.9999927839130578,15,82
107,0.9999943098919175,15,82
108,0.9999943098919175,15,82
109,0.9999943098919175,15,82
110,0.9999943098919175,15,82
111,0.9999943098919175,15,82
112,0.9999943098919175,15,82
113,0.9999943098919175,15,82
114,0.9999943098919175,15,82
115,0.9999959314659463,15,82
116,0.9999959314659463,15,82
117,0.9999959314659463,15,82
118,0.9999959314659463,15,82
119,0.9999959314659463,15,82
120,0.9999959314659463,15,82
121,0.9999959314659463,15,82
122,0.9999959314659463,15,82
123,0.9999959314659463,15,82
124,0.9999959314659463,15,82
125,0.9999959314659463,15,82
126,0.9999959314659463,15,82
127,0.9999959314659463,15,82
128,0.9999977743834734,15,82
129,0.9999977743834734,15,82
130,0.9999977743834734,15,82
131,0.9999977743834734,15,82
132,0.9999977743834734,15,82
133,0.9999977743834734,15,82
134,0.9999977743834734,15,82
135,0.9999977743834734,15,82
136,0.9999977743834734,15,82
137,0.9999977743834734,15,82
138,0.9999984296673574,15,82
139,0.9999984296673574,15,82
140,0.9999985217472158,15,82
141,0.9999985217472158,15,82
142,0.9999985217472158,15,82
143,0.9999985217472158,15,82
144,0.9999985217472158,15,82
145,0.9999985217472158,15,82
146,0.9999988288353734,15,82
147,0.9999988288353734,15,82
148,0.9999988288353734,15,82
149,0.9999988288353734,15,82
150,0.9999988288353734,15,82
151,0.9999988288353734,15,82
152,0.9999988288353734,15,82
153,0.9999988288353734,15,82
154,0.9999988288353734,15,82
155,0.9999988288353734,15,82
156,0.9999988288353734,15,82
157,0.9999988288353734,15,82
158,0.9999988288353734,15,82
159,0.9999988288353734,15,82
160,0.9999988288353734,15,82
161,0.9999988288353734,15,82
162,0.9999988288353734,15,82
163,0.9999988288353734,15,82
164,0.9999988288353734,15,82
165,0.9999988288353734,15,82
166,0.9999988288353734,15,82
167,0.9999988288353734,15,82
168,0.9999988288353734,15,82
169,0.9999988288353734,15,82
170,0.9999988288353734,15,82
171,0.9999988288353734,15,82
172,0.9999988288353734,15,82
173,0.9999988288353734,15,82
174,0.9999988288353734,15,82
175,0.9999988288353734,15,82
176,0.9999988288353734,15,82
177,0.9999988288353734,15,82
178,0.9999989340248021,15,82
179,0.9999989340248021,15,82
180,0.999999114594857,15,82
181,0.999999114594857,15,82
182,0.999999114594857,15,82
183,0.999999114594857,15,82
184,0.999999114594857,15,82
185,0.999999114594857,15,82
186,0.999999114594857,15,82
187,0.999999114594857,15,82
188,0.999999114594857,15,82
189,0.999999114594857,15,82
190,0.999999114594857,15,82
191,0.999999114594857,15,82
192,0.999999114594857,15,82
193,0.999999114594857,15,82
194,0.999999114594857,15,82
195,0.999999114594857,15,82
196,0.999999114594857,15,82
197,0.999999114594857,15,82
198,0.999999114594857,15,82
199,0.999999114594857,15,82
200,0.999999114594857,15,82
1,0.0,9,83
2,0.0,9,83
3,0.0,9,83
4,0.0,9,83
5,0.0,9,83
6,0.0,9,83
7,0.0,9,83
8,0.0,9,83
9,0.0,9,83
10,0.0,9,83
11,0.0,9,83
12,0.0,9,83
13,0.0,9,83
14,0.0,9,83
15,0.0,9,83
16,0.0,9,83
17,0.0,9,83
18,0.0,9,83
19,0.0,9,83
20,0.0,9,83
21,0.0,9,83
22,0.0,9,83
23,1.1920928955078125e-07,13,83
24,1.1920928955078125e-07,13,83
25,1.1920928955078125e-07,13,83
26,1.1920928955078125e-07,13,83
27,1.1920928955078125e-07,13,83
28,1.1920928955078125e-07,13,83
29,1.1920928955078125e-07,13,83
30,1.1920928955078125e-07,14,83
31,1.1920928955078125e-07,14,83
32,1.1920928955078125e-07,14,83
33,1.1920928955078125e-07,14,83
34,1.1920928955078125e-07,14,83
35,1.1920928955078125e-07,14,83
36,1.1920928955078125e-07,14,83
37,1.1920928955078125e-07,14,83
38,1.1920928955078125e-07,14,83
39,1.1920928955078125e-07,14,83
40,1.1920928955078125e-07,15,83
41,1.1920928955078125e-07,15,83
42,1.1920928955078125e-07,15,83
43,1.1920928955078125e-07,15,83
44,1.1920928955078125e-07,15,83
45,2.384185791015625e-07,14,83
46,2.384185791015625e-07,14,83
47,2.384185791015625e-07,14,83
48,2.384185791015625e-07,15,83
49,2.384185791015625e-07,15,83
50,2.384185791015625e-07,15,83
51,5.960464477539062e-07,15,83
52,5.960464477539062e-07,15,83
53,5.960464477539062e-07,15,83
54,5.960464477539062e-07,15,83
55,5.960464477539062e-07,15,83
56,8.344650268554688e-07,15,83
57,8.344650268554688e-07,15,83
58,7.867813110351562e-06,15,83
59,7.867813110351562e-06,15,83
60,7.867813110351562e-06,15,83
61,7.867813110351562e-06,15,83
62,7.867813110351562e-06,15,83
63,8.106231689453125e-06,14,83
64,8.106231689453125e-06,14,83
65,8.106231689453125e-06,14,83
66,8.106231689453125e-06,14,83
67,8.106231689453125e-06,14,83
68,8.106231689453125e-06,14,83
69,8.106231689453125e-06,14,83
70,8.106231689453125e-06,14,83
71,8.106231689453125e-06,14,83
72,8.106231689453125e-06,14,83
73,8.106231689453125e-06,14,83
74,8.106231689453125e-06,14,83
75,1.6808509826660156e-05,15,83
76,1.6808509826660156e-05,15,83
77,1.6808509826660156e-05,15,83
78,1.6808509826660156e-05,15,83
79,1.6808509826660156e-05,15,83
80,2.6345252990722656e-05,15,83
81,2.6345252990722656e-05,15,83
82,2.6345252990722656e-05,15,83
83,2.6345252990722656e-05,15,83
84,2.6345252990722656e-05,15,83
85,2.6345252990722656e-05,15,83
86,2.6345252990722656e-05,15,83
87,2.6345252990722656e-05,15,83
88,2.6345252990722656e-05,15,83
89,2.6345252990722656e-05,15,83
90,2.6345252990722656e-05,15,83
91,2.6345252990722656e-05,15,83
92,2.658367156982422e-05,15,83
93,2.658367156982422e-05,15,83
94,2.658367156982422e-05,15,83
95,3.2782554626464844e-05,15,83
96,3.2782554626464844e-05,15,83
97,3.2782554626464844e-05,15,83
98,3.2782554626464844e-05,15,83
99,3.2782554626464844e-05,15,83
100,3.910064697265625e-05,15,83
101,4.38690185546875e-05,14,83
102,5.066394805908203e-05,15,83
103,0.00010573863983154297,15,83
104,0.0002295374870300293,15,83
105,0.0002295374870300293,15,83
106,0.0002295374870300293,15,83
107,0.0002295374870300293,15,83
108,0.0002295374870300293,15,83
109,0.0002295374870300293,15,83
110,0.0002295374870300293,15,83
111,0.0002295374870300293,15,83
112,0.0002295374870300293,15,83
113,0.0002295374870300293,15,83
114,0.0002295374870300293,15,83
115,0.0002295374870300293,15,83
116,0.0002295374870300293,15,83
117,0.0002295374870300293,15,83
118,0.0002295374870300293,15,83
119,0.0002295374870300293,15,83
120,0.0002295374870300293,15,83
121,0.0002295374870300293,15,83
122,0.0002295374870300293,15,83
123,0.0002295374870300293,15,83
124,0.0004004836082458496,15,83
125,0.0004004836082458496,15,83
126,0.0004418492317199707,15,83
127,0.0004418492317199707,15,83
128,0.0004418492317199707,15,83
129,0.0004418492317199707,15,83
130,0.0004418492317199707,15,83
131,0.0004418492317199707,15,83
132,0.0004418492317199707,15,83
133,0.0004418492317199707,15,83
134,0.0004418492317199707,15,83
135,0.0004418492317199707,15,83
136,0.0004418492317199707,15,83
137,0.0008054375648498535,14,83
138,0.0008054375648498535,14,83
139,0.0008054375648498535,14,83
140,0.0008054375648498535,14,83
141,0.0009403824806213379,15,83
142,0.0009403824806213379,15,83
143,0.0009403824806213379,15,83
144,0.0009403824806213379,15,83
145,0.0009826421737670898,15,83
146,0.0009826421737670898,15,83
147,0.0009826421737670898,15,83
148,0.0009826421737670898,15,83
149,0.0011740326881408691,15,83
150,0.0011740326881408691,15,83
151,0.0011740326881408691,15,83
152,0.0011740326881408691,15,83
153,0.0011740326881408691,15,83
154,0.0011740326881408691,15,83
155,0.0011740326881408691,15,83
156,0.0011740326881408691,15,83
157,0.0011740326881408691,15,83
158,0.0012655854225158691,15,83
159,0.0024953484535217285,15,83
160,0.0024953484535217285,15,83
161,0.0024953484535217285,15,83
162,0.004168450832366943,15,83
163,0.007540643215179443,15,83
164,0.007540643215179443,15,83
165,0.007540643215179443,15,83
166,0.007540643215179443,15,83
167,0.007540643215179443,15,83
168,0.007540643215179443,15,83
169,0.007540643215179443,15,83
170,0.007540643215179443,15,83
171,0.007540643215179443,15,83
172,0.007540643215179443,15,83
173,0.007540643215179443,15,83
174,0.007540643215179443,15,83
175,0.007540643215179443,15,83
176,0.007540643215179443,15,83
177,0.007540643215179443,15,83
178,0.007540643215179443,15,83
179,0.007540643215179443,15,83
180,0.007540643215179443,15,83
181,0.007540643215179443,15,83
182,0.007540643215179443,15,83
183,0.007540643215179443,15,83
184,0.007540643215179443,15,83
185,0.007540643215179443,15,83
186,0.007540643215179443,15,83
187,0.007540643215179443,15,83
188,0.012495219707489014,15,83
189,0.012495219707489014,15,83
190,0.012495219707489014,15,83
191,0.012495219707489014,15,83
192,0.012495219707489014,15,83
193,0.012495219707489014,15,83
194,0.02243131399154663,15,83
195,0.02243131399154663,15,83
196,0.02243131399154663,15,83
197,0.02243131399154663,15,83
198,0.02243131399154663,15,83
199,0.02243131399154663,15,83
200,0.02243131399154663,15,83
1,0.0,2,84
2,0.0,2,84
3,0.0,2,84
4,0.0,2,84
5,0.0,2,84
6,0.0,2,84
7,0.0,2,84
8,0.0,2,84
9,0.0,2,84
10,0.0,2,84
11,0.0,2,84
12,0.0,2,84
13,0.0,2,84
14,0.0,2,84
15,0.0,2,84
16,0.0,2,84
17,0.0,2,84
18,0.0,2,84
19,0.0,2,84
20,0.0,2,84
21,0.0,2,84
22,0.0,2,84
23,0.0,2,84
24,0.0,2,84
25,0.0,2,84
26,0.0,2,84
27,0.0,2,84
28,0.0,2,84
29,0.0,2,84
30,0.0,2,84
31,0.0,2,84
32,0.0,2,84
33,0.0,2,84
34,0.0,2,84
35,0.0,2,84
36,0.0,2,84
37,0.0,2,84
38,0.0,2,84
39,0.0,2,84
40,0.0,2,84
41,0.0,2,84
42,0.0,2,84
43,0.0,2,84
44,0.0,2,84
45,0.0,2,84
46,0.0,2,84
47,0.0,2,84
48,0.0,2,84
49,0.0,2,84
50,0.0,2,84
51,0.0,2,84
52,0.0,2,84
53,0.0,2,84
54,0.0,2,84
55,0.0,2,84
56,0.0,2,84
57,0.0,2,84
58,0.0,2,84
59,0.0,2,84
60,0.0,2,84
61,0.0,2,84
62,0.0,2,84
63,0.0,2,84
64,0.0,2,84
65,0.0,2,84
66,0.0,2,84
67,0.0,2,84
68,0.0,2,84
69,0.0,2,84
70,0.0,2,84
71,0.0,2,84
72,0.0,2,84
73,0.0,2,84
74,0.0,2,84
75,0.0,2,84
76,0.0,2,84
77,0.0,2,84
78,0.0,2,84
79,0.0,2,84
80,0.0,2,84
81,0.0,2,84
82,0.0,2,84
83,0.0,2,84
84,0.0,2,84
85,0.0,2,84
86,0.0,2,84
87,0.0,2,84
88,0.0,2,84
89,0.0,2,84
90,0.0,2,84
91,0.0,2,84
92,0.0,2,84
93,0.0,2,84
94,0.0,2,84
95,0.0,2,84
96,0.0,2,84
97,0.0,2,84
98,0.0,2,84
99,0.0,2,84
100,0.0,2,84
101,0.0,2,84
102,0.0,2,84
103,0.0,2,84
104,0.0,2,84
105,0.0,2,84
106,0.0,2,84
107,0.0,2,84
108,0.0,2,84
109,0.0,2,84
110,0.0,2,84
111,0.0,2,84
112,0.0,2,84
113,0.0,2,84
114,0.0,2,84
115,0.0,2,84
116,0.0,2,84
117,0.0,2,84
118,0.0,2,84
119,0.0,2,84
120,0.0,2,84
121,0.0,2,84
122,0.0,2,84
123,0.0,2,84
124,0.0,2,84
125,0.0,2,84
126,0.0,2,84
127,0.0,2,84
128,0.0,2,84
129,0.0,2,84
130,0.0,2,84
131,0.0,2,84
132,0.0,2,84
133,0.0,2,84
134,0.0,2,84
135,0.0,2,84
136,0.0,2,84
137,0.0,2,84
138,0.0,2,84
139,0.0,2,84
140,0.0,2,84
141,0.0,2,84
142,0.0,2,84
143,0.0,2,84
144,0.0,2,84
145,0.0,2,84
146,0.0,2,84
147,0.0,2,84
148,0.0,2,84
149,0.0,2,84
150,0.0,2,84
151,0.0,2,84
152,0.0,2,84
153,0.0,2,84
154,0.0,2,84
155,0.0,2,84
156,0.0,2,84
157,0.0,2,84
158,0.0,2,84
159,0.0,2,84
160,0.0,2,84
161,0.0,2,84
162,0.0,2,84
163,0.0,2,84
164,0.0,2,84
165,0.0,2,84
166,0.0,2,84
167,0.0,2,84
168,0.0,2,84
169,0.0,2,84
170,0.0,2,84
171,0.0,2,84
172,0.0,2,84
173,0.0,2,84
174,0.0,2,84
175,0.0,2,84
176,0.0,2,84
177,0.0,2,84
178,0.0,2,84
179,0.0,2,84
180,0.0,2,84
181,0.0,2,84
182,0.0,2,84
183,0.0,2,84
184,0.0,2,84
185,0.0,2,84
186,0.0,2,84
187,0.0,2,84
188,0.0,2,84
189,0.0,2,84
190,0.0,2,84
191,0.0,2,84
192,0.0,2,84
193,0.0,2,84
194,0.0,2,84
195,0.0,2,84
196,0.0,2,84
197,0.0,2,84
198,0.0,2,84
199,0.0,2,84
200,0.0,2,84
1,0.9999465329492523,9,85
2,0.9999671344085073,14,85
3,0.9999958527646413,8,85
4,0.9999996255891119,9,85
5,0.9999996255891119,9,85
6,0.9999998709135554,15,85
7,0.9999999445609227,15,85
8,0.9999999976629275,15,85
9,0.999999997236495,15,85
10,0.9999999946609375,15,85
11,0.9999999946609375,15,85
12,0.9999999946609375,15,85
13,0.9999999946609375,15,85
14,0.9999999946609375,15,85
15,0.9999999946609375,15,85
16,0.9999999946609375,15,85
17,0.9999999976103331,15,85
18,0.9999999976103331,15,85
19,0.9999999836410343,15,85
20,0.9999999836410343,15,85
21,0.9999999836410343,15,85
22,0.9999999836410343,15,85
23,0.9999999836410343,15,85
24,0.9999999836410343,15,85
25,0.9999999836410343,15,85
26,0.9999999836410343,15,85
27,0.9999999836410343,15,85
28,0.9999999836410343,15,85
29,0.9999999836410343,15,85
30,0.9999999836410343,15,85
31,0.9999999836410343,15,85
32,0.9999999836410343,15,85
33,0.9999999836410343,15,85
34,0.9999999836410343,15,85
35,0.9999999836410343,15,85
36,0.9999999836410343,15,85
37,0.9999999836410343,15,85
38,0.9999999836410343,15,85
39,0.9999999836410343,15,85
40,0.9999999836410343,15,85
41,0.9999999836410343,15,85
42,0.9999999836410343,15,85
43,0.9999999836410343,15,85
44,0.9999999836410343,15,85
45,0.9999999836410343,15,85
46,0.9999999836410343,15,85
47,0.9999999836410343,15,85
48,0.9999999836410343,15,85
49,0.9999999836410343,15,85
50,0.9999999836410343,15,85
51,0.9999999836410343,15,85
52,0.9999999836410343,15,85
53,0.9999999836410343,15,85
54,0.9999999836410343,15,85
55,0.9999999836410343,15,85
56,0.9999999836410343,15,85
57,0.9999999836410343,15,85
58,0.9999999836410343,15,85
59,0.9999999836410343,15,85
60,0.9999999836410343,15,85
61,0.9999999836410343,15,85
62,0.9999999836410343,15,85
63,0.9999999836410343,15,85
64,0.9999999836410343,15,85
65,0.9999999836410343,15,85
66,0.9999999836410343,15,85
67,0.9999999836410343,15,85
68,0.9999999836410343,15,85
69,0.9999999836410343,15,85
70,0.9999999836410343,15,85
71,0.9999999836410343,15,85
72,0.9999999836410343,15,85
73,0.9999999836410343,15,85
74,0.9999999836410343,15,85
75,0.9999999836410343,15,85
76,0.9999999836410343,15,85
77,0.9999999836410343,15,85
78,0.9999999836410343,15,85
79,0.9999999836410343,15,85
80,0.9999999836410343,15,85
81,0.9999999836410343,15,85
82,0.9999999836410343,15,85
83,0.9999999836410343,15,85
84,0.9999999836410343,15,85
85,0.9999999836410343,15,85
86,0.9999999836410343,15,85
87,0.9999999836410343,15,85
88,0.9999999836410343,15,85
89,0.9999999836410343,15,85
90,0.9999999836410343,15,85
91,0.9999999836410343,15,85
92,0.9999999836410343,15,85
93,0.9999999836410343,15,85
94,0.9999999836410343,15,85
95,0.9999999836410343,15,85
96,0.9999999836410343,15,85
97,0.9999999836410343,15,85
98,0.9999999836410343,15,85
99,0.9999999836410343,15,85
100,0.9999999836410343,15,85
101,0.9999999836410343,15,85
102,0.9999999836410343,15,85
103,0.9999999836410343,15,85
104,0.9999999836410343,15,85
105,0.9999999836410343,15,85
106,0.9999999836410343,15,85
107,0.9999999836410343,15,85
108,0.9999999836410343,15,85
109,0.9999999836410343,15,85
110,0.9999999836410343,15,85
111,0.9999999836410343,15,85
112,0.9999999836410343,15,85
113,0.9999999836410343,15,85
114,0.9999999836410343,15,85
115,0.9999999836410343,15,85
116,0.9999999836410343,15,85
117,0.9999999836410343,15,85
118,0.9999999836410343,15,85
119,0.9999999836410343,15,85
120,0.9999999836410343,15,85
121,0.9999999878912984,15,85
122,0.9999999878912984,15,85
123,0.9999999878912984,15,85
124,0.9999999878912984,15,85
125,0.9999999878912984,15,85
126,0.9999999878912984,15,85
127,0.9999999878912984,15,85
128,0.9999999878912984,15,85
129,0.9999999878912984,15,85
130,0.9999999878912984,15,85
131,0.9999999878912984,15,85
132,0.9999999878912984,15,85
133,0.9999999878912984,15,85
134,0.9999999878912984,15,85
135,0.9999999878912984,15,85
136,0.9999999878912984,15,85
137,0.9999999878912984,15,85
138,0.9999999878912984,15,85
139,0.9999999878912984,15,85
140,0.9999999878912984,15,85
141,0.9999999878912984,15,85
142,0.9999999878912984,15,85
143,0.9999999878912984,15,85
144,0.9999999878912984,15,85
145,0.9999999878912984,15,85
146,0.9999999878912984,15,85
147,0.9999999878912984,15,85
148,0.9999999878912984,15,85
149,0.9999999878912984,15,85
150,0.9999999878912984,15,85
151,0.9999999878912984,15,85
152,0.9999999878912984,15,85
153,0.9999999878912984,15,85
154,0.9999999878912984,15,85
155,0.9999999878912984,15,85
156,0.9999999878912984,15,85
157,0.9999999878912984,15,85
158,0.9999999878912984,15,85
159,0.9999999878912984,15,85
160,0.9999999878912984,15,85
161,0.9999999878912984,15,85
162,0.9999999878912984,15,85
163,0.9999999878912984,15,85
164,0.9999999878912984,15,85
165,0.9999999878912984,15,85
166,0.9999999878912984,15,85
167,0.9999999878912984,15,85
168,0.9999999878912984,15,85
169,0.9999999878912984,15,85
170,0.9999999878912984,15,85
171,0.9999999878912984,15,85
172,0.9999999878912984,15,85
173,0.9999999878912984,15,85
174,0.9999999878912984,15,85
175,0.9999999878912984,15,85
176,0.9999999878912984,15,85
177,0.9999999878912984,15,85
178,0.9999999878912984,15,85
179,0.9999999878912984,15,85
180,0.9999999878912984,15,85
181,0.9999999878912984,15,85
182,0.9999999878912984,15,85
183,0.9999999878912984,15,85
184,0.9999999878912984,15,85
185,0.9999999878912984,15,85
186,0.9999999878912984,15,85
187,0.9999999878912984,15,85
188,0.9999999878912984,15,85
189,0.9999999878912984,15,85
190,0.9999999878912984,15,85
191,0.9999999878912984,15,85
192,0.9999999878912984,15,85
193,0.9999999878912984,15,85
194,0.9999999878912984,15,85
195,0.9999999878912984,15,85
196,0.9999999878912984,15,85
197,0.9999999878912984,15,85
198,0.9999999878912984,15,85
199,0.9999999878912984,15,85
200,0.9999999878912984,15,85
1,0.0002034306526184082,2,86
2,0.00029909610748291016,8,86
3,0.0003007650375366211,3,86
4,0.0028232336044311523,11,86
5,0.0030061006546020508,12,86
6,0.0030061006546020508,12,86
7,0.0030061006546020508,12,86
8,0.0030061006546020508,12,86
9,0.01055300235748291,14,86
10,0.01055300235748291,14,86
11,0.01055300235748291,14,86
12,0.013717591762542725,15,86
13,0.013717591762542725,15,86
14,0.013717591762542725,15,86
15,0.013717591762542725,15,86
16,0.013717591762542725,15,86
17,0.04972076416015625,15,86
18,0.04972076416015625,15,86
19,0.04972076416015625,15,86
20,0.05486881732940674,15,86
21,0.05486881732940674,15,86
22,0.05486881732940674,15,86
23,0.05486881732940674,15,86
24,0.05486881732940674,15,86
25,0.05968177318572998,13,86
26,0.08334314823150635,14,86
27,0.08334314823150635,14,86
28,0.08334314823150635,14,86
29,0.08334314823150635,14,86
30,0.08334314823150635,14,86
31,0.2550280690193176,15,86
32,0.2550280690193176,15,86
33,0.2550280690193176,15,86
34,0.2550280690193176,15,86
35,0.2594905495643616,15,86
36,0.2594905495643616,15,86
37,0.2594905495643616,15,86
38,0.2594905495643616,15,86
39,0.2594905495643616,15,86
40,0.2594905495643616,15,86
41,0.2594905495643616,15,86
42,0.2594905495643616,15,86
43,0.2594905495643616,15,86
44,0.2594905495643616,15,86
45,0.36057138442993164,15,86
46,0.3704797029495239,15,86
47,0.3704797029495239,15,86
48,0.3704797029495239,15,86
49,0.3704797029495239,15,86
50,0.3704797029495239,15,86
51,0.3704797029495239,15,86
52,0.3704797029495239,15,86
53,0.3704797029495239,15,86
54,0.3704797029495239,15,86
55,0.3704797029495239,15,86
56,0.3704797029495239,15,86
57,0.3704797029495239,15,86
58,0.3704797029495239,15,86
59,0.3936210870742798,15,86
60,0.3936210870742798,15,86
61,0.42437827587127686,15,86
62,0.6260697245597839,15,86
63,0.6260697245597839,15,86
64,0.6260697245597839,15,86
65,0.6260697245597839,15,86
66,0.6260697245597839,15,86
67,0.6260697245597839,15,86
68,0.6260697245597839,15,86
69,0.6260697245597839,15,86
70,0.6260697245597839,15,86
71,0.6260697245597839,15,86
72,0.6260697245597839,15,86
73,0.6260697245597839,15,86
74,0.6260697245597839,15,86
75,0.6798385083675385,15,86
76,0.6798385083675385,15,86
77,0.7243055403232574,13,86
78,0.7243055403232574,13,86
79,0.7243055403232574,13,86
80,0.7243055403232574,13,86
81,0.7243055403232574,13,86
82,0.7243055403232574,13,86
83,0.7243055403232574,13,86
84,0.7243055403232574,13,86
85,0.7243055403232574,13,86
86,0.7243055403232574,13,86
87,0.7243055403232574,13,86
88,0.7243055403232574,13,86
89,0.7243055403232574,13,86
90,0.7243055403232574,13,86
91,0.7243055403232574,13,86
92,0.7243055403232574,13,86
93,0.8148190379142761,15,86
94,0.8148190379142761,15,86
95,0.8148190379142761,15,86
96,0.8148190379142761,15,86
97,0.8148190379142761,15,86
98,0.8148190379142761,15,86
99,0.8148190379142761,15,86
100,0.8148190379142761,15,86
101,0.8148190379142761,15,86
102,0.8148190379142761,15,86
103,0.8148190379142761,15,86
104,0.8148190379142761,15,86
105,0.8148190379142761,15,86
106,0.8148190379142761,15,86
107,0.8148190379142761,15,86
108,0.8148190379142761,15,86
109,0.8148190379142761,15,86
110,0.8148190379142761,15,86
111,0.8148190379142761,15,86
112,0.8577739596366882,15,86
113,0.8577739596366882,15,86
114,0.8577739596366882,15,86
115,0.8577739596366882,15,86
116,0.8577739596366882,15,86
117,0.8780930861830711,15,86
118,0.8780930861830711,15,86
119,0.8780930861830711,15,86
120,0.8780930861830711,15,86
121,0.8780930861830711,15,86
122,0.9416329264640808,15,86
123,0.9416329264640808,15,86
124,0.9416329264640808,15,86
125,0.9416329264640808,15,86
126,0.9416329264640808,15,86
127,0.9416329264640808,15,86
128,0.9416329264640808,15,86
129,0.9416329264640808,15,86
130,0.9416329264640808,15,86
131,0.9416329264640808,15,86
132,0.9416329264640808,15,86
133,0.9416329264640808,15,86
134,0.9416329264640808,15,86
135,0.9416329264640808,15,86
136,0.9416329264640808,15,86
137,0.9416329264640808,15,86
138,0.9416329264640808,15,86
139,0.9416329264640808,15,86
140,0.9416329264640808,15,86
141,0.9416329264640808,15,86
142,0.9416329264640808,15,86
143,0.9416329264640808,15,86
144,0.9433530010282993,15,86
145,0.9433530010282993,15,86
146,0.9604241028428078,15,86
147,0.9604241028428078,15,86
148,0.9604241028428078,15,86
149,0.9604241028428078,15,86
150,0.9604241028428078,15,86
151,0.9604241028428078,15,86
152,0.9604241028428078,15,86
153,0.9604241028428078,15,86
154,0.9612222239375114,15,86
155,0.9612222239375114,15,86
156,0.9612222239375114,15,86
157,0.9741510581225157,15,86
158,0.9741510581225157,15,86
159,0.9741510581225157,15,86
160,0.9741510581225157,15,86
161,0.9741510581225157,15,86
162,0.9741510581225157,15,86
163,0.9741510581225157,15,86
164,0.982212770730257,15,86
165,0.982212770730257,15,86
166,0.982212770730257,15,86
167,0.982212770730257,15,86
168,0.982212770730257,15,86
169,0.982212770730257,15,86
170,0.982212770730257,15,86
171,0.982212770730257,15,86
172,0.982212770730257,15,86
173,0.982212770730257,15,86
174,0.982212770730257,15,86
175,0.982212770730257,15,86
176,0.982212770730257,15,86
177,0.982212770730257,15,86
178,0.982212770730257,15,86
179,0.982212770730257,15,86
180,0.982212770730257,15,86
181,0.982212770730257,15,86
182,0.982212770730257,15,86
183,0.982212770730257,15,86
184,0.982212770730257,15,86
185,0.9829805977642536,15,86
186,0.9829805977642536,15,86
187,0.9829805977642536,15,86
188,0.9829805977642536,15,86
189,0.9829805977642536,15,86
190,0.9829805977642536,15,86
191,0.9829805977642536,15,86
192,0.9829805977642536,15,86
193,0.9829805977642536,15,86
194,0.9829805977642536,15,86
195,0.9829805977642536,15,86
196,0.9829805977642536,15,86
197,0.9829805977642536,15,86
198,0.9829805977642536,15,86
199,0.9829805977642536,15,86
200,0.9829805977642536,15,86
1,2.86102294921875e-06,12,87
2,2.86102294921875e-06,12,87
3,3.0994415283203125e-06,12,87
4,4.0531158447265625e-06,12,87
5,8.225440979003906e-06,13,87
6,1.0848045349121094e-05,14,87
7,1.3709068298339844e-05,14,87
8,1.4185905456542969e-05,15,87
9,2.968311309814453e-05,15,87
10,2.968311309814453e-05,15,87
11,2.968311309814453e-05,15,87
12,5.6743621826171875e-05,14,87
13,5.6743621826171875e-05,14,87
14,5.6743621826171875e-05,14,87
15,0.0001112222671508789,14,87
16,0.0001112222671508789,14,87
17,0.0001112222671508789,14,87
18,0.0001112222671508789,14,87
19,0.0001112222671508789,14,87
20,0.0002887845039367676,15,87
21,0.0002887845039367676,15,87
22,0.0002887845039367676,15,87
23,0.0002887845039367676,15,87
24,0.0004202723503112793,15,87
25,0.0004202723503112793,15,87
26,0.0007916092872619629,15,87
27,0.0029479265213012695,15,87
28,0.0029479265213012695,15,87
29,0.0029479265213012695,15,87
30,0.0029479265213012695,15,87
31,0.0029479265213012695,15,87
32,0.0029479265213012695,15,87
33,0.0029479265213012695,15,87
34,0.0029479265213012695,15,87
35,0.0029479265213012695,15,87
36,0.0029479265213012695,15,87
37,0.0029479265213012695,15,87
38,0.0029479265213012695,15,87
39,0.0035665035247802734,15,87
40,0.0035665035247802734,15,87
41,0.0038153529167175293,15,87
42,0.0038153529167175293,15,87
43,0.0039972662925720215,14,87
44,0.0039972662925720215,14,87
45,0.008569180965423584,15,87
46,0.008569180965423584,15,87
47,0.008569180965423584,15,87
48,0.008569180965423584,15,87
49,0.008569180965423584,15,87
50,0.008569180965423584,15,87
51,0.01195615530014038,15,87
52,0.01195615530014038,15,87
53,0.012047231197357178,15,87
54,0.012047231197357178,15,87
55,0.01481938362121582,15,87
56,0.01481938362121582,15,87
57,0.01481938362121582,15,87
58,0.01481938362121582,15,87
59,0.01481938362121582,15,87
60,0.01481938362121582,15,87
61,0.01481938362121582,15,87
62,0.01481938362121582,15,87
63,0.01481938362121582,15,87
64,0.0368044376373291,15,87
65,0.0368044376373291,15,87
66,0.0368044376373291,15,87
67,0.0368044376373291,15,87
68,0.0368044376373291,15,87
69,0.0368044376373291,15,87
70,0.0368044376373291,15,87
71,0.0368044376373291,15,87
72,0.058385491371154785,15,87
73,0.058385491371154785,15,87
74,0.058385491371154785,15,87
75,0.058385491371154785,15,87
76,0.058385491371154785,15,87
77,0.058385491371154785,15,87
78,0.058385491371154785,15,87
79,0.06580132246017456,15,87
80,0.08532935380935669,15,87
81,0.08532935380935669,15,87
82,0.08532935380935669,15,87
83,0.32275086641311646,15,87
84,0.32275086641311646,15,87
85,0.32275086641311646,15,87
86,0.32275086641311646,15,87
87,0.32275086641311646,15,87
88,0.32275086641311646,15,87
89,0.6631022989749908,15,87
90,0.6631022989749908,15,87
91,0.6631022989749908,15,87
92,0.6631022989749908,15,87
93,0.9442244656383991,15,87
94,0.9442244656383991,15,87
95,0.9442244656383991,15,87
96,0.9442244656383991,15,87
97,0.9442244656383991,15,87
98,0.9442244656383991,15,87
99,0.9442244656383991,15,87
100,0.9442244656383991,15,87
101,0.9442244656383991,15,87
102,0.9442244656383991,15,87
103,0.9442244656383991,15,87
104,0.9442244656383991,15,87
105,0.9442244656383991,15,87
106,0.9442244656383991,15,87
107,0.9442244656383991,15,87
108,0.9442244656383991,15,87
109,0.9442244656383991,15,87
110,0.9442244656383991,15,87
111,0.9534376114606857,15,87
112,0.9534376114606857,15,87
113,0.9534376114606857,15,87
114,0.9534376114606857,15,87
115,0.9534376114606857,15,87
116,0.9534376114606857,15,87
117,0.9534376114606857,15,87
118,0.9534376114606857,15,87
119,0.9635153226554394,15,87
120,0.9635153226554394,15,87
121,0.9635153226554394,15,87
122,0.9635153226554394,15,87
123,0.9635153226554394,15,87
124,0.9635153226554394,15,87
125,0.9635153226554394,15,87
126,0.9635153226554394,15,87
127,0.9635153226554394,15,87
128,0.9635153226554394,15,87
129,0.9635153226554394,15,87
130,0.9635153226554394,15,87
131,0.9635153226554394,15,87
132,0.9635153226554394,15,87
133,0.9635153226554394,15,87
134,0.9635153226554394,15,87
135,0.9635153226554394,15,87
136,0.9635153226554394,15,87
137,0.9635153226554394,15,87
138,0.9635153226554394,15,87
139,0.9635153226554394,15,87
140,0.9635153226554394,15,87
141,0.9635153226554394,15,87
142,0.9635153226554394,15,87
143,0.9635153226554394,15,87
144,0.9635153226554394,15,87
145,0.9635153226554394,15,87
146,0.9635153226554394,15,87
147,0.9635153226554394,15,87
148,0.968325674533844,15,87
149,0.968325674533844,15,87
150,0.968325674533844,15,87
151,0.968325674533844,15,87
152,0.968325674533844,15,87
153,0.968325674533844,15,87
154,0.968325674533844,15,87
155,0.968325674533844,15,87
156,0.968325674533844,15,87
157,0.968325674533844,15,87
158,0.968325674533844,15,87
159,0.968325674533844,15,87
160,0.968325674533844,15,87
161,0.968325674533844,15,87
162,0.9703161492943764,15,87
163,0.9703161492943764,15,87
164,0.9703161492943764,15,87
165,0.9703161492943764,15,87
166,0.9703161492943764,15,87
167,0.9703161492943764,15,87
168,0.9703161492943764,15,87
169,0.9703161492943764,15,87
170,0.9703161492943764,15,87
171,0.9703161492943764,15,87
172,0.9703161492943764,15,87
173,0.9748203493654728,15,87
174,0.9748203493654728,15,87
175,0.9748203493654728,15,87
176,0.9748203493654728,15,87
177,0.9748203493654728,15,87
178,0.9748203493654728,15,87
179,0.9748203493654728,15,87
180,0.9748203493654728,15,87
181,0.9748203493654728,15,87
182,0.9748203493654728,15,87
183,0.9748203493654728,15,87
184,0.9748203493654728,15,87
185,0.9845754839479923,15,87
186,0.9845754839479923,15,87
187,0.9845754839479923,15,87
188,0.9845754839479923,15,87
189,0.9845754839479923,15,87
190,0.9845754839479923,15,87
191,0.9845754839479923,15,87
192,0.9845754839479923,15,87
193,0.9845754839479923,15,87
194,0.9845754839479923,15,87
195,0.9845754839479923,15,87
196,0.9845754839479923,15,87
197,0.9845754839479923,15,87
198,0.9845754839479923,15,87
199,0.9845754839479923,15,87
200,0.9845754839479923,15,87
1,1.1920928955078125e-07,12,88
2,1.1920928955078125e-07,8,88
3,1.1920928955078125e-07,8,88
4,1.1920928955078125e-07,8,88
5,1.1920928955078125e-07,8,88
6,1.1920928955078125e-07,8,88
7,1.1920928955078125e-07,8,88
8,2.384185791015625e-07,8,88
9,2.384185791015625e-07,8,88
10,2.384185791015625e-07,8,88
11,2.384185791015625e-07,8,88
12,5.960464477539062e-07,15,88
13,7.152557373046875e-07,13,88
14,7.152557373046875e-07,13,88
15,7.152557373046875e-07,13,88
16,7.152557373046875e-07,13,88
17,7.152557373046875e-07,13,88
18,1.0728836059570312e-06,12,88
19,2.384185791015625e-06,13,88
20,1.3828277587890625e-05,15,88
21,1.3828277587890625e-05,15,88
22,1.3828277587890625e-05,15,88
23,0.00010836124420166016,14,88
24,0.00010836124420166016,14,88
25,0.00010836124420166016,14,88
26,0.00010836124420166016,14,88
27,0.00010836124420166016,14,88
28,0.00010836124420166016,14,88
29,0.00010836124420166016,14,88
30,0.00010836124420166016,14,88
31,0.00010836124420166016,14,88
32,0.00010836124420166016,14,88
33,0.00010836124420166016,14,88
34,0.0021327733993530273,14,88
35,0.002293825149536133,15,88
36,0.002293825149536133,15,88
37,0.002293825149536133,15,88
38,0.002293825149536133,15,88
39,0.002293825149536133,15,88
40,0.002293825149536133,15,88
41,0.002293825149536133,15,88
42,0.002750098705291748,14,88
43,0.00373917818069458,15,88
44,0.00373917818069458,15,88
45,0.00373917818069458,15,88
46,0.00373917818069458,15,88
47,0.00373917818069458,15,88
48,0.00373917818069458,15,88
49,0.00373917818069458,15,88
50,0.00373917818069458,15,88
51,0.00373917818069458,15,88
52,0.00373917818069458,15,88
53,0.004585385322570801,15,88
54,0.004585385322570801,15,88
55,0.004585385322570801,15,88
56,0.004585385322570801,15,88
57,0.004585385322570801,15,88
58,0.004585385322570801,15,88
59,0.004585385322570801,15,88
60,0.004750609397888184,15,88
61,0.004750609397888184,15,88
62,0.009057462215423584,15,88
63,0.009057462215423584,15,88
64,0.009057462215423584,15,88
65,0.009057462215423584,15,88
66,0.009057462215423584,15,88
67,0.009057462215423584,15,88
68,0.009057462215423584,15,88
69,0.009057462215423584,15,88
70,0.009057462215423584,15,88
71,0.009057462215423584,15,88
72,0.009057462215423584,15,88
73,0.009057462215423584,15,88
74,0.009057462215423584,15,88
75,0.009057462215423584,15,88
76,0.012639284133911133,15,88
77,0.012639284133911133,15,88
78,0.012639284133911133,15,88
79,0.012639284133911133,15,88
80,0.012715816497802734,15,88
81,0.026797354221343994,15,88
82,0.034306228160858154,14,88
83,0.034306228160858154,14,88
84,0.034306228160858154,14,88
85,0.034306228160858154,14,88
86,0.034306228160858154,14,88
87,0.034306228160858154,14,88
88,0.06067603826522827,15,88
89,0.13760244846343994,14,88
90,0.13760244846343994,14,88
91,0.13760244846343994,14,88
92,0.13760244846343994,14,88
93,0.13760244846343994,14,88
94,0.13760244846343994,14,88
95,0.13760244846343994,14,88
96,0.44306111335754395,15,88
97,0.44306111335754395,15,88
98,0.44306111335754395,15,88
99,0.44306111335754395,15,88
100,0.44306111335754395,15,88
101,0.44306111335754395,15,88
102,0.44306111335754395,15,88
103,0.44306111335754395,15,88
104,0.44306111335754395,15,88
105,0.44306111335754395,15,88
106,0.44306111335754395,15,88
107,0.44306111335754395,15,88
108,0.44306111335754395,15,88
109,0.44306111335754395,15,88
110,0.44306111335754395,15,88
111,0.44306111335754395,15,88
112,0.44306111335754395,15,88
113,0.6325383186340332,15,88
114,0.6325383186340332,15,88
115,0.6325383186340332,15,88
116,0.6325383186340332,15,88
117,0.6325383186340332,15,88
118,0.6325383186340332,15,88
119,0.6325383186340332,15,88
120,0.6325383186340332,15,88
121,0.6325383186340332,15,88
122,0.6325383186340332,15,88
123,0.6325383186340332,15,88
124,0.6325383186340332,15,88
125,0.6325383186340332,15,88
126,0.6325383186340332,15,88
127,0.6325383186340332,15,88
128,0.6325383186340332,15,88
129,0.6325383186340332,15,88
130,0.6325383186340332,15,88
131,0.6325383186340332,15,88
132,0.6325383186340332,15,88
133,0.6325383186340332,15,88
134,0.6325383186340332,15,88
135,0.6325383186340332,15,88
136,0.6325383186340332,15,88
137,0.6325383186340332,15,88
138,0.6325383186340332,15,88
139,0.6325383186340332,15,88
140,0.6325383186340332,15,88
141,0.6325383186340332,15,88
142,0.6325383186340332,15,88
143,0.6325383186340332,15,88
144,0.6325383186340332,15,88
145,0.6325383186340332,15,88
146,0.6325383186340332,15,88
147,0.6325383186340332,15,88
148,0.6325383186340332,15,88
149,0.6325383186340332,15,88
150,0.6325383186340332,15,88
151,0.6325383186340332,15,88
152,0.6325383186340332,15,88
153,0.6325383186340332,15,88
154,0.6325383186340332,15,88
155,0.6419988572597504,14,88
156,0.6419988572597504,14,88
157,0.6419988572597504,14,88
158,0.6419988572597504,14,88
159,0.6419988572597504,14,88
160,0.6419988572597504,14,88
161,0.6419988572597504,14,88
162,0.6419988572597504,14,88
163,0.6419988572597504,14,88
164,0.6419988572597504,14,88
165,0.7511391341686249,15,88
166,0.7511391341686249,15,88
167,0.7511391341686249,15,88
168,0.7511391341686249,15,88
169,0.7511391341686249,15,88
170,0.7511391341686249,15,88
171,0.7511391341686249,15,88
172,0.7511391341686249,15,88
173,0.7845983654260635,15,88
174,0.7845983654260635,15,88
175,0.7845983654260635,15,88
176,0.7845983654260635,15,88
177,0.7845983654260635,15,88
178,0.7845983654260635,15,88
179,0.7845983654260635,15,88
180,0.7845983654260635,15,88
181,0.7845983654260635,15,88
182,0.7845983654260635,15,88
183,0.7845983654260635,15,88
184,0.7845983654260635,15,88
185,0.7845983654260635,15,88
186,0.7845983654260635,15,88
187,0.7845983654260635,15,88
188,0.7845983654260635,15,88
189,0.7845983654260635,15,88
190,0.7845983654260635,15,88
191,0.7845983654260635,15,88
192,0.7845983654260635,15,88
193,0.7845983654260635,15,88
194,0.7845983654260635,15,88
195,0.7845983654260635,15,88
196,0.7845983654260635,15,88
197,0.7845983654260635,15,88
198,0.7872653901576996,15,88
199,0.7872653901576996,15,88
200,0.7872653901576996,15,88
1,5.4836273193359375e-06,14,89
2,5.4836273193359375e-06,14,89
3,5.841255187988281e-06,14,89
4,7.987022399902344e-06,15,89
5,1.2993812561035156e-05,15,89
6,2.765655517578125e-05,15,89
7,4.076957702636719e-05,15,89
8,5.3763389587402344e-05,15,89
9,5.7816505432128906e-05,15,89
10,6.628036499023438e-05,15,89
11,6.628036499023438e-05,15,89
12,6.628036499023438e-05,15,89
13,0.00012433528900146484,15,89
14,0.00012433528900146484,15,89
15,0.00019544363021850586,15,89
16,0.00019544363021850586,15,89
17,0.00019544363021850586,15,89
18,0.00019544363021850586,15,89
19,0.00019544363021850586,15,89
20,0.00019544363021850586,15,89
21,0.00019544363021850586,15,89
22,0.00019544363021850586,15,89
23,0.0002887845039367676,15,89
24,0.0002887845039367676,15,89
25,0.0002887845039367676,15,89
26,0.0002887845039367676,15,89
27,0.0002887845039367676,15,89
28,0.0002887845039367676,15,89
29,0.0002887845039367676,15,89
30,0.0002887845039367676,15,89
31,0.0002887845039367676,15,89
32,0.0002887845039367676,15,89
33,0.0006834268569946289,15,89
34,0.0006834268569946289,15,89
35,0.0006834268569946289,15,89
36,0.0006834268569946289,15,89
37,0.0006834268569946289,15,89
38,0.0006834268569946289,15,89
39,0.0006834268569946289,15,89
40,0.0006834268569946289,15,89
41,0.0006834268569946289,15,89
42,0.0006834268569946289,15,89
43,0.0025870203971862793,15,89
44,0.0025870203971862793,15,89
45,0.0025870203971862793,15,89
46,0.0025870203971862793,15,89
47,0.0025870203971862793,15,89
48,0.0025870203971862793,15,89
49,0.0025870203971862793,15,89
50,0.0025870203971862793,15,89
51,0.0029323697090148926,15,89
52,0.0029323697090148926,15,89
53,0.0029323697090148926,15,89
54,0.0029323697090148926,15,89
55,0.0029323697090148926,15,89
56,0.0029323697090148926,15,89
57,0.0029323697090148926,15,89
58,0.0029323697090148926,15,89
59,0.0029323697090148926,15,89
60,0.0029323697090148926,15,89
61,0.0029323697090148926,15,89
62,0.0029323697090148926,15,89
63,0.0029323697090148926,15,89
64,0.0029323697090148926,15,89
65,0.0029323697090148926,15,89
66,0.0029323697090148926,15,89
67,0.0029323697090148926,15,89
68,0.0035927891731262207,15,89
69,0.0035927891731262207,15,89
70,0.0052329301834106445,15,89
71,0.0052329301834106445,15,89
72,0.0052329301834106445,15,89
73,0.0052329301834106445,15,89
74,0.0052329301834106445,15,89
75,0.0052329301834106445,15,89
76,0.0067147016525268555,15,89
77,0.0067147016525268555,15,89
78,0.0067147016525268555,15,89
79,0.0067147016525268555,15,89
80,0.0067147016525268555,15,89
81,0.0067147016525268555,15,89
82,0.0067147016525268555,15,89
83,0.0067147016525268555,15,89
84,0.0067147016525268555,15,89
85,0.009684503078460693,15,89
86,0.009684503078460693,15,89
87,0.009684503078460693,15,89
88,0.009684503078460693,15,89
89,0.009684503078460693,15,89
90,0.009684503078460693,15,89
91,0.009684503078460693,15,89
92,0.009684503078460693,15,89
93,0.009684503078460693,15,89
94,0.009684503078460693,15,89
95,0.009684503078460693,15,89
96,0.009684503078460693,15,89
97,0.009684503078460693,15,89
98,0.009684503078460693,15,89
99,0.010430872440338135,15,89
100,0.010430872440338135,15,89
101,0.015167057514190674,15,89
102,0.023334980010986328,14,89
103,0.023334980010986328,14,89
104,0.023334980010986328,14,89
105,0.023334980010986328,14,89
106,0.023334980010986328,14,89
107,0.023334980010986328,14,89
108,0.023334980010986328,14,89
109,0.023334980010986328,14,89
110,0.023334980010986328,14,89
111,0.023334980010986328,14,89
112,0.023334980010986328,14,89
113,0.023334980010986328,14,89
114,0.023334980010986328,14,89
115,0.02374500036239624,14,89
116,0.02374500036239624,14,89
117,0.02374500036239624,14,89
118,0.02374500036239624,14,89
119,0.02374500036239624,14,89
120,0.02374500036239624,14,89
121,0.02374500036239624,14,89
122,0.02374500036239624,14,89
123,0.02374500036239624,14,89
124,0.024393200874328613,15,89
125,0.024393200874328613,15,89
126,0.02726036310195923,15,89
127,0.039488375186920166,15,89
128,0.039488375186920166,15,89
129,0.039488375186920166,15,89
130,0.039488375186920166,15,89
131,0.039488375186920166,15,89
132,0.039488375186920166,15,89
133,0.039488375186920166,15,89
134,0.039488375186920166,15,89
135,0.039488375186920166,15,89
136,0.039488375186920166,15,89
137,0.039488375186920166,15,89
138,0.039488375186920166,15,89
139,0.039488375186920166,15,89
140,0.039488375186920166,15,89
141,0.039488375186920166,15,89
142,0.039488375186920166,15,89
143,0.039488375186920166,15,89
144,0.041727662086486816,15,89
145,0.041727662086486816,15,89
146,0.041727662086486816,15,89
147,0.041727662086486816,15,89
148,0.041727662086486816,15,89
149,0.041727662086486816,15,89
150,0.041727662086486816,15,89
151,0.041727662086486816,15,89
152,0.041727662086486816,15,89
153,0.041727662086486816,15,89
154,0.04191875457763672,15,89
155,0.04191875457763672,15,89
156,0.04191875457763672,15,89
157,0.05774646997451782,15,89
158,0.05774646997451782,15,89
159,0.05774646997451782,15,89
160,0.05774646997451782,15,89
161,0.05774646997451782,15,89
162,0.05774646997451782,15,89
163,0.05774646997451782,15,89
164,0.05774646997451782,15,89
165,0.07886558771133423,15,89
166,0.07886558771133423,15,89
167,0.08572328090667725,15,89
168,0.08572328090667725,15,89
169,0.08572328090667725,15,89
170,0.08572328090667725,15,89
171,0.08572328090667725,15,89
172,0.08572328090667725,15,89
173,0.08572328090667725,15,89
174,0.08572328090667725,15,89
175,0.08572328090667725,15,89
176,0.08572328090667725,15,89
177,0.08572328090667725,15,89
178,0.08572328090667725,15,89
179,0.08572328090667725,15,89
180,0.08572328090667725,15,89
181,0.08572328090667725,15,89
182,0.08572328090667725,15,89
183,0.08572328090667725,15,89
184,0.08572328090667725,15,89
185,0.09167969226837158,14,89
186,0.09167969226837158,14,89
187,0.09167969226837158,14,89
188,0.09167969226837158,14,89
189,0.09167969226837158,14,89
190,0.09506332874298096,15,89
191,0.09506332874298096,15,89
192,0.09506332874298096,15,89
193,0.09506332874298096,15,89
194,0.09506332874298096,15,89
195,0.09506332874298096,15,89
196,0.09964698553085327,15,89
197,0.16433680057525635,15,89
198,0.16433680057525635,15,89
199,0.16433680057525635,15,89
200,0.1857786774635315,15,89
1,0.0001755356788635254,15,90
2,0.00020259618759155273,8,90
3,0.0004157423973083496,15,90
4,0.00078582763671875,12,90
5,0.0015909075736999512,15,90
6,0.005901455879211426,15,90
7,0.005901455879211426,15,90
8,0.005901455879211426,15,90
9,0.005989015102386475,13,90
10,0.008508265018463135,14,90
11,0.02699112892150879,14,90
12,0.02699112892150879,14,90
13,0.02699112892150879,14,90
14,0.02699112892150879,14,90
15,0.032324910163879395,15,90
16,0.03435260057449341,14,90
17,0.03435260057449341,14,90
18,0.03435260057449341,14,90
19,0.06543582677841187,15,90
20,0.0734093189239502,15,90
21,0.0734093189239502,15,90
22,0.0734093189239502,15,90
23,0.19882118701934814,15,90
24,0.19882118701934814,15,90
25,0.19882118701934814,15,90
26,0.352807879447937,15,90
27,0.352807879447937,15,90
28,0.352807879447937,15,90
29,0.352807879447937,15,90
30,0.5469725131988525,15,90
31,0.5469725131988525,15,90
32,0.5469725131988525,15,90
33,0.5469725131988525,15,90
34,0.5469725131988525,15,90
35,0.5469725131988525,15,90
36,0.5469725131988525,15,90
37,0.5469725131988525,15,90
38,0.5469725131988525,15,90
39,0.5546554923057556,15,90
40,0.5546554923057556,15,90
41,0.6886051893234253,15,90
42,0.786795124411583,15,90
43,0.786795124411583,15,90
44,0.786795124411583,15,90
45,0.7938362061977386,15,90
46,0.7938362061977386,15,90
47,0.8723411113023758,15,90
48,0.8723411113023758,15,90
49,0.8723411113023758,15,90
50,0.8723411113023758,15,90
51,0.8723411113023758,15,90
52,0.8723411113023758,15,90
53,0.8723411113023758,15,90
54,0.8723411113023758,15,90
55,0.8723411113023758,15,90
56,0.8723411113023758,15,90
57,0.8723411113023758,15,90
58,0.8723411113023758,15,90
59,0.8893952146172523,15,90
60,0.8893952146172523,15,90
61,0.8893952146172523,15,90
62,0.8893952146172523,15,90
63,0.8893952146172523,15,90
64,0.8893952146172523,15,90
65,0.8893952146172523,15,90
66,0.9444129206240177,15,90
67,0.9444129206240177,15,90
68,0.9809744358062744,15,90
69,0.9809744358062744,15,90
70,0.9809744358062744,15,90
71,0.9809744358062744,15,90
72,0.9809744358062744,15,90
73,0.9934206460602582,14,90
74,0.9934206460602582,14,90
75,0.9934206460602582,14,90
76,0.9934206460602582,14,90
77,0.9934206460602582,14,90
78,0.9934206460602582,14,90
79,0.9934206460602582,14,90
80,0.9934206460602582,14,90
81,0.9934206460602582,14,90
82,0.9934206460602582,14,90
83,0.9934206460602582,14,90
84,0.9934206460602582,14,90
85,0.9934206460602582,14,90
86,0.9934206460602582,14,90
87,0.9934206460602582,14,90
88,0.9952528267167509,15,90
89,0.9952528267167509,15,90
90,0.9952528267167509,15,90
91,0.9952528267167509,15,90
92,0.9952528267167509,15,90
93,0.9952528267167509,15,90
94,0.9952528267167509,15,90
95,0.9952528267167509,15,90
96,0.9952528267167509,15,90
97,0.9955154699273407,15,90
98,0.9955154699273407,15,90
99,0.9955154699273407,15,90
100,0.9956298507750034,15,90
101,0.9956298507750034,15,90
102,0.9956298507750034,15,90
103,0.9956298507750034,15,90
104,0.9956298507750034,15,90
105,0.9956298507750034,15,90
106,0.9956298507750034,15,90
107,0.9956298507750034,15,90
108,0.9956298507750034,15,90
109,0.9956298507750034,15,90
110,0.9975415754597634,15,90
111,0.9975415754597634,15,90
112,0.9975415754597634,15,90
113,0.9975415754597634,15,90
114,0.9975415754597634,15,90
115,0.9975415754597634,15,90
116,0.9975415754597634,15,90
117,0.9975415754597634,15,90
118,0.9975415754597634,15,90
119,0.9975415754597634,15,90
120,0.9980112465564162,15,90
121,0.9980112465564162,15,90
122,0.9980112465564162,15,90
123,0.9980112465564162,15,90
124,0.9980112465564162,15,90
125,0.9980112465564162,15,90
126,0.9980112465564162,15,90
127,0.9980112465564162,15,90
128,0.9980112465564162,15,90
129,0.9989749863743782,15,90
130,0.9989749863743782,15,90
131,0.9989749863743782,15,90
132,0.9989749863743782,15,90
133,0.9989749863743782,15,90
134,0.9989749863743782,15,90
135,0.9989749863743782,15,90
136,0.9989749863743782,15,90
137,0.9989749863743782,15,90
138,0.9989749863743782,15,90
139,0.9992122435360216,15,90
140,0.9992122435360216,15,90
141,0.9992122435360216,15,90
142,0.9992122435360216,15,90
143,0.9994444901822135,15,90
144,0.9994444901822135,15,90
145,0.9994444901822135,15,90
146,0.9994444901822135,15,90
147,0.9994444901822135,15,90
148,0.9994444901822135,15,90
149,0.9994444901822135,15,90
150,0.9994444901822135,15,90
151,0.9994444901822135,15,90
152,0.9995456143224146,15,90
153,0.9995456143224146,15,90
154,0.9995456143224146,15,90
155,0.9995456143224146,15,90
156,0.9995456143224146,15,90
157,0.9995456143224146,15,90
158,0.9995456143224146,15,90
159,0.9995456143224146,15,90
160,0.9995456143224146,15,90
161,0.9995456143224146,15,90
162,0.9995456143224146,15,90
163,0.9995456143224146,15,90
164,0.9995456143224146,15,90
165,0.9995456143224146,15,90
166,0.9995456143224146,15,90
167,0.9995726855995599,15,90
168,0.9997981931228423,15,90
169,0.999918084104138,15,90
170,0.999918084104138,15,90
171,0.999918084104138,15,90
172,0.999918084104138,15,90
173,0.999918084104138,15,90
174,0.999918084104138,15,90
175,0.999918084104138,15,90
176,0.999918084104138,15,90
177,0.999918084104138,15,90
178,0.999918084104138,15,90
179,0.999918084104138,15,90
180,0.999918084104138,15,90
181,0.999918084104138,15,90
182,0.999918084104138,15,90
183,0.999918084104138,15,90
184,0.999918084104138,15,90
185,0.999918084104138,15,90
186,0.999918084104138,15,90
187,0.999918084104138,15,90
188,0.999918084104138,15,90
189,0.999918084104138,15,90
190,0.999918084104138,15,90
191,0.999918084104138,15,90
192,0.999918084104138,15,90
193,0.999918084104138,15,90
194,0.999918084104138,15,90
195,0.999918084104138,15,90
196,0.999918084104138,15,90
197,0.999918084104138,15,90
198,0.999918084104138,15,90
199,0.999918084104138,15,90
200,0.999918084104138,15,90
1,4.291534423828125e-06,9,91
2,6.4373016357421875e-06,11,91
3,1.3828277587890625e-05,8,91
4,2.944469451904297e-05,15,91
5,2.944469451904297e-05,15,91
6,2.944469451904297e-05,15,91
7,2.944469451904297e-05,15,91
8,2.944469451904297e-05,15,91
9,2.944469451904297e-05,15,91
10,3.600120544433594e-05,13,91
11,3.600120544433594e-05,13,91
12,3.600120544433594e-05,13,91
13,0.00023609399795532227,15,91
14,0.00023609399795532227,15,91
15,0.00023609399795532227,15,91
16,0.00023609399795532227,15,91
17,0.00023609399795532227,15,91
18,0.00023609399795532227,15,91
19,0.0003082752227783203,15,91
20,0.0003082752227783203,15,91
21,0.0003082752227783203,15,91
22,0.0003082752227783203,15,91
23,0.0003082752227783203,15,91
24,0.0003082752227783203,15,91
25,0.00042873620986938477,15,91
26,0.00042873620986938477,15,91
27,0.00042873620986938477,15,91
28,0.00042873620986938477,15,91
29,0.0006178617477416992,15,91
30,0.0006178617477416992,15,91
31,0.0006178617477416992,15,91
32,0.0008488893508911133,15,91
33,0.0008488893508911133,15,91
34,0.0008488893508911133,15,91
35,0.0008488893508911133,15,91
36,0.0008488893508911133,15,91
37,0.001916646957397461,15,91
38,0.001916646957397461,15,91
39,0.001916646957397461,15,91
40,0.001916646957397461,15,91
41,0.001916646957397461,15,91
42,0.001916646957397461,15,91
43,0.0028623342514038086,15,91
44,0.0028623342514038086,15,91
45,0.0028623342514038086,15,91
46,0.0028623342514038086,15,91
47,0.0028623342514038086,15,91
48,0.0028623342514038086,15,91
49,0.0028623342514038086,15,91
50,0.0028623342514038086,15,91
51,0.0028623342514038086,15,91
52,0.0028623342514038086,15,91
53,0.0030846595764160156,15,91
54,0.008561491966247559,15,91
55,0.008561491966247559,15,91
56,0.008561491966247559,15,91
57,0.008561491966247559,15,91
58,0.008561491966247559,15,91
59,0.008561491966247559,15,91
60,0.008561491966247559,15,91
61,0.008561491966247559,15,91
62,0.008561491966247559,15,91
63,0.008561491966247559,15,91
64,0.008561491966247559,15,91
65,0.008561491966247559,15,91
66,0.02083057165145874,15,91
67,0.02083057165145874,15,91
68,0.02083057165145874,15,91
69,0.02083057165145874,15,91
70,0.02083057165145874,15,91
71,0.02083057165145874,15,91
72,0.02083057165145874,15,91
73,0.027956485748291016,15,91
74,0.027956485748291016,15,91
75,0.027956485748291016,15,91
76,0.027956485748291016,15,91
77,0.028078675270080566,15,91
78,0.028078675270080566,15,91
79,0.028078675270080566,15,91
80,0.028078675270080566,15,91
81,0.028078675270080566,15,91
82,0.028078675270080566,15,91
83,0.028078675270080566,15,91
84,0.028078675270080566,15,91
85,0.11490309238433838,15,91
86,0.11490309238433838,15,91
87,0.11490309238433838,15,91
88,0.11490309238433838,15,91
89,0.11490309238433838,15,91
90,0.11490309238433838,15,91
91,0.11490309238433838,15,91
92,0.11490309238433838,15,91
93,0.11490309238433838,15,91
94,0.11490309238433838,15,91
95,0.1233292818069458,15,91
96,0.1233292818069458,15,91
97,0.14320123195648193,15,91
98,0.14320123195648193,15,91
99,0.14320123195648193,15,91
100,0.14340609312057495,15,91
101,0.1466057300567627,15,91
102,0.1466057300567627,15,91
103,0.1466057300567627,15,91
104,0.1466057300567627,15,91
105,0.16712623834609985,15,91
106,0.16712623834609985,15,91
107,0.16712623834609985,15,91
108,0.16712623834609985,15,91
109,0.16712623834609985,15,91
110,0.16712623834609985,15,91
111,0.16712623834609985,15,91
112,0.18435853719711304,15,91
113,0.25123947858810425,15,91
114,0.25123947858810425,15,91
115,0.25123947858810425,15,91
116,0.25123947858810425,15,91
117,0.25123947858810425,15,91
118,0.25123947858810425,15,91
119,0.25123947858810425,15,91
120,0.25123947858810425,15,91
121,0.25123947858810425,15,91
122,0.25123947858810425,15,91
123,0.5185301899909973,15,91
124,0.5185301899909973,15,91
125,0.5185301899909973,15,91
126,0.5185301899909973,15,91
127,0.5185301899909973,15,91
128,0.5185301899909973,15,91
129,0.5185301899909973,15,91
130,0.5185301899909973,15,91
131,0.5185301899909973,15,91
132,0.5185301899909973,15,91
133,0.5185301899909973,15,91
134,0.5185301899909973,15,91
135,0.5185301899909973,15,91
136,0.5185301899909973,15,91
137,0.9011464715003967,14,91
138,0.9011464715003967,14,91
139,0.9011464715003967,14,91
140,0.9011464715003967,14,91
141,0.9011464715003967,14,91
142,0.9011464715003967,14,91
143,0.9011464715003967,14,91
144,0.9011464715003967,14,91
145,0.9011464715003967,14,91
146,0.9011464715003967,14,91
147,0.9011464715003967,14,91
148,0.9011464715003967,14,91
149,0.9011464715003967,14,91
150,0.9011464715003967,14,91
151,0.9011464715003967,14,91
152,0.9011464715003967,14,91
153,0.9011464715003967,14,91
154,0.9011464715003967,14,91
155,0.9011464715003967,14,91
156,0.9011464715003967,14,91
157,0.9011464715003967,14,91
158,0.9011464715003967,14,91
159,0.9011464715003967,14,91
160,0.9011464715003967,14,91
161,0.9011464715003967,14,91
162,0.9011464715003967,14,91
163,0.9011464715003967,14,91
164,0.9011464715003967,14,91
165,0.9011464715003967,14,91
166,0.9011464715003967,14,91
167,0.9011464715003967,14,91
168,0.9032627642154694,15,91
169,0.9032627642154694,15,91
170,0.9032627642154694,15,91
171,0.9032627642154694,15,91
172,0.9032627642154694,15,91
173,0.9032627642154694,15,91
174,0.9032627642154694,15,91
175,0.9032627642154694,15,91
176,0.9032627642154694,15,91
177,0.9032627642154694,15,91
178,0.9032627642154694,15,91
179,0.9032627642154694,15,91
180,0.9032627642154694,15,91
181,0.9032627642154694,15,91
182,0.9032627642154694,15,91
183,0.9032627642154694,15,91
184,0.9032627642154694,15,91
185,0.9032627642154694,15,91
186,0.9637614637613297,15,91
187,0.9637614637613297,15,91
188,0.9637614637613297,15,91
189,0.9637614637613297,15,91
190,0.9637614637613297,15,91
191,0.9637614637613297,15,91
192,0.9719622489064932,15,91
193,0.9719622489064932,15,91
194,0.9719622489064932,15,91
195,0.9719622489064932,15,91
196,0.9719622489064932,15,91
197,0.9719622489064932,15,91
198,0.9719622489064932,15,91
199,0.9719622489064932,15,91
200,0.9719622489064932,15,91
1,0.9999999427289339,15,92
2,0.9999999339039007,10,92
3,0.9999999339039007,10,92
4,0.999999991805077,15,92
5,0.999999991805077,15,92
6,0.9999999839016578,15,92
7,0.9999999839016578,15,92
8,0.9999999839016578,15,92
9,0.9999999839016578,15,92
10,0.9999999755669347,15,92
11,0.9999999755669347,15,92
12,0.9999999755669347,15,92
13,0.9999999755669347,15,92
14,0.9999999755669347,15,92
15,0.9999999755669347,15,92
16,0.9999999755669347,15,92
17,0.9999999755669347,15,92
18,0.9999999755669347,15,92
19,0.9999999755669347,15,92
20,0.9999999755669347,15,92
21,0.9999999755669347,15,92
22,0.9999999733236749,14,92
23,0.9999999903438361,15,92
24,0.9999999903438361,15,92
25,0.9999999903438361,15,92
26,0.9999999903438361,15,92
27,0.9999999903438361,15,92
28,0.9999999903438361,15,92
29,0.9999999903438361,15,92
30,0.9999999903438361,15,92
31,0.9999999903438361,15,92
32,0.9999999903438361,15,92
33,0.9999999903438361,15,92
34,0.9999999903438361,15,92
35,0.9999999903438361,15,92
36,0.9999999903438361,15,92
37,0.9999999903438361,15,92
38,0.9999999903438361,15,92
39,0.9999999903438361,15,92
40,0.9999999903438361,15,92
41,0.9999999903438361,15,92
42,0.9999999903438361,15,92
43,0.9999999903438361,15,92
44,0.9999999903438361,15,92
45,0.9999999903438361,15,92
46,0.9999999903438361,15,92
47,0.9999999903438361,15,92
48,0.9999999903438361,15,92
49,0.9999999903438361,15,92
50,0.9999999903438361,15,92
51,0.9999999903438361,15,92
52,0.9999999903438361,15,92
53,0.9999999903438361,15,92
54,0.9999999903438361,15,92
55,0.9999999903438361,15,92
56,0.9999999903438361,15,92
57,0.9999999903438361,15,92
58,0.9999999903438361,15,92
59,0.9999999903438361,15,92
60,0.9999999903438361,15,92
61,0.9999999903438361,15,92
62,0.9999999903438361,15,92
63,0.9999999903438361,15,92
64,0.9999999903438361,15,92
65,0.9999999903438361,15,92
66,0.9999999903438361,15,92
67,0.9999999903438361,15,92
68,0.9999999903438361,15,92
69,0.9999999903438361,15,92
70,0.9999999903438361,15,92
71,0.9999999903438361,15,92
72,0.9999999903438361,15,92
73,0.9999999903438361,15,92
74,0.9999999903438361,15,92
75,0.9999999903438361,15,92
76,0.9999999903438361,15,92
77,0.9999999903438361,15,92
78,0.9999999903438361,15,92
79,0.9999999903438361,15,92
80,0.9999999903438361,15,92
81,0.9999999903438361,15,92
82,0.9999999903438361,15,92
83,0.9999999903438361,15,92
84,0.9999999903438361,15,92
85,0.9999999903438361,15,92
86,0.9999999903438361,15,92
87,0.9999999903438361,15,92
88,0.9999999903438361,15,92
89,0.9999999903438361,15,92
90,0.9999999903438361,15,92
91,0.9999999903438361,15,92
92,0.9999999903438361,15,92
93,0.9999999903438361,15,92
94,0.9999999903438361,15,92
95,0.9999999903438361,15,92
96,0.9999999903438361,15,92
97,0.9999999903438361,15,92
98,0.9999999903438361,15,92
99,0.9999999903438361,15,92
100,0.9999999903438361,15,92
101,0.9999999903438361,15,92
102,0.9999999903438361,15,92
103,0.9999999903438361,15,92
104,0.9999999903438361,15,92
105,0.9999999903438361,15,92
106,0.9999999903438361,15,92
107,0.9999999903438361,15,92
108,0.9999999903438361,15,92
109,0.9999999903438361,15,92
110,0.9999999903438361,15,92
111,0.9999999903438361,15,92
112,0.9999999903438361,15,92
113,0.9999999903438361,15,92
114,0.9999999903438361,15,92
115,0.9999999903438361,15,92
116,0.9999999903438361,15,92
117,0.9999999903438361,15,92
118,0.9999999903438361,15,92
119,0.9999999903438361,15,92
120,0.9999999903438361,15,92
121,0.9999999903438361,15,92
122,0.9999999903438361,15,92
123,0.9999999903438361,15,92
124,0.9999999903438361,15,92
125,0.9999999903438361,15,92
126,0.9999999903438361,15,92
127,0.9999999903438361,15,92
128,0.9999999903438361,15,92
129,0.9999999903438361,15,92
130,0.9999999903438361,15,92
131,0.9999999903438361,15,92
132,0.9999999903438361,15,92
133,0.9999999903438361,15,92
134,0.9999999903438361,15,92
135,0.9999999903438361,15,92
136,0.9999999903438361,15,92
137,0.9999999903438361,15,92
138,0.9999999903438361,15,92
139,0.9999999903438361,15,92
140,0.9999999903438361,15,92
141,0.9999999903438361,15,92
142,0.9999999903438361,15,92
143,0.9999999903438361,15,92
144,0.9999999903438361,15,92
145,0.9999999903438361,15,92
146,0.9999999903438361,15,92
147,0.9999999903438361,15,92
148,0.9999999903438361,15,92
149,0.9999999903438361,15,92
150,0.9999999903438361,15,92
151,0.9999999903438361,15,92
152,0.9999999903438361,15,92
153,0.9999999903438361,15,92
154,0.9999999903438361,15,92
155,0.9999999903438361,15,92
156,0.9999999903438361,15,92
157,0.9999999903438361,15,92
158,0.9999999903438361,15,92
159,0.9999999903438361,15,92
160,0.9999999903438361,15,92
161,0.9999999903438361,15,92
162,0.9999999903438361,15,92
163,0.9999999903438361,15,92
164,0.9999999903438361,15,92
165,0.9999999903438361,15,92
166,0.9999999903438361,15,92
167,0.9999999903438361,15,92
168,0.9999999903438361,15,92
169,0.9999999903438361,15,92
170,0.9999999903438361,15,92
171,0.9999999903438361,15,92
172,0.9999999903438361,15,92
173,0.9999999903438361,15,92
174,0.9999999903438361,15,92
175,0.9999999903438361,15,92
176,0.9999999903438361,15,92
177,0.9999999903438361,15,92
178,0.9999999903438361,15,92
179,0.9999999903438361,15,92
180,0.9999999903438361,15,92
181,0.9999999903438361,15,92
182,0.9999999903438361,15,92
183,0.9999999903438361,15,92
184,0.9999999903438361,15,92
185,0.9999999903438361,15,92
186,0.9999999903438361,15,92
187,0.9999999903438361,15,92
188,0.9999999903438361,15,92
189,0.9999999903438361,15,92
190,0.9999999903438361,15,92
191,0.9999999903438361,15,92
192,0.9999999903438361,15,92
193,0.9999999903438361,15,92
194,0.9999999903438361,15,92
195,0.9999999903438361,15,92
196,0.9999999903438361,15,92
197,0.9999999903438361,15,92
198,0.9999999903438361,15,92
199,0.9999999903438361,15,92
200,0.9999999903438361,15,92
1,0.0,7,93
2,0.0,7,93
3,0.0,7,93
4,0.0,7,93
5,0.0,7,93
6,0.0,7,93
7,0.0,7,93
8,0.0,7,93
9,0.0,7,93
10,0.0,7,93
11,0.0,7,93
12,0.0,7,93
13,0.0,7,93
14,0.0,7,93
15,0.0,7,93
16,0.0,7,93
17,0.0,7,93
18,0.0,7,93
19,0.0,7,93
20,0.0,7,93
21,0.0,7,93
22,0.0,7,93
23,0.0,7,93
24,0.0,7,93
25,0.0,7,93
26,0.0,7,93
27,0.0,7,93
28,0.0,7,93
29,0.0,7,93
30,0.0,7,93
31,0.0,7,93
32,0.0,7,93
33,0.0,7,93
34,0.0,7,93
35,0.0,7,93
36,0.0,7,93
37,0.0,7,93
38,0.0,7,93
39,0.0,7,93
40,0.0,7,93
41,0.0,7,93
42,0.0,7,93
43,0.0,7,93
44,0.0,7,93
45,0.0,7,93
46,0.0,7,93
47,0.0,7,93
48,0.0,7,93
49,0.0,7,93
50,0.0,7,93
51,0.0,7,93
52,0.0,7,93
53,0.0,7,93
54,0.0,7,93
55,0.0,7,93
56,0.0,7,93
57,0.0,7,93
58,0.0,7,93
59,0.0,7,93
60,0.0,7,93
61,0.0,7,93
62,0.0,7,93
63,0.0,7,93
64,0.0,7,93
65,0.0,7,93
66,0.0,7,93
67,0.0,7,93
68,0.0,7,93
69,0.0,7,93
70,0.0,7,93
71,0.0,7,93
72,0.0,7,93
73,0.0,7,93
74,0.0,7,93
75,0.0,7,93
76,0.0,7,93
77,0.0,7,93
78,0.0,7,93
79,0.0,7,93
80,0.0,7,93
81,0.0,7,93
82,0.0,7,93
83,0.0,7,93
84,0.0,7,93
85,0.0,7,93
86,0.0,7,93
87,0.0,7,93
88,0.0,7,93
89,0.0,7,93
90,0.0,7,93
91,0.0,7,93
92,0.0,7,93
93,0.0,7,93
94,0.0,7,93
95,0.0,7,93
96,0.0,7,93
97,0.0,7,93
98,0.0,7,93
99,0.0,7,93
100,0.0,7,93
101,0.0,7,93
102,0.0,7,93
103,0.0,7,93
104,0.0,7,93
105,0.0,7,93
106,0.0,7,93
107,0.0,7,93
108,0.0,7,93
109,0.0,7,93
110,0.0,7,93
111,0.0,7,93
112,0.0,7,93
113,0.0,7,93
114,0.0,7,93
115,0.0,7,93
116,0.0,7,93
117,0.0,7,93
118,0.0,7,93
119,0.0,7,93
120,0.0,7,93
121,0.0,7,93
122,0.0,7,93
123,0.0,7,93
124,0.0,7,93
125,0.0,7,93
126,0.0,7,93
127,0.0,7,93
128,0.0,7,93
129,0.0,7,93
130,0.0,7,93
131,0.0,7,93
132,0.0,7,93
133,0.0,7,93
134,0.0,7,93
135,0.0,7,93
136,0.0,7,93
137,0.0,7,93
138,0.0,7,93
139,0.0,7,93
140,0.0,7,93
141,0.0,7,93
142,0.0,7,93
143,0.0,7,93
144,0.0,7,93
145,0.0,7,93
146,0.0,7,93
147,0.0,7,93
148,0.0,7,93
149,0.0,7,93
150,0.0,7,93
151,0.0,7,93
152,0.0,7,93
153,0.0,7,93
154,0.0,7,93
155,0.0,7,93
156,0.0,7,93
157,0.0,7,93
158,0.0,7,93
159,0.0,7,93
160,0.0,7,93
161,0.0,7,93
162,0.0,7,93
163,0.0,7,93
164,0.0,7,93
165,0.0,7,93
166,0.0,7,93
167,0.0,7,93
168,0.0,7,93
169,0.0,7,93
170,0.0,7,93
171,0.0,7,93
172,0.0,7,93
173,0.0,7,93
174,0.0,7,93
175,0.0,7,93
176,0.0,7,93
177,0.0,7,93
178,0.0,7,93
179,0.0,7,93
180,0.0,7,93
181,0.0,7,93
182,0.0,7,93
183,0.0,7,93
184,0.0,7,93
185,0.0,7,93
186,0.0,7,93
187,0.0,7,93
188,0.0,7,93
189,0.0,7,93
190,0.0,7,93
191,0.0,7,93
192,0.0,7,93
193,0.0,7,93
194,0.0,7,93
195,0.0,7,93
196,0.0,7,93
197,0.0,7,93
198,0.0,7,93
199,0.0,7,93
200,0.0,7,93
1,0.0,1,94
2,0.0,1,94
3,0.0,1,94
4,0.0,1,94
5,0.0,1,94
6,0.0,1,94
7,0.0,1,94
8,0.0,1,94
9,0.0,1,94
10,0.0,1,94
11,0.0,1,94
12,0.0,1,94
13,0.0,1,94
14,0.0,1,94
15,1.1920928955078125e-07,14,94
16,1.1920928955078125e-07,14,94
17,1.1920928955078125e-07,14,94
18,1.1920928955078125e-07,14,94
19,1.1920928955078125e-07,14,94
20,1.1920928955078125e-07,14,94
21,1.1920928955078125e-07,14,94
22,1.1920928955078125e-07,14,94
23,1.1920928955078125e-07,14,94
24,1.1920928955078125e-07,14,94
25,1.1920928955078125e-07,14,94
26,1.1920928955078125e-07,14,94
27,1.1920928955078125e-07,14,94
28,1.1920928955078125e-07,14,94
29,1.1920928955078125e-07,14,94
30,1.1920928955078125e-07,14,94
31,1.1920928955078125e-07,14,94
32,1.1920928955078125e-07,14,94
33,1.1920928955078125e-07,14,94
34,1.1920928955078125e-07,14,94
35,1.1920928955078125e-07,14,94
36,1.1920928955078125e-07,14,94
37,1.1920928955078125e-07,14,94
38,1.1920928955078125e-07,14,94
39,1.1920928955078125e-07,14,94
40,1.1920928955078125e-07,14,94
41,1.1920928955078125e-07,14,94
42,1.1920928955078125e-07,14,94
43,1.1920928955078125e-07,14,94
44,1.1920928955078125e-07,14,94
45,1.1920928955078125e-07,14,94
46,1.1920928955078125e-07,14,94
47,1.1920928955078125e-07,14,94
48,1.1920928955078125e-07,14,94
49,1.1920928955078125e-07,14,94
50,1.1920928955078125e-07,14,94
51,1.1920928955078125e-07,14,94
52,1.1920928955078125e-07,14,94
53,1.1920928955078125e-07,14,94
54,1.1920928955078125e-07,14,94
55,1.1920928955078125e-07,14,94
56,1.1920928955078125e-07,14,94
57,1.1920928955078125e-07,14,94
58,1.1920928955078125e-07,14,94
59,1.1920928955078125e-07,14,94
60,1.1920928955078125e-07,14,94
61,1.1920928955078125e-07,14,94
62,1.1920928955078125e-07,14,94
63,2.384185791015625e-07,15,94
64,2.384185791015625e-07,15,94
65,2.384185791015625e-07,15,94
66,2.384185791015625e-07,15,94
67,2.384185791015625e-07,15,94
68,3.5762786865234375e-07,15,94
69,3.5762786865234375e-07,15,94
70,3.5762786865234375e-07,15,94
71,3.5762786865234375e-07,15,94
72,3.5762786865234375e-07,15,94
73,3.5762786865234375e-07,15,94
74,3.5762786865234375e-07,15,94
75,3.5762786865234375e-07,15,94
76,3.5762786865234375e-07,15,94
77,3.5762786865234375e-07,15,94
78,3.5762786865234375e-07,15,94
79,3.5762786865234375e-07,15,94
80,9.5367431640625e-07,15,94
81,9.5367431640625e-07,15,94
82,2.6702880859375e-05,13,94
83,2.6702880859375e-05,13,94
84,2.6702880859375e-05,13,94
85,2.6702880859375e-05,13,94
86,2.6702880859375e-05,13,94
87,2.6702880859375e-05,13,94
88,2.6702880859375e-05,13,94
89,2.6702880859375e-05,13,94
90,2.6702880859375e-05,13,94
91,2.6702880859375e-05,13,94
92,2.6702880859375e-05,13,94
93,7.37905502319336e-05,15,94
94,7.37905502319336e-05,15,94
95,7.37905502319336e-05,15,94
96,9.393692016601562e-05,15,94
97,9.393692016601562e-05,15,94
98,9.393692016601562e-05,15,94
99,0.00011336803436279297,15,94
100,0.00011336803436279297,15,94
101,0.00011336803436279297,15,94
102,0.0006430745124816895,15,94
103,0.0006430745124816895,15,94
104,0.001383066177368164,15,94
105,0.001383066177368164,15,94
106,0.001383066177368164,15,94
107,0.001383066177368164,15,94
108,0.001383066177368164,15,94
109,0.0040718913078308105,15,94
110,0.0040718913078308105,15,94
111,0.0040718913078308105,15,94
112,0.0040718913078308105,15,94
113,0.0040718913078308105,15,94
114,0.006644725799560547,15,94
115,0.006644725799560547,15,94
116,0.006644725799560547,15,94
117,0.006644725799560547,15,94
118,0.010795891284942627,15,94
119,0.010795891284942627,15,94
120,0.010795891284942627,15,94
121,0.010795891284942627,15,94
122,0.010795891284942627,15,94
123,0.010795891284942627,15,94
124,0.010795891284942627,15,94
125,0.010795891284942627,15,94
126,0.010795891284942627,15,94
127,0.010795891284942627,15,94
128,0.010795891284942627,15,94
129,0.011722266674041748,15,94
130,0.011722266674041748,15,94
131,0.011722266674041748,15,94
132,0.011722266674041748,15,94
133,0.011722266674041748,15,94
134,0.03420919179916382,15,94
135,0.03420919179916382,15,94
136,0.03420919179916382,15,94
137,0.03420919179916382,15,94
138,0.03891044855117798,15,94
139,0.03891044855117798,15,94
140,0.0863875150680542,15,94
141,0.0863875150680542,15,94
142,0.11683756113052368,14,94
143,0.11683756113052368,14,94
144,0.11683756113052368,14,94
145,0.2714519500732422,15,94
146,0.2714519500732422,15,94
147,0.2714519500732422,15,94
148,0.2714519500732422,15,94
149,0.2714519500732422,15,94
150,0.27471184730529785,15,94
151,0.29510658979415894,15,94
152,0.29510658979415894,15,94
153,0.29510658979415894,15,94
154,0.29510658979415894,15,94
155,0.29510658979415894,15,94
156,0.29510658979415894,15,94
157,0.29510658979415894,15,94
158,0.29510658979415894,15,94
159,0.29510658979415894,15,94
160,0.29510658979415894,15,94
161,0.3226816654205322,14,94
162,0.3226816654205322,14,94
163,0.38794732093811035,15,94
164,0.38794732093811035,15,94
165,0.38794732093811035,15,94
166,0.38794732093811035,15,94
167,0.38794732093811035,15,94
168,0.38794732093811035,15,94
169,0.38794732093811035,15,94
170,0.38794732093811035,15,94
171,0.38794732093811035,15,94
172,0.38794732093811035,15,94
173,0.7816500663757324,15,94
174,0.7816500663757324,15,94
175,0.7816500663757324,15,94
176,0.7816500663757324,15,94
177,0.7816500663757324,15,94
178,0.7816500663757324,15,94
179,0.7816500663757324,15,94
180,0.7816500663757324,15,94
181,0.7816500663757324,15,94
182,0.7816500663757324,15,94
183,0.7816500663757324,15,94
184,0.7816500663757324,15,94
185,0.7816500663757324,15,94
186,0.8588762432336807,15,94
187,0.8588762432336807,15,94
188,0.8588762432336807,15,94
189,0.8588762432336807,15,94
190,0.8588762432336807,15,94
191,0.9033748656511307,15,94
192,0.9033748656511307,15,94
193,0.9033748656511307,15,94
194,0.9033748656511307,15,94
195,0.9033748656511307,15,94
196,0.9033748656511307,15,94
197,0.9033748656511307,15,94
198,0.9033748656511307,15,94
199,0.9033748656511307,15,94
200,0.9041837677359581,15,94
1,0.0002619624137878418,12,95
2,0.0012940168380737305,15,95
3,0.0012940168380737305,15,95
4,0.0034380555152893066,14,95
5,0.010712623596191406,14,95
6,0.010712623596191406,14,95
7,0.010712623596191406,14,95
8,0.010712623596191406,14,95
9,0.012346446514129639,15,95
10,0.013936221599578857,15,95
11,0.020262300968170166,15,95
12,0.15742361545562744,15,95
13,0.15742361545562744,15,95
14,0.4528006911277771,15,95
15,0.4528006911277771,15,95
16,0.4528006911277771,15,95
17,0.4528006911277771,15,95
18,0.4528006911277771,15,95
19,0.4528006911277771,15,95
20,0.5070745050907135,15,95
21,0.8920549377799034,15,95
22,0.8920549377799034,15,95
23,0.8920549377799034,15,95
24,0.8928424641489983,15,95
25,0.8928424641489983,15,95
26,0.8928424641489983,15,95
27,0.8928424641489983,15,95
28,0.8928424641489983,15,95
29,0.8988805413246155,15,95
30,0.8988805413246155,15,95
31,0.8988805413246155,15,95
32,0.9803342074155807,15,95
33,0.9805066622793674,15,95
34,0.9805066622793674,15,95
35,0.9805066622793674,15,95
36,0.9805066622793674,15,95
37,0.9805066622793674,15,95
38,0.9805066622793674,15,95
39,0.9805066622793674,15,95
40,0.9805066622793674,15,95
41,0.9805066622793674,15,95
42,0.9805066622793674,15,95
43,0.9805066622793674,15,95
44,0.9805066622793674,15,95
45,0.9805066622793674,15,95
46,0.9805066622793674,15,95
47,0.9898122306913137,15,95
48,0.9898122306913137,15,95
49,0.9919183226302266,15,95
50,0.9919183226302266,15,95
51,0.9919183226302266,15,95
52,0.9919183226302266,15,95
53,0.9919183226302266,15,95
54,0.9919183226302266,15,95
55,0.9985087661771104,15,95
56,0.9985087661771104,15,95
57,0.9985087661771104,15,95
58,0.9985087661771104,15,95
59,0.9985087661771104,15,95
60,0.9985087661771104,15,95
61,0.9985087661771104,15,95
62,0.9985087661771104,15,95
63,0.9985087661771104,15,95
64,0.9985087661771104,15,95
65,0.9985087661771104,15,95
66,0.9985087661771104,15,95
67,0.9985087661771104,15,95
68,0.9985087661771104,15,95
69,0.9985087661771104,15,95
70,0.9985087661771104,15,95
71,0.9985087661771104,15,95
72,0.9985087661771104,15,95
73,0.9985087661771104,15,95
74,0.9985087661771104,15,95
75,0.9985087661771104,15,95
76,0.9985087661771104,15,95
77,0.9985087661771104,15,95
78,0.9985087661771104,15,95
79,0.9985087661771104,15,95
80,0.9985087661771104,15,95
81,0.9985087661771104,15,95
82,0.9985087661771104,15,95
83,0.9985087661771104,15,95
84,0.9985087661771104,15,95
85,0.9985087661771104,15,95
86,0.9985087661771104,15,95
87,0.9985087661771104,15,95
88,0.9985087661771104,15,95
89,0.9988319226540625,15,95
90,0.9988319226540625,15,95
91,0.9988319226540625,15,95
92,0.9988319226540625,15,95
93,0.9988319226540625,15,95
94,0.9988319226540625,15,95
95,0.9988319226540625,15,95
96,0.9988319226540625,15,95
97,0.9988319226540625,15,95
98,0.9988319226540625,15,95
99,0.9988319226540625,15,95
100,0.9988319226540625,15,95
101,0.9990149185759947,15,95
102,0.9990149185759947,15,95
103,0.9990149185759947,15,95
104,0.9990149185759947,15,95
105,0.9990174655104056,15,95
106,0.9990174655104056,15,95
107,0.9990174655104056,15,95
108,0.9991543421638198,15,95
109,0.9991543421638198,15,95
110,0.9991543421638198,15,95
111,0.9997565054072766,15,95
112,0.9997565054072766,15,95
113,0.9997565054072766,15,95
114,0.9997565054072766,15,95
115,0.9997565054072766,15,95
116,0.9997565054072766,15,95
117,0.9997565054072766,15,95
118,0.9997565054072766,15,95
119,0.9997565054072766,15,95
120,0.9997565054072766,15,95
121,0.9997565054072766,15,95
122,0.9997565054072766,15,95
123,0.9997565054072766,15,95
124,0.9997565054072766,15,95
125,0.9997565054072766,15,95
126,0.9997565054072766,15,95
127,0.9997565054072766,15,95
128,0.9997565054072766,15,95
129,0.9997565054072766,15,95
130,0.9997565054072766,15,95
131,0.9997587048856076,15,95
132,0.9997587048856076,15,95
133,0.9997587048856076,15,95
134,0.9997587048856076,15,95
135,0.9997587048856076,15,95
136,0.9997587048856076,15,95
137,0.9997587048856076,15,95
138,0.9997587048856076,15,95
139,0.9997587048856076,15,95
140,0.9997587048856076,15,95
141,0.9997587048856076,15,95
142,0.9997587048856076,15,95
143,0.9997587048856076,15,95
144,0.9997587048856076,15,95
145,0.9997587048856076,15,95
146,0.9997587048856076,15,95
147,0.9997587048856076,15,95
148,0.9997587048856076,15,95
149,0.9997587048856076,15,95
150,0.9997587048856076,15,95
151,0.9997587048856076,15,95
152,0.9997587048856076,15,95
153,0.9997587048856076,15,95
154,0.9997587048856076,15,95
155,0.9997587048856076,15,95
156,0.9997587048856076,15,95
157,0.9997587048856076,15,95
158,0.9997587048856076,15,95
159,0.999786493674037,15,95
160,0.999786493674037,15,95
161,0.999786493674037,15,95
162,0.999786493674037,15,95
163,0.999786493674037,15,95
164,0.999786493674037,15,95
165,0.999786493674037,15,95
166,0.999786493674037,15,95
167,0.999786493674037,15,95
168,0.999786493674037,15,95
169,0.9997991066047689,15,95
170,0.9998392118286574,15,95
171,0.9998392118286574,15,95
172,0.9998392118286574,15,95
173,0.9998392118286574,15,95
174,0.9998392118286574,15,95
175,0.9998392118286574,15,95
176,0.9998392118286574,15,95
177,0.9998392118286574,15,95
178,0.9998392118286574,15,95
179,0.9998392118286574,15,95
180,0.9998392118286574,15,95
181,0.9998392118286574,15,95
182,0.9998392118286574,15,95
183,0.9998392118286574,15,95
184,0.999861359508941,15,95
185,0.999861359508941,15,95
186,0.999861359508941,15,95
187,0.999861359508941,15,95
188,0.999861359508941,15,95
189,0.999861359508941,15,95
190,0.999861359508941,15,95
191,0.999861359508941,15,95
192,0.999861359508941,15,95
193,0.999861359508941,15,95
194,0.999861359508941,15,95
195,0.999861359508941,15,95
196,0.999861359508941,15,95
197,0.999861359508941,15,95
198,0.999861359508941,15,95
199,0.999861359508941,15,95
200,0.999861359508941,15,95
1,0.0053986310958862305,15,96
2,0.0053986310958862305,15,96
3,0.008294463157653809,12,96
4,0.02858269214630127,14,96
5,0.10939997434616089,13,96
6,0.1543797254562378,15,96
7,0.49468690156936646,15,96
8,0.6918514370918274,15,96
9,0.7830243557691574,15,96
10,0.7830243557691574,15,96
11,0.9793558213859797,15,96
12,0.9793558213859797,15,96
13,0.9905130723491311,15,96
14,0.9913945067673922,15,96
15,0.9913945067673922,15,96
16,0.9913945067673922,15,96
17,0.9913945067673922,15,96
18,0.9913945067673922,15,96
19,0.9944883901625872,15,96
20,0.9944883901625872,15,96
21,0.9944883901625872,15,96
22,0.9944883901625872,15,96
23,0.9956954973749816,15,96
24,0.9956954973749816,15,96
25,0.9956954973749816,15,96
26,0.9956954973749816,15,96
27,0.9956954973749816,15,96
28,0.9956954973749816,15,96
29,0.9956954973749816,15,96
30,0.9963554125279188,15,96
31,0.9963554125279188,15,96
32,0.9973546850960702,15,96
33,0.9973546850960702,15,96
34,0.9973546850960702,15,96
35,0.9973546850960702,15,96
36,0.9973546850960702,15,96
37,0.9973546850960702,15,96
38,0.9973546850960702,15,96
39,0.9973546850960702,15,96
40,0.9973546850960702,15,96
41,0.9973546850960702,15,96
42,0.9973546850960702,15,96
43,0.9973546850960702,15,96
44,0.9973546850960702,15,96
45,0.9973546850960702,15,96
46,0.9991587753174827,15,96
47,0.9991587753174827,15,96
48,0.9996670695836656,15,96
49,0.9996670695836656,15,96
50,0.9996670695836656,15,96
51,0.9996878755337093,15,96
52,0.9997553332068492,15,96
53,0.9998265269969124,15,96
54,0.9998265269969124,15,96
55,0.9998265269969124,15,96
56,0.9998265269969124,15,96
57,0.9998265269969124,15,96
58,0.9998265269969124,15,96
59,0.9998265269969124,15,96
60,0.9998265269969124,15,96
61,0.9998265269969124,15,96
62,0.9998265269969124,15,96
63,0.9998265269969124,15,96
64,0.9998265269969124,15,96
65,0.9998265269969124,15,96
66,0.9998996542999521,15,96
67,0.9998996542999521,15,96
68,0.9998996542999521,15,96
69,0.9998996542999521,15,96
70,0.9998996542999521,15,96
71,0.9999127158444026,15,96
72,0.9999127158444026,15,96
73,0.9999127158444026,15,96
74,0.9999127158444026,15,96
75,0.9999127158444026,15,96
76,0.9999127158444026,15,96
77,0.9999127158444026,15,96
78,0.9999127158444026,15,96
79,0.999930892867269,15,96
80,0.999930892867269,15,96
81,0.999930892867269,15,96
82,0.999930892867269,15,96
83,0.999930892867269,15,96
84,0.999930892867269,15,96
85,0.999930892867269,15,96
86,0.999930892867269,15,96
87,0.999930892867269,15,96
88,0.999930892867269,15,96
89,0.999930892867269,15,96
90,0.999930892867269,15,96
91,0.999930892867269,15,96
92,0.9999323817100958,14,96
93,0.9999540069693467,15,96
94,0.9999540069693467,15,96
95,0.999955025366944,15,96
96,0.9999659804707335,15,96
97,0.9999659804707335,15,96
98,0.9999659804707335,15,96
99,0.9999659804707335,15,96
100,0.9999922544175206,15,96
101,0.9999922544175206,15,96
102,0.9999922544175206,15,96
103,0.9999922544175206,15,96
104,0.9999922544175206,15,96
105,0.9999922544175206,15,96
106,0.9999922544175206,15,96
107,0.9999922544175206,15,96
108,0.9999922544175206,15,96
109,0.9999938469127301,15,96
110,0.9999938469127301,15,96
111,0.9999938469127301,15,96
112,0.9999938469127301,15,96
113,0.9999938469127301,15,96
114,0.9999938469127301,15,96
115,0.9999938469127301,15,96
116,0.9999938469127301,15,96
117,0.9999938469127301,15,96
118,0.9999965156262078,15,96
119,0.9999965156262078,15,96
120,0.9999965156262078,15,96
121,0.9999965156262078,15,96
122,0.9999965156262078,15,96
123,0.9999965156262078,15,96
124,0.9999965156262078,15,96
125,0.9999965156262078,15,96
126,0.9999965156262078,15,96
127,0.9999965156262078,15,96
128,0.9999965156262078,15,96
129,0.9999965156262078,15,96
130,0.9999965156262078,15,96
131,0.9999965156262078,15,96
132,0.9999965156262078,15,96
133,0.9999965156262078,15,96
134,0.9999965156262078,15,96
135,0.9999965156262078,15,96
136,0.9999965156262078,15,96
137,0.9999965156262078,15,96
138,0.9999965156262078,15,96
139,0.9999965156262078,15,96
140,0.9999965156262078,15,96
141,0.9999965156262078,15,96
142,0.9999965156262078,15,96
143,0.9999973565115852,15,96
144,0.9999973565115852,15,96
145,0.9999973565115852,15,96
146,0.9999973565115852,15,96
147,0.9999973565115852,15,96
148,0.9999973565115852,15,96
149,0.9999973565115852,15,96
150,0.9999973565115852,15,96
151,0.9999973565115852,15,96
152,0.9999973565115852,15,96
153,0.9999973565115852,15,96
154,0.9999973565115852,15,96
155,0.9999973565115852,15,96
156,0.9999987733954185,15,96
157,0.9999987733954185,15,96
158,0.9999987733954185,15,96
159,0.9999987733954185,15,96
160,0.9999987733954185,15,96
161,0.9999987733954185,15,96
162,0.9999987733954185,15,96
163,0.9999987733954185,15,96
164,0.9999987733954185,15,96
165,0.9999987733954185,15,96
166,0.9999987733954185,15,96
167,0.9999987733954185,15,96
168,0.9999987733954185,15,96
169,0.9999987733954185,15,96
170,0.9999987733954185,15,96
171,0.9999987733954185,15,96
172,0.9999987733954185,15,96
173,0.9999987733954185,15,96
174,0.9999987733954185,15,96
175,0.9999987733954185,15,96
176,0.9999987733954185,15,96
177,0.9999987733954185,15,96
178,0.9999987733954185,15,96
179,0.9999987733954185,15,96
180,0.9999987733954185,15,96
181,0.9999987733954185,15,96
182,0.9999987733954185,15,96
183,0.9999987733954185,15,96
184,0.9999987733954185,15,96
185,0.9999987733954185,15,96
186,0.9999987733954185,15,96
187,0.9999987733954185,15,96
188,0.999999191804875,15,96
189,0.999999191804875,15,96
190,0.999999191804875,15,96
191,0.999999191804875,15,96
192,0.999999191804875,15,96
193,0.999999191804875,15,96
194,0.999999191804875,15,96
195,0.999999191804875,15,96
196,0.999999191804875,15,96
197,0.999999191804875,15,96
198,0.999999191804875,15,96
199,0.999999191804875,15,96
200,0.999999191804875,15,96
1,0.03780198097229004,9,97
2,0.03780198097229004,9,97
3,0.044820308685302734,15,97
4,0.24159026145935059,13,97
5,0.24159026145935059,13,97
6,0.24746769666671753,14,97
7,0.25866377353668213,14,97
8,0.7945915162563324,15,97
9,0.7945915162563324,15,97
10,0.7945915162563324,15,97
11,0.7945915162563324,15,97
12,0.8911767229437828,15,97
13,0.8911767229437828,15,97
14,0.8911767229437828,15,97
15,0.8966102749109268,15,97
16,0.8966102749109268,15,97
17,0.920956589281559,15,97
18,0.920956589281559,15,97
19,0.920956589281559,15,97
20,0.920956589281559,15,97
21,0.920956589281559,15,97
22,0.920956589281559,15,97
23,0.920956589281559,15,97
24,0.920956589281559,15,97
25,0.9223677888512611,15,97
26,0.9566908404231071,15,97
27,0.9566908404231071,15,97
28,0.9671847298741341,15,97
29,0.9671847298741341,15,97
30,0.9861362092196941,15,97
31,0.9861362092196941,15,97
32,0.9861362092196941,15,97
33,0.9861362092196941,15,97
34,0.9861362092196941,15,97
35,0.9861362092196941,15,97
36,0.9861362092196941,15,97
37,0.9861362092196941,15,97
38,0.9861362092196941,15,97
39,0.9861362092196941,15,97
40,0.9883454395458102,15,97
41,0.9883454395458102,15,97
42,0.9883454395458102,15,97
43,0.9883454395458102,15,97
44,0.9883454395458102,15,97
45,0.9883454395458102,15,97
46,0.9927852815017104,15,97
47,0.9927852815017104,15,97
48,0.9927852815017104,15,97
49,0.9927852815017104,15,97
50,0.9927852815017104,15,97
51,0.9927852815017104,15,97
52,0.9928531786426902,15,97
53,0.9928531786426902,15,97
54,0.9928531786426902,15,97
55,0.9928531786426902,15,97
56,0.9928531786426902,15,97
57,0.9959081155247986,15,97
58,0.9959081155247986,15,97
59,0.9959081155247986,15,97
60,0.9959081155247986,15,97
61,0.9959081155247986,15,97
62,0.9959081155247986,15,97
63,0.9963225149549544,15,97
64,0.9965822498779744,15,97
65,0.9971753114368767,15,97
66,0.9975944617763162,15,97
67,0.9975944617763162,15,97
68,0.9977046372368932,15,97
69,0.9977046372368932,15,97
70,0.9977046372368932,15,97
71,0.9977046372368932,15,97
72,0.9977046372368932,15,97
73,0.9977046372368932,15,97
74,0.9977046372368932,15,97
75,0.9977046372368932,15,97
76,0.9977046372368932,15,97
77,0.9980751386610791,15,97
78,0.9980751386610791,15,97
79,0.9983812953578308,15,97
80,0.9983812953578308,15,97
81,0.9983812953578308,15,97
82,0.9992014918825589,14,97
83,0.9992014918825589,14,97
84,0.9992014918825589,14,97
85,0.9992014918825589,14,97
86,0.9992014918825589,14,97
87,0.9992014918825589,14,97
88,0.9992014918825589,14,97
89,0.9992014918825589,14,97
90,0.9992014918825589,14,97
91,0.9992014918825589,14,97
92,0.9992014918825589,14,97
93,0.9992014918825589,14,97
94,0.9992014918825589,14,97
95,0.9992014918825589,14,97
96,0.9995411043346394,15,97
97,0.9995411043346394,15,97
98,0.9995411043346394,15,97
99,0.9995411043346394,15,97
100,0.9995411043346394,15,97
101,0.9995411043346394,15,97
102,0.9995411043346394,15,97
103,0.999654724233551,15,97
104,0.999654724233551,15,97
105,0.999654724233551,15,97
106,0.999654724233551,15,97
107,0.999654724233551,15,97
108,0.999654724233551,15,97
109,0.999654724233551,15,97
110,0.9996740863134619,15,97
111,0.9996740863134619,15,97
112,0.9996740863134619,15,97
113,0.9996740863134619,15,97
114,0.9996740863134619,15,97
115,0.9996740863134619,15,97
116,0.9996740863134619,15,97
117,0.9996740863134619,15,97
118,0.9996740863134619,15,97
119,0.9996740863134619,15,97
120,0.9996740863134619,15,97
121,0.9996866247674916,15,97
122,0.9996866247674916,15,97
123,0.9996866247674916,15,97
124,0.9996866247674916,15,97
125,0.9996866247674916,15,97
126,0.9996866247674916,15,97
127,0.9996866247674916,15,97
128,0.9996866247674916,15,97
129,0.9996866247674916,15,97
130,0.9996866247674916,15,97
131,0.9997125603549648,15,97
132,0.9997125603549648,15,97
133,0.9997356073872652,15,97
134,0.9997356073872652,15,97
135,0.9997356073872652,15,97
136,0.9997356073872652,15,97
137,0.9997356073872652,15,97
138,0.9997356073872652,15,97
139,0.9997356073872652,15,97
140,0.9997356073872652,15,97
141,0.9997356073872652,15,97
142,0.9997356073872652,15,97
143,0.9997356073872652,15,97
144,0.9997356073872652,15,97
145,0.9997356073872652,15,97
146,0.9997638819622807,15,97
147,0.9997638819622807,15,97
148,0.9997638819622807,15,97
149,0.9997708995069843,15,97
150,0.9998303948086686,15,97
151,0.9998390550463228,15,97
152,0.9998390550463228,15,97
153,0.9999107115654624,15,97
154,0.9999107115654624,15,97
155,0.9999107115654624,15,97
156,0.9999107115654624,15,97
157,0.9999107115654624,15,97
158,0.9999107115654624,15,97
159,0.9999107115654624,15,97
160,0.9999107115654624,15,97
161,0.9999107115654624,15,97
162,0.9999107115654624,15,97
163,0.9999107115654624,15,97
164,0.9999107115654624,15,97
165,0.9999461494298885,14,97
166,0.9999461494298885,14,97
167,0.9999461494298885,14,97
168,0.9999689076357754,15,97
169,0.9999689076357754,15,97
170,0.9999689076357754,15,97
171,0.9999692732308176,15,97
172,0.9999692732308176,15,97
173,0.9999692732308176,15,97
174,0.9999692732308176,15,97
175,0.9999692732308176,15,97
176,0.9999692732308176,15,97
177,0.9999692732308176,15,97
178,0.9999965905133195,15,97
179,0.9999965905133195,15,97
180,0.9999965905133195,15,97
181,0.9999965905133195,15,97
182,0.9999965905133195,15,97
183,0.9999965905133195,15,97
184,0.9999965905133195,15,97
185,0.9999965905133195,15,97
186,0.9999965905133195,15,97
187,0.9999965905133195,15,97
188,0.9999965905133195,15,97
189,0.9999965905133195,15,97
190,0.9999965905133195,15,97
191,0.9999965905133195,15,97
192,0.9999965905133195,15,97
193,0.9999965905133195,15,97
194,0.9999965905133195,15,97
195,0.9999965905133195,15,97
196,0.9999965905133195,15,97
197,0.9999965905133195,15,97
198,0.9999965905133195,15,97
199,0.9999965905133195,15,97
200,0.9999965905133195,15,97
1,0.06510114669799805,14,98
2,0.08016645908355713,15,98
3,0.2585449814796448,15,98
4,0.2825058698654175,14,98
5,0.3891441822052002,15,98
6,0.3891441822052002,15,98
7,0.3891441822052002,15,98
8,0.3891441822052002,15,98
9,0.5846749544143677,15,98
10,0.6491800844669342,15,98
11,0.6491800844669342,15,98
12,0.6980462670326233,15,98
13,0.7108207046985626,15,98
14,0.7108207046985626,15,98
15,0.7561662048101425,15,98
16,0.7561662048101425,15,98
17,0.7561662048101425,15,98
18,0.7561662048101425,15,98
19,0.7561662048101425,15,98
20,0.7924273014068604,14,98
21,0.812217116355896,15,98
22,0.812217116355896,15,98
23,0.812217116355896,15,98
24,0.812217116355896,15,98
25,0.812217116355896,15,98
26,0.8259442150592804,15,98
27,0.8259442150592804,15,98
28,0.8259442150592804,15,98
29,0.8259442150592804,15,98
30,0.8283027708530426,14,98
31,0.8334155827760696,14,98
32,0.8334155827760696,14,98
33,0.8576099723577499,15,98
34,0.861215204000473,15,98
35,0.861215204000473,15,98
36,0.861215204000473,15,98
37,0.861215204000473,15,98
38,0.9349238201975822,15,98
39,0.9349238201975822,15,98
40,0.9349238201975822,15,98
41,0.9349238201975822,15,98
42,0.9349238201975822,15,98
43,0.9349238201975822,15,98
44,0.9349238201975822,15,98
45,0.9738639146089554,15,98
46,0.9738639146089554,15,98
47,0.9738639146089554,15,98
48,0.9738639146089554,15,98
49,0.9738639146089554,15,98
50,0.9738639146089554,15,98
51,0.9836275968700647,15,98
52,0.9836275968700647,15,98
53,0.9836275968700647,15,98
54,0.9836275968700647,15,98
55,0.9836275968700647,15,98
56,0.9836275968700647,15,98
57,0.9836275968700647,15,98
58,0.9940937762148678,15,98
59,0.9940937762148678,15,98
60,0.9940937762148678,15,98
61,0.9940937762148678,15,98
62,0.9940937762148678,15,98
63,0.9940937762148678,15,98
64,0.9940937762148678,15,98
65,0.9958786396309733,15,98
66,0.9958786396309733,15,98
67,0.9958786396309733,15,98
68,0.9958786396309733,15,98
69,0.9958786396309733,15,98
70,0.9958786396309733,15,98
71,0.9958786396309733,15,98
72,0.9958786396309733,15,98
73,0.997934874612838,15,98
74,0.997934874612838,15,98
75,0.997934874612838,15,98
76,0.997934874612838,15,98
77,0.9984362752875313,15,98
78,0.9984362752875313,15,98
79,0.9984362752875313,15,98
80,0.9984362752875313,15,98
81,0.9987119444413111,15,98
82,0.9995131750765722,15,98
83,0.9995131750765722,15,98
84,0.9995131750765722,15,98
85,0.9995131750765722,15,98
86,0.9995131750765722,15,98
87,0.9995131750765722,15,98
88,0.9995131750765722,15,98
89,0.9995131750765722,15,98
90,0.9995131750765722,15,98
91,0.9995131750765722,15,98
92,0.9995131750765722,15,98
93,0.9995131750765722,15,98
94,0.9995131750765722,15,98
95,0.9995131750765722,15,98
96,0.9995131750765722,15,98
97,0.9995131750765722,15,98
98,0.9995131750765722,15,98
99,0.9995131750765722,15,98
100,0.9995131750765722,15,98
101,0.9995131750765722,15,98
102,0.9995131750765722,15,98
103,0.9995131750765722,15,98
104,0.9995131750765722,15,98
105,0.9995131750765722,15,98
106,0.9995131750765722,15,98
107,0.9995131750765722,15,98
108,0.9995131750765722,15,98
109,0.9995131750765722,15,98
110,0.9995131750765722,15,98
111,0.9995131750765722,15,98
112,0.9995131750765722,15,98
113,0.9995131750765722,15,98
114,0.9995131750765722,15,98
115,0.9995131750765722,15,98
116,0.9995131750765722,15,98
117,0.9996226201183163,15,98
118,0.9996226201183163,15,98
119,0.9996226201183163,15,98
120,0.9996226201183163,15,98
121,0.9996226201183163,15,98
122,0.9996226201183163,15,98
123,0.9996226201183163,15,98
124,0.9996226201183163,15,98
125,0.9996226201183163,15,98
126,0.9996226201183163,15,98
127,0.9996226201183163,15,98
128,0.9996226201183163,15,98
129,0.9996226201183163,15,98
130,0.9996226201183163,15,98
131,0.9996226201183163,15,98
132,0.9996226201183163,15,98
133,0.9996226201183163,15,98
134,0.9996226201183163,15,98
135,0.9996226201183163,15,98
136,0.9996226201183163,15,98
137,0.9996226201183163,15,98
138,0.9996226201183163,15,98
139,0.9996226201183163,15,98
140,0.9996226201183163,15,98
141,0.9996226201183163,15,98
142,0.9996226201183163,15,98
143,0.9996226201183163,15,98
144,0.9996226201183163,15,98
145,0.9996226201183163,15,98
146,0.9996226201183163,15,98
147,0.9996226201183163,15,98
148,0.9996226201183163,15,98
149,0.9996226201183163,15,98
150,0.9996226201183163,15,98
151,0.9996226201183163,15,98
152,0.9997050293895882,15,98
153,0.9997050293895882,15,98
154,0.9997050293895882,15,98
155,0.9997050293895882,15,98
156,0.9997050293895882,15,98
157,0.9997050293895882,15,98
158,0.9997050293895882,15,98
159,0.9997050293895882,15,98
160,0.9997050293895882,15,98
161,0.9997050293895882,15,98
162,0.9997050293895882,15,98
163,0.9997050293895882,15,98
164,0.9997050293895882,15,98
165,0.9997050293895882,15,98
166,0.9997050293895882,15,98
167,0.9997050293895882,15,98
168,0.9997050293895882,15,98
169,0.9997237346542533,15,98
170,0.9997237346542533,15,98
171,0.9997237346542533,15,98
172,0.9997237346542533,15,98
173,0.9997237346542533,15,98
174,0.9997237346542533,15,98
175,0.9997237346542533,15,98
176,0.9997237346542533,15,98
177,0.9997237346542533,15,98
178,0.9997607670084108,15,98
179,0.9997607670084108,15,98
180,0.9997607670084108,15,98
181,0.9997607670084108,15,98
182,0.9997607670084108,15,98
183,0.9997607670084108,15,98
184,0.9997607670084108,15,98
185,0.9997607670084108,15,98
186,0.9997607670084108,15,98
187,0.9997607670084108,15,98
188,0.9997607670084108,15,98
189,0.9997607670084108,15,98
190,0.9997607670084108,15,98
191,0.9997607670084108,15,98
192,0.9997607670084108,15,98
193,0.9997607670084108,15,98
194,0.9997607670084108,15,98
195,0.9997607670084108,15,98
196,0.9997607670084108,15,98
197,0.9997607670084108,15,98
198,0.9997607670084108,15,98
199,0.9997607670084108,15,98
200,0.9997607670084108,15,98
1,0.0,7,99
2,0.0,7,99
3,0.0,7,99
4,0.0,7,99
5,0.0,7,99
6,0.0,7,99
7,0.0,7,99
8,0.0,7,99
9,0.0,7,99
10,0.0,7,99
11,0.0,7,99
12,0.0,7,99
13,0.0,7,99
14,0.0,7,99
15,0.0,7,99
16,0.0,7,99
17,0.0,7,99
18,0.0,7,99
19,0.0,7,99
20,0.0,7,99
21,0.0,7,99
22,0.0,7,99
23,0.0,7,99
24,0.0,7,99
25,0.0,7,99
26,0.0,7,99
27,0.0,7,99
28,0.0,7,99
29,0.0,7,99
30,0.0,7,99
31,0.0,7,99
32,0.0,7,99
33,0.0,7,99
34,0.0,7,99
35,0.0,7,99
36,0.0,7,99
37,0.0,7,99
38,0.0,7,99
39,0.0,7,99
40,0.0,7,99
41,0.0,7,99
42,0.0,7,99
43,0.0,7,99
44,0.0,7,99
45,0.0,7,99
46,0.0,7,99
47,0.0,7,99
48,0.0,7,99
49,0.0,7,99
50,0.0,7,99
51,0.0,7,99
52,0.0,7,99
53,0.0,7,99
54,0.0,7,99
55,0.0,7,99
56,0.0,7,99
57,0.0,7,99
58,0.0,7,99
59,0.0,7,99
60,0.0,7,99
61,0.0,7,99
62,0.0,7,99
63,0.0,7,99
64,0.0,7,99
65,0.0,7,99
66,0.0,7,99
67,0.0,7,99
68,0.0,7,99
69,0.0,7,99
70,0.0,7,99
71,0.0,7,99
72,0.0,7,99
73,0.0,7,99
74,0.0,7,99
75,0.0,7,99
76,0.0,7,99
77,0.0,7,99
78,0.0,7,99
79,0.0,7,99
80,0.0,7,99
81,0.0,7,99
82,0.0,7,99
83,0.0,7,99
84,0.0,7,99
85,0.0,7,99
86,0.0,7,99
87,0.0,7,99
88,0.0,7,99
89,0.0,7,99
90,0.0,7,99
91,0.0,7,99
92,0.0,7,99
93,0.0,7,99
94,0.0,7,99
95,0.0,7,99
96,0.0,7,99
97,0.0,7,99
98,0.0,7,99
99,0.0,7,99
100,0.0,7,99
101,0.0,7,99
102,0.0,7,99
103,0.0,7,99
104,0.0,7,99
105,0.0,7,99
106,0.0,7,99
107,0.0,7,99
108,0.0,7,99
109,0.0,7,99
110,0.0,7,99
111,0.0,7,99
112,0.0,7,99
113,0.0,7,99
114,0.0,7,99
115,0.0,7,99
116,0.0,7,99
117,0.0,7,99
118,0.0,7,99
119,0.0,7,99
120,0.0,7,99
121,0.0,7,99
122,0.0,7,99
123,0.0,7,99
124,0.0,7,99
125,0.0,7,99
126,0.0,7,99
127,0.0,7,99
128,0.0,7,99
129,0.0,7,99
130,0.0,7,99
131,0.0,7,99
132,0.0,7,99
133,0.0,7,99
134,0.0,7,99
135,0.0,7,99
136,0.0,7,99
137,0.0,7,99
138,0.0,7,99
139,0.0,7,99
140,0.0,7,99
141,0.0,7,99
142,0.0,7,99
143,0.0,7,99
144,0.0,7,99
145,0.0,7,99
146,0.0,7,99
147,0.0,7,99
148,0.0,7,99
149,0.0,7,99
150,0.0,7,99
151,0.0,7,99
152,0.0,7,99
153,0.0,7,99
154,0.0,7,99
155,0.0,7,99
156,0.0,7,99
157,0.0,7,99
158,0.0,7,99
159,0.0,7,99
160,0.0,7,99
161,0.0,7,99
162,0.0,7,99
163,0.0,7,99
164,0.0,7,99
165,0.0,7,99
166,0.0,7,99
167,0.0,7,99
168,0.0,7,99
169,0.0,7,99
170,0.0,7,99
171,0.0,7,99
172,0.0,7,99
173,0.0,7,99
174,0.0,7,99
175,0.0,7,99
176,0.0,7,99
177,0.0,7,99
178,0.0,7,99
179,0.0,7,99
180,0.0,7,99
181,0.0,7,99
182,0.0,7,99
183,0.0,7,99
184,0.0,7,99
185,0.0,7,99
186,0.0,7,99
187,0.0,7,99
188,0.0,7,99
189,0.0,7,99
190,0.0,7,99
191,0.0,7,99
192,0.0,7,99
193,0.0,7,99
194,0.0,7,99
195,0.0,7,99
196,0.0,7,99
197,0.0,7,99
198,0.0,7,99
199,0.0,7,99
200,0.0,7,99
