generation,best_value,num_perturbations,sample_id
1,3.5762786865234375e-07,1,0
2,3.5762786865234375e-07,1,0
3,3.5762786865234375e-07,1,0
4,3.5762786865234375e-07,1,0
5,4.76837158203125e-07,1,0
6,4.76837158203125e-07,1,0
7,4.76837158203125e-07,1,0
8,4.76837158203125e-07,1,0
9,4.76837158203125e-07,1,0
10,4.76837158203125e-07,1,0
11,4.76837158203125e-07,1,0
12,4.76837158203125e-07,1,0
13,4.76837158203125e-07,1,0
14,4.76837158203125e-07,1,0
15,4.76837158203125e-07,1,0
16,4.76837158203125e-07,1,0
17,4.76837158203125e-07,1,0
18,4.76837158203125e-07,1,0
19,4.76837158203125e-07,1,0
20,4.76837158203125e-07,1,0
21,4.76837158203125e-07,1,0
22,4.76837158203125e-07,1,0
23,4.76837158203125e-07,1,0
24,4.76837158203125e-07,1,0
25,4.76837158203125e-07,1,0
26,4.76837158203125e-07,1,0
27,4.76837158203125e-07,1,0
28,4.76837158203125e-07,1,0
29,4.76837158203125e-07,1,0
30,4.76837158203125e-07,1,0
31,4.76837158203125e-07,1,0
32,4.76837158203125e-07,1,0
33,4.76837158203125e-07,1,0
34,4.76837158203125e-07,1,0
35,4.76837158203125e-07,1,0
36,4.76837158203125e-07,1,0
37,4.76837158203125e-07,1,0
38,4.76837158203125e-07,1,0
39,5.960464477539062e-07,1,0
40,5.960464477539062e-07,1,0
41,5.960464477539062e-07,1,0
42,5.960464477539062e-07,1,0
43,5.960464477539062e-07,1,0
44,5.960464477539062e-07,1,0
45,5.960464477539062e-07,1,0
46,5.960464477539062e-07,1,0
47,5.960464477539062e-07,1,0
48,5.960464477539062e-07,1,0
49,5.960464477539062e-07,1,0
50,5.960464477539062e-07,1,0
51,5.960464477539062e-07,1,0
52,5.960464477539062e-07,1,0
53,5.960464477539062e-07,1,0
54,5.960464477539062e-07,1,0
55,5.960464477539062e-07,1,0
56,5.960464477539062e-07,1,0
57,5.960464477539062e-07,1,0
58,5.960464477539062e-07,1,0
59,5.960464477539062e-07,1,0
60,5.960464477539062e-07,1,0
61,5.960464477539062e-07,1,0
62,5.960464477539062e-07,1,0
63,5.960464477539062e-07,1,0
64,5.960464477539062e-07,1,0
65,5.960464477539062e-07,1,0
66,5.960464477539062e-07,1,0
67,5.960464477539062e-07,1,0
68,5.960464477539062e-07,1,0
69,5.960464477539062e-07,1,0
70,5.960464477539062e-07,1,0
71,5.960464477539062e-07,1,0
72,5.960464477539062e-07,1,0
73,5.960464477539062e-07,1,0
74,5.960464477539062e-07,1,0
75,5.960464477539062e-07,1,0
76,5.960464477539062e-07,1,0
77,5.960464477539062e-07,1,0
78,5.960464477539062e-07,1,0
79,5.960464477539062e-07,1,0
80,5.960464477539062e-07,1,0
81,5.960464477539062e-07,1,0
82,5.960464477539062e-07,1,0
83,5.960464477539062e-07,1,0
84,5.960464477539062e-07,1,0
85,5.960464477539062e-07,1,0
86,5.960464477539062e-07,1,0
87,5.960464477539062e-07,1,0
88,5.960464477539062e-07,1,0
89,5.960464477539062e-07,1,0
90,5.960464477539062e-07,1,0
91,5.960464477539062e-07,1,0
92,5.960464477539062e-07,1,0
93,5.960464477539062e-07,1,0
94,5.960464477539062e-07,1,0
95,5.960464477539062e-07,1,0
96,5.960464477539062e-07,1,0
97,5.960464477539062e-07,1,0
98,5.960464477539062e-07,1,0
99,5.960464477539062e-07,1,0
100,5.960464477539062e-07,1,0
101,5.960464477539062e-07,1,0
102,5.960464477539062e-07,1,0
103,5.960464477539062e-07,1,0
104,5.960464477539062e-07,1,0
105,5.960464477539062e-07,1,0
106,5.960464477539062e-07,1,0
107,5.960464477539062e-07,1,0
108,5.960464477539062e-07,1,0
109,5.960464477539062e-07,1,0
110,5.960464477539062e-07,1,0
111,5.960464477539062e-07,1,0
112,5.960464477539062e-07,1,0
113,5.960464477539062e-07,1,0
114,5.960464477539062e-07,1,0
115,5.960464477539062e-07,1,0
116,5.960464477539062e-07,1,0
117,5.960464477539062e-07,1,0
118,5.960464477539062e-07,1,0
119,5.960464477539062e-07,1,0
120,5.960464477539062e-07,1,0
121,5.960464477539062e-07,1,0
122,5.960464477539062e-07,1,0
123,5.960464477539062e-07,1,0
124,5.960464477539062e-07,1,0
125,5.960464477539062e-07,1,0
126,5.960464477539062e-07,1,0
127,5.960464477539062e-07,1,0
128,5.960464477539062e-07,1,0
129,5.960464477539062e-07,1,0
130,5.960464477539062e-07,1,0
131,5.960464477539062e-07,1,0
132,5.960464477539062e-07,1,0
133,5.960464477539062e-07,1,0
134,5.960464477539062e-07,1,0
135,5.960464477539062e-07,1,0
136,5.960464477539062e-07,1,0
137,5.960464477539062e-07,1,0
138,5.960464477539062e-07,1,0
139,5.960464477539062e-07,1,0
140,5.960464477539062e-07,1,0
141,5.960464477539062e-07,1,0
142,5.960464477539062e-07,1,0
143,5.960464477539062e-07,1,0
144,5.960464477539062e-07,1,0
145,5.960464477539062e-07,1,0
146,5.960464477539062e-07,1,0
147,5.960464477539062e-07,1,0
148,5.960464477539062e-07,1,0
149,5.960464477539062e-07,1,0
150,5.960464477539062e-07,1,0
151,5.960464477539062e-07,1,0
152,5.960464477539062e-07,1,0
153,5.960464477539062e-07,1,0
154,5.960464477539062e-07,1,0
155,5.960464477539062e-07,1,0
156,5.960464477539062e-07,1,0
157,5.960464477539062e-07,1,0
158,5.960464477539062e-07,1,0
159,5.960464477539062e-07,1,0
160,5.960464477539062e-07,1,0
161,5.960464477539062e-07,1,0
162,5.960464477539062e-07,1,0
163,5.960464477539062e-07,1,0
164,5.960464477539062e-07,1,0
165,5.960464477539062e-07,1,0
166,5.960464477539062e-07,1,0
167,5.960464477539062e-07,1,0
168,5.960464477539062e-07,1,0
169,5.960464477539062e-07,1,0
170,5.960464477539062e-07,1,0
171,5.960464477539062e-07,1,0
172,5.960464477539062e-07,1,0
173,5.960464477539062e-07,1,0
174,5.960464477539062e-07,1,0
175,5.960464477539062e-07,1,0
176,5.960464477539062e-07,1,0
177,5.960464477539062e-07,1,0
178,5.960464477539062e-07,1,0
179,5.960464477539062e-07,1,0
180,5.960464477539062e-07,1,0
181,5.960464477539062e-07,1,0
182,5.960464477539062e-07,1,0
183,5.960464477539062e-07,1,0
184,5.960464477539062e-07,1,0
185,5.960464477539062e-07,1,0
186,5.960464477539062e-07,1,0
187,5.960464477539062e-07,1,0
188,5.960464477539062e-07,1,0
189,5.960464477539062e-07,1,0
190,5.960464477539062e-07,1,0
191,5.960464477539062e-07,1,0
192,5.960464477539062e-07,1,0
193,5.960464477539062e-07,1,0
194,5.960464477539062e-07,1,0
195,5.960464477539062e-07,1,0
196,5.960464477539062e-07,1,0
197,5.960464477539062e-07,1,0
198,5.960464477539062e-07,1,0
199,5.960464477539062e-07,1,0
200,5.960464477539062e-07,1,0
1,4.172325134277344e-06,1,1
2,4.410743713378906e-06,1,1
3,4.410743713378906e-06,1,1
4,4.410743713378906e-06,1,1
5,4.410743713378906e-06,1,1
6,5.0067901611328125e-06,1,1
7,6.318092346191406e-06,1,1
8,6.318092346191406e-06,1,1
9,6.318092346191406e-06,1,1
10,6.318092346191406e-06,1,1
11,6.318092346191406e-06,1,1
12,6.318092346191406e-06,1,1
13,6.318092346191406e-06,1,1
14,6.318092346191406e-06,1,1
15,6.4373016357421875e-06,1,1
16,6.4373016357421875e-06,1,1
17,6.4373016357421875e-06,1,1
18,6.4373016357421875e-06,1,1
19,6.4373016357421875e-06,1,1
20,6.4373016357421875e-06,1,1
21,6.4373016357421875e-06,1,1
22,6.4373016357421875e-06,1,1
23,6.4373016357421875e-06,1,1
24,6.4373016357421875e-06,1,1
25,6.4373016357421875e-06,1,1
26,6.4373016357421875e-06,1,1
27,6.4373016357421875e-06,1,1
28,6.4373016357421875e-06,1,1
29,6.4373016357421875e-06,1,1
30,6.4373016357421875e-06,1,1
31,6.4373016357421875e-06,1,1
32,6.4373016357421875e-06,1,1
33,6.4373016357421875e-06,1,1
34,6.4373016357421875e-06,1,1
35,6.4373016357421875e-06,1,1
36,6.4373016357421875e-06,1,1
37,6.4373016357421875e-06,1,1
38,6.4373016357421875e-06,1,1
39,6.4373016357421875e-06,1,1
40,6.4373016357421875e-06,1,1
41,6.4373016357421875e-06,1,1
42,6.4373016357421875e-06,1,1
43,6.4373016357421875e-06,1,1
44,6.4373016357421875e-06,1,1
45,6.4373016357421875e-06,1,1
46,6.4373016357421875e-06,1,1
47,6.4373016357421875e-06,1,1
48,6.4373016357421875e-06,1,1
49,6.4373016357421875e-06,1,1
50,6.4373016357421875e-06,1,1
51,6.4373016357421875e-06,1,1
52,6.4373016357421875e-06,1,1
53,6.4373016357421875e-06,1,1
54,6.4373016357421875e-06,1,1
55,6.4373016357421875e-06,1,1
56,6.4373016357421875e-06,1,1
57,6.4373016357421875e-06,1,1
58,6.4373016357421875e-06,1,1
59,6.4373016357421875e-06,1,1
60,6.4373016357421875e-06,1,1
61,6.4373016357421875e-06,1,1
62,6.4373016357421875e-06,1,1
63,6.4373016357421875e-06,1,1
64,6.4373016357421875e-06,1,1
65,6.4373016357421875e-06,1,1
66,6.4373016357421875e-06,1,1
67,6.4373016357421875e-06,1,1
68,6.4373016357421875e-06,1,1
69,6.4373016357421875e-06,1,1
70,6.4373016357421875e-06,1,1
71,6.4373016357421875e-06,1,1
72,6.4373016357421875e-06,1,1
73,6.4373016357421875e-06,1,1
74,6.4373016357421875e-06,1,1
75,6.4373016357421875e-06,1,1
76,6.4373016357421875e-06,1,1
77,6.4373016357421875e-06,1,1
78,6.4373016357421875e-06,1,1
79,6.4373016357421875e-06,1,1
80,6.4373016357421875e-06,1,1
81,6.4373016357421875e-06,1,1
82,6.4373016357421875e-06,1,1
83,6.4373016357421875e-06,1,1
84,6.4373016357421875e-06,1,1
85,6.4373016357421875e-06,1,1
86,6.4373016357421875e-06,1,1
87,6.4373016357421875e-06,1,1
88,6.4373016357421875e-06,1,1
89,6.4373016357421875e-06,1,1
90,6.4373016357421875e-06,1,1
91,6.4373016357421875e-06,1,1
92,6.4373016357421875e-06,1,1
93,6.4373016357421875e-06,1,1
94,6.4373016357421875e-06,1,1
95,6.4373016357421875e-06,1,1
96,6.4373016357421875e-06,1,1
97,6.4373016357421875e-06,1,1
98,6.4373016357421875e-06,1,1
99,6.4373016357421875e-06,1,1
100,6.4373016357421875e-06,1,1
101,6.4373016357421875e-06,1,1
102,6.4373016357421875e-06,1,1
103,6.4373016357421875e-06,1,1
104,6.4373016357421875e-06,1,1
105,6.4373016357421875e-06,1,1
106,6.4373016357421875e-06,1,1
107,6.4373016357421875e-06,1,1
108,6.4373016357421875e-06,1,1
109,6.4373016357421875e-06,1,1
110,6.4373016357421875e-06,1,1
111,6.4373016357421875e-06,1,1
112,6.4373016357421875e-06,1,1
113,6.4373016357421875e-06,1,1
114,6.4373016357421875e-06,1,1
115,6.4373016357421875e-06,1,1
116,6.4373016357421875e-06,1,1
117,6.4373016357421875e-06,1,1
118,6.4373016357421875e-06,1,1
119,6.4373016357421875e-06,1,1
120,6.4373016357421875e-06,1,1
121,6.4373016357421875e-06,1,1
122,6.4373016357421875e-06,1,1
123,6.4373016357421875e-06,1,1
124,6.4373016357421875e-06,1,1
125,6.4373016357421875e-06,1,1
126,6.4373016357421875e-06,1,1
127,6.4373016357421875e-06,1,1
128,6.4373016357421875e-06,1,1
129,6.4373016357421875e-06,1,1
130,6.4373016357421875e-06,1,1
131,6.4373016357421875e-06,1,1
132,6.4373016357421875e-06,1,1
133,6.4373016357421875e-06,1,1
134,6.4373016357421875e-06,1,1
135,6.4373016357421875e-06,1,1
136,6.4373016357421875e-06,1,1
137,6.4373016357421875e-06,1,1
138,6.4373016357421875e-06,1,1
139,6.4373016357421875e-06,1,1
140,6.4373016357421875e-06,1,1
141,6.4373016357421875e-06,1,1
142,6.4373016357421875e-06,1,1
143,6.4373016357421875e-06,1,1
144,6.4373016357421875e-06,1,1
145,6.4373016357421875e-06,1,1
146,6.4373016357421875e-06,1,1
147,6.4373016357421875e-06,1,1
148,6.4373016357421875e-06,1,1
149,6.4373016357421875e-06,1,1
150,6.4373016357421875e-06,1,1
151,6.4373016357421875e-06,1,1
152,6.4373016357421875e-06,1,1
153,6.4373016357421875e-06,1,1
154,6.4373016357421875e-06,1,1
155,6.4373016357421875e-06,1,1
156,6.4373016357421875e-06,1,1
157,6.4373016357421875e-06,1,1
158,6.4373016357421875e-06,1,1
159,6.4373016357421875e-06,1,1
160,6.4373016357421875e-06,1,1
161,6.4373016357421875e-06,1,1
162,6.4373016357421875e-06,1,1
163,6.4373016357421875e-06,1,1
164,6.4373016357421875e-06,1,1
165,6.4373016357421875e-06,1,1
166,6.4373016357421875e-06,1,1
167,6.4373016357421875e-06,1,1
168,6.4373016357421875e-06,1,1
169,6.4373016357421875e-06,1,1
170,6.4373016357421875e-06,1,1
171,6.4373016357421875e-06,1,1
172,6.4373016357421875e-06,1,1
173,6.4373016357421875e-06,1,1
174,6.4373016357421875e-06,1,1
175,6.4373016357421875e-06,1,1
176,6.4373016357421875e-06,1,1
177,6.4373016357421875e-06,1,1
178,6.4373016357421875e-06,1,1
179,6.4373016357421875e-06,1,1
180,6.4373016357421875e-06,1,1
181,6.4373016357421875e-06,1,1
182,6.4373016357421875e-06,1,1
183,6.4373016357421875e-06,1,1
184,6.4373016357421875e-06,1,1
185,6.4373016357421875e-06,1,1
186,6.4373016357421875e-06,1,1
187,6.4373016357421875e-06,1,1
188,6.4373016357421875e-06,1,1
189,6.4373016357421875e-06,1,1
190,6.4373016357421875e-06,1,1
191,6.4373016357421875e-06,1,1
192,6.4373016357421875e-06,1,1
193,6.4373016357421875e-06,1,1
194,6.4373016357421875e-06,1,1
195,6.4373016357421875e-06,1,1
196,6.4373016357421875e-06,1,1
197,6.4373016357421875e-06,1,1
198,6.4373016357421875e-06,1,1
199,6.4373016357421875e-06,1,1
200,6.4373016357421875e-06,1,1
1,0.00011777877807617188,1,2
2,0.00011777877807617188,1,2
3,0.00011909008026123047,1,2
4,0.00011909008026123047,1,2
5,0.0001347064971923828,1,2
6,0.0001347064971923828,1,2
7,0.00018256902694702148,1,2
8,0.00018256902694702148,1,2
9,0.0001907944679260254,1,2
10,0.0001907944679260254,1,2
11,0.00021225214004516602,1,2
12,0.00021225214004516602,1,2
13,0.00021225214004516602,1,2
14,0.00021225214004516602,1,2
15,0.00021225214004516602,1,2
16,0.00021225214004516602,1,2
17,0.0002186894416809082,1,2
18,0.00030303001403808594,1,2
19,0.00030303001403808594,1,2
20,0.00030303001403808594,1,2
21,0.00030303001403808594,1,2
22,0.00030303001403808594,1,2
23,0.00030303001403808594,1,2
24,0.00030303001403808594,1,2
25,0.00030303001403808594,1,2
26,0.00030303001403808594,1,2
27,0.00030303001403808594,1,2
28,0.00030303001403808594,1,2
29,0.00030303001403808594,1,2
30,0.00030303001403808594,1,2
31,0.00030303001403808594,1,2
32,0.00030303001403808594,1,2
33,0.00030303001403808594,1,2
34,0.00030303001403808594,1,2
35,0.00030303001403808594,1,2
36,0.00030303001403808594,1,2
37,0.00030303001403808594,1,2
38,0.00030303001403808594,1,2
39,0.00030303001403808594,1,2
40,0.00030303001403808594,1,2
41,0.00030303001403808594,1,2
42,0.00030303001403808594,1,2
43,0.00030303001403808594,1,2
44,0.00030303001403808594,1,2
45,0.00030303001403808594,1,2
46,0.00030303001403808594,1,2
47,0.00030303001403808594,1,2
48,0.00030303001403808594,1,2
49,0.00030303001403808594,1,2
50,0.00030303001403808594,1,2
51,0.00030303001403808594,1,2
52,0.00030303001403808594,1,2
53,0.00030303001403808594,1,2
54,0.00030303001403808594,1,2
55,0.00030303001403808594,1,2
56,0.00030303001403808594,1,2
57,0.00030303001403808594,1,2
58,0.00030303001403808594,1,2
59,0.00030303001403808594,1,2
60,0.00030303001403808594,1,2
61,0.00030303001403808594,1,2
62,0.00030303001403808594,1,2
63,0.00030303001403808594,1,2
64,0.00030303001403808594,1,2
65,0.00030303001403808594,1,2
66,0.00030303001403808594,1,2
67,0.00030303001403808594,1,2
68,0.00030303001403808594,1,2
69,0.00030303001403808594,1,2
70,0.00030303001403808594,1,2
71,0.00030303001403808594,1,2
72,0.00030303001403808594,1,2
73,0.00030303001403808594,1,2
74,0.00030303001403808594,1,2
75,0.00030303001403808594,1,2
76,0.00030303001403808594,1,2
77,0.00030303001403808594,1,2
78,0.00030303001403808594,1,2
79,0.00030303001403808594,1,2
80,0.00030303001403808594,1,2
81,0.00030303001403808594,1,2
82,0.00030303001403808594,1,2
83,0.00030303001403808594,1,2
84,0.00030303001403808594,1,2
85,0.00030303001403808594,1,2
86,0.00030303001403808594,1,2
87,0.00030303001403808594,1,2
88,0.00030303001403808594,1,2
89,0.00030303001403808594,1,2
90,0.00030303001403808594,1,2
91,0.00030303001403808594,1,2
92,0.00030303001403808594,1,2
93,0.00030303001403808594,1,2
94,0.00030303001403808594,1,2
95,0.00030303001403808594,1,2
96,0.00030303001403808594,1,2
97,0.00030303001403808594,1,2
98,0.00030303001403808594,1,2
99,0.00030303001403808594,1,2
100,0.00030303001403808594,1,2
101,0.00030303001403808594,1,2
102,0.00030303001403808594,1,2
103,0.00030303001403808594,1,2
104,0.00030303001403808594,1,2
105,0.00030303001403808594,1,2
106,0.00030303001403808594,1,2
107,0.00030303001403808594,1,2
108,0.00030303001403808594,1,2
109,0.00030303001403808594,1,2
110,0.00030303001403808594,1,2
111,0.00030303001403808594,1,2
112,0.00030303001403808594,1,2
113,0.00030303001403808594,1,2
114,0.00030303001403808594,1,2
115,0.00030303001403808594,1,2
116,0.00030303001403808594,1,2
117,0.00030303001403808594,1,2
118,0.00030303001403808594,1,2
119,0.00030303001403808594,1,2
120,0.00030303001403808594,1,2
121,0.00030303001403808594,1,2
122,0.00030303001403808594,1,2
123,0.00030303001403808594,1,2
124,0.00030303001403808594,1,2
125,0.00030303001403808594,1,2
126,0.00030303001403808594,1,2
127,0.00030303001403808594,1,2
128,0.00030303001403808594,1,2
129,0.00030303001403808594,1,2
130,0.00030303001403808594,1,2
131,0.00030303001403808594,1,2
132,0.00030303001403808594,1,2
133,0.00030303001403808594,1,2
134,0.00030303001403808594,1,2
135,0.00030303001403808594,1,2
136,0.00030303001403808594,1,2
137,0.00030303001403808594,1,2
138,0.00030303001403808594,1,2
139,0.00030303001403808594,1,2
140,0.00030303001403808594,1,2
141,0.00030303001403808594,1,2
142,0.00030303001403808594,1,2
143,0.00030303001403808594,1,2
144,0.00030303001403808594,1,2
145,0.00030303001403808594,1,2
146,0.00030303001403808594,1,2
147,0.00030303001403808594,1,2
148,0.00030303001403808594,1,2
149,0.00030303001403808594,1,2
150,0.00030303001403808594,1,2
151,0.00030303001403808594,1,2
152,0.00030303001403808594,1,2
153,0.00030303001403808594,1,2
154,0.00030303001403808594,1,2
155,0.00030303001403808594,1,2
156,0.00030303001403808594,1,2
157,0.00030303001403808594,1,2
158,0.00030303001403808594,1,2
159,0.00030303001403808594,1,2
160,0.00030303001403808594,1,2
161,0.00030303001403808594,1,2
162,0.00030303001403808594,1,2
163,0.00030303001403808594,1,2
164,0.00030303001403808594,1,2
165,0.00030303001403808594,1,2
166,0.00030303001403808594,1,2
167,0.00030303001403808594,1,2
168,0.00030303001403808594,1,2
169,0.00030303001403808594,1,2
170,0.00030303001403808594,1,2
171,0.00030303001403808594,1,2
172,0.00030303001403808594,1,2
173,0.00030303001403808594,1,2
174,0.00030303001403808594,1,2
175,0.00030303001403808594,1,2
176,0.00030303001403808594,1,2
177,0.00030303001403808594,1,2
178,0.00030303001403808594,1,2
179,0.00030303001403808594,1,2
180,0.00030303001403808594,1,2
181,0.00030303001403808594,1,2
182,0.00030303001403808594,1,2
183,0.00030303001403808594,1,2
184,0.00030303001403808594,1,2
185,0.00030303001403808594,1,2
186,0.00030303001403808594,1,2
187,0.00030303001403808594,1,2
188,0.00030303001403808594,1,2
189,0.00030303001403808594,1,2
190,0.00030303001403808594,1,2
191,0.00030303001403808594,1,2
192,0.00030303001403808594,1,2
193,0.00030303001403808594,1,2
194,0.00030303001403808594,1,2
195,0.00030303001403808594,1,2
196,0.00030303001403808594,1,2
197,0.00030303001403808594,1,2
198,0.00030303001403808594,1,2
199,0.00030303001403808594,1,2
200,0.00030303001403808594,1,2
1,8.344650268554688e-07,1,3
2,8.344650268554688e-07,1,3
3,9.5367431640625e-07,1,3
4,9.5367431640625e-07,1,3
5,1.0728836059570312e-06,1,3
6,1.0728836059570312e-06,1,3
7,1.0728836059570312e-06,1,3
8,1.0728836059570312e-06,1,3
9,1.0728836059570312e-06,1,3
10,1.0728836059570312e-06,1,3
11,1.0728836059570312e-06,1,3
12,1.3113021850585938e-06,1,3
13,1.3113021850585938e-06,1,3
14,1.3113021850585938e-06,1,3
15,2.0265579223632812e-06,1,3
16,2.0265579223632812e-06,1,3
17,2.0265579223632812e-06,1,3
18,2.0265579223632812e-06,1,3
19,2.0265579223632812e-06,1,3
20,2.0265579223632812e-06,1,3
21,2.0265579223632812e-06,1,3
22,2.0265579223632812e-06,1,3
23,2.0265579223632812e-06,1,3
24,2.0265579223632812e-06,1,3
25,2.0265579223632812e-06,1,3
26,2.0265579223632812e-06,1,3
27,2.0265579223632812e-06,1,3
28,2.0265579223632812e-06,1,3
29,2.0265579223632812e-06,1,3
30,2.0265579223632812e-06,1,3
31,2.0265579223632812e-06,1,3
32,2.0265579223632812e-06,1,3
33,2.0265579223632812e-06,1,3
34,2.0265579223632812e-06,1,3
35,2.0265579223632812e-06,1,3
36,2.0265579223632812e-06,1,3
37,2.0265579223632812e-06,1,3
38,2.0265579223632812e-06,1,3
39,2.0265579223632812e-06,1,3
40,2.0265579223632812e-06,1,3
41,2.0265579223632812e-06,1,3
42,2.0265579223632812e-06,1,3
43,2.0265579223632812e-06,1,3
44,2.0265579223632812e-06,1,3
45,2.0265579223632812e-06,1,3
46,2.0265579223632812e-06,1,3
47,2.0265579223632812e-06,1,3
48,2.0265579223632812e-06,1,3
49,2.0265579223632812e-06,1,3
50,2.0265579223632812e-06,1,3
51,2.0265579223632812e-06,1,3
52,2.0265579223632812e-06,1,3
53,2.0265579223632812e-06,1,3
54,2.0265579223632812e-06,1,3
55,2.0265579223632812e-06,1,3
56,2.0265579223632812e-06,1,3
57,2.0265579223632812e-06,1,3
58,2.0265579223632812e-06,1,3
59,2.0265579223632812e-06,1,3
60,2.0265579223632812e-06,1,3
61,2.0265579223632812e-06,1,3
62,2.0265579223632812e-06,1,3
63,2.0265579223632812e-06,1,3
64,2.0265579223632812e-06,1,3
65,2.0265579223632812e-06,1,3
66,2.0265579223632812e-06,1,3
67,2.0265579223632812e-06,1,3
68,2.0265579223632812e-06,1,3
69,2.0265579223632812e-06,1,3
70,2.0265579223632812e-06,1,3
71,2.0265579223632812e-06,1,3
72,2.0265579223632812e-06,1,3
73,2.0265579223632812e-06,1,3
74,2.0265579223632812e-06,1,3
75,2.0265579223632812e-06,1,3
76,2.0265579223632812e-06,1,3
77,2.0265579223632812e-06,1,3
78,2.0265579223632812e-06,1,3
79,2.0265579223632812e-06,1,3
80,2.0265579223632812e-06,1,3
81,2.0265579223632812e-06,1,3
82,2.0265579223632812e-06,1,3
83,2.0265579223632812e-06,1,3
84,2.0265579223632812e-06,1,3
85,2.0265579223632812e-06,1,3
86,2.0265579223632812e-06,1,3
87,2.0265579223632812e-06,1,3
88,2.0265579223632812e-06,1,3
89,2.0265579223632812e-06,1,3
90,2.0265579223632812e-06,1,3
91,2.0265579223632812e-06,1,3
92,2.0265579223632812e-06,1,3
93,2.0265579223632812e-06,1,3
94,2.0265579223632812e-06,1,3
95,2.0265579223632812e-06,1,3
96,2.0265579223632812e-06,1,3
97,2.0265579223632812e-06,1,3
98,2.0265579223632812e-06,1,3
99,2.0265579223632812e-06,1,3
100,2.0265579223632812e-06,1,3
101,2.0265579223632812e-06,1,3
102,2.0265579223632812e-06,1,3
103,2.0265579223632812e-06,1,3
104,2.0265579223632812e-06,1,3
105,2.0265579223632812e-06,1,3
106,2.0265579223632812e-06,1,3
107,2.0265579223632812e-06,1,3
108,2.0265579223632812e-06,1,3
109,2.0265579223632812e-06,1,3
110,2.0265579223632812e-06,1,3
111,2.0265579223632812e-06,1,3
112,2.0265579223632812e-06,1,3
113,2.0265579223632812e-06,1,3
114,2.0265579223632812e-06,1,3
115,2.0265579223632812e-06,1,3
116,2.0265579223632812e-06,1,3
117,2.0265579223632812e-06,1,3
118,2.0265579223632812e-06,1,3
119,2.0265579223632812e-06,1,3
120,2.0265579223632812e-06,1,3
121,2.0265579223632812e-06,1,3
122,2.0265579223632812e-06,1,3
123,2.0265579223632812e-06,1,3
124,2.0265579223632812e-06,1,3
125,2.0265579223632812e-06,1,3
126,2.0265579223632812e-06,1,3
127,2.0265579223632812e-06,1,3
128,2.0265579223632812e-06,1,3
129,2.0265579223632812e-06,1,3
130,2.0265579223632812e-06,1,3
131,2.0265579223632812e-06,1,3
132,2.0265579223632812e-06,1,3
133,2.0265579223632812e-06,1,3
134,2.0265579223632812e-06,1,3
135,2.0265579223632812e-06,1,3
136,2.0265579223632812e-06,1,3
137,2.0265579223632812e-06,1,3
138,2.0265579223632812e-06,1,3
139,2.0265579223632812e-06,1,3
140,2.0265579223632812e-06,1,3
141,2.0265579223632812e-06,1,3
142,2.0265579223632812e-06,1,3
143,2.0265579223632812e-06,1,3
144,2.0265579223632812e-06,1,3
145,2.0265579223632812e-06,1,3
146,2.0265579223632812e-06,1,3
147,2.0265579223632812e-06,1,3
148,2.0265579223632812e-06,1,3
149,2.0265579223632812e-06,1,3
150,2.0265579223632812e-06,1,3
151,2.0265579223632812e-06,1,3
152,2.0265579223632812e-06,1,3
153,2.0265579223632812e-06,1,3
154,2.0265579223632812e-06,1,3
155,2.0265579223632812e-06,1,3
156,2.0265579223632812e-06,1,3
157,2.0265579223632812e-06,1,3
158,2.0265579223632812e-06,1,3
159,2.0265579223632812e-06,1,3
160,2.0265579223632812e-06,1,3
161,2.0265579223632812e-06,1,3
162,2.0265579223632812e-06,1,3
163,2.0265579223632812e-06,1,3
164,2.0265579223632812e-06,1,3
165,2.0265579223632812e-06,1,3
166,2.0265579223632812e-06,1,3
167,2.0265579223632812e-06,1,3
168,2.0265579223632812e-06,1,3
169,2.0265579223632812e-06,1,3
170,2.0265579223632812e-06,1,3
171,2.0265579223632812e-06,1,3
172,2.0265579223632812e-06,1,3
173,2.0265579223632812e-06,1,3
174,2.0265579223632812e-06,1,3
175,2.0265579223632812e-06,1,3
176,2.0265579223632812e-06,1,3
177,2.0265579223632812e-06,1,3
178,2.0265579223632812e-06,1,3
179,2.0265579223632812e-06,1,3
180,2.0265579223632812e-06,1,3
181,2.0265579223632812e-06,1,3
182,2.0265579223632812e-06,1,3
183,2.0265579223632812e-06,1,3
184,2.0265579223632812e-06,1,3
185,2.0265579223632812e-06,1,3
186,2.0265579223632812e-06,1,3
187,2.0265579223632812e-06,1,3
188,2.0265579223632812e-06,1,3
189,2.0265579223632812e-06,1,3
190,2.0265579223632812e-06,1,3
191,2.0265579223632812e-06,1,3
192,2.0265579223632812e-06,1,3
193,2.0265579223632812e-06,1,3
194,2.0265579223632812e-06,1,3
195,2.0265579223632812e-06,1,3
196,2.0265579223632812e-06,1,3
197,2.0265579223632812e-06,1,3
198,2.0265579223632812e-06,1,3
199,2.0265579223632812e-06,1,3
200,2.0265579223632812e-06,1,3
1,6.4373016357421875e-06,1,4
2,6.4373016357421875e-06,1,4
3,6.556510925292969e-06,1,4
4,6.67572021484375e-06,1,4
5,7.748603820800781e-06,1,4
6,9.298324584960938e-06,1,4
7,9.298324584960938e-06,1,4
8,9.298324584960938e-06,1,4
9,9.298324584960938e-06,1,4
10,9.298324584960938e-06,1,4
11,9.298324584960938e-06,1,4
12,9.298324584960938e-06,1,4
13,9.298324584960938e-06,1,4
14,1.2516975402832031e-05,1,4
15,1.3470649719238281e-05,1,4
16,1.3470649719238281e-05,1,4
17,1.8477439880371094e-05,1,4
18,1.8477439880371094e-05,1,4
19,2.6464462280273438e-05,1,4
20,2.6464462280273438e-05,1,4
21,2.6464462280273438e-05,1,4
22,2.6464462280273438e-05,1,4
23,2.6464462280273438e-05,1,4
24,2.6464462280273438e-05,1,4
25,2.6464462280273438e-05,1,4
26,2.6464462280273438e-05,1,4
27,2.6464462280273438e-05,1,4
28,2.6464462280273438e-05,1,4
29,2.6464462280273438e-05,1,4
30,2.6464462280273438e-05,1,4
31,2.6464462280273438e-05,1,4
32,2.6464462280273438e-05,1,4
33,2.6464462280273438e-05,1,4
34,2.6464462280273438e-05,1,4
35,2.6464462280273438e-05,1,4
36,2.6464462280273438e-05,1,4
37,2.6464462280273438e-05,1,4
38,2.6464462280273438e-05,1,4
39,2.6464462280273438e-05,1,4
40,2.6464462280273438e-05,1,4
41,2.6464462280273438e-05,1,4
42,2.6464462280273438e-05,1,4
43,2.6464462280273438e-05,1,4
44,2.6464462280273438e-05,1,4
45,2.6464462280273438e-05,1,4
46,2.6464462280273438e-05,1,4
47,2.6464462280273438e-05,1,4
48,2.6464462280273438e-05,1,4
49,2.6464462280273438e-05,1,4
50,2.6464462280273438e-05,1,4
51,2.6464462280273438e-05,1,4
52,2.6464462280273438e-05,1,4
53,2.6464462280273438e-05,1,4
54,2.6464462280273438e-05,1,4
55,2.6464462280273438e-05,1,4
56,2.6464462280273438e-05,1,4
57,2.6464462280273438e-05,1,4
58,2.6464462280273438e-05,1,4
59,2.6464462280273438e-05,1,4
60,2.6464462280273438e-05,1,4
61,2.6464462280273438e-05,1,4
62,2.6464462280273438e-05,1,4
63,2.6464462280273438e-05,1,4
64,2.6464462280273438e-05,1,4
65,2.6464462280273438e-05,1,4
66,2.6464462280273438e-05,1,4
67,2.6464462280273438e-05,1,4
68,2.6464462280273438e-05,1,4
69,2.6464462280273438e-05,1,4
70,2.6464462280273438e-05,1,4
71,2.6464462280273438e-05,1,4
72,2.6464462280273438e-05,1,4
73,2.6464462280273438e-05,1,4
74,2.6464462280273438e-05,1,4
75,2.6464462280273438e-05,1,4
76,2.6464462280273438e-05,1,4
77,2.6464462280273438e-05,1,4
78,2.6464462280273438e-05,1,4
79,2.6464462280273438e-05,1,4
80,2.6464462280273438e-05,1,4
81,2.6464462280273438e-05,1,4
82,2.6464462280273438e-05,1,4
83,2.6464462280273438e-05,1,4
84,2.6464462280273438e-05,1,4
85,2.6464462280273438e-05,1,4
86,2.6464462280273438e-05,1,4
87,2.6464462280273438e-05,1,4
88,2.6464462280273438e-05,1,4
89,2.6464462280273438e-05,1,4
90,2.6464462280273438e-05,1,4
91,2.6464462280273438e-05,1,4
92,2.6464462280273438e-05,1,4
93,2.6464462280273438e-05,1,4
94,2.6464462280273438e-05,1,4
95,2.6464462280273438e-05,1,4
96,2.6464462280273438e-05,1,4
97,2.6464462280273438e-05,1,4
98,2.6464462280273438e-05,1,4
99,2.6464462280273438e-05,1,4
100,2.6464462280273438e-05,1,4
101,2.6464462280273438e-05,1,4
102,2.6464462280273438e-05,1,4
103,2.6464462280273438e-05,1,4
104,2.6464462280273438e-05,1,4
105,2.6464462280273438e-05,1,4
106,2.6464462280273438e-05,1,4
107,2.6464462280273438e-05,1,4
108,2.6464462280273438e-05,1,4
109,2.6464462280273438e-05,1,4
110,2.6464462280273438e-05,1,4
111,2.6464462280273438e-05,1,4
112,2.6464462280273438e-05,1,4
113,2.6464462280273438e-05,1,4
114,2.6464462280273438e-05,1,4
115,2.6464462280273438e-05,1,4
116,2.6464462280273438e-05,1,4
117,2.6464462280273438e-05,1,4
118,2.6464462280273438e-05,1,4
119,2.6464462280273438e-05,1,4
120,2.6464462280273438e-05,1,4
121,2.6464462280273438e-05,1,4
122,2.6464462280273438e-05,1,4
123,2.6464462280273438e-05,1,4
124,2.6464462280273438e-05,1,4
125,2.6464462280273438e-05,1,4
126,2.6464462280273438e-05,1,4
127,2.6464462280273438e-05,1,4
128,2.6464462280273438e-05,1,4
129,2.6464462280273438e-05,1,4
130,2.6464462280273438e-05,1,4
131,2.6464462280273438e-05,1,4
132,2.6464462280273438e-05,1,4
133,2.6464462280273438e-05,1,4
134,2.6464462280273438e-05,1,4
135,2.6464462280273438e-05,1,4
136,2.6464462280273438e-05,1,4
137,2.6464462280273438e-05,1,4
138,2.6464462280273438e-05,1,4
139,2.6464462280273438e-05,1,4
140,2.6464462280273438e-05,1,4
141,2.6464462280273438e-05,1,4
142,2.6464462280273438e-05,1,4
143,2.6464462280273438e-05,1,4
144,2.6464462280273438e-05,1,4
145,2.6464462280273438e-05,1,4
146,2.6464462280273438e-05,1,4
147,2.6464462280273438e-05,1,4
148,2.6464462280273438e-05,1,4
149,2.6464462280273438e-05,1,4
150,2.6464462280273438e-05,1,4
151,2.6464462280273438e-05,1,4
152,2.6464462280273438e-05,1,4
153,2.6464462280273438e-05,1,4
154,2.6464462280273438e-05,1,4
155,2.6464462280273438e-05,1,4
156,2.6464462280273438e-05,1,4
157,2.6464462280273438e-05,1,4
158,2.6464462280273438e-05,1,4
159,2.6464462280273438e-05,1,4
160,2.6464462280273438e-05,1,4
161,2.6464462280273438e-05,1,4
162,2.6464462280273438e-05,1,4
163,2.6464462280273438e-05,1,4
164,2.6464462280273438e-05,1,4
165,2.6464462280273438e-05,1,4
166,2.6464462280273438e-05,1,4
167,2.6464462280273438e-05,1,4
168,2.6464462280273438e-05,1,4
169,2.6464462280273438e-05,1,4
170,2.6464462280273438e-05,1,4
171,2.6464462280273438e-05,1,4
172,2.6464462280273438e-05,1,4
173,2.6464462280273438e-05,1,4
174,2.6464462280273438e-05,1,4
175,2.6464462280273438e-05,1,4
176,2.6464462280273438e-05,1,4
177,2.6464462280273438e-05,1,4
178,2.6464462280273438e-05,1,4
179,2.6464462280273438e-05,1,4
180,2.6464462280273438e-05,1,4
181,2.6464462280273438e-05,1,4
182,2.6464462280273438e-05,1,4
183,2.6464462280273438e-05,1,4
184,2.6464462280273438e-05,1,4
185,2.6464462280273438e-05,1,4
186,2.6464462280273438e-05,1,4
187,2.6464462280273438e-05,1,4
188,2.6464462280273438e-05,1,4
189,2.6464462280273438e-05,1,4
190,2.6464462280273438e-05,1,4
191,2.6464462280273438e-05,1,4
192,2.6464462280273438e-05,1,4
193,2.6464462280273438e-05,1,4
194,2.6464462280273438e-05,1,4
195,2.6464462280273438e-05,1,4
196,2.6464462280273438e-05,1,4
197,2.6464462280273438e-05,1,4
198,2.6464462280273438e-05,1,4
199,2.6464462280273438e-05,1,4
200,2.6464462280273438e-05,1,4
1,5.125999450683594e-06,1,5
2,5.125999450683594e-06,1,5
3,5.125999450683594e-06,1,5
4,5.125999450683594e-06,1,5
5,5.245208740234375e-06,1,5
6,5.7220458984375e-06,1,5
7,5.7220458984375e-06,1,5
8,5.7220458984375e-06,1,5
9,5.7220458984375e-06,1,5
10,5.7220458984375e-06,1,5
11,6.198883056640625e-06,1,5
12,1.1324882507324219e-05,1,5
13,1.1324882507324219e-05,1,5
14,1.1324882507324219e-05,1,5
15,1.1324882507324219e-05,1,5
16,1.1324882507324219e-05,1,5
17,1.1324882507324219e-05,1,5
18,1.1324882507324219e-05,1,5
19,1.1324882507324219e-05,1,5
20,1.2040138244628906e-05,1,5
21,1.4424324035644531e-05,1,5
22,1.4424324035644531e-05,1,5
23,1.4901161193847656e-05,1,5
24,1.728534698486328e-05,1,5
25,1.728534698486328e-05,1,5
26,1.728534698486328e-05,1,5
27,1.728534698486328e-05,1,5
28,1.728534698486328e-05,1,5
29,1.728534698486328e-05,1,5
30,1.728534698486328e-05,1,5
31,1.728534698486328e-05,1,5
32,1.728534698486328e-05,1,5
33,1.728534698486328e-05,1,5
34,1.728534698486328e-05,1,5
35,1.728534698486328e-05,1,5
36,1.728534698486328e-05,1,5
37,1.728534698486328e-05,1,5
38,1.728534698486328e-05,1,5
39,1.728534698486328e-05,1,5
40,1.728534698486328e-05,1,5
41,1.728534698486328e-05,1,5
42,1.728534698486328e-05,1,5
43,1.728534698486328e-05,1,5
44,1.728534698486328e-05,1,5
45,1.728534698486328e-05,1,5
46,1.728534698486328e-05,1,5
47,1.728534698486328e-05,1,5
48,1.728534698486328e-05,1,5
49,1.728534698486328e-05,1,5
50,1.728534698486328e-05,1,5
51,1.728534698486328e-05,1,5
52,1.728534698486328e-05,1,5
53,1.728534698486328e-05,1,5
54,1.728534698486328e-05,1,5
55,1.728534698486328e-05,1,5
56,1.728534698486328e-05,1,5
57,1.728534698486328e-05,1,5
58,1.728534698486328e-05,1,5
59,1.728534698486328e-05,1,5
60,1.728534698486328e-05,1,5
61,1.728534698486328e-05,1,5
62,1.728534698486328e-05,1,5
63,1.728534698486328e-05,1,5
64,1.728534698486328e-05,1,5
65,1.728534698486328e-05,1,5
66,1.728534698486328e-05,1,5
67,1.728534698486328e-05,1,5
68,1.728534698486328e-05,1,5
69,1.728534698486328e-05,1,5
70,1.728534698486328e-05,1,5
71,1.728534698486328e-05,1,5
72,1.728534698486328e-05,1,5
73,1.728534698486328e-05,1,5
74,1.728534698486328e-05,1,5
75,1.728534698486328e-05,1,5
76,1.728534698486328e-05,1,5
77,1.728534698486328e-05,1,5
78,1.728534698486328e-05,1,5
79,1.728534698486328e-05,1,5
80,1.728534698486328e-05,1,5
81,1.728534698486328e-05,1,5
82,1.728534698486328e-05,1,5
83,1.728534698486328e-05,1,5
84,1.728534698486328e-05,1,5
85,1.728534698486328e-05,1,5
86,1.728534698486328e-05,1,5
87,1.728534698486328e-05,1,5
88,1.728534698486328e-05,1,5
89,1.728534698486328e-05,1,5
90,1.728534698486328e-05,1,5
91,1.728534698486328e-05,1,5
92,1.728534698486328e-05,1,5
93,1.728534698486328e-05,1,5
94,1.728534698486328e-05,1,5
95,1.728534698486328e-05,1,5
96,1.728534698486328e-05,1,5
97,1.728534698486328e-05,1,5
98,1.728534698486328e-05,1,5
99,1.728534698486328e-05,1,5
100,1.728534698486328e-05,1,5
101,1.728534698486328e-05,1,5
102,1.728534698486328e-05,1,5
103,1.728534698486328e-05,1,5
104,1.728534698486328e-05,1,5
105,1.728534698486328e-05,1,5
106,1.728534698486328e-05,1,5
107,1.728534698486328e-05,1,5
108,1.728534698486328e-05,1,5
109,1.728534698486328e-05,1,5
110,1.728534698486328e-05,1,5
111,1.728534698486328e-05,1,5
112,1.728534698486328e-05,1,5
113,1.728534698486328e-05,1,5
114,1.728534698486328e-05,1,5
115,1.728534698486328e-05,1,5
116,1.728534698486328e-05,1,5
117,1.728534698486328e-05,1,5
118,1.728534698486328e-05,1,5
119,1.728534698486328e-05,1,5
120,1.728534698486328e-05,1,5
121,1.728534698486328e-05,1,5
122,1.728534698486328e-05,1,5
123,1.728534698486328e-05,1,5
124,1.728534698486328e-05,1,5
125,1.728534698486328e-05,1,5
126,1.728534698486328e-05,1,5
127,1.728534698486328e-05,1,5
128,1.728534698486328e-05,1,5
129,1.728534698486328e-05,1,5
130,1.728534698486328e-05,1,5
131,1.728534698486328e-05,1,5
132,1.728534698486328e-05,1,5
133,1.728534698486328e-05,1,5
134,1.728534698486328e-05,1,5
135,1.728534698486328e-05,1,5
136,1.728534698486328e-05,1,5
137,1.728534698486328e-05,1,5
138,1.728534698486328e-05,1,5
139,1.728534698486328e-05,1,5
140,1.728534698486328e-05,1,5
141,1.728534698486328e-05,1,5
142,1.728534698486328e-05,1,5
143,1.728534698486328e-05,1,5
144,1.728534698486328e-05,1,5
145,1.728534698486328e-05,1,5
146,1.728534698486328e-05,1,5
147,1.728534698486328e-05,1,5
148,1.728534698486328e-05,1,5
149,1.728534698486328e-05,1,5
150,1.728534698486328e-05,1,5
151,1.728534698486328e-05,1,5
152,1.728534698486328e-05,1,5
153,1.728534698486328e-05,1,5
154,1.728534698486328e-05,1,5
155,1.728534698486328e-05,1,5
156,1.728534698486328e-05,1,5
157,1.728534698486328e-05,1,5
158,1.728534698486328e-05,1,5
159,1.728534698486328e-05,1,5
160,1.728534698486328e-05,1,5
161,1.728534698486328e-05,1,5
162,1.728534698486328e-05,1,5
163,1.728534698486328e-05,1,5
164,1.728534698486328e-05,1,5
165,1.728534698486328e-05,1,5
166,1.728534698486328e-05,1,5
167,1.728534698486328e-05,1,5
168,1.728534698486328e-05,1,5
169,1.728534698486328e-05,1,5
170,1.728534698486328e-05,1,5
171,1.728534698486328e-05,1,5
172,1.728534698486328e-05,1,5
173,1.728534698486328e-05,1,5
174,1.728534698486328e-05,1,5
175,1.728534698486328e-05,1,5
176,1.728534698486328e-05,1,5
177,1.728534698486328e-05,1,5
178,1.728534698486328e-05,1,5
179,1.728534698486328e-05,1,5
180,1.728534698486328e-05,1,5
181,1.728534698486328e-05,1,5
182,1.728534698486328e-05,1,5
183,1.728534698486328e-05,1,5
184,1.728534698486328e-05,1,5
185,1.728534698486328e-05,1,5
186,1.728534698486328e-05,1,5
187,1.728534698486328e-05,1,5
188,1.728534698486328e-05,1,5
189,1.728534698486328e-05,1,5
190,1.728534698486328e-05,1,5
191,1.728534698486328e-05,1,5
192,1.728534698486328e-05,1,5
193,1.728534698486328e-05,1,5
194,1.728534698486328e-05,1,5
195,1.728534698486328e-05,1,5
196,1.728534698486328e-05,1,5
197,1.728534698486328e-05,1,5
198,1.728534698486328e-05,1,5
199,1.728534698486328e-05,1,5
200,1.728534698486328e-05,1,5
1,1.8835067749023438e-05,1,6
2,1.8835067749023438e-05,1,6
3,1.8835067749023438e-05,1,6
4,1.895427703857422e-05,1,6
5,1.895427703857422e-05,1,6
6,1.9073486328125e-05,1,6
7,2.6464462280273438e-05,1,6
8,2.6464462280273438e-05,1,6
9,4.8041343688964844e-05,1,6
10,4.8041343688964844e-05,1,6
11,4.8041343688964844e-05,1,6
12,4.8041343688964844e-05,1,6
13,4.8041343688964844e-05,1,6
14,4.8041343688964844e-05,1,6
15,4.8041343688964844e-05,1,6
16,5.352497100830078e-05,1,6
17,5.352497100830078e-05,1,6
18,5.352497100830078e-05,1,6
19,5.352497100830078e-05,1,6
20,6.687641143798828e-05,1,6
21,6.687641143798828e-05,1,6
22,6.687641143798828e-05,1,6
23,6.687641143798828e-05,1,6
24,6.687641143798828e-05,1,6
25,6.687641143798828e-05,1,6
26,6.687641143798828e-05,1,6
27,6.687641143798828e-05,1,6
28,7.903575897216797e-05,1,6
29,7.903575897216797e-05,1,6
30,8.45193862915039e-05,1,6
31,8.45193862915039e-05,1,6
32,8.45193862915039e-05,1,6
33,8.45193862915039e-05,1,6
34,8.45193862915039e-05,1,6
35,8.45193862915039e-05,1,6
36,8.45193862915039e-05,1,6
37,8.45193862915039e-05,1,6
38,8.45193862915039e-05,1,6
39,8.45193862915039e-05,1,6
40,8.45193862915039e-05,1,6
41,8.45193862915039e-05,1,6
42,8.45193862915039e-05,1,6
43,8.45193862915039e-05,1,6
44,8.45193862915039e-05,1,6
45,8.45193862915039e-05,1,6
46,8.45193862915039e-05,1,6
47,8.45193862915039e-05,1,6
48,8.45193862915039e-05,1,6
49,8.45193862915039e-05,1,6
50,8.45193862915039e-05,1,6
51,8.45193862915039e-05,1,6
52,8.45193862915039e-05,1,6
53,8.45193862915039e-05,1,6
54,8.45193862915039e-05,1,6
55,8.45193862915039e-05,1,6
56,8.45193862915039e-05,1,6
57,8.45193862915039e-05,1,6
58,8.45193862915039e-05,1,6
59,8.45193862915039e-05,1,6
60,8.45193862915039e-05,1,6
61,8.45193862915039e-05,1,6
62,8.45193862915039e-05,1,6
63,8.45193862915039e-05,1,6
64,8.45193862915039e-05,1,6
65,8.45193862915039e-05,1,6
66,8.45193862915039e-05,1,6
67,8.45193862915039e-05,1,6
68,8.45193862915039e-05,1,6
69,8.45193862915039e-05,1,6
70,8.45193862915039e-05,1,6
71,8.45193862915039e-05,1,6
72,8.45193862915039e-05,1,6
73,8.45193862915039e-05,1,6
74,8.45193862915039e-05,1,6
75,8.45193862915039e-05,1,6
76,8.45193862915039e-05,1,6
77,8.45193862915039e-05,1,6
78,8.45193862915039e-05,1,6
79,8.45193862915039e-05,1,6
80,8.45193862915039e-05,1,6
81,8.45193862915039e-05,1,6
82,8.45193862915039e-05,1,6
83,8.45193862915039e-05,1,6
84,8.45193862915039e-05,1,6
85,8.45193862915039e-05,1,6
86,8.45193862915039e-05,1,6
87,8.45193862915039e-05,1,6
88,8.45193862915039e-05,1,6
89,8.45193862915039e-05,1,6
90,8.45193862915039e-05,1,6
91,8.45193862915039e-05,1,6
92,8.45193862915039e-05,1,6
93,8.45193862915039e-05,1,6
94,8.45193862915039e-05,1,6
95,8.45193862915039e-05,1,6
96,8.45193862915039e-05,1,6
97,8.45193862915039e-05,1,6
98,8.45193862915039e-05,1,6
99,8.45193862915039e-05,1,6
100,8.45193862915039e-05,1,6
101,8.45193862915039e-05,1,6
102,8.45193862915039e-05,1,6
103,8.45193862915039e-05,1,6
104,8.45193862915039e-05,1,6
105,8.45193862915039e-05,1,6
106,8.45193862915039e-05,1,6
107,8.45193862915039e-05,1,6
108,8.45193862915039e-05,1,6
109,8.45193862915039e-05,1,6
110,8.45193862915039e-05,1,6
111,8.45193862915039e-05,1,6
112,8.45193862915039e-05,1,6
113,8.45193862915039e-05,1,6
114,8.45193862915039e-05,1,6
115,8.45193862915039e-05,1,6
116,8.45193862915039e-05,1,6
117,8.45193862915039e-05,1,6
118,8.45193862915039e-05,1,6
119,8.45193862915039e-05,1,6
120,8.45193862915039e-05,1,6
121,8.45193862915039e-05,1,6
122,8.45193862915039e-05,1,6
123,8.45193862915039e-05,1,6
124,8.45193862915039e-05,1,6
125,8.45193862915039e-05,1,6
126,8.45193862915039e-05,1,6
127,8.45193862915039e-05,1,6
128,8.45193862915039e-05,1,6
129,8.45193862915039e-05,1,6
130,8.45193862915039e-05,1,6
131,8.45193862915039e-05,1,6
132,8.45193862915039e-05,1,6
133,8.45193862915039e-05,1,6
134,8.45193862915039e-05,1,6
135,8.45193862915039e-05,1,6
136,8.45193862915039e-05,1,6
137,8.45193862915039e-05,1,6
138,8.45193862915039e-05,1,6
139,8.45193862915039e-05,1,6
140,8.45193862915039e-05,1,6
141,8.45193862915039e-05,1,6
142,8.45193862915039e-05,1,6
143,8.45193862915039e-05,1,6
144,8.45193862915039e-05,1,6
145,8.45193862915039e-05,1,6
146,8.45193862915039e-05,1,6
147,8.45193862915039e-05,1,6
148,8.45193862915039e-05,1,6
149,8.45193862915039e-05,1,6
150,8.45193862915039e-05,1,6
151,8.45193862915039e-05,1,6
152,8.45193862915039e-05,1,6
153,8.45193862915039e-05,1,6
154,8.45193862915039e-05,1,6
155,8.45193862915039e-05,1,6
156,8.45193862915039e-05,1,6
157,8.45193862915039e-05,1,6
158,8.45193862915039e-05,1,6
159,8.45193862915039e-05,1,6
160,8.45193862915039e-05,1,6
161,8.45193862915039e-05,1,6
162,8.45193862915039e-05,1,6
163,8.45193862915039e-05,1,6
164,8.45193862915039e-05,1,6
165,8.45193862915039e-05,1,6
166,8.45193862915039e-05,1,6
167,8.45193862915039e-05,1,6
168,8.45193862915039e-05,1,6
169,8.45193862915039e-05,1,6
170,8.45193862915039e-05,1,6
171,8.45193862915039e-05,1,6
172,8.45193862915039e-05,1,6
173,8.45193862915039e-05,1,6
174,8.45193862915039e-05,1,6
175,8.45193862915039e-05,1,6
176,8.45193862915039e-05,1,6
177,8.45193862915039e-05,1,6
178,8.45193862915039e-05,1,6
179,8.45193862915039e-05,1,6
180,8.45193862915039e-05,1,6
181,8.45193862915039e-05,1,6
182,8.45193862915039e-05,1,6
183,8.45193862915039e-05,1,6
184,8.45193862915039e-05,1,6
185,8.45193862915039e-05,1,6
186,8.45193862915039e-05,1,6
187,8.45193862915039e-05,1,6
188,8.45193862915039e-05,1,6
189,8.45193862915039e-05,1,6
190,8.45193862915039e-05,1,6
191,8.45193862915039e-05,1,6
192,8.45193862915039e-05,1,6
193,8.45193862915039e-05,1,6
194,8.45193862915039e-05,1,6
195,8.45193862915039e-05,1,6
196,8.45193862915039e-05,1,6
197,8.45193862915039e-05,1,6
198,8.45193862915039e-05,1,6
199,8.45193862915039e-05,1,6
200,8.45193862915039e-05,1,6
1,3.4570693969726562e-06,1,7
2,3.4570693969726562e-06,1,7
3,3.4570693969726562e-06,1,7
4,3.4570693969726562e-06,1,7
5,3.5762786865234375e-06,1,7
6,3.5762786865234375e-06,1,7
7,3.5762786865234375e-06,1,7
8,3.6954879760742188e-06,1,7
9,3.6954879760742188e-06,1,7
10,4.5299530029296875e-06,1,7
11,4.5299530029296875e-06,1,7
12,4.649162292480469e-06,1,7
13,4.649162292480469e-06,1,7
14,5.125999450683594e-06,1,7
15,5.125999450683594e-06,1,7
16,5.125999450683594e-06,1,7
17,5.125999450683594e-06,1,7
18,5.125999450683594e-06,1,7
19,5.4836273193359375e-06,1,7
20,5.4836273193359375e-06,1,7
21,5.4836273193359375e-06,1,7
22,5.4836273193359375e-06,1,7
23,5.4836273193359375e-06,1,7
24,5.9604644775390625e-06,1,7
25,6.67572021484375e-06,1,7
26,6.67572021484375e-06,1,7
27,6.67572021484375e-06,1,7
28,6.67572021484375e-06,1,7
29,6.67572021484375e-06,1,7
30,6.67572021484375e-06,1,7
31,6.67572021484375e-06,1,7
32,6.67572021484375e-06,1,7
33,6.67572021484375e-06,1,7
34,6.67572021484375e-06,1,7
35,6.67572021484375e-06,1,7
36,6.67572021484375e-06,1,7
37,6.67572021484375e-06,1,7
38,6.67572021484375e-06,1,7
39,6.67572021484375e-06,1,7
40,6.67572021484375e-06,1,7
41,6.67572021484375e-06,1,7
42,6.67572021484375e-06,1,7
43,6.67572021484375e-06,1,7
44,6.67572021484375e-06,1,7
45,6.67572021484375e-06,1,7
46,6.67572021484375e-06,1,7
47,6.67572021484375e-06,1,7
48,6.67572021484375e-06,1,7
49,6.67572021484375e-06,1,7
50,6.67572021484375e-06,1,7
51,6.67572021484375e-06,1,7
52,6.67572021484375e-06,1,7
53,6.67572021484375e-06,1,7
54,6.67572021484375e-06,1,7
55,6.67572021484375e-06,1,7
56,6.67572021484375e-06,1,7
57,6.67572021484375e-06,1,7
58,6.67572021484375e-06,1,7
59,6.67572021484375e-06,1,7
60,6.67572021484375e-06,1,7
61,6.67572021484375e-06,1,7
62,6.67572021484375e-06,1,7
63,6.67572021484375e-06,1,7
64,6.67572021484375e-06,1,7
65,6.67572021484375e-06,1,7
66,6.67572021484375e-06,1,7
67,6.67572021484375e-06,1,7
68,6.67572021484375e-06,1,7
69,6.67572021484375e-06,1,7
70,6.67572021484375e-06,1,7
71,6.67572021484375e-06,1,7
72,6.67572021484375e-06,1,7
73,6.67572021484375e-06,1,7
74,6.67572021484375e-06,1,7
75,6.67572021484375e-06,1,7
76,6.67572021484375e-06,1,7
77,6.67572021484375e-06,1,7
78,6.67572021484375e-06,1,7
79,6.67572021484375e-06,1,7
80,6.67572021484375e-06,1,7
81,6.67572021484375e-06,1,7
82,6.67572021484375e-06,1,7
83,6.67572021484375e-06,1,7
84,6.67572021484375e-06,1,7
85,6.67572021484375e-06,1,7
86,6.67572021484375e-06,1,7
87,6.67572021484375e-06,1,7
88,6.67572021484375e-06,1,7
89,6.67572021484375e-06,1,7
90,6.67572021484375e-06,1,7
91,6.67572021484375e-06,1,7
92,6.67572021484375e-06,1,7
93,6.67572021484375e-06,1,7
94,6.67572021484375e-06,1,7
95,6.67572021484375e-06,1,7
96,6.67572021484375e-06,1,7
97,6.67572021484375e-06,1,7
98,6.67572021484375e-06,1,7
99,6.67572021484375e-06,1,7
100,6.67572021484375e-06,1,7
101,6.67572021484375e-06,1,7
102,6.67572021484375e-06,1,7
103,6.67572021484375e-06,1,7
104,6.67572021484375e-06,1,7
105,6.67572021484375e-06,1,7
106,6.67572021484375e-06,1,7
107,6.67572021484375e-06,1,7
108,6.67572021484375e-06,1,7
109,6.67572021484375e-06,1,7
110,6.67572021484375e-06,1,7
111,6.67572021484375e-06,1,7
112,6.67572021484375e-06,1,7
113,6.67572021484375e-06,1,7
114,6.67572021484375e-06,1,7
115,6.67572021484375e-06,1,7
116,6.67572021484375e-06,1,7
117,6.67572021484375e-06,1,7
118,6.67572021484375e-06,1,7
119,6.67572021484375e-06,1,7
120,6.67572021484375e-06,1,7
121,6.67572021484375e-06,1,7
122,6.67572021484375e-06,1,7
123,6.67572021484375e-06,1,7
124,6.67572021484375e-06,1,7
125,6.67572021484375e-06,1,7
126,6.67572021484375e-06,1,7
127,6.67572021484375e-06,1,7
128,6.67572021484375e-06,1,7
129,6.67572021484375e-06,1,7
130,6.67572021484375e-06,1,7
131,6.67572021484375e-06,1,7
132,6.67572021484375e-06,1,7
133,6.67572021484375e-06,1,7
134,6.67572021484375e-06,1,7
135,6.67572021484375e-06,1,7
136,6.67572021484375e-06,1,7
137,6.67572021484375e-06,1,7
138,6.67572021484375e-06,1,7
139,6.67572021484375e-06,1,7
140,6.67572021484375e-06,1,7
141,6.67572021484375e-06,1,7
142,6.67572021484375e-06,1,7
143,6.67572021484375e-06,1,7
144,6.67572021484375e-06,1,7
145,6.67572021484375e-06,1,7
146,6.67572021484375e-06,1,7
147,6.67572021484375e-06,1,7
148,6.67572021484375e-06,1,7
149,6.67572021484375e-06,1,7
150,6.67572021484375e-06,1,7
151,6.67572021484375e-06,1,7
152,6.67572021484375e-06,1,7
153,6.67572021484375e-06,1,7
154,6.67572021484375e-06,1,7
155,6.67572021484375e-06,1,7
156,6.67572021484375e-06,1,7
157,6.67572021484375e-06,1,7
158,6.67572021484375e-06,1,7
159,6.67572021484375e-06,1,7
160,6.67572021484375e-06,1,7
161,6.67572021484375e-06,1,7
162,6.67572021484375e-06,1,7
163,6.67572021484375e-06,1,7
164,6.67572021484375e-06,1,7
165,6.67572021484375e-06,1,7
166,6.67572021484375e-06,1,7
167,6.67572021484375e-06,1,7
168,6.67572021484375e-06,1,7
169,6.67572021484375e-06,1,7
170,6.67572021484375e-06,1,7
171,6.67572021484375e-06,1,7
172,6.67572021484375e-06,1,7
173,6.67572021484375e-06,1,7
174,6.67572021484375e-06,1,7
175,6.67572021484375e-06,1,7
176,6.67572021484375e-06,1,7
177,6.67572021484375e-06,1,7
178,6.67572021484375e-06,1,7
179,6.67572021484375e-06,1,7
180,6.67572021484375e-06,1,7
181,6.67572021484375e-06,1,7
182,6.67572021484375e-06,1,7
183,6.67572021484375e-06,1,7
184,6.67572021484375e-06,1,7
185,6.67572021484375e-06,1,7
186,6.67572021484375e-06,1,7
187,6.67572021484375e-06,1,7
188,6.67572021484375e-06,1,7
189,6.67572021484375e-06,1,7
190,6.67572021484375e-06,1,7
191,6.67572021484375e-06,1,7
192,6.67572021484375e-06,1,7
193,6.67572021484375e-06,1,7
194,6.67572021484375e-06,1,7
195,6.67572021484375e-06,1,7
196,6.67572021484375e-06,1,7
197,6.67572021484375e-06,1,7
198,6.67572021484375e-06,1,7
199,6.67572021484375e-06,1,7
200,6.67572021484375e-06,1,7
1,0.01939338445663452,1,8
2,0.01939338445663452,1,8
3,0.04506343603134155,2,8
4,0.04506343603134155,2,8
5,0.04506343603134155,2,8
6,0.04506343603134155,2,8
7,0.07026857137680054,3,8
8,0.07033008337020874,3,8
9,0.07033008337020874,3,8
10,0.07033008337020874,3,8
11,0.04504287242889404,1,8
12,0.04504287242889404,1,8
13,0.04504287242889404,1,8
14,0.13219773769378662,3,8
15,0.13219773769378662,3,8
16,0.13219773769378662,3,8
17,0.13219773769378662,3,8
18,0.13219773769378662,3,8
19,0.1305277943611145,2,8
20,0.1305277943611145,2,8
21,0.21864819526672363,3,8
22,0.21864819526672363,3,8
23,0.21864819526672363,3,8
24,0.271583616733551,6,8
25,0.37262654304504395,8,8
26,0.37262654304504395,8,8
27,0.37262654304504395,8,8
28,0.37262654304504395,8,8
29,0.4236125349998474,7,8
30,0.4236125349998474,7,8
31,0.5349539816379547,8,8
32,0.5349539816379547,8,8
33,0.5349539816379547,8,8
34,0.5349539816379547,8,8
35,0.53404700756073,7,8
36,0.53404700756073,7,8
37,0.53404700756073,7,8
38,0.6004221737384796,8,8
39,0.6004221737384796,8,8
40,0.6402925848960876,8,8
41,0.6402925848960876,8,8
42,0.6402925848960876,8,8
43,0.7260818183422089,11,8
44,0.7260818183422089,11,8
45,0.7260818183422089,11,8
46,0.7260818183422089,11,8
47,0.6781543791294098,8,8
48,0.7466283440589905,11,8
49,0.7466283440589905,11,8
50,0.7466283440589905,11,8
51,0.7466283440589905,11,8
52,0.8210491985082626,13,8
53,0.8210491985082626,13,8
54,0.8210491985082626,13,8
55,0.8210491985082626,13,8
56,0.8210491985082626,13,8
57,0.8210491985082626,13,8
58,0.808358684182167,12,8
59,0.8406789302825928,13,8
60,0.8406789302825928,13,8
61,0.8406789302825928,13,8
62,0.8406789302825928,13,8
63,0.8406789302825928,13,8
64,0.8374079167842865,12,8
65,0.8447348773479462,11,8
66,0.8447348773479462,11,8
67,0.8447348773479462,11,8
68,0.8447348773479462,11,8
69,0.8447348773479462,11,8
70,0.8447348773479462,11,8
71,0.8447348773479462,11,8
72,0.8447348773479462,11,8
73,0.8447348773479462,11,8
74,0.8484353423118591,11,8
75,0.8484353423118591,11,8
76,0.8484353423118591,11,8
77,0.8484353423118591,11,8
78,0.8484353423118591,11,8
79,0.8484353423118591,11,8
80,0.9254347607493401,13,8
81,0.9254347607493401,13,8
82,0.9254347607493401,13,8
83,0.9254347607493401,13,8
84,0.9254347607493401,13,8
85,0.9254347607493401,13,8
86,0.9254347607493401,13,8
87,0.9254347607493401,13,8
88,0.9254347607493401,13,8
89,0.9254347607493401,13,8
90,0.9254347607493401,13,8
91,0.9254347607493401,13,8
92,0.9254347607493401,13,8
93,0.9254347607493401,13,8
94,0.9254347607493401,13,8
95,0.9254347607493401,13,8
96,0.9254347607493401,13,8
97,0.9254347607493401,13,8
98,0.9254347607493401,13,8
99,0.9254347607493401,13,8
100,0.9254347607493401,13,8
101,0.9254347607493401,13,8
102,0.9254347607493401,13,8
103,0.9254347607493401,13,8
104,0.9254347607493401,13,8
105,0.9254347607493401,13,8
106,0.9254347607493401,13,8
107,0.9254347607493401,13,8
108,0.9254347607493401,13,8
109,0.9254347607493401,13,8
110,0.9254347607493401,13,8
111,0.9254347607493401,13,8
112,0.9254347607493401,13,8
113,0.9254347607493401,13,8
114,0.9254347607493401,13,8
115,0.9661002419888973,14,8
116,0.9661002419888973,14,8
117,0.9661002419888973,14,8
118,0.9661002419888973,14,8
119,0.9661002419888973,14,8
120,0.9661002419888973,14,8
121,0.9661002419888973,14,8
122,0.9661002419888973,14,8
123,0.9525974802672863,13,8
124,0.9525974802672863,13,8
125,0.9525974802672863,13,8
126,0.9525974802672863,13,8
127,0.9525974802672863,13,8
128,0.9525974802672863,13,8
129,0.9525974802672863,13,8
130,0.9525974802672863,13,8
131,0.9525974802672863,13,8
132,0.9525974802672863,13,8
133,0.9525974802672863,13,8
134,0.9525974802672863,13,8
135,0.9525974802672863,13,8
136,0.9525974802672863,13,8
137,0.9525974802672863,13,8
138,0.9525974802672863,13,8
139,0.9525974802672863,13,8
140,0.9525974802672863,13,8
141,0.9525974802672863,13,8
142,0.9525974802672863,13,8
143,0.9525974802672863,13,8
144,0.9525974802672863,13,8
145,0.9525974802672863,13,8
146,0.9525974802672863,13,8
147,0.9525974802672863,13,8
148,0.9525974802672863,13,8
149,0.9525974802672863,13,8
150,0.9525974802672863,13,8
151,0.9525974802672863,13,8
152,0.9525974802672863,13,8
153,0.9525974802672863,13,8
154,0.9525974802672863,13,8
155,0.9525974802672863,13,8
156,0.9525974802672863,13,8
157,0.9525974802672863,13,8
158,0.9525974802672863,13,8
159,0.9525974802672863,13,8
160,0.9525974802672863,13,8
161,0.9525974802672863,13,8
162,0.9525974802672863,13,8
163,0.9525974802672863,13,8
164,0.9525974802672863,13,8
165,0.9525974802672863,13,8
166,0.9525974802672863,13,8
167,0.9525974802672863,13,8
168,0.9525974802672863,13,8
169,0.9525974802672863,13,8
170,0.9525974802672863,13,8
171,0.9525974802672863,13,8
172,0.9525974802672863,13,8
173,0.9525974802672863,13,8
174,0.9525974802672863,13,8
175,0.9525974802672863,13,8
176,0.9525974802672863,13,8
177,0.9525974802672863,13,8
178,0.9525974802672863,13,8
179,0.9525974802672863,13,8
180,0.9525974802672863,13,8
181,0.9525974802672863,13,8
182,0.9525974802672863,13,8
183,0.9525974802672863,13,8
184,0.9525974802672863,13,8
185,0.9525974802672863,13,8
186,0.9525974802672863,13,8
187,0.9525974802672863,13,8
188,0.9525974802672863,13,8
189,0.9525974802672863,13,8
190,0.9720949903130531,14,8
191,0.9720949903130531,14,8
192,0.9720949903130531,14,8
193,0.9720949903130531,14,8
194,0.9720949903130531,14,8
195,0.9720949903130531,14,8
196,0.9573962800204754,13,8
197,0.9573962800204754,13,8
198,0.9573962800204754,13,8
199,0.9573962800204754,13,8
200,0.9573962800204754,13,8
1,0.7671717405319214,4,9
2,0.7994865924119949,2,9
3,0.7994865924119949,2,9
4,0.7994865924119949,2,9
5,0.7994865924119949,2,9
6,0.8562238216400146,5,9
7,0.8909086212515831,5,9
8,0.8909086212515831,5,9
9,0.9092045724391937,6,9
10,0.9092045724391937,6,9
11,0.9119841903448105,6,9
12,0.9119841903448105,6,9
13,0.9173343181610107,6,9
14,0.9173343181610107,6,9
15,0.9173343181610107,6,9
16,0.9173343181610107,6,9
17,0.9158286228775978,5,9
18,0.9158286228775978,5,9
19,0.9158286228775978,5,9
20,0.9158286228775978,5,9
21,0.9158286228775978,5,9
22,0.9158286228775978,5,9
23,0.9158286228775978,5,9
24,0.9158286228775978,5,9
25,0.9158286228775978,5,9
26,0.9158286228775978,5,9
27,0.9158286228775978,5,9
28,0.9158286228775978,5,9
29,0.9158286228775978,5,9
30,0.9158286228775978,5,9
31,0.9334852769970894,6,9
32,0.9334852769970894,6,9
33,0.9334852769970894,6,9
34,0.9334852769970894,6,9
35,0.9334852769970894,6,9
36,0.9519849643111229,7,9
37,0.9519849643111229,7,9
38,0.9519849643111229,7,9
39,0.9366829916834831,6,9
40,0.9040796756744385,4,9
41,0.9040796756744385,4,9
42,0.9040796756744385,4,9
43,0.9589083790779114,7,9
44,0.9589083790779114,7,9
45,0.9589083790779114,7,9
46,0.9589083790779114,7,9
47,0.9589083790779114,7,9
48,0.9589083790779114,7,9
49,0.9589083790779114,7,9
50,0.9589083790779114,7,9
51,0.9589083790779114,7,9
52,0.9589083790779114,7,9
53,0.9424552656710148,6,9
54,0.9424552656710148,6,9
55,0.9424552656710148,6,9
56,0.9424552656710148,6,9
57,0.9424552656710148,6,9
58,0.9424552656710148,6,9
59,0.9424552656710148,6,9
60,0.942856028676033,6,9
61,0.942856028676033,6,9
62,0.942856028676033,6,9
63,0.942856028676033,6,9
64,0.942856028676033,6,9
65,0.942856028676033,6,9
66,0.9318025708198547,5,9
67,0.9318025708198547,5,9
68,0.9318025708198547,5,9
69,0.9318025708198547,5,9
70,0.9318025708198547,5,9
71,0.9318025708198547,5,9
72,0.9318025708198547,5,9
73,0.9318025708198547,5,9
74,0.9318025708198547,5,9
75,0.9318025708198547,5,9
76,0.9318025708198547,5,9
77,0.9318025708198547,5,9
78,0.9318025708198547,5,9
79,0.9318025708198547,5,9
80,0.9318025708198547,5,9
81,0.9318025708198547,5,9
82,0.9318025708198547,5,9
83,0.9318025708198547,5,9
84,0.9318025708198547,5,9
85,0.9568418376147747,6,9
86,0.9568418376147747,6,9
87,0.9568418376147747,6,9
88,0.9568418376147747,6,9
89,0.9568418376147747,6,9
90,0.9570791907608509,6,9
91,0.9570791907608509,6,9
92,0.9570791907608509,6,9
93,0.9570791907608509,6,9
94,0.9570791907608509,6,9
95,0.9570791907608509,6,9
96,0.9570791907608509,6,9
97,0.9570791907608509,6,9
98,0.9570791907608509,6,9
99,0.9570791907608509,6,9
100,0.9570791907608509,6,9
101,0.9570791907608509,6,9
102,0.9570791907608509,6,9
103,0.9570791907608509,6,9
104,0.9570791907608509,6,9
105,0.9570791907608509,6,9
106,0.9570791907608509,6,9
107,0.9570791907608509,6,9
108,0.9570791907608509,6,9
109,0.9570791907608509,6,9
110,0.9570791907608509,6,9
111,0.9570791907608509,6,9
112,0.9570791907608509,6,9
113,0.9570791907608509,6,9
114,0.9570791907608509,6,9
115,0.9570791907608509,6,9
116,0.9358722195029259,4,9
117,0.9358722195029259,4,9
118,0.9358722195029259,4,9
119,0.9358722195029259,4,9
120,0.9358722195029259,4,9
121,0.9358722195029259,4,9
122,0.9358722195029259,4,9
123,0.9358722195029259,4,9
124,0.9358722195029259,4,9
125,0.9358722195029259,4,9
126,0.9358722195029259,4,9
127,0.9358722195029259,4,9
128,0.9358722195029259,4,9
129,0.9358722195029259,4,9
130,0.9358722195029259,4,9
131,0.9358722195029259,4,9
132,0.9358722195029259,4,9
133,0.9358722195029259,4,9
134,0.9358722195029259,4,9
135,0.9358722195029259,4,9
136,0.9358722195029259,4,9
137,0.9358722195029259,4,9
138,0.9358722195029259,4,9
139,0.9358722195029259,4,9
140,0.9358722195029259,4,9
141,0.9358722195029259,4,9
142,0.9358722195029259,4,9
143,0.9358722195029259,4,9
144,0.9358722195029259,4,9
145,0.9358722195029259,4,9
146,0.9358722195029259,4,9
147,0.9358722195029259,4,9
148,0.9358722195029259,4,9
149,0.9358722195029259,4,9
150,0.9358722195029259,4,9
151,0.9358722195029259,4,9
152,0.9358722195029259,4,9
153,0.9358722195029259,4,9
154,0.9358722195029259,4,9
155,0.9358722195029259,4,9
156,0.9358722195029259,4,9
157,0.9358722195029259,4,9
158,0.9358722195029259,4,9
159,0.9358722195029259,4,9
160,0.9358722195029259,4,9
161,0.9358722195029259,4,9
162,0.9358722195029259,4,9
163,0.9358722195029259,4,9
164,0.9358722195029259,4,9
165,0.9358722195029259,4,9
166,0.9358722195029259,4,9
167,0.9358722195029259,4,9
168,0.9358722195029259,4,9
169,0.9358722195029259,4,9
170,0.9358722195029259,4,9
171,0.9358722195029259,4,9
172,0.9358722195029259,4,9
173,0.9358722195029259,4,9
174,0.9358722195029259,4,9
175,0.9358722195029259,4,9
176,0.9358722195029259,4,9
177,0.9358722195029259,4,9
178,0.9358722195029259,4,9
179,0.9358722195029259,4,9
180,0.9358722195029259,4,9
181,0.9358722195029259,4,9
182,0.9358722195029259,4,9
183,0.9358722195029259,4,9
184,0.9358722195029259,4,9
185,0.9358722195029259,4,9
186,0.9358722195029259,4,9
187,0.9358722195029259,4,9
188,0.9358722195029259,4,9
189,0.9358722195029259,4,9
190,0.9358722195029259,4,9
191,0.9358722195029259,4,9
192,0.9358722195029259,4,9
193,0.9358722195029259,4,9
194,0.9358722195029259,4,9
195,0.9358722195029259,4,9
196,0.9358722195029259,4,9
197,0.9358722195029259,4,9
198,0.9358722195029259,4,9
199,0.9358722195029259,4,9
200,0.9358722195029259,4,9
1,0.9992177529493347,1,10
2,0.9992177529493347,1,10
3,0.9992895964533091,1,10
4,0.9993294887244701,1,10
5,0.9993294887244701,1,10
6,0.9993294887244701,1,10
7,0.9993294887244701,1,10
8,0.9993294887244701,1,10
9,0.9993294887244701,1,10
10,0.9993944436428137,1,10
11,0.9993944436428137,1,10
12,0.9994440859882161,1,10
13,0.9995350717799738,1,10
14,0.9995644068403635,1,10
15,0.9995644068403635,1,10
16,0.9995644068403635,1,10
17,0.9995644068403635,1,10
18,0.9995644068403635,1,10
19,0.9995644068403635,1,10
20,0.9995644068403635,1,10
21,0.9995644068403635,1,10
22,0.9995644068403635,1,10
23,0.9995644068403635,1,10
24,0.9995644068403635,1,10
25,0.9995644068403635,1,10
26,0.9995644068403635,1,10
27,0.9995644068403635,1,10
28,0.9995644068403635,1,10
29,0.9995644068403635,1,10
30,0.9995644068403635,1,10
31,0.9995644068403635,1,10
32,0.9995644068403635,1,10
33,0.9995644068403635,1,10
34,0.9995644068403635,1,10
35,0.9995644068403635,1,10
36,0.9995644068403635,1,10
37,0.9995644068403635,1,10
38,0.9995644068403635,1,10
39,0.9995644068403635,1,10
40,0.9995644068403635,1,10
41,0.9995644068403635,1,10
42,0.9995644068403635,1,10
43,0.9995644068403635,1,10
44,0.9995644068403635,1,10
45,0.9995644068403635,1,10
46,0.9995644068403635,1,10
47,0.9995644068403635,1,10
48,0.9995644068403635,1,10
49,0.9995644068403635,1,10
50,0.9995644068403635,1,10
51,0.9995644068403635,1,10
52,0.9995644068403635,1,10
53,0.9995644068403635,1,10
54,0.9995644068403635,1,10
55,0.9995644068403635,1,10
56,0.9995644068403635,1,10
57,0.9995644068403635,1,10
58,0.9995644068403635,1,10
59,0.9995644068403635,1,10
60,0.9995644068403635,1,10
61,0.9995644068403635,1,10
62,0.9995644068403635,1,10
63,0.9995644068403635,1,10
64,0.9995644068403635,1,10
65,0.9995644068403635,1,10
66,0.9995644068403635,1,10
67,0.9995644068403635,1,10
68,0.9995644068403635,1,10
69,0.9995644068403635,1,10
70,0.9995644068403635,1,10
71,0.9995644068403635,1,10
72,0.9995644068403635,1,10
73,0.9995644068403635,1,10
74,0.9995644068403635,1,10
75,0.9995644068403635,1,10
76,0.9995644068403635,1,10
77,0.9995644068403635,1,10
78,0.9995644068403635,1,10
79,0.9995644068403635,1,10
80,0.9995644068403635,1,10
81,0.9995644068403635,1,10
82,0.9995644068403635,1,10
83,0.9995644068403635,1,10
84,0.9995644068403635,1,10
85,0.9995644068403635,1,10
86,0.9995644068403635,1,10
87,0.9995644068403635,1,10
88,0.9995644068403635,1,10
89,0.9995644068403635,1,10
90,0.9995644068403635,1,10
91,0.9995644068403635,1,10
92,0.9995644068403635,1,10
93,0.9995644068403635,1,10
94,0.9995644068403635,1,10
95,0.9995644068403635,1,10
96,0.9995644068403635,1,10
97,0.9995644068403635,1,10
98,0.9995644068403635,1,10
99,0.9995644068403635,1,10
100,0.9995644068403635,1,10
101,0.9995644068403635,1,10
102,0.9995644068403635,1,10
103,0.9995644068403635,1,10
104,0.9995644068403635,1,10
105,0.9995644068403635,1,10
106,0.9995644068403635,1,10
107,0.9995644068403635,1,10
108,0.9995644068403635,1,10
109,0.9995644068403635,1,10
110,0.9995644068403635,1,10
111,0.9995644068403635,1,10
112,0.9995644068403635,1,10
113,0.9995644068403635,1,10
114,0.9995644068403635,1,10
115,0.9995644068403635,1,10
116,0.9995644068403635,1,10
117,0.9995644068403635,1,10
118,0.9995644068403635,1,10
119,0.9995644068403635,1,10
120,0.9995644068403635,1,10
121,0.9995644068403635,1,10
122,0.9995644068403635,1,10
123,0.9995644068403635,1,10
124,0.9995644068403635,1,10
125,0.9995644068403635,1,10
126,0.9995644068403635,1,10
127,0.9995644068403635,1,10
128,0.9995644068403635,1,10
129,0.9995644068403635,1,10
130,0.9995644068403635,1,10
131,0.9995644068403635,1,10
132,0.9995644068403635,1,10
133,0.9995644068403635,1,10
134,0.9995644068403635,1,10
135,0.9995644068403635,1,10
136,0.9995644068403635,1,10
137,0.9995644068403635,1,10
138,0.9995644068403635,1,10
139,0.9995644068403635,1,10
140,0.9995644068403635,1,10
141,0.9995644068403635,1,10
142,0.9995644068403635,1,10
143,0.9995644068403635,1,10
144,0.9995644068403635,1,10
145,0.9995644068403635,1,10
146,0.9995644068403635,1,10
147,0.9995644068403635,1,10
148,0.9995644068403635,1,10
149,0.9995644068403635,1,10
150,0.9995644068403635,1,10
151,0.9995644068403635,1,10
152,0.9995644068403635,1,10
153,0.9995644068403635,1,10
154,0.9995644068403635,1,10
155,0.9995644068403635,1,10
156,0.9995644068403635,1,10
157,0.9995644068403635,1,10
158,0.9995644068403635,1,10
159,0.9995644068403635,1,10
160,0.9995644068403635,1,10
161,0.9995644068403635,1,10
162,0.9995644068403635,1,10
163,0.9995644068403635,1,10
164,0.9995644068403635,1,10
165,0.9995644068403635,1,10
166,0.9995644068403635,1,10
167,0.9995644068403635,1,10
168,0.9995644068403635,1,10
169,0.9995644068403635,1,10
170,0.9995644068403635,1,10
171,0.9995644068403635,1,10
172,0.9995644068403635,1,10
173,0.9995644068403635,1,10
174,0.9995644068403635,1,10
175,0.9995644068403635,1,10
176,0.9995644068403635,1,10
177,0.9995644068403635,1,10
178,0.9995644068403635,1,10
179,0.9995644068403635,1,10
180,0.9995644068403635,1,10
181,0.9995644068403635,1,10
182,0.9995644068403635,1,10
183,0.9995644068403635,1,10
184,0.9995644068403635,1,10
185,0.9995644068403635,1,10
186,0.9995644068403635,1,10
187,0.9995644068403635,1,10
188,0.9995644068403635,1,10
189,0.9995644068403635,1,10
190,0.9995644068403635,1,10
191,0.9995644068403635,1,10
192,0.9995644068403635,1,10
193,0.9995644068403635,1,10
194,0.9995644068403635,1,10
195,0.9995644068403635,1,10
196,0.9995644068403635,1,10
197,0.9995644068403635,1,10
198,0.9995644068403635,1,10
199,0.9995644068403635,1,10
200,0.9995644068403635,1,10
1,0.0039847493171691895,1,11
2,0.0039847493171691895,1,11
3,0.0039847493171691895,1,11
4,0.0039847493171691895,1,11
5,0.005198478698730469,1,11
6,0.005953073501586914,1,11
7,0.005953073501586914,1,11
8,0.005953073501586914,1,11
9,0.005953073501586914,1,11
10,0.005953073501586914,1,11
11,0.005953073501586914,1,11
12,0.007051944732666016,1,11
13,0.007116794586181641,1,11
14,0.007116794586181641,1,11
15,0.007116794586181641,1,11
16,0.007116794586181641,1,11
17,0.007116794586181641,1,11
18,0.007119297981262207,1,11
19,0.00845801830291748,1,11
20,0.00845801830291748,1,11
21,0.00845801830291748,1,11
22,0.00878077745437622,1,11
23,0.00878077745437622,1,11
24,0.00878077745437622,1,11
25,0.00878077745437622,1,11
26,0.00878077745437622,1,11
27,0.00878077745437622,1,11
28,0.010391175746917725,1,11
29,0.010391175746917725,1,11
30,0.010391175746917725,1,11
31,0.010391175746917725,1,11
32,0.010391175746917725,1,11
33,0.010391175746917725,1,11
34,0.010391175746917725,1,11
35,0.010391175746917725,1,11
36,0.010391175746917725,1,11
37,0.010391175746917725,1,11
38,0.010391175746917725,1,11
39,0.010391175746917725,1,11
40,0.010391175746917725,1,11
41,0.010391175746917725,1,11
42,0.010391175746917725,1,11
43,0.010391175746917725,1,11
44,0.010391175746917725,1,11
45,0.010391175746917725,1,11
46,0.010391175746917725,1,11
47,0.010391175746917725,1,11
48,0.010391175746917725,1,11
49,0.010391175746917725,1,11
50,0.010391175746917725,1,11
51,0.010391175746917725,1,11
52,0.010391175746917725,1,11
53,0.010391175746917725,1,11
54,0.010391175746917725,1,11
55,0.010391175746917725,1,11
56,0.010391175746917725,1,11
57,0.010391175746917725,1,11
58,0.010391175746917725,1,11
59,0.010391175746917725,1,11
60,0.010391175746917725,1,11
61,0.010391175746917725,1,11
62,0.010391175746917725,1,11
63,0.010391175746917725,1,11
64,0.010391175746917725,1,11
65,0.010391175746917725,1,11
66,0.010391175746917725,1,11
67,0.010391175746917725,1,11
68,0.010391175746917725,1,11
69,0.010391175746917725,1,11
70,0.010391175746917725,1,11
71,0.010391175746917725,1,11
72,0.010391175746917725,1,11
73,0.010391175746917725,1,11
74,0.010391175746917725,1,11
75,0.010391175746917725,1,11
76,0.010391175746917725,1,11
77,0.010391175746917725,1,11
78,0.010391175746917725,1,11
79,0.010391175746917725,1,11
80,0.010391175746917725,1,11
81,0.010391175746917725,1,11
82,0.010391175746917725,1,11
83,0.010391175746917725,1,11
84,0.010391175746917725,1,11
85,0.010391175746917725,1,11
86,0.010391175746917725,1,11
87,0.010391175746917725,1,11
88,0.010391175746917725,1,11
89,0.010391175746917725,1,11
90,0.010391175746917725,1,11
91,0.010391175746917725,1,11
92,0.010391175746917725,1,11
93,0.010391175746917725,1,11
94,0.010391175746917725,1,11
95,0.010391175746917725,1,11
96,0.010391175746917725,1,11
97,0.010391175746917725,1,11
98,0.010391175746917725,1,11
99,0.010391175746917725,1,11
100,0.010391175746917725,1,11
101,0.010391175746917725,1,11
102,0.010391175746917725,1,11
103,0.010391175746917725,1,11
104,0.010391175746917725,1,11
105,0.010391175746917725,1,11
106,0.010391175746917725,1,11
107,0.010391175746917725,1,11
108,0.010391175746917725,1,11
109,0.010391175746917725,1,11
110,0.010391175746917725,1,11
111,0.010391175746917725,1,11
112,0.010391175746917725,1,11
113,0.010391175746917725,1,11
114,0.010391175746917725,1,11
115,0.010391175746917725,1,11
116,0.010391175746917725,1,11
117,0.010391175746917725,1,11
118,0.010391175746917725,1,11
119,0.010391175746917725,1,11
120,0.010391175746917725,1,11
121,0.010391175746917725,1,11
122,0.010391175746917725,1,11
123,0.010391175746917725,1,11
124,0.010391175746917725,1,11
125,0.010391175746917725,1,11
126,0.010391175746917725,1,11
127,0.010391175746917725,1,11
128,0.010391175746917725,1,11
129,0.010391175746917725,1,11
130,0.010391175746917725,1,11
131,0.010391175746917725,1,11
132,0.010391175746917725,1,11
133,0.010391175746917725,1,11
134,0.010391175746917725,1,11
135,0.010391175746917725,1,11
136,0.010391175746917725,1,11
137,0.010391175746917725,1,11
138,0.010391175746917725,1,11
139,0.010391175746917725,1,11
140,0.010391175746917725,1,11
141,0.010391175746917725,1,11
142,0.010391175746917725,1,11
143,0.010391175746917725,1,11
144,0.010391175746917725,1,11
145,0.010391175746917725,1,11
146,0.010391175746917725,1,11
147,0.010391175746917725,1,11
148,0.010391175746917725,1,11
149,0.010391175746917725,1,11
150,0.010391175746917725,1,11
151,0.010391175746917725,1,11
152,0.010391175746917725,1,11
153,0.010391175746917725,1,11
154,0.010391175746917725,1,11
155,0.010391175746917725,1,11
156,0.010391175746917725,1,11
157,0.010391175746917725,1,11
158,0.010391175746917725,1,11
159,0.010391175746917725,1,11
160,0.010391175746917725,1,11
161,0.010391175746917725,1,11
162,0.010391175746917725,1,11
163,0.010391175746917725,1,11
164,0.010391175746917725,1,11
165,0.010391175746917725,1,11
166,0.010391175746917725,1,11
167,0.010391175746917725,1,11
168,0.010391175746917725,1,11
169,0.010391175746917725,1,11
170,0.010391175746917725,1,11
171,0.010391175746917725,1,11
172,0.010391175746917725,1,11
173,0.010391175746917725,1,11
174,0.010391175746917725,1,11
175,0.010391175746917725,1,11
176,0.010391175746917725,1,11
177,0.010391175746917725,1,11
178,0.010391175746917725,1,11
179,0.010391175746917725,1,11
180,0.010391175746917725,1,11
181,0.010391175746917725,1,11
182,0.010391175746917725,1,11
183,0.010391175746917725,1,11
184,0.010391175746917725,1,11
185,0.010391175746917725,1,11
186,0.010391175746917725,1,11
187,0.010391175746917725,1,11
188,0.010391175746917725,1,11
189,0.010391175746917725,1,11
190,0.010391175746917725,1,11
191,0.010391175746917725,1,11
192,0.010391175746917725,1,11
193,0.010391175746917725,1,11
194,0.010391175746917725,1,11
195,0.010391175746917725,1,11
196,0.010391175746917725,1,11
197,0.010391175746917725,1,11
198,0.010391175746917725,1,11
199,0.010391175746917725,1,11
200,0.010391175746917725,1,11
1,1.6570091247558594e-05,1,12
2,1.6570091247558594e-05,1,12
3,1.6808509826660156e-05,1,12
4,1.7642974853515625e-05,1,12
5,1.919269561767578e-05,1,12
6,2.6941299438476562e-05,1,12
7,2.6941299438476562e-05,1,12
8,2.6941299438476562e-05,1,12
9,2.6941299438476562e-05,1,12
10,2.6941299438476562e-05,1,12
11,3.325939178466797e-05,1,12
12,3.325939178466797e-05,1,12
13,3.325939178466797e-05,1,12
14,3.325939178466797e-05,1,12
15,3.325939178466797e-05,1,12
16,3.838539123535156e-05,1,12
17,3.838539123535156e-05,1,12
18,3.838539123535156e-05,1,12
19,3.838539123535156e-05,1,12
20,3.838539123535156e-05,1,12
21,4.303455352783203e-05,1,12
22,4.303455352783203e-05,1,12
23,4.303455352783203e-05,1,12
24,4.303455352783203e-05,1,12
25,4.303455352783203e-05,1,12
26,5.257129669189453e-05,1,12
27,5.257129669189453e-05,1,12
28,5.257129669189453e-05,1,12
29,5.257129669189453e-05,1,12
30,5.257129669189453e-05,1,12
31,5.257129669189453e-05,1,12
32,5.257129669189453e-05,1,12
33,5.257129669189453e-05,1,12
34,5.257129669189453e-05,1,12
35,5.257129669189453e-05,1,12
36,5.257129669189453e-05,1,12
37,5.257129669189453e-05,1,12
38,5.257129669189453e-05,1,12
39,5.257129669189453e-05,1,12
40,5.257129669189453e-05,1,12
41,5.257129669189453e-05,1,12
42,5.257129669189453e-05,1,12
43,5.257129669189453e-05,1,12
44,5.257129669189453e-05,1,12
45,5.257129669189453e-05,1,12
46,5.257129669189453e-05,1,12
47,5.257129669189453e-05,1,12
48,5.257129669189453e-05,1,12
49,5.257129669189453e-05,1,12
50,5.257129669189453e-05,1,12
51,5.257129669189453e-05,1,12
52,5.257129669189453e-05,1,12
53,5.257129669189453e-05,1,12
54,5.257129669189453e-05,1,12
55,5.257129669189453e-05,1,12
56,5.257129669189453e-05,1,12
57,5.257129669189453e-05,1,12
58,5.257129669189453e-05,1,12
59,5.257129669189453e-05,1,12
60,5.257129669189453e-05,1,12
61,5.257129669189453e-05,1,12
62,5.257129669189453e-05,1,12
63,5.257129669189453e-05,1,12
64,5.257129669189453e-05,1,12
65,5.257129669189453e-05,1,12
66,5.257129669189453e-05,1,12
67,5.257129669189453e-05,1,12
68,5.257129669189453e-05,1,12
69,5.257129669189453e-05,1,12
70,5.257129669189453e-05,1,12
71,5.257129669189453e-05,1,12
72,5.257129669189453e-05,1,12
73,5.257129669189453e-05,1,12
74,5.257129669189453e-05,1,12
75,5.257129669189453e-05,1,12
76,5.257129669189453e-05,1,12
77,5.257129669189453e-05,1,12
78,5.257129669189453e-05,1,12
79,5.257129669189453e-05,1,12
80,5.257129669189453e-05,1,12
81,5.257129669189453e-05,1,12
82,5.257129669189453e-05,1,12
83,5.257129669189453e-05,1,12
84,5.257129669189453e-05,1,12
85,5.257129669189453e-05,1,12
86,5.257129669189453e-05,1,12
87,5.257129669189453e-05,1,12
88,5.257129669189453e-05,1,12
89,5.257129669189453e-05,1,12
90,5.257129669189453e-05,1,12
91,5.257129669189453e-05,1,12
92,5.257129669189453e-05,1,12
93,5.257129669189453e-05,1,12
94,5.257129669189453e-05,1,12
95,5.257129669189453e-05,1,12
96,5.257129669189453e-05,1,12
97,5.257129669189453e-05,1,12
98,5.257129669189453e-05,1,12
99,5.257129669189453e-05,1,12
100,5.257129669189453e-05,1,12
101,5.257129669189453e-05,1,12
102,5.257129669189453e-05,1,12
103,5.257129669189453e-05,1,12
104,5.257129669189453e-05,1,12
105,5.257129669189453e-05,1,12
106,5.257129669189453e-05,1,12
107,5.257129669189453e-05,1,12
108,5.257129669189453e-05,1,12
109,5.257129669189453e-05,1,12
110,5.257129669189453e-05,1,12
111,5.257129669189453e-05,1,12
112,5.257129669189453e-05,1,12
113,5.257129669189453e-05,1,12
114,5.257129669189453e-05,1,12
115,5.257129669189453e-05,1,12
116,5.257129669189453e-05,1,12
117,5.257129669189453e-05,1,12
118,5.257129669189453e-05,1,12
119,5.257129669189453e-05,1,12
120,5.257129669189453e-05,1,12
121,5.257129669189453e-05,1,12
122,5.257129669189453e-05,1,12
123,5.257129669189453e-05,1,12
124,5.257129669189453e-05,1,12
125,5.257129669189453e-05,1,12
126,5.257129669189453e-05,1,12
127,5.257129669189453e-05,1,12
128,5.257129669189453e-05,1,12
129,5.257129669189453e-05,1,12
130,5.257129669189453e-05,1,12
131,5.257129669189453e-05,1,12
132,5.257129669189453e-05,1,12
133,5.257129669189453e-05,1,12
134,5.257129669189453e-05,1,12
135,5.257129669189453e-05,1,12
136,5.257129669189453e-05,1,12
137,5.257129669189453e-05,1,12
138,5.257129669189453e-05,1,12
139,5.257129669189453e-05,1,12
140,5.257129669189453e-05,1,12
141,5.257129669189453e-05,1,12
142,5.257129669189453e-05,1,12
143,5.257129669189453e-05,1,12
144,5.257129669189453e-05,1,12
145,5.257129669189453e-05,1,12
146,5.257129669189453e-05,1,12
147,5.257129669189453e-05,1,12
148,5.257129669189453e-05,1,12
149,5.257129669189453e-05,1,12
150,5.257129669189453e-05,1,12
151,5.257129669189453e-05,1,12
152,5.257129669189453e-05,1,12
153,5.257129669189453e-05,1,12
154,5.257129669189453e-05,1,12
155,5.257129669189453e-05,1,12
156,5.257129669189453e-05,1,12
157,5.257129669189453e-05,1,12
158,5.257129669189453e-05,1,12
159,5.257129669189453e-05,1,12
160,5.257129669189453e-05,1,12
161,5.257129669189453e-05,1,12
162,5.257129669189453e-05,1,12
163,5.257129669189453e-05,1,12
164,5.257129669189453e-05,1,12
165,5.257129669189453e-05,1,12
166,5.257129669189453e-05,1,12
167,5.257129669189453e-05,1,12
168,5.257129669189453e-05,1,12
169,5.257129669189453e-05,1,12
170,5.257129669189453e-05,1,12
171,5.257129669189453e-05,1,12
172,5.257129669189453e-05,1,12
173,5.257129669189453e-05,1,12
174,5.257129669189453e-05,1,12
175,5.257129669189453e-05,1,12
176,5.257129669189453e-05,1,12
177,5.257129669189453e-05,1,12
178,5.257129669189453e-05,1,12
179,5.257129669189453e-05,1,12
180,5.257129669189453e-05,1,12
181,5.257129669189453e-05,1,12
182,5.257129669189453e-05,1,12
183,5.257129669189453e-05,1,12
184,5.257129669189453e-05,1,12
185,5.257129669189453e-05,1,12
186,5.257129669189453e-05,1,12
187,5.257129669189453e-05,1,12
188,5.257129669189453e-05,1,12
189,5.257129669189453e-05,1,12
190,5.257129669189453e-05,1,12
191,5.257129669189453e-05,1,12
192,5.257129669189453e-05,1,12
193,5.257129669189453e-05,1,12
194,5.257129669189453e-05,1,12
195,5.257129669189453e-05,1,12
196,5.257129669189453e-05,1,12
197,5.257129669189453e-05,1,12
198,5.257129669189453e-05,1,12
199,5.257129669189453e-05,1,12
200,5.257129669189453e-05,1,12
1,9.775161743164062e-06,1,13
2,9.894371032714844e-06,1,13
3,1.0251998901367188e-05,1,13
4,1.0967254638671875e-05,1,13
5,1.0967254638671875e-05,1,13
6,1.1682510375976562e-05,1,13
7,1.1682510375976562e-05,1,13
8,1.3113021850585938e-05,1,13
9,1.33514404296875e-05,1,13
10,1.33514404296875e-05,1,13
11,1.3828277587890625e-05,1,13
12,1.7404556274414062e-05,1,13
13,1.9431114196777344e-05,1,13
14,1.9431114196777344e-05,1,13
15,2.09808349609375e-05,1,13
16,2.09808349609375e-05,1,13
17,2.09808349609375e-05,1,13
18,2.09808349609375e-05,1,13
19,2.09808349609375e-05,1,13
20,2.09808349609375e-05,1,13
21,2.09808349609375e-05,1,13
22,2.09808349609375e-05,1,13
23,2.09808349609375e-05,1,13
24,2.09808349609375e-05,1,13
25,2.1338462829589844e-05,1,13
26,2.1338462829589844e-05,1,13
27,2.181529998779297e-05,1,13
28,2.181529998779297e-05,1,13
29,2.181529998779297e-05,1,13
30,2.181529998779297e-05,1,13
31,2.181529998779297e-05,1,13
32,2.181529998779297e-05,1,13
33,2.181529998779297e-05,1,13
34,2.181529998779297e-05,1,13
35,2.181529998779297e-05,1,13
36,2.181529998779297e-05,1,13
37,2.181529998779297e-05,1,13
38,2.181529998779297e-05,1,13
39,2.181529998779297e-05,1,13
40,2.181529998779297e-05,1,13
41,2.181529998779297e-05,1,13
42,2.181529998779297e-05,1,13
43,2.181529998779297e-05,1,13
44,2.181529998779297e-05,1,13
45,2.181529998779297e-05,1,13
46,2.181529998779297e-05,1,13
47,2.181529998779297e-05,1,13
48,2.181529998779297e-05,1,13
49,2.181529998779297e-05,1,13
50,2.181529998779297e-05,1,13
51,2.181529998779297e-05,1,13
52,2.181529998779297e-05,1,13
53,2.181529998779297e-05,1,13
54,2.181529998779297e-05,1,13
55,2.181529998779297e-05,1,13
56,2.181529998779297e-05,1,13
57,2.181529998779297e-05,1,13
58,2.181529998779297e-05,1,13
59,2.181529998779297e-05,1,13
60,2.181529998779297e-05,1,13
61,2.181529998779297e-05,1,13
62,2.181529998779297e-05,1,13
63,2.181529998779297e-05,1,13
64,2.181529998779297e-05,1,13
65,2.181529998779297e-05,1,13
66,2.181529998779297e-05,1,13
67,2.181529998779297e-05,1,13
68,2.181529998779297e-05,1,13
69,2.181529998779297e-05,1,13
70,2.181529998779297e-05,1,13
71,2.181529998779297e-05,1,13
72,2.181529998779297e-05,1,13
73,2.181529998779297e-05,1,13
74,2.181529998779297e-05,1,13
75,2.181529998779297e-05,1,13
76,2.181529998779297e-05,1,13
77,2.181529998779297e-05,1,13
78,2.181529998779297e-05,1,13
79,2.181529998779297e-05,1,13
80,2.181529998779297e-05,1,13
81,2.181529998779297e-05,1,13
82,2.181529998779297e-05,1,13
83,2.181529998779297e-05,1,13
84,2.181529998779297e-05,1,13
85,2.181529998779297e-05,1,13
86,2.181529998779297e-05,1,13
87,2.181529998779297e-05,1,13
88,2.181529998779297e-05,1,13
89,2.181529998779297e-05,1,13
90,2.181529998779297e-05,1,13
91,2.181529998779297e-05,1,13
92,2.181529998779297e-05,1,13
93,2.181529998779297e-05,1,13
94,2.181529998779297e-05,1,13
95,2.181529998779297e-05,1,13
96,2.181529998779297e-05,1,13
97,2.181529998779297e-05,1,13
98,2.181529998779297e-05,1,13
99,2.181529998779297e-05,1,13
100,2.181529998779297e-05,1,13
101,2.181529998779297e-05,1,13
102,2.181529998779297e-05,1,13
103,2.181529998779297e-05,1,13
104,2.181529998779297e-05,1,13
105,2.181529998779297e-05,1,13
106,2.181529998779297e-05,1,13
107,2.181529998779297e-05,1,13
108,2.181529998779297e-05,1,13
109,2.181529998779297e-05,1,13
110,2.181529998779297e-05,1,13
111,2.181529998779297e-05,1,13
112,2.181529998779297e-05,1,13
113,2.181529998779297e-05,1,13
114,2.181529998779297e-05,1,13
115,2.181529998779297e-05,1,13
116,2.181529998779297e-05,1,13
117,2.181529998779297e-05,1,13
118,2.181529998779297e-05,1,13
119,2.181529998779297e-05,1,13
120,2.181529998779297e-05,1,13
121,2.181529998779297e-05,1,13
122,2.181529998779297e-05,1,13
123,2.181529998779297e-05,1,13
124,2.181529998779297e-05,1,13
125,2.181529998779297e-05,1,13
126,2.181529998779297e-05,1,13
127,2.181529998779297e-05,1,13
128,2.181529998779297e-05,1,13
129,2.181529998779297e-05,1,13
130,2.181529998779297e-05,1,13
131,2.181529998779297e-05,1,13
132,2.181529998779297e-05,1,13
133,2.181529998779297e-05,1,13
134,2.181529998779297e-05,1,13
135,2.181529998779297e-05,1,13
136,2.181529998779297e-05,1,13
137,2.181529998779297e-05,1,13
138,2.181529998779297e-05,1,13
139,2.181529998779297e-05,1,13
140,2.181529998779297e-05,1,13
141,2.181529998779297e-05,1,13
142,2.181529998779297e-05,1,13
143,2.181529998779297e-05,1,13
144,2.181529998779297e-05,1,13
145,2.181529998779297e-05,1,13
146,2.181529998779297e-05,1,13
147,2.181529998779297e-05,1,13
148,2.181529998779297e-05,1,13
149,2.181529998779297e-05,1,13
150,2.181529998779297e-05,1,13
151,2.181529998779297e-05,1,13
152,2.181529998779297e-05,1,13
153,2.181529998779297e-05,1,13
154,2.181529998779297e-05,1,13
155,2.181529998779297e-05,1,13
156,2.181529998779297e-05,1,13
157,2.181529998779297e-05,1,13
158,2.181529998779297e-05,1,13
159,2.181529998779297e-05,1,13
160,2.181529998779297e-05,1,13
161,2.181529998779297e-05,1,13
162,2.181529998779297e-05,1,13
163,2.181529998779297e-05,1,13
164,2.181529998779297e-05,1,13
165,2.181529998779297e-05,1,13
166,2.181529998779297e-05,1,13
167,2.181529998779297e-05,1,13
168,2.181529998779297e-05,1,13
169,2.181529998779297e-05,1,13
170,2.181529998779297e-05,1,13
171,2.181529998779297e-05,1,13
172,2.181529998779297e-05,1,13
173,2.181529998779297e-05,1,13
174,2.181529998779297e-05,1,13
175,2.181529998779297e-05,1,13
176,2.181529998779297e-05,1,13
177,2.181529998779297e-05,1,13
178,2.181529998779297e-05,1,13
179,2.181529998779297e-05,1,13
180,2.181529998779297e-05,1,13
181,2.181529998779297e-05,1,13
182,2.181529998779297e-05,1,13
183,2.181529998779297e-05,1,13
184,2.181529998779297e-05,1,13
185,2.181529998779297e-05,1,13
186,2.181529998779297e-05,1,13
187,2.181529998779297e-05,1,13
188,2.181529998779297e-05,1,13
189,2.181529998779297e-05,1,13
190,2.181529998779297e-05,1,13
191,2.181529998779297e-05,1,13
192,2.181529998779297e-05,1,13
193,2.181529998779297e-05,1,13
194,2.181529998779297e-05,1,13
195,2.181529998779297e-05,1,13
196,2.181529998779297e-05,1,13
197,2.181529998779297e-05,1,13
198,2.181529998779297e-05,1,13
199,2.181529998779297e-05,1,13
200,2.181529998779297e-05,1,13
1,0.9305605292320251,2,14
2,0.9202664941549301,1,14
3,0.9209647178649902,1,14
4,0.9209647178649902,1,14
5,0.945672333240509,2,14
6,0.9334755837917328,1,14
7,0.9334755837917328,1,14
8,0.9402005895972252,1,14
9,0.9402005895972252,1,14
10,0.9486624784767628,1,14
11,0.9486624784767628,1,14
12,0.9517781659960747,1,14
13,0.9517781659960747,1,14
14,0.9578633867204189,1,14
15,0.9578633867204189,1,14
16,0.9578633867204189,1,14
17,0.9578633867204189,1,14
18,0.9578633867204189,1,14
19,0.9578633867204189,1,14
20,0.9578633867204189,1,14
21,0.9578633867204189,1,14
22,0.9578633867204189,1,14
23,0.9578633867204189,1,14
24,0.9578633867204189,1,14
25,0.9578633867204189,1,14
26,0.9578633867204189,1,14
27,0.9578633867204189,1,14
28,0.9578633867204189,1,14
29,0.9578633867204189,1,14
30,0.9578633867204189,1,14
31,0.9578633867204189,1,14
32,0.9578633867204189,1,14
33,0.9578633867204189,1,14
34,0.9578633867204189,1,14
35,0.9578633867204189,1,14
36,0.9578633867204189,1,14
37,0.9578633867204189,1,14
38,0.9578633867204189,1,14
39,0.9578633867204189,1,14
40,0.9578633867204189,1,14
41,0.9578633867204189,1,14
42,0.9578633867204189,1,14
43,0.9578633867204189,1,14
44,0.9578633867204189,1,14
45,0.9578633867204189,1,14
46,0.9578633867204189,1,14
47,0.9578633867204189,1,14
48,0.9578633867204189,1,14
49,0.9578633867204189,1,14
50,0.9578633867204189,1,14
51,0.9578633867204189,1,14
52,0.9578633867204189,1,14
53,0.9578633867204189,1,14
54,0.9578633867204189,1,14
55,0.9578633867204189,1,14
56,0.9578633867204189,1,14
57,0.9578633867204189,1,14
58,0.9578633867204189,1,14
59,0.9578633867204189,1,14
60,0.9578633867204189,1,14
61,0.9578633867204189,1,14
62,0.9578633867204189,1,14
63,0.9578633867204189,1,14
64,0.9578633867204189,1,14
65,0.9578633867204189,1,14
66,0.9578633867204189,1,14
67,0.9578633867204189,1,14
68,0.9578633867204189,1,14
69,0.9578633867204189,1,14
70,0.9578633867204189,1,14
71,0.9578633867204189,1,14
72,0.9578633867204189,1,14
73,0.9578633867204189,1,14
74,0.9578633867204189,1,14
75,0.9578633867204189,1,14
76,0.9578633867204189,1,14
77,0.9578633867204189,1,14
78,0.9578633867204189,1,14
79,0.9578633867204189,1,14
80,0.9578633867204189,1,14
81,0.9578633867204189,1,14
82,0.9578633867204189,1,14
83,0.9578633867204189,1,14
84,0.9578633867204189,1,14
85,0.9578633867204189,1,14
86,0.9578633867204189,1,14
87,0.9578633867204189,1,14
88,0.9578633867204189,1,14
89,0.9578633867204189,1,14
90,0.9578633867204189,1,14
91,0.9578633867204189,1,14
92,0.9578633867204189,1,14
93,0.9578633867204189,1,14
94,0.9578633867204189,1,14
95,0.9578633867204189,1,14
96,0.9578633867204189,1,14
97,0.9578633867204189,1,14
98,0.9578633867204189,1,14
99,0.9578633867204189,1,14
100,0.9578633867204189,1,14
101,0.9578633867204189,1,14
102,0.9578633867204189,1,14
103,0.9578633867204189,1,14
104,0.9578633867204189,1,14
105,0.9578633867204189,1,14
106,0.9578633867204189,1,14
107,0.9578633867204189,1,14
108,0.9578633867204189,1,14
109,0.9578633867204189,1,14
110,0.9578633867204189,1,14
111,0.9578633867204189,1,14
112,0.9578633867204189,1,14
113,0.9578633867204189,1,14
114,0.9578633867204189,1,14
115,0.9578633867204189,1,14
116,0.9578633867204189,1,14
117,0.9578633867204189,1,14
118,0.9578633867204189,1,14
119,0.9578633867204189,1,14
120,0.9578633867204189,1,14
121,0.9578633867204189,1,14
122,0.9578633867204189,1,14
123,0.9578633867204189,1,14
124,0.9578633867204189,1,14
125,0.9578633867204189,1,14
126,0.9578633867204189,1,14
127,0.9578633867204189,1,14
128,0.9578633867204189,1,14
129,0.9578633867204189,1,14
130,0.9578633867204189,1,14
131,0.9578633867204189,1,14
132,0.9578633867204189,1,14
133,0.9578633867204189,1,14
134,0.9578633867204189,1,14
135,0.9578633867204189,1,14
136,0.9578633867204189,1,14
137,0.9578633867204189,1,14
138,0.9578633867204189,1,14
139,0.9578633867204189,1,14
140,0.9578633867204189,1,14
141,0.9578633867204189,1,14
142,0.9578633867204189,1,14
143,0.9578633867204189,1,14
144,0.9578633867204189,1,14
145,0.9578633867204189,1,14
146,0.9578633867204189,1,14
147,0.9578633867204189,1,14
148,0.9578633867204189,1,14
149,0.9578633867204189,1,14
150,0.9578633867204189,1,14
151,0.9578633867204189,1,14
152,0.9578633867204189,1,14
153,0.9578633867204189,1,14
154,0.9578633867204189,1,14
155,0.9578633867204189,1,14
156,0.9578633867204189,1,14
157,0.9578633867204189,1,14
158,0.9578633867204189,1,14
159,0.9578633867204189,1,14
160,0.9578633867204189,1,14
161,0.9578633867204189,1,14
162,0.9578633867204189,1,14
163,0.9578633867204189,1,14
164,0.9578633867204189,1,14
165,0.9578633867204189,1,14
166,0.9578633867204189,1,14
167,0.9578633867204189,1,14
168,0.9578633867204189,1,14
169,0.9578633867204189,1,14
170,0.9578633867204189,1,14
171,0.9578633867204189,1,14
172,0.9578633867204189,1,14
173,0.9578633867204189,1,14
174,0.9578633867204189,1,14
175,0.9578633867204189,1,14
176,0.9578633867204189,1,14
177,0.9578633867204189,1,14
178,0.9578633867204189,1,14
179,0.9578633867204189,1,14
180,0.9578633867204189,1,14
181,0.9578633867204189,1,14
182,0.9578633867204189,1,14
183,0.9578633867204189,1,14
184,0.9578633867204189,1,14
185,0.9578633867204189,1,14
186,0.9578633867204189,1,14
187,0.9578633867204189,1,14
188,0.9578633867204189,1,14
189,0.9578633867204189,1,14
190,0.9578633867204189,1,14
191,0.9578633867204189,1,14
192,0.9578633867204189,1,14
193,0.9578633867204189,1,14
194,0.9578633867204189,1,14
195,0.9578633867204189,1,14
196,0.9578633867204189,1,14
197,0.9578633867204189,1,14
198,0.9578633867204189,1,14
199,0.9578633867204189,1,14
200,0.9578633867204189,1,14
1,3.62396240234375e-05,1,15
2,3.62396240234375e-05,1,15
3,3.790855407714844e-05,1,15
4,4.2557716369628906e-05,1,15
5,4.2557716369628906e-05,1,15
6,4.2557716369628906e-05,1,15
7,4.2557716369628906e-05,1,15
8,4.2557716369628906e-05,1,15
9,4.2557716369628906e-05,1,15
10,4.494190216064453e-05,1,15
11,4.494190216064453e-05,1,15
12,6.091594696044922e-05,1,15
13,6.091594696044922e-05,1,15
14,6.091594696044922e-05,1,15
15,6.091594696044922e-05,1,15
16,6.091594696044922e-05,1,15
17,6.091594696044922e-05,1,15
18,6.091594696044922e-05,1,15
19,6.091594696044922e-05,1,15
20,6.091594696044922e-05,1,15
21,6.091594696044922e-05,1,15
22,6.091594696044922e-05,1,15
23,6.091594696044922e-05,1,15
24,6.091594696044922e-05,1,15
25,6.091594696044922e-05,1,15
26,6.091594696044922e-05,1,15
27,6.091594696044922e-05,1,15
28,6.091594696044922e-05,1,15
29,6.091594696044922e-05,1,15
30,6.091594696044922e-05,1,15
31,6.091594696044922e-05,1,15
32,6.091594696044922e-05,1,15
33,6.091594696044922e-05,1,15
34,6.091594696044922e-05,1,15
35,6.091594696044922e-05,1,15
36,6.091594696044922e-05,1,15
37,6.091594696044922e-05,1,15
38,6.091594696044922e-05,1,15
39,6.091594696044922e-05,1,15
40,6.091594696044922e-05,1,15
41,6.830692291259766e-05,1,15
42,6.830692291259766e-05,1,15
43,6.830692291259766e-05,1,15
44,6.830692291259766e-05,1,15
45,6.830692291259766e-05,1,15
46,6.830692291259766e-05,1,15
47,6.830692291259766e-05,1,15
48,6.830692291259766e-05,1,15
49,6.830692291259766e-05,1,15
50,6.830692291259766e-05,1,15
51,6.830692291259766e-05,1,15
52,6.830692291259766e-05,1,15
53,6.830692291259766e-05,1,15
54,6.830692291259766e-05,1,15
55,6.830692291259766e-05,1,15
56,6.830692291259766e-05,1,15
57,6.830692291259766e-05,1,15
58,6.830692291259766e-05,1,15
59,6.830692291259766e-05,1,15
60,6.830692291259766e-05,1,15
61,6.830692291259766e-05,1,15
62,6.830692291259766e-05,1,15
63,6.830692291259766e-05,1,15
64,6.830692291259766e-05,1,15
65,6.830692291259766e-05,1,15
66,6.830692291259766e-05,1,15
67,6.830692291259766e-05,1,15
68,6.830692291259766e-05,1,15
69,6.830692291259766e-05,1,15
70,6.830692291259766e-05,1,15
71,6.830692291259766e-05,1,15
72,6.830692291259766e-05,1,15
73,6.830692291259766e-05,1,15
74,6.830692291259766e-05,1,15
75,6.830692291259766e-05,1,15
76,6.830692291259766e-05,1,15
77,6.830692291259766e-05,1,15
78,6.830692291259766e-05,1,15
79,6.830692291259766e-05,1,15
80,6.830692291259766e-05,1,15
81,6.830692291259766e-05,1,15
82,6.830692291259766e-05,1,15
83,6.830692291259766e-05,1,15
84,6.830692291259766e-05,1,15
85,6.830692291259766e-05,1,15
86,6.830692291259766e-05,1,15
87,6.830692291259766e-05,1,15
88,6.830692291259766e-05,1,15
89,6.830692291259766e-05,1,15
90,6.830692291259766e-05,1,15
91,6.830692291259766e-05,1,15
92,6.830692291259766e-05,1,15
93,6.830692291259766e-05,1,15
94,6.830692291259766e-05,1,15
95,6.830692291259766e-05,1,15
96,6.830692291259766e-05,1,15
97,6.830692291259766e-05,1,15
98,6.830692291259766e-05,1,15
99,6.830692291259766e-05,1,15
100,6.830692291259766e-05,1,15
101,6.830692291259766e-05,1,15
102,6.830692291259766e-05,1,15
103,6.830692291259766e-05,1,15
104,6.830692291259766e-05,1,15
105,6.830692291259766e-05,1,15
106,6.830692291259766e-05,1,15
107,6.830692291259766e-05,1,15
108,6.830692291259766e-05,1,15
109,6.830692291259766e-05,1,15
110,6.830692291259766e-05,1,15
111,6.830692291259766e-05,1,15
112,6.830692291259766e-05,1,15
113,6.830692291259766e-05,1,15
114,6.830692291259766e-05,1,15
115,6.830692291259766e-05,1,15
116,6.830692291259766e-05,1,15
117,6.830692291259766e-05,1,15
118,6.830692291259766e-05,1,15
119,6.830692291259766e-05,1,15
120,6.830692291259766e-05,1,15
121,6.830692291259766e-05,1,15
122,6.830692291259766e-05,1,15
123,6.830692291259766e-05,1,15
124,6.830692291259766e-05,1,15
125,6.830692291259766e-05,1,15
126,6.830692291259766e-05,1,15
127,6.830692291259766e-05,1,15
128,6.830692291259766e-05,1,15
129,6.830692291259766e-05,1,15
130,6.830692291259766e-05,1,15
131,6.830692291259766e-05,1,15
132,6.830692291259766e-05,1,15
133,6.830692291259766e-05,1,15
134,6.830692291259766e-05,1,15
135,6.830692291259766e-05,1,15
136,6.830692291259766e-05,1,15
137,6.830692291259766e-05,1,15
138,6.830692291259766e-05,1,15
139,6.830692291259766e-05,1,15
140,6.830692291259766e-05,1,15
141,6.830692291259766e-05,1,15
142,6.830692291259766e-05,1,15
143,6.830692291259766e-05,1,15
144,6.830692291259766e-05,1,15
145,6.830692291259766e-05,1,15
146,6.830692291259766e-05,1,15
147,6.830692291259766e-05,1,15
148,6.830692291259766e-05,1,15
149,6.830692291259766e-05,1,15
150,6.830692291259766e-05,1,15
151,6.830692291259766e-05,1,15
152,6.830692291259766e-05,1,15
153,6.830692291259766e-05,1,15
154,6.830692291259766e-05,1,15
155,6.830692291259766e-05,1,15
156,6.830692291259766e-05,1,15
157,6.830692291259766e-05,1,15
158,6.830692291259766e-05,1,15
159,6.830692291259766e-05,1,15
160,6.830692291259766e-05,1,15
161,6.830692291259766e-05,1,15
162,6.830692291259766e-05,1,15
163,6.830692291259766e-05,1,15
164,6.830692291259766e-05,1,15
165,6.830692291259766e-05,1,15
166,6.830692291259766e-05,1,15
167,6.830692291259766e-05,1,15
168,6.830692291259766e-05,1,15
169,6.830692291259766e-05,1,15
170,6.830692291259766e-05,1,15
171,6.830692291259766e-05,1,15
172,6.830692291259766e-05,1,15
173,6.830692291259766e-05,1,15
174,6.830692291259766e-05,1,15
175,6.830692291259766e-05,1,15
176,6.830692291259766e-05,1,15
177,6.830692291259766e-05,1,15
178,6.830692291259766e-05,1,15
179,6.830692291259766e-05,1,15
180,6.830692291259766e-05,1,15
181,6.830692291259766e-05,1,15
182,6.830692291259766e-05,1,15
183,6.830692291259766e-05,1,15
184,6.830692291259766e-05,1,15
185,6.830692291259766e-05,1,15
186,6.830692291259766e-05,1,15
187,6.830692291259766e-05,1,15
188,6.830692291259766e-05,1,15
189,6.830692291259766e-05,1,15
190,6.830692291259766e-05,1,15
191,6.830692291259766e-05,1,15
192,6.830692291259766e-05,1,15
193,6.830692291259766e-05,1,15
194,6.830692291259766e-05,1,15
195,6.830692291259766e-05,1,15
196,6.830692291259766e-05,1,15
197,6.830692291259766e-05,1,15
198,6.830692291259766e-05,1,15
199,6.830692291259766e-05,1,15
200,6.830692291259766e-05,1,15
1,1.239776611328125e-05,1,16
2,1.239776611328125e-05,1,16
3,1.2874603271484375e-05,1,16
4,1.2874603271484375e-05,1,16
5,1.2874603271484375e-05,1,16
6,1.7642974853515625e-05,1,16
7,1.7642974853515625e-05,1,16
8,1.7642974853515625e-05,1,16
9,1.7642974853515625e-05,1,16
10,2.765655517578125e-05,1,16
11,2.765655517578125e-05,1,16
12,2.765655517578125e-05,1,16
13,3.838539123535156e-05,1,16
14,3.838539123535156e-05,1,16
15,3.838539123535156e-05,1,16
16,3.838539123535156e-05,1,16
17,3.838539123535156e-05,1,16
18,3.838539123535156e-05,1,16
19,3.838539123535156e-05,1,16
20,3.838539123535156e-05,1,16
21,3.838539123535156e-05,1,16
22,3.838539123535156e-05,1,16
23,3.838539123535156e-05,1,16
24,3.838539123535156e-05,1,16
25,3.838539123535156e-05,1,16
26,3.838539123535156e-05,1,16
27,3.838539123535156e-05,1,16
28,3.838539123535156e-05,1,16
29,3.838539123535156e-05,1,16
30,3.838539123535156e-05,1,16
31,3.838539123535156e-05,1,16
32,3.838539123535156e-05,1,16
33,3.838539123535156e-05,1,16
34,3.838539123535156e-05,1,16
35,3.838539123535156e-05,1,16
36,3.838539123535156e-05,1,16
37,3.838539123535156e-05,1,16
38,3.838539123535156e-05,1,16
39,3.838539123535156e-05,1,16
40,3.838539123535156e-05,1,16
41,3.838539123535156e-05,1,16
42,3.838539123535156e-05,1,16
43,3.838539123535156e-05,1,16
44,3.838539123535156e-05,1,16
45,3.838539123535156e-05,1,16
46,3.838539123535156e-05,1,16
47,3.838539123535156e-05,1,16
48,3.838539123535156e-05,1,16
49,3.838539123535156e-05,1,16
50,3.838539123535156e-05,1,16
51,3.838539123535156e-05,1,16
52,3.838539123535156e-05,1,16
53,3.838539123535156e-05,1,16
54,3.838539123535156e-05,1,16
55,3.838539123535156e-05,1,16
56,3.838539123535156e-05,1,16
57,3.838539123535156e-05,1,16
58,3.838539123535156e-05,1,16
59,3.838539123535156e-05,1,16
60,3.838539123535156e-05,1,16
61,3.838539123535156e-05,1,16
62,3.838539123535156e-05,1,16
63,3.838539123535156e-05,1,16
64,3.838539123535156e-05,1,16
65,3.838539123535156e-05,1,16
66,3.838539123535156e-05,1,16
67,3.838539123535156e-05,1,16
68,3.838539123535156e-05,1,16
69,3.838539123535156e-05,1,16
70,3.838539123535156e-05,1,16
71,3.838539123535156e-05,1,16
72,3.838539123535156e-05,1,16
73,3.838539123535156e-05,1,16
74,3.838539123535156e-05,1,16
75,3.838539123535156e-05,1,16
76,3.838539123535156e-05,1,16
77,3.838539123535156e-05,1,16
78,3.838539123535156e-05,1,16
79,3.838539123535156e-05,1,16
80,3.838539123535156e-05,1,16
81,3.838539123535156e-05,1,16
82,3.838539123535156e-05,1,16
83,3.838539123535156e-05,1,16
84,3.838539123535156e-05,1,16
85,3.838539123535156e-05,1,16
86,3.838539123535156e-05,1,16
87,3.838539123535156e-05,1,16
88,3.838539123535156e-05,1,16
89,3.838539123535156e-05,1,16
90,3.838539123535156e-05,1,16
91,3.838539123535156e-05,1,16
92,3.838539123535156e-05,1,16
93,3.838539123535156e-05,1,16
94,3.838539123535156e-05,1,16
95,3.838539123535156e-05,1,16
96,3.838539123535156e-05,1,16
97,3.838539123535156e-05,1,16
98,3.838539123535156e-05,1,16
99,3.838539123535156e-05,1,16
100,3.838539123535156e-05,1,16
101,3.838539123535156e-05,1,16
102,3.838539123535156e-05,1,16
103,3.838539123535156e-05,1,16
104,3.838539123535156e-05,1,16
105,3.838539123535156e-05,1,16
106,3.838539123535156e-05,1,16
107,3.838539123535156e-05,1,16
108,3.838539123535156e-05,1,16
109,3.838539123535156e-05,1,16
110,3.838539123535156e-05,1,16
111,3.838539123535156e-05,1,16
112,3.838539123535156e-05,1,16
113,3.838539123535156e-05,1,16
114,3.838539123535156e-05,1,16
115,3.838539123535156e-05,1,16
116,3.838539123535156e-05,1,16
117,3.838539123535156e-05,1,16
118,3.838539123535156e-05,1,16
119,3.838539123535156e-05,1,16
120,3.838539123535156e-05,1,16
121,3.838539123535156e-05,1,16
122,3.838539123535156e-05,1,16
123,3.838539123535156e-05,1,16
124,3.838539123535156e-05,1,16
125,3.838539123535156e-05,1,16
126,3.838539123535156e-05,1,16
127,3.838539123535156e-05,1,16
128,3.838539123535156e-05,1,16
129,3.838539123535156e-05,1,16
130,3.838539123535156e-05,1,16
131,3.838539123535156e-05,1,16
132,3.838539123535156e-05,1,16
133,3.838539123535156e-05,1,16
134,3.838539123535156e-05,1,16
135,3.838539123535156e-05,1,16
136,3.838539123535156e-05,1,16
137,3.838539123535156e-05,1,16
138,3.838539123535156e-05,1,16
139,3.838539123535156e-05,1,16
140,3.838539123535156e-05,1,16
141,3.838539123535156e-05,1,16
142,3.838539123535156e-05,1,16
143,3.838539123535156e-05,1,16
144,3.838539123535156e-05,1,16
145,3.838539123535156e-05,1,16
146,3.838539123535156e-05,1,16
147,3.838539123535156e-05,1,16
148,3.838539123535156e-05,1,16
149,3.838539123535156e-05,1,16
150,3.838539123535156e-05,1,16
151,3.838539123535156e-05,1,16
152,3.838539123535156e-05,1,16
153,3.838539123535156e-05,1,16
154,3.838539123535156e-05,1,16
155,3.838539123535156e-05,1,16
156,3.838539123535156e-05,1,16
157,3.838539123535156e-05,1,16
158,3.838539123535156e-05,1,16
159,3.838539123535156e-05,1,16
160,3.838539123535156e-05,1,16
161,3.838539123535156e-05,1,16
162,3.838539123535156e-05,1,16
163,3.838539123535156e-05,1,16
164,3.838539123535156e-05,1,16
165,3.838539123535156e-05,1,16
166,3.838539123535156e-05,1,16
167,3.838539123535156e-05,1,16
168,3.838539123535156e-05,1,16
169,3.838539123535156e-05,1,16
170,3.838539123535156e-05,1,16
171,3.838539123535156e-05,1,16
172,3.838539123535156e-05,1,16
173,3.838539123535156e-05,1,16
174,3.838539123535156e-05,1,16
175,3.838539123535156e-05,1,16
176,3.838539123535156e-05,1,16
177,3.838539123535156e-05,1,16
178,3.838539123535156e-05,1,16
179,3.838539123535156e-05,1,16
180,3.838539123535156e-05,1,16
181,3.838539123535156e-05,1,16
182,3.838539123535156e-05,1,16
183,3.838539123535156e-05,1,16
184,3.838539123535156e-05,1,16
185,3.838539123535156e-05,1,16
186,3.838539123535156e-05,1,16
187,3.838539123535156e-05,1,16
188,3.838539123535156e-05,1,16
189,3.838539123535156e-05,1,16
190,3.838539123535156e-05,1,16
191,3.838539123535156e-05,1,16
192,3.838539123535156e-05,1,16
193,3.838539123535156e-05,1,16
194,3.838539123535156e-05,1,16
195,3.838539123535156e-05,1,16
196,3.838539123535156e-05,1,16
197,3.838539123535156e-05,1,16
198,3.838539123535156e-05,1,16
199,3.838539123535156e-05,1,16
200,3.838539123535156e-05,1,16
1,1.9431114196777344e-05,1,17
2,1.9431114196777344e-05,1,17
3,1.9431114196777344e-05,1,17
4,1.9431114196777344e-05,1,17
5,2.205371856689453e-05,1,17
6,2.4318695068359375e-05,1,17
7,2.765655517578125e-05,1,17
8,5.0067901611328125e-05,1,17
9,5.0067901611328125e-05,1,17
10,5.0067901611328125e-05,1,17
11,5.0067901611328125e-05,1,17
12,5.0067901611328125e-05,1,17
13,5.0067901611328125e-05,1,17
14,5.0067901611328125e-05,1,17
15,5.0067901611328125e-05,1,17
16,5.0067901611328125e-05,1,17
17,5.0067901611328125e-05,1,17
18,5.0067901611328125e-05,1,17
19,5.0067901611328125e-05,1,17
20,5.0067901611328125e-05,1,17
21,5.0067901611328125e-05,1,17
22,5.0067901611328125e-05,1,17
23,5.0067901611328125e-05,1,17
24,5.0067901611328125e-05,1,17
25,5.0067901611328125e-05,1,17
26,5.0067901611328125e-05,1,17
27,5.0067901611328125e-05,1,17
28,5.0067901611328125e-05,1,17
29,5.0067901611328125e-05,1,17
30,5.0067901611328125e-05,1,17
31,5.0067901611328125e-05,1,17
32,5.0067901611328125e-05,1,17
33,5.0067901611328125e-05,1,17
34,5.0067901611328125e-05,1,17
35,5.0067901611328125e-05,1,17
36,5.0067901611328125e-05,1,17
37,5.0067901611328125e-05,1,17
38,5.0067901611328125e-05,1,17
39,5.0067901611328125e-05,1,17
40,5.0067901611328125e-05,1,17
41,5.0067901611328125e-05,1,17
42,5.0067901611328125e-05,1,17
43,5.0067901611328125e-05,1,17
44,5.0067901611328125e-05,1,17
45,5.0067901611328125e-05,1,17
46,5.0067901611328125e-05,1,17
47,5.0067901611328125e-05,1,17
48,5.0067901611328125e-05,1,17
49,5.0067901611328125e-05,1,17
50,5.0067901611328125e-05,1,17
51,5.0067901611328125e-05,1,17
52,5.0067901611328125e-05,1,17
53,5.0067901611328125e-05,1,17
54,5.0067901611328125e-05,1,17
55,5.0067901611328125e-05,1,17
56,5.0067901611328125e-05,1,17
57,5.0067901611328125e-05,1,17
58,5.0067901611328125e-05,1,17
59,5.0067901611328125e-05,1,17
60,5.0067901611328125e-05,1,17
61,5.0067901611328125e-05,1,17
62,5.0067901611328125e-05,1,17
63,5.0067901611328125e-05,1,17
64,5.0067901611328125e-05,1,17
65,5.0067901611328125e-05,1,17
66,5.0067901611328125e-05,1,17
67,5.0067901611328125e-05,1,17
68,5.0067901611328125e-05,1,17
69,5.0067901611328125e-05,1,17
70,5.0067901611328125e-05,1,17
71,5.0067901611328125e-05,1,17
72,5.0067901611328125e-05,1,17
73,5.0067901611328125e-05,1,17
74,5.0067901611328125e-05,1,17
75,5.0067901611328125e-05,1,17
76,5.0067901611328125e-05,1,17
77,5.0067901611328125e-05,1,17
78,5.0067901611328125e-05,1,17
79,5.0067901611328125e-05,1,17
80,5.0067901611328125e-05,1,17
81,5.0067901611328125e-05,1,17
82,5.0067901611328125e-05,1,17
83,5.0067901611328125e-05,1,17
84,5.0067901611328125e-05,1,17
85,5.0067901611328125e-05,1,17
86,5.0067901611328125e-05,1,17
87,5.0067901611328125e-05,1,17
88,5.0067901611328125e-05,1,17
89,5.0067901611328125e-05,1,17
90,5.0067901611328125e-05,1,17
91,5.0067901611328125e-05,1,17
92,5.0067901611328125e-05,1,17
93,5.0067901611328125e-05,1,17
94,5.0067901611328125e-05,1,17
95,5.0067901611328125e-05,1,17
96,5.0067901611328125e-05,1,17
97,5.0067901611328125e-05,1,17
98,5.0067901611328125e-05,1,17
99,5.0067901611328125e-05,1,17
100,5.0067901611328125e-05,1,17
101,5.0067901611328125e-05,1,17
102,5.0067901611328125e-05,1,17
103,5.0067901611328125e-05,1,17
104,5.0067901611328125e-05,1,17
105,5.0067901611328125e-05,1,17
106,5.0067901611328125e-05,1,17
107,5.0067901611328125e-05,1,17
108,5.0067901611328125e-05,1,17
109,5.0067901611328125e-05,1,17
110,5.0067901611328125e-05,1,17
111,5.0067901611328125e-05,1,17
112,5.0067901611328125e-05,1,17
113,5.0067901611328125e-05,1,17
114,5.0067901611328125e-05,1,17
115,5.0067901611328125e-05,1,17
116,5.0067901611328125e-05,1,17
117,5.0067901611328125e-05,1,17
118,5.0067901611328125e-05,1,17
119,5.0067901611328125e-05,1,17
120,5.0067901611328125e-05,1,17
121,5.0067901611328125e-05,1,17
122,5.0067901611328125e-05,1,17
123,5.0067901611328125e-05,1,17
124,5.0067901611328125e-05,1,17
125,5.0067901611328125e-05,1,17
126,5.0067901611328125e-05,1,17
127,5.0067901611328125e-05,1,17
128,5.0067901611328125e-05,1,17
129,5.0067901611328125e-05,1,17
130,5.0067901611328125e-05,1,17
131,5.0067901611328125e-05,1,17
132,5.0067901611328125e-05,1,17
133,5.0067901611328125e-05,1,17
134,5.0067901611328125e-05,1,17
135,5.0067901611328125e-05,1,17
136,5.0067901611328125e-05,1,17
137,5.0067901611328125e-05,1,17
138,5.0067901611328125e-05,1,17
139,5.0067901611328125e-05,1,17
140,5.0067901611328125e-05,1,17
141,5.0067901611328125e-05,1,17
142,5.0067901611328125e-05,1,17
143,5.0067901611328125e-05,1,17
144,5.0067901611328125e-05,1,17
145,5.0067901611328125e-05,1,17
146,5.0067901611328125e-05,1,17
147,5.0067901611328125e-05,1,17
148,5.0067901611328125e-05,1,17
149,5.0067901611328125e-05,1,17
150,5.0067901611328125e-05,1,17
151,5.0067901611328125e-05,1,17
152,5.0067901611328125e-05,1,17
153,5.0067901611328125e-05,1,17
154,5.0067901611328125e-05,1,17
155,5.0067901611328125e-05,1,17
156,5.0067901611328125e-05,1,17
157,5.0067901611328125e-05,1,17
158,5.0067901611328125e-05,1,17
159,5.0067901611328125e-05,1,17
160,5.0067901611328125e-05,1,17
161,5.0067901611328125e-05,1,17
162,5.0067901611328125e-05,1,17
163,5.0067901611328125e-05,1,17
164,5.0067901611328125e-05,1,17
165,5.0067901611328125e-05,1,17
166,5.0067901611328125e-05,1,17
167,5.0067901611328125e-05,1,17
168,5.0067901611328125e-05,1,17
169,5.0067901611328125e-05,1,17
170,5.0067901611328125e-05,1,17
171,5.0067901611328125e-05,1,17
172,5.0067901611328125e-05,1,17
173,5.0067901611328125e-05,1,17
174,5.0067901611328125e-05,1,17
175,5.0067901611328125e-05,1,17
176,5.0067901611328125e-05,1,17
177,5.0067901611328125e-05,1,17
178,5.0067901611328125e-05,1,17
179,5.0067901611328125e-05,1,17
180,5.0067901611328125e-05,1,17
181,5.0067901611328125e-05,1,17
182,5.0067901611328125e-05,1,17
183,5.0067901611328125e-05,1,17
184,5.0067901611328125e-05,1,17
185,5.0067901611328125e-05,1,17
186,5.0067901611328125e-05,1,17
187,5.0067901611328125e-05,1,17
188,5.0067901611328125e-05,1,17
189,5.0067901611328125e-05,1,17
190,5.0067901611328125e-05,1,17
191,5.0067901611328125e-05,1,17
192,5.0067901611328125e-05,1,17
193,5.0067901611328125e-05,1,17
194,5.0067901611328125e-05,1,17
195,5.0067901611328125e-05,1,17
196,5.0067901611328125e-05,1,17
197,5.0067901611328125e-05,1,17
198,5.0067901611328125e-05,1,17
199,5.0067901611328125e-05,1,17
200,5.0067901611328125e-05,1,17
1,0.03837555646896362,1,18
2,0.03837555646896362,1,18
3,0.04695779085159302,1,18
4,0.04695779085159302,1,18
5,0.10257089138031006,2,18
6,0.10257089138031006,2,18
7,0.10257089138031006,2,18
8,0.10257089138031006,2,18
9,0.15340691804885864,4,18
10,0.15340691804885864,4,18
11,0.1205175518989563,2,18
12,0.17216461896896362,4,18
13,0.1590234637260437,2,18
14,0.21219128370285034,5,18
15,0.24176901578903198,4,18
16,0.23032766580581665,3,18
17,0.40931785106658936,6,18
18,0.40931785106658936,6,18
19,0.40931785106658936,6,18
20,0.40931785106658936,6,18
21,0.39455878734588623,5,18
22,0.4084123373031616,5,18
23,0.4084123373031616,5,18
24,0.4084123373031616,5,18
25,0.5187917649745941,6,18
26,0.5187917649745941,6,18
27,0.5187917649745941,6,18
28,0.5187917649745941,6,18
29,0.505647212266922,5,18
30,0.5321479439735413,6,18
31,0.5321479439735413,6,18
32,0.5321479439735413,6,18
33,0.5321479439735413,6,18
34,0.5321479439735413,6,18
35,0.5321479439735413,6,18
36,0.5371376872062683,6,18
37,0.573863685131073,6,18
38,0.573863685131073,6,18
39,0.5970912575721741,6,18
40,0.5970912575721741,6,18
41,0.5970912575721741,6,18
42,0.5970912575721741,6,18
43,0.5970912575721741,6,18
44,0.5974284410476685,6,18
45,0.6601858139038086,8,18
46,0.6900876462459564,8,18
47,0.6900876462459564,8,18
48,0.6900876462459564,8,18
49,0.6900876462459564,8,18
50,0.7521155029535294,10,18
51,0.7521155029535294,10,18
52,0.7521155029535294,10,18
53,0.7521155029535294,10,18
54,0.7521155029535294,10,18
55,0.7521155029535294,10,18
56,0.7521155029535294,10,18
57,0.7521155029535294,10,18
58,0.7521155029535294,10,18
59,0.7797635793685913,11,18
60,0.7797635793685913,11,18
61,0.7797635793685913,11,18
62,0.7797635793685913,11,18
63,0.7797635793685913,11,18
64,0.7797635793685913,11,18
65,0.7797635793685913,11,18
66,0.8188968002796173,12,18
67,0.8188968002796173,12,18
68,0.8188968002796173,12,18
69,0.8188968002796173,12,18
70,0.8188968002796173,12,18
71,0.8188968002796173,12,18
72,0.8188968002796173,12,18
73,0.8188968002796173,12,18
74,0.8188968002796173,12,18
75,0.8572854548692703,12,18
76,0.8572854548692703,12,18
77,0.8572854548692703,12,18
78,0.8572854548692703,12,18
79,0.8572854548692703,12,18
80,0.8572854548692703,12,18
81,0.8572854548692703,12,18
82,0.8572854548692703,12,18
83,0.8572854548692703,12,18
84,0.8572854548692703,12,18
85,0.8259757459163666,9,18
86,0.8259757459163666,9,18
87,0.8259757459163666,9,18
88,0.8259757459163666,9,18
89,0.8259757459163666,9,18
90,0.8259757459163666,9,18
91,0.8259757459163666,9,18
92,0.8259757459163666,9,18
93,0.8259757459163666,9,18
94,0.8259757459163666,9,18
95,0.8259757459163666,9,18
96,0.8259757459163666,9,18
97,0.8259757459163666,9,18
98,0.8259757459163666,9,18
99,0.8259757459163666,9,18
100,0.8259757459163666,9,18
101,0.8259757459163666,9,18
102,0.8259757459163666,9,18
103,0.8259757459163666,9,18
104,0.8259757459163666,9,18
105,0.8259757459163666,9,18
106,0.8259757459163666,9,18
107,0.8259757459163666,9,18
108,0.8259757459163666,9,18
109,0.8259757459163666,9,18
110,0.8259757459163666,9,18
111,0.8259757459163666,9,18
112,0.8259757459163666,9,18
113,0.8259757459163666,9,18
114,0.8259757459163666,9,18
115,0.8259757459163666,9,18
116,0.8259757459163666,9,18
117,0.8259757459163666,9,18
118,0.8259757459163666,9,18
119,0.8259757459163666,9,18
120,0.8259757459163666,9,18
121,0.8259757459163666,9,18
122,0.9231481775641441,13,18
123,0.9231481775641441,13,18
124,0.9231481775641441,13,18
125,0.9231481775641441,13,18
126,0.9231481775641441,13,18
127,0.9231481775641441,13,18
128,0.9231481775641441,13,18
129,0.9231481775641441,13,18
130,0.9231481775641441,13,18
131,0.9231481775641441,13,18
132,0.9231481775641441,13,18
133,0.9231481775641441,13,18
134,0.9231481775641441,13,18
135,0.9231481775641441,13,18
136,0.9231481775641441,13,18
137,0.9231481775641441,13,18
138,0.9231481775641441,13,18
139,0.9231481775641441,13,18
140,0.9231481775641441,13,18
141,0.9231481775641441,13,18
142,0.9231481775641441,13,18
143,0.9231481775641441,13,18
144,0.9231481775641441,13,18
145,0.9231481775641441,13,18
146,0.9231481775641441,13,18
147,0.9231481775641441,13,18
148,0.9231481775641441,13,18
149,0.9231481775641441,13,18
150,0.9231481775641441,13,18
151,0.9231481775641441,13,18
152,0.9231481775641441,13,18
153,0.9231481775641441,13,18
154,0.9231481775641441,13,18
155,0.9231481775641441,13,18
156,0.9231481775641441,13,18
157,0.9231481775641441,13,18
158,0.9231481775641441,13,18
159,0.9231481775641441,13,18
160,0.9231481775641441,13,18
161,0.9231990799307823,13,18
162,0.9231990799307823,13,18
163,0.9231990799307823,13,18
164,0.9231990799307823,13,18
165,0.9231990799307823,13,18
166,0.9231990799307823,13,18
167,0.9231990799307823,13,18
168,0.9231990799307823,13,18
169,0.9231990799307823,13,18
170,0.9231990799307823,13,18
171,0.9231990799307823,13,18
172,0.9231990799307823,13,18
173,0.9231990799307823,13,18
174,0.9231990799307823,13,18
175,0.9231990799307823,13,18
176,0.9231990799307823,13,18
177,0.9283681288361549,13,18
178,0.9283681288361549,13,18
179,0.9283681288361549,13,18
180,0.9459037184715271,14,18
181,0.9459037184715271,14,18
182,0.9459037184715271,14,18
183,0.949744526296854,13,18
184,0.949744526296854,13,18
185,0.949744526296854,13,18
186,0.949744526296854,13,18
187,0.949744526296854,13,18
188,0.949744526296854,13,18
189,0.949744526296854,13,18
190,0.949744526296854,13,18
191,0.949744526296854,13,18
192,0.949744526296854,13,18
193,0.949744526296854,13,18
194,0.949744526296854,13,18
195,0.949744526296854,13,18
196,0.949744526296854,13,18
197,0.949744526296854,13,18
198,0.9683169722557068,14,18
199,0.9683169722557068,14,18
200,0.9683169722557068,14,18
1,0.10139703750610352,2,19
2,0.10144168138504028,2,19
3,0.10837090015411377,2,19
4,0.10837090015411377,2,19
5,0.12562650442123413,2,19
6,0.1291298270225525,2,19
7,0.14467155933380127,2,19
8,0.14467155933380127,2,19
9,0.14467155933380127,2,19
10,0.14467155933380127,2,19
11,0.15657126903533936,2,19
12,0.15566283464431763,1,19
13,0.1770114302635193,2,19
14,0.28483158349990845,4,19
15,0.28483158349990845,4,19
16,0.28483158349990845,4,19
17,0.28483158349990845,4,19
18,0.295998752117157,3,19
19,0.295998752117157,3,19
20,0.295998752117157,3,19
21,0.295998752117157,3,19
22,0.295998752117157,3,19
23,0.295998752117157,3,19
24,0.295998752117157,3,19
25,0.35219573974609375,5,19
26,0.3499494194984436,4,19
27,0.33536458015441895,3,19
28,0.33536458015441895,3,19
29,0.33536458015441895,3,19
30,0.33536458015441895,3,19
31,0.45702922344207764,5,19
32,0.45702922344207764,5,19
33,0.45702922344207764,5,19
34,0.45702922344207764,5,19
35,0.45702922344207764,5,19
36,0.45702922344207764,5,19
37,0.45702922344207764,5,19
38,0.45702922344207764,5,19
39,0.45702922344207764,5,19
40,0.47647005319595337,5,19
41,0.47647005319595337,5,19
42,0.47647005319595337,5,19
43,0.47647005319595337,5,19
44,0.47647005319595337,5,19
45,0.4926173686981201,4,19
46,0.4926173686981201,4,19
47,0.4926173686981201,4,19
48,0.5762835144996643,6,19
49,0.6123571395874023,6,19
50,0.6123571395874023,6,19
51,0.6227004826068878,6,19
52,0.6227004826068878,6,19
53,0.6227004826068878,6,19
54,0.6748901009559631,7,19
55,0.6748901009559631,7,19
56,0.6748901009559631,7,19
57,0.6748901009559631,7,19
58,0.6871274709701538,6,19
59,0.6871274709701538,6,19
60,0.6871274709701538,6,19
61,0.6871274709701538,6,19
62,0.6871274709701538,6,19
63,0.6831929981708527,5,19
64,0.7338768839836121,7,19
65,0.7338768839836121,7,19
66,0.7338768839836121,7,19
67,0.7606144845485687,8,19
68,0.7606144845485687,8,19
69,0.7606144845485687,8,19
70,0.7606144845485687,8,19
71,0.7735227793455124,8,19
72,0.7735227793455124,8,19
73,0.7735227793455124,8,19
74,0.7735227793455124,8,19
75,0.7735227793455124,8,19
76,0.7735227793455124,8,19
77,0.7735227793455124,8,19
78,0.8104141801595688,10,19
79,0.8104141801595688,10,19
80,0.9302068278193474,11,19
81,0.9302068278193474,11,19
82,0.9302068278193474,11,19
83,0.9302068278193474,11,19
84,0.9302068278193474,11,19
85,0.9302068278193474,11,19
86,0.9302068278193474,11,19
87,0.9302068278193474,11,19
88,0.9302068278193474,11,19
89,0.9302068278193474,11,19
90,0.9302068278193474,11,19
91,0.9302068278193474,11,19
92,0.9302068278193474,11,19
93,0.9302068278193474,11,19
94,0.9302068278193474,11,19
95,0.9302068278193474,11,19
96,0.9302068278193474,11,19
97,0.9302068278193474,11,19
98,0.9302068278193474,11,19
99,0.9302068278193474,11,19
100,0.9302068278193474,11,19
101,0.9302068278193474,11,19
102,0.9302068278193474,11,19
103,0.9302068278193474,11,19
104,0.9302068278193474,11,19
105,0.9651545360684395,13,19
106,0.9651545360684395,13,19
107,0.9651545360684395,13,19
108,0.9651545360684395,13,19
109,0.9651545360684395,13,19
110,0.9651545360684395,13,19
111,0.9651545360684395,13,19
112,0.9651545360684395,13,19
113,0.9651545360684395,13,19
114,0.9651545360684395,13,19
115,0.9651545360684395,13,19
116,0.9651545360684395,13,19
117,0.9651545360684395,13,19
118,0.9329643845558167,11,19
119,0.9329643845558167,11,19
120,0.9329643845558167,11,19
121,0.9329643845558167,11,19
122,0.9329643845558167,11,19
123,0.9329643845558167,11,19
124,0.9329643845558167,11,19
125,0.9329643845558167,11,19
126,0.9329643845558167,11,19
127,0.9351916387677193,11,19
128,0.9351916387677193,11,19
129,0.9351916387677193,11,19
130,0.9351916387677193,11,19
131,0.9351916387677193,11,19
132,0.95488116517663,12,19
133,0.9608919359743595,12,19
134,0.9608919359743595,12,19
135,0.9608919359743595,12,19
136,0.9634599424898624,12,19
137,0.9634599424898624,12,19
138,0.9634599424898624,12,19
139,0.9634599424898624,12,19
140,0.9634599424898624,12,19
141,0.9634599424898624,12,19
142,0.9634599424898624,12,19
143,0.9634599424898624,12,19
144,0.9634599424898624,12,19
145,0.9634599424898624,12,19
146,0.9634599424898624,12,19
147,0.9634599424898624,12,19
148,0.9634599424898624,12,19
149,0.9634599424898624,12,19
150,0.9634599424898624,12,19
151,0.9634599424898624,12,19
152,0.9634599424898624,12,19
153,0.9634599424898624,12,19
154,0.9634599424898624,12,19
155,0.9634599424898624,12,19
156,0.9634599424898624,12,19
157,0.9634599424898624,12,19
158,0.9634599424898624,12,19
159,0.9634599424898624,12,19
160,0.9634599424898624,12,19
161,0.9634599424898624,12,19
162,0.9634599424898624,12,19
163,0.9634599424898624,12,19
164,0.9634599424898624,12,19
165,0.9634599424898624,12,19
166,0.9634599424898624,12,19
167,0.9634599424898624,12,19
168,0.9634599424898624,12,19
169,0.9634599424898624,12,19
170,0.9634599424898624,12,19
171,0.9634599424898624,12,19
172,0.9634599424898624,12,19
173,0.9634599424898624,12,19
174,0.9634599424898624,12,19
175,0.9634599424898624,12,19
176,0.9634599424898624,12,19
177,0.9634599424898624,12,19
178,0.9634599424898624,12,19
179,0.9634599424898624,12,19
180,0.9634599424898624,12,19
181,0.9634599424898624,12,19
182,0.9634599424898624,12,19
183,0.9634599424898624,12,19
184,0.9473703950643539,11,19
185,0.9473703950643539,11,19
186,0.9219363033771515,9,19
187,0.9219363033771515,9,19
188,0.9219363033771515,9,19
189,0.9219363033771515,9,19
190,0.9219363033771515,9,19
191,0.9219363033771515,9,19
192,0.9219363033771515,9,19
193,0.9219363033771515,9,19
194,0.9219363033771515,9,19
195,0.9219363033771515,9,19
196,0.9219363033771515,9,19
197,0.9219363033771515,9,19
198,0.9219363033771515,9,19
199,0.9219363033771515,9,19
200,0.9219363033771515,9,19
1,8.618831634521484e-05,1,20
2,8.618831634521484e-05,1,20
3,8.618831634521484e-05,1,20
4,8.821487426757812e-05,1,20
5,8.821487426757812e-05,1,20
6,8.821487426757812e-05,1,20
7,8.821487426757812e-05,1,20
8,9.775161743164062e-05,1,20
9,9.775161743164062e-05,1,20
10,9.822845458984375e-05,1,20
11,9.822845458984375e-05,1,20
12,9.822845458984375e-05,1,20
13,9.822845458984375e-05,1,20
14,0.0001062154769897461,1,20
15,0.0001245737075805664,1,20
16,0.0001245737075805664,1,20
17,0.0001245737075805664,1,20
18,0.00012958049774169922,1,20
19,0.00012958049774169922,1,20
20,0.00014495849609375,1,20
21,0.00014495849609375,1,20
22,0.00014495849609375,1,20
23,0.00014495849609375,1,20
24,0.00014579296112060547,1,20
25,0.00014579296112060547,1,20
26,0.00014579296112060547,1,20
27,0.00014579296112060547,1,20
28,0.00014579296112060547,1,20
29,0.00014579296112060547,1,20
30,0.00014579296112060547,1,20
31,0.00014579296112060547,1,20
32,0.00014579296112060547,1,20
33,0.00014579296112060547,1,20
34,0.00014579296112060547,1,20
35,0.00014579296112060547,1,20
36,0.00014579296112060547,1,20
37,0.00014579296112060547,1,20
38,0.00014579296112060547,1,20
39,0.00014579296112060547,1,20
40,0.00014579296112060547,1,20
41,0.00014579296112060547,1,20
42,0.00014579296112060547,1,20
43,0.00014579296112060547,1,20
44,0.00014579296112060547,1,20
45,0.00014579296112060547,1,20
46,0.00014579296112060547,1,20
47,0.00014579296112060547,1,20
48,0.00014579296112060547,1,20
49,0.00014579296112060547,1,20
50,0.00014579296112060547,1,20
51,0.00014579296112060547,1,20
52,0.00014579296112060547,1,20
53,0.00014579296112060547,1,20
54,0.00014579296112060547,1,20
55,0.00014579296112060547,1,20
56,0.00014579296112060547,1,20
57,0.00014579296112060547,1,20
58,0.00014579296112060547,1,20
59,0.00014579296112060547,1,20
60,0.00014579296112060547,1,20
61,0.00014579296112060547,1,20
62,0.00014579296112060547,1,20
63,0.00014579296112060547,1,20
64,0.00014579296112060547,1,20
65,0.00014579296112060547,1,20
66,0.00014579296112060547,1,20
67,0.00014579296112060547,1,20
68,0.00014579296112060547,1,20
69,0.00014579296112060547,1,20
70,0.00014579296112060547,1,20
71,0.00014579296112060547,1,20
72,0.00014579296112060547,1,20
73,0.00014579296112060547,1,20
74,0.00014579296112060547,1,20
75,0.00014579296112060547,1,20
76,0.00014579296112060547,1,20
77,0.00014579296112060547,1,20
78,0.00014579296112060547,1,20
79,0.00014579296112060547,1,20
80,0.00014579296112060547,1,20
81,0.00014579296112060547,1,20
82,0.00014579296112060547,1,20
83,0.00014579296112060547,1,20
84,0.00014579296112060547,1,20
85,0.00014579296112060547,1,20
86,0.00014579296112060547,1,20
87,0.00014579296112060547,1,20
88,0.00014579296112060547,1,20
89,0.00014579296112060547,1,20
90,0.00014579296112060547,1,20
91,0.00014579296112060547,1,20
92,0.00014579296112060547,1,20
93,0.00014579296112060547,1,20
94,0.00014579296112060547,1,20
95,0.00014579296112060547,1,20
96,0.00014579296112060547,1,20
97,0.00014579296112060547,1,20
98,0.00014579296112060547,1,20
99,0.00014579296112060547,1,20
100,0.00014579296112060547,1,20
101,0.00014579296112060547,1,20
102,0.00014579296112060547,1,20
103,0.00014579296112060547,1,20
104,0.00014579296112060547,1,20
105,0.00014579296112060547,1,20
106,0.00014579296112060547,1,20
107,0.00014579296112060547,1,20
108,0.00014579296112060547,1,20
109,0.00014579296112060547,1,20
110,0.00014579296112060547,1,20
111,0.00014579296112060547,1,20
112,0.00014579296112060547,1,20
113,0.00014579296112060547,1,20
114,0.00014579296112060547,1,20
115,0.00014579296112060547,1,20
116,0.00014579296112060547,1,20
117,0.00014579296112060547,1,20
118,0.00014579296112060547,1,20
119,0.00014579296112060547,1,20
120,0.00014579296112060547,1,20
121,0.00014579296112060547,1,20
122,0.00014579296112060547,1,20
123,0.00014579296112060547,1,20
124,0.00014579296112060547,1,20
125,0.00014579296112060547,1,20
126,0.00014579296112060547,1,20
127,0.00014579296112060547,1,20
128,0.00014579296112060547,1,20
129,0.00014579296112060547,1,20
130,0.00014579296112060547,1,20
131,0.00014579296112060547,1,20
132,0.00014579296112060547,1,20
133,0.00014579296112060547,1,20
134,0.00014579296112060547,1,20
135,0.00014579296112060547,1,20
136,0.00014579296112060547,1,20
137,0.00014579296112060547,1,20
138,0.00014579296112060547,1,20
139,0.00014579296112060547,1,20
140,0.00014579296112060547,1,20
141,0.00014579296112060547,1,20
142,0.00014579296112060547,1,20
143,0.00014579296112060547,1,20
144,0.00014579296112060547,1,20
145,0.00014579296112060547,1,20
146,0.00014579296112060547,1,20
147,0.00014579296112060547,1,20
148,0.00014579296112060547,1,20
149,0.00014579296112060547,1,20
150,0.00014579296112060547,1,20
151,0.00014579296112060547,1,20
152,0.00014579296112060547,1,20
153,0.00014579296112060547,1,20
154,0.00014579296112060547,1,20
155,0.00014579296112060547,1,20
156,0.00014579296112060547,1,20
157,0.00014579296112060547,1,20
158,0.00014579296112060547,1,20
159,0.00014579296112060547,1,20
160,0.00014579296112060547,1,20
161,0.00014579296112060547,1,20
162,0.00014579296112060547,1,20
163,0.00014579296112060547,1,20
164,0.00014579296112060547,1,20
165,0.00014579296112060547,1,20
166,0.00014579296112060547,1,20
167,0.00014579296112060547,1,20
168,0.00014579296112060547,1,20
169,0.00014579296112060547,1,20
170,0.00014579296112060547,1,20
171,0.00014579296112060547,1,20
172,0.00014579296112060547,1,20
173,0.00014579296112060547,1,20
174,0.00014579296112060547,1,20
175,0.00014579296112060547,1,20
176,0.00014579296112060547,1,20
177,0.00014579296112060547,1,20
178,0.00014579296112060547,1,20
179,0.00014579296112060547,1,20
180,0.00014579296112060547,1,20
181,0.00014579296112060547,1,20
182,0.00014579296112060547,1,20
183,0.00014579296112060547,1,20
184,0.00014579296112060547,1,20
185,0.00014579296112060547,1,20
186,0.00014579296112060547,1,20
187,0.00014579296112060547,1,20
188,0.00014579296112060547,1,20
189,0.00014579296112060547,1,20
190,0.00014579296112060547,1,20
191,0.00014579296112060547,1,20
192,0.00014579296112060547,1,20
193,0.00014579296112060547,1,20
194,0.00014579296112060547,1,20
195,0.00014579296112060547,1,20
196,0.00014579296112060547,1,20
197,0.00014579296112060547,1,20
198,0.00014579296112060547,1,20
199,0.00014579296112060547,1,20
200,0.00014579296112060547,1,20
1,5.125999450683594e-06,1,21
2,5.125999450683594e-06,1,21
3,5.364418029785156e-06,1,21
4,5.364418029785156e-06,1,21
5,5.9604644775390625e-06,1,21
6,5.9604644775390625e-06,1,21
7,5.9604644775390625e-06,1,21
8,5.9604644775390625e-06,1,21
9,5.9604644775390625e-06,1,21
10,6.079673767089844e-06,1,21
11,6.079673767089844e-06,1,21
12,7.748603820800781e-06,1,21
13,7.748603820800781e-06,1,21
14,7.748603820800781e-06,1,21
15,7.748603820800781e-06,1,21
16,7.748603820800781e-06,1,21
17,9.059906005859375e-06,1,21
18,9.059906005859375e-06,1,21
19,9.059906005859375e-06,1,21
20,9.059906005859375e-06,1,21
21,9.059906005859375e-06,1,21
22,9.059906005859375e-06,1,21
23,9.059906005859375e-06,1,21
24,9.059906005859375e-06,1,21
25,9.059906005859375e-06,1,21
26,9.059906005859375e-06,1,21
27,9.059906005859375e-06,1,21
28,9.059906005859375e-06,1,21
29,1.049041748046875e-05,1,21
30,1.049041748046875e-05,1,21
31,1.049041748046875e-05,1,21
32,1.049041748046875e-05,1,21
33,1.049041748046875e-05,1,21
34,1.049041748046875e-05,1,21
35,1.049041748046875e-05,1,21
36,1.049041748046875e-05,1,21
37,1.049041748046875e-05,1,21
38,1.049041748046875e-05,1,21
39,1.049041748046875e-05,1,21
40,1.049041748046875e-05,1,21
41,1.049041748046875e-05,1,21
42,1.049041748046875e-05,1,21
43,1.049041748046875e-05,1,21
44,1.049041748046875e-05,1,21
45,1.049041748046875e-05,1,21
46,1.049041748046875e-05,1,21
47,1.049041748046875e-05,1,21
48,1.049041748046875e-05,1,21
49,1.049041748046875e-05,1,21
50,1.049041748046875e-05,1,21
51,1.049041748046875e-05,1,21
52,1.049041748046875e-05,1,21
53,1.049041748046875e-05,1,21
54,1.049041748046875e-05,1,21
55,1.049041748046875e-05,1,21
56,1.049041748046875e-05,1,21
57,1.049041748046875e-05,1,21
58,1.049041748046875e-05,1,21
59,1.049041748046875e-05,1,21
60,1.049041748046875e-05,1,21
61,1.049041748046875e-05,1,21
62,1.049041748046875e-05,1,21
63,1.049041748046875e-05,1,21
64,1.049041748046875e-05,1,21
65,1.049041748046875e-05,1,21
66,1.049041748046875e-05,1,21
67,1.049041748046875e-05,1,21
68,1.049041748046875e-05,1,21
69,1.049041748046875e-05,1,21
70,1.049041748046875e-05,1,21
71,1.049041748046875e-05,1,21
72,1.049041748046875e-05,1,21
73,1.049041748046875e-05,1,21
74,1.049041748046875e-05,1,21
75,1.049041748046875e-05,1,21
76,1.049041748046875e-05,1,21
77,1.049041748046875e-05,1,21
78,1.049041748046875e-05,1,21
79,1.049041748046875e-05,1,21
80,1.049041748046875e-05,1,21
81,1.049041748046875e-05,1,21
82,1.049041748046875e-05,1,21
83,1.049041748046875e-05,1,21
84,1.049041748046875e-05,1,21
85,1.049041748046875e-05,1,21
86,1.049041748046875e-05,1,21
87,1.049041748046875e-05,1,21
88,1.049041748046875e-05,1,21
89,1.049041748046875e-05,1,21
90,1.049041748046875e-05,1,21
91,1.049041748046875e-05,1,21
92,1.049041748046875e-05,1,21
93,1.049041748046875e-05,1,21
94,1.049041748046875e-05,1,21
95,1.049041748046875e-05,1,21
96,1.049041748046875e-05,1,21
97,1.049041748046875e-05,1,21
98,1.049041748046875e-05,1,21
99,1.049041748046875e-05,1,21
100,1.049041748046875e-05,1,21
101,1.049041748046875e-05,1,21
102,1.049041748046875e-05,1,21
103,1.049041748046875e-05,1,21
104,1.049041748046875e-05,1,21
105,1.049041748046875e-05,1,21
106,1.049041748046875e-05,1,21
107,1.049041748046875e-05,1,21
108,1.049041748046875e-05,1,21
109,1.049041748046875e-05,1,21
110,1.049041748046875e-05,1,21
111,1.049041748046875e-05,1,21
112,1.049041748046875e-05,1,21
113,1.049041748046875e-05,1,21
114,1.049041748046875e-05,1,21
115,1.049041748046875e-05,1,21
116,1.049041748046875e-05,1,21
117,1.049041748046875e-05,1,21
118,1.049041748046875e-05,1,21
119,1.049041748046875e-05,1,21
120,1.049041748046875e-05,1,21
121,1.049041748046875e-05,1,21
122,1.049041748046875e-05,1,21
123,1.049041748046875e-05,1,21
124,1.049041748046875e-05,1,21
125,1.049041748046875e-05,1,21
126,1.049041748046875e-05,1,21
127,1.049041748046875e-05,1,21
128,1.049041748046875e-05,1,21
129,1.049041748046875e-05,1,21
130,1.049041748046875e-05,1,21
131,1.049041748046875e-05,1,21
132,1.049041748046875e-05,1,21
133,1.049041748046875e-05,1,21
134,1.049041748046875e-05,1,21
135,1.049041748046875e-05,1,21
136,1.049041748046875e-05,1,21
137,1.049041748046875e-05,1,21
138,1.049041748046875e-05,1,21
139,1.049041748046875e-05,1,21
140,1.049041748046875e-05,1,21
141,1.049041748046875e-05,1,21
142,1.049041748046875e-05,1,21
143,1.049041748046875e-05,1,21
144,1.049041748046875e-05,1,21
145,1.049041748046875e-05,1,21
146,1.049041748046875e-05,1,21
147,1.049041748046875e-05,1,21
148,1.049041748046875e-05,1,21
149,1.049041748046875e-05,1,21
150,1.049041748046875e-05,1,21
151,1.049041748046875e-05,1,21
152,1.049041748046875e-05,1,21
153,1.049041748046875e-05,1,21
154,1.049041748046875e-05,1,21
155,1.049041748046875e-05,1,21
156,1.049041748046875e-05,1,21
157,1.049041748046875e-05,1,21
158,1.049041748046875e-05,1,21
159,1.049041748046875e-05,1,21
160,1.049041748046875e-05,1,21
161,1.049041748046875e-05,1,21
162,1.049041748046875e-05,1,21
163,1.049041748046875e-05,1,21
164,1.049041748046875e-05,1,21
165,1.049041748046875e-05,1,21
166,1.049041748046875e-05,1,21
167,1.049041748046875e-05,1,21
168,1.049041748046875e-05,1,21
169,1.049041748046875e-05,1,21
170,1.049041748046875e-05,1,21
171,1.049041748046875e-05,1,21
172,1.049041748046875e-05,1,21
173,1.049041748046875e-05,1,21
174,1.049041748046875e-05,1,21
175,1.049041748046875e-05,1,21
176,1.049041748046875e-05,1,21
177,1.049041748046875e-05,1,21
178,1.049041748046875e-05,1,21
179,1.049041748046875e-05,1,21
180,1.049041748046875e-05,1,21
181,1.049041748046875e-05,1,21
182,1.049041748046875e-05,1,21
183,1.049041748046875e-05,1,21
184,1.049041748046875e-05,1,21
185,1.049041748046875e-05,1,21
186,1.049041748046875e-05,1,21
187,1.049041748046875e-05,1,21
188,1.049041748046875e-05,1,21
189,1.049041748046875e-05,1,21
190,1.049041748046875e-05,1,21
191,1.049041748046875e-05,1,21
192,1.049041748046875e-05,1,21
193,1.049041748046875e-05,1,21
194,1.049041748046875e-05,1,21
195,1.049041748046875e-05,1,21
196,1.049041748046875e-05,1,21
197,1.049041748046875e-05,1,21
198,1.049041748046875e-05,1,21
199,1.049041748046875e-05,1,21
200,1.049041748046875e-05,1,21
1,8.106231689453125e-06,1,22
2,8.106231689453125e-06,1,22
3,8.106231689453125e-06,1,22
4,8.702278137207031e-06,1,22
5,8.702278137207031e-06,1,22
6,1.1682510375976562e-05,1,22
7,1.1682510375976562e-05,1,22
8,1.1682510375976562e-05,1,22
9,1.1682510375976562e-05,1,22
10,1.1682510375976562e-05,1,22
11,1.1682510375976562e-05,1,22
12,1.1682510375976562e-05,1,22
13,1.3947486877441406e-05,1,22
14,1.3947486877441406e-05,1,22
15,1.3947486877441406e-05,1,22
16,1.3947486877441406e-05,1,22
17,1.3947486877441406e-05,1,22
18,1.3947486877441406e-05,1,22
19,1.3947486877441406e-05,1,22
20,1.430511474609375e-05,1,22
21,1.430511474609375e-05,1,22
22,1.4662742614746094e-05,1,22
23,1.4662742614746094e-05,1,22
24,1.4662742614746094e-05,1,22
25,1.4781951904296875e-05,1,22
26,1.4781951904296875e-05,1,22
27,1.4781951904296875e-05,1,22
28,1.4781951904296875e-05,1,22
29,1.4781951904296875e-05,1,22
30,1.4781951904296875e-05,1,22
31,1.4781951904296875e-05,1,22
32,1.4781951904296875e-05,1,22
33,1.4781951904296875e-05,1,22
34,1.4781951904296875e-05,1,22
35,1.4781951904296875e-05,1,22
36,1.4781951904296875e-05,1,22
37,1.4781951904296875e-05,1,22
38,1.4781951904296875e-05,1,22
39,1.4781951904296875e-05,1,22
40,1.4781951904296875e-05,1,22
41,1.4781951904296875e-05,1,22
42,1.4781951904296875e-05,1,22
43,1.4781951904296875e-05,1,22
44,1.4781951904296875e-05,1,22
45,1.4781951904296875e-05,1,22
46,1.4781951904296875e-05,1,22
47,1.4781951904296875e-05,1,22
48,1.4781951904296875e-05,1,22
49,1.4781951904296875e-05,1,22
50,1.4781951904296875e-05,1,22
51,1.4781951904296875e-05,1,22
52,1.4781951904296875e-05,1,22
53,1.4781951904296875e-05,1,22
54,1.4781951904296875e-05,1,22
55,1.4781951904296875e-05,1,22
56,1.4781951904296875e-05,1,22
57,1.4781951904296875e-05,1,22
58,1.4781951904296875e-05,1,22
59,1.4781951904296875e-05,1,22
60,1.4781951904296875e-05,1,22
61,1.4781951904296875e-05,1,22
62,1.4781951904296875e-05,1,22
63,1.4781951904296875e-05,1,22
64,1.4781951904296875e-05,1,22
65,1.4781951904296875e-05,1,22
66,1.4781951904296875e-05,1,22
67,1.4781951904296875e-05,1,22
68,1.4781951904296875e-05,1,22
69,1.4781951904296875e-05,1,22
70,1.4781951904296875e-05,1,22
71,1.4781951904296875e-05,1,22
72,1.4781951904296875e-05,1,22
73,1.4781951904296875e-05,1,22
74,1.4781951904296875e-05,1,22
75,1.4781951904296875e-05,1,22
76,1.4781951904296875e-05,1,22
77,1.4781951904296875e-05,1,22
78,1.4781951904296875e-05,1,22
79,1.4781951904296875e-05,1,22
80,1.4781951904296875e-05,1,22
81,1.4781951904296875e-05,1,22
82,1.4781951904296875e-05,1,22
83,1.4781951904296875e-05,1,22
84,1.4781951904296875e-05,1,22
85,1.4781951904296875e-05,1,22
86,1.4781951904296875e-05,1,22
87,1.4781951904296875e-05,1,22
88,1.4781951904296875e-05,1,22
89,1.4781951904296875e-05,1,22
90,1.4781951904296875e-05,1,22
91,1.4781951904296875e-05,1,22
92,1.4781951904296875e-05,1,22
93,1.4781951904296875e-05,1,22
94,1.4781951904296875e-05,1,22
95,1.4781951904296875e-05,1,22
96,1.4781951904296875e-05,1,22
97,1.4781951904296875e-05,1,22
98,1.4781951904296875e-05,1,22
99,1.4781951904296875e-05,1,22
100,1.4781951904296875e-05,1,22
101,1.4781951904296875e-05,1,22
102,1.4781951904296875e-05,1,22
103,1.4781951904296875e-05,1,22
104,1.4781951904296875e-05,1,22
105,1.4781951904296875e-05,1,22
106,1.4781951904296875e-05,1,22
107,1.4781951904296875e-05,1,22
108,1.4781951904296875e-05,1,22
109,1.4781951904296875e-05,1,22
110,1.4781951904296875e-05,1,22
111,1.4781951904296875e-05,1,22
112,1.4781951904296875e-05,1,22
113,1.4781951904296875e-05,1,22
114,1.4781951904296875e-05,1,22
115,1.4781951904296875e-05,1,22
116,1.4781951904296875e-05,1,22
117,1.4781951904296875e-05,1,22
118,1.4781951904296875e-05,1,22
119,1.4781951904296875e-05,1,22
120,1.4781951904296875e-05,1,22
121,1.4781951904296875e-05,1,22
122,1.4781951904296875e-05,1,22
123,1.4781951904296875e-05,1,22
124,1.4781951904296875e-05,1,22
125,1.4781951904296875e-05,1,22
126,1.4781951904296875e-05,1,22
127,1.4781951904296875e-05,1,22
128,1.4781951904296875e-05,1,22
129,1.4781951904296875e-05,1,22
130,1.4781951904296875e-05,1,22
131,1.4781951904296875e-05,1,22
132,1.4781951904296875e-05,1,22
133,1.4781951904296875e-05,1,22
134,1.4781951904296875e-05,1,22
135,1.4781951904296875e-05,1,22
136,1.4781951904296875e-05,1,22
137,1.4781951904296875e-05,1,22
138,1.4781951904296875e-05,1,22
139,1.4781951904296875e-05,1,22
140,1.4781951904296875e-05,1,22
141,1.4781951904296875e-05,1,22
142,1.4781951904296875e-05,1,22
143,1.4781951904296875e-05,1,22
144,1.4781951904296875e-05,1,22
145,1.4781951904296875e-05,1,22
146,1.4781951904296875e-05,1,22
147,1.4781951904296875e-05,1,22
148,1.4781951904296875e-05,1,22
149,1.4781951904296875e-05,1,22
150,1.4781951904296875e-05,1,22
151,1.4781951904296875e-05,1,22
152,1.4781951904296875e-05,1,22
153,1.4781951904296875e-05,1,22
154,1.4781951904296875e-05,1,22
155,1.4781951904296875e-05,1,22
156,1.4781951904296875e-05,1,22
157,1.4781951904296875e-05,1,22
158,1.4781951904296875e-05,1,22
159,1.4781951904296875e-05,1,22
160,1.4781951904296875e-05,1,22
161,1.4781951904296875e-05,1,22
162,1.4781951904296875e-05,1,22
163,1.4781951904296875e-05,1,22
164,1.4781951904296875e-05,1,22
165,1.4781951904296875e-05,1,22
166,1.4781951904296875e-05,1,22
167,1.4781951904296875e-05,1,22
168,1.4781951904296875e-05,1,22
169,1.4781951904296875e-05,1,22
170,1.4781951904296875e-05,1,22
171,1.4781951904296875e-05,1,22
172,1.4781951904296875e-05,1,22
173,1.4781951904296875e-05,1,22
174,1.4781951904296875e-05,1,22
175,1.4781951904296875e-05,1,22
176,1.4781951904296875e-05,1,22
177,1.4781951904296875e-05,1,22
178,1.4781951904296875e-05,1,22
179,1.4781951904296875e-05,1,22
180,1.4781951904296875e-05,1,22
181,1.4781951904296875e-05,1,22
182,1.4781951904296875e-05,1,22
183,1.4781951904296875e-05,1,22
184,1.4781951904296875e-05,1,22
185,1.4781951904296875e-05,1,22
186,1.4781951904296875e-05,1,22
187,1.4781951904296875e-05,1,22
188,1.4781951904296875e-05,1,22
189,1.4781951904296875e-05,1,22
190,1.4781951904296875e-05,1,22
191,1.4781951904296875e-05,1,22
192,1.4781951904296875e-05,1,22
193,1.4781951904296875e-05,1,22
194,1.4781951904296875e-05,1,22
195,1.4781951904296875e-05,1,22
196,1.4781951904296875e-05,1,22
197,1.4781951904296875e-05,1,22
198,1.4781951904296875e-05,1,22
199,1.4781951904296875e-05,1,22
200,1.4781951904296875e-05,1,22
1,1.9073486328125e-06,1,23
2,1.9073486328125e-06,1,23
3,1.9073486328125e-06,1,23
4,1.9073486328125e-06,1,23
5,1.9073486328125e-06,1,23
6,1.9073486328125e-06,1,23
7,2.0265579223632812e-06,1,23
8,2.0265579223632812e-06,1,23
9,2.0265579223632812e-06,1,23
10,2.0265579223632812e-06,1,23
11,2.1457672119140625e-06,1,23
12,2.1457672119140625e-06,1,23
13,2.5033950805664062e-06,1,23
14,2.5033950805664062e-06,1,23
15,2.5033950805664062e-06,1,23
16,2.5033950805664062e-06,1,23
17,2.5033950805664062e-06,1,23
18,2.5033950805664062e-06,1,23
19,2.5033950805664062e-06,1,23
20,2.5033950805664062e-06,1,23
21,2.5033950805664062e-06,1,23
22,2.9802322387695312e-06,1,23
23,2.9802322387695312e-06,1,23
24,2.9802322387695312e-06,1,23
25,2.9802322387695312e-06,1,23
26,2.9802322387695312e-06,1,23
27,2.9802322387695312e-06,1,23
28,2.9802322387695312e-06,1,23
29,2.9802322387695312e-06,1,23
30,3.337860107421875e-06,1,23
31,3.337860107421875e-06,1,23
32,3.337860107421875e-06,1,23
33,3.337860107421875e-06,1,23
34,3.337860107421875e-06,1,23
35,3.337860107421875e-06,1,23
36,3.337860107421875e-06,1,23
37,3.337860107421875e-06,1,23
38,3.337860107421875e-06,1,23
39,3.337860107421875e-06,1,23
40,3.337860107421875e-06,1,23
41,3.337860107421875e-06,1,23
42,3.337860107421875e-06,1,23
43,3.337860107421875e-06,1,23
44,3.337860107421875e-06,1,23
45,3.337860107421875e-06,1,23
46,3.337860107421875e-06,1,23
47,3.337860107421875e-06,1,23
48,3.337860107421875e-06,1,23
49,3.337860107421875e-06,1,23
50,3.337860107421875e-06,1,23
51,3.337860107421875e-06,1,23
52,3.337860107421875e-06,1,23
53,3.337860107421875e-06,1,23
54,3.337860107421875e-06,1,23
55,3.337860107421875e-06,1,23
56,3.337860107421875e-06,1,23
57,3.337860107421875e-06,1,23
58,3.337860107421875e-06,1,23
59,3.337860107421875e-06,1,23
60,3.337860107421875e-06,1,23
61,3.337860107421875e-06,1,23
62,3.337860107421875e-06,1,23
63,3.337860107421875e-06,1,23
64,3.337860107421875e-06,1,23
65,3.337860107421875e-06,1,23
66,3.337860107421875e-06,1,23
67,3.337860107421875e-06,1,23
68,3.337860107421875e-06,1,23
69,3.337860107421875e-06,1,23
70,3.337860107421875e-06,1,23
71,3.337860107421875e-06,1,23
72,3.337860107421875e-06,1,23
73,3.337860107421875e-06,1,23
74,3.337860107421875e-06,1,23
75,3.337860107421875e-06,1,23
76,3.337860107421875e-06,1,23
77,3.337860107421875e-06,1,23
78,3.337860107421875e-06,1,23
79,3.337860107421875e-06,1,23
80,3.337860107421875e-06,1,23
81,3.337860107421875e-06,1,23
82,3.337860107421875e-06,1,23
83,3.337860107421875e-06,1,23
84,3.337860107421875e-06,1,23
85,3.337860107421875e-06,1,23
86,3.337860107421875e-06,1,23
87,3.337860107421875e-06,1,23
88,3.337860107421875e-06,1,23
89,3.337860107421875e-06,1,23
90,3.337860107421875e-06,1,23
91,3.337860107421875e-06,1,23
92,3.337860107421875e-06,1,23
93,3.337860107421875e-06,1,23
94,3.337860107421875e-06,1,23
95,3.337860107421875e-06,1,23
96,3.337860107421875e-06,1,23
97,3.337860107421875e-06,1,23
98,3.337860107421875e-06,1,23
99,3.337860107421875e-06,1,23
100,3.337860107421875e-06,1,23
101,3.337860107421875e-06,1,23
102,3.337860107421875e-06,1,23
103,3.337860107421875e-06,1,23
104,3.337860107421875e-06,1,23
105,3.337860107421875e-06,1,23
106,3.337860107421875e-06,1,23
107,3.337860107421875e-06,1,23
108,3.337860107421875e-06,1,23
109,3.337860107421875e-06,1,23
110,3.337860107421875e-06,1,23
111,3.337860107421875e-06,1,23
112,3.337860107421875e-06,1,23
113,3.337860107421875e-06,1,23
114,3.337860107421875e-06,1,23
115,3.337860107421875e-06,1,23
116,3.337860107421875e-06,1,23
117,3.337860107421875e-06,1,23
118,3.337860107421875e-06,1,23
119,3.337860107421875e-06,1,23
120,3.337860107421875e-06,1,23
121,3.337860107421875e-06,1,23
122,3.337860107421875e-06,1,23
123,3.337860107421875e-06,1,23
124,3.337860107421875e-06,1,23
125,3.337860107421875e-06,1,23
126,3.337860107421875e-06,1,23
127,3.337860107421875e-06,1,23
128,3.337860107421875e-06,1,23
129,3.337860107421875e-06,1,23
130,3.337860107421875e-06,1,23
131,3.337860107421875e-06,1,23
132,3.337860107421875e-06,1,23
133,3.337860107421875e-06,1,23
134,3.337860107421875e-06,1,23
135,3.337860107421875e-06,1,23
136,3.337860107421875e-06,1,23
137,3.337860107421875e-06,1,23
138,3.337860107421875e-06,1,23
139,3.337860107421875e-06,1,23
140,3.337860107421875e-06,1,23
141,3.337860107421875e-06,1,23
142,3.337860107421875e-06,1,23
143,3.337860107421875e-06,1,23
144,3.337860107421875e-06,1,23
145,3.337860107421875e-06,1,23
146,3.337860107421875e-06,1,23
147,3.337860107421875e-06,1,23
148,3.337860107421875e-06,1,23
149,3.337860107421875e-06,1,23
150,3.337860107421875e-06,1,23
151,3.337860107421875e-06,1,23
152,3.337860107421875e-06,1,23
153,3.337860107421875e-06,1,23
154,3.337860107421875e-06,1,23
155,3.337860107421875e-06,1,23
156,3.337860107421875e-06,1,23
157,3.337860107421875e-06,1,23
158,3.337860107421875e-06,1,23
159,3.337860107421875e-06,1,23
160,3.337860107421875e-06,1,23
161,3.337860107421875e-06,1,23
162,3.337860107421875e-06,1,23
163,3.337860107421875e-06,1,23
164,3.337860107421875e-06,1,23
165,3.337860107421875e-06,1,23
166,3.337860107421875e-06,1,23
167,3.337860107421875e-06,1,23
168,3.337860107421875e-06,1,23
169,3.337860107421875e-06,1,23
170,3.337860107421875e-06,1,23
171,3.337860107421875e-06,1,23
172,3.337860107421875e-06,1,23
173,3.337860107421875e-06,1,23
174,3.337860107421875e-06,1,23
175,3.337860107421875e-06,1,23
176,3.337860107421875e-06,1,23
177,3.337860107421875e-06,1,23
178,3.337860107421875e-06,1,23
179,3.337860107421875e-06,1,23
180,3.337860107421875e-06,1,23
181,3.337860107421875e-06,1,23
182,3.337860107421875e-06,1,23
183,3.337860107421875e-06,1,23
184,3.337860107421875e-06,1,23
185,3.337860107421875e-06,1,23
186,3.337860107421875e-06,1,23
187,3.337860107421875e-06,1,23
188,3.337860107421875e-06,1,23
189,3.337860107421875e-06,1,23
190,3.337860107421875e-06,1,23
191,3.337860107421875e-06,1,23
192,3.337860107421875e-06,1,23
193,3.337860107421875e-06,1,23
194,3.337860107421875e-06,1,23
195,3.337860107421875e-06,1,23
196,3.337860107421875e-06,1,23
197,3.337860107421875e-06,1,23
198,3.337860107421875e-06,1,23
199,3.337860107421875e-06,1,23
200,3.337860107421875e-06,1,23
1,0.23534846305847168,5,24
2,0.23534846305847168,5,24
3,0.2730855345726013,6,24
4,0.3819461464881897,7,24
5,0.3819461464881897,7,24
6,0.3819461464881897,7,24
7,0.4032108187675476,7,24
8,0.410203218460083,7,24
9,0.410203218460083,7,24
10,0.44045490026474,6,24
11,0.44045490026474,6,24
12,0.5391731262207031,9,24
13,0.6115082204341888,8,24
14,0.6162950396537781,8,24
15,0.8124953359365463,10,24
16,0.8124953359365463,10,24
17,0.8124953359365463,10,24
18,0.8124953359365463,10,24
19,0.8124953359365463,10,24
20,0.8124953359365463,10,24
21,0.8757495209574699,11,24
22,0.8757495209574699,11,24
23,0.8757495209574699,11,24
24,0.8757495209574699,11,24
25,0.8757495209574699,11,24
26,0.8757495209574699,11,24
27,0.8757495209574699,11,24
28,0.8602196425199509,9,24
29,0.8602196425199509,9,24
30,0.8602196425199509,9,24
31,0.8720168918371201,9,24
32,0.8720168918371201,9,24
33,0.8720168918371201,9,24
34,0.8720168918371201,9,24
35,0.8720168918371201,9,24
36,0.8720168918371201,9,24
37,0.8720168918371201,9,24
38,0.8720168918371201,9,24
39,0.9330978319048882,12,24
40,0.9330978319048882,12,24
41,0.9330978319048882,12,24
42,0.923458606004715,10,24
43,0.923458606004715,10,24
44,0.923458606004715,10,24
45,0.923458606004715,10,24
46,0.923458606004715,10,24
47,0.923458606004715,10,24
48,0.923458606004715,10,24
49,0.923458606004715,10,24
50,0.923458606004715,10,24
51,0.923458606004715,10,24
52,0.923458606004715,10,24
53,0.923458606004715,10,24
54,0.923458606004715,10,24
55,0.923458606004715,10,24
56,0.923458606004715,10,24
57,0.923458606004715,10,24
58,0.923458606004715,10,24
59,0.923458606004715,10,24
60,0.923458606004715,10,24
61,0.923458606004715,10,24
62,0.923458606004715,10,24
63,0.923458606004715,10,24
64,0.923458606004715,10,24
65,0.923458606004715,10,24
66,0.923458606004715,10,24
67,0.923458606004715,10,24
68,0.923458606004715,10,24
69,0.923458606004715,10,24
70,0.923458606004715,10,24
71,0.923458606004715,10,24
72,0.923458606004715,10,24
73,0.923458606004715,10,24
74,0.923458606004715,10,24
75,0.923458606004715,10,24
76,0.923458606004715,10,24
77,0.923458606004715,10,24
78,0.923458606004715,10,24
79,0.923458606004715,10,24
80,0.923458606004715,10,24
81,0.923458606004715,10,24
82,0.923458606004715,10,24
83,0.923458606004715,10,24
84,0.923458606004715,10,24
85,0.923458606004715,10,24
86,0.923458606004715,10,24
87,0.923458606004715,10,24
88,0.923458606004715,10,24
89,0.923458606004715,10,24
90,0.923458606004715,10,24
91,0.923458606004715,10,24
92,0.923458606004715,10,24
93,0.923458606004715,10,24
94,0.923458606004715,10,24
95,0.923458606004715,10,24
96,0.923458606004715,10,24
97,0.923458606004715,10,24
98,0.923458606004715,10,24
99,0.923458606004715,10,24
100,0.923458606004715,10,24
101,0.923458606004715,10,24
102,0.923458606004715,10,24
103,0.923458606004715,10,24
104,0.923458606004715,10,24
105,0.923458606004715,10,24
106,0.923458606004715,10,24
107,0.923458606004715,10,24
108,0.9772211406379938,13,24
109,0.9772211406379938,13,24
110,0.9772211406379938,13,24
111,0.9772211406379938,13,24
112,0.9788128193467855,12,24
113,0.9788128193467855,12,24
114,0.9788128193467855,12,24
115,0.9788128193467855,12,24
116,0.9788128193467855,12,24
117,0.9788128193467855,12,24
118,0.9788128193467855,12,24
119,0.9788128193467855,12,24
120,0.9788128193467855,12,24
121,0.9788128193467855,12,24
122,0.9788128193467855,12,24
123,0.9788128193467855,12,24
124,0.9788128193467855,12,24
125,0.9788128193467855,12,24
126,0.9788128193467855,12,24
127,0.9788128193467855,12,24
128,0.9788128193467855,12,24
129,0.9788128193467855,12,24
130,0.9788128193467855,12,24
131,0.9788128193467855,12,24
132,0.9788128193467855,12,24
133,0.9788128193467855,12,24
134,0.9788128193467855,12,24
135,0.9788128193467855,12,24
136,0.9788128193467855,12,24
137,0.9788128193467855,12,24
138,0.9788128193467855,12,24
139,0.9788128193467855,12,24
140,0.9788128193467855,12,24
141,0.9788128193467855,12,24
142,0.9788128193467855,12,24
143,0.9788128193467855,12,24
144,0.9788128193467855,12,24
145,0.9788128193467855,12,24
146,0.9788128193467855,12,24
147,0.9788128193467855,12,24
148,0.9788128193467855,12,24
149,0.9788128193467855,12,24
150,0.9788128193467855,12,24
151,0.9788128193467855,12,24
152,0.9788128193467855,12,24
153,0.9788128193467855,12,24
154,0.9788128193467855,12,24
155,0.9788128193467855,12,24
156,0.9788128193467855,12,24
157,0.9788128193467855,12,24
158,0.9788128193467855,12,24
159,0.9788128193467855,12,24
160,0.9788128193467855,12,24
161,0.9788128193467855,12,24
162,0.9788128193467855,12,24
163,0.9788128193467855,12,24
164,0.9788128193467855,12,24
165,0.9788128193467855,12,24
166,0.9788128193467855,12,24
167,0.9788128193467855,12,24
168,0.9788128193467855,12,24
169,0.9788128193467855,12,24
170,0.9788128193467855,12,24
171,0.9788128193467855,12,24
172,0.9788128193467855,12,24
173,0.9788128193467855,12,24
174,0.9788128193467855,12,24
175,0.9788128193467855,12,24
176,0.9788128193467855,12,24
177,0.9788128193467855,12,24
178,0.9788128193467855,12,24
179,0.9788128193467855,12,24
180,0.9788128193467855,12,24
181,0.9788128193467855,12,24
182,0.9788128193467855,12,24
183,0.9788128193467855,12,24
184,0.9788128193467855,12,24
185,0.9788128193467855,12,24
186,0.9790138937532902,11,24
187,0.9790138937532902,11,24
188,0.9790138937532902,11,24
189,0.9790138937532902,11,24
190,0.9790138937532902,11,24
191,0.9790138937532902,11,24
192,0.9790138937532902,11,24
193,0.9790138937532902,11,24
194,0.9790138937532902,11,24
195,0.9790138937532902,11,24
196,0.9790138937532902,11,24
197,0.9790138937532902,11,24
198,0.9790138937532902,11,24
199,0.9790138937532902,11,24
200,0.9790138937532902,11,24
1,6.711483001708984e-05,1,25
2,6.711483001708984e-05,1,25
3,6.711483001708984e-05,1,25
4,6.711483001708984e-05,1,25
5,6.711483001708984e-05,1,25
6,9.632110595703125e-05,1,25
7,9.632110595703125e-05,1,25
8,9.72747802734375e-05,1,25
9,9.72747802734375e-05,1,25
10,0.00012600421905517578,1,25
11,0.00030231475830078125,1,25
12,0.00030231475830078125,1,25
13,0.00030231475830078125,1,25
14,0.00030231475830078125,1,25
15,0.00030231475830078125,1,25
16,0.00030231475830078125,1,25
17,0.00030231475830078125,1,25
18,0.00030231475830078125,1,25
19,0.00030231475830078125,1,25
20,0.00030231475830078125,1,25
21,0.00030231475830078125,1,25
22,0.00030231475830078125,1,25
23,0.00030231475830078125,1,25
24,0.00030231475830078125,1,25
25,0.00030231475830078125,1,25
26,0.00030231475830078125,1,25
27,0.00030231475830078125,1,25
28,0.00030231475830078125,1,25
29,0.00030231475830078125,1,25
30,0.00030231475830078125,1,25
31,0.00030231475830078125,1,25
32,0.00030231475830078125,1,25
33,0.00030231475830078125,1,25
34,0.00030231475830078125,1,25
35,0.00030231475830078125,1,25
36,0.00030231475830078125,1,25
37,0.00030231475830078125,1,25
38,0.00030231475830078125,1,25
39,0.00030231475830078125,1,25
40,0.00030231475830078125,1,25
41,0.00030231475830078125,1,25
42,0.00030231475830078125,1,25
43,0.00030231475830078125,1,25
44,0.00030231475830078125,1,25
45,0.00030231475830078125,1,25
46,0.00030231475830078125,1,25
47,0.00030231475830078125,1,25
48,0.00030231475830078125,1,25
49,0.00030231475830078125,1,25
50,0.00030231475830078125,1,25
51,0.00030231475830078125,1,25
52,0.00030231475830078125,1,25
53,0.00030231475830078125,1,25
54,0.00030231475830078125,1,25
55,0.00030231475830078125,1,25
56,0.00030231475830078125,1,25
57,0.00030231475830078125,1,25
58,0.00030231475830078125,1,25
59,0.00030231475830078125,1,25
60,0.00030231475830078125,1,25
61,0.00030231475830078125,1,25
62,0.00030231475830078125,1,25
63,0.00030231475830078125,1,25
64,0.00030231475830078125,1,25
65,0.00030231475830078125,1,25
66,0.00030231475830078125,1,25
67,0.00030231475830078125,1,25
68,0.00030231475830078125,1,25
69,0.00030231475830078125,1,25
70,0.00030231475830078125,1,25
71,0.00030231475830078125,1,25
72,0.00030231475830078125,1,25
73,0.00030231475830078125,1,25
74,0.00030231475830078125,1,25
75,0.00030231475830078125,1,25
76,0.00030231475830078125,1,25
77,0.00030231475830078125,1,25
78,0.00030231475830078125,1,25
79,0.00030231475830078125,1,25
80,0.00030231475830078125,1,25
81,0.00030231475830078125,1,25
82,0.00030231475830078125,1,25
83,0.00030231475830078125,1,25
84,0.00030231475830078125,1,25
85,0.00030231475830078125,1,25
86,0.00030231475830078125,1,25
87,0.00030231475830078125,1,25
88,0.00030231475830078125,1,25
89,0.00030231475830078125,1,25
90,0.00030231475830078125,1,25
91,0.00030231475830078125,1,25
92,0.00030231475830078125,1,25
93,0.00030231475830078125,1,25
94,0.00030231475830078125,1,25
95,0.00030231475830078125,1,25
96,0.00030231475830078125,1,25
97,0.00030231475830078125,1,25
98,0.00030231475830078125,1,25
99,0.00030231475830078125,1,25
100,0.00030231475830078125,1,25
101,0.00030231475830078125,1,25
102,0.00030231475830078125,1,25
103,0.00030231475830078125,1,25
104,0.00030231475830078125,1,25
105,0.00030231475830078125,1,25
106,0.00030231475830078125,1,25
107,0.00030231475830078125,1,25
108,0.00030231475830078125,1,25
109,0.00030231475830078125,1,25
110,0.00030231475830078125,1,25
111,0.00030231475830078125,1,25
112,0.00030231475830078125,1,25
113,0.00030231475830078125,1,25
114,0.00030231475830078125,1,25
115,0.00030231475830078125,1,25
116,0.00030231475830078125,1,25
117,0.00030231475830078125,1,25
118,0.00030231475830078125,1,25
119,0.00030231475830078125,1,25
120,0.00030231475830078125,1,25
121,0.00030231475830078125,1,25
122,0.00030231475830078125,1,25
123,0.00030231475830078125,1,25
124,0.00030231475830078125,1,25
125,0.00030231475830078125,1,25
126,0.00030231475830078125,1,25
127,0.00030231475830078125,1,25
128,0.00030231475830078125,1,25
129,0.00030231475830078125,1,25
130,0.00030231475830078125,1,25
131,0.00030231475830078125,1,25
132,0.00030231475830078125,1,25
133,0.00030231475830078125,1,25
134,0.00030231475830078125,1,25
135,0.00030231475830078125,1,25
136,0.00030231475830078125,1,25
137,0.00030231475830078125,1,25
138,0.00030231475830078125,1,25
139,0.00030231475830078125,1,25
140,0.00030231475830078125,1,25
141,0.00030231475830078125,1,25
142,0.00030231475830078125,1,25
143,0.00030231475830078125,1,25
144,0.00030231475830078125,1,25
145,0.00030231475830078125,1,25
146,0.00030231475830078125,1,25
147,0.00030231475830078125,1,25
148,0.00030231475830078125,1,25
149,0.00030231475830078125,1,25
150,0.00030231475830078125,1,25
151,0.00030231475830078125,1,25
152,0.00030231475830078125,1,25
153,0.00030231475830078125,1,25
154,0.00030231475830078125,1,25
155,0.00030231475830078125,1,25
156,0.00030231475830078125,1,25
157,0.00030231475830078125,1,25
158,0.00030231475830078125,1,25
159,0.00030231475830078125,1,25
160,0.00030231475830078125,1,25
161,0.00030231475830078125,1,25
162,0.00030231475830078125,1,25
163,0.00030231475830078125,1,25
164,0.00030231475830078125,1,25
165,0.00030231475830078125,1,25
166,0.00030231475830078125,1,25
167,0.00030231475830078125,1,25
168,0.00030231475830078125,1,25
169,0.00030231475830078125,1,25
170,0.00030231475830078125,1,25
171,0.00030231475830078125,1,25
172,0.00030231475830078125,1,25
173,0.00030231475830078125,1,25
174,0.00030231475830078125,1,25
175,0.00030231475830078125,1,25
176,0.00030231475830078125,1,25
177,0.00030231475830078125,1,25
178,0.00030231475830078125,1,25
179,0.00030231475830078125,1,25
180,0.00030231475830078125,1,25
181,0.00030231475830078125,1,25
182,0.00030231475830078125,1,25
183,0.00030231475830078125,1,25
184,0.00030231475830078125,1,25
185,0.00030231475830078125,1,25
186,0.00030231475830078125,1,25
187,0.00030231475830078125,1,25
188,0.00030231475830078125,1,25
189,0.00030231475830078125,1,25
190,0.00030231475830078125,1,25
191,0.00030231475830078125,1,25
192,0.00030231475830078125,1,25
193,0.00030231475830078125,1,25
194,0.00030231475830078125,1,25
195,0.00030231475830078125,1,25
196,0.00030231475830078125,1,25
197,0.00030231475830078125,1,25
198,0.00030231475830078125,1,25
199,0.00030231475830078125,1,25
200,0.00030231475830078125,1,25
1,0.9145607054233551,3,26
2,0.9145607054233551,3,26
3,0.935252919793129,3,26
4,0.935252919793129,3,26
5,0.935252919793129,3,26
6,0.9293014332652092,2,26
7,0.9362112656235695,2,26
8,0.9431309066712856,2,26
9,0.9556281641125679,2,26
10,0.9556281641125679,2,26
11,0.9556281641125679,2,26
12,0.9556281641125679,2,26
13,0.9606600552797318,2,26
14,0.9606600552797318,2,26
15,0.9606600552797318,2,26
16,0.9606600552797318,2,26
17,0.9606600552797318,2,26
18,0.9606600552797318,2,26
19,0.9606600552797318,2,26
20,0.9606600552797318,2,26
21,0.9606600552797318,2,26
22,0.960819523781538,2,26
23,0.960819523781538,2,26
24,0.9645637199282646,2,26
25,0.9645637199282646,2,26
26,0.9645637199282646,2,26
27,0.9645637199282646,2,26
28,0.9645637199282646,2,26
29,0.9645637199282646,2,26
30,0.9645637199282646,2,26
31,0.9645637199282646,2,26
32,0.9645637199282646,2,26
33,0.964746505022049,2,26
34,0.9827721063047647,3,26
35,0.9678439497947693,2,26
36,0.9678439497947693,2,26
37,0.9678439497947693,2,26
38,0.9678439497947693,2,26
39,0.969564214348793,2,26
40,0.9698750954121351,2,26
41,0.9698750954121351,2,26
42,0.9698750954121351,2,26
43,0.9707705229520798,2,26
44,0.9736261777579784,2,26
45,0.9736261777579784,2,26
46,0.9736261777579784,2,26
47,0.9745275266468525,2,26
48,0.9745275266468525,2,26
49,0.9745275266468525,2,26
50,0.9745275266468525,2,26
51,0.9754031710326672,2,26
52,0.9754031710326672,2,26
53,0.9754031710326672,2,26
54,0.9754031710326672,2,26
55,0.9754031710326672,2,26
56,0.9754031710326672,2,26
57,0.9754031710326672,2,26
58,0.9754031710326672,2,26
59,0.9754031710326672,2,26
60,0.9754031710326672,2,26
61,0.9754031710326672,2,26
62,0.9754031710326672,2,26
63,0.9754031710326672,2,26
64,0.9754031710326672,2,26
65,0.9754031710326672,2,26
66,0.9754031710326672,2,26
67,0.9754031710326672,2,26
68,0.9754031710326672,2,26
69,0.9754031710326672,2,26
70,0.9754031710326672,2,26
71,0.9754031710326672,2,26
72,0.9754031710326672,2,26
73,0.9754031710326672,2,26
74,0.9754031710326672,2,26
75,0.9754031710326672,2,26
76,0.9754031710326672,2,26
77,0.9754031710326672,2,26
78,0.9754031710326672,2,26
79,0.9754031710326672,2,26
80,0.9754031710326672,2,26
81,0.9754031710326672,2,26
82,0.9754031710326672,2,26
83,0.9754031710326672,2,26
84,0.9754031710326672,2,26
85,0.9754031710326672,2,26
86,0.9754031710326672,2,26
87,0.9754031710326672,2,26
88,0.9754031710326672,2,26
89,0.9754031710326672,2,26
90,0.9754031710326672,2,26
91,0.9754031710326672,2,26
92,0.9754031710326672,2,26
93,0.9754031710326672,2,26
94,0.9754031710326672,2,26
95,0.9754031710326672,2,26
96,0.9754031710326672,2,26
97,0.9754031710326672,2,26
98,0.9754031710326672,2,26
99,0.9754031710326672,2,26
100,0.9754031710326672,2,26
101,0.9754031710326672,2,26
102,0.9754031710326672,2,26
103,0.9754031710326672,2,26
104,0.9754031710326672,2,26
105,0.9754031710326672,2,26
106,0.9754031710326672,2,26
107,0.9754031710326672,2,26
108,0.9754031710326672,2,26
109,0.9754031710326672,2,26
110,0.9754031710326672,2,26
111,0.9754031710326672,2,26
112,0.9754031710326672,2,26
113,0.9754031710326672,2,26
114,0.9754031710326672,2,26
115,0.9754031710326672,2,26
116,0.9754031710326672,2,26
117,0.9754031710326672,2,26
118,0.9754031710326672,2,26
119,0.9754031710326672,2,26
120,0.9754031710326672,2,26
121,0.9754031710326672,2,26
122,0.9754031710326672,2,26
123,0.9754031710326672,2,26
124,0.9754031710326672,2,26
125,0.9754031710326672,2,26
126,0.9754031710326672,2,26
127,0.9754031710326672,2,26
128,0.9754031710326672,2,26
129,0.9754031710326672,2,26
130,0.9754031710326672,2,26
131,0.9754031710326672,2,26
132,0.9754031710326672,2,26
133,0.9754031710326672,2,26
134,0.9754031710326672,2,26
135,0.9754031710326672,2,26
136,0.9754031710326672,2,26
137,0.9754031710326672,2,26
138,0.9754031710326672,2,26
139,0.9754031710326672,2,26
140,0.9754031710326672,2,26
141,0.9754031710326672,2,26
142,0.9754031710326672,2,26
143,0.9754031710326672,2,26
144,0.9754031710326672,2,26
145,0.9754031710326672,2,26
146,0.9754031710326672,2,26
147,0.9754031710326672,2,26
148,0.9754031710326672,2,26
149,0.9754031710326672,2,26
150,0.9754031710326672,2,26
151,0.9754031710326672,2,26
152,0.9754031710326672,2,26
153,0.9754031710326672,2,26
154,0.9754031710326672,2,26
155,0.9754031710326672,2,26
156,0.9754031710326672,2,26
157,0.9754031710326672,2,26
158,0.9754031710326672,2,26
159,0.9754031710326672,2,26
160,0.9754031710326672,2,26
161,0.9754031710326672,2,26
162,0.9754031710326672,2,26
163,0.9754031710326672,2,26
164,0.9754031710326672,2,26
165,0.9754031710326672,2,26
166,0.9754031710326672,2,26
167,0.9754031710326672,2,26
168,0.9754031710326672,2,26
169,0.9754031710326672,2,26
170,0.9754031710326672,2,26
171,0.9754031710326672,2,26
172,0.9754031710326672,2,26
173,0.9754031710326672,2,26
174,0.9754031710326672,2,26
175,0.9754031710326672,2,26
176,0.9754031710326672,2,26
177,0.9754031710326672,2,26
178,0.9754031710326672,2,26
179,0.9754031710326672,2,26
180,0.9754031710326672,2,26
181,0.9754031710326672,2,26
182,0.9754031710326672,2,26
183,0.9754031710326672,2,26
184,0.9754031710326672,2,26
185,0.9754031710326672,2,26
186,0.9754031710326672,2,26
187,0.9754031710326672,2,26
188,0.9754031710326672,2,26
189,0.9754031710326672,2,26
190,0.9754031710326672,2,26
191,0.9754031710326672,2,26
192,0.9754031710326672,2,26
193,0.9754031710326672,2,26
194,0.9754031710326672,2,26
195,0.9754031710326672,2,26
196,0.9754031710326672,2,26
197,0.9754031710326672,2,26
198,0.9754031710326672,2,26
199,0.9754031710326672,2,26
200,0.9754031710326672,2,26
1,0.8441120684146881,7,27
2,0.8314422369003296,6,27
3,0.8830626681447029,7,27
4,0.8512551039457321,3,27
5,0.9378190971910954,7,27
6,0.9378190971910954,7,27
7,0.9378190971910954,7,27
8,0.9553773887455463,8,27
9,0.9553773887455463,8,27
10,0.9615160822868347,7,27
11,0.9615160822868347,7,27
12,0.9628442674875259,7,27
13,0.9481686651706696,6,27
14,0.9481686651706696,6,27
15,0.9481686651706696,6,27
16,0.9481686651706696,6,27
17,0.9481686651706696,6,27
18,0.9658613875508308,7,27
19,0.9658613875508308,7,27
20,0.9706842135637999,6,27
21,0.9706842135637999,6,27
22,0.9706842135637999,6,27
23,0.9706842135637999,6,27
24,0.9706842135637999,6,27
25,0.9706842135637999,6,27
26,0.9706842135637999,6,27
27,0.9706842135637999,6,27
28,0.9706842135637999,6,27
29,0.9706842135637999,6,27
30,0.9615194126963615,5,27
31,0.9615194126963615,5,27
32,0.9615194126963615,5,27
33,0.9615194126963615,5,27
34,0.9615194126963615,5,27
35,0.9615194126963615,5,27
36,0.9615194126963615,5,27
37,0.9615194126963615,5,27
38,0.9615194126963615,5,27
39,0.9615194126963615,5,27
40,0.9615194126963615,5,27
41,0.9615194126963615,5,27
42,0.9615194126963615,5,27
43,0.9615194126963615,5,27
44,0.9615194126963615,5,27
45,0.9615194126963615,5,27
46,0.9615194126963615,5,27
47,0.9615194126963615,5,27
48,0.9615194126963615,5,27
49,0.9615194126963615,5,27
50,0.9615194126963615,5,27
51,0.9615194126963615,5,27
52,0.9615194126963615,5,27
53,0.9615194126963615,5,27
54,0.9615194126963615,5,27
55,0.9805711153894663,6,27
56,0.9805711153894663,6,27
57,0.9805711153894663,6,27
58,0.9720254857093096,5,27
59,0.9720254857093096,5,27
60,0.9720254857093096,5,27
61,0.9759927112609148,5,27
62,0.9759927112609148,5,27
63,0.9759927112609148,5,27
64,0.9759927112609148,5,27
65,0.9759927112609148,5,27
66,0.9759927112609148,5,27
67,0.9759927112609148,5,27
68,0.9759927112609148,5,27
69,0.9759927112609148,5,27
70,0.9759927112609148,5,27
71,0.9759927112609148,5,27
72,0.9759927112609148,5,27
73,0.9759927112609148,5,27
74,0.9759927112609148,5,27
75,0.9759927112609148,5,27
76,0.9759927112609148,5,27
77,0.9774062279611826,5,27
78,0.9774062279611826,5,27
79,0.9774062279611826,5,27
80,0.9774062279611826,5,27
81,0.9774062279611826,5,27
82,0.9774062279611826,5,27
83,0.9774062279611826,5,27
84,0.9774062279611826,5,27
85,0.9774062279611826,5,27
86,0.9774062279611826,5,27
87,0.9774062279611826,5,27
88,0.9774062279611826,5,27
89,0.9774062279611826,5,27
90,0.9774062279611826,5,27
91,0.9774062279611826,5,27
92,0.9774062279611826,5,27
93,0.9774062279611826,5,27
94,0.9774062279611826,5,27
95,0.9774062279611826,5,27
96,0.9774062279611826,5,27
97,0.9774062279611826,5,27
98,0.9808492809534073,5,27
99,0.9808492809534073,5,27
100,0.9808492809534073,5,27
101,0.9808492809534073,5,27
102,0.9831168223172426,5,27
103,0.9831168223172426,5,27
104,0.9831168223172426,5,27
105,0.9831168223172426,5,27
106,0.9831168223172426,5,27
107,0.9831168223172426,5,27
108,0.9831168223172426,5,27
109,0.9831168223172426,5,27
110,0.9831168223172426,5,27
111,0.9831168223172426,5,27
112,0.9831168223172426,5,27
113,0.9831168223172426,5,27
114,0.9831168223172426,5,27
115,0.9831168223172426,5,27
116,0.9831168223172426,5,27
117,0.9831168223172426,5,27
118,0.9831168223172426,5,27
119,0.9669600874185562,4,27
120,0.9669600874185562,4,27
121,0.9669600874185562,4,27
122,0.9669600874185562,4,27
123,0.9669600874185562,4,27
124,0.9725355580449104,4,27
125,0.9725355580449104,4,27
126,0.9725355580449104,4,27
127,0.9725355580449104,4,27
128,0.9725355580449104,4,27
129,0.9725355580449104,4,27
130,0.9725355580449104,4,27
131,0.9725355580449104,4,27
132,0.9725355580449104,4,27
133,0.9725355580449104,4,27
134,0.972758773714304,4,27
135,0.972758773714304,4,27
136,0.972758773714304,4,27
137,0.972758773714304,4,27
138,0.972758773714304,4,27
139,0.972758773714304,4,27
140,0.972758773714304,4,27
141,0.972758773714304,4,27
142,0.972758773714304,4,27
143,0.972758773714304,4,27
144,0.9742806479334831,4,27
145,0.9742806479334831,4,27
146,0.9742806479334831,4,27
147,0.9742806479334831,4,27
148,0.9742806479334831,4,27
149,0.9742806479334831,4,27
150,0.9742806479334831,4,27
151,0.9742806479334831,4,27
152,0.9742806479334831,4,27
153,0.9742806479334831,4,27
154,0.9742806479334831,4,27
155,0.975503709167242,4,27
156,0.975503709167242,4,27
157,0.984140919521451,4,27
158,0.984140919521451,4,27
159,0.984140919521451,4,27
160,0.984140919521451,4,27
161,0.984140919521451,4,27
162,0.984140919521451,4,27
163,0.984140919521451,4,27
164,0.984140919521451,4,27
165,0.984140919521451,4,27
166,0.984140919521451,4,27
167,0.984140919521451,4,27
168,0.984140919521451,4,27
169,0.984140919521451,4,27
170,0.984140919521451,4,27
171,0.984140919521451,4,27
172,0.984140919521451,4,27
173,0.984140919521451,4,27
174,0.984140919521451,4,27
175,0.984140919521451,4,27
176,0.984140919521451,4,27
177,0.9714033212512732,3,27
178,0.9714033212512732,3,27
179,0.9714033212512732,3,27
180,0.9714033212512732,3,27
181,0.9714033212512732,3,27
182,0.9714033212512732,3,27
183,0.9714033212512732,3,27
184,0.9714033212512732,3,27
185,0.9714033212512732,3,27
186,0.9714033212512732,3,27
187,0.9714033212512732,3,27
188,0.9714033212512732,3,27
189,0.9714033212512732,3,27
190,0.9714033212512732,3,27
191,0.9714033212512732,3,27
192,0.9714033212512732,3,27
193,0.9714033212512732,3,27
194,0.9739415347576141,3,27
195,0.9739415347576141,3,27
196,0.9739415347576141,3,27
197,0.9739415347576141,3,27
198,0.9739415347576141,3,27
199,0.9739415347576141,3,27
200,0.9739415347576141,3,27
1,0.0017368197441101074,1,28
2,0.0018996596336364746,1,28
3,0.002026498317718506,1,28
4,0.002026498317718506,1,28
5,0.005142688751220703,1,28
6,0.005142688751220703,1,28
7,0.005142688751220703,1,28
8,0.005142688751220703,1,28
9,0.005142688751220703,1,28
10,0.005142688751220703,1,28
11,0.005142688751220703,1,28
12,0.008188366889953613,1,28
13,0.008188366889953613,1,28
14,0.008188366889953613,1,28
15,0.008188366889953613,1,28
16,0.010002732276916504,1,28
17,0.010002732276916504,1,28
18,0.010002732276916504,1,28
19,0.010002732276916504,1,28
20,0.010002732276916504,1,28
21,0.010002732276916504,1,28
22,0.010002732276916504,1,28
23,0.010002732276916504,1,28
24,0.010002732276916504,1,28
25,0.010002732276916504,1,28
26,0.010002732276916504,1,28
27,0.010002732276916504,1,28
28,0.010002732276916504,1,28
29,0.010002732276916504,1,28
30,0.010002732276916504,1,28
31,0.010002732276916504,1,28
32,0.010002732276916504,1,28
33,0.010002732276916504,1,28
34,0.010002732276916504,1,28
35,0.010002732276916504,1,28
36,0.010002732276916504,1,28
37,0.010002732276916504,1,28
38,0.010002732276916504,1,28
39,0.010002732276916504,1,28
40,0.010002732276916504,1,28
41,0.010002732276916504,1,28
42,0.010002732276916504,1,28
43,0.010002732276916504,1,28
44,0.010002732276916504,1,28
45,0.010002732276916504,1,28
46,0.010002732276916504,1,28
47,0.010002732276916504,1,28
48,0.010002732276916504,1,28
49,0.010002732276916504,1,28
50,0.010002732276916504,1,28
51,0.03243798017501831,2,28
52,0.03243798017501831,2,28
53,0.03243798017501831,2,28
54,0.03243798017501831,2,28
55,0.03243798017501831,2,28
56,0.03243798017501831,2,28
57,0.03243798017501831,2,28
58,0.03243798017501831,2,28
59,0.03243798017501831,2,28
60,0.03243798017501831,2,28
61,0.03243798017501831,2,28
62,0.03243798017501831,2,28
63,0.03243798017501831,2,28
64,0.03243798017501831,2,28
65,0.03243798017501831,2,28
66,0.03243798017501831,2,28
67,0.03243798017501831,2,28
68,0.03502476215362549,2,28
69,0.03502476215362549,2,28
70,0.03502476215362549,2,28
71,0.03502476215362549,2,28
72,0.03502476215362549,2,28
73,0.03502476215362549,2,28
74,0.03502476215362549,2,28
75,0.03502476215362549,2,28
76,0.03502476215362549,2,28
77,0.03502476215362549,2,28
78,0.03502476215362549,2,28
79,0.03502476215362549,2,28
80,0.057133615016937256,3,28
81,0.057133615016937256,3,28
82,0.057133615016937256,3,28
83,0.05958366394042969,3,28
84,0.05958366394042969,3,28
85,0.05958366394042969,3,28
86,0.05958366394042969,3,28
87,0.09562557935714722,3,28
88,0.09562557935714722,3,28
89,0.09562557935714722,3,28
90,0.09562557935714722,3,28
91,0.09562557935714722,3,28
92,0.09562557935714722,3,28
93,0.09562557935714722,3,28
94,0.12797021865844727,3,28
95,0.16345226764678955,4,28
96,0.19718855619430542,4,28
97,0.19718855619430542,4,28
98,0.19718855619430542,4,28
99,0.19718855619430542,4,28
100,0.19718855619430542,4,28
101,0.2182888388633728,5,28
102,0.2182888388633728,5,28
103,0.24176853895187378,6,28
104,0.2782576084136963,5,28
105,0.2782576084136963,5,28
106,0.2782576084136963,5,28
107,0.2782576084136963,5,28
108,0.2782576084136963,5,28
109,0.2782576084136963,5,28
110,0.32508349418640137,7,28
111,0.32508349418640137,7,28
112,0.32508349418640137,7,28
113,0.41868942975997925,10,28
114,0.41868942975997925,10,28
115,0.5848264098167419,9,28
116,0.5848264098167419,9,28
117,0.5848264098167419,9,28
118,0.5848264098167419,9,28
119,0.5848264098167419,9,28
120,0.629906415939331,10,28
121,0.6459471881389618,10,28
122,0.6459471881389618,10,28
123,0.6459471881389618,10,28
124,0.6877569258213043,9,28
125,0.7028802633285522,8,28
126,0.7028802633285522,8,28
127,0.7028802633285522,8,28
128,0.7028802633285522,8,28
129,0.7028802633285522,8,28
130,0.7028802633285522,8,28
131,0.7850711494684219,11,28
132,0.7850711494684219,11,28
133,0.7850711494684219,11,28
134,0.7850711494684219,11,28
135,0.7850711494684219,11,28
136,0.7850711494684219,11,28
137,0.7850711494684219,11,28
138,0.8012038916349411,10,28
139,0.852592870593071,12,28
140,0.852592870593071,12,28
141,0.852592870593071,12,28
142,0.852592870593071,12,28
143,0.852592870593071,12,28
144,0.852592870593071,12,28
145,0.8795323446393013,13,28
146,0.8795323446393013,13,28
147,0.8795323446393013,13,28
148,0.8825070783495903,13,28
149,0.9353081360459328,14,28
150,0.9353081360459328,14,28
151,0.9353081360459328,14,28
152,0.9353081360459328,14,28
153,0.9353081360459328,14,28
154,0.9353081360459328,14,28
155,0.9353081360459328,14,28
156,0.9353081360459328,14,28
157,0.9353081360459328,14,28
158,0.9353081360459328,14,28
159,0.9354690760374069,13,28
160,0.9354690760374069,13,28
161,0.9354690760374069,13,28
162,0.9354690760374069,13,28
163,0.9354690760374069,13,28
164,0.9230688661336899,12,28
165,0.9230688661336899,12,28
166,0.9230688661336899,12,28
167,0.9230688661336899,12,28
168,0.9230688661336899,12,28
169,0.9230688661336899,12,28
170,0.9230688661336899,12,28
171,0.9230688661336899,12,28
172,0.9230688661336899,12,28
173,0.9230688661336899,12,28
174,0.9230688661336899,12,28
175,0.9230688661336899,12,28
176,0.9230688661336899,12,28
177,0.9230688661336899,12,28
178,0.9230688661336899,12,28
179,0.9230688661336899,12,28
180,0.9230688661336899,12,28
181,0.9230688661336899,12,28
182,0.9230688661336899,12,28
183,0.9230688661336899,12,28
184,0.9597468785941601,14,28
185,0.9597468785941601,14,28
186,0.9597468785941601,14,28
187,0.9597468785941601,14,28
188,0.9597468785941601,14,28
189,0.9597468785941601,14,28
190,0.9597468785941601,14,28
191,0.9597468785941601,14,28
192,0.9597468785941601,14,28
193,0.9597468785941601,14,28
194,0.9597468785941601,14,28
195,0.9597468785941601,14,28
196,0.9597468785941601,14,28
197,0.9597468785941601,14,28
198,0.9597468785941601,14,28
199,0.9597468785941601,14,28
200,0.9597468785941601,14,28
1,0.0034470558166503906,1,29
2,0.003613710403442383,1,29
3,0.003613710403442383,1,29
4,0.0037192702293395996,1,29
5,0.005090773105621338,1,29
6,0.005090773105621338,1,29
7,0.006581425666809082,1,29
8,0.006581425666809082,1,29
9,0.006965279579162598,1,29
10,0.012026429176330566,1,29
11,0.012026429176330566,1,29
12,0.012026429176330566,1,29
13,0.012436091899871826,1,29
14,0.012436091899871826,1,29
15,0.012436091899871826,1,29
16,0.012436091899871826,1,29
17,0.013554513454437256,1,29
18,0.013554513454437256,1,29
19,0.014898300170898438,1,29
20,0.014898300170898438,1,29
21,0.014898300170898438,1,29
22,0.014898300170898438,1,29
23,0.014898300170898438,1,29
24,0.014898300170898438,1,29
25,0.014898300170898438,1,29
26,0.014898300170898438,1,29
27,0.014898300170898438,1,29
28,0.014898300170898438,1,29
29,0.014898300170898438,1,29
30,0.014898300170898438,1,29
31,0.014898300170898438,1,29
32,0.014898300170898438,1,29
33,0.014898300170898438,1,29
34,0.014898300170898438,1,29
35,0.014898300170898438,1,29
36,0.014898300170898438,1,29
37,0.014898300170898438,1,29
38,0.014898300170898438,1,29
39,0.014898300170898438,1,29
40,0.014898300170898438,1,29
41,0.014898300170898438,1,29
42,0.014898300170898438,1,29
43,0.014898300170898438,1,29
44,0.014898300170898438,1,29
45,0.014898300170898438,1,29
46,0.014898300170898438,1,29
47,0.014898300170898438,1,29
48,0.014898300170898438,1,29
49,0.014898300170898438,1,29
50,0.014898300170898438,1,29
51,0.014898300170898438,1,29
52,0.014898300170898438,1,29
53,0.014898300170898438,1,29
54,0.014898300170898438,1,29
55,0.014898300170898438,1,29
56,0.014898300170898438,1,29
57,0.014898300170898438,1,29
58,0.014898300170898438,1,29
59,0.0335688591003418,2,29
60,0.0335688591003418,2,29
61,0.0335688591003418,2,29
62,0.0335688591003418,2,29
63,0.0335688591003418,2,29
64,0.0335688591003418,2,29
65,0.0335688591003418,2,29
66,0.0335688591003418,2,29
67,0.0335688591003418,2,29
68,0.0335688591003418,2,29
69,0.0335688591003418,2,29
70,0.0335688591003418,2,29
71,0.0335688591003418,2,29
72,0.0335688591003418,2,29
73,0.0335688591003418,2,29
74,0.0335688591003418,2,29
75,0.0335688591003418,2,29
76,0.0335688591003418,2,29
77,0.052677810192108154,3,29
78,0.052677810192108154,3,29
79,0.052677810192108154,3,29
80,0.052677810192108154,3,29
81,0.052677810192108154,3,29
82,0.056394219398498535,3,29
83,0.056394219398498535,3,29
84,0.056394219398498535,3,29
85,0.056394219398498535,3,29
86,0.056394219398498535,3,29
87,0.056394219398498535,3,29
88,0.056394219398498535,3,29
89,0.056394219398498535,3,29
90,0.056394219398498535,3,29
91,0.09362691640853882,4,29
92,0.09362691640853882,4,29
93,0.09362691640853882,4,29
94,0.09362691640853882,4,29
95,0.09362691640853882,4,29
96,0.09362691640853882,4,29
97,0.09445434808731079,4,29
98,0.09445434808731079,4,29
99,0.09445434808731079,4,29
100,0.09666073322296143,4,29
101,0.09666073322296143,4,29
102,0.11470252275466919,5,29
103,0.11470252275466919,5,29
104,0.1151130199432373,4,29
105,0.1151130199432373,4,29
106,0.1151130199432373,4,29
107,0.1151130199432373,4,29
108,0.1151130199432373,4,29
109,0.16108238697052002,5,29
110,0.16108238697052002,5,29
111,0.16108238697052002,5,29
112,0.16108238697052002,5,29
113,0.16108238697052002,5,29
114,0.16108238697052002,5,29
115,0.1632401943206787,5,29
116,0.1632401943206787,5,29
117,0.1632401943206787,5,29
118,0.1882736086845398,6,29
119,0.21113717555999756,7,29
120,0.2116343379020691,7,29
121,0.20341581106185913,6,29
122,0.27508270740509033,10,29
123,0.22017914056777954,6,29
124,0.22017914056777954,6,29
125,0.23098540306091309,6,29
126,0.23098540306091309,6,29
127,0.2648906707763672,6,29
128,0.2648906707763672,6,29
129,0.35864633321762085,8,29
130,0.35864633321762085,8,29
131,0.35864633321762085,8,29
132,0.35864633321762085,8,29
133,0.35864633321762085,8,29
134,0.35864633321762085,8,29
135,0.35864633321762085,8,29
136,0.38035571575164795,8,29
137,0.38035571575164795,8,29
138,0.38035571575164795,8,29
139,0.5836761295795441,13,29
140,0.5836761295795441,13,29
141,0.5836761295795441,13,29
142,0.5836761295795441,13,29
143,0.5836761295795441,13,29
144,0.5836761295795441,13,29
145,0.6177686452865601,14,29
146,0.6449151337146759,12,29
147,0.6449151337146759,12,29
148,0.6449151337146759,12,29
149,0.6449151337146759,12,29
150,0.6449151337146759,12,29
151,0.6449151337146759,12,29
152,0.6449151337146759,12,29
153,0.6449151337146759,12,29
154,0.6449151337146759,12,29
155,0.6449151337146759,12,29
156,0.6848934292793274,13,29
157,0.6848934292793274,13,29
158,0.6848934292793274,13,29
159,0.6848934292793274,13,29
160,0.6848934292793274,13,29
161,0.6848934292793274,13,29
162,0.6848934292793274,13,29
163,0.7182126343250275,13,29
164,0.7182126343250275,13,29
165,0.7182126343250275,13,29
166,0.6986542642116547,10,29
167,0.6986542642116547,10,29
168,0.6986542642116547,10,29
169,0.6986542642116547,10,29
170,0.6986542642116547,10,29
171,0.6986542642116547,10,29
172,0.6986542642116547,10,29
173,0.6986542642116547,10,29
174,0.750997468829155,13,29
175,0.750997468829155,13,29
176,0.750997468829155,13,29
177,0.750997468829155,13,29
178,0.750997468829155,13,29
179,0.750997468829155,13,29
180,0.750997468829155,13,29
181,0.750997468829155,13,29
182,0.8443895876407623,15,29
183,0.8443895876407623,15,29
184,0.8443895876407623,15,29
185,0.8443895876407623,15,29
186,0.8443895876407623,15,29
187,0.8443895876407623,15,29
188,0.8443895876407623,15,29
189,0.8443895876407623,15,29
190,0.8443895876407623,15,29
191,0.8445703089237213,15,29
192,0.8445703089237213,15,29
193,0.8445703089237213,15,29
194,0.8445703089237213,15,29
195,0.8445703089237213,15,29
196,0.8681773543357849,15,29
197,0.8681773543357849,15,29
198,0.8681773543357849,15,29
199,0.8681773543357849,15,29
200,0.8837076798081398,15,29
1,3.5881996154785156e-05,1,30
2,3.5881996154785156e-05,1,30
3,3.5881996154785156e-05,1,30
4,3.5881996154785156e-05,1,30
5,3.5881996154785156e-05,1,30
6,4.1365623474121094e-05,1,30
7,4.1365623474121094e-05,1,30
8,4.76837158203125e-05,1,30
9,4.76837158203125e-05,1,30
10,4.76837158203125e-05,1,30
11,4.76837158203125e-05,1,30
12,5.328655242919922e-05,1,30
13,5.328655242919922e-05,1,30
14,5.817413330078125e-05,1,30
15,5.817413330078125e-05,1,30
16,7.796287536621094e-05,1,30
17,7.796287536621094e-05,1,30
18,7.855892181396484e-05,1,30
19,7.855892181396484e-05,1,30
20,7.855892181396484e-05,1,30
21,7.855892181396484e-05,1,30
22,7.927417755126953e-05,1,30
23,8.034706115722656e-05,1,30
24,8.094310760498047e-05,1,30
25,8.094310760498047e-05,1,30
26,8.094310760498047e-05,1,30
27,8.094310760498047e-05,1,30
28,8.094310760498047e-05,1,30
29,8.094310760498047e-05,1,30
30,8.094310760498047e-05,1,30
31,8.285045623779297e-05,1,30
32,8.285045623779297e-05,1,30
33,8.285045623779297e-05,1,30
34,8.285045623779297e-05,1,30
35,8.285045623779297e-05,1,30
36,8.285045623779297e-05,1,30
37,8.285045623779297e-05,1,30
38,8.285045623779297e-05,1,30
39,8.285045623779297e-05,1,30
40,8.285045623779297e-05,1,30
41,8.285045623779297e-05,1,30
42,8.285045623779297e-05,1,30
43,8.285045623779297e-05,1,30
44,8.285045623779297e-05,1,30
45,8.285045623779297e-05,1,30
46,8.285045623779297e-05,1,30
47,8.285045623779297e-05,1,30
48,8.285045623779297e-05,1,30
49,8.285045623779297e-05,1,30
50,8.285045623779297e-05,1,30
51,8.285045623779297e-05,1,30
52,8.285045623779297e-05,1,30
53,8.285045623779297e-05,1,30
54,8.285045623779297e-05,1,30
55,8.285045623779297e-05,1,30
56,8.285045623779297e-05,1,30
57,8.285045623779297e-05,1,30
58,8.285045623779297e-05,1,30
59,8.285045623779297e-05,1,30
60,8.285045623779297e-05,1,30
61,8.285045623779297e-05,1,30
62,8.285045623779297e-05,1,30
63,8.285045623779297e-05,1,30
64,8.285045623779297e-05,1,30
65,8.285045623779297e-05,1,30
66,8.285045623779297e-05,1,30
67,8.285045623779297e-05,1,30
68,8.285045623779297e-05,1,30
69,8.285045623779297e-05,1,30
70,8.285045623779297e-05,1,30
71,8.285045623779297e-05,1,30
72,8.285045623779297e-05,1,30
73,8.285045623779297e-05,1,30
74,8.285045623779297e-05,1,30
75,8.285045623779297e-05,1,30
76,8.285045623779297e-05,1,30
77,8.285045623779297e-05,1,30
78,8.285045623779297e-05,1,30
79,8.285045623779297e-05,1,30
80,8.285045623779297e-05,1,30
81,8.285045623779297e-05,1,30
82,8.285045623779297e-05,1,30
83,8.285045623779297e-05,1,30
84,8.285045623779297e-05,1,30
85,8.285045623779297e-05,1,30
86,8.285045623779297e-05,1,30
87,8.285045623779297e-05,1,30
88,8.285045623779297e-05,1,30
89,8.285045623779297e-05,1,30
90,8.285045623779297e-05,1,30
91,8.285045623779297e-05,1,30
92,8.285045623779297e-05,1,30
93,8.285045623779297e-05,1,30
94,8.285045623779297e-05,1,30
95,8.285045623779297e-05,1,30
96,8.285045623779297e-05,1,30
97,8.285045623779297e-05,1,30
98,8.285045623779297e-05,1,30
99,8.285045623779297e-05,1,30
100,8.285045623779297e-05,1,30
101,8.285045623779297e-05,1,30
102,8.285045623779297e-05,1,30
103,8.285045623779297e-05,1,30
104,8.285045623779297e-05,1,30
105,8.285045623779297e-05,1,30
106,8.285045623779297e-05,1,30
107,8.285045623779297e-05,1,30
108,8.285045623779297e-05,1,30
109,8.285045623779297e-05,1,30
110,8.285045623779297e-05,1,30
111,8.285045623779297e-05,1,30
112,8.285045623779297e-05,1,30
113,8.285045623779297e-05,1,30
114,8.285045623779297e-05,1,30
115,8.285045623779297e-05,1,30
116,8.285045623779297e-05,1,30
117,8.285045623779297e-05,1,30
118,8.285045623779297e-05,1,30
119,8.285045623779297e-05,1,30
120,8.285045623779297e-05,1,30
121,8.285045623779297e-05,1,30
122,8.285045623779297e-05,1,30
123,8.285045623779297e-05,1,30
124,8.285045623779297e-05,1,30
125,8.285045623779297e-05,1,30
126,8.285045623779297e-05,1,30
127,8.285045623779297e-05,1,30
128,8.285045623779297e-05,1,30
129,8.285045623779297e-05,1,30
130,8.285045623779297e-05,1,30
131,8.285045623779297e-05,1,30
132,8.285045623779297e-05,1,30
133,8.285045623779297e-05,1,30
134,8.285045623779297e-05,1,30
135,8.285045623779297e-05,1,30
136,8.285045623779297e-05,1,30
137,8.285045623779297e-05,1,30
138,8.285045623779297e-05,1,30
139,8.285045623779297e-05,1,30
140,8.285045623779297e-05,1,30
141,8.285045623779297e-05,1,30
142,8.285045623779297e-05,1,30
143,8.285045623779297e-05,1,30
144,8.285045623779297e-05,1,30
145,8.285045623779297e-05,1,30
146,8.285045623779297e-05,1,30
147,8.285045623779297e-05,1,30
148,8.285045623779297e-05,1,30
149,8.285045623779297e-05,1,30
150,8.285045623779297e-05,1,30
151,8.285045623779297e-05,1,30
152,8.285045623779297e-05,1,30
153,8.285045623779297e-05,1,30
154,8.285045623779297e-05,1,30
155,8.285045623779297e-05,1,30
156,8.285045623779297e-05,1,30
157,8.285045623779297e-05,1,30
158,8.285045623779297e-05,1,30
159,8.285045623779297e-05,1,30
160,8.285045623779297e-05,1,30
161,8.285045623779297e-05,1,30
162,8.285045623779297e-05,1,30
163,8.285045623779297e-05,1,30
164,8.285045623779297e-05,1,30
165,8.285045623779297e-05,1,30
166,8.285045623779297e-05,1,30
167,8.285045623779297e-05,1,30
168,8.285045623779297e-05,1,30
169,8.285045623779297e-05,1,30
170,8.285045623779297e-05,1,30
171,8.285045623779297e-05,1,30
172,8.285045623779297e-05,1,30
173,8.285045623779297e-05,1,30
174,8.285045623779297e-05,1,30
175,8.285045623779297e-05,1,30
176,8.285045623779297e-05,1,30
177,8.285045623779297e-05,1,30
178,8.285045623779297e-05,1,30
179,8.285045623779297e-05,1,30
180,8.285045623779297e-05,1,30
181,8.285045623779297e-05,1,30
182,8.285045623779297e-05,1,30
183,8.285045623779297e-05,1,30
184,8.285045623779297e-05,1,30
185,8.285045623779297e-05,1,30
186,8.285045623779297e-05,1,30
187,8.285045623779297e-05,1,30
188,8.285045623779297e-05,1,30
189,8.285045623779297e-05,1,30
190,8.285045623779297e-05,1,30
191,8.285045623779297e-05,1,30
192,8.285045623779297e-05,1,30
193,8.285045623779297e-05,1,30
194,8.285045623779297e-05,1,30
195,8.285045623779297e-05,1,30
196,8.285045623779297e-05,1,30
197,8.285045623779297e-05,1,30
198,8.285045623779297e-05,1,30
199,8.285045623779297e-05,1,30
200,8.285045623779297e-05,1,30
1,8.940696716308594e-06,1,31
2,8.940696716308594e-06,1,31
3,9.298324584960938e-06,1,31
4,9.298324584960938e-06,1,31
5,9.298324584960938e-06,1,31
6,9.298324584960938e-06,1,31
7,1.1920928955078125e-05,1,31
8,1.1920928955078125e-05,1,31
9,1.1920928955078125e-05,1,31
10,1.1920928955078125e-05,1,31
11,1.5139579772949219e-05,1,31
12,1.5616416931152344e-05,1,31
13,1.5616416931152344e-05,1,31
14,1.8835067749023438e-05,1,31
15,1.8835067749023438e-05,1,31
16,1.8835067749023438e-05,1,31
17,1.8835067749023438e-05,1,31
18,1.8835067749023438e-05,1,31
19,1.8835067749023438e-05,1,31
20,1.8835067749023438e-05,1,31
21,1.8835067749023438e-05,1,31
22,1.8835067749023438e-05,1,31
23,1.8835067749023438e-05,1,31
24,1.8835067749023438e-05,1,31
25,1.8835067749023438e-05,1,31
26,1.8835067749023438e-05,1,31
27,1.8835067749023438e-05,1,31
28,1.8835067749023438e-05,1,31
29,2.2172927856445312e-05,1,31
30,2.2172927856445312e-05,1,31
31,2.2172927856445312e-05,1,31
32,2.2172927856445312e-05,1,31
33,2.2172927856445312e-05,1,31
34,2.2172927856445312e-05,1,31
35,2.2172927856445312e-05,1,31
36,2.2172927856445312e-05,1,31
37,2.2172927856445312e-05,1,31
38,2.2172927856445312e-05,1,31
39,2.2172927856445312e-05,1,31
40,2.2172927856445312e-05,1,31
41,2.2172927856445312e-05,1,31
42,2.2172927856445312e-05,1,31
43,2.2172927856445312e-05,1,31
44,2.2172927856445312e-05,1,31
45,2.2172927856445312e-05,1,31
46,2.2172927856445312e-05,1,31
47,2.2172927856445312e-05,1,31
48,2.2172927856445312e-05,1,31
49,2.2172927856445312e-05,1,31
50,2.2172927856445312e-05,1,31
51,2.2172927856445312e-05,1,31
52,2.2172927856445312e-05,1,31
53,2.2172927856445312e-05,1,31
54,2.2172927856445312e-05,1,31
55,2.2172927856445312e-05,1,31
56,2.2172927856445312e-05,1,31
57,2.2172927856445312e-05,1,31
58,2.2172927856445312e-05,1,31
59,2.2172927856445312e-05,1,31
60,2.2172927856445312e-05,1,31
61,2.2172927856445312e-05,1,31
62,2.2172927856445312e-05,1,31
63,2.2172927856445312e-05,1,31
64,2.2172927856445312e-05,1,31
65,2.2172927856445312e-05,1,31
66,2.2172927856445312e-05,1,31
67,2.2172927856445312e-05,1,31
68,2.2172927856445312e-05,1,31
69,2.2172927856445312e-05,1,31
70,2.2172927856445312e-05,1,31
71,2.2172927856445312e-05,1,31
72,2.2172927856445312e-05,1,31
73,2.2172927856445312e-05,1,31
74,2.2172927856445312e-05,1,31
75,2.2172927856445312e-05,1,31
76,2.2172927856445312e-05,1,31
77,2.2172927856445312e-05,1,31
78,2.2172927856445312e-05,1,31
79,2.2172927856445312e-05,1,31
80,2.2172927856445312e-05,1,31
81,2.2172927856445312e-05,1,31
82,2.2172927856445312e-05,1,31
83,2.2172927856445312e-05,1,31
84,2.2172927856445312e-05,1,31
85,2.2172927856445312e-05,1,31
86,2.2172927856445312e-05,1,31
87,2.2172927856445312e-05,1,31
88,2.2172927856445312e-05,1,31
89,2.2172927856445312e-05,1,31
90,2.2172927856445312e-05,1,31
91,2.2172927856445312e-05,1,31
92,2.2172927856445312e-05,1,31
93,2.2172927856445312e-05,1,31
94,2.2172927856445312e-05,1,31
95,2.2172927856445312e-05,1,31
96,2.2172927856445312e-05,1,31
97,2.2172927856445312e-05,1,31
98,2.2172927856445312e-05,1,31
99,2.2172927856445312e-05,1,31
100,2.2172927856445312e-05,1,31
101,2.2172927856445312e-05,1,31
102,2.2172927856445312e-05,1,31
103,2.2172927856445312e-05,1,31
104,2.2172927856445312e-05,1,31
105,2.2172927856445312e-05,1,31
106,2.2172927856445312e-05,1,31
107,2.2172927856445312e-05,1,31
108,2.2172927856445312e-05,1,31
109,2.2172927856445312e-05,1,31
110,2.2172927856445312e-05,1,31
111,2.2172927856445312e-05,1,31
112,2.2172927856445312e-05,1,31
113,2.2172927856445312e-05,1,31
114,2.2172927856445312e-05,1,31
115,2.2172927856445312e-05,1,31
116,2.2172927856445312e-05,1,31
117,2.2172927856445312e-05,1,31
118,2.2172927856445312e-05,1,31
119,2.2172927856445312e-05,1,31
120,2.2172927856445312e-05,1,31
121,2.2172927856445312e-05,1,31
122,2.2172927856445312e-05,1,31
123,2.2172927856445312e-05,1,31
124,2.2172927856445312e-05,1,31
125,2.2172927856445312e-05,1,31
126,2.2172927856445312e-05,1,31
127,2.2172927856445312e-05,1,31
128,2.2172927856445312e-05,1,31
129,2.2172927856445312e-05,1,31
130,2.2172927856445312e-05,1,31
131,2.2172927856445312e-05,1,31
132,2.2172927856445312e-05,1,31
133,2.2172927856445312e-05,1,31
134,2.2172927856445312e-05,1,31
135,2.2172927856445312e-05,1,31
136,2.2172927856445312e-05,1,31
137,2.2172927856445312e-05,1,31
138,2.2172927856445312e-05,1,31
139,2.2172927856445312e-05,1,31
140,2.2172927856445312e-05,1,31
141,2.2172927856445312e-05,1,31
142,2.2172927856445312e-05,1,31
143,2.2172927856445312e-05,1,31
144,2.2172927856445312e-05,1,31
145,2.2172927856445312e-05,1,31
146,2.2172927856445312e-05,1,31
147,2.2172927856445312e-05,1,31
148,2.2172927856445312e-05,1,31
149,2.2172927856445312e-05,1,31
150,2.2172927856445312e-05,1,31
151,2.2172927856445312e-05,1,31
152,2.2172927856445312e-05,1,31
153,2.2172927856445312e-05,1,31
154,2.2172927856445312e-05,1,31
155,2.2172927856445312e-05,1,31
156,2.2172927856445312e-05,1,31
157,2.2172927856445312e-05,1,31
158,2.2172927856445312e-05,1,31
159,2.2172927856445312e-05,1,31
160,2.2172927856445312e-05,1,31
161,2.2172927856445312e-05,1,31
162,2.2172927856445312e-05,1,31
163,2.2172927856445312e-05,1,31
164,2.2172927856445312e-05,1,31
165,2.2172927856445312e-05,1,31
166,2.2172927856445312e-05,1,31
167,2.2172927856445312e-05,1,31
168,2.2172927856445312e-05,1,31
169,2.2172927856445312e-05,1,31
170,2.2172927856445312e-05,1,31
171,2.2172927856445312e-05,1,31
172,2.2172927856445312e-05,1,31
173,2.2172927856445312e-05,1,31
174,2.2172927856445312e-05,1,31
175,2.2172927856445312e-05,1,31
176,2.2172927856445312e-05,1,31
177,2.2172927856445312e-05,1,31
178,2.2172927856445312e-05,1,31
179,2.2172927856445312e-05,1,31
180,2.2172927856445312e-05,1,31
181,2.2172927856445312e-05,1,31
182,2.2172927856445312e-05,1,31
183,2.2172927856445312e-05,1,31
184,2.2172927856445312e-05,1,31
185,2.2172927856445312e-05,1,31
186,2.2172927856445312e-05,1,31
187,2.2172927856445312e-05,1,31
188,2.2172927856445312e-05,1,31
189,2.2172927856445312e-05,1,31
190,2.2172927856445312e-05,1,31
191,2.2172927856445312e-05,1,31
192,2.2172927856445312e-05,1,31
193,2.2172927856445312e-05,1,31
194,2.2172927856445312e-05,1,31
195,2.2172927856445312e-05,1,31
196,2.2172927856445312e-05,1,31
197,2.2172927856445312e-05,1,31
198,2.2172927856445312e-05,1,31
199,2.2172927856445312e-05,1,31
200,2.2172927856445312e-05,1,31
1,5.4836273193359375e-06,1,32
2,5.4836273193359375e-06,1,32
3,5.602836608886719e-06,1,32
4,5.602836608886719e-06,1,32
5,5.9604644775390625e-06,1,32
6,5.9604644775390625e-06,1,32
7,6.198883056640625e-06,1,32
8,6.198883056640625e-06,1,32
9,7.271766662597656e-06,1,32
10,7.271766662597656e-06,1,32
11,7.271766662597656e-06,1,32
12,7.271766662597656e-06,1,32
13,7.62939453125e-06,1,32
14,7.748603820800781e-06,1,32
15,7.748603820800781e-06,1,32
16,7.748603820800781e-06,1,32
17,1.1086463928222656e-05,1,32
18,1.1086463928222656e-05,1,32
19,1.1086463928222656e-05,1,32
20,1.1086463928222656e-05,1,32
21,1.1086463928222656e-05,1,32
22,1.1086463928222656e-05,1,32
23,1.1086463928222656e-05,1,32
24,1.1086463928222656e-05,1,32
25,1.1086463928222656e-05,1,32
26,1.1086463928222656e-05,1,32
27,1.1086463928222656e-05,1,32
28,1.1086463928222656e-05,1,32
29,1.1086463928222656e-05,1,32
30,1.1086463928222656e-05,1,32
31,1.1086463928222656e-05,1,32
32,1.1086463928222656e-05,1,32
33,1.1086463928222656e-05,1,32
34,1.1086463928222656e-05,1,32
35,1.1086463928222656e-05,1,32
36,1.1086463928222656e-05,1,32
37,1.1086463928222656e-05,1,32
38,1.1086463928222656e-05,1,32
39,1.1086463928222656e-05,1,32
40,1.1086463928222656e-05,1,32
41,1.1086463928222656e-05,1,32
42,1.1086463928222656e-05,1,32
43,1.1086463928222656e-05,1,32
44,1.1086463928222656e-05,1,32
45,1.1086463928222656e-05,1,32
46,1.1086463928222656e-05,1,32
47,1.1086463928222656e-05,1,32
48,1.1086463928222656e-05,1,32
49,1.1086463928222656e-05,1,32
50,1.1086463928222656e-05,1,32
51,1.1086463928222656e-05,1,32
52,1.1086463928222656e-05,1,32
53,1.1086463928222656e-05,1,32
54,1.1086463928222656e-05,1,32
55,1.1086463928222656e-05,1,32
56,1.1086463928222656e-05,1,32
57,1.1086463928222656e-05,1,32
58,1.1086463928222656e-05,1,32
59,1.1086463928222656e-05,1,32
60,1.1086463928222656e-05,1,32
61,1.1086463928222656e-05,1,32
62,1.1086463928222656e-05,1,32
63,1.1086463928222656e-05,1,32
64,1.1086463928222656e-05,1,32
65,1.1086463928222656e-05,1,32
66,1.1086463928222656e-05,1,32
67,1.1086463928222656e-05,1,32
68,1.1086463928222656e-05,1,32
69,1.1086463928222656e-05,1,32
70,1.1086463928222656e-05,1,32
71,1.1086463928222656e-05,1,32
72,1.1086463928222656e-05,1,32
73,1.1086463928222656e-05,1,32
74,1.1086463928222656e-05,1,32
75,1.1086463928222656e-05,1,32
76,1.1086463928222656e-05,1,32
77,1.1086463928222656e-05,1,32
78,1.1086463928222656e-05,1,32
79,1.1086463928222656e-05,1,32
80,1.1086463928222656e-05,1,32
81,1.1086463928222656e-05,1,32
82,1.1086463928222656e-05,1,32
83,1.1086463928222656e-05,1,32
84,1.1086463928222656e-05,1,32
85,1.1086463928222656e-05,1,32
86,1.1086463928222656e-05,1,32
87,1.1086463928222656e-05,1,32
88,1.1086463928222656e-05,1,32
89,1.1086463928222656e-05,1,32
90,1.1086463928222656e-05,1,32
91,1.1086463928222656e-05,1,32
92,1.1086463928222656e-05,1,32
93,1.1086463928222656e-05,1,32
94,1.1086463928222656e-05,1,32
95,1.1086463928222656e-05,1,32
96,1.1086463928222656e-05,1,32
97,1.1086463928222656e-05,1,32
98,1.1086463928222656e-05,1,32
99,1.1086463928222656e-05,1,32
100,1.1086463928222656e-05,1,32
101,1.1086463928222656e-05,1,32
102,1.1086463928222656e-05,1,32
103,1.1086463928222656e-05,1,32
104,1.1086463928222656e-05,1,32
105,1.1086463928222656e-05,1,32
106,1.1086463928222656e-05,1,32
107,1.1086463928222656e-05,1,32
108,1.1086463928222656e-05,1,32
109,1.1086463928222656e-05,1,32
110,1.1086463928222656e-05,1,32
111,1.1086463928222656e-05,1,32
112,1.1086463928222656e-05,1,32
113,1.1086463928222656e-05,1,32
114,1.1086463928222656e-05,1,32
115,1.1086463928222656e-05,1,32
116,1.1086463928222656e-05,1,32
117,1.1086463928222656e-05,1,32
118,1.1086463928222656e-05,1,32
119,1.1086463928222656e-05,1,32
120,1.1086463928222656e-05,1,32
121,1.1086463928222656e-05,1,32
122,1.1086463928222656e-05,1,32
123,1.1086463928222656e-05,1,32
124,1.1086463928222656e-05,1,32
125,1.1086463928222656e-05,1,32
126,1.1086463928222656e-05,1,32
127,1.1086463928222656e-05,1,32
128,1.1086463928222656e-05,1,32
129,1.1086463928222656e-05,1,32
130,1.1086463928222656e-05,1,32
131,1.1086463928222656e-05,1,32
132,1.1086463928222656e-05,1,32
133,1.1086463928222656e-05,1,32
134,1.1086463928222656e-05,1,32
135,1.1086463928222656e-05,1,32
136,1.1086463928222656e-05,1,32
137,1.1086463928222656e-05,1,32
138,1.1086463928222656e-05,1,32
139,1.1086463928222656e-05,1,32
140,1.1086463928222656e-05,1,32
141,1.1086463928222656e-05,1,32
142,1.1086463928222656e-05,1,32
143,1.1086463928222656e-05,1,32
144,1.1086463928222656e-05,1,32
145,1.1086463928222656e-05,1,32
146,1.1086463928222656e-05,1,32
147,1.1086463928222656e-05,1,32
148,1.1086463928222656e-05,1,32
149,1.1086463928222656e-05,1,32
150,1.1086463928222656e-05,1,32
151,1.1086463928222656e-05,1,32
152,1.1086463928222656e-05,1,32
153,1.1086463928222656e-05,1,32
154,1.1086463928222656e-05,1,32
155,1.1086463928222656e-05,1,32
156,1.1086463928222656e-05,1,32
157,1.1086463928222656e-05,1,32
158,1.1086463928222656e-05,1,32
159,1.1086463928222656e-05,1,32
160,1.1086463928222656e-05,1,32
161,1.1086463928222656e-05,1,32
162,1.1086463928222656e-05,1,32
163,1.1086463928222656e-05,1,32
164,1.1086463928222656e-05,1,32
165,1.1086463928222656e-05,1,32
166,1.1086463928222656e-05,1,32
167,1.1086463928222656e-05,1,32
168,1.1086463928222656e-05,1,32
169,1.1086463928222656e-05,1,32
170,1.1086463928222656e-05,1,32
171,1.1086463928222656e-05,1,32
172,1.1086463928222656e-05,1,32
173,1.1086463928222656e-05,1,32
174,1.1086463928222656e-05,1,32
175,1.1086463928222656e-05,1,32
176,1.1086463928222656e-05,1,32
177,1.1086463928222656e-05,1,32
178,1.1086463928222656e-05,1,32
179,1.1086463928222656e-05,1,32
180,1.1086463928222656e-05,1,32
181,1.1086463928222656e-05,1,32
182,1.1086463928222656e-05,1,32
183,1.1086463928222656e-05,1,32
184,1.1086463928222656e-05,1,32
185,1.1086463928222656e-05,1,32
186,1.1086463928222656e-05,1,32
187,1.1086463928222656e-05,1,32
188,1.1086463928222656e-05,1,32
189,1.1086463928222656e-05,1,32
190,1.1086463928222656e-05,1,32
191,1.1086463928222656e-05,1,32
192,1.1086463928222656e-05,1,32
193,1.1086463928222656e-05,1,32
194,1.1086463928222656e-05,1,32
195,1.1086463928222656e-05,1,32
196,1.1086463928222656e-05,1,32
197,1.1086463928222656e-05,1,32
198,1.1086463928222656e-05,1,32
199,1.1086463928222656e-05,1,32
200,1.1086463928222656e-05,1,32
1,1.6689300537109375e-05,1,33
2,1.6689300537109375e-05,1,33
3,1.6689300537109375e-05,1,33
4,1.704692840576172e-05,1,33
5,1.8358230590820312e-05,1,33
6,1.8358230590820312e-05,1,33
7,1.8358230590820312e-05,1,33
8,2.6345252990722656e-05,1,33
9,2.6345252990722656e-05,1,33
10,2.6345252990722656e-05,1,33
11,3.4332275390625e-05,1,33
12,3.4332275390625e-05,1,33
13,3.4332275390625e-05,1,33
14,3.4332275390625e-05,1,33
15,3.4332275390625e-05,1,33
16,3.516674041748047e-05,1,33
17,3.516674041748047e-05,1,33
18,3.731250762939453e-05,1,33
19,3.731250762939453e-05,1,33
20,4.3392181396484375e-05,1,33
21,5.3048133850097656e-05,1,33
22,5.3048133850097656e-05,1,33
23,5.3048133850097656e-05,1,33
24,5.3048133850097656e-05,1,33
25,5.3048133850097656e-05,1,33
26,5.3048133850097656e-05,1,33
27,5.3048133850097656e-05,1,33
28,5.3048133850097656e-05,1,33
29,5.3048133850097656e-05,1,33
30,5.3048133850097656e-05,1,33
31,5.3048133850097656e-05,1,33
32,5.3048133850097656e-05,1,33
33,5.3048133850097656e-05,1,33
34,5.3048133850097656e-05,1,33
35,5.3048133850097656e-05,1,33
36,5.3048133850097656e-05,1,33
37,5.3048133850097656e-05,1,33
38,5.3048133850097656e-05,1,33
39,5.3048133850097656e-05,1,33
40,5.3048133850097656e-05,1,33
41,5.3048133850097656e-05,1,33
42,5.3048133850097656e-05,1,33
43,5.3048133850097656e-05,1,33
44,5.3048133850097656e-05,1,33
45,5.3048133850097656e-05,1,33
46,5.3048133850097656e-05,1,33
47,5.3048133850097656e-05,1,33
48,5.3048133850097656e-05,1,33
49,5.3048133850097656e-05,1,33
50,5.3048133850097656e-05,1,33
51,5.3048133850097656e-05,1,33
52,5.3048133850097656e-05,1,33
53,5.3048133850097656e-05,1,33
54,5.3048133850097656e-05,1,33
55,5.3048133850097656e-05,1,33
56,5.3048133850097656e-05,1,33
57,5.3048133850097656e-05,1,33
58,5.3048133850097656e-05,1,33
59,5.3048133850097656e-05,1,33
60,5.3048133850097656e-05,1,33
61,5.3048133850097656e-05,1,33
62,5.3048133850097656e-05,1,33
63,5.3048133850097656e-05,1,33
64,5.3048133850097656e-05,1,33
65,5.3048133850097656e-05,1,33
66,5.3048133850097656e-05,1,33
67,5.3048133850097656e-05,1,33
68,5.3048133850097656e-05,1,33
69,5.3048133850097656e-05,1,33
70,5.3048133850097656e-05,1,33
71,5.3048133850097656e-05,1,33
72,5.3048133850097656e-05,1,33
73,5.3048133850097656e-05,1,33
74,5.3048133850097656e-05,1,33
75,5.3048133850097656e-05,1,33
76,5.3048133850097656e-05,1,33
77,5.3048133850097656e-05,1,33
78,5.3048133850097656e-05,1,33
79,5.3048133850097656e-05,1,33
80,5.3048133850097656e-05,1,33
81,5.3048133850097656e-05,1,33
82,5.3048133850097656e-05,1,33
83,5.3048133850097656e-05,1,33
84,5.3048133850097656e-05,1,33
85,5.3048133850097656e-05,1,33
86,5.3048133850097656e-05,1,33
87,5.3048133850097656e-05,1,33
88,5.3048133850097656e-05,1,33
89,5.3048133850097656e-05,1,33
90,5.3048133850097656e-05,1,33
91,5.3048133850097656e-05,1,33
92,5.3048133850097656e-05,1,33
93,5.3048133850097656e-05,1,33
94,5.3048133850097656e-05,1,33
95,5.3048133850097656e-05,1,33
96,5.3048133850097656e-05,1,33
97,5.3048133850097656e-05,1,33
98,5.3048133850097656e-05,1,33
99,5.3048133850097656e-05,1,33
100,5.3048133850097656e-05,1,33
101,5.3048133850097656e-05,1,33
102,5.3048133850097656e-05,1,33
103,5.3048133850097656e-05,1,33
104,5.3048133850097656e-05,1,33
105,5.3048133850097656e-05,1,33
106,5.3048133850097656e-05,1,33
107,5.3048133850097656e-05,1,33
108,5.3048133850097656e-05,1,33
109,5.3048133850097656e-05,1,33
110,5.3048133850097656e-05,1,33
111,5.3048133850097656e-05,1,33
112,5.3048133850097656e-05,1,33
113,5.3048133850097656e-05,1,33
114,5.3048133850097656e-05,1,33
115,5.3048133850097656e-05,1,33
116,5.3048133850097656e-05,1,33
117,5.3048133850097656e-05,1,33
118,5.3048133850097656e-05,1,33
119,5.3048133850097656e-05,1,33
120,5.3048133850097656e-05,1,33
121,5.3048133850097656e-05,1,33
122,5.3048133850097656e-05,1,33
123,5.3048133850097656e-05,1,33
124,5.3048133850097656e-05,1,33
125,5.3048133850097656e-05,1,33
126,5.3048133850097656e-05,1,33
127,5.3048133850097656e-05,1,33
128,5.3048133850097656e-05,1,33
129,5.3048133850097656e-05,1,33
130,5.3048133850097656e-05,1,33
131,5.3048133850097656e-05,1,33
132,5.3048133850097656e-05,1,33
133,5.3048133850097656e-05,1,33
134,5.3048133850097656e-05,1,33
135,5.3048133850097656e-05,1,33
136,5.3048133850097656e-05,1,33
137,5.3048133850097656e-05,1,33
138,5.3048133850097656e-05,1,33
139,5.3048133850097656e-05,1,33
140,5.3048133850097656e-05,1,33
141,5.3048133850097656e-05,1,33
142,5.3048133850097656e-05,1,33
143,5.3048133850097656e-05,1,33
144,5.3048133850097656e-05,1,33
145,5.3048133850097656e-05,1,33
146,5.3048133850097656e-05,1,33
147,5.3048133850097656e-05,1,33
148,5.3048133850097656e-05,1,33
149,5.3048133850097656e-05,1,33
150,5.3048133850097656e-05,1,33
151,5.3048133850097656e-05,1,33
152,5.3048133850097656e-05,1,33
153,5.3048133850097656e-05,1,33
154,5.3048133850097656e-05,1,33
155,5.3048133850097656e-05,1,33
156,5.3048133850097656e-05,1,33
157,5.3048133850097656e-05,1,33
158,5.3048133850097656e-05,1,33
159,5.3048133850097656e-05,1,33
160,5.3048133850097656e-05,1,33
161,5.3048133850097656e-05,1,33
162,5.3048133850097656e-05,1,33
163,5.3048133850097656e-05,1,33
164,5.3048133850097656e-05,1,33
165,5.3048133850097656e-05,1,33
166,5.3048133850097656e-05,1,33
167,5.3048133850097656e-05,1,33
168,5.3048133850097656e-05,1,33
169,5.3048133850097656e-05,1,33
170,5.3048133850097656e-05,1,33
171,5.3048133850097656e-05,1,33
172,5.3048133850097656e-05,1,33
173,5.3048133850097656e-05,1,33
174,5.3048133850097656e-05,1,33
175,5.3048133850097656e-05,1,33
176,5.3048133850097656e-05,1,33
177,5.3048133850097656e-05,1,33
178,5.3048133850097656e-05,1,33
179,5.3048133850097656e-05,1,33
180,5.3048133850097656e-05,1,33
181,5.3048133850097656e-05,1,33
182,5.3048133850097656e-05,1,33
183,5.3048133850097656e-05,1,33
184,5.3048133850097656e-05,1,33
185,5.3048133850097656e-05,1,33
186,5.3048133850097656e-05,1,33
187,5.3048133850097656e-05,1,33
188,5.3048133850097656e-05,1,33
189,5.3048133850097656e-05,1,33
190,5.3048133850097656e-05,1,33
191,5.3048133850097656e-05,1,33
192,5.3048133850097656e-05,1,33
193,5.3048133850097656e-05,1,33
194,5.3048133850097656e-05,1,33
195,5.3048133850097656e-05,1,33
196,5.3048133850097656e-05,1,33
197,5.3048133850097656e-05,1,33
198,5.3048133850097656e-05,1,33
199,5.3048133850097656e-05,1,33
200,5.3048133850097656e-05,1,33
1,0.018381178379058838,1,34
2,0.018381178379058838,1,34
3,0.01890939474105835,1,34
4,0.01890939474105835,1,34
5,0.01890939474105835,1,34
6,0.01890939474105835,1,34
7,0.022536754608154297,1,34
8,0.022536754608154297,1,34
9,0.022536754608154297,1,34
10,0.022536754608154297,1,34
11,0.022536754608154297,1,34
12,0.022536754608154297,1,34
13,0.023885011672973633,1,34
14,0.03922712802886963,1,34
15,0.03922712802886963,1,34
16,0.03922712802886963,1,34
17,0.03922712802886963,1,34
18,0.03922712802886963,1,34
19,0.03922712802886963,1,34
20,0.03922712802886963,1,34
21,0.03922712802886963,1,34
22,0.03922712802886963,1,34
23,0.03922712802886963,1,34
24,0.03922712802886963,1,34
25,0.03922712802886963,1,34
26,0.03922712802886963,1,34
27,0.03922712802886963,1,34
28,0.03922712802886963,1,34
29,0.03922712802886963,1,34
30,0.03922712802886963,1,34
31,0.03922712802886963,1,34
32,0.03922712802886963,1,34
33,0.03922712802886963,1,34
34,0.03922712802886963,1,34
35,0.03922712802886963,1,34
36,0.03922712802886963,1,34
37,0.03922712802886963,1,34
38,0.03922712802886963,1,34
39,0.03922712802886963,1,34
40,0.03922712802886963,1,34
41,0.03922712802886963,1,34
42,0.03922712802886963,1,34
43,0.03922712802886963,1,34
44,0.03922712802886963,1,34
45,0.03922712802886963,1,34
46,0.06944489479064941,2,34
47,0.06944489479064941,2,34
48,0.06944489479064941,2,34
49,0.06944489479064941,2,34
50,0.06944489479064941,2,34
51,0.06944489479064941,2,34
52,0.10961902141571045,2,34
53,0.10961902141571045,2,34
54,0.10961902141571045,2,34
55,0.10961902141571045,2,34
56,0.10961902141571045,2,34
57,0.10961902141571045,2,34
58,0.10961902141571045,2,34
59,0.10961902141571045,2,34
60,0.10961902141571045,2,34
61,0.10961902141571045,2,34
62,0.10961902141571045,2,34
63,0.11066049337387085,2,34
64,0.1141136884689331,2,34
65,0.1141136884689331,2,34
66,0.1141136884689331,2,34
67,0.1141136884689331,2,34
68,0.1141136884689331,2,34
69,0.1141136884689331,2,34
70,0.1141136884689331,2,34
71,0.1141136884689331,2,34
72,0.1141136884689331,2,34
73,0.1141136884689331,2,34
74,0.14432936906814575,3,34
75,0.14432936906814575,3,34
76,0.23393988609313965,4,34
77,0.23393988609313965,4,34
78,0.2274237871170044,3,34
79,0.2274237871170044,3,34
80,0.2274237871170044,3,34
81,0.2274237871170044,3,34
82,0.2274237871170044,3,34
83,0.24510294198989868,4,34
84,0.24510294198989868,4,34
85,0.24510294198989868,4,34
86,0.24510294198989868,4,34
87,0.24510294198989868,4,34
88,0.23867005109786987,3,34
89,0.3496659994125366,5,34
90,0.3496659994125366,5,34
91,0.3496659994125366,5,34
92,0.3496659994125366,5,34
93,0.3496659994125366,5,34
94,0.3561479449272156,5,34
95,0.3727561831474304,5,34
96,0.4487248659133911,6,34
97,0.4487248659133911,6,34
98,0.4487248659133911,6,34
99,0.4487248659133911,6,34
100,0.4487248659133911,6,34
101,0.4487248659133911,6,34
102,0.4487248659133911,6,34
103,0.575310081243515,9,34
104,0.575310081243515,9,34
105,0.585739403963089,8,34
106,0.585739403963089,8,34
107,0.6602817475795746,8,34
108,0.6602817475795746,8,34
109,0.6602817475795746,8,34
110,0.6602817475795746,8,34
111,0.6602817475795746,8,34
112,0.6602817475795746,8,34
113,0.6602817475795746,8,34
114,0.6602817475795746,8,34
115,0.6602817475795746,8,34
116,0.6602817475795746,8,34
117,0.6602817475795746,8,34
118,0.6602817475795746,8,34
119,0.6602817475795746,8,34
120,0.6602817475795746,8,34
121,0.6602817475795746,8,34
122,0.6602817475795746,8,34
123,0.6602817475795746,8,34
124,0.674363374710083,7,34
125,0.787151649594307,12,34
126,0.787151649594307,12,34
127,0.787151649594307,12,34
128,0.787151649594307,12,34
129,0.787151649594307,12,34
130,0.787151649594307,12,34
131,0.787151649594307,12,34
132,0.787151649594307,12,34
133,0.787151649594307,12,34
134,0.787151649594307,12,34
135,0.787151649594307,12,34
136,0.787151649594307,12,34
137,0.787151649594307,12,34
138,0.787151649594307,12,34
139,0.787151649594307,12,34
140,0.7809896022081375,10,34
141,0.7809896022081375,10,34
142,0.7809896022081375,10,34
143,0.7809896022081375,10,34
144,0.7809896022081375,10,34
145,0.7809896022081375,10,34
146,0.7809896022081375,10,34
147,0.7809896022081375,10,34
148,0.8547612130641937,14,34
149,0.8547612130641937,14,34
150,0.8547612130641937,14,34
151,0.8547612130641937,14,34
152,0.8547612130641937,14,34
153,0.8547612130641937,14,34
154,0.8547612130641937,14,34
155,0.8514571338891983,12,34
156,0.8514571338891983,12,34
157,0.8514571338891983,12,34
158,0.8514571338891983,12,34
159,0.8514571338891983,12,34
160,0.8514571338891983,12,34
161,0.8421483188867569,11,34
162,0.8421483188867569,11,34
163,0.8421483188867569,11,34
164,0.8421483188867569,11,34
165,0.8421483188867569,11,34
166,0.8666136413812637,11,34
167,0.9002808332443237,12,34
168,0.9002808332443237,12,34
169,0.9148182049393654,11,34
170,0.9148182049393654,11,34
171,0.9148182049393654,11,34
172,0.9148182049393654,11,34
173,0.9148182049393654,11,34
174,0.9148182049393654,11,34
175,0.9148182049393654,11,34
176,0.9148182049393654,11,34
177,0.9148182049393654,11,34
178,0.9148182049393654,11,34
179,0.9148182049393654,11,34
180,0.9148182049393654,11,34
181,0.9148182049393654,11,34
182,0.9148182049393654,11,34
183,0.9148182049393654,11,34
184,0.9148182049393654,11,34
185,0.9148182049393654,11,34
186,0.9148182049393654,11,34
187,0.9148182049393654,11,34
188,0.9148182049393654,11,34
189,0.9148182049393654,11,34
190,0.9148182049393654,11,34
191,0.9148182049393654,11,34
192,0.9148182049393654,11,34
193,0.9148182049393654,11,34
194,0.9148182049393654,11,34
195,0.9148182049393654,11,34
196,0.9304452762007713,11,34
197,0.9304452762007713,11,34
198,0.9304452762007713,11,34
199,0.9304452762007713,11,34
200,0.9304452762007713,11,34
1,2.2411346435546875e-05,1,35
2,2.2530555725097656e-05,1,35
3,2.3126602172851562e-05,1,35
4,2.6702880859375e-05,1,35
5,2.6702880859375e-05,1,35
6,2.6702880859375e-05,1,35
7,2.9206275939941406e-05,1,35
8,2.9206275939941406e-05,1,35
9,2.9206275939941406e-05,1,35
10,3.159046173095703e-05,1,35
11,3.2067298889160156e-05,1,35
12,3.2067298889160156e-05,1,35
13,3.8743019104003906e-05,1,35
14,3.8743019104003906e-05,1,35
15,3.8743019104003906e-05,1,35
16,3.8743019104003906e-05,1,35
17,3.8743019104003906e-05,1,35
18,3.8743019104003906e-05,1,35
19,3.8743019104003906e-05,1,35
20,3.8743019104003906e-05,1,35
21,4.2557716369628906e-05,1,35
22,4.2557716369628906e-05,1,35
23,4.2557716369628906e-05,1,35
24,4.2557716369628906e-05,1,35
25,4.2557716369628906e-05,1,35
26,4.3392181396484375e-05,1,35
27,4.3392181396484375e-05,1,35
28,4.3392181396484375e-05,1,35
29,4.3392181396484375e-05,1,35
30,4.3392181396484375e-05,1,35
31,4.3392181396484375e-05,1,35
32,4.3392181396484375e-05,1,35
33,4.3392181396484375e-05,1,35
34,4.3392181396484375e-05,1,35
35,4.3392181396484375e-05,1,35
36,4.3392181396484375e-05,1,35
37,4.3392181396484375e-05,1,35
38,4.3392181396484375e-05,1,35
39,4.3392181396484375e-05,1,35
40,4.3392181396484375e-05,1,35
41,4.3392181396484375e-05,1,35
42,4.3392181396484375e-05,1,35
43,4.3392181396484375e-05,1,35
44,4.3392181396484375e-05,1,35
45,4.3392181396484375e-05,1,35
46,4.3392181396484375e-05,1,35
47,4.3392181396484375e-05,1,35
48,4.3392181396484375e-05,1,35
49,4.3392181396484375e-05,1,35
50,4.3392181396484375e-05,1,35
51,4.3392181396484375e-05,1,35
52,4.3392181396484375e-05,1,35
53,4.3392181396484375e-05,1,35
54,4.3392181396484375e-05,1,35
55,4.3392181396484375e-05,1,35
56,4.3392181396484375e-05,1,35
57,4.3392181396484375e-05,1,35
58,4.3392181396484375e-05,1,35
59,4.3392181396484375e-05,1,35
60,4.3392181396484375e-05,1,35
61,4.3392181396484375e-05,1,35
62,4.3392181396484375e-05,1,35
63,4.3392181396484375e-05,1,35
64,4.3392181396484375e-05,1,35
65,4.3392181396484375e-05,1,35
66,4.3392181396484375e-05,1,35
67,4.3392181396484375e-05,1,35
68,4.3392181396484375e-05,1,35
69,4.3392181396484375e-05,1,35
70,4.3392181396484375e-05,1,35
71,4.3392181396484375e-05,1,35
72,4.3392181396484375e-05,1,35
73,4.3392181396484375e-05,1,35
74,4.3392181396484375e-05,1,35
75,4.3392181396484375e-05,1,35
76,4.3392181396484375e-05,1,35
77,4.3392181396484375e-05,1,35
78,4.3392181396484375e-05,1,35
79,4.3392181396484375e-05,1,35
80,4.3392181396484375e-05,1,35
81,4.3392181396484375e-05,1,35
82,4.3392181396484375e-05,1,35
83,4.3392181396484375e-05,1,35
84,4.3392181396484375e-05,1,35
85,4.3392181396484375e-05,1,35
86,4.3392181396484375e-05,1,35
87,4.3392181396484375e-05,1,35
88,4.3392181396484375e-05,1,35
89,4.3392181396484375e-05,1,35
90,4.3392181396484375e-05,1,35
91,4.3392181396484375e-05,1,35
92,4.3392181396484375e-05,1,35
93,4.3392181396484375e-05,1,35
94,4.3392181396484375e-05,1,35
95,4.3392181396484375e-05,1,35
96,4.3392181396484375e-05,1,35
97,4.3392181396484375e-05,1,35
98,4.3392181396484375e-05,1,35
99,4.3392181396484375e-05,1,35
100,4.3392181396484375e-05,1,35
101,4.3392181396484375e-05,1,35
102,4.3392181396484375e-05,1,35
103,4.3392181396484375e-05,1,35
104,4.3392181396484375e-05,1,35
105,4.3392181396484375e-05,1,35
106,4.3392181396484375e-05,1,35
107,4.3392181396484375e-05,1,35
108,4.3392181396484375e-05,1,35
109,4.3392181396484375e-05,1,35
110,4.3392181396484375e-05,1,35
111,4.3392181396484375e-05,1,35
112,4.3392181396484375e-05,1,35
113,4.3392181396484375e-05,1,35
114,4.3392181396484375e-05,1,35
115,4.3392181396484375e-05,1,35
116,4.3392181396484375e-05,1,35
117,4.3392181396484375e-05,1,35
118,4.3392181396484375e-05,1,35
119,4.3392181396484375e-05,1,35
120,4.3392181396484375e-05,1,35
121,4.3392181396484375e-05,1,35
122,4.3392181396484375e-05,1,35
123,4.3392181396484375e-05,1,35
124,4.3392181396484375e-05,1,35
125,4.3392181396484375e-05,1,35
126,4.3392181396484375e-05,1,35
127,4.3392181396484375e-05,1,35
128,4.3392181396484375e-05,1,35
129,4.3392181396484375e-05,1,35
130,4.3392181396484375e-05,1,35
131,4.3392181396484375e-05,1,35
132,4.3392181396484375e-05,1,35
133,4.3392181396484375e-05,1,35
134,4.3392181396484375e-05,1,35
135,4.3392181396484375e-05,1,35
136,4.3392181396484375e-05,1,35
137,4.3392181396484375e-05,1,35
138,4.3392181396484375e-05,1,35
139,4.3392181396484375e-05,1,35
140,4.3392181396484375e-05,1,35
141,4.3392181396484375e-05,1,35
142,4.3392181396484375e-05,1,35
143,4.3392181396484375e-05,1,35
144,4.3392181396484375e-05,1,35
145,4.3392181396484375e-05,1,35
146,4.3392181396484375e-05,1,35
147,4.3392181396484375e-05,1,35
148,4.3392181396484375e-05,1,35
149,4.3392181396484375e-05,1,35
150,4.3392181396484375e-05,1,35
151,4.3392181396484375e-05,1,35
152,4.3392181396484375e-05,1,35
153,4.3392181396484375e-05,1,35
154,4.3392181396484375e-05,1,35
155,4.3392181396484375e-05,1,35
156,4.3392181396484375e-05,1,35
157,4.3392181396484375e-05,1,35
158,4.3392181396484375e-05,1,35
159,4.3392181396484375e-05,1,35
160,4.3392181396484375e-05,1,35
161,4.3392181396484375e-05,1,35
162,4.3392181396484375e-05,1,35
163,4.3392181396484375e-05,1,35
164,4.3392181396484375e-05,1,35
165,4.3392181396484375e-05,1,35
166,4.3392181396484375e-05,1,35
167,4.3392181396484375e-05,1,35
168,4.3392181396484375e-05,1,35
169,4.3392181396484375e-05,1,35
170,4.3392181396484375e-05,1,35
171,4.3392181396484375e-05,1,35
172,4.3392181396484375e-05,1,35
173,4.3392181396484375e-05,1,35
174,4.3392181396484375e-05,1,35
175,4.3392181396484375e-05,1,35
176,4.3392181396484375e-05,1,35
177,4.3392181396484375e-05,1,35
178,4.3392181396484375e-05,1,35
179,4.3392181396484375e-05,1,35
180,4.3392181396484375e-05,1,35
181,4.3392181396484375e-05,1,35
182,4.3392181396484375e-05,1,35
183,4.3392181396484375e-05,1,35
184,4.3392181396484375e-05,1,35
185,4.3392181396484375e-05,1,35
186,4.3392181396484375e-05,1,35
187,4.3392181396484375e-05,1,35
188,4.3392181396484375e-05,1,35
189,4.3392181396484375e-05,1,35
190,4.3392181396484375e-05,1,35
191,4.3392181396484375e-05,1,35
192,4.3392181396484375e-05,1,35
193,4.3392181396484375e-05,1,35
194,4.3392181396484375e-05,1,35
195,4.3392181396484375e-05,1,35
196,4.3392181396484375e-05,1,35
197,4.3392181396484375e-05,1,35
198,4.3392181396484375e-05,1,35
199,4.3392181396484375e-05,1,35
200,4.3392181396484375e-05,1,35
1,0.00017958879470825195,1,36
2,0.00017958879470825195,1,36
3,0.00020080804824829102,1,36
4,0.00020080804824829102,1,36
5,0.00020545721054077148,1,36
6,0.00020545721054077148,1,36
7,0.00023931264877319336,1,36
8,0.00038111209869384766,1,36
9,0.00038111209869384766,1,36
10,0.00038111209869384766,1,36
11,0.00038111209869384766,1,36
12,0.00038111209869384766,1,36
13,0.00038421154022216797,1,36
14,0.00038421154022216797,1,36
15,0.00038421154022216797,1,36
16,0.00038421154022216797,1,36
17,0.0006517767906188965,1,36
18,0.0006517767906188965,1,36
19,0.0006517767906188965,1,36
20,0.0006517767906188965,1,36
21,0.0006517767906188965,1,36
22,0.0006517767906188965,1,36
23,0.0006517767906188965,1,36
24,0.0006517767906188965,1,36
25,0.0006517767906188965,1,36
26,0.0006517767906188965,1,36
27,0.0006517767906188965,1,36
28,0.0006517767906188965,1,36
29,0.0006517767906188965,1,36
30,0.0006517767906188965,1,36
31,0.0006517767906188965,1,36
32,0.0006517767906188965,1,36
33,0.0006517767906188965,1,36
34,0.0007297396659851074,1,36
35,0.0007297396659851074,1,36
36,0.0007297396659851074,1,36
37,0.0007297396659851074,1,36
38,0.0007297396659851074,1,36
39,0.0007297396659851074,1,36
40,0.0007297396659851074,1,36
41,0.0007297396659851074,1,36
42,0.0007297396659851074,1,36
43,0.0007297396659851074,1,36
44,0.0007297396659851074,1,36
45,0.0007297396659851074,1,36
46,0.0007297396659851074,1,36
47,0.0007297396659851074,1,36
48,0.0007297396659851074,1,36
49,0.0007297396659851074,1,36
50,0.0007297396659851074,1,36
51,0.0007297396659851074,1,36
52,0.0007297396659851074,1,36
53,0.0007297396659851074,1,36
54,0.0007297396659851074,1,36
55,0.0007297396659851074,1,36
56,0.0007297396659851074,1,36
57,0.0007297396659851074,1,36
58,0.0007297396659851074,1,36
59,0.0007297396659851074,1,36
60,0.0007297396659851074,1,36
61,0.0007297396659851074,1,36
62,0.0007297396659851074,1,36
63,0.0007297396659851074,1,36
64,0.0007297396659851074,1,36
65,0.0007297396659851074,1,36
66,0.0007297396659851074,1,36
67,0.0007297396659851074,1,36
68,0.0007297396659851074,1,36
69,0.0007297396659851074,1,36
70,0.0007297396659851074,1,36
71,0.0007297396659851074,1,36
72,0.0007297396659851074,1,36
73,0.0007297396659851074,1,36
74,0.0007297396659851074,1,36
75,0.0007297396659851074,1,36
76,0.0007297396659851074,1,36
77,0.0007297396659851074,1,36
78,0.0007297396659851074,1,36
79,0.0007297396659851074,1,36
80,0.0007297396659851074,1,36
81,0.0007297396659851074,1,36
82,0.0007297396659851074,1,36
83,0.0007297396659851074,1,36
84,0.0007297396659851074,1,36
85,0.0007297396659851074,1,36
86,0.0007297396659851074,1,36
87,0.0007297396659851074,1,36
88,0.0007297396659851074,1,36
89,0.0007297396659851074,1,36
90,0.0007297396659851074,1,36
91,0.0007297396659851074,1,36
92,0.0007297396659851074,1,36
93,0.0007297396659851074,1,36
94,0.0007297396659851074,1,36
95,0.0007297396659851074,1,36
96,0.0007297396659851074,1,36
97,0.0007297396659851074,1,36
98,0.0007297396659851074,1,36
99,0.0007297396659851074,1,36
100,0.0007297396659851074,1,36
101,0.0007297396659851074,1,36
102,0.0007297396659851074,1,36
103,0.0007297396659851074,1,36
104,0.0007297396659851074,1,36
105,0.0007297396659851074,1,36
106,0.0007297396659851074,1,36
107,0.0007297396659851074,1,36
108,0.0007297396659851074,1,36
109,0.0007297396659851074,1,36
110,0.0007297396659851074,1,36
111,0.0007297396659851074,1,36
112,0.0007297396659851074,1,36
113,0.0007297396659851074,1,36
114,0.0007297396659851074,1,36
115,0.0007297396659851074,1,36
116,0.0007297396659851074,1,36
117,0.0007297396659851074,1,36
118,0.0007297396659851074,1,36
119,0.0007297396659851074,1,36
120,0.0007297396659851074,1,36
121,0.0007297396659851074,1,36
122,0.0007297396659851074,1,36
123,0.0007297396659851074,1,36
124,0.0007297396659851074,1,36
125,0.0007297396659851074,1,36
126,0.0007297396659851074,1,36
127,0.0007297396659851074,1,36
128,0.0007297396659851074,1,36
129,0.0007297396659851074,1,36
130,0.0007297396659851074,1,36
131,0.0007297396659851074,1,36
132,0.0007297396659851074,1,36
133,0.0007297396659851074,1,36
134,0.0007297396659851074,1,36
135,0.0007297396659851074,1,36
136,0.0007297396659851074,1,36
137,0.0007297396659851074,1,36
138,0.0007297396659851074,1,36
139,0.0007297396659851074,1,36
140,0.0007297396659851074,1,36
141,0.0007297396659851074,1,36
142,0.0007297396659851074,1,36
143,0.0007297396659851074,1,36
144,0.0007297396659851074,1,36
145,0.0007297396659851074,1,36
146,0.0007297396659851074,1,36
147,0.0007297396659851074,1,36
148,0.0007297396659851074,1,36
149,0.0007297396659851074,1,36
150,0.0007297396659851074,1,36
151,0.0007297396659851074,1,36
152,0.0007297396659851074,1,36
153,0.0007297396659851074,1,36
154,0.0007297396659851074,1,36
155,0.0007297396659851074,1,36
156,0.0007297396659851074,1,36
157,0.0007297396659851074,1,36
158,0.0007297396659851074,1,36
159,0.0007297396659851074,1,36
160,0.0007297396659851074,1,36
161,0.0007297396659851074,1,36
162,0.0007297396659851074,1,36
163,0.0007297396659851074,1,36
164,0.0007297396659851074,1,36
165,0.0007297396659851074,1,36
166,0.0007297396659851074,1,36
167,0.0007297396659851074,1,36
168,0.0007297396659851074,1,36
169,0.0007297396659851074,1,36
170,0.0007297396659851074,1,36
171,0.0007297396659851074,1,36
172,0.0007297396659851074,1,36
173,0.0007297396659851074,1,36
174,0.0007297396659851074,1,36
175,0.0007297396659851074,1,36
176,0.0007297396659851074,1,36
177,0.0007297396659851074,1,36
178,0.0007297396659851074,1,36
179,0.0007297396659851074,1,36
180,0.0007297396659851074,1,36
181,0.0007297396659851074,1,36
182,0.0007297396659851074,1,36
183,0.0007297396659851074,1,36
184,0.0007297396659851074,1,36
185,0.0007297396659851074,1,36
186,0.0007297396659851074,1,36
187,0.0007297396659851074,1,36
188,0.0007297396659851074,1,36
189,0.0007297396659851074,1,36
190,0.0007297396659851074,1,36
191,0.0007297396659851074,1,36
192,0.0007297396659851074,1,36
193,0.0007297396659851074,1,36
194,0.0007297396659851074,1,36
195,0.0007297396659851074,1,36
196,0.0007297396659851074,1,36
197,0.0007297396659851074,1,36
198,0.0007297396659851074,1,36
199,0.0007297396659851074,1,36
200,0.0007297396659851074,1,36
1,3.5762786865234375e-07,1,37
2,3.5762786865234375e-07,1,37
3,3.5762786865234375e-07,1,37
4,3.5762786865234375e-07,1,37
5,3.5762786865234375e-07,1,37
6,3.5762786865234375e-07,1,37
7,3.5762786865234375e-07,1,37
8,3.5762786865234375e-07,1,37
9,3.5762786865234375e-07,1,37
10,3.5762786865234375e-07,1,37
11,3.5762786865234375e-07,1,37
12,3.5762786865234375e-07,1,37
13,3.5762786865234375e-07,1,37
14,3.5762786865234375e-07,1,37
15,3.5762786865234375e-07,1,37
16,3.5762786865234375e-07,1,37
17,3.5762786865234375e-07,1,37
18,3.5762786865234375e-07,1,37
19,3.5762786865234375e-07,1,37
20,3.5762786865234375e-07,1,37
21,3.5762786865234375e-07,1,37
22,3.5762786865234375e-07,1,37
23,3.5762786865234375e-07,1,37
24,4.76837158203125e-07,1,37
25,4.76837158203125e-07,1,37
26,4.76837158203125e-07,1,37
27,4.76837158203125e-07,1,37
28,4.76837158203125e-07,1,37
29,4.76837158203125e-07,1,37
30,4.76837158203125e-07,1,37
31,4.76837158203125e-07,1,37
32,4.76837158203125e-07,1,37
33,4.76837158203125e-07,1,37
34,5.960464477539062e-07,1,37
35,5.960464477539062e-07,1,37
36,5.960464477539062e-07,1,37
37,5.960464477539062e-07,1,37
38,5.960464477539062e-07,1,37
39,5.960464477539062e-07,1,37
40,5.960464477539062e-07,1,37
41,5.960464477539062e-07,1,37
42,5.960464477539062e-07,1,37
43,5.960464477539062e-07,1,37
44,5.960464477539062e-07,1,37
45,5.960464477539062e-07,1,37
46,5.960464477539062e-07,1,37
47,5.960464477539062e-07,1,37
48,5.960464477539062e-07,1,37
49,5.960464477539062e-07,1,37
50,5.960464477539062e-07,1,37
51,5.960464477539062e-07,1,37
52,5.960464477539062e-07,1,37
53,5.960464477539062e-07,1,37
54,7.152557373046875e-07,1,37
55,7.152557373046875e-07,1,37
56,7.152557373046875e-07,1,37
57,7.152557373046875e-07,1,37
58,7.152557373046875e-07,1,37
59,7.152557373046875e-07,1,37
60,7.152557373046875e-07,1,37
61,7.152557373046875e-07,1,37
62,7.152557373046875e-07,1,37
63,7.152557373046875e-07,1,37
64,7.152557373046875e-07,1,37
65,7.152557373046875e-07,1,37
66,7.152557373046875e-07,1,37
67,7.152557373046875e-07,1,37
68,8.344650268554688e-07,1,37
69,8.344650268554688e-07,1,37
70,8.344650268554688e-07,1,37
71,8.344650268554688e-07,1,37
72,8.344650268554688e-07,1,37
73,8.344650268554688e-07,1,37
74,8.344650268554688e-07,1,37
75,8.344650268554688e-07,1,37
76,8.344650268554688e-07,1,37
77,8.344650268554688e-07,1,37
78,8.344650268554688e-07,1,37
79,8.344650268554688e-07,1,37
80,8.344650268554688e-07,1,37
81,8.344650268554688e-07,1,37
82,8.344650268554688e-07,1,37
83,8.344650268554688e-07,1,37
84,8.344650268554688e-07,1,37
85,8.344650268554688e-07,1,37
86,8.344650268554688e-07,1,37
87,8.344650268554688e-07,1,37
88,8.344650268554688e-07,1,37
89,8.344650268554688e-07,1,37
90,8.344650268554688e-07,1,37
91,8.344650268554688e-07,1,37
92,8.344650268554688e-07,1,37
93,8.344650268554688e-07,1,37
94,8.344650268554688e-07,1,37
95,8.344650268554688e-07,1,37
96,8.344650268554688e-07,1,37
97,8.344650268554688e-07,1,37
98,8.344650268554688e-07,1,37
99,8.344650268554688e-07,1,37
100,8.344650268554688e-07,1,37
101,8.344650268554688e-07,1,37
102,8.344650268554688e-07,1,37
103,8.344650268554688e-07,1,37
104,8.344650268554688e-07,1,37
105,8.344650268554688e-07,1,37
106,8.344650268554688e-07,1,37
107,8.344650268554688e-07,1,37
108,8.344650268554688e-07,1,37
109,8.344650268554688e-07,1,37
110,8.344650268554688e-07,1,37
111,8.344650268554688e-07,1,37
112,8.344650268554688e-07,1,37
113,8.344650268554688e-07,1,37
114,8.344650268554688e-07,1,37
115,8.344650268554688e-07,1,37
116,8.344650268554688e-07,1,37
117,8.344650268554688e-07,1,37
118,8.344650268554688e-07,1,37
119,8.344650268554688e-07,1,37
120,8.344650268554688e-07,1,37
121,8.344650268554688e-07,1,37
122,8.344650268554688e-07,1,37
123,8.344650268554688e-07,1,37
124,8.344650268554688e-07,1,37
125,8.344650268554688e-07,1,37
126,8.344650268554688e-07,1,37
127,8.344650268554688e-07,1,37
128,8.344650268554688e-07,1,37
129,8.344650268554688e-07,1,37
130,8.344650268554688e-07,1,37
131,8.344650268554688e-07,1,37
132,8.344650268554688e-07,1,37
133,8.344650268554688e-07,1,37
134,8.344650268554688e-07,1,37
135,8.344650268554688e-07,1,37
136,8.344650268554688e-07,1,37
137,8.344650268554688e-07,1,37
138,8.344650268554688e-07,1,37
139,8.344650268554688e-07,1,37
140,8.344650268554688e-07,1,37
141,8.344650268554688e-07,1,37
142,8.344650268554688e-07,1,37
143,8.344650268554688e-07,1,37
144,8.344650268554688e-07,1,37
145,8.344650268554688e-07,1,37
146,8.344650268554688e-07,1,37
147,8.344650268554688e-07,1,37
148,8.344650268554688e-07,1,37
149,8.344650268554688e-07,1,37
150,8.344650268554688e-07,1,37
151,8.344650268554688e-07,1,37
152,8.344650268554688e-07,1,37
153,8.344650268554688e-07,1,37
154,8.344650268554688e-07,1,37
155,8.344650268554688e-07,1,37
156,8.344650268554688e-07,1,37
157,8.344650268554688e-07,1,37
158,8.344650268554688e-07,1,37
159,8.344650268554688e-07,1,37
160,8.344650268554688e-07,1,37
161,8.344650268554688e-07,1,37
162,8.344650268554688e-07,1,37
163,8.344650268554688e-07,1,37
164,8.344650268554688e-07,1,37
165,8.344650268554688e-07,1,37
166,8.344650268554688e-07,1,37
167,8.344650268554688e-07,1,37
168,8.344650268554688e-07,1,37
169,8.344650268554688e-07,1,37
170,8.344650268554688e-07,1,37
171,8.344650268554688e-07,1,37
172,8.344650268554688e-07,1,37
173,8.344650268554688e-07,1,37
174,8.344650268554688e-07,1,37
175,8.344650268554688e-07,1,37
176,8.344650268554688e-07,1,37
177,8.344650268554688e-07,1,37
178,8.344650268554688e-07,1,37
179,8.344650268554688e-07,1,37
180,8.344650268554688e-07,1,37
181,8.344650268554688e-07,1,37
182,8.344650268554688e-07,1,37
183,8.344650268554688e-07,1,37
184,8.344650268554688e-07,1,37
185,8.344650268554688e-07,1,37
186,8.344650268554688e-07,1,37
187,8.344650268554688e-07,1,37
188,8.344650268554688e-07,1,37
189,8.344650268554688e-07,1,37
190,8.344650268554688e-07,1,37
191,8.344650268554688e-07,1,37
192,8.344650268554688e-07,1,37
193,8.344650268554688e-07,1,37
194,8.344650268554688e-07,1,37
195,8.344650268554688e-07,1,37
196,8.344650268554688e-07,1,37
197,8.344650268554688e-07,1,37
198,8.344650268554688e-07,1,37
199,8.344650268554688e-07,1,37
200,8.344650268554688e-07,1,37
1,7.152557373046875e-07,1,38
2,7.152557373046875e-07,1,38
3,7.152557373046875e-07,1,38
4,7.152557373046875e-07,1,38
5,8.344650268554688e-07,1,38
6,1.0728836059570312e-06,1,38
7,1.0728836059570312e-06,1,38
8,1.0728836059570312e-06,1,38
9,1.0728836059570312e-06,1,38
10,1.0728836059570312e-06,1,38
11,1.0728836059570312e-06,1,38
12,1.0728836059570312e-06,1,38
13,1.0728836059570312e-06,1,38
14,1.0728836059570312e-06,1,38
15,1.0728836059570312e-06,1,38
16,1.3113021850585938e-06,1,38
17,1.3113021850585938e-06,1,38
18,1.3113021850585938e-06,1,38
19,1.3113021850585938e-06,1,38
20,1.3113021850585938e-06,1,38
21,1.3113021850585938e-06,1,38
22,1.3113021850585938e-06,1,38
23,1.3113021850585938e-06,1,38
24,1.3113021850585938e-06,1,38
25,1.3113021850585938e-06,1,38
26,1.3113021850585938e-06,1,38
27,1.3113021850585938e-06,1,38
28,1.5497207641601562e-06,1,38
29,1.5497207641601562e-06,1,38
30,1.5497207641601562e-06,1,38
31,1.5497207641601562e-06,1,38
32,1.5497207641601562e-06,1,38
33,1.5497207641601562e-06,1,38
34,1.5497207641601562e-06,1,38
35,1.5497207641601562e-06,1,38
36,1.5497207641601562e-06,1,38
37,1.5497207641601562e-06,1,38
38,1.5497207641601562e-06,1,38
39,1.5497207641601562e-06,1,38
40,1.5497207641601562e-06,1,38
41,1.5497207641601562e-06,1,38
42,1.5497207641601562e-06,1,38
43,1.5497207641601562e-06,1,38
44,1.6689300537109375e-06,1,38
45,1.6689300537109375e-06,1,38
46,1.6689300537109375e-06,1,38
47,1.6689300537109375e-06,1,38
48,1.6689300537109375e-06,1,38
49,1.6689300537109375e-06,1,38
50,1.6689300537109375e-06,1,38
51,1.6689300537109375e-06,1,38
52,1.6689300537109375e-06,1,38
53,1.6689300537109375e-06,1,38
54,1.6689300537109375e-06,1,38
55,1.6689300537109375e-06,1,38
56,1.6689300537109375e-06,1,38
57,1.6689300537109375e-06,1,38
58,1.6689300537109375e-06,1,38
59,1.6689300537109375e-06,1,38
60,1.6689300537109375e-06,1,38
61,1.6689300537109375e-06,1,38
62,1.6689300537109375e-06,1,38
63,1.6689300537109375e-06,1,38
64,1.6689300537109375e-06,1,38
65,1.6689300537109375e-06,1,38
66,1.6689300537109375e-06,1,38
67,1.6689300537109375e-06,1,38
68,1.6689300537109375e-06,1,38
69,1.6689300537109375e-06,1,38
70,1.6689300537109375e-06,1,38
71,1.6689300537109375e-06,1,38
72,1.6689300537109375e-06,1,38
73,1.6689300537109375e-06,1,38
74,1.6689300537109375e-06,1,38
75,1.6689300537109375e-06,1,38
76,1.6689300537109375e-06,1,38
77,1.6689300537109375e-06,1,38
78,1.6689300537109375e-06,1,38
79,1.6689300537109375e-06,1,38
80,1.6689300537109375e-06,1,38
81,1.6689300537109375e-06,1,38
82,1.6689300537109375e-06,1,38
83,1.6689300537109375e-06,1,38
84,1.6689300537109375e-06,1,38
85,1.6689300537109375e-06,1,38
86,1.6689300537109375e-06,1,38
87,1.6689300537109375e-06,1,38
88,1.6689300537109375e-06,1,38
89,1.6689300537109375e-06,1,38
90,1.6689300537109375e-06,1,38
91,1.6689300537109375e-06,1,38
92,1.6689300537109375e-06,1,38
93,1.6689300537109375e-06,1,38
94,1.6689300537109375e-06,1,38
95,1.6689300537109375e-06,1,38
96,1.6689300537109375e-06,1,38
97,1.6689300537109375e-06,1,38
98,1.6689300537109375e-06,1,38
99,1.6689300537109375e-06,1,38
100,1.6689300537109375e-06,1,38
101,1.6689300537109375e-06,1,38
102,1.6689300537109375e-06,1,38
103,1.6689300537109375e-06,1,38
104,1.6689300537109375e-06,1,38
105,1.6689300537109375e-06,1,38
106,1.6689300537109375e-06,1,38
107,1.6689300537109375e-06,1,38
108,1.6689300537109375e-06,1,38
109,1.6689300537109375e-06,1,38
110,1.6689300537109375e-06,1,38
111,1.6689300537109375e-06,1,38
112,1.6689300537109375e-06,1,38
113,1.6689300537109375e-06,1,38
114,1.6689300537109375e-06,1,38
115,1.6689300537109375e-06,1,38
116,1.6689300537109375e-06,1,38
117,1.6689300537109375e-06,1,38
118,1.6689300537109375e-06,1,38
119,1.6689300537109375e-06,1,38
120,1.6689300537109375e-06,1,38
121,1.6689300537109375e-06,1,38
122,1.6689300537109375e-06,1,38
123,1.6689300537109375e-06,1,38
124,1.6689300537109375e-06,1,38
125,1.6689300537109375e-06,1,38
126,1.6689300537109375e-06,1,38
127,1.6689300537109375e-06,1,38
128,1.6689300537109375e-06,1,38
129,1.6689300537109375e-06,1,38
130,1.6689300537109375e-06,1,38
131,1.6689300537109375e-06,1,38
132,1.6689300537109375e-06,1,38
133,1.6689300537109375e-06,1,38
134,1.6689300537109375e-06,1,38
135,1.6689300537109375e-06,1,38
136,1.6689300537109375e-06,1,38
137,1.6689300537109375e-06,1,38
138,1.6689300537109375e-06,1,38
139,1.6689300537109375e-06,1,38
140,1.6689300537109375e-06,1,38
141,1.6689300537109375e-06,1,38
142,1.6689300537109375e-06,1,38
143,1.6689300537109375e-06,1,38
144,1.6689300537109375e-06,1,38
145,1.6689300537109375e-06,1,38
146,1.6689300537109375e-06,1,38
147,1.6689300537109375e-06,1,38
148,1.6689300537109375e-06,1,38
149,1.6689300537109375e-06,1,38
150,1.6689300537109375e-06,1,38
151,1.6689300537109375e-06,1,38
152,1.6689300537109375e-06,1,38
153,1.6689300537109375e-06,1,38
154,1.6689300537109375e-06,1,38
155,1.6689300537109375e-06,1,38
156,1.6689300537109375e-06,1,38
157,1.6689300537109375e-06,1,38
158,1.6689300537109375e-06,1,38
159,1.6689300537109375e-06,1,38
160,1.6689300537109375e-06,1,38
161,1.6689300537109375e-06,1,38
162,1.6689300537109375e-06,1,38
163,1.6689300537109375e-06,1,38
164,1.6689300537109375e-06,1,38
165,1.6689300537109375e-06,1,38
166,1.6689300537109375e-06,1,38
167,1.6689300537109375e-06,1,38
168,1.6689300537109375e-06,1,38
169,1.6689300537109375e-06,1,38
170,1.6689300537109375e-06,1,38
171,1.6689300537109375e-06,1,38
172,1.6689300537109375e-06,1,38
173,1.6689300537109375e-06,1,38
174,1.6689300537109375e-06,1,38
175,1.6689300537109375e-06,1,38
176,1.6689300537109375e-06,1,38
177,1.6689300537109375e-06,1,38
178,1.6689300537109375e-06,1,38
179,1.6689300537109375e-06,1,38
180,1.6689300537109375e-06,1,38
181,1.6689300537109375e-06,1,38
182,1.6689300537109375e-06,1,38
183,1.6689300537109375e-06,1,38
184,1.6689300537109375e-06,1,38
185,1.6689300537109375e-06,1,38
186,1.6689300537109375e-06,1,38
187,1.6689300537109375e-06,1,38
188,1.6689300537109375e-06,1,38
189,1.6689300537109375e-06,1,38
190,1.6689300537109375e-06,1,38
191,1.6689300537109375e-06,1,38
192,1.6689300537109375e-06,1,38
193,1.6689300537109375e-06,1,38
194,1.6689300537109375e-06,1,38
195,1.6689300537109375e-06,1,38
196,1.6689300537109375e-06,1,38
197,1.6689300537109375e-06,1,38
198,1.6689300537109375e-06,1,38
199,1.6689300537109375e-06,1,38
200,1.6689300537109375e-06,1,38
1,6.556510925292969e-06,1,39
2,6.556510925292969e-06,1,39
3,6.556510925292969e-06,1,39
4,6.556510925292969e-06,1,39
5,7.152557373046875e-06,1,39
6,8.463859558105469e-06,1,39
7,8.463859558105469e-06,1,39
8,8.463859558105469e-06,1,39
9,8.463859558105469e-06,1,39
10,8.463859558105469e-06,1,39
11,8.463859558105469e-06,1,39
12,8.463859558105469e-06,1,39
13,8.463859558105469e-06,1,39
14,9.179115295410156e-06,1,39
15,9.179115295410156e-06,1,39
16,9.179115295410156e-06,1,39
17,9.179115295410156e-06,1,39
18,9.179115295410156e-06,1,39
19,9.179115295410156e-06,1,39
20,1.3113021850585938e-05,1,39
21,1.3113021850585938e-05,1,39
22,1.3113021850585938e-05,1,39
23,1.3113021850585938e-05,1,39
24,1.3113021850585938e-05,1,39
25,1.3113021850585938e-05,1,39
26,1.3113021850585938e-05,1,39
27,1.3113021850585938e-05,1,39
28,1.3589859008789062e-05,1,39
29,1.3589859008789062e-05,1,39
30,1.3589859008789062e-05,1,39
31,1.3589859008789062e-05,1,39
32,1.3589859008789062e-05,1,39
33,1.3589859008789062e-05,1,39
34,1.3589859008789062e-05,1,39
35,1.3589859008789062e-05,1,39
36,1.3589859008789062e-05,1,39
37,1.3589859008789062e-05,1,39
38,1.6689300537109375e-05,1,39
39,1.6689300537109375e-05,1,39
40,1.6689300537109375e-05,1,39
41,1.6689300537109375e-05,1,39
42,1.6689300537109375e-05,1,39
43,1.6689300537109375e-05,1,39
44,1.6689300537109375e-05,1,39
45,1.6689300537109375e-05,1,39
46,1.6689300537109375e-05,1,39
47,1.6689300537109375e-05,1,39
48,1.6689300537109375e-05,1,39
49,1.6689300537109375e-05,1,39
50,1.6689300537109375e-05,1,39
51,1.6689300537109375e-05,1,39
52,1.6689300537109375e-05,1,39
53,1.6689300537109375e-05,1,39
54,1.6689300537109375e-05,1,39
55,1.6689300537109375e-05,1,39
56,1.6689300537109375e-05,1,39
57,1.6689300537109375e-05,1,39
58,1.6689300537109375e-05,1,39
59,1.6689300537109375e-05,1,39
60,1.6689300537109375e-05,1,39
61,1.6689300537109375e-05,1,39
62,1.6689300537109375e-05,1,39
63,1.6689300537109375e-05,1,39
64,1.6689300537109375e-05,1,39
65,1.6689300537109375e-05,1,39
66,1.6689300537109375e-05,1,39
67,1.6689300537109375e-05,1,39
68,1.6689300537109375e-05,1,39
69,1.6689300537109375e-05,1,39
70,1.6689300537109375e-05,1,39
71,1.6689300537109375e-05,1,39
72,1.6689300537109375e-05,1,39
73,1.6689300537109375e-05,1,39
74,1.6689300537109375e-05,1,39
75,1.6689300537109375e-05,1,39
76,1.6689300537109375e-05,1,39
77,1.6689300537109375e-05,1,39
78,1.6689300537109375e-05,1,39
79,1.6689300537109375e-05,1,39
80,1.6689300537109375e-05,1,39
81,1.6689300537109375e-05,1,39
82,1.6689300537109375e-05,1,39
83,1.6689300537109375e-05,1,39
84,1.6689300537109375e-05,1,39
85,1.6689300537109375e-05,1,39
86,1.6689300537109375e-05,1,39
87,1.6689300537109375e-05,1,39
88,1.6689300537109375e-05,1,39
89,1.6689300537109375e-05,1,39
90,1.6689300537109375e-05,1,39
91,1.6689300537109375e-05,1,39
92,1.6689300537109375e-05,1,39
93,1.6689300537109375e-05,1,39
94,1.6689300537109375e-05,1,39
95,1.6689300537109375e-05,1,39
96,1.6689300537109375e-05,1,39
97,1.6689300537109375e-05,1,39
98,1.6689300537109375e-05,1,39
99,1.6689300537109375e-05,1,39
100,1.6689300537109375e-05,1,39
101,1.6689300537109375e-05,1,39
102,1.6689300537109375e-05,1,39
103,1.6689300537109375e-05,1,39
104,1.6689300537109375e-05,1,39
105,1.6689300537109375e-05,1,39
106,1.6689300537109375e-05,1,39
107,1.6689300537109375e-05,1,39
108,1.6689300537109375e-05,1,39
109,1.6689300537109375e-05,1,39
110,1.6689300537109375e-05,1,39
111,1.6689300537109375e-05,1,39
112,1.6689300537109375e-05,1,39
113,1.6689300537109375e-05,1,39
114,1.6689300537109375e-05,1,39
115,1.6689300537109375e-05,1,39
116,1.6689300537109375e-05,1,39
117,1.6689300537109375e-05,1,39
118,1.6689300537109375e-05,1,39
119,1.6689300537109375e-05,1,39
120,1.6689300537109375e-05,1,39
121,1.6689300537109375e-05,1,39
122,1.6689300537109375e-05,1,39
123,1.6689300537109375e-05,1,39
124,1.6689300537109375e-05,1,39
125,1.6689300537109375e-05,1,39
126,1.6689300537109375e-05,1,39
127,1.6689300537109375e-05,1,39
128,1.6689300537109375e-05,1,39
129,1.6689300537109375e-05,1,39
130,1.6689300537109375e-05,1,39
131,1.6689300537109375e-05,1,39
132,1.6689300537109375e-05,1,39
133,1.6689300537109375e-05,1,39
134,1.6689300537109375e-05,1,39
135,1.6689300537109375e-05,1,39
136,1.6689300537109375e-05,1,39
137,1.6689300537109375e-05,1,39
138,1.6689300537109375e-05,1,39
139,1.6689300537109375e-05,1,39
140,1.6689300537109375e-05,1,39
141,1.6689300537109375e-05,1,39
142,1.6689300537109375e-05,1,39
143,1.6689300537109375e-05,1,39
144,1.6689300537109375e-05,1,39
145,1.6689300537109375e-05,1,39
146,1.6689300537109375e-05,1,39
147,1.6689300537109375e-05,1,39
148,1.6689300537109375e-05,1,39
149,1.6689300537109375e-05,1,39
150,1.6689300537109375e-05,1,39
151,1.6689300537109375e-05,1,39
152,1.6689300537109375e-05,1,39
153,1.6689300537109375e-05,1,39
154,1.6689300537109375e-05,1,39
155,1.6689300537109375e-05,1,39
156,1.6689300537109375e-05,1,39
157,1.6689300537109375e-05,1,39
158,1.6689300537109375e-05,1,39
159,1.6689300537109375e-05,1,39
160,1.6689300537109375e-05,1,39
161,1.6689300537109375e-05,1,39
162,1.6689300537109375e-05,1,39
163,1.6689300537109375e-05,1,39
164,1.6689300537109375e-05,1,39
165,1.6689300537109375e-05,1,39
166,1.6689300537109375e-05,1,39
167,1.6689300537109375e-05,1,39
168,1.6689300537109375e-05,1,39
169,1.6689300537109375e-05,1,39
170,1.6689300537109375e-05,1,39
171,1.6689300537109375e-05,1,39
172,1.6689300537109375e-05,1,39
173,1.6689300537109375e-05,1,39
174,1.6689300537109375e-05,1,39
175,1.6689300537109375e-05,1,39
176,1.6689300537109375e-05,1,39
177,1.6689300537109375e-05,1,39
178,1.6689300537109375e-05,1,39
179,1.6689300537109375e-05,1,39
180,1.6689300537109375e-05,1,39
181,1.6689300537109375e-05,1,39
182,1.6689300537109375e-05,1,39
183,1.6689300537109375e-05,1,39
184,1.6689300537109375e-05,1,39
185,1.6689300537109375e-05,1,39
186,1.6689300537109375e-05,1,39
187,1.6689300537109375e-05,1,39
188,1.6689300537109375e-05,1,39
189,1.6689300537109375e-05,1,39
190,1.6689300537109375e-05,1,39
191,1.6689300537109375e-05,1,39
192,1.6689300537109375e-05,1,39
193,1.6689300537109375e-05,1,39
194,1.6689300537109375e-05,1,39
195,1.6689300537109375e-05,1,39
196,1.6689300537109375e-05,1,39
197,1.6689300537109375e-05,1,39
198,1.6689300537109375e-05,1,39
199,1.6689300537109375e-05,1,39
200,1.6689300537109375e-05,1,39
1,0.0005448460578918457,1,40
2,0.0005639195442199707,1,40
3,0.0005744695663452148,1,40
4,0.0006194114685058594,1,40
5,0.0006194114685058594,1,40
6,0.0006194114685058594,1,40
7,0.0006194114685058594,1,40
8,0.0007107257843017578,1,40
9,0.0007107257843017578,1,40
10,0.0007107257843017578,1,40
11,0.0007107257843017578,1,40
12,0.0008615255355834961,1,40
13,0.0008615255355834961,1,40
14,0.0008615255355834961,1,40
15,0.0009257793426513672,1,40
16,0.0009646415710449219,1,40
17,0.0009646415710449219,1,40
18,0.0009646415710449219,1,40
19,0.0009646415710449219,1,40
20,0.0010589957237243652,1,40
21,0.0010589957237243652,1,40
22,0.0010589957237243652,1,40
23,0.0010589957237243652,1,40
24,0.001086592674255371,1,40
25,0.001086592674255371,1,40
26,0.0010957717895507812,1,40
27,0.0010957717895507812,1,40
28,0.0010957717895507812,1,40
29,0.0010957717895507812,1,40
30,0.0010957717895507812,1,40
31,0.0010957717895507812,1,40
32,0.0010957717895507812,1,40
33,0.0010957717895507812,1,40
34,0.0010957717895507812,1,40
35,0.0010957717895507812,1,40
36,0.0010957717895507812,1,40
37,0.0010957717895507812,1,40
38,0.0010957717895507812,1,40
39,0.0010957717895507812,1,40
40,0.0010957717895507812,1,40
41,0.0010957717895507812,1,40
42,0.0010957717895507812,1,40
43,0.0010957717895507812,1,40
44,0.0010957717895507812,1,40
45,0.0010957717895507812,1,40
46,0.0010957717895507812,1,40
47,0.0010957717895507812,1,40
48,0.0010957717895507812,1,40
49,0.0010957717895507812,1,40
50,0.0010957717895507812,1,40
51,0.0010957717895507812,1,40
52,0.0010957717895507812,1,40
53,0.0010957717895507812,1,40
54,0.0010957717895507812,1,40
55,0.0010957717895507812,1,40
56,0.0010957717895507812,1,40
57,0.0010957717895507812,1,40
58,0.0010957717895507812,1,40
59,0.0010957717895507812,1,40
60,0.0010957717895507812,1,40
61,0.0010957717895507812,1,40
62,0.0010957717895507812,1,40
63,0.0010957717895507812,1,40
64,0.0010957717895507812,1,40
65,0.0010957717895507812,1,40
66,0.0010957717895507812,1,40
67,0.0010957717895507812,1,40
68,0.0010957717895507812,1,40
69,0.0010957717895507812,1,40
70,0.0010957717895507812,1,40
71,0.0010957717895507812,1,40
72,0.0010957717895507812,1,40
73,0.0010957717895507812,1,40
74,0.0010957717895507812,1,40
75,0.0010957717895507812,1,40
76,0.0010957717895507812,1,40
77,0.0010957717895507812,1,40
78,0.0010957717895507812,1,40
79,0.0010957717895507812,1,40
80,0.0010957717895507812,1,40
81,0.0010957717895507812,1,40
82,0.0010957717895507812,1,40
83,0.0010957717895507812,1,40
84,0.0010957717895507812,1,40
85,0.0010957717895507812,1,40
86,0.0010957717895507812,1,40
87,0.0010957717895507812,1,40
88,0.0010957717895507812,1,40
89,0.0010957717895507812,1,40
90,0.0010957717895507812,1,40
91,0.0010957717895507812,1,40
92,0.0010957717895507812,1,40
93,0.0010957717895507812,1,40
94,0.0010957717895507812,1,40
95,0.0010957717895507812,1,40
96,0.0010957717895507812,1,40
97,0.0010957717895507812,1,40
98,0.0010957717895507812,1,40
99,0.0010957717895507812,1,40
100,0.0010957717895507812,1,40
101,0.0010957717895507812,1,40
102,0.0010957717895507812,1,40
103,0.0010957717895507812,1,40
104,0.0010957717895507812,1,40
105,0.0010957717895507812,1,40
106,0.0010957717895507812,1,40
107,0.0010957717895507812,1,40
108,0.0010957717895507812,1,40
109,0.0010957717895507812,1,40
110,0.0010957717895507812,1,40
111,0.0010957717895507812,1,40
112,0.0010957717895507812,1,40
113,0.0010957717895507812,1,40
114,0.0010957717895507812,1,40
115,0.0010957717895507812,1,40
116,0.0010957717895507812,1,40
117,0.0010957717895507812,1,40
118,0.0010957717895507812,1,40
119,0.0010957717895507812,1,40
120,0.0010957717895507812,1,40
121,0.0010957717895507812,1,40
122,0.0010957717895507812,1,40
123,0.0010957717895507812,1,40
124,0.0010957717895507812,1,40
125,0.0010957717895507812,1,40
126,0.0010957717895507812,1,40
127,0.0010957717895507812,1,40
128,0.0010957717895507812,1,40
129,0.0010957717895507812,1,40
130,0.0010957717895507812,1,40
131,0.0010957717895507812,1,40
132,0.0010957717895507812,1,40
133,0.0010957717895507812,1,40
134,0.0010957717895507812,1,40
135,0.0010957717895507812,1,40
136,0.0010957717895507812,1,40
137,0.0010957717895507812,1,40
138,0.0010957717895507812,1,40
139,0.0010957717895507812,1,40
140,0.0010957717895507812,1,40
141,0.0010957717895507812,1,40
142,0.0010957717895507812,1,40
143,0.0010957717895507812,1,40
144,0.0010957717895507812,1,40
145,0.0010957717895507812,1,40
146,0.0010957717895507812,1,40
147,0.0010957717895507812,1,40
148,0.0010957717895507812,1,40
149,0.0010957717895507812,1,40
150,0.0010957717895507812,1,40
151,0.0010957717895507812,1,40
152,0.0010957717895507812,1,40
153,0.0010957717895507812,1,40
154,0.0010957717895507812,1,40
155,0.0010957717895507812,1,40
156,0.0010957717895507812,1,40
157,0.0010957717895507812,1,40
158,0.0010957717895507812,1,40
159,0.0010957717895507812,1,40
160,0.0010957717895507812,1,40
161,0.0010957717895507812,1,40
162,0.0010957717895507812,1,40
163,0.0010957717895507812,1,40
164,0.0010957717895507812,1,40
165,0.0010957717895507812,1,40
166,0.0010957717895507812,1,40
167,0.0010957717895507812,1,40
168,0.0010957717895507812,1,40
169,0.0010957717895507812,1,40
170,0.0010957717895507812,1,40
171,0.0010957717895507812,1,40
172,0.0010957717895507812,1,40
173,0.0010957717895507812,1,40
174,0.0010957717895507812,1,40
175,0.0010957717895507812,1,40
176,0.0010957717895507812,1,40
177,0.0010957717895507812,1,40
178,0.0010957717895507812,1,40
179,0.0010957717895507812,1,40
180,0.0010957717895507812,1,40
181,0.0010957717895507812,1,40
182,0.0010957717895507812,1,40
183,0.0010957717895507812,1,40
184,0.0010957717895507812,1,40
185,0.0010957717895507812,1,40
186,0.0010957717895507812,1,40
187,0.0010957717895507812,1,40
188,0.0010957717895507812,1,40
189,0.0010957717895507812,1,40
190,0.0010957717895507812,1,40
191,0.0010957717895507812,1,40
192,0.0010957717895507812,1,40
193,0.0010957717895507812,1,40
194,0.0010957717895507812,1,40
195,0.0010957717895507812,1,40
196,0.0010957717895507812,1,40
197,0.0010957717895507812,1,40
198,0.0010957717895507812,1,40
199,0.0010957717895507812,1,40
200,0.0010957717895507812,1,40
1,0.00032913684844970703,1,41
2,0.00032973289489746094,1,41
3,0.0003374814987182617,1,41
4,0.0004023909568786621,1,41
5,0.0004023909568786621,1,41
6,0.0005268454551696777,1,41
7,0.0005268454551696777,1,41
8,0.0005636811256408691,1,41
9,0.0008254647254943848,1,41
10,0.0008254647254943848,1,41
11,0.0008254647254943848,1,41
12,0.0008254647254943848,1,41
13,0.0008254647254943848,1,41
14,0.0008254647254943848,1,41
15,0.0008254647254943848,1,41
16,0.0008254647254943848,1,41
17,0.0008254647254943848,1,41
18,0.0008254647254943848,1,41
19,0.0008254647254943848,1,41
20,0.0008254647254943848,1,41
21,0.0008254647254943848,1,41
22,0.0008254647254943848,1,41
23,0.0008254647254943848,1,41
24,0.0008254647254943848,1,41
25,0.0008254647254943848,1,41
26,0.0008254647254943848,1,41
27,0.0008254647254943848,1,41
28,0.0008254647254943848,1,41
29,0.0008254647254943848,1,41
30,0.0008254647254943848,1,41
31,0.0008254647254943848,1,41
32,0.0008254647254943848,1,41
33,0.0008254647254943848,1,41
34,0.0008254647254943848,1,41
35,0.0008254647254943848,1,41
36,0.0008254647254943848,1,41
37,0.0008254647254943848,1,41
38,0.0008254647254943848,1,41
39,0.0008254647254943848,1,41
40,0.0008254647254943848,1,41
41,0.0008254647254943848,1,41
42,0.0008254647254943848,1,41
43,0.0008254647254943848,1,41
44,0.0008254647254943848,1,41
45,0.0008254647254943848,1,41
46,0.0008254647254943848,1,41
47,0.0008254647254943848,1,41
48,0.0008254647254943848,1,41
49,0.0008254647254943848,1,41
50,0.0008254647254943848,1,41
51,0.0008254647254943848,1,41
52,0.0008254647254943848,1,41
53,0.0008254647254943848,1,41
54,0.0008254647254943848,1,41
55,0.0008254647254943848,1,41
56,0.0008254647254943848,1,41
57,0.0008254647254943848,1,41
58,0.0008254647254943848,1,41
59,0.0008254647254943848,1,41
60,0.0008254647254943848,1,41
61,0.0008254647254943848,1,41
62,0.0008254647254943848,1,41
63,0.0008254647254943848,1,41
64,0.0008254647254943848,1,41
65,0.0008254647254943848,1,41
66,0.0008254647254943848,1,41
67,0.0008254647254943848,1,41
68,0.0008254647254943848,1,41
69,0.0008254647254943848,1,41
70,0.0008254647254943848,1,41
71,0.0008254647254943848,1,41
72,0.0008254647254943848,1,41
73,0.0008254647254943848,1,41
74,0.0008254647254943848,1,41
75,0.0008254647254943848,1,41
76,0.0008254647254943848,1,41
77,0.0008254647254943848,1,41
78,0.0008254647254943848,1,41
79,0.0008254647254943848,1,41
80,0.0008254647254943848,1,41
81,0.0008254647254943848,1,41
82,0.0008254647254943848,1,41
83,0.0008254647254943848,1,41
84,0.0008254647254943848,1,41
85,0.0008254647254943848,1,41
86,0.0008254647254943848,1,41
87,0.0008254647254943848,1,41
88,0.0008254647254943848,1,41
89,0.0008254647254943848,1,41
90,0.0008254647254943848,1,41
91,0.0008254647254943848,1,41
92,0.0008254647254943848,1,41
93,0.0008254647254943848,1,41
94,0.0008254647254943848,1,41
95,0.0008254647254943848,1,41
96,0.0008254647254943848,1,41
97,0.0008254647254943848,1,41
98,0.0008254647254943848,1,41
99,0.0008254647254943848,1,41
100,0.0008254647254943848,1,41
101,0.0008254647254943848,1,41
102,0.0008254647254943848,1,41
103,0.0008254647254943848,1,41
104,0.0008254647254943848,1,41
105,0.0008254647254943848,1,41
106,0.0008254647254943848,1,41
107,0.0008254647254943848,1,41
108,0.0008254647254943848,1,41
109,0.0008254647254943848,1,41
110,0.0008254647254943848,1,41
111,0.0008254647254943848,1,41
112,0.0008254647254943848,1,41
113,0.0008254647254943848,1,41
114,0.0008254647254943848,1,41
115,0.0008254647254943848,1,41
116,0.0008254647254943848,1,41
117,0.0008254647254943848,1,41
118,0.0008254647254943848,1,41
119,0.0008254647254943848,1,41
120,0.0008254647254943848,1,41
121,0.0008254647254943848,1,41
122,0.0008254647254943848,1,41
123,0.0008254647254943848,1,41
124,0.0008254647254943848,1,41
125,0.0008254647254943848,1,41
126,0.0008254647254943848,1,41
127,0.0008254647254943848,1,41
128,0.0008254647254943848,1,41
129,0.0008254647254943848,1,41
130,0.0008254647254943848,1,41
131,0.0008254647254943848,1,41
132,0.0008254647254943848,1,41
133,0.0008254647254943848,1,41
134,0.0008254647254943848,1,41
135,0.0008254647254943848,1,41
136,0.0008254647254943848,1,41
137,0.0008254647254943848,1,41
138,0.0008254647254943848,1,41
139,0.0008254647254943848,1,41
140,0.0008254647254943848,1,41
141,0.0008254647254943848,1,41
142,0.0008254647254943848,1,41
143,0.0008254647254943848,1,41
144,0.0008254647254943848,1,41
145,0.0008254647254943848,1,41
146,0.0008254647254943848,1,41
147,0.0008254647254943848,1,41
148,0.0008254647254943848,1,41
149,0.0008254647254943848,1,41
150,0.0008254647254943848,1,41
151,0.0008254647254943848,1,41
152,0.0008254647254943848,1,41
153,0.0008254647254943848,1,41
154,0.0008254647254943848,1,41
155,0.0008254647254943848,1,41
156,0.0008254647254943848,1,41
157,0.0008254647254943848,1,41
158,0.0008254647254943848,1,41
159,0.0008254647254943848,1,41
160,0.0008254647254943848,1,41
161,0.0008254647254943848,1,41
162,0.0008254647254943848,1,41
163,0.0008254647254943848,1,41
164,0.0008254647254943848,1,41
165,0.0008254647254943848,1,41
166,0.0008254647254943848,1,41
167,0.0008254647254943848,1,41
168,0.0008254647254943848,1,41
169,0.0008254647254943848,1,41
170,0.0008254647254943848,1,41
171,0.0008254647254943848,1,41
172,0.0008254647254943848,1,41
173,0.0008254647254943848,1,41
174,0.0008254647254943848,1,41
175,0.0008254647254943848,1,41
176,0.0008254647254943848,1,41
177,0.0008254647254943848,1,41
178,0.0008254647254943848,1,41
179,0.0008254647254943848,1,41
180,0.0008254647254943848,1,41
181,0.0008254647254943848,1,41
182,0.0008254647254943848,1,41
183,0.0008254647254943848,1,41
184,0.0008254647254943848,1,41
185,0.0008254647254943848,1,41
186,0.0008254647254943848,1,41
187,0.0008254647254943848,1,41
188,0.0008254647254943848,1,41
189,0.0008254647254943848,1,41
190,0.0008254647254943848,1,41
191,0.0008254647254943848,1,41
192,0.0008254647254943848,1,41
193,0.0008254647254943848,1,41
194,0.0008254647254943848,1,41
195,0.0008254647254943848,1,41
196,0.0008254647254943848,1,41
197,0.0008254647254943848,1,41
198,0.0008254647254943848,1,41
199,0.0008254647254943848,1,41
200,0.0008254647254943848,1,41
1,0.037892699241638184,1,42
2,0.037892699241638184,1,42
3,0.0399327278137207,1,42
4,0.04111051559448242,1,42
5,0.06409430503845215,2,42
6,0.10945677757263184,3,42
7,0.10945677757263184,3,42
8,0.10945677757263184,3,42
9,0.10945677757263184,3,42
10,0.10945677757263184,3,42
11,0.10945677757263184,3,42
12,0.10945677757263184,3,42
13,0.13914334774017334,4,42
14,0.1066892147064209,2,42
15,0.1368710994720459,3,42
16,0.21108084917068481,4,42
17,0.21108084917068481,4,42
18,0.35750097036361694,4,42
19,0.35750097036361694,4,42
20,0.35750097036361694,4,42
21,0.35750097036361694,4,42
22,0.4238673448562622,4,42
23,0.4238673448562622,4,42
24,0.4238673448562622,4,42
25,0.6216003596782684,6,42
26,0.6216003596782684,6,42
27,0.6216003596782684,6,42
28,0.6216003596782684,6,42
29,0.6216003596782684,6,42
30,0.6216003596782684,6,42
31,0.639817088842392,6,42
32,0.6305307447910309,4,42
33,0.6780825555324554,5,42
34,0.6780825555324554,5,42
35,0.6780825555324554,5,42
36,0.6780825555324554,5,42
37,0.6780825555324554,5,42
38,0.6780825555324554,5,42
39,0.6780825555324554,5,42
40,0.6780825555324554,5,42
41,0.6780825555324554,5,42
42,0.7207147181034088,7,42
43,0.7207147181034088,7,42
44,0.7064334750175476,6,42
45,0.7064334750175476,6,42
46,0.7064334750175476,6,42
47,0.731096625328064,7,42
48,0.7492335438728333,8,42
49,0.7492335438728333,8,42
50,0.7492335438728333,8,42
51,0.7912698239088058,9,42
52,0.7924665361642838,8,42
53,0.8003614097833633,8,42
54,0.8452385067939758,8,42
55,0.8452385067939758,8,42
56,0.8452385067939758,8,42
57,0.8452385067939758,8,42
58,0.8452385067939758,8,42
59,0.8452385067939758,8,42
60,0.8452385067939758,8,42
61,0.8452385067939758,8,42
62,0.8452385067939758,8,42
63,0.8452385067939758,8,42
64,0.8452385067939758,8,42
65,0.8452385067939758,8,42
66,0.8452385067939758,8,42
67,0.8452385067939758,8,42
68,0.8452385067939758,8,42
69,0.8979347199201584,8,42
70,0.8979347199201584,8,42
71,0.8979347199201584,8,42
72,0.9005534127354622,8,42
73,0.9005534127354622,8,42
74,0.9005534127354622,8,42
75,0.9005534127354622,8,42
76,0.9005534127354622,8,42
77,0.9005534127354622,8,42
78,0.9005534127354622,8,42
79,0.9005534127354622,8,42
80,0.9005534127354622,8,42
81,0.9005534127354622,8,42
82,0.9005534127354622,8,42
83,0.9005534127354622,8,42
84,0.9005534127354622,8,42
85,0.9005534127354622,8,42
86,0.9005534127354622,8,42
87,0.9005534127354622,8,42
88,0.9005534127354622,8,42
89,0.9087415859103203,8,42
90,0.9087415859103203,8,42
91,0.9592689536511898,10,42
92,0.9592689536511898,10,42
93,0.9592689536511898,10,42
94,0.9592689536511898,10,42
95,0.9592689536511898,10,42
96,0.9592689536511898,10,42
97,0.9592689536511898,10,42
98,0.9592689536511898,10,42
99,0.9592689536511898,10,42
100,0.9592689536511898,10,42
101,0.9592689536511898,10,42
102,0.9592689536511898,10,42
103,0.9592689536511898,10,42
104,0.9592689536511898,10,42
105,0.9592689536511898,10,42
106,0.9592689536511898,10,42
107,0.9592689536511898,10,42
108,0.9592689536511898,10,42
109,0.9592689536511898,10,42
110,0.9592689536511898,10,42
111,0.9592689536511898,10,42
112,0.9592689536511898,10,42
113,0.9592689536511898,10,42
114,0.9592689536511898,10,42
115,0.9592689536511898,10,42
116,0.9592689536511898,10,42
117,0.9592689536511898,10,42
118,0.9711668100208044,9,42
119,0.9711668100208044,9,42
120,0.9711668100208044,9,42
121,0.9711668100208044,9,42
122,0.9711668100208044,9,42
123,0.9711668100208044,9,42
124,0.9711668100208044,9,42
125,0.9711668100208044,9,42
126,0.9711668100208044,9,42
127,0.9711668100208044,9,42
128,0.9711668100208044,9,42
129,0.9711668100208044,9,42
130,0.9711668100208044,9,42
131,0.9711668100208044,9,42
132,0.9711668100208044,9,42
133,0.9711668100208044,9,42
134,0.9711668100208044,9,42
135,0.9711668100208044,9,42
136,0.9711668100208044,9,42
137,0.9711668100208044,9,42
138,0.9711668100208044,9,42
139,0.9711668100208044,9,42
140,0.9711668100208044,9,42
141,0.9711668100208044,9,42
142,0.9711668100208044,9,42
143,0.9711668100208044,9,42
144,0.9711668100208044,9,42
145,0.9711668100208044,9,42
146,0.9711668100208044,9,42
147,0.9711668100208044,9,42
148,0.9711668100208044,9,42
149,0.9711668100208044,9,42
150,0.9711668100208044,9,42
151,0.9711668100208044,9,42
152,0.9711668100208044,9,42
153,0.9711668100208044,9,42
154,0.9711668100208044,9,42
155,0.9711668100208044,9,42
156,0.9711668100208044,9,42
157,0.9711668100208044,9,42
158,0.9711668100208044,9,42
159,0.9711668100208044,9,42
160,0.9711668100208044,9,42
161,0.9711668100208044,9,42
162,0.9711668100208044,9,42
163,0.9711668100208044,9,42
164,0.9711668100208044,9,42
165,0.9711668100208044,9,42
166,0.9711668100208044,9,42
167,0.9711668100208044,9,42
168,0.9711668100208044,9,42
169,0.9711668100208044,9,42
170,0.9711668100208044,9,42
171,0.9711668100208044,9,42
172,0.9711668100208044,9,42
173,0.9711668100208044,9,42
174,0.9711668100208044,9,42
175,0.9711668100208044,9,42
176,0.9711668100208044,9,42
177,0.9711668100208044,9,42
178,0.9711668100208044,9,42
179,0.9711668100208044,9,42
180,0.9711668100208044,9,42
181,0.9711668100208044,9,42
182,0.9711668100208044,9,42
183,0.9711668100208044,9,42
184,0.9711668100208044,9,42
185,0.9711668100208044,9,42
186,0.9711668100208044,9,42
187,0.9711668100208044,9,42
188,0.9711668100208044,9,42
189,0.9711668100208044,9,42
190,0.9711668100208044,9,42
191,0.9711668100208044,9,42
192,0.9711668100208044,9,42
193,0.9711668100208044,9,42
194,0.9711668100208044,9,42
195,0.9711668100208044,9,42
196,0.9711668100208044,9,42
197,0.9711668100208044,9,42
198,0.9711668100208044,9,42
199,0.9711668100208044,9,42
200,0.9711668100208044,9,42
1,0.00535959005355835,1,43
2,0.005541801452636719,1,43
3,0.005541801452636719,1,43
4,0.005541801452636719,1,43
5,0.005541801452636719,1,43
6,0.005541801452636719,1,43
7,0.005541801452636719,1,43
8,0.005622208118438721,1,43
9,0.005909383296966553,1,43
10,0.0060912370681762695,1,43
11,0.0063155293464660645,1,43
12,0.007049083709716797,1,43
13,0.007049083709716797,1,43
14,0.007049083709716797,1,43
15,0.007049083709716797,1,43
16,0.007049083709716797,1,43
17,0.008683204650878906,1,43
18,0.008683204650878906,1,43
19,0.008683204650878906,1,43
20,0.008683204650878906,1,43
21,0.008683204650878906,1,43
22,0.008683204650878906,1,43
23,0.008683204650878906,1,43
24,0.008683204650878906,1,43
25,0.008683204650878906,1,43
26,0.008683204650878906,1,43
27,0.008683204650878906,1,43
28,0.008683204650878906,1,43
29,0.008683204650878906,1,43
30,0.008683204650878906,1,43
31,0.008683204650878906,1,43
32,0.008683204650878906,1,43
33,0.008683204650878906,1,43
34,0.008683204650878906,1,43
35,0.008683204650878906,1,43
36,0.008683204650878906,1,43
37,0.008683204650878906,1,43
38,0.008683204650878906,1,43
39,0.008683204650878906,1,43
40,0.008683204650878906,1,43
41,0.008683204650878906,1,43
42,0.008683204650878906,1,43
43,0.008683204650878906,1,43
44,0.008683204650878906,1,43
45,0.008683204650878906,1,43
46,0.008683204650878906,1,43
47,0.008683204650878906,1,43
48,0.008683204650878906,1,43
49,0.008683204650878906,1,43
50,0.008683204650878906,1,43
51,0.008683204650878906,1,43
52,0.008683204650878906,1,43
53,0.008683204650878906,1,43
54,0.008683204650878906,1,43
55,0.008683204650878906,1,43
56,0.008683204650878906,1,43
57,0.008683204650878906,1,43
58,0.008683204650878906,1,43
59,0.008683204650878906,1,43
60,0.008683204650878906,1,43
61,0.008683204650878906,1,43
62,0.008683204650878906,1,43
63,0.008683204650878906,1,43
64,0.008683204650878906,1,43
65,0.008683204650878906,1,43
66,0.008683204650878906,1,43
67,0.008683204650878906,1,43
68,0.008683204650878906,1,43
69,0.008683204650878906,1,43
70,0.008683204650878906,1,43
71,0.008683204650878906,1,43
72,0.008683204650878906,1,43
73,0.008683204650878906,1,43
74,0.008683204650878906,1,43
75,0.008683204650878906,1,43
76,0.008683204650878906,1,43
77,0.008683204650878906,1,43
78,0.008683204650878906,1,43
79,0.008683204650878906,1,43
80,0.008683204650878906,1,43
81,0.008683204650878906,1,43
82,0.008683204650878906,1,43
83,0.008683204650878906,1,43
84,0.008683204650878906,1,43
85,0.008683204650878906,1,43
86,0.008683204650878906,1,43
87,0.008683204650878906,1,43
88,0.008683204650878906,1,43
89,0.008683204650878906,1,43
90,0.008683204650878906,1,43
91,0.008683204650878906,1,43
92,0.008683204650878906,1,43
93,0.008683204650878906,1,43
94,0.008683204650878906,1,43
95,0.008683204650878906,1,43
96,0.008683204650878906,1,43
97,0.008683204650878906,1,43
98,0.008683204650878906,1,43
99,0.008683204650878906,1,43
100,0.008683204650878906,1,43
101,0.008683204650878906,1,43
102,0.008683204650878906,1,43
103,0.008683204650878906,1,43
104,0.008683204650878906,1,43
105,0.008683204650878906,1,43
106,0.008683204650878906,1,43
107,0.008683204650878906,1,43
108,0.008683204650878906,1,43
109,0.008683204650878906,1,43
110,0.008683204650878906,1,43
111,0.008683204650878906,1,43
112,0.008683204650878906,1,43
113,0.008683204650878906,1,43
114,0.008683204650878906,1,43
115,0.008683204650878906,1,43
116,0.008683204650878906,1,43
117,0.008683204650878906,1,43
118,0.008683204650878906,1,43
119,0.008683204650878906,1,43
120,0.008683204650878906,1,43
121,0.008683204650878906,1,43
122,0.008683204650878906,1,43
123,0.008683204650878906,1,43
124,0.008683204650878906,1,43
125,0.008683204650878906,1,43
126,0.008683204650878906,1,43
127,0.008683204650878906,1,43
128,0.008683204650878906,1,43
129,0.008683204650878906,1,43
130,0.008683204650878906,1,43
131,0.008683204650878906,1,43
132,0.008683204650878906,1,43
133,0.008683204650878906,1,43
134,0.008683204650878906,1,43
135,0.008683204650878906,1,43
136,0.008683204650878906,1,43
137,0.008683204650878906,1,43
138,0.008683204650878906,1,43
139,0.008683204650878906,1,43
140,0.008683204650878906,1,43
141,0.008683204650878906,1,43
142,0.008683204650878906,1,43
143,0.008683204650878906,1,43
144,0.008683204650878906,1,43
145,0.008683204650878906,1,43
146,0.008683204650878906,1,43
147,0.008683204650878906,1,43
148,0.008683204650878906,1,43
149,0.008683204650878906,1,43
150,0.008683204650878906,1,43
151,0.008683204650878906,1,43
152,0.008683204650878906,1,43
153,0.008683204650878906,1,43
154,0.008683204650878906,1,43
155,0.008683204650878906,1,43
156,0.008683204650878906,1,43
157,0.008683204650878906,1,43
158,0.008683204650878906,1,43
159,0.008683204650878906,1,43
160,0.008683204650878906,1,43
161,0.008683204650878906,1,43
162,0.008683204650878906,1,43
163,0.008683204650878906,1,43
164,0.008683204650878906,1,43
165,0.008683204650878906,1,43
166,0.008683204650878906,1,43
167,0.008683204650878906,1,43
168,0.008683204650878906,1,43
169,0.008683204650878906,1,43
170,0.008683204650878906,1,43
171,0.008683204650878906,1,43
172,0.008683204650878906,1,43
173,0.008683204650878906,1,43
174,0.008683204650878906,1,43
175,0.008683204650878906,1,43
176,0.008683204650878906,1,43
177,0.008683204650878906,1,43
178,0.008683204650878906,1,43
179,0.008683204650878906,1,43
180,0.008683204650878906,1,43
181,0.008683204650878906,1,43
182,0.008683204650878906,1,43
183,0.008683204650878906,1,43
184,0.008683204650878906,1,43
185,0.008683204650878906,1,43
186,0.008683204650878906,1,43
187,0.008683204650878906,1,43
188,0.008683204650878906,1,43
189,0.008683204650878906,1,43
190,0.008683204650878906,1,43
191,0.008683204650878906,1,43
192,0.008683204650878906,1,43
193,0.008683204650878906,1,43
194,0.008683204650878906,1,43
195,0.008683204650878906,1,43
196,0.008683204650878906,1,43
197,0.008683204650878906,1,43
198,0.008683204650878906,1,43
199,0.008683204650878906,1,43
200,0.008683204650878906,1,43
1,2.9802322387695312e-06,1,44
2,2.9802322387695312e-06,1,44
3,2.9802322387695312e-06,1,44
4,2.9802322387695312e-06,1,44
5,3.4570693969726562e-06,1,44
6,3.4570693969726562e-06,1,44
7,3.4570693969726562e-06,1,44
8,3.4570693969726562e-06,1,44
9,3.4570693969726562e-06,1,44
10,3.4570693969726562e-06,1,44
11,4.291534423828125e-06,1,44
12,6.318092346191406e-06,1,44
13,6.318092346191406e-06,1,44
14,6.318092346191406e-06,1,44
15,6.318092346191406e-06,1,44
16,6.318092346191406e-06,1,44
17,9.894371032714844e-06,1,44
18,9.894371032714844e-06,1,44
19,9.894371032714844e-06,1,44
20,9.894371032714844e-06,1,44
21,9.894371032714844e-06,1,44
22,9.894371032714844e-06,1,44
23,9.894371032714844e-06,1,44
24,9.894371032714844e-06,1,44
25,9.894371032714844e-06,1,44
26,9.894371032714844e-06,1,44
27,9.894371032714844e-06,1,44
28,9.894371032714844e-06,1,44
29,9.894371032714844e-06,1,44
30,9.894371032714844e-06,1,44
31,9.894371032714844e-06,1,44
32,9.894371032714844e-06,1,44
33,9.894371032714844e-06,1,44
34,9.894371032714844e-06,1,44
35,9.894371032714844e-06,1,44
36,9.894371032714844e-06,1,44
37,9.894371032714844e-06,1,44
38,9.894371032714844e-06,1,44
39,9.894371032714844e-06,1,44
40,9.894371032714844e-06,1,44
41,9.894371032714844e-06,1,44
42,9.894371032714844e-06,1,44
43,9.894371032714844e-06,1,44
44,9.894371032714844e-06,1,44
45,9.894371032714844e-06,1,44
46,9.894371032714844e-06,1,44
47,9.894371032714844e-06,1,44
48,9.894371032714844e-06,1,44
49,9.894371032714844e-06,1,44
50,9.894371032714844e-06,1,44
51,9.894371032714844e-06,1,44
52,9.894371032714844e-06,1,44
53,9.894371032714844e-06,1,44
54,9.894371032714844e-06,1,44
55,9.894371032714844e-06,1,44
56,9.894371032714844e-06,1,44
57,9.894371032714844e-06,1,44
58,9.894371032714844e-06,1,44
59,9.894371032714844e-06,1,44
60,9.894371032714844e-06,1,44
61,9.894371032714844e-06,1,44
62,9.894371032714844e-06,1,44
63,9.894371032714844e-06,1,44
64,9.894371032714844e-06,1,44
65,9.894371032714844e-06,1,44
66,9.894371032714844e-06,1,44
67,9.894371032714844e-06,1,44
68,9.894371032714844e-06,1,44
69,9.894371032714844e-06,1,44
70,9.894371032714844e-06,1,44
71,9.894371032714844e-06,1,44
72,9.894371032714844e-06,1,44
73,9.894371032714844e-06,1,44
74,9.894371032714844e-06,1,44
75,9.894371032714844e-06,1,44
76,9.894371032714844e-06,1,44
77,9.894371032714844e-06,1,44
78,9.894371032714844e-06,1,44
79,9.894371032714844e-06,1,44
80,9.894371032714844e-06,1,44
81,9.894371032714844e-06,1,44
82,9.894371032714844e-06,1,44
83,9.894371032714844e-06,1,44
84,9.894371032714844e-06,1,44
85,9.894371032714844e-06,1,44
86,9.894371032714844e-06,1,44
87,9.894371032714844e-06,1,44
88,9.894371032714844e-06,1,44
89,9.894371032714844e-06,1,44
90,9.894371032714844e-06,1,44
91,9.894371032714844e-06,1,44
92,9.894371032714844e-06,1,44
93,9.894371032714844e-06,1,44
94,9.894371032714844e-06,1,44
95,9.894371032714844e-06,1,44
96,9.894371032714844e-06,1,44
97,9.894371032714844e-06,1,44
98,9.894371032714844e-06,1,44
99,9.894371032714844e-06,1,44
100,9.894371032714844e-06,1,44
101,9.894371032714844e-06,1,44
102,9.894371032714844e-06,1,44
103,9.894371032714844e-06,1,44
104,9.894371032714844e-06,1,44
105,9.894371032714844e-06,1,44
106,9.894371032714844e-06,1,44
107,9.894371032714844e-06,1,44
108,9.894371032714844e-06,1,44
109,9.894371032714844e-06,1,44
110,9.894371032714844e-06,1,44
111,9.894371032714844e-06,1,44
112,9.894371032714844e-06,1,44
113,9.894371032714844e-06,1,44
114,9.894371032714844e-06,1,44
115,9.894371032714844e-06,1,44
116,9.894371032714844e-06,1,44
117,9.894371032714844e-06,1,44
118,9.894371032714844e-06,1,44
119,9.894371032714844e-06,1,44
120,9.894371032714844e-06,1,44
121,9.894371032714844e-06,1,44
122,9.894371032714844e-06,1,44
123,9.894371032714844e-06,1,44
124,9.894371032714844e-06,1,44
125,9.894371032714844e-06,1,44
126,9.894371032714844e-06,1,44
127,9.894371032714844e-06,1,44
128,9.894371032714844e-06,1,44
129,9.894371032714844e-06,1,44
130,9.894371032714844e-06,1,44
131,9.894371032714844e-06,1,44
132,9.894371032714844e-06,1,44
133,9.894371032714844e-06,1,44
134,9.894371032714844e-06,1,44
135,9.894371032714844e-06,1,44
136,9.894371032714844e-06,1,44
137,9.894371032714844e-06,1,44
138,9.894371032714844e-06,1,44
139,9.894371032714844e-06,1,44
140,9.894371032714844e-06,1,44
141,9.894371032714844e-06,1,44
142,9.894371032714844e-06,1,44
143,9.894371032714844e-06,1,44
144,9.894371032714844e-06,1,44
145,9.894371032714844e-06,1,44
146,9.894371032714844e-06,1,44
147,9.894371032714844e-06,1,44
148,9.894371032714844e-06,1,44
149,9.894371032714844e-06,1,44
150,9.894371032714844e-06,1,44
151,9.894371032714844e-06,1,44
152,9.894371032714844e-06,1,44
153,9.894371032714844e-06,1,44
154,9.894371032714844e-06,1,44
155,9.894371032714844e-06,1,44
156,9.894371032714844e-06,1,44
157,9.894371032714844e-06,1,44
158,9.894371032714844e-06,1,44
159,9.894371032714844e-06,1,44
160,9.894371032714844e-06,1,44
161,9.894371032714844e-06,1,44
162,9.894371032714844e-06,1,44
163,9.894371032714844e-06,1,44
164,9.894371032714844e-06,1,44
165,9.894371032714844e-06,1,44
166,9.894371032714844e-06,1,44
167,9.894371032714844e-06,1,44
168,9.894371032714844e-06,1,44
169,9.894371032714844e-06,1,44
170,9.894371032714844e-06,1,44
171,9.894371032714844e-06,1,44
172,9.894371032714844e-06,1,44
173,9.894371032714844e-06,1,44
174,9.894371032714844e-06,1,44
175,9.894371032714844e-06,1,44
176,9.894371032714844e-06,1,44
177,9.894371032714844e-06,1,44
178,9.894371032714844e-06,1,44
179,9.894371032714844e-06,1,44
180,9.894371032714844e-06,1,44
181,9.894371032714844e-06,1,44
182,9.894371032714844e-06,1,44
183,9.894371032714844e-06,1,44
184,9.894371032714844e-06,1,44
185,9.894371032714844e-06,1,44
186,9.894371032714844e-06,1,44
187,9.894371032714844e-06,1,44
188,9.894371032714844e-06,1,44
189,9.894371032714844e-06,1,44
190,9.894371032714844e-06,1,44
191,9.894371032714844e-06,1,44
192,9.894371032714844e-06,1,44
193,9.894371032714844e-06,1,44
194,9.894371032714844e-06,1,44
195,9.894371032714844e-06,1,44
196,9.894371032714844e-06,1,44
197,9.894371032714844e-06,1,44
198,9.894371032714844e-06,1,44
199,9.894371032714844e-06,1,44
200,9.894371032714844e-06,1,44
1,1.8477439880371094e-05,1,45
2,1.8477439880371094e-05,1,45
3,1.919269561767578e-05,1,45
4,1.919269561767578e-05,1,45
5,1.919269561767578e-05,1,45
6,2.5510787963867188e-05,1,45
7,2.5510787963867188e-05,1,45
8,3.9458274841308594e-05,1,45
9,3.9458274841308594e-05,1,45
10,3.9458274841308594e-05,1,45
11,3.9458274841308594e-05,1,45
12,3.9458274841308594e-05,1,45
13,3.9458274841308594e-05,1,45
14,5.459785461425781e-05,1,45
15,5.459785461425781e-05,1,45
16,5.459785461425781e-05,1,45
17,5.459785461425781e-05,1,45
18,5.459785461425781e-05,1,45
19,5.459785461425781e-05,1,45
20,5.459785461425781e-05,1,45
21,5.459785461425781e-05,1,45
22,5.459785461425781e-05,1,45
23,5.459785461425781e-05,1,45
24,5.459785461425781e-05,1,45
25,5.459785461425781e-05,1,45
26,5.459785461425781e-05,1,45
27,5.459785461425781e-05,1,45
28,5.459785461425781e-05,1,45
29,5.459785461425781e-05,1,45
30,5.459785461425781e-05,1,45
31,5.459785461425781e-05,1,45
32,5.459785461425781e-05,1,45
33,5.459785461425781e-05,1,45
34,5.459785461425781e-05,1,45
35,5.459785461425781e-05,1,45
36,5.459785461425781e-05,1,45
37,5.459785461425781e-05,1,45
38,5.459785461425781e-05,1,45
39,5.459785461425781e-05,1,45
40,5.459785461425781e-05,1,45
41,5.459785461425781e-05,1,45
42,5.459785461425781e-05,1,45
43,5.459785461425781e-05,1,45
44,5.459785461425781e-05,1,45
45,5.459785461425781e-05,1,45
46,5.459785461425781e-05,1,45
47,5.459785461425781e-05,1,45
48,5.459785461425781e-05,1,45
49,5.459785461425781e-05,1,45
50,5.459785461425781e-05,1,45
51,5.459785461425781e-05,1,45
52,5.459785461425781e-05,1,45
53,5.459785461425781e-05,1,45
54,5.459785461425781e-05,1,45
55,5.459785461425781e-05,1,45
56,5.459785461425781e-05,1,45
57,5.459785461425781e-05,1,45
58,5.459785461425781e-05,1,45
59,5.459785461425781e-05,1,45
60,5.459785461425781e-05,1,45
61,5.459785461425781e-05,1,45
62,5.459785461425781e-05,1,45
63,5.459785461425781e-05,1,45
64,5.459785461425781e-05,1,45
65,5.459785461425781e-05,1,45
66,5.459785461425781e-05,1,45
67,5.459785461425781e-05,1,45
68,5.459785461425781e-05,1,45
69,5.459785461425781e-05,1,45
70,5.459785461425781e-05,1,45
71,5.459785461425781e-05,1,45
72,5.459785461425781e-05,1,45
73,5.459785461425781e-05,1,45
74,5.459785461425781e-05,1,45
75,5.459785461425781e-05,1,45
76,5.459785461425781e-05,1,45
77,5.459785461425781e-05,1,45
78,5.459785461425781e-05,1,45
79,5.459785461425781e-05,1,45
80,5.459785461425781e-05,1,45
81,5.459785461425781e-05,1,45
82,5.459785461425781e-05,1,45
83,5.459785461425781e-05,1,45
84,5.459785461425781e-05,1,45
85,5.459785461425781e-05,1,45
86,5.459785461425781e-05,1,45
87,5.459785461425781e-05,1,45
88,5.459785461425781e-05,1,45
89,5.459785461425781e-05,1,45
90,5.459785461425781e-05,1,45
91,5.459785461425781e-05,1,45
92,5.459785461425781e-05,1,45
93,5.459785461425781e-05,1,45
94,5.459785461425781e-05,1,45
95,5.459785461425781e-05,1,45
96,5.459785461425781e-05,1,45
97,5.459785461425781e-05,1,45
98,5.459785461425781e-05,1,45
99,5.459785461425781e-05,1,45
100,5.459785461425781e-05,1,45
101,5.459785461425781e-05,1,45
102,5.459785461425781e-05,1,45
103,5.459785461425781e-05,1,45
104,5.459785461425781e-05,1,45
105,5.459785461425781e-05,1,45
106,5.459785461425781e-05,1,45
107,5.459785461425781e-05,1,45
108,5.459785461425781e-05,1,45
109,5.459785461425781e-05,1,45
110,5.459785461425781e-05,1,45
111,5.459785461425781e-05,1,45
112,5.459785461425781e-05,1,45
113,5.459785461425781e-05,1,45
114,5.459785461425781e-05,1,45
115,5.459785461425781e-05,1,45
116,5.459785461425781e-05,1,45
117,5.459785461425781e-05,1,45
118,5.459785461425781e-05,1,45
119,5.459785461425781e-05,1,45
120,5.459785461425781e-05,1,45
121,5.459785461425781e-05,1,45
122,5.459785461425781e-05,1,45
123,5.459785461425781e-05,1,45
124,5.459785461425781e-05,1,45
125,5.459785461425781e-05,1,45
126,5.459785461425781e-05,1,45
127,5.459785461425781e-05,1,45
128,5.459785461425781e-05,1,45
129,5.459785461425781e-05,1,45
130,5.459785461425781e-05,1,45
131,5.459785461425781e-05,1,45
132,5.459785461425781e-05,1,45
133,5.459785461425781e-05,1,45
134,5.459785461425781e-05,1,45
135,5.459785461425781e-05,1,45
136,5.459785461425781e-05,1,45
137,5.459785461425781e-05,1,45
138,5.459785461425781e-05,1,45
139,5.459785461425781e-05,1,45
140,5.459785461425781e-05,1,45
141,5.459785461425781e-05,1,45
142,5.459785461425781e-05,1,45
143,5.459785461425781e-05,1,45
144,5.459785461425781e-05,1,45
145,5.459785461425781e-05,1,45
146,5.459785461425781e-05,1,45
147,5.459785461425781e-05,1,45
148,5.459785461425781e-05,1,45
149,5.459785461425781e-05,1,45
150,5.459785461425781e-05,1,45
151,5.459785461425781e-05,1,45
152,5.459785461425781e-05,1,45
153,5.459785461425781e-05,1,45
154,5.459785461425781e-05,1,45
155,5.459785461425781e-05,1,45
156,5.459785461425781e-05,1,45
157,5.459785461425781e-05,1,45
158,5.459785461425781e-05,1,45
159,5.459785461425781e-05,1,45
160,5.459785461425781e-05,1,45
161,5.459785461425781e-05,1,45
162,5.459785461425781e-05,1,45
163,5.459785461425781e-05,1,45
164,5.459785461425781e-05,1,45
165,5.459785461425781e-05,1,45
166,5.459785461425781e-05,1,45
167,5.459785461425781e-05,1,45
168,5.459785461425781e-05,1,45
169,5.459785461425781e-05,1,45
170,5.459785461425781e-05,1,45
171,5.459785461425781e-05,1,45
172,5.459785461425781e-05,1,45
173,5.459785461425781e-05,1,45
174,5.459785461425781e-05,1,45
175,5.459785461425781e-05,1,45
176,5.459785461425781e-05,1,45
177,5.459785461425781e-05,1,45
178,5.459785461425781e-05,1,45
179,5.459785461425781e-05,1,45
180,5.459785461425781e-05,1,45
181,5.459785461425781e-05,1,45
182,5.459785461425781e-05,1,45
183,5.459785461425781e-05,1,45
184,5.459785461425781e-05,1,45
185,5.459785461425781e-05,1,45
186,5.459785461425781e-05,1,45
187,5.459785461425781e-05,1,45
188,5.459785461425781e-05,1,45
189,5.459785461425781e-05,1,45
190,5.459785461425781e-05,1,45
191,5.459785461425781e-05,1,45
192,5.459785461425781e-05,1,45
193,5.459785461425781e-05,1,45
194,5.459785461425781e-05,1,45
195,5.459785461425781e-05,1,45
196,5.459785461425781e-05,1,45
197,5.459785461425781e-05,1,45
198,5.459785461425781e-05,1,45
199,5.459785461425781e-05,1,45
200,5.459785461425781e-05,1,45
1,0.00012362003326416016,1,46
2,0.00012362003326416016,1,46
3,0.00012362003326416016,1,46
4,0.00013136863708496094,1,46
5,0.0001386404037475586,1,46
6,0.0001386404037475586,1,46
7,0.00015461444854736328,1,46
8,0.00015461444854736328,1,46
9,0.00032138824462890625,1,46
10,0.00032138824462890625,1,46
11,0.00032138824462890625,1,46
12,0.00032138824462890625,1,46
13,0.00032138824462890625,1,46
14,0.00032138824462890625,1,46
15,0.00032138824462890625,1,46
16,0.00036525726318359375,1,46
17,0.00036525726318359375,1,46
18,0.00036525726318359375,1,46
19,0.00036525726318359375,1,46
20,0.00036525726318359375,1,46
21,0.00036525726318359375,1,46
22,0.00036525726318359375,1,46
23,0.00036525726318359375,1,46
24,0.00036525726318359375,1,46
25,0.00036525726318359375,1,46
26,0.00036525726318359375,1,46
27,0.00036525726318359375,1,46
28,0.00036525726318359375,1,46
29,0.00036525726318359375,1,46
30,0.00036525726318359375,1,46
31,0.00036525726318359375,1,46
32,0.00036525726318359375,1,46
33,0.00036525726318359375,1,46
34,0.00036525726318359375,1,46
35,0.00036525726318359375,1,46
36,0.00036525726318359375,1,46
37,0.00036525726318359375,1,46
38,0.00036525726318359375,1,46
39,0.00036525726318359375,1,46
40,0.00036525726318359375,1,46
41,0.00036525726318359375,1,46
42,0.00036525726318359375,1,46
43,0.00036525726318359375,1,46
44,0.00036525726318359375,1,46
45,0.00036525726318359375,1,46
46,0.00036525726318359375,1,46
47,0.00036525726318359375,1,46
48,0.00036525726318359375,1,46
49,0.00036525726318359375,1,46
50,0.00036525726318359375,1,46
51,0.00036525726318359375,1,46
52,0.00036525726318359375,1,46
53,0.00036525726318359375,1,46
54,0.00036525726318359375,1,46
55,0.00036525726318359375,1,46
56,0.00036525726318359375,1,46
57,0.00036525726318359375,1,46
58,0.00036525726318359375,1,46
59,0.00036525726318359375,1,46
60,0.00036525726318359375,1,46
61,0.00036525726318359375,1,46
62,0.00036525726318359375,1,46
63,0.00036525726318359375,1,46
64,0.00036525726318359375,1,46
65,0.00036525726318359375,1,46
66,0.00036525726318359375,1,46
67,0.00036525726318359375,1,46
68,0.00036525726318359375,1,46
69,0.00036525726318359375,1,46
70,0.00036525726318359375,1,46
71,0.00036525726318359375,1,46
72,0.00036525726318359375,1,46
73,0.00036525726318359375,1,46
74,0.00036525726318359375,1,46
75,0.00036525726318359375,1,46
76,0.00036525726318359375,1,46
77,0.00036525726318359375,1,46
78,0.00036525726318359375,1,46
79,0.00036525726318359375,1,46
80,0.00036525726318359375,1,46
81,0.00036525726318359375,1,46
82,0.00036525726318359375,1,46
83,0.00036525726318359375,1,46
84,0.00036525726318359375,1,46
85,0.00036525726318359375,1,46
86,0.00036525726318359375,1,46
87,0.00036525726318359375,1,46
88,0.00036525726318359375,1,46
89,0.00036525726318359375,1,46
90,0.00036525726318359375,1,46
91,0.00036525726318359375,1,46
92,0.00036525726318359375,1,46
93,0.00036525726318359375,1,46
94,0.00036525726318359375,1,46
95,0.00036525726318359375,1,46
96,0.00036525726318359375,1,46
97,0.00036525726318359375,1,46
98,0.00036525726318359375,1,46
99,0.00036525726318359375,1,46
100,0.00036525726318359375,1,46
101,0.00036525726318359375,1,46
102,0.00036525726318359375,1,46
103,0.00036525726318359375,1,46
104,0.00036525726318359375,1,46
105,0.00036525726318359375,1,46
106,0.00036525726318359375,1,46
107,0.00036525726318359375,1,46
108,0.00036525726318359375,1,46
109,0.00036525726318359375,1,46
110,0.00036525726318359375,1,46
111,0.00036525726318359375,1,46
112,0.00036525726318359375,1,46
113,0.00036525726318359375,1,46
114,0.00036525726318359375,1,46
115,0.00036525726318359375,1,46
116,0.00036525726318359375,1,46
117,0.00036525726318359375,1,46
118,0.00036525726318359375,1,46
119,0.00036525726318359375,1,46
120,0.00036525726318359375,1,46
121,0.00036525726318359375,1,46
122,0.00036525726318359375,1,46
123,0.00036525726318359375,1,46
124,0.00036525726318359375,1,46
125,0.00036525726318359375,1,46
126,0.00036525726318359375,1,46
127,0.00036525726318359375,1,46
128,0.00036525726318359375,1,46
129,0.00036525726318359375,1,46
130,0.00036525726318359375,1,46
131,0.00036525726318359375,1,46
132,0.00036525726318359375,1,46
133,0.00036525726318359375,1,46
134,0.00036525726318359375,1,46
135,0.00036525726318359375,1,46
136,0.00036525726318359375,1,46
137,0.00036525726318359375,1,46
138,0.00036525726318359375,1,46
139,0.00036525726318359375,1,46
140,0.00036525726318359375,1,46
141,0.00036525726318359375,1,46
142,0.00036525726318359375,1,46
143,0.00036525726318359375,1,46
144,0.00036525726318359375,1,46
145,0.00036525726318359375,1,46
146,0.00036525726318359375,1,46
147,0.00036525726318359375,1,46
148,0.00036525726318359375,1,46
149,0.00036525726318359375,1,46
150,0.00036525726318359375,1,46
151,0.00036525726318359375,1,46
152,0.00036525726318359375,1,46
153,0.00036525726318359375,1,46
154,0.00036525726318359375,1,46
155,0.00036525726318359375,1,46
156,0.00036525726318359375,1,46
157,0.00036525726318359375,1,46
158,0.00036525726318359375,1,46
159,0.00036525726318359375,1,46
160,0.00036525726318359375,1,46
161,0.00036525726318359375,1,46
162,0.00036525726318359375,1,46
163,0.00036525726318359375,1,46
164,0.00036525726318359375,1,46
165,0.00036525726318359375,1,46
166,0.00036525726318359375,1,46
167,0.00036525726318359375,1,46
168,0.00036525726318359375,1,46
169,0.00036525726318359375,1,46
170,0.00036525726318359375,1,46
171,0.00036525726318359375,1,46
172,0.00036525726318359375,1,46
173,0.00036525726318359375,1,46
174,0.00036525726318359375,1,46
175,0.00036525726318359375,1,46
176,0.00036525726318359375,1,46
177,0.00036525726318359375,1,46
178,0.00036525726318359375,1,46
179,0.00036525726318359375,1,46
180,0.00036525726318359375,1,46
181,0.00036525726318359375,1,46
182,0.00036525726318359375,1,46
183,0.00036525726318359375,1,46
184,0.00036525726318359375,1,46
185,0.00036525726318359375,1,46
186,0.00036525726318359375,1,46
187,0.00036525726318359375,1,46
188,0.00036525726318359375,1,46
189,0.00036525726318359375,1,46
190,0.00036525726318359375,1,46
191,0.00036525726318359375,1,46
192,0.00036525726318359375,1,46
193,0.00036525726318359375,1,46
194,0.00036525726318359375,1,46
195,0.00036525726318359375,1,46
196,0.00036525726318359375,1,46
197,0.00036525726318359375,1,46
198,0.00036525726318359375,1,46
199,0.00036525726318359375,1,46
200,0.00036525726318359375,1,46
1,0.0007103681564331055,1,47
2,0.0007635354995727539,1,47
3,0.0007635354995727539,1,47
4,0.000825345516204834,1,47
5,0.0008317232131958008,1,47
6,0.0009101629257202148,1,47
7,0.0009101629257202148,1,47
8,0.0009101629257202148,1,47
9,0.0009101629257202148,1,47
10,0.0009101629257202148,1,47
11,0.0009101629257202148,1,47
12,0.0009477734565734863,1,47
13,0.0009477734565734863,1,47
14,0.0012655854225158691,1,47
15,0.0012655854225158691,1,47
16,0.001482546329498291,1,47
17,0.0016150474548339844,1,47
18,0.0016150474548339844,1,47
19,0.0016150474548339844,1,47
20,0.001662135124206543,1,47
21,0.001662135124206543,1,47
22,0.001662135124206543,1,47
23,0.001662135124206543,1,47
24,0.001662135124206543,1,47
25,0.001662135124206543,1,47
26,0.001662135124206543,1,47
27,0.001662135124206543,1,47
28,0.001662135124206543,1,47
29,0.001662135124206543,1,47
30,0.001662135124206543,1,47
31,0.001662135124206543,1,47
32,0.001662135124206543,1,47
33,0.001662135124206543,1,47
34,0.001662135124206543,1,47
35,0.001662135124206543,1,47
36,0.001662135124206543,1,47
37,0.001662135124206543,1,47
38,0.001662135124206543,1,47
39,0.001662135124206543,1,47
40,0.001662135124206543,1,47
41,0.001662135124206543,1,47
42,0.001662135124206543,1,47
43,0.001662135124206543,1,47
44,0.001662135124206543,1,47
45,0.001662135124206543,1,47
46,0.001662135124206543,1,47
47,0.001662135124206543,1,47
48,0.001662135124206543,1,47
49,0.001662135124206543,1,47
50,0.001662135124206543,1,47
51,0.001662135124206543,1,47
52,0.001662135124206543,1,47
53,0.001662135124206543,1,47
54,0.001662135124206543,1,47
55,0.001662135124206543,1,47
56,0.001662135124206543,1,47
57,0.001662135124206543,1,47
58,0.001662135124206543,1,47
59,0.001662135124206543,1,47
60,0.001662135124206543,1,47
61,0.001662135124206543,1,47
62,0.001662135124206543,1,47
63,0.001662135124206543,1,47
64,0.001662135124206543,1,47
65,0.001662135124206543,1,47
66,0.001662135124206543,1,47
67,0.001662135124206543,1,47
68,0.001662135124206543,1,47
69,0.001662135124206543,1,47
70,0.001662135124206543,1,47
71,0.001662135124206543,1,47
72,0.001662135124206543,1,47
73,0.001662135124206543,1,47
74,0.001662135124206543,1,47
75,0.001662135124206543,1,47
76,0.001662135124206543,1,47
77,0.001662135124206543,1,47
78,0.001662135124206543,1,47
79,0.001662135124206543,1,47
80,0.001662135124206543,1,47
81,0.001662135124206543,1,47
82,0.001662135124206543,1,47
83,0.001662135124206543,1,47
84,0.001662135124206543,1,47
85,0.001662135124206543,1,47
86,0.001662135124206543,1,47
87,0.001662135124206543,1,47
88,0.001662135124206543,1,47
89,0.001662135124206543,1,47
90,0.001662135124206543,1,47
91,0.001662135124206543,1,47
92,0.001662135124206543,1,47
93,0.001662135124206543,1,47
94,0.001662135124206543,1,47
95,0.001662135124206543,1,47
96,0.001662135124206543,1,47
97,0.001662135124206543,1,47
98,0.001662135124206543,1,47
99,0.001662135124206543,1,47
100,0.001662135124206543,1,47
101,0.001662135124206543,1,47
102,0.001662135124206543,1,47
103,0.001662135124206543,1,47
104,0.001662135124206543,1,47
105,0.001662135124206543,1,47
106,0.001662135124206543,1,47
107,0.001662135124206543,1,47
108,0.001662135124206543,1,47
109,0.001662135124206543,1,47
110,0.001662135124206543,1,47
111,0.001662135124206543,1,47
112,0.001662135124206543,1,47
113,0.001662135124206543,1,47
114,0.001662135124206543,1,47
115,0.001662135124206543,1,47
116,0.001662135124206543,1,47
117,0.001662135124206543,1,47
118,0.001662135124206543,1,47
119,0.001662135124206543,1,47
120,0.001662135124206543,1,47
121,0.001662135124206543,1,47
122,0.001662135124206543,1,47
123,0.001662135124206543,1,47
124,0.001662135124206543,1,47
125,0.001662135124206543,1,47
126,0.001662135124206543,1,47
127,0.001662135124206543,1,47
128,0.001662135124206543,1,47
129,0.001662135124206543,1,47
130,0.001662135124206543,1,47
131,0.001662135124206543,1,47
132,0.001662135124206543,1,47
133,0.001662135124206543,1,47
134,0.001662135124206543,1,47
135,0.001662135124206543,1,47
136,0.001662135124206543,1,47
137,0.001662135124206543,1,47
138,0.001662135124206543,1,47
139,0.001662135124206543,1,47
140,0.001662135124206543,1,47
141,0.001662135124206543,1,47
142,0.001662135124206543,1,47
143,0.001662135124206543,1,47
144,0.001662135124206543,1,47
145,0.001662135124206543,1,47
146,0.001662135124206543,1,47
147,0.001662135124206543,1,47
148,0.001662135124206543,1,47
149,0.001662135124206543,1,47
150,0.001662135124206543,1,47
151,0.001662135124206543,1,47
152,0.001662135124206543,1,47
153,0.001662135124206543,1,47
154,0.001662135124206543,1,47
155,0.001662135124206543,1,47
156,0.001662135124206543,1,47
157,0.001662135124206543,1,47
158,0.001662135124206543,1,47
159,0.001662135124206543,1,47
160,0.001662135124206543,1,47
161,0.001662135124206543,1,47
162,0.001662135124206543,1,47
163,0.001662135124206543,1,47
164,0.001662135124206543,1,47
165,0.001662135124206543,1,47
166,0.001662135124206543,1,47
167,0.001662135124206543,1,47
168,0.001662135124206543,1,47
169,0.001662135124206543,1,47
170,0.001662135124206543,1,47
171,0.001662135124206543,1,47
172,0.001662135124206543,1,47
173,0.001662135124206543,1,47
174,0.001662135124206543,1,47
175,0.001662135124206543,1,47
176,0.001662135124206543,1,47
177,0.001662135124206543,1,47
178,0.001662135124206543,1,47
179,0.001662135124206543,1,47
180,0.001662135124206543,1,47
181,0.001662135124206543,1,47
182,0.001662135124206543,1,47
183,0.001662135124206543,1,47
184,0.001662135124206543,1,47
185,0.001662135124206543,1,47
186,0.001662135124206543,1,47
187,0.001662135124206543,1,47
188,0.001662135124206543,1,47
189,0.001662135124206543,1,47
190,0.001662135124206543,1,47
191,0.001662135124206543,1,47
192,0.001662135124206543,1,47
193,0.001662135124206543,1,47
194,0.001662135124206543,1,47
195,0.001662135124206543,1,47
196,0.001662135124206543,1,47
197,0.001662135124206543,1,47
198,0.001662135124206543,1,47
199,0.001662135124206543,1,47
200,0.001662135124206543,1,47
1,0.5924323499202728,12,48
2,0.5103610455989838,6,48
3,0.49260056018829346,4,48
4,0.49260056018829346,4,48
5,0.6866288185119629,11,48
6,0.7440936863422394,14,48
7,0.6774819493293762,7,48
8,0.7558007687330246,10,48
9,0.8092074245214462,12,48
10,0.8788891434669495,15,48
11,0.8492351472377777,11,48
12,0.8871098458766937,9,48
13,0.8871098458766937,9,48
14,0.8871098458766937,9,48
15,0.8871098458766937,9,48
16,0.8871098458766937,9,48
17,0.8871098458766937,9,48
18,0.8871098458766937,9,48
19,0.8871098458766937,9,48
20,0.8871098458766937,9,48
21,0.8871098458766937,9,48
22,0.9735242165625095,12,48
23,0.9735242165625095,12,48
24,0.9735242165625095,12,48
25,0.9735242165625095,12,48
26,0.9735242165625095,12,48
27,0.9735242165625095,12,48
28,0.9735242165625095,12,48
29,0.9735242165625095,12,48
30,0.9735242165625095,12,48
31,0.9735242165625095,12,48
32,0.9735242165625095,12,48
33,0.9735242165625095,12,48
34,0.9735242165625095,12,48
35,0.9735242165625095,12,48
36,0.9735242165625095,12,48
37,0.9735242165625095,12,48
38,0.9735242165625095,12,48
39,0.9735242165625095,12,48
40,0.9735242165625095,12,48
41,0.9735242165625095,12,48
42,0.9735242165625095,12,48
43,0.9735242165625095,12,48
44,0.9735242165625095,12,48
45,0.9735242165625095,12,48
46,0.9735242165625095,12,48
47,0.9735242165625095,12,48
48,0.9735242165625095,12,48
49,0.9735242165625095,12,48
50,0.9735242165625095,12,48
51,0.9735242165625095,12,48
52,0.9735242165625095,12,48
53,0.9735242165625095,12,48
54,0.9735242165625095,12,48
55,0.9735242165625095,12,48
56,0.9735242165625095,12,48
57,0.9735242165625095,12,48
58,0.9735242165625095,12,48
59,0.9735242165625095,12,48
60,0.9735242165625095,12,48
61,0.9735242165625095,12,48
62,0.9735242165625095,12,48
63,0.9735242165625095,12,48
64,0.9735242165625095,12,48
65,0.9735242165625095,12,48
66,0.9735242165625095,12,48
67,0.9735242165625095,12,48
68,0.9735242165625095,12,48
69,0.9735242165625095,12,48
70,0.9735242165625095,12,48
71,0.9735242165625095,12,48
72,0.9735242165625095,12,48
73,0.9735242165625095,12,48
74,0.9735242165625095,12,48
75,0.9735242165625095,12,48
76,0.9737207926809788,12,48
77,0.9737207926809788,12,48
78,0.9737207926809788,12,48
79,0.9737207926809788,12,48
80,0.9737207926809788,12,48
81,0.9737207926809788,12,48
82,0.9737207926809788,12,48
83,0.9737207926809788,12,48
84,0.9737207926809788,12,48
85,0.9737207926809788,12,48
86,0.9738993588835001,12,48
87,0.9738993588835001,12,48
88,0.9738993588835001,12,48
89,0.9738993588835001,12,48
90,0.9738993588835001,12,48
91,0.9738993588835001,12,48
92,0.9738993588835001,12,48
93,0.9738993588835001,12,48
94,0.9738993588835001,12,48
95,0.9738993588835001,12,48
96,0.9738993588835001,12,48
97,0.9738993588835001,12,48
98,0.9738993588835001,12,48
99,0.9738993588835001,12,48
100,0.9738993588835001,12,48
101,0.9738993588835001,12,48
102,0.9738993588835001,12,48
103,0.9738993588835001,12,48
104,0.9738993588835001,12,48
105,0.9738993588835001,12,48
106,0.9738993588835001,12,48
107,0.9738993588835001,12,48
108,0.9738993588835001,12,48
109,0.9738993588835001,12,48
110,0.9738993588835001,12,48
111,0.9738993588835001,12,48
112,0.9738993588835001,12,48
113,0.9738993588835001,12,48
114,0.9738993588835001,12,48
115,0.9738993588835001,12,48
116,0.9738993588835001,12,48
117,0.9738993588835001,12,48
118,0.9738993588835001,12,48
119,0.9791042748838663,12,48
120,0.9791042748838663,12,48
121,0.9791042748838663,12,48
122,0.9791042748838663,12,48
123,0.9791042748838663,12,48
124,0.9791042748838663,12,48
125,0.9791042748838663,12,48
126,0.9791042748838663,12,48
127,0.9667455218732357,11,48
128,0.9667455218732357,11,48
129,0.9667455218732357,11,48
130,0.9667455218732357,11,48
131,0.986258789896965,12,48
132,0.986258789896965,12,48
133,0.986258789896965,12,48
134,0.986258789896965,12,48
135,0.986258789896965,12,48
136,0.986258789896965,12,48
137,0.986258789896965,12,48
138,0.986258789896965,12,48
139,0.986258789896965,12,48
140,0.986258789896965,12,48
141,0.986258789896965,12,48
142,0.986258789896965,12,48
143,0.986258789896965,12,48
144,0.986258789896965,12,48
145,0.986258789896965,12,48
146,0.986258789896965,12,48
147,0.9641908928751945,10,48
148,0.9641908928751945,10,48
149,0.9641908928751945,10,48
150,0.9641908928751945,10,48
151,0.9641908928751945,10,48
152,0.9641908928751945,10,48
153,0.9641908928751945,10,48
154,0.9641908928751945,10,48
155,0.9641908928751945,10,48
156,0.9641908928751945,10,48
157,0.9641908928751945,10,48
158,0.9641908928751945,10,48
159,0.9641908928751945,10,48
160,0.9641908928751945,10,48
161,0.9641908928751945,10,48
162,0.9641908928751945,10,48
163,0.9641908928751945,10,48
164,0.9641908928751945,10,48
165,0.9641908928751945,10,48
166,0.9641908928751945,10,48
167,0.9641908928751945,10,48
168,0.9641908928751945,10,48
169,0.9641908928751945,10,48
170,0.9641908928751945,10,48
171,0.9641908928751945,10,48
172,0.9641908928751945,10,48
173,0.9641908928751945,10,48
174,0.9641908928751945,10,48
175,0.9641908928751945,10,48
176,0.9641908928751945,10,48
177,0.9641908928751945,10,48
178,0.9641908928751945,10,48
179,0.9641908928751945,10,48
180,0.9641908928751945,10,48
181,0.9641908928751945,10,48
182,0.9641908928751945,10,48
183,0.9641908928751945,10,48
184,0.9641908928751945,10,48
185,0.9641908928751945,10,48
186,0.9661926738917828,10,48
187,0.9661926738917828,10,48
188,0.9661926738917828,10,48
189,0.9661926738917828,10,48
190,0.9661926738917828,10,48
191,0.9661926738917828,10,48
192,0.9661926738917828,10,48
193,0.9661926738917828,10,48
194,0.9712770711630583,10,48
195,0.9712770711630583,10,48
196,0.9777457173913717,10,48
197,0.9777457173913717,10,48
198,0.9777457173913717,10,48
199,0.9777457173913717,10,48
200,0.9777457173913717,10,48
1,0.5960703790187836,3,49
2,0.6202718913555145,3,49
3,0.6364861130714417,2,49
4,0.6364861130714417,2,49
5,0.6364861130714417,2,49
6,0.6364861130714417,2,49
7,0.738961786031723,5,49
8,0.7404304146766663,4,49
9,0.7404304146766663,4,49
10,0.7404304146766663,4,49
11,0.7485003769397736,3,49
12,0.7884553670883179,5,49
13,0.797971561551094,4,49
14,0.797971561551094,4,49
15,0.797971561551094,4,49
16,0.855338454246521,6,49
17,0.8493418991565704,5,49
18,0.9021331071853638,5,49
19,0.9021331071853638,5,49
20,0.9021331071853638,5,49
21,0.9021331071853638,5,49
22,0.9021331071853638,5,49
23,0.9021331071853638,5,49
24,0.9449106752872467,7,49
25,0.9449106752872467,7,49
26,0.9449106752872467,7,49
27,0.9246629029512405,5,49
28,0.9246629029512405,5,49
29,0.9246629029512405,5,49
30,0.9246629029512405,5,49
31,0.9246629029512405,5,49
32,0.9246629029512405,5,49
33,0.9246629029512405,5,49
34,0.9246629029512405,5,49
35,0.9246629029512405,5,49
36,0.9466823078691959,5,49
37,0.9466823078691959,5,49
38,0.9466823078691959,5,49
39,0.9466823078691959,5,49
40,0.9466823078691959,5,49
41,0.9466823078691959,5,49
42,0.9466823078691959,5,49
43,0.9466823078691959,5,49
44,0.9466823078691959,5,49
45,0.9466823078691959,5,49
46,0.9466823078691959,5,49
47,0.9466823078691959,5,49
48,0.9466823078691959,5,49
49,0.9466823078691959,5,49
50,0.9861459108069539,7,49
51,0.9861459108069539,7,49
52,0.9861459108069539,7,49
53,0.9861459108069539,7,49
54,0.9861459108069539,7,49
55,0.9861459108069539,7,49
56,0.9861459108069539,7,49
57,0.9861459108069539,7,49
58,0.9861459108069539,7,49
59,0.9861459108069539,7,49
60,0.9862864604219794,7,49
61,0.9862864604219794,7,49
62,0.9862864604219794,7,49
63,0.9862864604219794,7,49
64,0.9862864604219794,7,49
65,0.9862864604219794,7,49
66,0.9862864604219794,7,49
67,0.9862864604219794,7,49
68,0.9862864604219794,7,49
69,0.9862864604219794,7,49
70,0.9862864604219794,7,49
71,0.9862864604219794,7,49
72,0.9862864604219794,7,49
73,0.9862864604219794,7,49
74,0.9862864604219794,7,49
75,0.9862864604219794,7,49
76,0.9862864604219794,7,49
77,0.9862864604219794,7,49
78,0.9862864604219794,7,49
79,0.9862864604219794,7,49
80,0.9862864604219794,7,49
81,0.9862864604219794,7,49
82,0.9862864604219794,7,49
83,0.9862864604219794,7,49
84,0.9862864604219794,7,49
85,0.9862864604219794,7,49
86,0.9862864604219794,7,49
87,0.9862864604219794,7,49
88,0.9862864604219794,7,49
89,0.9862864604219794,7,49
90,0.9862864604219794,7,49
91,0.9862864604219794,7,49
92,0.9862864604219794,7,49
93,0.9862864604219794,7,49
94,0.9862864604219794,7,49
95,0.9862864604219794,7,49
96,0.9862864604219794,7,49
97,0.9862864604219794,7,49
98,0.9862864604219794,7,49
99,0.9862864604219794,7,49
100,0.9862864604219794,7,49
101,0.9862864604219794,7,49
102,0.9862864604219794,7,49
103,0.9862864604219794,7,49
104,0.9862864604219794,7,49
105,0.9862864604219794,7,49
106,0.9862864604219794,7,49
107,0.9862864604219794,7,49
108,0.9862864604219794,7,49
109,0.9862864604219794,7,49
110,0.9862864604219794,7,49
111,0.9862864604219794,7,49
112,0.9862864604219794,7,49
113,0.9862864604219794,7,49
114,0.9862864604219794,7,49
115,0.9862864604219794,7,49
116,0.9862864604219794,7,49
117,0.9862864604219794,7,49
118,0.9862864604219794,7,49
119,0.9862864604219794,7,49
120,0.9862864604219794,7,49
121,0.9862864604219794,7,49
122,0.9862864604219794,7,49
123,0.9862864604219794,7,49
124,0.9862864604219794,7,49
125,0.9862864604219794,7,49
126,0.9862864604219794,7,49
127,0.9862864604219794,7,49
128,0.9862864604219794,7,49
129,0.9862864604219794,7,49
130,0.9862864604219794,7,49
131,0.9862864604219794,7,49
132,0.9862864604219794,7,49
133,0.9862864604219794,7,49
134,0.9862864604219794,7,49
135,0.9862864604219794,7,49
136,0.9862864604219794,7,49
137,0.9862864604219794,7,49
138,0.9862864604219794,7,49
139,0.9863865496590734,7,49
140,0.9863865496590734,7,49
141,0.9741845615208149,6,49
142,0.9741845615208149,6,49
143,0.9741845615208149,6,49
144,0.9741845615208149,6,49
145,0.9741845615208149,6,49
146,0.9741845615208149,6,49
147,0.9741845615208149,6,49
148,0.9741845615208149,6,49
149,0.9741845615208149,6,49
150,0.9741845615208149,6,49
151,0.9741845615208149,6,49
152,0.9741845615208149,6,49
153,0.9741845615208149,6,49
154,0.9741845615208149,6,49
155,0.9741845615208149,6,49
156,0.9741845615208149,6,49
157,0.9741845615208149,6,49
158,0.9741845615208149,6,49
159,0.9741845615208149,6,49
160,0.9579024836421013,5,49
161,0.9759949892759323,5,49
162,0.9759949892759323,5,49
163,0.9759949892759323,5,49
164,0.9759949892759323,5,49
165,0.9759949892759323,5,49
166,0.9759949892759323,5,49
167,0.9759949892759323,5,49
168,0.9759949892759323,5,49
169,0.9759949892759323,5,49
170,0.9759949892759323,5,49
171,0.9759949892759323,5,49
172,0.9759949892759323,5,49
173,0.9759949892759323,5,49
174,0.9759949892759323,5,49
175,0.9759949892759323,5,49
176,0.9759949892759323,5,49
177,0.9759949892759323,5,49
178,0.9759949892759323,5,49
179,0.9759949892759323,5,49
180,0.9759949892759323,5,49
181,0.9759949892759323,5,49
182,0.9759949892759323,5,49
183,0.9759949892759323,5,49
184,0.9759949892759323,5,49
185,0.9759949892759323,5,49
186,0.9759949892759323,5,49
187,0.9759949892759323,5,49
188,0.9759949892759323,5,49
189,0.9759949892759323,5,49
190,0.9759949892759323,5,49
191,0.9759949892759323,5,49
192,0.9759949892759323,5,49
193,0.9759949892759323,5,49
194,0.9759949892759323,5,49
195,0.9759949892759323,5,49
196,0.9759949892759323,5,49
197,0.9759949892759323,5,49
198,0.9759949892759323,5,49
199,0.9759949892759323,5,49
200,0.9759949892759323,5,49
1,1.7642974853515625e-05,1,50
2,1.7642974853515625e-05,1,50
3,1.7642974853515625e-05,1,50
4,1.7642974853515625e-05,1,50
5,1.7642974853515625e-05,1,50
6,1.823902130126953e-05,1,50
7,1.823902130126953e-05,1,50
8,1.823902130126953e-05,1,50
9,1.823902130126953e-05,1,50
10,2.5033950805664062e-05,1,50
11,2.682209014892578e-05,1,50
12,2.682209014892578e-05,1,50
13,2.682209014892578e-05,1,50
14,5.5909156799316406e-05,1,50
15,5.5909156799316406e-05,1,50
16,5.5909156799316406e-05,1,50
17,5.5909156799316406e-05,1,50
18,5.5909156799316406e-05,1,50
19,5.5909156799316406e-05,1,50
20,5.5909156799316406e-05,1,50
21,5.5909156799316406e-05,1,50
22,5.5909156799316406e-05,1,50
23,5.5909156799316406e-05,1,50
24,6.139278411865234e-05,1,50
25,6.139278411865234e-05,1,50
26,6.139278411865234e-05,1,50
27,6.139278411865234e-05,1,50
28,6.139278411865234e-05,1,50
29,6.139278411865234e-05,1,50
30,6.139278411865234e-05,1,50
31,6.139278411865234e-05,1,50
32,6.139278411865234e-05,1,50
33,6.139278411865234e-05,1,50
34,6.139278411865234e-05,1,50
35,6.139278411865234e-05,1,50
36,6.139278411865234e-05,1,50
37,6.139278411865234e-05,1,50
38,6.139278411865234e-05,1,50
39,6.139278411865234e-05,1,50
40,6.139278411865234e-05,1,50
41,6.139278411865234e-05,1,50
42,6.139278411865234e-05,1,50
43,6.139278411865234e-05,1,50
44,6.139278411865234e-05,1,50
45,6.139278411865234e-05,1,50
46,6.139278411865234e-05,1,50
47,6.139278411865234e-05,1,50
48,6.139278411865234e-05,1,50
49,6.139278411865234e-05,1,50
50,6.139278411865234e-05,1,50
51,6.139278411865234e-05,1,50
52,6.139278411865234e-05,1,50
53,6.139278411865234e-05,1,50
54,6.139278411865234e-05,1,50
55,6.139278411865234e-05,1,50
56,6.139278411865234e-05,1,50
57,6.139278411865234e-05,1,50
58,6.139278411865234e-05,1,50
59,6.139278411865234e-05,1,50
60,6.139278411865234e-05,1,50
61,6.139278411865234e-05,1,50
62,6.139278411865234e-05,1,50
63,6.139278411865234e-05,1,50
64,6.139278411865234e-05,1,50
65,6.139278411865234e-05,1,50
66,6.139278411865234e-05,1,50
67,6.139278411865234e-05,1,50
68,6.139278411865234e-05,1,50
69,6.139278411865234e-05,1,50
70,6.139278411865234e-05,1,50
71,6.139278411865234e-05,1,50
72,6.139278411865234e-05,1,50
73,6.139278411865234e-05,1,50
74,6.139278411865234e-05,1,50
75,6.139278411865234e-05,1,50
76,6.139278411865234e-05,1,50
77,6.139278411865234e-05,1,50
78,6.139278411865234e-05,1,50
79,6.139278411865234e-05,1,50
80,6.139278411865234e-05,1,50
81,6.139278411865234e-05,1,50
82,6.139278411865234e-05,1,50
83,6.139278411865234e-05,1,50
84,6.139278411865234e-05,1,50
85,6.139278411865234e-05,1,50
86,6.139278411865234e-05,1,50
87,6.139278411865234e-05,1,50
88,6.139278411865234e-05,1,50
89,6.139278411865234e-05,1,50
90,6.139278411865234e-05,1,50
91,6.139278411865234e-05,1,50
92,6.139278411865234e-05,1,50
93,6.139278411865234e-05,1,50
94,6.139278411865234e-05,1,50
95,6.139278411865234e-05,1,50
96,6.139278411865234e-05,1,50
97,6.139278411865234e-05,1,50
98,6.139278411865234e-05,1,50
99,6.139278411865234e-05,1,50
100,6.139278411865234e-05,1,50
101,6.139278411865234e-05,1,50
102,6.139278411865234e-05,1,50
103,6.139278411865234e-05,1,50
104,6.139278411865234e-05,1,50
105,6.139278411865234e-05,1,50
106,6.139278411865234e-05,1,50
107,6.139278411865234e-05,1,50
108,6.139278411865234e-05,1,50
109,6.139278411865234e-05,1,50
110,6.139278411865234e-05,1,50
111,6.139278411865234e-05,1,50
112,6.139278411865234e-05,1,50
113,6.139278411865234e-05,1,50
114,6.139278411865234e-05,1,50
115,6.139278411865234e-05,1,50
116,6.139278411865234e-05,1,50
117,6.139278411865234e-05,1,50
118,6.139278411865234e-05,1,50
119,6.139278411865234e-05,1,50
120,6.139278411865234e-05,1,50
121,6.139278411865234e-05,1,50
122,6.139278411865234e-05,1,50
123,6.139278411865234e-05,1,50
124,6.139278411865234e-05,1,50
125,6.139278411865234e-05,1,50
126,6.139278411865234e-05,1,50
127,6.139278411865234e-05,1,50
128,6.139278411865234e-05,1,50
129,6.139278411865234e-05,1,50
130,6.139278411865234e-05,1,50
131,6.139278411865234e-05,1,50
132,6.139278411865234e-05,1,50
133,6.139278411865234e-05,1,50
134,6.139278411865234e-05,1,50
135,6.139278411865234e-05,1,50
136,6.139278411865234e-05,1,50
137,6.139278411865234e-05,1,50
138,6.139278411865234e-05,1,50
139,6.139278411865234e-05,1,50
140,6.139278411865234e-05,1,50
141,6.139278411865234e-05,1,50
142,6.139278411865234e-05,1,50
143,6.139278411865234e-05,1,50
144,6.139278411865234e-05,1,50
145,6.139278411865234e-05,1,50
146,6.139278411865234e-05,1,50
147,6.139278411865234e-05,1,50
148,6.139278411865234e-05,1,50
149,6.139278411865234e-05,1,50
150,6.139278411865234e-05,1,50
151,6.139278411865234e-05,1,50
152,6.139278411865234e-05,1,50
153,6.139278411865234e-05,1,50
154,6.139278411865234e-05,1,50
155,6.139278411865234e-05,1,50
156,6.139278411865234e-05,1,50
157,6.139278411865234e-05,1,50
158,6.139278411865234e-05,1,50
159,6.139278411865234e-05,1,50
160,6.139278411865234e-05,1,50
161,6.139278411865234e-05,1,50
162,6.139278411865234e-05,1,50
163,6.139278411865234e-05,1,50
164,6.139278411865234e-05,1,50
165,6.139278411865234e-05,1,50
166,6.139278411865234e-05,1,50
167,6.139278411865234e-05,1,50
168,6.139278411865234e-05,1,50
169,6.139278411865234e-05,1,50
170,6.139278411865234e-05,1,50
171,6.139278411865234e-05,1,50
172,6.139278411865234e-05,1,50
173,6.139278411865234e-05,1,50
174,6.139278411865234e-05,1,50
175,6.139278411865234e-05,1,50
176,6.139278411865234e-05,1,50
177,6.139278411865234e-05,1,50
178,6.139278411865234e-05,1,50
179,6.139278411865234e-05,1,50
180,6.139278411865234e-05,1,50
181,6.139278411865234e-05,1,50
182,6.139278411865234e-05,1,50
183,6.139278411865234e-05,1,50
184,6.139278411865234e-05,1,50
185,6.139278411865234e-05,1,50
186,6.139278411865234e-05,1,50
187,6.139278411865234e-05,1,50
188,6.139278411865234e-05,1,50
189,6.139278411865234e-05,1,50
190,6.139278411865234e-05,1,50
191,6.139278411865234e-05,1,50
192,6.139278411865234e-05,1,50
193,6.139278411865234e-05,1,50
194,6.139278411865234e-05,1,50
195,6.139278411865234e-05,1,50
196,6.139278411865234e-05,1,50
197,6.139278411865234e-05,1,50
198,6.139278411865234e-05,1,50
199,6.139278411865234e-05,1,50
200,6.139278411865234e-05,1,50
1,0.9996346678235568,1,51
2,0.9996361199009698,1,51
3,0.9996434985660017,1,51
4,0.9996434985660017,1,51
5,0.9997052317776252,1,51
6,0.9997052317776252,1,51
7,0.9997052317776252,1,51
8,0.9997052317776252,1,51
9,0.9997348397446331,1,51
10,0.9997348397446331,1,51
11,0.9997348397446331,1,51
12,0.9997348397446331,1,51
13,0.9998057444463484,1,51
14,0.9998057444463484,1,51
15,0.9998057444463484,1,51
16,0.9998057444463484,1,51
17,0.999817671297933,1,51
18,0.999817671297933,1,51
19,0.999817671297933,1,51
20,0.999817671297933,1,51
21,0.999817671297933,1,51
22,0.9998238445696188,1,51
23,0.9998238445696188,1,51
24,0.9998238445696188,1,51
25,0.9998238445696188,1,51
26,0.9998238445696188,1,51
27,0.9998238445696188,1,51
28,0.9998238445696188,1,51
29,0.9998238445696188,1,51
30,0.9998238445696188,1,51
31,0.9998238445696188,1,51
32,0.9998238445696188,1,51
33,0.9998238445696188,1,51
34,0.9998238445696188,1,51
35,0.9998238445696188,1,51
36,0.9998238445696188,1,51
37,0.9998238445696188,1,51
38,0.9998238445696188,1,51
39,0.9998238445696188,1,51
40,0.9998238445696188,1,51
41,0.9998271585354814,1,51
42,0.9998271585354814,1,51
43,0.9998271585354814,1,51
44,0.9998308360518422,1,51
45,0.9998308360518422,1,51
46,0.9998308360518422,1,51
47,0.9998308360518422,1,51
48,0.9998308360518422,1,51
49,0.9998308360518422,1,51
50,0.9998308360518422,1,51
51,0.9998308360518422,1,51
52,0.9998308360518422,1,51
53,0.9998308360518422,1,51
54,0.9998308360518422,1,51
55,0.9998308360518422,1,51
56,0.9998308360518422,1,51
57,0.9998308360518422,1,51
58,0.9998308360518422,1,51
59,0.9998308360518422,1,51
60,0.9998308360518422,1,51
61,0.9998308360518422,1,51
62,0.9998308360518422,1,51
63,0.9998308360518422,1,51
64,0.9998308360518422,1,51
65,0.9998308360518422,1,51
66,0.9998308360518422,1,51
67,0.9998308360518422,1,51
68,0.9998308360518422,1,51
69,0.9998308360518422,1,51
70,0.9998308360518422,1,51
71,0.9998308360518422,1,51
72,0.9998308360518422,1,51
73,0.9998308360518422,1,51
74,0.9998308360518422,1,51
75,0.9998308360518422,1,51
76,0.9998308360518422,1,51
77,0.9998308360518422,1,51
78,0.9998308360518422,1,51
79,0.9998308360518422,1,51
80,0.9998308360518422,1,51
81,0.9998308360518422,1,51
82,0.9998308360518422,1,51
83,0.9998308360518422,1,51
84,0.9998308360518422,1,51
85,0.9998308360518422,1,51
86,0.9998308360518422,1,51
87,0.9998308360518422,1,51
88,0.9998308360518422,1,51
89,0.9998308360518422,1,51
90,0.9998308360518422,1,51
91,0.9998308360518422,1,51
92,0.9998308360518422,1,51
93,0.9998308360518422,1,51
94,0.9998308360518422,1,51
95,0.9998308360518422,1,51
96,0.9998308360518422,1,51
97,0.9998308360518422,1,51
98,0.9998308360518422,1,51
99,0.9998308360518422,1,51
100,0.9998308360518422,1,51
101,0.9998308360518422,1,51
102,0.9998308360518422,1,51
103,0.9998308360518422,1,51
104,0.9998308360518422,1,51
105,0.9998308360518422,1,51
106,0.9998308360518422,1,51
107,0.9998308360518422,1,51
108,0.9998308360518422,1,51
109,0.9998308360518422,1,51
110,0.9998308360518422,1,51
111,0.9998308360518422,1,51
112,0.9998308360518422,1,51
113,0.9998308360518422,1,51
114,0.9998308360518422,1,51
115,0.9998308360518422,1,51
116,0.9998308360518422,1,51
117,0.9998308360518422,1,51
118,0.9998308360518422,1,51
119,0.9998308360518422,1,51
120,0.9998308360518422,1,51
121,0.9998308360518422,1,51
122,0.9998308360518422,1,51
123,0.9998308360518422,1,51
124,0.9998308360518422,1,51
125,0.9998308360518422,1,51
126,0.9998308360518422,1,51
127,0.9998308360518422,1,51
128,0.9998308360518422,1,51
129,0.9998308360518422,1,51
130,0.9998308360518422,1,51
131,0.9998308360518422,1,51
132,0.9998308360518422,1,51
133,0.9998308360518422,1,51
134,0.9998308360518422,1,51
135,0.9998308360518422,1,51
136,0.9998308360518422,1,51
137,0.9998308360518422,1,51
138,0.9998308360518422,1,51
139,0.9998308360518422,1,51
140,0.9998308360518422,1,51
141,0.9998308360518422,1,51
142,0.9998308360518422,1,51
143,0.9998308360518422,1,51
144,0.9998308360518422,1,51
145,0.9998308360518422,1,51
146,0.9998308360518422,1,51
147,0.9998308360518422,1,51
148,0.9998308360518422,1,51
149,0.9998308360518422,1,51
150,0.9998308360518422,1,51
151,0.9998308360518422,1,51
152,0.9998308360518422,1,51
153,0.9998308360518422,1,51
154,0.9998308360518422,1,51
155,0.9998308360518422,1,51
156,0.9998308360518422,1,51
157,0.9998308360518422,1,51
158,0.9998308360518422,1,51
159,0.9998308360518422,1,51
160,0.9998308360518422,1,51
161,0.9998308360518422,1,51
162,0.9998308360518422,1,51
163,0.9998308360518422,1,51
164,0.9998308360518422,1,51
165,0.9998308360518422,1,51
166,0.9998308360518422,1,51
167,0.9998308360518422,1,51
168,0.9998308360518422,1,51
169,0.9998308360518422,1,51
170,0.9998308360518422,1,51
171,0.9998308360518422,1,51
172,0.9998308360518422,1,51
173,0.9998308360518422,1,51
174,0.9998308360518422,1,51
175,0.9998308360518422,1,51
176,0.9998308360518422,1,51
177,0.9998308360518422,1,51
178,0.9998308360518422,1,51
179,0.9998308360518422,1,51
180,0.9998308360518422,1,51
181,0.9998308360518422,1,51
182,0.9998308360518422,1,51
183,0.9998308360518422,1,51
184,0.9998308360518422,1,51
185,0.9998308360518422,1,51
186,0.9998308360518422,1,51
187,0.9998308360518422,1,51
188,0.9998308360518422,1,51
189,0.9998308360518422,1,51
190,0.9998308360518422,1,51
191,0.9998308360518422,1,51
192,0.9998308360518422,1,51
193,0.9998308360518422,1,51
194,0.9998308360518422,1,51
195,0.9998308360518422,1,51
196,0.9998308360518422,1,51
197,0.9998308360518422,1,51
198,0.9998308360518422,1,51
199,0.9998308360518422,1,51
200,0.9998308360518422,1,51
1,0.00031626224517822266,1,52
2,0.00031626224517822266,1,52
3,0.00031626224517822266,1,52
4,0.0003268718719482422,1,52
5,0.0003336668014526367,1,52
6,0.0003420114517211914,1,52
7,0.0003420114517211914,1,52
8,0.0003629922866821289,1,52
9,0.0003629922866821289,1,52
10,0.0003815889358520508,1,52
11,0.0003979802131652832,1,52
12,0.0004280209541320801,1,52
13,0.0004280209541320801,1,52
14,0.0004280209541320801,1,52
15,0.0005434155464172363,1,52
16,0.0005434155464172363,1,52
17,0.0005434155464172363,1,52
18,0.0005434155464172363,1,52
19,0.0005434155464172363,1,52
20,0.0005434155464172363,1,52
21,0.0005939006805419922,1,52
22,0.0005939006805419922,1,52
23,0.0005939006805419922,1,52
24,0.0005939006805419922,1,52
25,0.0005939006805419922,1,52
26,0.0005939006805419922,1,52
27,0.0005939006805419922,1,52
28,0.0005939006805419922,1,52
29,0.0005939006805419922,1,52
30,0.0005939006805419922,1,52
31,0.0005939006805419922,1,52
32,0.0005939006805419922,1,52
33,0.0005939006805419922,1,52
34,0.0005939006805419922,1,52
35,0.0005939006805419922,1,52
36,0.0005939006805419922,1,52
37,0.0005939006805419922,1,52
38,0.0005939006805419922,1,52
39,0.0005939006805419922,1,52
40,0.0005939006805419922,1,52
41,0.0005939006805419922,1,52
42,0.0005939006805419922,1,52
43,0.0005939006805419922,1,52
44,0.0005939006805419922,1,52
45,0.0005939006805419922,1,52
46,0.0005939006805419922,1,52
47,0.0005939006805419922,1,52
48,0.0005939006805419922,1,52
49,0.0005939006805419922,1,52
50,0.0005939006805419922,1,52
51,0.0005939006805419922,1,52
52,0.0005939006805419922,1,52
53,0.0005939006805419922,1,52
54,0.0005939006805419922,1,52
55,0.0005939006805419922,1,52
56,0.0005939006805419922,1,52
57,0.0005939006805419922,1,52
58,0.0005939006805419922,1,52
59,0.0005939006805419922,1,52
60,0.0005939006805419922,1,52
61,0.0005939006805419922,1,52
62,0.0005939006805419922,1,52
63,0.0005939006805419922,1,52
64,0.0005939006805419922,1,52
65,0.0005939006805419922,1,52
66,0.0005939006805419922,1,52
67,0.0005939006805419922,1,52
68,0.0005939006805419922,1,52
69,0.0005939006805419922,1,52
70,0.0005939006805419922,1,52
71,0.0005939006805419922,1,52
72,0.0005939006805419922,1,52
73,0.0005939006805419922,1,52
74,0.0005939006805419922,1,52
75,0.0005939006805419922,1,52
76,0.0005939006805419922,1,52
77,0.0005939006805419922,1,52
78,0.0005939006805419922,1,52
79,0.0005939006805419922,1,52
80,0.0005939006805419922,1,52
81,0.0005939006805419922,1,52
82,0.0005939006805419922,1,52
83,0.0005939006805419922,1,52
84,0.0005939006805419922,1,52
85,0.0005939006805419922,1,52
86,0.0005939006805419922,1,52
87,0.0005939006805419922,1,52
88,0.0005939006805419922,1,52
89,0.0005939006805419922,1,52
90,0.0005939006805419922,1,52
91,0.0005939006805419922,1,52
92,0.0005939006805419922,1,52
93,0.0005939006805419922,1,52
94,0.0005939006805419922,1,52
95,0.0005939006805419922,1,52
96,0.0005939006805419922,1,52
97,0.0005939006805419922,1,52
98,0.0005939006805419922,1,52
99,0.0005939006805419922,1,52
100,0.0005939006805419922,1,52
101,0.0005939006805419922,1,52
102,0.0005939006805419922,1,52
103,0.0005939006805419922,1,52
104,0.0005939006805419922,1,52
105,0.0005939006805419922,1,52
106,0.0005939006805419922,1,52
107,0.0005939006805419922,1,52
108,0.0005939006805419922,1,52
109,0.0005939006805419922,1,52
110,0.0005939006805419922,1,52
111,0.0005939006805419922,1,52
112,0.0005939006805419922,1,52
113,0.0005939006805419922,1,52
114,0.0005939006805419922,1,52
115,0.0005939006805419922,1,52
116,0.0005939006805419922,1,52
117,0.0005939006805419922,1,52
118,0.0005939006805419922,1,52
119,0.0005939006805419922,1,52
120,0.0005939006805419922,1,52
121,0.0005939006805419922,1,52
122,0.0005939006805419922,1,52
123,0.0005939006805419922,1,52
124,0.0005939006805419922,1,52
125,0.0005939006805419922,1,52
126,0.0005939006805419922,1,52
127,0.0005939006805419922,1,52
128,0.0005939006805419922,1,52
129,0.0005939006805419922,1,52
130,0.0005939006805419922,1,52
131,0.0005939006805419922,1,52
132,0.0005939006805419922,1,52
133,0.0005939006805419922,1,52
134,0.0005939006805419922,1,52
135,0.0005939006805419922,1,52
136,0.0005939006805419922,1,52
137,0.0005939006805419922,1,52
138,0.0005939006805419922,1,52
139,0.0005939006805419922,1,52
140,0.0005939006805419922,1,52
141,0.0005939006805419922,1,52
142,0.0005939006805419922,1,52
143,0.0005939006805419922,1,52
144,0.0005939006805419922,1,52
145,0.0005939006805419922,1,52
146,0.0005939006805419922,1,52
147,0.0005939006805419922,1,52
148,0.0005939006805419922,1,52
149,0.0005939006805419922,1,52
150,0.0005939006805419922,1,52
151,0.0005939006805419922,1,52
152,0.0005939006805419922,1,52
153,0.0005939006805419922,1,52
154,0.0005939006805419922,1,52
155,0.0005939006805419922,1,52
156,0.0005939006805419922,1,52
157,0.0005939006805419922,1,52
158,0.0005939006805419922,1,52
159,0.0005939006805419922,1,52
160,0.0005939006805419922,1,52
161,0.0005939006805419922,1,52
162,0.0005939006805419922,1,52
163,0.0005939006805419922,1,52
164,0.0005939006805419922,1,52
165,0.0005939006805419922,1,52
166,0.0005939006805419922,1,52
167,0.0005939006805419922,1,52
168,0.0005939006805419922,1,52
169,0.0005939006805419922,1,52
170,0.0005939006805419922,1,52
171,0.0005939006805419922,1,52
172,0.0005939006805419922,1,52
173,0.0005939006805419922,1,52
174,0.0005939006805419922,1,52
175,0.0005939006805419922,1,52
176,0.0005939006805419922,1,52
177,0.0005939006805419922,1,52
178,0.0005939006805419922,1,52
179,0.0005939006805419922,1,52
180,0.0005939006805419922,1,52
181,0.0005939006805419922,1,52
182,0.0005939006805419922,1,52
183,0.0005939006805419922,1,52
184,0.0005939006805419922,1,52
185,0.0005939006805419922,1,52
186,0.0005939006805419922,1,52
187,0.0005939006805419922,1,52
188,0.0005939006805419922,1,52
189,0.0005939006805419922,1,52
190,0.0005939006805419922,1,52
191,0.0005939006805419922,1,52
192,0.0005939006805419922,1,52
193,0.0005939006805419922,1,52
194,0.0005939006805419922,1,52
195,0.0005939006805419922,1,52
196,0.0005939006805419922,1,52
197,0.0005939006805419922,1,52
198,0.0005939006805419922,1,52
199,0.0005939006805419922,1,52
200,0.0005939006805419922,1,52
1,2.384185791015625e-06,1,53
2,2.384185791015625e-06,1,53
3,2.384185791015625e-06,1,53
4,2.5033950805664062e-06,1,53
5,2.5033950805664062e-06,1,53
6,2.6226043701171875e-06,1,53
7,2.6226043701171875e-06,1,53
8,2.7418136596679688e-06,1,53
9,3.4570693969726562e-06,1,53
10,3.4570693969726562e-06,1,53
11,3.4570693969726562e-06,1,53
12,3.4570693969726562e-06,1,53
13,3.4570693969726562e-06,1,53
14,3.4570693969726562e-06,1,53
15,3.6954879760742188e-06,1,53
16,3.6954879760742188e-06,1,53
17,3.6954879760742188e-06,1,53
18,3.6954879760742188e-06,1,53
19,3.6954879760742188e-06,1,53
20,4.0531158447265625e-06,1,53
21,4.0531158447265625e-06,1,53
22,4.0531158447265625e-06,1,53
23,4.172325134277344e-06,1,53
24,4.172325134277344e-06,1,53
25,4.172325134277344e-06,1,53
26,4.172325134277344e-06,1,53
27,4.172325134277344e-06,1,53
28,4.172325134277344e-06,1,53
29,4.172325134277344e-06,1,53
30,4.172325134277344e-06,1,53
31,4.172325134277344e-06,1,53
32,4.172325134277344e-06,1,53
33,4.172325134277344e-06,1,53
34,4.172325134277344e-06,1,53
35,4.172325134277344e-06,1,53
36,4.172325134277344e-06,1,53
37,4.172325134277344e-06,1,53
38,4.172325134277344e-06,1,53
39,4.172325134277344e-06,1,53
40,4.172325134277344e-06,1,53
41,4.172325134277344e-06,1,53
42,4.172325134277344e-06,1,53
43,4.172325134277344e-06,1,53
44,4.172325134277344e-06,1,53
45,4.172325134277344e-06,1,53
46,4.172325134277344e-06,1,53
47,4.172325134277344e-06,1,53
48,4.172325134277344e-06,1,53
49,4.172325134277344e-06,1,53
50,4.172325134277344e-06,1,53
51,4.172325134277344e-06,1,53
52,4.172325134277344e-06,1,53
53,4.172325134277344e-06,1,53
54,4.172325134277344e-06,1,53
55,4.172325134277344e-06,1,53
56,4.172325134277344e-06,1,53
57,4.172325134277344e-06,1,53
58,4.172325134277344e-06,1,53
59,4.172325134277344e-06,1,53
60,4.172325134277344e-06,1,53
61,4.172325134277344e-06,1,53
62,4.172325134277344e-06,1,53
63,4.172325134277344e-06,1,53
64,4.172325134277344e-06,1,53
65,4.172325134277344e-06,1,53
66,4.172325134277344e-06,1,53
67,4.172325134277344e-06,1,53
68,4.172325134277344e-06,1,53
69,4.172325134277344e-06,1,53
70,4.172325134277344e-06,1,53
71,4.172325134277344e-06,1,53
72,4.172325134277344e-06,1,53
73,4.172325134277344e-06,1,53
74,4.172325134277344e-06,1,53
75,4.172325134277344e-06,1,53
76,4.172325134277344e-06,1,53
77,4.172325134277344e-06,1,53
78,4.172325134277344e-06,1,53
79,4.172325134277344e-06,1,53
80,4.172325134277344e-06,1,53
81,4.172325134277344e-06,1,53
82,4.172325134277344e-06,1,53
83,4.172325134277344e-06,1,53
84,4.172325134277344e-06,1,53
85,4.172325134277344e-06,1,53
86,4.172325134277344e-06,1,53
87,4.172325134277344e-06,1,53
88,4.172325134277344e-06,1,53
89,4.172325134277344e-06,1,53
90,4.172325134277344e-06,1,53
91,4.172325134277344e-06,1,53
92,4.172325134277344e-06,1,53
93,4.172325134277344e-06,1,53
94,4.172325134277344e-06,1,53
95,4.172325134277344e-06,1,53
96,4.172325134277344e-06,1,53
97,4.172325134277344e-06,1,53
98,4.172325134277344e-06,1,53
99,4.172325134277344e-06,1,53
100,4.172325134277344e-06,1,53
101,4.172325134277344e-06,1,53
102,4.172325134277344e-06,1,53
103,4.172325134277344e-06,1,53
104,4.172325134277344e-06,1,53
105,4.172325134277344e-06,1,53
106,4.172325134277344e-06,1,53
107,4.172325134277344e-06,1,53
108,4.172325134277344e-06,1,53
109,4.172325134277344e-06,1,53
110,4.172325134277344e-06,1,53
111,4.172325134277344e-06,1,53
112,4.172325134277344e-06,1,53
113,4.172325134277344e-06,1,53
114,4.172325134277344e-06,1,53
115,4.172325134277344e-06,1,53
116,4.172325134277344e-06,1,53
117,4.172325134277344e-06,1,53
118,4.172325134277344e-06,1,53
119,4.172325134277344e-06,1,53
120,4.172325134277344e-06,1,53
121,4.172325134277344e-06,1,53
122,4.172325134277344e-06,1,53
123,4.172325134277344e-06,1,53
124,4.172325134277344e-06,1,53
125,4.172325134277344e-06,1,53
126,4.172325134277344e-06,1,53
127,4.172325134277344e-06,1,53
128,4.172325134277344e-06,1,53
129,4.172325134277344e-06,1,53
130,4.172325134277344e-06,1,53
131,4.172325134277344e-06,1,53
132,4.172325134277344e-06,1,53
133,4.172325134277344e-06,1,53
134,4.172325134277344e-06,1,53
135,4.172325134277344e-06,1,53
136,4.172325134277344e-06,1,53
137,4.172325134277344e-06,1,53
138,4.172325134277344e-06,1,53
139,4.172325134277344e-06,1,53
140,4.172325134277344e-06,1,53
141,4.172325134277344e-06,1,53
142,4.172325134277344e-06,1,53
143,4.172325134277344e-06,1,53
144,4.172325134277344e-06,1,53
145,4.172325134277344e-06,1,53
146,4.172325134277344e-06,1,53
147,4.172325134277344e-06,1,53
148,4.172325134277344e-06,1,53
149,4.172325134277344e-06,1,53
150,4.172325134277344e-06,1,53
151,4.172325134277344e-06,1,53
152,4.172325134277344e-06,1,53
153,4.172325134277344e-06,1,53
154,4.172325134277344e-06,1,53
155,4.172325134277344e-06,1,53
156,4.172325134277344e-06,1,53
157,4.172325134277344e-06,1,53
158,4.172325134277344e-06,1,53
159,4.172325134277344e-06,1,53
160,4.172325134277344e-06,1,53
161,4.172325134277344e-06,1,53
162,4.172325134277344e-06,1,53
163,4.172325134277344e-06,1,53
164,4.172325134277344e-06,1,53
165,4.172325134277344e-06,1,53
166,4.172325134277344e-06,1,53
167,4.172325134277344e-06,1,53
168,4.172325134277344e-06,1,53
169,4.172325134277344e-06,1,53
170,4.172325134277344e-06,1,53
171,4.172325134277344e-06,1,53
172,4.172325134277344e-06,1,53
173,4.172325134277344e-06,1,53
174,4.172325134277344e-06,1,53
175,4.172325134277344e-06,1,53
176,4.172325134277344e-06,1,53
177,4.172325134277344e-06,1,53
178,4.172325134277344e-06,1,53
179,4.172325134277344e-06,1,53
180,4.172325134277344e-06,1,53
181,4.172325134277344e-06,1,53
182,4.172325134277344e-06,1,53
183,4.172325134277344e-06,1,53
184,4.172325134277344e-06,1,53
185,4.172325134277344e-06,1,53
186,4.172325134277344e-06,1,53
187,4.172325134277344e-06,1,53
188,4.172325134277344e-06,1,53
189,4.172325134277344e-06,1,53
190,4.172325134277344e-06,1,53
191,4.172325134277344e-06,1,53
192,4.172325134277344e-06,1,53
193,4.172325134277344e-06,1,53
194,4.172325134277344e-06,1,53
195,4.172325134277344e-06,1,53
196,4.172325134277344e-06,1,53
197,4.172325134277344e-06,1,53
198,4.172325134277344e-06,1,53
199,4.172325134277344e-06,1,53
200,4.172325134277344e-06,1,53
1,0.0004538893699645996,1,54
2,0.0004538893699645996,1,54
3,0.00046706199645996094,1,54
4,0.00046706199645996094,1,54
5,0.00046706199645996094,1,54
6,0.0005480647087097168,1,54
7,0.0005480647087097168,1,54
8,0.000685572624206543,1,54
9,0.000685572624206543,1,54
10,0.000685572624206543,1,54
11,0.0007253289222717285,1,54
12,0.0007326006889343262,1,54
13,0.0007326006889343262,1,54
14,0.0007326006889343262,1,54
15,0.0007326006889343262,1,54
16,0.0007326006889343262,1,54
17,0.0007326006889343262,1,54
18,0.0007408261299133301,1,54
19,0.000807344913482666,1,54
20,0.000807344913482666,1,54
21,0.000807344913482666,1,54
22,0.000807344913482666,1,54
23,0.000807344913482666,1,54
24,0.000807344913482666,1,54
25,0.000807344913482666,1,54
26,0.000807344913482666,1,54
27,0.0008087754249572754,1,54
28,0.0008087754249572754,1,54
29,0.0008087754249572754,1,54
30,0.0008087754249572754,1,54
31,0.0008087754249572754,1,54
32,0.0008087754249572754,1,54
33,0.0008087754249572754,1,54
34,0.0008087754249572754,1,54
35,0.0008087754249572754,1,54
36,0.0008087754249572754,1,54
37,0.0008087754249572754,1,54
38,0.0008087754249572754,1,54
39,0.0008087754249572754,1,54
40,0.0008087754249572754,1,54
41,0.0008087754249572754,1,54
42,0.0008087754249572754,1,54
43,0.0008087754249572754,1,54
44,0.0008087754249572754,1,54
45,0.0008087754249572754,1,54
46,0.0008087754249572754,1,54
47,0.0008087754249572754,1,54
48,0.0008087754249572754,1,54
49,0.0008087754249572754,1,54
50,0.0008087754249572754,1,54
51,0.0008087754249572754,1,54
52,0.0008087754249572754,1,54
53,0.0008087754249572754,1,54
54,0.0008087754249572754,1,54
55,0.0008087754249572754,1,54
56,0.0008087754249572754,1,54
57,0.0008087754249572754,1,54
58,0.0008087754249572754,1,54
59,0.0008087754249572754,1,54
60,0.0008087754249572754,1,54
61,0.0008087754249572754,1,54
62,0.0008087754249572754,1,54
63,0.0008087754249572754,1,54
64,0.0008087754249572754,1,54
65,0.0008087754249572754,1,54
66,0.0008087754249572754,1,54
67,0.0008087754249572754,1,54
68,0.0008087754249572754,1,54
69,0.0008087754249572754,1,54
70,0.0008087754249572754,1,54
71,0.0008087754249572754,1,54
72,0.0008087754249572754,1,54
73,0.0008087754249572754,1,54
74,0.0008087754249572754,1,54
75,0.0008087754249572754,1,54
76,0.0008087754249572754,1,54
77,0.0008087754249572754,1,54
78,0.0008087754249572754,1,54
79,0.0008087754249572754,1,54
80,0.0008087754249572754,1,54
81,0.0008087754249572754,1,54
82,0.0008087754249572754,1,54
83,0.0008087754249572754,1,54
84,0.0008087754249572754,1,54
85,0.0008087754249572754,1,54
86,0.0008087754249572754,1,54
87,0.0008087754249572754,1,54
88,0.0008087754249572754,1,54
89,0.0008087754249572754,1,54
90,0.0008087754249572754,1,54
91,0.0008087754249572754,1,54
92,0.0008087754249572754,1,54
93,0.0008087754249572754,1,54
94,0.0008087754249572754,1,54
95,0.0008087754249572754,1,54
96,0.0008087754249572754,1,54
97,0.0008087754249572754,1,54
98,0.0008087754249572754,1,54
99,0.0008087754249572754,1,54
100,0.0008087754249572754,1,54
101,0.0008087754249572754,1,54
102,0.0008087754249572754,1,54
103,0.0008087754249572754,1,54
104,0.0008087754249572754,1,54
105,0.0008087754249572754,1,54
106,0.0008087754249572754,1,54
107,0.0008087754249572754,1,54
108,0.0008087754249572754,1,54
109,0.0008087754249572754,1,54
110,0.0008087754249572754,1,54
111,0.0008087754249572754,1,54
112,0.0008087754249572754,1,54
113,0.0008087754249572754,1,54
114,0.0008087754249572754,1,54
115,0.0008087754249572754,1,54
116,0.0008087754249572754,1,54
117,0.0008087754249572754,1,54
118,0.0008087754249572754,1,54
119,0.0008087754249572754,1,54
120,0.0008087754249572754,1,54
121,0.0008087754249572754,1,54
122,0.0008087754249572754,1,54
123,0.0008087754249572754,1,54
124,0.0008087754249572754,1,54
125,0.0008087754249572754,1,54
126,0.0008087754249572754,1,54
127,0.0008087754249572754,1,54
128,0.0008087754249572754,1,54
129,0.0008087754249572754,1,54
130,0.0008087754249572754,1,54
131,0.0008087754249572754,1,54
132,0.0008087754249572754,1,54
133,0.0008087754249572754,1,54
134,0.0008087754249572754,1,54
135,0.0008087754249572754,1,54
136,0.0008087754249572754,1,54
137,0.0008087754249572754,1,54
138,0.0008087754249572754,1,54
139,0.0008087754249572754,1,54
140,0.0008087754249572754,1,54
141,0.0008087754249572754,1,54
142,0.0008087754249572754,1,54
143,0.0008087754249572754,1,54
144,0.0008087754249572754,1,54
145,0.0008087754249572754,1,54
146,0.0008087754249572754,1,54
147,0.0008087754249572754,1,54
148,0.0008087754249572754,1,54
149,0.0008087754249572754,1,54
150,0.0008087754249572754,1,54
151,0.0008087754249572754,1,54
152,0.0008087754249572754,1,54
153,0.0008087754249572754,1,54
154,0.0008087754249572754,1,54
155,0.0008087754249572754,1,54
156,0.0008087754249572754,1,54
157,0.0008087754249572754,1,54
158,0.0008087754249572754,1,54
159,0.0008087754249572754,1,54
160,0.0008087754249572754,1,54
161,0.0008087754249572754,1,54
162,0.0008087754249572754,1,54
163,0.0008087754249572754,1,54
164,0.0008087754249572754,1,54
165,0.0008087754249572754,1,54
166,0.0008087754249572754,1,54
167,0.0008087754249572754,1,54
168,0.0008087754249572754,1,54
169,0.0008087754249572754,1,54
170,0.0008087754249572754,1,54
171,0.0008087754249572754,1,54
172,0.0008087754249572754,1,54
173,0.0008087754249572754,1,54
174,0.0008087754249572754,1,54
175,0.0008087754249572754,1,54
176,0.0008087754249572754,1,54
177,0.0008087754249572754,1,54
178,0.0008087754249572754,1,54
179,0.0008087754249572754,1,54
180,0.0008087754249572754,1,54
181,0.0008087754249572754,1,54
182,0.0008087754249572754,1,54
183,0.0008087754249572754,1,54
184,0.0008087754249572754,1,54
185,0.0008087754249572754,1,54
186,0.0008087754249572754,1,54
187,0.0008087754249572754,1,54
188,0.0008087754249572754,1,54
189,0.0008087754249572754,1,54
190,0.0008087754249572754,1,54
191,0.0008087754249572754,1,54
192,0.0008087754249572754,1,54
193,0.0008087754249572754,1,54
194,0.0008087754249572754,1,54
195,0.0008087754249572754,1,54
196,0.0008087754249572754,1,54
197,0.0008087754249572754,1,54
198,0.0008087754249572754,1,54
199,0.0008087754249572754,1,54
200,0.0008087754249572754,1,54
1,0.5122154951095581,10,55
2,0.6534734666347504,13,55
3,0.6534734666347504,13,55
4,0.5110388100147247,4,55
5,0.7349013090133667,13,55
6,0.7349013090133667,13,55
7,0.6675411760807037,6,55
8,0.7369213700294495,8,55
9,0.8145283758640289,11,55
10,0.8210683763027191,10,55
11,0.8401935696601868,8,55
12,0.8401935696601868,8,55
13,0.8401935696601868,8,55
14,0.8401935696601868,8,55
15,0.8401935696601868,8,55
16,0.8401935696601868,8,55
17,0.8401935696601868,8,55
18,0.8401935696601868,8,55
19,0.8890550434589386,10,55
20,0.8890550434589386,10,55
21,0.8890550434589386,10,55
22,0.8890550434589386,10,55
23,0.8890550434589386,10,55
24,0.8890550434589386,10,55
25,0.8890550434589386,10,55
26,0.8890550434589386,10,55
27,0.9575268402695656,13,55
28,0.9575268402695656,13,55
29,0.9575268402695656,13,55
30,0.9575268402695656,13,55
31,0.9575268402695656,13,55
32,0.9575268402695656,13,55
33,0.9575268402695656,13,55
34,0.9575268402695656,13,55
35,0.9575268402695656,13,55
36,0.9575268402695656,13,55
37,0.9597518928349018,13,55
38,0.9597518928349018,13,55
39,0.9597518928349018,13,55
40,0.9597518928349018,13,55
41,0.9597518928349018,13,55
42,0.9597518928349018,13,55
43,0.9366173818707466,11,55
44,0.9366173818707466,11,55
45,0.9366173818707466,11,55
46,0.9366173818707466,11,55
47,0.9366173818707466,11,55
48,0.9366173818707466,11,55
49,0.9366173818707466,11,55
50,0.9366173818707466,11,55
51,0.9366173818707466,11,55
52,0.9366173818707466,11,55
53,0.9366173818707466,11,55
54,0.9366173818707466,11,55
55,0.9366173818707466,11,55
56,0.9366173818707466,11,55
57,0.9366173818707466,11,55
58,0.9366173818707466,11,55
59,0.9366173818707466,11,55
60,0.9366173818707466,11,55
61,0.9366173818707466,11,55
62,0.9366173818707466,11,55
63,0.9366173818707466,11,55
64,0.9366173818707466,11,55
65,0.9366173818707466,11,55
66,0.9366173818707466,11,55
67,0.9366173818707466,11,55
68,0.9366173818707466,11,55
69,0.9366173818707466,11,55
70,0.9366173818707466,11,55
71,0.9366173818707466,11,55
72,0.9366173818707466,11,55
73,0.9366173818707466,11,55
74,0.9366173818707466,11,55
75,0.9801640268415213,12,55
76,0.9801640268415213,12,55
77,0.9801640268415213,12,55
78,0.9801640268415213,12,55
79,0.9801640268415213,12,55
80,0.9801640268415213,12,55
81,0.9801640268415213,12,55
82,0.9801640268415213,12,55
83,0.9801640268415213,12,55
84,0.9801640268415213,12,55
85,0.9801640268415213,12,55
86,0.9801640268415213,12,55
87,0.9801640268415213,12,55
88,0.9801640268415213,12,55
89,0.9801640268415213,12,55
90,0.9801640268415213,12,55
91,0.9801640268415213,12,55
92,0.9801640268415213,12,55
93,0.9801640268415213,12,55
94,0.9801640268415213,12,55
95,0.9801640268415213,12,55
96,0.9801640268415213,12,55
97,0.9801640268415213,12,55
98,0.9801640268415213,12,55
99,0.9801640268415213,12,55
100,0.9801640268415213,12,55
101,0.9801640268415213,12,55
102,0.9801640268415213,12,55
103,0.9801640268415213,12,55
104,0.9801640268415213,12,55
105,0.9801640268415213,12,55
106,0.9801640268415213,12,55
107,0.9801640268415213,12,55
108,0.9801640268415213,12,55
109,0.9801640268415213,12,55
110,0.9801640268415213,12,55
111,0.9801640268415213,12,55
112,0.9801640268415213,12,55
113,0.9801640268415213,12,55
114,0.9801640268415213,12,55
115,0.9801640268415213,12,55
116,0.9801640268415213,12,55
117,0.9801640268415213,12,55
118,0.9801640268415213,12,55
119,0.9801640268415213,12,55
120,0.9801640268415213,12,55
121,0.9801640268415213,12,55
122,0.9801640268415213,12,55
123,0.9801640268415213,12,55
124,0.9801640268415213,12,55
125,0.9801640268415213,12,55
126,0.9801640268415213,12,55
127,0.9801640268415213,12,55
128,0.9801640268415213,12,55
129,0.9801640268415213,12,55
130,0.9801640268415213,12,55
131,0.9801640268415213,12,55
132,0.9801640268415213,12,55
133,0.9472155086696148,10,55
134,0.9472155086696148,10,55
135,0.9472155086696148,10,55
136,0.9472155086696148,10,55
137,0.9472155086696148,10,55
138,0.9472155086696148,10,55
139,0.9472155086696148,10,55
140,0.9472155086696148,10,55
141,0.947597399353981,9,55
142,0.947597399353981,9,55
143,0.947597399353981,9,55
144,0.947597399353981,9,55
145,0.947597399353981,9,55
146,0.947597399353981,9,55
147,0.947597399353981,9,55
148,0.947597399353981,9,55
149,0.947597399353981,9,55
150,0.947597399353981,9,55
151,0.947597399353981,9,55
152,0.947597399353981,9,55
153,0.947597399353981,9,55
154,0.947597399353981,9,55
155,0.9503906220197678,9,55
156,0.9503906220197678,9,55
157,0.9503906220197678,9,55
158,0.9503906220197678,9,55
159,0.9503906220197678,9,55
160,0.9503906220197678,9,55
161,0.9503906220197678,9,55
162,0.9503906220197678,9,55
163,0.9503906220197678,9,55
164,0.9503906220197678,9,55
165,0.9503906220197678,9,55
166,0.9503906220197678,9,55
167,0.9503906220197678,9,55
168,0.9503906220197678,9,55
169,0.9503906220197678,9,55
170,0.9503906220197678,9,55
171,0.9503906220197678,9,55
172,0.9503906220197678,9,55
173,0.9503906220197678,9,55
174,0.9503906220197678,9,55
175,0.9503906220197678,9,55
176,0.9503906220197678,9,55
177,0.9503906220197678,9,55
178,0.9503906220197678,9,55
179,0.9503906220197678,9,55
180,0.9503906220197678,9,55
181,0.9503906220197678,9,55
182,0.9503906220197678,9,55
183,0.9503906220197678,9,55
184,0.9503906220197678,9,55
185,0.9503906220197678,9,55
186,0.9503906220197678,9,55
187,0.9503906220197678,9,55
188,0.9503906220197678,9,55
189,0.9503906220197678,9,55
190,0.9503906220197678,9,55
191,0.9503906220197678,9,55
192,0.9503906220197678,9,55
193,0.9503906220197678,9,55
194,0.9503906220197678,9,55
195,0.9503906220197678,9,55
196,0.9503906220197678,9,55
197,0.9503906220197678,9,55
198,0.9503906220197678,9,55
199,0.9503906220197678,9,55
200,0.9503906220197678,9,55
1,0.3148520588874817,1,56
2,0.4991263747215271,4,56
3,0.4991263747215271,4,56
4,0.5188019573688507,4,56
5,0.5188019573688507,4,56
6,0.5734559297561646,4,56
7,0.5734559297561646,4,56
8,0.5734559297561646,4,56
9,0.627784788608551,6,56
10,0.6913222074508667,7,56
11,0.7826211005449295,6,56
12,0.7826211005449295,6,56
13,0.7743809372186661,4,56
14,0.9107004851102829,11,56
15,0.9327105358242989,11,56
16,0.8925859779119492,6,56
17,0.924404613673687,6,56
18,0.924404613673687,6,56
19,0.924404613673687,6,56
20,0.924404613673687,6,56
21,0.924404613673687,6,56
22,0.924404613673687,6,56
23,0.924404613673687,6,56
24,0.924404613673687,6,56
25,0.924404613673687,6,56
26,0.924404613673687,6,56
27,0.924404613673687,6,56
28,0.924404613673687,6,56
29,0.924404613673687,6,56
30,0.924404613673687,6,56
31,0.924404613673687,6,56
32,0.924404613673687,6,56
33,0.924404613673687,6,56
34,0.924404613673687,6,56
35,0.924404613673687,6,56
36,0.924404613673687,6,56
37,0.924404613673687,6,56
38,0.924404613673687,6,56
39,0.924404613673687,6,56
40,0.924404613673687,6,56
41,0.924404613673687,6,56
42,0.924404613673687,6,56
43,0.924404613673687,6,56
44,0.924404613673687,6,56
45,0.924404613673687,6,56
46,0.924404613673687,6,56
47,0.924404613673687,6,56
48,0.924404613673687,6,56
49,0.924404613673687,6,56
50,0.924404613673687,6,56
51,0.924404613673687,6,56
52,0.924404613673687,6,56
53,0.924404613673687,6,56
54,0.924404613673687,6,56
55,0.924404613673687,6,56
56,0.924404613673687,6,56
57,0.924404613673687,6,56
58,0.924404613673687,6,56
59,0.924404613673687,6,56
60,0.924404613673687,6,56
61,0.924404613673687,6,56
62,0.924404613673687,6,56
63,0.924404613673687,6,56
64,0.924404613673687,6,56
65,0.924404613673687,6,56
66,0.924404613673687,6,56
67,0.924404613673687,6,56
68,0.924404613673687,6,56
69,0.924404613673687,6,56
70,0.924404613673687,6,56
71,0.924404613673687,6,56
72,0.924404613673687,6,56
73,0.924404613673687,6,56
74,0.924404613673687,6,56
75,0.924404613673687,6,56
76,0.924404613673687,6,56
77,0.924404613673687,6,56
78,0.924404613673687,6,56
79,0.924404613673687,6,56
80,0.924404613673687,6,56
81,0.924404613673687,6,56
82,0.924404613673687,6,56
83,0.924404613673687,6,56
84,0.924404613673687,6,56
85,0.924404613673687,6,56
86,0.924404613673687,6,56
87,0.924404613673687,6,56
88,0.924404613673687,6,56
89,0.924404613673687,6,56
90,0.9611010141670704,8,56
91,0.9611010141670704,8,56
92,0.9611010141670704,8,56
93,0.9611010141670704,8,56
94,0.9611010141670704,8,56
95,0.9611010141670704,8,56
96,0.9611010141670704,8,56
97,0.9490302428603172,6,56
98,0.9490302428603172,6,56
99,0.9490302428603172,6,56
100,0.9490302428603172,6,56
101,0.9490302428603172,6,56
102,0.9490302428603172,6,56
103,0.9490302428603172,6,56
104,0.9490302428603172,6,56
105,0.9490302428603172,6,56
106,0.9490302428603172,6,56
107,0.9490302428603172,6,56
108,0.9490302428603172,6,56
109,0.9490302428603172,6,56
110,0.9490302428603172,6,56
111,0.9490302428603172,6,56
112,0.9490302428603172,6,56
113,0.9490302428603172,6,56
114,0.9490302428603172,6,56
115,0.9490302428603172,6,56
116,0.9490302428603172,6,56
117,0.9490302428603172,6,56
118,0.9490302428603172,6,56
119,0.9490302428603172,6,56
120,0.9490302428603172,6,56
121,0.9490302428603172,6,56
122,0.9490302428603172,6,56
123,0.9490302428603172,6,56
124,0.9490302428603172,6,56
125,0.9490302428603172,6,56
126,0.9490302428603172,6,56
127,0.9490302428603172,6,56
128,0.9490302428603172,6,56
129,0.9490302428603172,6,56
130,0.9490302428603172,6,56
131,0.9490302428603172,6,56
132,0.9490302428603172,6,56
133,0.9490302428603172,6,56
134,0.9490302428603172,6,56
135,0.9490302428603172,6,56
136,0.9490302428603172,6,56
137,0.9490302428603172,6,56
138,0.9490302428603172,6,56
139,0.9490302428603172,6,56
140,0.9490302428603172,6,56
141,0.9490302428603172,6,56
142,0.9490302428603172,6,56
143,0.9490302428603172,6,56
144,0.9490302428603172,6,56
145,0.9490302428603172,6,56
146,0.9490302428603172,6,56
147,0.9490302428603172,6,56
148,0.9490302428603172,6,56
149,0.9568186365067959,5,56
150,0.9568186365067959,5,56
151,0.9568186365067959,5,56
152,0.9568186365067959,5,56
153,0.9568186365067959,5,56
154,0.9568186365067959,5,56
155,0.9568186365067959,5,56
156,0.9568186365067959,5,56
157,0.9568186365067959,5,56
158,0.9568186365067959,5,56
159,0.9568186365067959,5,56
160,0.9568186365067959,5,56
161,0.9568186365067959,5,56
162,0.9568186365067959,5,56
163,0.9568186365067959,5,56
164,0.9568186365067959,5,56
165,0.9568186365067959,5,56
166,0.9568186365067959,5,56
167,0.9568186365067959,5,56
168,0.9568186365067959,5,56
169,0.9568186365067959,5,56
170,0.9568186365067959,5,56
171,0.9568186365067959,5,56
172,0.9568186365067959,5,56
173,0.9568186365067959,5,56
174,0.9568186365067959,5,56
175,0.9568186365067959,5,56
176,0.9568186365067959,5,56
177,0.9568186365067959,5,56
178,0.9568186365067959,5,56
179,0.9568186365067959,5,56
180,0.9568186365067959,5,56
181,0.9568186365067959,5,56
182,0.9568186365067959,5,56
183,0.9568186365067959,5,56
184,0.9568186365067959,5,56
185,0.9568186365067959,5,56
186,0.9568186365067959,5,56
187,0.9568186365067959,5,56
188,0.9568186365067959,5,56
189,0.9568186365067959,5,56
190,0.9568186365067959,5,56
191,0.9568186365067959,5,56
192,0.9568186365067959,5,56
193,0.9568186365067959,5,56
194,0.9568186365067959,5,56
195,0.9568186365067959,5,56
196,0.9568186365067959,5,56
197,0.9568186365067959,5,56
198,0.9568186365067959,5,56
199,0.9568186365067959,5,56
200,0.9568186365067959,5,56
1,2.8133392333984375e-05,1,57
2,3.0159950256347656e-05,1,57
3,3.0159950256347656e-05,1,57
4,3.0159950256347656e-05,1,57
5,3.0159950256347656e-05,1,57
6,4.601478576660156e-05,1,57
7,4.601478576660156e-05,1,57
8,4.601478576660156e-05,1,57
9,4.601478576660156e-05,1,57
10,4.601478576660156e-05,1,57
11,5.054473876953125e-05,1,57
12,5.054473876953125e-05,1,57
13,5.054473876953125e-05,1,57
14,9.810924530029297e-05,1,57
15,9.810924530029297e-05,1,57
16,9.810924530029297e-05,1,57
17,9.810924530029297e-05,1,57
18,9.810924530029297e-05,1,57
19,9.810924530029297e-05,1,57
20,9.810924530029297e-05,1,57
21,0.00010466575622558594,1,57
22,0.00010466575622558594,1,57
23,0.00010466575622558594,1,57
24,0.00010466575622558594,1,57
25,0.00010466575622558594,1,57
26,0.00010466575622558594,1,57
27,0.00010466575622558594,1,57
28,0.00010466575622558594,1,57
29,0.00010466575622558594,1,57
30,0.00010466575622558594,1,57
31,0.00010466575622558594,1,57
32,0.00010466575622558594,1,57
33,0.00010466575622558594,1,57
34,0.00010466575622558594,1,57
35,0.00010466575622558594,1,57
36,0.00010466575622558594,1,57
37,0.00010466575622558594,1,57
38,0.00010466575622558594,1,57
39,0.00010466575622558594,1,57
40,0.00010466575622558594,1,57
41,0.00010466575622558594,1,57
42,0.00010466575622558594,1,57
43,0.00010466575622558594,1,57
44,0.00010466575622558594,1,57
45,0.00010466575622558594,1,57
46,0.00010466575622558594,1,57
47,0.00010466575622558594,1,57
48,0.00010466575622558594,1,57
49,0.00010466575622558594,1,57
50,0.00010466575622558594,1,57
51,0.00010466575622558594,1,57
52,0.00010466575622558594,1,57
53,0.00010466575622558594,1,57
54,0.00010466575622558594,1,57
55,0.00010466575622558594,1,57
56,0.00010466575622558594,1,57
57,0.00010466575622558594,1,57
58,0.00010466575622558594,1,57
59,0.00010466575622558594,1,57
60,0.00010466575622558594,1,57
61,0.00010466575622558594,1,57
62,0.00010466575622558594,1,57
63,0.00010466575622558594,1,57
64,0.00010466575622558594,1,57
65,0.00010466575622558594,1,57
66,0.00010466575622558594,1,57
67,0.00010466575622558594,1,57
68,0.00010466575622558594,1,57
69,0.00010466575622558594,1,57
70,0.00010466575622558594,1,57
71,0.00010466575622558594,1,57
72,0.00010466575622558594,1,57
73,0.00010466575622558594,1,57
74,0.00010466575622558594,1,57
75,0.00010466575622558594,1,57
76,0.00010466575622558594,1,57
77,0.00010466575622558594,1,57
78,0.00010466575622558594,1,57
79,0.00010466575622558594,1,57
80,0.00010466575622558594,1,57
81,0.00010466575622558594,1,57
82,0.00010466575622558594,1,57
83,0.00010466575622558594,1,57
84,0.00010466575622558594,1,57
85,0.00010466575622558594,1,57
86,0.00010466575622558594,1,57
87,0.00010466575622558594,1,57
88,0.00010466575622558594,1,57
89,0.00010466575622558594,1,57
90,0.00010466575622558594,1,57
91,0.00010466575622558594,1,57
92,0.00010466575622558594,1,57
93,0.00010466575622558594,1,57
94,0.00010466575622558594,1,57
95,0.00010466575622558594,1,57
96,0.00010466575622558594,1,57
97,0.00010466575622558594,1,57
98,0.00010466575622558594,1,57
99,0.00010466575622558594,1,57
100,0.00010466575622558594,1,57
101,0.00010466575622558594,1,57
102,0.00010466575622558594,1,57
103,0.00010466575622558594,1,57
104,0.00010466575622558594,1,57
105,0.00010466575622558594,1,57
106,0.00010466575622558594,1,57
107,0.00010466575622558594,1,57
108,0.00010466575622558594,1,57
109,0.00010466575622558594,1,57
110,0.00010466575622558594,1,57
111,0.00010466575622558594,1,57
112,0.00010466575622558594,1,57
113,0.00010466575622558594,1,57
114,0.00010466575622558594,1,57
115,0.00010466575622558594,1,57
116,0.00010466575622558594,1,57
117,0.00010466575622558594,1,57
118,0.00010466575622558594,1,57
119,0.00010466575622558594,1,57
120,0.00010466575622558594,1,57
121,0.00010466575622558594,1,57
122,0.00010466575622558594,1,57
123,0.00010466575622558594,1,57
124,0.00010466575622558594,1,57
125,0.00010466575622558594,1,57
126,0.00010466575622558594,1,57
127,0.00010466575622558594,1,57
128,0.00010466575622558594,1,57
129,0.00010466575622558594,1,57
130,0.00010466575622558594,1,57
131,0.00010466575622558594,1,57
132,0.00010466575622558594,1,57
133,0.00010466575622558594,1,57
134,0.00010466575622558594,1,57
135,0.00010466575622558594,1,57
136,0.00010466575622558594,1,57
137,0.00010466575622558594,1,57
138,0.00010466575622558594,1,57
139,0.00010466575622558594,1,57
140,0.00010466575622558594,1,57
141,0.00010466575622558594,1,57
142,0.00010466575622558594,1,57
143,0.00010466575622558594,1,57
144,0.00010466575622558594,1,57
145,0.00010466575622558594,1,57
146,0.00010466575622558594,1,57
147,0.00010466575622558594,1,57
148,0.00010466575622558594,1,57
149,0.00010466575622558594,1,57
150,0.00010466575622558594,1,57
151,0.00010466575622558594,1,57
152,0.00010466575622558594,1,57
153,0.00010466575622558594,1,57
154,0.00010466575622558594,1,57
155,0.00010466575622558594,1,57
156,0.00010466575622558594,1,57
157,0.00010466575622558594,1,57
158,0.00010466575622558594,1,57
159,0.00010466575622558594,1,57
160,0.00010466575622558594,1,57
161,0.00010466575622558594,1,57
162,0.00010466575622558594,1,57
163,0.00010466575622558594,1,57
164,0.00010466575622558594,1,57
165,0.00010466575622558594,1,57
166,0.00010466575622558594,1,57
167,0.00010466575622558594,1,57
168,0.00010466575622558594,1,57
169,0.00010466575622558594,1,57
170,0.00010466575622558594,1,57
171,0.00010466575622558594,1,57
172,0.00010466575622558594,1,57
173,0.00010466575622558594,1,57
174,0.00010466575622558594,1,57
175,0.00010466575622558594,1,57
176,0.00010466575622558594,1,57
177,0.00010466575622558594,1,57
178,0.00010466575622558594,1,57
179,0.00010466575622558594,1,57
180,0.00010466575622558594,1,57
181,0.00010466575622558594,1,57
182,0.00010466575622558594,1,57
183,0.00010466575622558594,1,57
184,0.00010466575622558594,1,57
185,0.00010466575622558594,1,57
186,0.00010466575622558594,1,57
187,0.00010466575622558594,1,57
188,0.00010466575622558594,1,57
189,0.00010466575622558594,1,57
190,0.00010466575622558594,1,57
191,0.00010466575622558594,1,57
192,0.00010466575622558594,1,57
193,0.00010466575622558594,1,57
194,0.00010466575622558594,1,57
195,0.00010466575622558594,1,57
196,0.00010466575622558594,1,57
197,0.00010466575622558594,1,57
198,0.00010466575622558594,1,57
199,0.00010466575622558594,1,57
200,0.00010466575622558594,1,57
1,0.00024002790451049805,1,58
2,0.00024002790451049805,1,58
3,0.0002492070198059082,1,58
4,0.0002492070198059082,1,58
5,0.0002492070198059082,1,58
6,0.0002492070198059082,1,58
7,0.00025075674057006836,1,58
8,0.00025075674057006836,1,58
9,0.00025075674057006836,1,58
10,0.00027865171432495117,1,58
11,0.00027865171432495117,1,58
12,0.00039011240005493164,1,58
13,0.00040787458419799805,1,58
14,0.00040787458419799805,1,58
15,0.00045424699783325195,1,58
16,0.00045424699783325195,1,58
17,0.00045424699783325195,1,58
18,0.00045424699783325195,1,58
19,0.00045424699783325195,1,58
20,0.00045424699783325195,1,58
21,0.00045424699783325195,1,58
22,0.00045424699783325195,1,58
23,0.00045424699783325195,1,58
24,0.00045424699783325195,1,58
25,0.0004601478576660156,1,58
26,0.0004601478576660156,1,58
27,0.0005035400390625,1,58
28,0.0005035400390625,1,58
29,0.0005035400390625,1,58
30,0.0005035400390625,1,58
31,0.0005035400390625,1,58
32,0.0005035400390625,1,58
33,0.0005035400390625,1,58
34,0.0005035400390625,1,58
35,0.0005035400390625,1,58
36,0.0005035400390625,1,58
37,0.0005035400390625,1,58
38,0.0005035400390625,1,58
39,0.0005035400390625,1,58
40,0.0005035400390625,1,58
41,0.0005035400390625,1,58
42,0.0005035400390625,1,58
43,0.0005035400390625,1,58
44,0.0005035400390625,1,58
45,0.0005035400390625,1,58
46,0.0005035400390625,1,58
47,0.0005035400390625,1,58
48,0.0005035400390625,1,58
49,0.0005035400390625,1,58
50,0.0005035400390625,1,58
51,0.0005035400390625,1,58
52,0.0005035400390625,1,58
53,0.0005035400390625,1,58
54,0.0005035400390625,1,58
55,0.0005035400390625,1,58
56,0.0005035400390625,1,58
57,0.0005035400390625,1,58
58,0.0005035400390625,1,58
59,0.0005035400390625,1,58
60,0.0005035400390625,1,58
61,0.0005035400390625,1,58
62,0.0005035400390625,1,58
63,0.0005035400390625,1,58
64,0.0005035400390625,1,58
65,0.0005035400390625,1,58
66,0.0005035400390625,1,58
67,0.0005035400390625,1,58
68,0.0005035400390625,1,58
69,0.0005035400390625,1,58
70,0.0005035400390625,1,58
71,0.0005035400390625,1,58
72,0.0005035400390625,1,58
73,0.0005035400390625,1,58
74,0.0005035400390625,1,58
75,0.0005035400390625,1,58
76,0.0005035400390625,1,58
77,0.0005035400390625,1,58
78,0.0005035400390625,1,58
79,0.0005035400390625,1,58
80,0.0005035400390625,1,58
81,0.0005035400390625,1,58
82,0.0005035400390625,1,58
83,0.0005035400390625,1,58
84,0.0005035400390625,1,58
85,0.0005035400390625,1,58
86,0.0005035400390625,1,58
87,0.0005035400390625,1,58
88,0.0005035400390625,1,58
89,0.0005035400390625,1,58
90,0.0005035400390625,1,58
91,0.0005035400390625,1,58
92,0.0005035400390625,1,58
93,0.0005035400390625,1,58
94,0.0005035400390625,1,58
95,0.0005035400390625,1,58
96,0.0005035400390625,1,58
97,0.0005035400390625,1,58
98,0.0005035400390625,1,58
99,0.0005035400390625,1,58
100,0.0005035400390625,1,58
101,0.0005035400390625,1,58
102,0.0005035400390625,1,58
103,0.0005035400390625,1,58
104,0.0005035400390625,1,58
105,0.0005035400390625,1,58
106,0.0005035400390625,1,58
107,0.0005035400390625,1,58
108,0.0005035400390625,1,58
109,0.0005035400390625,1,58
110,0.0005035400390625,1,58
111,0.0005035400390625,1,58
112,0.0005035400390625,1,58
113,0.0005035400390625,1,58
114,0.0005035400390625,1,58
115,0.0005035400390625,1,58
116,0.0005035400390625,1,58
117,0.0005035400390625,1,58
118,0.0005035400390625,1,58
119,0.0005035400390625,1,58
120,0.0005035400390625,1,58
121,0.0005035400390625,1,58
122,0.0005035400390625,1,58
123,0.0005035400390625,1,58
124,0.0005035400390625,1,58
125,0.0005035400390625,1,58
126,0.0005035400390625,1,58
127,0.0005035400390625,1,58
128,0.0005035400390625,1,58
129,0.0005035400390625,1,58
130,0.0005035400390625,1,58
131,0.0005035400390625,1,58
132,0.0005035400390625,1,58
133,0.0005035400390625,1,58
134,0.0005035400390625,1,58
135,0.0005035400390625,1,58
136,0.0005035400390625,1,58
137,0.0005035400390625,1,58
138,0.0005035400390625,1,58
139,0.0005035400390625,1,58
140,0.0005035400390625,1,58
141,0.0005035400390625,1,58
142,0.0005035400390625,1,58
143,0.0005035400390625,1,58
144,0.0005035400390625,1,58
145,0.0005035400390625,1,58
146,0.0005035400390625,1,58
147,0.0005035400390625,1,58
148,0.0005035400390625,1,58
149,0.0005035400390625,1,58
150,0.0005035400390625,1,58
151,0.0005035400390625,1,58
152,0.0005035400390625,1,58
153,0.0005035400390625,1,58
154,0.0005035400390625,1,58
155,0.0005035400390625,1,58
156,0.0005035400390625,1,58
157,0.0005035400390625,1,58
158,0.0005035400390625,1,58
159,0.0005035400390625,1,58
160,0.0005035400390625,1,58
161,0.0005035400390625,1,58
162,0.0005035400390625,1,58
163,0.0005035400390625,1,58
164,0.0005035400390625,1,58
165,0.0005035400390625,1,58
166,0.0005035400390625,1,58
167,0.0005035400390625,1,58
168,0.0005035400390625,1,58
169,0.0005035400390625,1,58
170,0.0005035400390625,1,58
171,0.0005035400390625,1,58
172,0.0005035400390625,1,58
173,0.0005035400390625,1,58
174,0.0005035400390625,1,58
175,0.0005035400390625,1,58
176,0.0005035400390625,1,58
177,0.0005035400390625,1,58
178,0.0005035400390625,1,58
179,0.0005035400390625,1,58
180,0.0005035400390625,1,58
181,0.0005035400390625,1,58
182,0.0005035400390625,1,58
183,0.0005035400390625,1,58
184,0.0005035400390625,1,58
185,0.0005035400390625,1,58
186,0.0005035400390625,1,58
187,0.0005035400390625,1,58
188,0.0005035400390625,1,58
189,0.0005035400390625,1,58
190,0.0005035400390625,1,58
191,0.0005035400390625,1,58
192,0.0005035400390625,1,58
193,0.0005035400390625,1,58
194,0.0005035400390625,1,58
195,0.0005035400390625,1,58
196,0.0005035400390625,1,58
197,0.0005035400390625,1,58
198,0.0005035400390625,1,58
199,0.0005035400390625,1,58
200,0.0005035400390625,1,58
1,0.0018597841262817383,1,59
2,0.001862645149230957,1,59
3,0.001862645149230957,1,59
4,0.0018715262413024902,1,59
5,0.002000272274017334,1,59
6,0.00203549861907959,1,59
7,0.00203549861907959,1,59
8,0.0022020339965820312,1,59
9,0.003378748893737793,1,59
10,0.003378748893737793,1,59
11,0.003378748893737793,1,59
12,0.003901958465576172,1,59
13,0.003901958465576172,1,59
14,0.003901958465576172,1,59
15,0.003901958465576172,1,59
16,0.003901958465576172,1,59
17,0.003901958465576172,1,59
18,0.003901958465576172,1,59
19,0.003901958465576172,1,59
20,0.003901958465576172,1,59
21,0.003901958465576172,1,59
22,0.003901958465576172,1,59
23,0.003901958465576172,1,59
24,0.003901958465576172,1,59
25,0.003901958465576172,1,59
26,0.003901958465576172,1,59
27,0.003901958465576172,1,59
28,0.003901958465576172,1,59
29,0.003901958465576172,1,59
30,0.003901958465576172,1,59
31,0.003901958465576172,1,59
32,0.003901958465576172,1,59
33,0.003901958465576172,1,59
34,0.003901958465576172,1,59
35,0.003901958465576172,1,59
36,0.003901958465576172,1,59
37,0.003901958465576172,1,59
38,0.003901958465576172,1,59
39,0.003901958465576172,1,59
40,0.003901958465576172,1,59
41,0.003901958465576172,1,59
42,0.003901958465576172,1,59
43,0.003901958465576172,1,59
44,0.003901958465576172,1,59
45,0.003901958465576172,1,59
46,0.003901958465576172,1,59
47,0.003901958465576172,1,59
48,0.003901958465576172,1,59
49,0.003901958465576172,1,59
50,0.003901958465576172,1,59
51,0.003901958465576172,1,59
52,0.003901958465576172,1,59
53,0.003901958465576172,1,59
54,0.003901958465576172,1,59
55,0.003901958465576172,1,59
56,0.003901958465576172,1,59
57,0.003901958465576172,1,59
58,0.003901958465576172,1,59
59,0.003901958465576172,1,59
60,0.003901958465576172,1,59
61,0.003901958465576172,1,59
62,0.003901958465576172,1,59
63,0.003901958465576172,1,59
64,0.003901958465576172,1,59
65,0.003901958465576172,1,59
66,0.003901958465576172,1,59
67,0.003901958465576172,1,59
68,0.003901958465576172,1,59
69,0.003901958465576172,1,59
70,0.003901958465576172,1,59
71,0.003901958465576172,1,59
72,0.003901958465576172,1,59
73,0.003901958465576172,1,59
74,0.003901958465576172,1,59
75,0.003901958465576172,1,59
76,0.003901958465576172,1,59
77,0.003901958465576172,1,59
78,0.003901958465576172,1,59
79,0.003901958465576172,1,59
80,0.003901958465576172,1,59
81,0.003901958465576172,1,59
82,0.003901958465576172,1,59
83,0.003901958465576172,1,59
84,0.003901958465576172,1,59
85,0.003901958465576172,1,59
86,0.003901958465576172,1,59
87,0.003901958465576172,1,59
88,0.003901958465576172,1,59
89,0.003901958465576172,1,59
90,0.003901958465576172,1,59
91,0.003901958465576172,1,59
92,0.003901958465576172,1,59
93,0.003901958465576172,1,59
94,0.003901958465576172,1,59
95,0.003901958465576172,1,59
96,0.003901958465576172,1,59
97,0.003901958465576172,1,59
98,0.003901958465576172,1,59
99,0.003901958465576172,1,59
100,0.003901958465576172,1,59
101,0.003901958465576172,1,59
102,0.003901958465576172,1,59
103,0.003901958465576172,1,59
104,0.003901958465576172,1,59
105,0.003901958465576172,1,59
106,0.003901958465576172,1,59
107,0.003901958465576172,1,59
108,0.003901958465576172,1,59
109,0.003901958465576172,1,59
110,0.003901958465576172,1,59
111,0.003901958465576172,1,59
112,0.003901958465576172,1,59
113,0.003901958465576172,1,59
114,0.003901958465576172,1,59
115,0.003901958465576172,1,59
116,0.003901958465576172,1,59
117,0.003901958465576172,1,59
118,0.003901958465576172,1,59
119,0.003901958465576172,1,59
120,0.003901958465576172,1,59
121,0.003901958465576172,1,59
122,0.003901958465576172,1,59
123,0.003901958465576172,1,59
124,0.003901958465576172,1,59
125,0.003901958465576172,1,59
126,0.003901958465576172,1,59
127,0.003901958465576172,1,59
128,0.003901958465576172,1,59
129,0.003901958465576172,1,59
130,0.003901958465576172,1,59
131,0.003901958465576172,1,59
132,0.003901958465576172,1,59
133,0.003901958465576172,1,59
134,0.003901958465576172,1,59
135,0.003901958465576172,1,59
136,0.003901958465576172,1,59
137,0.003901958465576172,1,59
138,0.003901958465576172,1,59
139,0.003901958465576172,1,59
140,0.003901958465576172,1,59
141,0.003901958465576172,1,59
142,0.003901958465576172,1,59
143,0.003901958465576172,1,59
144,0.003901958465576172,1,59
145,0.003901958465576172,1,59
146,0.003901958465576172,1,59
147,0.003901958465576172,1,59
148,0.003901958465576172,1,59
149,0.003901958465576172,1,59
150,0.003901958465576172,1,59
151,0.003901958465576172,1,59
152,0.003901958465576172,1,59
153,0.003901958465576172,1,59
154,0.003901958465576172,1,59
155,0.003901958465576172,1,59
156,0.003901958465576172,1,59
157,0.003901958465576172,1,59
158,0.003901958465576172,1,59
159,0.003901958465576172,1,59
160,0.003901958465576172,1,59
161,0.003901958465576172,1,59
162,0.003901958465576172,1,59
163,0.003901958465576172,1,59
164,0.003901958465576172,1,59
165,0.003901958465576172,1,59
166,0.003901958465576172,1,59
167,0.003901958465576172,1,59
168,0.003901958465576172,1,59
169,0.003901958465576172,1,59
170,0.003901958465576172,1,59
171,0.003901958465576172,1,59
172,0.003901958465576172,1,59
173,0.003901958465576172,1,59
174,0.003901958465576172,1,59
175,0.003901958465576172,1,59
176,0.003901958465576172,1,59
177,0.003901958465576172,1,59
178,0.003901958465576172,1,59
179,0.003901958465576172,1,59
180,0.003901958465576172,1,59
181,0.003901958465576172,1,59
182,0.003901958465576172,1,59
183,0.003901958465576172,1,59
184,0.003901958465576172,1,59
185,0.003901958465576172,1,59
186,0.003901958465576172,1,59
187,0.003901958465576172,1,59
188,0.003901958465576172,1,59
189,0.003901958465576172,1,59
190,0.003901958465576172,1,59
191,0.003901958465576172,1,59
192,0.003901958465576172,1,59
193,0.003901958465576172,1,59
194,0.003901958465576172,1,59
195,0.003901958465576172,1,59
196,0.003901958465576172,1,59
197,0.003901958465576172,1,59
198,0.003901958465576172,1,59
199,0.003901958465576172,1,59
200,0.003901958465576172,1,59
1,0.00043767690658569336,1,60
2,0.0004547238349914551,1,60
3,0.00045740604400634766,1,60
4,0.0004924535751342773,1,60
5,0.0007178187370300293,1,60
6,0.0007178187370300293,1,60
7,0.0008689761161804199,1,60
8,0.0008689761161804199,1,60
9,0.0008689761161804199,1,60
10,0.0008803009986877441,1,60
11,0.0008803009986877441,1,60
12,0.0008803009986877441,1,60
13,0.0011028051376342773,1,60
14,0.0011028051376342773,1,60
15,0.0011028051376342773,1,60
16,0.0011028051376342773,1,60
17,0.0011408329010009766,1,60
18,0.0012350082397460938,1,60
19,0.0012350082397460938,1,60
20,0.0012350082397460938,1,60
21,0.0012350082397460938,1,60
22,0.0012350082397460938,1,60
23,0.0012350082397460938,1,60
24,0.0012350082397460938,1,60
25,0.0012350082397460938,1,60
26,0.0012350082397460938,1,60
27,0.0012350082397460938,1,60
28,0.0012350082397460938,1,60
29,0.0012350082397460938,1,60
30,0.0012350082397460938,1,60
31,0.0012350082397460938,1,60
32,0.0012350082397460938,1,60
33,0.0012350082397460938,1,60
34,0.0012350082397460938,1,60
35,0.0012350082397460938,1,60
36,0.0012350082397460938,1,60
37,0.0012350082397460938,1,60
38,0.0012350082397460938,1,60
39,0.0012350082397460938,1,60
40,0.0012350082397460938,1,60
41,0.0012350082397460938,1,60
42,0.0012350082397460938,1,60
43,0.0012350082397460938,1,60
44,0.0012350082397460938,1,60
45,0.0012350082397460938,1,60
46,0.0012350082397460938,1,60
47,0.0012350082397460938,1,60
48,0.0012350082397460938,1,60
49,0.0012350082397460938,1,60
50,0.0012350082397460938,1,60
51,0.0012350082397460938,1,60
52,0.0012350082397460938,1,60
53,0.0012350082397460938,1,60
54,0.0012350082397460938,1,60
55,0.0012350082397460938,1,60
56,0.0012350082397460938,1,60
57,0.0012350082397460938,1,60
58,0.0012350082397460938,1,60
59,0.0012350082397460938,1,60
60,0.0012350082397460938,1,60
61,0.0012350082397460938,1,60
62,0.0012350082397460938,1,60
63,0.0012350082397460938,1,60
64,0.0012350082397460938,1,60
65,0.0012350082397460938,1,60
66,0.0012350082397460938,1,60
67,0.0012350082397460938,1,60
68,0.0012350082397460938,1,60
69,0.0012350082397460938,1,60
70,0.0012350082397460938,1,60
71,0.0012350082397460938,1,60
72,0.0012350082397460938,1,60
73,0.0012350082397460938,1,60
74,0.0012350082397460938,1,60
75,0.0012350082397460938,1,60
76,0.0012350082397460938,1,60
77,0.0012350082397460938,1,60
78,0.0012350082397460938,1,60
79,0.0012350082397460938,1,60
80,0.0012350082397460938,1,60
81,0.0012350082397460938,1,60
82,0.0012350082397460938,1,60
83,0.0012350082397460938,1,60
84,0.0012350082397460938,1,60
85,0.0012350082397460938,1,60
86,0.0012350082397460938,1,60
87,0.0012350082397460938,1,60
88,0.0012350082397460938,1,60
89,0.0012350082397460938,1,60
90,0.0012350082397460938,1,60
91,0.0012350082397460938,1,60
92,0.0012350082397460938,1,60
93,0.0012350082397460938,1,60
94,0.0012350082397460938,1,60
95,0.0012350082397460938,1,60
96,0.0012350082397460938,1,60
97,0.0012350082397460938,1,60
98,0.0012350082397460938,1,60
99,0.0012350082397460938,1,60
100,0.0012350082397460938,1,60
101,0.0012350082397460938,1,60
102,0.0012350082397460938,1,60
103,0.0012350082397460938,1,60
104,0.0012350082397460938,1,60
105,0.0012350082397460938,1,60
106,0.0012350082397460938,1,60
107,0.0012350082397460938,1,60
108,0.0012350082397460938,1,60
109,0.0012350082397460938,1,60
110,0.0012350082397460938,1,60
111,0.0012350082397460938,1,60
112,0.0012350082397460938,1,60
113,0.0012350082397460938,1,60
114,0.0012350082397460938,1,60
115,0.0012350082397460938,1,60
116,0.0012350082397460938,1,60
117,0.0012350082397460938,1,60
118,0.0012350082397460938,1,60
119,0.0012350082397460938,1,60
120,0.0012350082397460938,1,60
121,0.0012350082397460938,1,60
122,0.0012350082397460938,1,60
123,0.0012350082397460938,1,60
124,0.0012350082397460938,1,60
125,0.0012350082397460938,1,60
126,0.0012350082397460938,1,60
127,0.0012350082397460938,1,60
128,0.0012350082397460938,1,60
129,0.0012350082397460938,1,60
130,0.0012350082397460938,1,60
131,0.0012350082397460938,1,60
132,0.0012350082397460938,1,60
133,0.0012350082397460938,1,60
134,0.0012350082397460938,1,60
135,0.0012350082397460938,1,60
136,0.0012350082397460938,1,60
137,0.0012350082397460938,1,60
138,0.0012350082397460938,1,60
139,0.0012350082397460938,1,60
140,0.0012350082397460938,1,60
141,0.0012350082397460938,1,60
142,0.0012350082397460938,1,60
143,0.0012350082397460938,1,60
144,0.0012350082397460938,1,60
145,0.0012350082397460938,1,60
146,0.0012350082397460938,1,60
147,0.0012350082397460938,1,60
148,0.0012350082397460938,1,60
149,0.0012350082397460938,1,60
150,0.0012350082397460938,1,60
151,0.0012350082397460938,1,60
152,0.0012350082397460938,1,60
153,0.0012350082397460938,1,60
154,0.0012350082397460938,1,60
155,0.0012350082397460938,1,60
156,0.0012350082397460938,1,60
157,0.0012350082397460938,1,60
158,0.0012350082397460938,1,60
159,0.0012350082397460938,1,60
160,0.0012350082397460938,1,60
161,0.0012350082397460938,1,60
162,0.0012350082397460938,1,60
163,0.0012350082397460938,1,60
164,0.0012350082397460938,1,60
165,0.0012350082397460938,1,60
166,0.0012350082397460938,1,60
167,0.0012350082397460938,1,60
168,0.0012350082397460938,1,60
169,0.0012350082397460938,1,60
170,0.0012350082397460938,1,60
171,0.0012350082397460938,1,60
172,0.0012350082397460938,1,60
173,0.0012350082397460938,1,60
174,0.0012350082397460938,1,60
175,0.0012350082397460938,1,60
176,0.0012350082397460938,1,60
177,0.0012350082397460938,1,60
178,0.0012350082397460938,1,60
179,0.0012350082397460938,1,60
180,0.0012350082397460938,1,60
181,0.0012350082397460938,1,60
182,0.0012350082397460938,1,60
183,0.0012350082397460938,1,60
184,0.0012350082397460938,1,60
185,0.0012350082397460938,1,60
186,0.0012350082397460938,1,60
187,0.0012350082397460938,1,60
188,0.0012350082397460938,1,60
189,0.0012350082397460938,1,60
190,0.0012350082397460938,1,60
191,0.0012350082397460938,1,60
192,0.0012350082397460938,1,60
193,0.0012350082397460938,1,60
194,0.0012350082397460938,1,60
195,0.0012350082397460938,1,60
196,0.0012350082397460938,1,60
197,0.0012350082397460938,1,60
198,0.0012350082397460938,1,60
199,0.0012350082397460938,1,60
200,0.0012350082397460938,1,60
1,1.8715858459472656e-05,1,61
2,1.8715858459472656e-05,1,61
3,1.8715858459472656e-05,1,61
4,1.8715858459472656e-05,1,61
5,2.0503997802734375e-05,1,61
6,2.205371856689453e-05,1,61
7,2.8133392333984375e-05,1,61
8,2.8133392333984375e-05,1,61
9,2.8133392333984375e-05,1,61
10,2.8133392333984375e-05,1,61
11,2.8133392333984375e-05,1,61
12,2.8252601623535156e-05,1,61
13,2.8252601623535156e-05,1,61
14,2.8252601623535156e-05,1,61
15,2.8252601623535156e-05,1,61
16,3.135204315185547e-05,1,61
17,3.135204315185547e-05,1,61
18,3.135204315185547e-05,1,61
19,3.135204315185547e-05,1,61
20,3.135204315185547e-05,1,61
21,3.135204315185547e-05,1,61
22,3.135204315185547e-05,1,61
23,3.135204315185547e-05,1,61
24,3.445148468017578e-05,1,61
25,3.445148468017578e-05,1,61
26,3.802776336669922e-05,1,61
27,3.802776336669922e-05,1,61
28,3.802776336669922e-05,1,61
29,3.802776336669922e-05,1,61
30,3.802776336669922e-05,1,61
31,3.802776336669922e-05,1,61
32,3.802776336669922e-05,1,61
33,3.802776336669922e-05,1,61
34,3.802776336669922e-05,1,61
35,3.802776336669922e-05,1,61
36,3.802776336669922e-05,1,61
37,3.802776336669922e-05,1,61
38,3.802776336669922e-05,1,61
39,3.802776336669922e-05,1,61
40,3.802776336669922e-05,1,61
41,3.802776336669922e-05,1,61
42,3.802776336669922e-05,1,61
43,3.802776336669922e-05,1,61
44,3.802776336669922e-05,1,61
45,3.802776336669922e-05,1,61
46,3.802776336669922e-05,1,61
47,3.802776336669922e-05,1,61
48,3.802776336669922e-05,1,61
49,3.802776336669922e-05,1,61
50,3.802776336669922e-05,1,61
51,3.802776336669922e-05,1,61
52,3.802776336669922e-05,1,61
53,3.802776336669922e-05,1,61
54,3.802776336669922e-05,1,61
55,3.802776336669922e-05,1,61
56,3.802776336669922e-05,1,61
57,3.802776336669922e-05,1,61
58,3.802776336669922e-05,1,61
59,3.802776336669922e-05,1,61
60,3.802776336669922e-05,1,61
61,3.802776336669922e-05,1,61
62,3.802776336669922e-05,1,61
63,3.802776336669922e-05,1,61
64,3.802776336669922e-05,1,61
65,3.802776336669922e-05,1,61
66,3.802776336669922e-05,1,61
67,3.802776336669922e-05,1,61
68,3.802776336669922e-05,1,61
69,3.802776336669922e-05,1,61
70,3.802776336669922e-05,1,61
71,3.802776336669922e-05,1,61
72,3.802776336669922e-05,1,61
73,3.802776336669922e-05,1,61
74,3.802776336669922e-05,1,61
75,3.802776336669922e-05,1,61
76,3.802776336669922e-05,1,61
77,3.802776336669922e-05,1,61
78,3.802776336669922e-05,1,61
79,3.802776336669922e-05,1,61
80,3.802776336669922e-05,1,61
81,3.802776336669922e-05,1,61
82,3.802776336669922e-05,1,61
83,3.802776336669922e-05,1,61
84,3.802776336669922e-05,1,61
85,3.802776336669922e-05,1,61
86,3.802776336669922e-05,1,61
87,3.802776336669922e-05,1,61
88,3.802776336669922e-05,1,61
89,3.802776336669922e-05,1,61
90,3.802776336669922e-05,1,61
91,3.802776336669922e-05,1,61
92,3.802776336669922e-05,1,61
93,3.802776336669922e-05,1,61
94,3.802776336669922e-05,1,61
95,3.802776336669922e-05,1,61
96,3.802776336669922e-05,1,61
97,3.802776336669922e-05,1,61
98,3.802776336669922e-05,1,61
99,3.802776336669922e-05,1,61
100,3.802776336669922e-05,1,61
101,3.802776336669922e-05,1,61
102,3.802776336669922e-05,1,61
103,3.802776336669922e-05,1,61
104,3.802776336669922e-05,1,61
105,3.802776336669922e-05,1,61
106,3.802776336669922e-05,1,61
107,3.802776336669922e-05,1,61
108,3.802776336669922e-05,1,61
109,3.802776336669922e-05,1,61
110,3.802776336669922e-05,1,61
111,3.802776336669922e-05,1,61
112,3.802776336669922e-05,1,61
113,3.802776336669922e-05,1,61
114,3.802776336669922e-05,1,61
115,3.802776336669922e-05,1,61
116,3.802776336669922e-05,1,61
117,3.802776336669922e-05,1,61
118,3.802776336669922e-05,1,61
119,3.802776336669922e-05,1,61
120,3.802776336669922e-05,1,61
121,3.802776336669922e-05,1,61
122,3.802776336669922e-05,1,61
123,3.802776336669922e-05,1,61
124,3.802776336669922e-05,1,61
125,3.802776336669922e-05,1,61
126,3.802776336669922e-05,1,61
127,3.802776336669922e-05,1,61
128,3.802776336669922e-05,1,61
129,3.802776336669922e-05,1,61
130,3.802776336669922e-05,1,61
131,3.802776336669922e-05,1,61
132,3.802776336669922e-05,1,61
133,3.802776336669922e-05,1,61
134,3.802776336669922e-05,1,61
135,3.802776336669922e-05,1,61
136,3.802776336669922e-05,1,61
137,3.802776336669922e-05,1,61
138,3.802776336669922e-05,1,61
139,3.802776336669922e-05,1,61
140,3.802776336669922e-05,1,61
141,3.802776336669922e-05,1,61
142,3.802776336669922e-05,1,61
143,3.802776336669922e-05,1,61
144,3.802776336669922e-05,1,61
145,3.802776336669922e-05,1,61
146,3.802776336669922e-05,1,61
147,3.802776336669922e-05,1,61
148,3.802776336669922e-05,1,61
149,3.802776336669922e-05,1,61
150,3.802776336669922e-05,1,61
151,3.802776336669922e-05,1,61
152,3.802776336669922e-05,1,61
153,3.802776336669922e-05,1,61
154,3.802776336669922e-05,1,61
155,3.802776336669922e-05,1,61
156,3.802776336669922e-05,1,61
157,3.802776336669922e-05,1,61
158,3.802776336669922e-05,1,61
159,3.802776336669922e-05,1,61
160,3.802776336669922e-05,1,61
161,3.802776336669922e-05,1,61
162,3.802776336669922e-05,1,61
163,3.802776336669922e-05,1,61
164,3.802776336669922e-05,1,61
165,3.802776336669922e-05,1,61
166,3.802776336669922e-05,1,61
167,3.802776336669922e-05,1,61
168,3.802776336669922e-05,1,61
169,3.802776336669922e-05,1,61
170,3.802776336669922e-05,1,61
171,3.802776336669922e-05,1,61
172,3.802776336669922e-05,1,61
173,3.802776336669922e-05,1,61
174,3.802776336669922e-05,1,61
175,3.802776336669922e-05,1,61
176,3.802776336669922e-05,1,61
177,3.802776336669922e-05,1,61
178,3.802776336669922e-05,1,61
179,3.802776336669922e-05,1,61
180,3.802776336669922e-05,1,61
181,3.802776336669922e-05,1,61
182,3.802776336669922e-05,1,61
183,3.802776336669922e-05,1,61
184,3.802776336669922e-05,1,61
185,3.802776336669922e-05,1,61
186,3.802776336669922e-05,1,61
187,3.802776336669922e-05,1,61
188,3.802776336669922e-05,1,61
189,3.802776336669922e-05,1,61
190,3.802776336669922e-05,1,61
191,3.802776336669922e-05,1,61
192,3.802776336669922e-05,1,61
193,3.802776336669922e-05,1,61
194,3.802776336669922e-05,1,61
195,3.802776336669922e-05,1,61
196,3.802776336669922e-05,1,61
197,3.802776336669922e-05,1,61
198,3.802776336669922e-05,1,61
199,3.802776336669922e-05,1,61
200,3.802776336669922e-05,1,61
1,0.009318768978118896,1,62
2,0.009318768978118896,1,62
3,0.009699463844299316,1,62
4,0.009699463844299316,1,62
5,0.009699463844299316,1,62
6,0.012703776359558105,1,62
7,0.014909148216247559,1,62
8,0.014909148216247559,1,62
9,0.014909148216247559,1,62
10,0.014909148216247559,1,62
11,0.014909148216247559,1,62
12,0.015860557556152344,1,62
13,0.015860557556152344,1,62
14,0.015860557556152344,1,62
15,0.015860557556152344,1,62
16,0.015860557556152344,1,62
17,0.015860557556152344,1,62
18,0.019804418087005615,1,62
19,0.019804418087005615,1,62
20,0.019804418087005615,1,62
21,0.019804418087005615,1,62
22,0.019804418087005615,1,62
23,0.02776050567626953,1,62
24,0.02776050567626953,1,62
25,0.02776050567626953,1,62
26,0.02776050567626953,1,62
27,0.02776050567626953,1,62
28,0.02776050567626953,1,62
29,0.02776050567626953,1,62
30,0.02776050567626953,1,62
31,0.02776050567626953,1,62
32,0.02776050567626953,1,62
33,0.02776050567626953,1,62
34,0.02776050567626953,1,62
35,0.02776050567626953,1,62
36,0.02776050567626953,1,62
37,0.02776050567626953,1,62
38,0.02776050567626953,1,62
39,0.02776050567626953,1,62
40,0.02776050567626953,1,62
41,0.02776050567626953,1,62
42,0.02776050567626953,1,62
43,0.02776050567626953,1,62
44,0.02776050567626953,1,62
45,0.02776050567626953,1,62
46,0.02776050567626953,1,62
47,0.02776050567626953,1,62
48,0.02776050567626953,1,62
49,0.02776050567626953,1,62
50,0.02776050567626953,1,62
51,0.02776050567626953,1,62
52,0.02776050567626953,1,62
53,0.02776050567626953,1,62
54,0.02776050567626953,1,62
55,0.02776050567626953,1,62
56,0.02776050567626953,1,62
57,0.02776050567626953,1,62
58,0.02776050567626953,1,62
59,0.02776050567626953,1,62
60,0.02776050567626953,1,62
61,0.02776050567626953,1,62
62,0.02776050567626953,1,62
63,0.02776050567626953,1,62
64,0.05031096935272217,2,62
65,0.05031096935272217,2,62
66,0.05637705326080322,2,62
67,0.05637705326080322,2,62
68,0.05637705326080322,2,62
69,0.05637705326080322,2,62
70,0.05637705326080322,2,62
71,0.08434844017028809,3,62
72,0.06966513395309448,2,62
73,0.06966513395309448,2,62
74,0.06966513395309448,2,62
75,0.06966513395309448,2,62
76,0.09753167629241943,3,62
77,0.11590015888214111,3,62
78,0.11590015888214111,3,62
79,0.11590015888214111,3,62
80,0.11590015888214111,3,62
81,0.11590015888214111,3,62
82,0.11590015888214111,3,62
83,0.15224778652191162,3,62
84,0.15224778652191162,3,62
85,0.15224778652191162,3,62
86,0.1577656865119934,3,62
87,0.1577656865119934,3,62
88,0.1577656865119934,3,62
89,0.1577656865119934,3,62
90,0.1577656865119934,3,62
91,0.1577656865119934,3,62
92,0.1577656865119934,3,62
93,0.1577656865119934,3,62
94,0.1577656865119934,3,62
95,0.1577656865119934,3,62
96,0.2610042691230774,5,62
97,0.2610042691230774,5,62
98,0.2610042691230774,5,62
99,0.2610042691230774,5,62
100,0.2610042691230774,5,62
101,0.2610042691230774,5,62
102,0.2610042691230774,5,62
103,0.2610042691230774,5,62
104,0.2649523615837097,4,62
105,0.2649523615837097,4,62
106,0.2649523615837097,4,62
107,0.2649523615837097,4,62
108,0.2649523615837097,4,62
109,0.2649523615837097,4,62
110,0.2649523615837097,4,62
111,0.2649523615837097,4,62
112,0.2649523615837097,4,62
113,0.2649523615837097,4,62
114,0.2649523615837097,4,62
115,0.2882309556007385,5,62
116,0.2882309556007385,5,62
117,0.2882309556007385,5,62
118,0.2882309556007385,5,62
119,0.27278226613998413,4,62
120,0.30750852823257446,6,62
121,0.30750852823257446,6,62
122,0.3902944326400757,9,62
123,0.3902944326400757,9,62
124,0.3902944326400757,9,62
125,0.33970510959625244,5,62
126,0.37416237592697144,7,62
127,0.37416237592697144,7,62
128,0.37416237592697144,7,62
129,0.39832162857055664,6,62
130,0.4331369996070862,7,62
131,0.4331369996070862,7,62
132,0.4331369996070862,7,62
133,0.4331369996070862,7,62
134,0.4331369996070862,7,62
135,0.4331369996070862,7,62
136,0.4331369996070862,7,62
137,0.4331369996070862,7,62
138,0.4331369996070862,7,62
139,0.4331369996070862,7,62
140,0.4331369996070862,7,62
141,0.4331369996070862,7,62
142,0.4331369996070862,7,62
143,0.4331369996070862,7,62
144,0.4331369996070862,7,62
145,0.4331369996070862,7,62
146,0.4331369996070862,7,62
147,0.4331369996070862,7,62
148,0.4331369996070862,7,62
149,0.4331369996070862,7,62
150,0.4331369996070862,7,62
151,0.4331369996070862,7,62
152,0.4331369996070862,7,62
153,0.4331369996070862,7,62
154,0.4331369996070862,7,62
155,0.4331369996070862,7,62
156,0.4916722774505615,9,62
157,0.4916722774505615,9,62
158,0.4916722774505615,9,62
159,0.4916722774505615,9,62
160,0.4916722774505615,9,62
161,0.49448156356811523,9,62
162,0.49448156356811523,9,62
163,0.49448156356811523,9,62
164,0.49448156356811523,9,62
165,0.49448156356811523,9,62
166,0.49448156356811523,9,62
167,0.49448156356811523,9,62
168,0.5236998498439789,10,62
169,0.5234673023223877,9,62
170,0.5234673023223877,9,62
171,0.5234673023223877,9,62
172,0.5234673023223877,9,62
173,0.5234673023223877,9,62
174,0.5234673023223877,9,62
175,0.5234673023223877,9,62
176,0.5234673023223877,9,62
177,0.5234673023223877,9,62
178,0.5234673023223877,9,62
179,0.5234673023223877,9,62
180,0.5234673023223877,9,62
181,0.5234673023223877,9,62
182,0.5234673023223877,9,62
183,0.5234673023223877,9,62
184,0.5234673023223877,9,62
185,0.5234673023223877,9,62
186,0.5234673023223877,9,62
187,0.5234673023223877,9,62
188,0.5234673023223877,9,62
189,0.5234673023223877,9,62
190,0.5234673023223877,9,62
191,0.5234673023223877,9,62
192,0.5234673023223877,9,62
193,0.5546849966049194,9,62
194,0.5546849966049194,9,62
195,0.5546849966049194,9,62
196,0.5546849966049194,9,62
197,0.5546849966049194,9,62
198,0.5546849966049194,9,62
199,0.5546849966049194,9,62
200,0.5546849966049194,9,62
1,1.430511474609375e-05,1,63
2,1.4781951904296875e-05,1,63
3,1.5020370483398438e-05,1,63
4,1.5020370483398438e-05,1,63
5,1.5020370483398438e-05,1,63
6,1.52587890625e-05,1,63
7,1.52587890625e-05,1,63
8,1.52587890625e-05,1,63
9,1.5497207641601562e-05,1,63
10,1.7523765563964844e-05,1,63
11,1.7523765563964844e-05,1,63
12,4.1484832763671875e-05,1,63
13,4.1484832763671875e-05,1,63
14,5.1021575927734375e-05,1,63
15,5.1021575927734375e-05,1,63
16,5.1021575927734375e-05,1,63
17,5.1021575927734375e-05,1,63
18,5.1021575927734375e-05,1,63
19,5.1021575927734375e-05,1,63
20,5.5670738220214844e-05,1,63
21,5.5670738220214844e-05,1,63
22,5.5670738220214844e-05,1,63
23,5.5670738220214844e-05,1,63
24,5.5670738220214844e-05,1,63
25,6.0558319091796875e-05,1,63
26,6.0558319091796875e-05,1,63
27,6.0558319091796875e-05,1,63
28,6.0558319091796875e-05,1,63
29,6.0558319091796875e-05,1,63
30,6.0558319091796875e-05,1,63
31,6.0558319091796875e-05,1,63
32,6.0558319091796875e-05,1,63
33,6.0558319091796875e-05,1,63
34,6.0558319091796875e-05,1,63
35,6.0558319091796875e-05,1,63
36,6.0558319091796875e-05,1,63
37,6.0558319091796875e-05,1,63
38,6.0558319091796875e-05,1,63
39,6.0558319091796875e-05,1,63
40,6.0558319091796875e-05,1,63
41,6.0558319091796875e-05,1,63
42,6.0558319091796875e-05,1,63
43,6.0558319091796875e-05,1,63
44,6.0558319091796875e-05,1,63
45,6.0558319091796875e-05,1,63
46,6.0558319091796875e-05,1,63
47,6.0558319091796875e-05,1,63
48,6.0558319091796875e-05,1,63
49,6.0558319091796875e-05,1,63
50,6.0558319091796875e-05,1,63
51,6.0558319091796875e-05,1,63
52,6.0558319091796875e-05,1,63
53,6.0558319091796875e-05,1,63
54,6.0558319091796875e-05,1,63
55,6.0558319091796875e-05,1,63
56,6.0558319091796875e-05,1,63
57,6.0558319091796875e-05,1,63
58,6.0558319091796875e-05,1,63
59,6.0558319091796875e-05,1,63
60,6.0558319091796875e-05,1,63
61,6.0558319091796875e-05,1,63
62,6.0558319091796875e-05,1,63
63,6.0558319091796875e-05,1,63
64,6.0558319091796875e-05,1,63
65,6.0558319091796875e-05,1,63
66,6.0558319091796875e-05,1,63
67,6.0558319091796875e-05,1,63
68,6.0558319091796875e-05,1,63
69,6.0558319091796875e-05,1,63
70,6.0558319091796875e-05,1,63
71,6.0558319091796875e-05,1,63
72,6.0558319091796875e-05,1,63
73,6.0558319091796875e-05,1,63
74,6.0558319091796875e-05,1,63
75,6.0558319091796875e-05,1,63
76,6.0558319091796875e-05,1,63
77,6.0558319091796875e-05,1,63
78,6.0558319091796875e-05,1,63
79,6.0558319091796875e-05,1,63
80,6.0558319091796875e-05,1,63
81,6.0558319091796875e-05,1,63
82,6.0558319091796875e-05,1,63
83,6.0558319091796875e-05,1,63
84,6.0558319091796875e-05,1,63
85,6.0558319091796875e-05,1,63
86,6.0558319091796875e-05,1,63
87,6.0558319091796875e-05,1,63
88,6.0558319091796875e-05,1,63
89,6.0558319091796875e-05,1,63
90,6.0558319091796875e-05,1,63
91,6.0558319091796875e-05,1,63
92,6.0558319091796875e-05,1,63
93,6.0558319091796875e-05,1,63
94,6.0558319091796875e-05,1,63
95,6.0558319091796875e-05,1,63
96,6.0558319091796875e-05,1,63
97,6.0558319091796875e-05,1,63
98,6.0558319091796875e-05,1,63
99,6.0558319091796875e-05,1,63
100,6.0558319091796875e-05,1,63
101,6.0558319091796875e-05,1,63
102,6.0558319091796875e-05,1,63
103,6.0558319091796875e-05,1,63
104,6.0558319091796875e-05,1,63
105,6.0558319091796875e-05,1,63
106,6.0558319091796875e-05,1,63
107,6.0558319091796875e-05,1,63
108,6.0558319091796875e-05,1,63
109,6.0558319091796875e-05,1,63
110,6.0558319091796875e-05,1,63
111,6.0558319091796875e-05,1,63
112,6.0558319091796875e-05,1,63
113,6.0558319091796875e-05,1,63
114,6.0558319091796875e-05,1,63
115,6.0558319091796875e-05,1,63
116,6.0558319091796875e-05,1,63
117,6.0558319091796875e-05,1,63
118,6.0558319091796875e-05,1,63
119,6.0558319091796875e-05,1,63
120,6.0558319091796875e-05,1,63
121,6.0558319091796875e-05,1,63
122,6.0558319091796875e-05,1,63
123,6.0558319091796875e-05,1,63
124,6.0558319091796875e-05,1,63
125,6.0558319091796875e-05,1,63
126,6.0558319091796875e-05,1,63
127,6.0558319091796875e-05,1,63
128,6.0558319091796875e-05,1,63
129,6.0558319091796875e-05,1,63
130,6.0558319091796875e-05,1,63
131,6.0558319091796875e-05,1,63
132,6.0558319091796875e-05,1,63
133,6.0558319091796875e-05,1,63
134,6.0558319091796875e-05,1,63
135,6.0558319091796875e-05,1,63
136,6.0558319091796875e-05,1,63
137,6.0558319091796875e-05,1,63
138,6.0558319091796875e-05,1,63
139,6.0558319091796875e-05,1,63
140,6.0558319091796875e-05,1,63
141,6.0558319091796875e-05,1,63
142,6.0558319091796875e-05,1,63
143,6.0558319091796875e-05,1,63
144,6.0558319091796875e-05,1,63
145,6.0558319091796875e-05,1,63
146,6.0558319091796875e-05,1,63
147,6.0558319091796875e-05,1,63
148,6.0558319091796875e-05,1,63
149,6.0558319091796875e-05,1,63
150,6.0558319091796875e-05,1,63
151,6.0558319091796875e-05,1,63
152,6.0558319091796875e-05,1,63
153,6.0558319091796875e-05,1,63
154,6.0558319091796875e-05,1,63
155,6.0558319091796875e-05,1,63
156,6.0558319091796875e-05,1,63
157,6.0558319091796875e-05,1,63
158,6.0558319091796875e-05,1,63
159,6.0558319091796875e-05,1,63
160,6.0558319091796875e-05,1,63
161,6.0558319091796875e-05,1,63
162,6.0558319091796875e-05,1,63
163,6.0558319091796875e-05,1,63
164,6.0558319091796875e-05,1,63
165,6.0558319091796875e-05,1,63
166,6.0558319091796875e-05,1,63
167,6.0558319091796875e-05,1,63
168,6.0558319091796875e-05,1,63
169,6.0558319091796875e-05,1,63
170,6.0558319091796875e-05,1,63
171,6.0558319091796875e-05,1,63
172,6.0558319091796875e-05,1,63
173,6.0558319091796875e-05,1,63
174,6.0558319091796875e-05,1,63
175,6.0558319091796875e-05,1,63
176,6.0558319091796875e-05,1,63
177,6.0558319091796875e-05,1,63
178,6.0558319091796875e-05,1,63
179,6.0558319091796875e-05,1,63
180,6.0558319091796875e-05,1,63
181,6.0558319091796875e-05,1,63
182,6.0558319091796875e-05,1,63
183,6.0558319091796875e-05,1,63
184,6.0558319091796875e-05,1,63
185,6.0558319091796875e-05,1,63
186,6.0558319091796875e-05,1,63
187,6.0558319091796875e-05,1,63
188,6.0558319091796875e-05,1,63
189,6.0558319091796875e-05,1,63
190,6.0558319091796875e-05,1,63
191,6.0558319091796875e-05,1,63
192,6.0558319091796875e-05,1,63
193,6.0558319091796875e-05,1,63
194,6.0558319091796875e-05,1,63
195,6.0558319091796875e-05,1,63
196,6.0558319091796875e-05,1,63
197,6.0558319091796875e-05,1,63
198,6.0558319091796875e-05,1,63
199,6.0558319091796875e-05,1,63
200,6.0558319091796875e-05,1,63
1,9.250640869140625e-05,1,64
2,9.250640869140625e-05,1,64
3,9.5367431640625e-05,1,64
4,9.5367431640625e-05,1,64
5,0.00011289119720458984,1,64
6,0.00011289119720458984,1,64
7,0.00011289119720458984,1,64
8,0.0001207590103149414,1,64
9,0.0001207590103149414,1,64
10,0.0001207590103149414,1,64
11,0.0001792311668395996,1,64
12,0.0002040266990661621,1,64
13,0.0002040266990661621,1,64
14,0.0002040266990661621,1,64
15,0.0002040266990661621,1,64
16,0.00021821260452270508,1,64
17,0.00021821260452270508,1,64
18,0.00021821260452270508,1,64
19,0.00021821260452270508,1,64
20,0.00021821260452270508,1,64
21,0.00021821260452270508,1,64
22,0.00021821260452270508,1,64
23,0.00021821260452270508,1,64
24,0.00021821260452270508,1,64
25,0.00021821260452270508,1,64
26,0.00021821260452270508,1,64
27,0.00021821260452270508,1,64
28,0.00021821260452270508,1,64
29,0.00021821260452270508,1,64
30,0.00021821260452270508,1,64
31,0.00021821260452270508,1,64
32,0.00021821260452270508,1,64
33,0.00021821260452270508,1,64
34,0.00021821260452270508,1,64
35,0.00021821260452270508,1,64
36,0.00021821260452270508,1,64
37,0.00021821260452270508,1,64
38,0.00021821260452270508,1,64
39,0.00021821260452270508,1,64
40,0.00021821260452270508,1,64
41,0.00021821260452270508,1,64
42,0.00021821260452270508,1,64
43,0.00021821260452270508,1,64
44,0.00021821260452270508,1,64
45,0.00021821260452270508,1,64
46,0.00021821260452270508,1,64
47,0.00021821260452270508,1,64
48,0.00021821260452270508,1,64
49,0.00021821260452270508,1,64
50,0.00021821260452270508,1,64
51,0.00021821260452270508,1,64
52,0.00021821260452270508,1,64
53,0.00021821260452270508,1,64
54,0.00021821260452270508,1,64
55,0.00021821260452270508,1,64
56,0.00021821260452270508,1,64
57,0.00021821260452270508,1,64
58,0.00021821260452270508,1,64
59,0.00021821260452270508,1,64
60,0.00021821260452270508,1,64
61,0.00021821260452270508,1,64
62,0.00021821260452270508,1,64
63,0.00021821260452270508,1,64
64,0.00021821260452270508,1,64
65,0.00021821260452270508,1,64
66,0.00021821260452270508,1,64
67,0.00021821260452270508,1,64
68,0.00021821260452270508,1,64
69,0.00021821260452270508,1,64
70,0.00021821260452270508,1,64
71,0.00021821260452270508,1,64
72,0.00021821260452270508,1,64
73,0.00021821260452270508,1,64
74,0.00021821260452270508,1,64
75,0.00021821260452270508,1,64
76,0.00021821260452270508,1,64
77,0.00021821260452270508,1,64
78,0.00021821260452270508,1,64
79,0.00021821260452270508,1,64
80,0.00021821260452270508,1,64
81,0.00021821260452270508,1,64
82,0.00021821260452270508,1,64
83,0.00021821260452270508,1,64
84,0.00021821260452270508,1,64
85,0.00021821260452270508,1,64
86,0.00021821260452270508,1,64
87,0.00021821260452270508,1,64
88,0.00021821260452270508,1,64
89,0.00021821260452270508,1,64
90,0.00021821260452270508,1,64
91,0.00021821260452270508,1,64
92,0.00021821260452270508,1,64
93,0.00021821260452270508,1,64
94,0.00021821260452270508,1,64
95,0.00021821260452270508,1,64
96,0.00021821260452270508,1,64
97,0.00021821260452270508,1,64
98,0.00021821260452270508,1,64
99,0.00021821260452270508,1,64
100,0.00021821260452270508,1,64
101,0.00021821260452270508,1,64
102,0.00021821260452270508,1,64
103,0.00021821260452270508,1,64
104,0.00021821260452270508,1,64
105,0.00021821260452270508,1,64
106,0.00021821260452270508,1,64
107,0.00021821260452270508,1,64
108,0.00021821260452270508,1,64
109,0.00021821260452270508,1,64
110,0.00021821260452270508,1,64
111,0.00021821260452270508,1,64
112,0.00021821260452270508,1,64
113,0.00021821260452270508,1,64
114,0.00021821260452270508,1,64
115,0.00021821260452270508,1,64
116,0.00021821260452270508,1,64
117,0.00021821260452270508,1,64
118,0.00021821260452270508,1,64
119,0.00021821260452270508,1,64
120,0.00021821260452270508,1,64
121,0.00021821260452270508,1,64
122,0.00021821260452270508,1,64
123,0.00021821260452270508,1,64
124,0.00021821260452270508,1,64
125,0.00021821260452270508,1,64
126,0.00021821260452270508,1,64
127,0.00021821260452270508,1,64
128,0.00021821260452270508,1,64
129,0.00021821260452270508,1,64
130,0.00021821260452270508,1,64
131,0.00021821260452270508,1,64
132,0.00021821260452270508,1,64
133,0.00021821260452270508,1,64
134,0.00021821260452270508,1,64
135,0.00021821260452270508,1,64
136,0.00021821260452270508,1,64
137,0.00021821260452270508,1,64
138,0.00021821260452270508,1,64
139,0.00021821260452270508,1,64
140,0.00021821260452270508,1,64
141,0.00021821260452270508,1,64
142,0.00021821260452270508,1,64
143,0.00021821260452270508,1,64
144,0.00021821260452270508,1,64
145,0.00021821260452270508,1,64
146,0.00021821260452270508,1,64
147,0.00021821260452270508,1,64
148,0.00021821260452270508,1,64
149,0.00021821260452270508,1,64
150,0.00021821260452270508,1,64
151,0.00021821260452270508,1,64
152,0.00021821260452270508,1,64
153,0.00021821260452270508,1,64
154,0.00021821260452270508,1,64
155,0.00021821260452270508,1,64
156,0.00021821260452270508,1,64
157,0.00021821260452270508,1,64
158,0.00021821260452270508,1,64
159,0.00021821260452270508,1,64
160,0.00021821260452270508,1,64
161,0.00021821260452270508,1,64
162,0.00021821260452270508,1,64
163,0.00021821260452270508,1,64
164,0.00021821260452270508,1,64
165,0.00021821260452270508,1,64
166,0.00021821260452270508,1,64
167,0.00021821260452270508,1,64
168,0.00021821260452270508,1,64
169,0.00021821260452270508,1,64
170,0.00021821260452270508,1,64
171,0.00021821260452270508,1,64
172,0.00021821260452270508,1,64
173,0.00021821260452270508,1,64
174,0.00021821260452270508,1,64
175,0.00021821260452270508,1,64
176,0.00021821260452270508,1,64
177,0.00021821260452270508,1,64
178,0.00021821260452270508,1,64
179,0.00021821260452270508,1,64
180,0.00021821260452270508,1,64
181,0.00021821260452270508,1,64
182,0.00021821260452270508,1,64
183,0.00021821260452270508,1,64
184,0.00021821260452270508,1,64
185,0.00021821260452270508,1,64
186,0.00021821260452270508,1,64
187,0.00021821260452270508,1,64
188,0.00021821260452270508,1,64
189,0.00021821260452270508,1,64
190,0.00021821260452270508,1,64
191,0.00021821260452270508,1,64
192,0.00021821260452270508,1,64
193,0.00021821260452270508,1,64
194,0.00021821260452270508,1,64
195,0.00021821260452270508,1,64
196,0.00021821260452270508,1,64
197,0.00021821260452270508,1,64
198,0.00021821260452270508,1,64
199,0.00021821260452270508,1,64
200,0.00021821260452270508,1,64
1,2.753734588623047e-05,1,65
2,2.753734588623047e-05,1,65
3,2.753734588623047e-05,1,65
4,2.849102020263672e-05,1,65
5,3.0994415283203125e-05,1,65
6,4.1484832763671875e-05,1,65
7,4.1484832763671875e-05,1,65
8,4.1484832763671875e-05,1,65
9,4.1484832763671875e-05,1,65
10,4.780292510986328e-05,1,65
11,4.780292510986328e-05,1,65
12,4.982948303222656e-05,1,65
13,4.982948303222656e-05,1,65
14,5.3882598876953125e-05,1,65
15,5.3882598876953125e-05,1,65
16,5.3882598876953125e-05,1,65
17,5.3882598876953125e-05,1,65
18,5.3882598876953125e-05,1,65
19,5.3882598876953125e-05,1,65
20,5.3882598876953125e-05,1,65
21,5.829334259033203e-05,1,65
22,6.031990051269531e-05,1,65
23,6.031990051269531e-05,1,65
24,6.031990051269531e-05,1,65
25,6.031990051269531e-05,1,65
26,6.031990051269531e-05,1,65
27,6.031990051269531e-05,1,65
28,6.031990051269531e-05,1,65
29,6.031990051269531e-05,1,65
30,6.031990051269531e-05,1,65
31,6.031990051269531e-05,1,65
32,6.031990051269531e-05,1,65
33,6.031990051269531e-05,1,65
34,6.031990051269531e-05,1,65
35,6.031990051269531e-05,1,65
36,6.031990051269531e-05,1,65
37,6.031990051269531e-05,1,65
38,6.031990051269531e-05,1,65
39,6.031990051269531e-05,1,65
40,6.031990051269531e-05,1,65
41,6.031990051269531e-05,1,65
42,6.031990051269531e-05,1,65
43,6.031990051269531e-05,1,65
44,6.031990051269531e-05,1,65
45,6.031990051269531e-05,1,65
46,6.031990051269531e-05,1,65
47,6.031990051269531e-05,1,65
48,6.031990051269531e-05,1,65
49,6.031990051269531e-05,1,65
50,6.031990051269531e-05,1,65
51,6.031990051269531e-05,1,65
52,6.031990051269531e-05,1,65
53,6.031990051269531e-05,1,65
54,6.031990051269531e-05,1,65
55,6.031990051269531e-05,1,65
56,6.031990051269531e-05,1,65
57,6.031990051269531e-05,1,65
58,6.031990051269531e-05,1,65
59,6.031990051269531e-05,1,65
60,6.031990051269531e-05,1,65
61,6.031990051269531e-05,1,65
62,6.031990051269531e-05,1,65
63,6.031990051269531e-05,1,65
64,6.031990051269531e-05,1,65
65,6.031990051269531e-05,1,65
66,6.031990051269531e-05,1,65
67,6.031990051269531e-05,1,65
68,6.031990051269531e-05,1,65
69,6.031990051269531e-05,1,65
70,6.031990051269531e-05,1,65
71,6.031990051269531e-05,1,65
72,6.031990051269531e-05,1,65
73,6.031990051269531e-05,1,65
74,6.031990051269531e-05,1,65
75,6.031990051269531e-05,1,65
76,6.031990051269531e-05,1,65
77,6.031990051269531e-05,1,65
78,6.031990051269531e-05,1,65
79,6.031990051269531e-05,1,65
80,6.031990051269531e-05,1,65
81,6.031990051269531e-05,1,65
82,6.031990051269531e-05,1,65
83,6.031990051269531e-05,1,65
84,6.031990051269531e-05,1,65
85,6.031990051269531e-05,1,65
86,6.031990051269531e-05,1,65
87,6.031990051269531e-05,1,65
88,6.031990051269531e-05,1,65
89,6.031990051269531e-05,1,65
90,6.031990051269531e-05,1,65
91,6.031990051269531e-05,1,65
92,6.031990051269531e-05,1,65
93,6.031990051269531e-05,1,65
94,6.031990051269531e-05,1,65
95,6.031990051269531e-05,1,65
96,6.031990051269531e-05,1,65
97,6.031990051269531e-05,1,65
98,6.031990051269531e-05,1,65
99,6.031990051269531e-05,1,65
100,6.031990051269531e-05,1,65
101,6.031990051269531e-05,1,65
102,6.031990051269531e-05,1,65
103,6.031990051269531e-05,1,65
104,6.031990051269531e-05,1,65
105,6.031990051269531e-05,1,65
106,6.031990051269531e-05,1,65
107,6.031990051269531e-05,1,65
108,6.031990051269531e-05,1,65
109,6.031990051269531e-05,1,65
110,6.031990051269531e-05,1,65
111,6.031990051269531e-05,1,65
112,6.031990051269531e-05,1,65
113,6.031990051269531e-05,1,65
114,6.031990051269531e-05,1,65
115,6.031990051269531e-05,1,65
116,6.031990051269531e-05,1,65
117,6.031990051269531e-05,1,65
118,6.031990051269531e-05,1,65
119,6.031990051269531e-05,1,65
120,6.031990051269531e-05,1,65
121,6.031990051269531e-05,1,65
122,6.031990051269531e-05,1,65
123,6.031990051269531e-05,1,65
124,6.031990051269531e-05,1,65
125,6.031990051269531e-05,1,65
126,6.031990051269531e-05,1,65
127,6.031990051269531e-05,1,65
128,6.031990051269531e-05,1,65
129,6.031990051269531e-05,1,65
130,6.031990051269531e-05,1,65
131,6.031990051269531e-05,1,65
132,6.031990051269531e-05,1,65
133,6.031990051269531e-05,1,65
134,6.031990051269531e-05,1,65
135,6.031990051269531e-05,1,65
136,6.031990051269531e-05,1,65
137,6.031990051269531e-05,1,65
138,6.031990051269531e-05,1,65
139,6.031990051269531e-05,1,65
140,6.031990051269531e-05,1,65
141,6.031990051269531e-05,1,65
142,6.031990051269531e-05,1,65
143,6.031990051269531e-05,1,65
144,6.031990051269531e-05,1,65
145,6.031990051269531e-05,1,65
146,6.031990051269531e-05,1,65
147,6.031990051269531e-05,1,65
148,6.031990051269531e-05,1,65
149,6.031990051269531e-05,1,65
150,6.031990051269531e-05,1,65
151,6.031990051269531e-05,1,65
152,6.031990051269531e-05,1,65
153,6.031990051269531e-05,1,65
154,6.031990051269531e-05,1,65
155,6.031990051269531e-05,1,65
156,6.031990051269531e-05,1,65
157,6.031990051269531e-05,1,65
158,6.031990051269531e-05,1,65
159,6.031990051269531e-05,1,65
160,6.031990051269531e-05,1,65
161,6.031990051269531e-05,1,65
162,6.031990051269531e-05,1,65
163,6.031990051269531e-05,1,65
164,6.031990051269531e-05,1,65
165,6.031990051269531e-05,1,65
166,6.031990051269531e-05,1,65
167,6.031990051269531e-05,1,65
168,6.031990051269531e-05,1,65
169,6.031990051269531e-05,1,65
170,6.031990051269531e-05,1,65
171,6.031990051269531e-05,1,65
172,6.031990051269531e-05,1,65
173,6.031990051269531e-05,1,65
174,6.031990051269531e-05,1,65
175,6.031990051269531e-05,1,65
176,6.031990051269531e-05,1,65
177,6.031990051269531e-05,1,65
178,6.031990051269531e-05,1,65
179,6.031990051269531e-05,1,65
180,6.031990051269531e-05,1,65
181,6.031990051269531e-05,1,65
182,6.031990051269531e-05,1,65
183,6.031990051269531e-05,1,65
184,6.031990051269531e-05,1,65
185,6.031990051269531e-05,1,65
186,6.031990051269531e-05,1,65
187,6.031990051269531e-05,1,65
188,6.031990051269531e-05,1,65
189,6.031990051269531e-05,1,65
190,6.031990051269531e-05,1,65
191,6.031990051269531e-05,1,65
192,6.031990051269531e-05,1,65
193,6.031990051269531e-05,1,65
194,6.031990051269531e-05,1,65
195,6.031990051269531e-05,1,65
196,6.031990051269531e-05,1,65
197,6.031990051269531e-05,1,65
198,6.031990051269531e-05,1,65
199,6.031990051269531e-05,1,65
200,6.031990051269531e-05,1,65
1,0.0019799470901489258,1,66
2,0.0020278096199035645,1,66
3,0.0020903944969177246,1,66
4,0.00241243839263916,1,66
5,0.002670764923095703,1,66
6,0.002670764923095703,1,66
7,0.0030231475830078125,1,66
8,0.0030231475830078125,1,66
9,0.003574073314666748,1,66
10,0.003574073314666748,1,66
11,0.0036736130714416504,1,66
12,0.0036736130714416504,1,66
13,0.0037971138954162598,1,66
14,0.0037971138954162598,1,66
15,0.0037971138954162598,1,66
16,0.0037971138954162598,1,66
17,0.0037971138954162598,1,66
18,0.0037971138954162598,1,66
19,0.0037971138954162598,1,66
20,0.0037971138954162598,1,66
21,0.0037971138954162598,1,66
22,0.004119753837585449,1,66
23,0.004119753837585449,1,66
24,0.004119753837585449,1,66
25,0.004993081092834473,1,66
26,0.004993081092834473,1,66
27,0.004993081092834473,1,66
28,0.00524061918258667,1,66
29,0.00524061918258667,1,66
30,0.00524061918258667,1,66
31,0.00524061918258667,1,66
32,0.00524061918258667,1,66
33,0.00524061918258667,1,66
34,0.00524061918258667,1,66
35,0.00524061918258667,1,66
36,0.00524061918258667,1,66
37,0.00524061918258667,1,66
38,0.00524061918258667,1,66
39,0.00524061918258667,1,66
40,0.00524061918258667,1,66
41,0.00524061918258667,1,66
42,0.00524061918258667,1,66
43,0.00524061918258667,1,66
44,0.00524061918258667,1,66
45,0.00524061918258667,1,66
46,0.00524061918258667,1,66
47,0.00524061918258667,1,66
48,0.00524061918258667,1,66
49,0.00524061918258667,1,66
50,0.00524061918258667,1,66
51,0.00524061918258667,1,66
52,0.00524061918258667,1,66
53,0.00524061918258667,1,66
54,0.00524061918258667,1,66
55,0.00524061918258667,1,66
56,0.00524061918258667,1,66
57,0.00524061918258667,1,66
58,0.00524061918258667,1,66
59,0.00524061918258667,1,66
60,0.00524061918258667,1,66
61,0.00524061918258667,1,66
62,0.00524061918258667,1,66
63,0.00524061918258667,1,66
64,0.00524061918258667,1,66
65,0.00524061918258667,1,66
66,0.00524061918258667,1,66
67,0.00524061918258667,1,66
68,0.00524061918258667,1,66
69,0.00524061918258667,1,66
70,0.00524061918258667,1,66
71,0.00524061918258667,1,66
72,0.00524061918258667,1,66
73,0.00524061918258667,1,66
74,0.00524061918258667,1,66
75,0.00524061918258667,1,66
76,0.00524061918258667,1,66
77,0.00524061918258667,1,66
78,0.00524061918258667,1,66
79,0.00524061918258667,1,66
80,0.00524061918258667,1,66
81,0.00524061918258667,1,66
82,0.00524061918258667,1,66
83,0.00524061918258667,1,66
84,0.00524061918258667,1,66
85,0.00524061918258667,1,66
86,0.00524061918258667,1,66
87,0.00524061918258667,1,66
88,0.00524061918258667,1,66
89,0.00524061918258667,1,66
90,0.00524061918258667,1,66
91,0.00524061918258667,1,66
92,0.00524061918258667,1,66
93,0.00524061918258667,1,66
94,0.00524061918258667,1,66
95,0.00524061918258667,1,66
96,0.00524061918258667,1,66
97,0.00524061918258667,1,66
98,0.00524061918258667,1,66
99,0.00524061918258667,1,66
100,0.00524061918258667,1,66
101,0.00524061918258667,1,66
102,0.00524061918258667,1,66
103,0.00524061918258667,1,66
104,0.00524061918258667,1,66
105,0.00524061918258667,1,66
106,0.00524061918258667,1,66
107,0.00524061918258667,1,66
108,0.00524061918258667,1,66
109,0.00524061918258667,1,66
110,0.00524061918258667,1,66
111,0.00524061918258667,1,66
112,0.00524061918258667,1,66
113,0.00524061918258667,1,66
114,0.00524061918258667,1,66
115,0.00524061918258667,1,66
116,0.00524061918258667,1,66
117,0.00524061918258667,1,66
118,0.00524061918258667,1,66
119,0.00524061918258667,1,66
120,0.00524061918258667,1,66
121,0.00524061918258667,1,66
122,0.00524061918258667,1,66
123,0.00524061918258667,1,66
124,0.00524061918258667,1,66
125,0.00524061918258667,1,66
126,0.00524061918258667,1,66
127,0.00524061918258667,1,66
128,0.00524061918258667,1,66
129,0.00524061918258667,1,66
130,0.00524061918258667,1,66
131,0.00524061918258667,1,66
132,0.00524061918258667,1,66
133,0.00524061918258667,1,66
134,0.00524061918258667,1,66
135,0.00524061918258667,1,66
136,0.00524061918258667,1,66
137,0.00524061918258667,1,66
138,0.00524061918258667,1,66
139,0.00524061918258667,1,66
140,0.00524061918258667,1,66
141,0.00524061918258667,1,66
142,0.00524061918258667,1,66
143,0.00524061918258667,1,66
144,0.00524061918258667,1,66
145,0.00524061918258667,1,66
146,0.00524061918258667,1,66
147,0.00524061918258667,1,66
148,0.00524061918258667,1,66
149,0.00524061918258667,1,66
150,0.00524061918258667,1,66
151,0.00524061918258667,1,66
152,0.00524061918258667,1,66
153,0.00524061918258667,1,66
154,0.00524061918258667,1,66
155,0.00524061918258667,1,66
156,0.00524061918258667,1,66
157,0.00524061918258667,1,66
158,0.00524061918258667,1,66
159,0.00524061918258667,1,66
160,0.00524061918258667,1,66
161,0.00524061918258667,1,66
162,0.00524061918258667,1,66
163,0.00524061918258667,1,66
164,0.00524061918258667,1,66
165,0.00524061918258667,1,66
166,0.00524061918258667,1,66
167,0.00524061918258667,1,66
168,0.00524061918258667,1,66
169,0.00524061918258667,1,66
170,0.00524061918258667,1,66
171,0.00524061918258667,1,66
172,0.00524061918258667,1,66
173,0.00524061918258667,1,66
174,0.00524061918258667,1,66
175,0.00524061918258667,1,66
176,0.00524061918258667,1,66
177,0.00524061918258667,1,66
178,0.00524061918258667,1,66
179,0.00524061918258667,1,66
180,0.00524061918258667,1,66
181,0.00524061918258667,1,66
182,0.00524061918258667,1,66
183,0.00524061918258667,1,66
184,0.00524061918258667,1,66
185,0.00524061918258667,1,66
186,0.00524061918258667,1,66
187,0.00524061918258667,1,66
188,0.00524061918258667,1,66
189,0.00524061918258667,1,66
190,0.00524061918258667,1,66
191,0.00524061918258667,1,66
192,0.00524061918258667,1,66
193,0.00524061918258667,1,66
194,0.00524061918258667,1,66
195,0.00524061918258667,1,66
196,0.00524061918258667,1,66
197,0.00524061918258667,1,66
198,0.00524061918258667,1,66
199,0.00524061918258667,1,66
200,0.00524061918258667,1,66
1,1.6689300537109375e-06,1,67
2,1.6689300537109375e-06,1,67
3,1.7881393432617188e-06,1,67
4,1.7881393432617188e-06,1,67
5,1.7881393432617188e-06,1,67
6,1.7881393432617188e-06,1,67
7,1.7881393432617188e-06,1,67
8,1.7881393432617188e-06,1,67
9,1.7881393432617188e-06,1,67
10,1.7881393432617188e-06,1,67
11,1.7881393432617188e-06,1,67
12,1.7881393432617188e-06,1,67
13,1.7881393432617188e-06,1,67
14,5.841255187988281e-06,1,67
15,5.841255187988281e-06,1,67
16,5.841255187988281e-06,1,67
17,5.841255187988281e-06,1,67
18,5.841255187988281e-06,1,67
19,5.841255187988281e-06,1,67
20,5.841255187988281e-06,1,67
21,5.841255187988281e-06,1,67
22,5.841255187988281e-06,1,67
23,5.841255187988281e-06,1,67
24,5.841255187988281e-06,1,67
25,5.841255187988281e-06,1,67
26,5.841255187988281e-06,1,67
27,5.841255187988281e-06,1,67
28,5.841255187988281e-06,1,67
29,5.841255187988281e-06,1,67
30,5.841255187988281e-06,1,67
31,5.841255187988281e-06,1,67
32,5.841255187988281e-06,1,67
33,5.841255187988281e-06,1,67
34,5.841255187988281e-06,1,67
35,6.079673767089844e-06,1,67
36,6.079673767089844e-06,1,67
37,6.079673767089844e-06,1,67
38,6.079673767089844e-06,1,67
39,6.079673767089844e-06,1,67
40,6.079673767089844e-06,1,67
41,6.079673767089844e-06,1,67
42,6.079673767089844e-06,1,67
43,6.4373016357421875e-06,1,67
44,6.4373016357421875e-06,1,67
45,6.4373016357421875e-06,1,67
46,6.4373016357421875e-06,1,67
47,6.4373016357421875e-06,1,67
48,6.4373016357421875e-06,1,67
49,6.4373016357421875e-06,1,67
50,6.4373016357421875e-06,1,67
51,6.4373016357421875e-06,1,67
52,6.4373016357421875e-06,1,67
53,6.4373016357421875e-06,1,67
54,6.4373016357421875e-06,1,67
55,6.4373016357421875e-06,1,67
56,6.4373016357421875e-06,1,67
57,6.4373016357421875e-06,1,67
58,6.4373016357421875e-06,1,67
59,6.4373016357421875e-06,1,67
60,6.4373016357421875e-06,1,67
61,6.4373016357421875e-06,1,67
62,6.4373016357421875e-06,1,67
63,6.4373016357421875e-06,1,67
64,6.4373016357421875e-06,1,67
65,6.4373016357421875e-06,1,67
66,6.4373016357421875e-06,1,67
67,6.4373016357421875e-06,1,67
68,6.4373016357421875e-06,1,67
69,6.4373016357421875e-06,1,67
70,6.4373016357421875e-06,1,67
71,6.4373016357421875e-06,1,67
72,6.4373016357421875e-06,1,67
73,6.4373016357421875e-06,1,67
74,6.4373016357421875e-06,1,67
75,6.4373016357421875e-06,1,67
76,6.4373016357421875e-06,1,67
77,6.4373016357421875e-06,1,67
78,6.4373016357421875e-06,1,67
79,6.4373016357421875e-06,1,67
80,6.4373016357421875e-06,1,67
81,6.4373016357421875e-06,1,67
82,6.4373016357421875e-06,1,67
83,6.4373016357421875e-06,1,67
84,6.4373016357421875e-06,1,67
85,6.4373016357421875e-06,1,67
86,6.4373016357421875e-06,1,67
87,6.4373016357421875e-06,1,67
88,6.4373016357421875e-06,1,67
89,6.4373016357421875e-06,1,67
90,6.4373016357421875e-06,1,67
91,6.4373016357421875e-06,1,67
92,6.4373016357421875e-06,1,67
93,6.4373016357421875e-06,1,67
94,6.4373016357421875e-06,1,67
95,6.4373016357421875e-06,1,67
96,6.4373016357421875e-06,1,67
97,6.4373016357421875e-06,1,67
98,6.4373016357421875e-06,1,67
99,6.4373016357421875e-06,1,67
100,6.4373016357421875e-06,1,67
101,6.4373016357421875e-06,1,67
102,6.4373016357421875e-06,1,67
103,6.4373016357421875e-06,1,67
104,6.4373016357421875e-06,1,67
105,6.4373016357421875e-06,1,67
106,6.4373016357421875e-06,1,67
107,6.4373016357421875e-06,1,67
108,6.4373016357421875e-06,1,67
109,6.4373016357421875e-06,1,67
110,6.4373016357421875e-06,1,67
111,6.4373016357421875e-06,1,67
112,6.4373016357421875e-06,1,67
113,6.4373016357421875e-06,1,67
114,6.4373016357421875e-06,1,67
115,6.4373016357421875e-06,1,67
116,6.4373016357421875e-06,1,67
117,6.4373016357421875e-06,1,67
118,6.4373016357421875e-06,1,67
119,6.4373016357421875e-06,1,67
120,6.4373016357421875e-06,1,67
121,6.4373016357421875e-06,1,67
122,6.4373016357421875e-06,1,67
123,6.4373016357421875e-06,1,67
124,6.4373016357421875e-06,1,67
125,6.4373016357421875e-06,1,67
126,6.4373016357421875e-06,1,67
127,6.4373016357421875e-06,1,67
128,6.4373016357421875e-06,1,67
129,6.4373016357421875e-06,1,67
130,6.4373016357421875e-06,1,67
131,6.4373016357421875e-06,1,67
132,6.4373016357421875e-06,1,67
133,6.4373016357421875e-06,1,67
134,6.4373016357421875e-06,1,67
135,6.4373016357421875e-06,1,67
136,6.4373016357421875e-06,1,67
137,6.4373016357421875e-06,1,67
138,6.4373016357421875e-06,1,67
139,6.4373016357421875e-06,1,67
140,6.4373016357421875e-06,1,67
141,6.4373016357421875e-06,1,67
142,6.4373016357421875e-06,1,67
143,6.4373016357421875e-06,1,67
144,6.4373016357421875e-06,1,67
145,6.4373016357421875e-06,1,67
146,6.4373016357421875e-06,1,67
147,6.4373016357421875e-06,1,67
148,6.4373016357421875e-06,1,67
149,6.4373016357421875e-06,1,67
150,6.4373016357421875e-06,1,67
151,6.4373016357421875e-06,1,67
152,6.4373016357421875e-06,1,67
153,6.4373016357421875e-06,1,67
154,6.4373016357421875e-06,1,67
155,6.4373016357421875e-06,1,67
156,6.4373016357421875e-06,1,67
157,6.4373016357421875e-06,1,67
158,6.4373016357421875e-06,1,67
159,6.4373016357421875e-06,1,67
160,6.4373016357421875e-06,1,67
161,6.4373016357421875e-06,1,67
162,6.4373016357421875e-06,1,67
163,6.4373016357421875e-06,1,67
164,6.4373016357421875e-06,1,67
165,6.4373016357421875e-06,1,67
166,6.4373016357421875e-06,1,67
167,6.4373016357421875e-06,1,67
168,6.4373016357421875e-06,1,67
169,6.4373016357421875e-06,1,67
170,6.4373016357421875e-06,1,67
171,6.4373016357421875e-06,1,67
172,6.4373016357421875e-06,1,67
173,6.4373016357421875e-06,1,67
174,6.4373016357421875e-06,1,67
175,6.4373016357421875e-06,1,67
176,6.4373016357421875e-06,1,67
177,6.4373016357421875e-06,1,67
178,6.4373016357421875e-06,1,67
179,6.4373016357421875e-06,1,67
180,6.4373016357421875e-06,1,67
181,6.4373016357421875e-06,1,67
182,6.4373016357421875e-06,1,67
183,6.4373016357421875e-06,1,67
184,6.4373016357421875e-06,1,67
185,6.4373016357421875e-06,1,67
186,6.4373016357421875e-06,1,67
187,6.4373016357421875e-06,1,67
188,6.4373016357421875e-06,1,67
189,6.4373016357421875e-06,1,67
190,6.4373016357421875e-06,1,67
191,6.4373016357421875e-06,1,67
192,6.4373016357421875e-06,1,67
193,6.4373016357421875e-06,1,67
194,6.4373016357421875e-06,1,67
195,6.4373016357421875e-06,1,67
196,6.4373016357421875e-06,1,67
197,6.4373016357421875e-06,1,67
198,6.4373016357421875e-06,1,67
199,6.4373016357421875e-06,1,67
200,6.4373016357421875e-06,1,67
1,0.04805248975753784,1,68
2,0.04805248975753784,1,68
3,0.0870935320854187,3,68
4,0.09744840860366821,2,68
5,0.09744840860366821,2,68
6,0.09901434183120728,2,68
7,0.09901434183120728,2,68
8,0.20899087190628052,3,68
9,0.20899087190628052,3,68
10,0.20899087190628052,3,68
11,0.20899087190628052,3,68
12,0.2914844751358032,3,68
13,0.3132169246673584,3,68
14,0.3132169246673584,3,68
15,0.3132169246673584,3,68
16,0.3426699638366699,4,68
17,0.3426699638366699,4,68
18,0.3426699638366699,4,68
19,0.5297359824180603,4,68
20,0.5297359824180603,4,68
21,0.5297359824180603,4,68
22,0.5297359824180603,4,68
23,0.5297359824180603,4,68
24,0.5297359824180603,4,68
25,0.5297359824180603,4,68
26,0.5297359824180603,4,68
27,0.6727017760276794,5,68
28,0.6727017760276794,5,68
29,0.6775254905223846,5,68
30,0.6775254905223846,5,68
31,0.6937276124954224,4,68
32,0.7350529134273529,5,68
33,0.7350529134273529,5,68
34,0.8761396631598473,5,68
35,0.8761396631598473,5,68
36,0.8761396631598473,5,68
37,0.8761396631598473,5,68
38,0.8761396631598473,5,68
39,0.8761396631598473,5,68
40,0.8761396631598473,5,68
41,0.8761396631598473,5,68
42,0.8761396631598473,5,68
43,0.8761396631598473,5,68
44,0.8761396631598473,5,68
45,0.8761396631598473,5,68
46,0.8761396631598473,5,68
47,0.8761396631598473,5,68
48,0.8761396631598473,5,68
49,0.8761396631598473,5,68
50,0.8821670785546303,5,68
51,0.8821670785546303,5,68
52,0.8821670785546303,5,68
53,0.8821670785546303,5,68
54,0.8821670785546303,5,68
55,0.8821670785546303,5,68
56,0.8821670785546303,5,68
57,0.8821670785546303,5,68
58,0.8821670785546303,5,68
59,0.8821670785546303,5,68
60,0.8821670785546303,5,68
61,0.8821670785546303,5,68
62,0.8821670785546303,5,68
63,0.8821670785546303,5,68
64,0.8821670785546303,5,68
65,0.950581606477499,9,68
66,0.950581606477499,9,68
67,0.950581606477499,9,68
68,0.950581606477499,9,68
69,0.950581606477499,9,68
70,0.924902155995369,7,68
71,0.924902155995369,7,68
72,0.924902155995369,7,68
73,0.9133222252130508,6,68
74,0.9133222252130508,6,68
75,0.9133222252130508,6,68
76,0.9133222252130508,6,68
77,0.9133222252130508,6,68
78,0.9133222252130508,6,68
79,0.9133222252130508,6,68
80,0.9133222252130508,6,68
81,0.9133222252130508,6,68
82,0.9133222252130508,6,68
83,0.9133222252130508,6,68
84,0.9133222252130508,6,68
85,0.9133222252130508,6,68
86,0.9133222252130508,6,68
87,0.9133222252130508,6,68
88,0.9133222252130508,6,68
89,0.9133222252130508,6,68
90,0.9133222252130508,6,68
91,0.9133222252130508,6,68
92,0.9133222252130508,6,68
93,0.9133222252130508,6,68
94,0.9133222252130508,6,68
95,0.9133222252130508,6,68
96,0.9133222252130508,6,68
97,0.9133222252130508,6,68
98,0.9133222252130508,6,68
99,0.9133222252130508,6,68
100,0.9133222252130508,6,68
101,0.9133222252130508,6,68
102,0.9133222252130508,6,68
103,0.9133222252130508,6,68
104,0.9133222252130508,6,68
105,0.9133222252130508,6,68
106,0.9474568590521812,8,68
107,0.9474568590521812,8,68
108,0.9474568590521812,8,68
109,0.9540247805416584,8,68
110,0.9540247805416584,8,68
111,0.9540247805416584,8,68
112,0.9540247805416584,8,68
113,0.9379132352769375,7,68
114,0.9379132352769375,7,68
115,0.9456446953117847,7,68
116,0.9456446953117847,7,68
117,0.9456446953117847,7,68
118,0.9456446953117847,7,68
119,0.9456446953117847,7,68
120,0.9456446953117847,7,68
121,0.9456446953117847,7,68
122,0.9456446953117847,7,68
123,0.9479015283286572,7,68
124,0.9479015283286572,7,68
125,0.9479015283286572,7,68
126,0.9479015283286572,7,68
127,0.9479015283286572,7,68
128,0.9479015283286572,7,68
129,0.9479015283286572,7,68
130,0.9479015283286572,7,68
131,0.9479015283286572,7,68
132,0.9479015283286572,7,68
133,0.9479015283286572,7,68
134,0.9479015283286572,7,68
135,0.9479015283286572,7,68
136,0.9479015283286572,7,68
137,0.9479015283286572,7,68
138,0.9479015283286572,7,68
139,0.9479015283286572,7,68
140,0.9479015283286572,7,68
141,0.9479015283286572,7,68
142,0.9479015283286572,7,68
143,0.9479015283286572,7,68
144,0.9479015283286572,7,68
145,0.9479015283286572,7,68
146,0.9479015283286572,7,68
147,0.9479015283286572,7,68
148,0.9479015283286572,7,68
149,0.9479015283286572,7,68
150,0.9479015283286572,7,68
151,0.9479015283286572,7,68
152,0.9479015283286572,7,68
153,0.9479015283286572,7,68
154,0.9479015283286572,7,68
155,0.9479015283286572,7,68
156,0.9479015283286572,7,68
157,0.9479015283286572,7,68
158,0.9479015283286572,7,68
159,0.9479015283286572,7,68
160,0.9479015283286572,7,68
161,0.9479015283286572,7,68
162,0.9479015283286572,7,68
163,0.948058720678091,7,68
164,0.948058720678091,7,68
165,0.948058720678091,7,68
166,0.948058720678091,7,68
167,0.948058720678091,7,68
168,0.948058720678091,7,68
169,0.948058720678091,7,68
170,0.948058720678091,7,68
171,0.948058720678091,7,68
172,0.948058720678091,7,68
173,0.948058720678091,7,68
174,0.948058720678091,7,68
175,0.948058720678091,7,68
176,0.948058720678091,7,68
177,0.948058720678091,7,68
178,0.948058720678091,7,68
179,0.948058720678091,7,68
180,0.948058720678091,7,68
181,0.948058720678091,7,68
182,0.948058720678091,7,68
183,0.948058720678091,7,68
184,0.948058720678091,7,68
185,0.948058720678091,7,68
186,0.948058720678091,7,68
187,0.948058720678091,7,68
188,0.948058720678091,7,68
189,0.948058720678091,7,68
190,0.948058720678091,7,68
191,0.948058720678091,7,68
192,0.948058720678091,7,68
193,0.948058720678091,7,68
194,0.948058720678091,7,68
195,0.948058720678091,7,68
196,0.9524761214852333,7,68
197,0.9524761214852333,7,68
198,0.9524761214852333,7,68
199,0.9524761214852333,7,68
200,0.9524761214852333,7,68
1,0.609115868806839,15,69
2,0.609115868806839,15,69
3,0.6451259553432465,11,69
4,0.6759415864944458,12,69
5,0.8734441697597504,15,69
6,0.8734441697597504,15,69
7,0.8734441697597504,15,69
8,0.9338178187608719,15,69
9,0.9338178187608719,15,69
10,0.8694990873336792,11,69
11,0.8694990873336792,11,69
12,0.9368346706032753,15,69
13,0.9362321421504021,14,69
14,0.9362321421504021,14,69
15,0.9362321421504021,14,69
16,0.9362321421504021,14,69
17,0.9471258260309696,14,69
18,0.9471258260309696,14,69
19,0.9471258260309696,14,69
20,0.9584205076098442,14,69
21,0.9584205076098442,14,69
22,0.9658546932041645,14,69
23,0.9658546932041645,14,69
24,0.9658546932041645,14,69
25,0.9308262094855309,11,69
26,0.9308262094855309,11,69
27,0.9308262094855309,11,69
28,0.9308262094855309,11,69
29,0.9308262094855309,11,69
30,0.9308262094855309,11,69
31,0.9308262094855309,11,69
32,0.9687537923455238,13,69
33,0.9687537923455238,13,69
34,0.9687537923455238,13,69
35,0.9687537923455238,13,69
36,0.9687537923455238,13,69
37,0.9687537923455238,13,69
38,0.9687537923455238,13,69
39,0.969346821308136,13,69
40,0.973986204713583,13,69
41,0.973986204713583,13,69
42,0.973986204713583,13,69
43,0.973986204713583,13,69
44,0.973986204713583,13,69
45,0.973986204713583,13,69
46,0.973986204713583,13,69
47,0.973986204713583,13,69
48,0.973986204713583,13,69
49,0.973986204713583,13,69
50,0.973986204713583,13,69
51,0.973986204713583,13,69
52,0.973986204713583,13,69
53,0.973986204713583,13,69
54,0.973986204713583,13,69
55,0.973986204713583,13,69
56,0.973986204713583,13,69
57,0.973986204713583,13,69
58,0.973986204713583,13,69
59,0.973986204713583,13,69
60,0.973986204713583,13,69
61,0.973986204713583,13,69
62,0.973986204713583,13,69
63,0.973986204713583,13,69
64,0.973986204713583,13,69
65,0.973986204713583,13,69
66,0.973986204713583,13,69
67,0.973986204713583,13,69
68,0.973986204713583,13,69
69,0.973986204713583,13,69
70,0.973986204713583,13,69
71,0.973986204713583,13,69
72,0.973986204713583,13,69
73,0.973986204713583,13,69
74,0.973986204713583,13,69
75,0.973986204713583,13,69
76,0.973986204713583,13,69
77,0.973986204713583,13,69
78,0.973986204713583,13,69
79,0.973986204713583,13,69
80,0.973986204713583,13,69
81,0.973986204713583,13,69
82,0.973986204713583,13,69
83,0.973986204713583,13,69
84,0.973986204713583,13,69
85,0.973986204713583,13,69
86,0.9783619865775108,13,69
87,0.9783619865775108,13,69
88,0.9783619865775108,13,69
89,0.9783619865775108,13,69
90,0.9783619865775108,13,69
91,0.9783619865775108,13,69
92,0.9783619865775108,13,69
93,0.9783619865775108,13,69
94,0.9783619865775108,13,69
95,0.9783619865775108,13,69
96,0.9783619865775108,13,69
97,0.9783619865775108,13,69
98,0.9783619865775108,13,69
99,0.9783619865775108,13,69
100,0.9783619865775108,13,69
101,0.9783619865775108,13,69
102,0.9783619865775108,13,69
103,0.9783619865775108,13,69
104,0.981158709153533,13,69
105,0.981158709153533,13,69
106,0.981158709153533,13,69
107,0.981158709153533,13,69
108,0.981158709153533,13,69
109,0.981158709153533,13,69
110,0.981158709153533,13,69
111,0.981158709153533,13,69
112,0.981158709153533,13,69
113,0.981158709153533,13,69
114,0.981158709153533,13,69
115,0.981158709153533,13,69
116,0.981158709153533,13,69
117,0.9803131483495235,12,69
118,0.9803131483495235,12,69
119,0.9803131483495235,12,69
120,0.9803131483495235,12,69
121,0.9803131483495235,12,69
122,0.9803131483495235,12,69
123,0.9803131483495235,12,69
124,0.9803131483495235,12,69
125,0.9803131483495235,12,69
126,0.9803131483495235,12,69
127,0.9803131483495235,12,69
128,0.9803131483495235,12,69
129,0.9803131483495235,12,69
130,0.9803131483495235,12,69
131,0.9803131483495235,12,69
132,0.9803131483495235,12,69
133,0.9803131483495235,12,69
134,0.9803131483495235,12,69
135,0.9803131483495235,12,69
136,0.9803131483495235,12,69
137,0.9803131483495235,12,69
138,0.9803131483495235,12,69
139,0.9803131483495235,12,69
140,0.9803131483495235,12,69
141,0.9803131483495235,12,69
142,0.9803131483495235,12,69
143,0.9803131483495235,12,69
144,0.9803131483495235,12,69
145,0.9803131483495235,12,69
146,0.9803131483495235,12,69
147,0.9803131483495235,12,69
148,0.9803131483495235,12,69
149,0.9803131483495235,12,69
150,0.9803131483495235,12,69
151,0.9803131483495235,12,69
152,0.9803131483495235,12,69
153,0.9803131483495235,12,69
154,0.9803131483495235,12,69
155,0.9803131483495235,12,69
156,0.9803131483495235,12,69
157,0.9803131483495235,12,69
158,0.9803131483495235,12,69
159,0.9803131483495235,12,69
160,0.9803131483495235,12,69
161,0.9803131483495235,12,69
162,0.9803131483495235,12,69
163,0.9803131483495235,12,69
164,0.9803131483495235,12,69
165,0.9803131483495235,12,69
166,0.9803131483495235,12,69
167,0.9851096272468567,12,69
168,0.9851096272468567,12,69
169,0.9851096272468567,12,69
170,0.9851096272468567,12,69
171,0.9851096272468567,12,69
172,0.9851096272468567,12,69
173,0.9851096272468567,12,69
174,0.9851655280217528,12,69
175,0.9851655280217528,12,69
176,0.9851655280217528,12,69
177,0.9851655280217528,12,69
178,0.9851655280217528,12,69
179,0.9851655280217528,12,69
180,0.9851655280217528,12,69
181,0.9851655280217528,12,69
182,0.9851655280217528,12,69
183,0.9707598201930523,11,69
184,0.9707598201930523,11,69
185,0.9707598201930523,11,69
186,0.9707598201930523,11,69
187,0.9707598201930523,11,69
188,0.9707598201930523,11,69
189,0.9707598201930523,11,69
190,0.9707598201930523,11,69
191,0.9707598201930523,11,69
192,0.9707598201930523,11,69
193,0.9707598201930523,11,69
194,0.9707598201930523,11,69
195,0.9707598201930523,11,69
196,0.9707598201930523,11,69
197,0.9707598201930523,11,69
198,0.9707598201930523,11,69
199,0.9707598201930523,11,69
200,0.9707598201930523,11,69
1,0.00011479854583740234,1,70
2,0.00012040138244628906,1,70
3,0.0001266002655029297,1,70
4,0.00013530254364013672,1,70
5,0.00013530254364013672,1,70
6,0.00013530254364013672,1,70
7,0.00013589859008789062,1,70
8,0.00013589859008789062,1,70
9,0.00013589859008789062,1,70
10,0.00013709068298339844,1,70
11,0.00017660856246948242,1,70
12,0.00017660856246948242,1,70
13,0.00017660856246948242,1,70
14,0.00017660856246948242,1,70
15,0.00017660856246948242,1,70
16,0.00017827749252319336,1,70
17,0.00017827749252319336,1,70
18,0.00017827749252319336,1,70
19,0.00017827749252319336,1,70
20,0.00017827749252319336,1,70
21,0.00017827749252319336,1,70
22,0.00017827749252319336,1,70
23,0.00017827749252319336,1,70
24,0.00017827749252319336,1,70
25,0.00017827749252319336,1,70
26,0.00017827749252319336,1,70
27,0.00017827749252319336,1,70
28,0.00020390748977661133,1,70
29,0.00020390748977661133,1,70
30,0.00020390748977661133,1,70
31,0.00020390748977661133,1,70
32,0.00020390748977661133,1,70
33,0.00020390748977661133,1,70
34,0.00020390748977661133,1,70
35,0.00020390748977661133,1,70
36,0.00020390748977661133,1,70
37,0.00020390748977661133,1,70
38,0.00020390748977661133,1,70
39,0.00020390748977661133,1,70
40,0.00020390748977661133,1,70
41,0.00020390748977661133,1,70
42,0.00020390748977661133,1,70
43,0.00020390748977661133,1,70
44,0.00020390748977661133,1,70
45,0.00020390748977661133,1,70
46,0.00020390748977661133,1,70
47,0.00020390748977661133,1,70
48,0.00020390748977661133,1,70
49,0.00020390748977661133,1,70
50,0.00020390748977661133,1,70
51,0.00020390748977661133,1,70
52,0.00020390748977661133,1,70
53,0.00020390748977661133,1,70
54,0.00020390748977661133,1,70
55,0.00020390748977661133,1,70
56,0.00020390748977661133,1,70
57,0.00020390748977661133,1,70
58,0.00020390748977661133,1,70
59,0.00020390748977661133,1,70
60,0.00020390748977661133,1,70
61,0.00020390748977661133,1,70
62,0.00020390748977661133,1,70
63,0.00020390748977661133,1,70
64,0.00020390748977661133,1,70
65,0.00020390748977661133,1,70
66,0.00020390748977661133,1,70
67,0.00020390748977661133,1,70
68,0.00020390748977661133,1,70
69,0.00020390748977661133,1,70
70,0.00020390748977661133,1,70
71,0.00020390748977661133,1,70
72,0.00020390748977661133,1,70
73,0.00020390748977661133,1,70
74,0.00020390748977661133,1,70
75,0.00020390748977661133,1,70
76,0.00020390748977661133,1,70
77,0.00020390748977661133,1,70
78,0.00020390748977661133,1,70
79,0.00020390748977661133,1,70
80,0.00020390748977661133,1,70
81,0.00020390748977661133,1,70
82,0.00020390748977661133,1,70
83,0.00020390748977661133,1,70
84,0.00020390748977661133,1,70
85,0.00020390748977661133,1,70
86,0.00020390748977661133,1,70
87,0.00020390748977661133,1,70
88,0.00020390748977661133,1,70
89,0.00020390748977661133,1,70
90,0.00020390748977661133,1,70
91,0.00020390748977661133,1,70
92,0.00020390748977661133,1,70
93,0.00020390748977661133,1,70
94,0.00020390748977661133,1,70
95,0.00020390748977661133,1,70
96,0.00020390748977661133,1,70
97,0.00020390748977661133,1,70
98,0.00020390748977661133,1,70
99,0.00020390748977661133,1,70
100,0.00020390748977661133,1,70
101,0.00020390748977661133,1,70
102,0.00020390748977661133,1,70
103,0.00020390748977661133,1,70
104,0.00020390748977661133,1,70
105,0.00020390748977661133,1,70
106,0.00020390748977661133,1,70
107,0.00020390748977661133,1,70
108,0.00020390748977661133,1,70
109,0.00020390748977661133,1,70
110,0.00020390748977661133,1,70
111,0.00020390748977661133,1,70
112,0.00020390748977661133,1,70
113,0.00020390748977661133,1,70
114,0.00020390748977661133,1,70
115,0.00020390748977661133,1,70
116,0.00020390748977661133,1,70
117,0.00020390748977661133,1,70
118,0.00020390748977661133,1,70
119,0.00020390748977661133,1,70
120,0.00020390748977661133,1,70
121,0.00020390748977661133,1,70
122,0.00020390748977661133,1,70
123,0.00020390748977661133,1,70
124,0.00020390748977661133,1,70
125,0.00020390748977661133,1,70
126,0.00020390748977661133,1,70
127,0.00020390748977661133,1,70
128,0.00020390748977661133,1,70
129,0.00020390748977661133,1,70
130,0.00020390748977661133,1,70
131,0.00020390748977661133,1,70
132,0.00020390748977661133,1,70
133,0.00020390748977661133,1,70
134,0.00020390748977661133,1,70
135,0.00020390748977661133,1,70
136,0.00020390748977661133,1,70
137,0.00020390748977661133,1,70
138,0.00020390748977661133,1,70
139,0.00020390748977661133,1,70
140,0.00020390748977661133,1,70
141,0.00020390748977661133,1,70
142,0.00020390748977661133,1,70
143,0.00020390748977661133,1,70
144,0.00020390748977661133,1,70
145,0.00020390748977661133,1,70
146,0.00020390748977661133,1,70
147,0.00020390748977661133,1,70
148,0.00020390748977661133,1,70
149,0.00020390748977661133,1,70
150,0.00020390748977661133,1,70
151,0.00020390748977661133,1,70
152,0.00020390748977661133,1,70
153,0.00020390748977661133,1,70
154,0.00020390748977661133,1,70
155,0.00020390748977661133,1,70
156,0.00020390748977661133,1,70
157,0.00020390748977661133,1,70
158,0.00020390748977661133,1,70
159,0.00020390748977661133,1,70
160,0.00020390748977661133,1,70
161,0.00020390748977661133,1,70
162,0.00020390748977661133,1,70
163,0.00020390748977661133,1,70
164,0.00020390748977661133,1,70
165,0.00020390748977661133,1,70
166,0.00020390748977661133,1,70
167,0.00020390748977661133,1,70
168,0.00020390748977661133,1,70
169,0.00020390748977661133,1,70
170,0.00020390748977661133,1,70
171,0.00020390748977661133,1,70
172,0.00020390748977661133,1,70
173,0.00020390748977661133,1,70
174,0.00020390748977661133,1,70
175,0.00020390748977661133,1,70
176,0.00020390748977661133,1,70
177,0.00020390748977661133,1,70
178,0.00020390748977661133,1,70
179,0.00020390748977661133,1,70
180,0.00020390748977661133,1,70
181,0.00020390748977661133,1,70
182,0.00020390748977661133,1,70
183,0.00020390748977661133,1,70
184,0.00020390748977661133,1,70
185,0.00020390748977661133,1,70
186,0.00020390748977661133,1,70
187,0.00020390748977661133,1,70
188,0.00020390748977661133,1,70
189,0.00020390748977661133,1,70
190,0.00020390748977661133,1,70
191,0.00020390748977661133,1,70
192,0.00020390748977661133,1,70
193,0.00020390748977661133,1,70
194,0.00020390748977661133,1,70
195,0.00020390748977661133,1,70
196,0.00020390748977661133,1,70
197,0.00020390748977661133,1,70
198,0.00020390748977661133,1,70
199,0.00020390748977661133,1,70
200,0.00020390748977661133,1,70
1,7.62939453125e-06,1,71
2,7.62939453125e-06,1,71
3,7.748603820800781e-06,1,71
4,7.748603820800781e-06,1,71
5,7.867813110351562e-06,1,71
6,8.344650268554688e-06,1,71
7,8.702278137207031e-06,1,71
8,8.702278137207031e-06,1,71
9,1.0848045349121094e-05,1,71
10,1.0848045349121094e-05,1,71
11,1.2040138244628906e-05,1,71
12,1.2040138244628906e-05,1,71
13,1.2040138244628906e-05,1,71
14,1.2040138244628906e-05,1,71
15,1.2040138244628906e-05,1,71
16,1.3470649719238281e-05,1,71
17,1.3470649719238281e-05,1,71
18,1.3589859008789062e-05,1,71
19,1.3589859008789062e-05,1,71
20,1.3589859008789062e-05,1,71
21,1.3589859008789062e-05,1,71
22,1.3589859008789062e-05,1,71
23,1.3589859008789062e-05,1,71
24,1.3589859008789062e-05,1,71
25,1.3589859008789062e-05,1,71
26,1.3589859008789062e-05,1,71
27,1.3589859008789062e-05,1,71
28,1.3589859008789062e-05,1,71
29,1.3589859008789062e-05,1,71
30,1.3589859008789062e-05,1,71
31,1.3589859008789062e-05,1,71
32,1.3589859008789062e-05,1,71
33,1.3589859008789062e-05,1,71
34,1.3589859008789062e-05,1,71
35,1.3589859008789062e-05,1,71
36,1.3589859008789062e-05,1,71
37,1.3589859008789062e-05,1,71
38,1.3589859008789062e-05,1,71
39,1.3589859008789062e-05,1,71
40,1.3589859008789062e-05,1,71
41,1.3589859008789062e-05,1,71
42,1.3589859008789062e-05,1,71
43,1.3589859008789062e-05,1,71
44,1.3589859008789062e-05,1,71
45,1.3589859008789062e-05,1,71
46,1.3589859008789062e-05,1,71
47,1.3589859008789062e-05,1,71
48,1.3589859008789062e-05,1,71
49,1.3589859008789062e-05,1,71
50,1.3589859008789062e-05,1,71
51,1.3589859008789062e-05,1,71
52,1.3589859008789062e-05,1,71
53,1.3589859008789062e-05,1,71
54,1.3589859008789062e-05,1,71
55,1.3589859008789062e-05,1,71
56,1.3589859008789062e-05,1,71
57,1.3589859008789062e-05,1,71
58,1.3589859008789062e-05,1,71
59,1.3589859008789062e-05,1,71
60,1.3589859008789062e-05,1,71
61,1.3589859008789062e-05,1,71
62,1.3589859008789062e-05,1,71
63,1.3589859008789062e-05,1,71
64,1.3589859008789062e-05,1,71
65,1.3589859008789062e-05,1,71
66,1.3589859008789062e-05,1,71
67,1.3589859008789062e-05,1,71
68,1.3589859008789062e-05,1,71
69,1.3589859008789062e-05,1,71
70,1.3589859008789062e-05,1,71
71,1.3589859008789062e-05,1,71
72,1.3589859008789062e-05,1,71
73,1.3589859008789062e-05,1,71
74,1.3589859008789062e-05,1,71
75,1.3589859008789062e-05,1,71
76,1.3589859008789062e-05,1,71
77,1.3589859008789062e-05,1,71
78,1.3589859008789062e-05,1,71
79,1.3589859008789062e-05,1,71
80,1.3589859008789062e-05,1,71
81,1.3589859008789062e-05,1,71
82,1.3589859008789062e-05,1,71
83,1.3589859008789062e-05,1,71
84,1.3589859008789062e-05,1,71
85,1.3589859008789062e-05,1,71
86,1.3589859008789062e-05,1,71
87,1.3589859008789062e-05,1,71
88,1.3589859008789062e-05,1,71
89,1.3589859008789062e-05,1,71
90,1.3589859008789062e-05,1,71
91,1.3589859008789062e-05,1,71
92,1.3589859008789062e-05,1,71
93,1.3589859008789062e-05,1,71
94,1.3589859008789062e-05,1,71
95,1.3589859008789062e-05,1,71
96,1.3589859008789062e-05,1,71
97,1.3589859008789062e-05,1,71
98,1.3589859008789062e-05,1,71
99,1.3589859008789062e-05,1,71
100,1.3589859008789062e-05,1,71
101,1.3589859008789062e-05,1,71
102,1.3589859008789062e-05,1,71
103,1.3589859008789062e-05,1,71
104,1.3589859008789062e-05,1,71
105,1.3589859008789062e-05,1,71
106,1.3589859008789062e-05,1,71
107,1.3589859008789062e-05,1,71
108,1.3589859008789062e-05,1,71
109,1.3589859008789062e-05,1,71
110,1.3589859008789062e-05,1,71
111,1.3589859008789062e-05,1,71
112,1.3589859008789062e-05,1,71
113,1.3589859008789062e-05,1,71
114,1.3589859008789062e-05,1,71
115,1.3589859008789062e-05,1,71
116,1.3589859008789062e-05,1,71
117,1.3589859008789062e-05,1,71
118,1.3589859008789062e-05,1,71
119,1.3589859008789062e-05,1,71
120,1.3589859008789062e-05,1,71
121,1.3589859008789062e-05,1,71
122,1.3589859008789062e-05,1,71
123,1.3589859008789062e-05,1,71
124,1.3589859008789062e-05,1,71
125,1.3589859008789062e-05,1,71
126,1.3589859008789062e-05,1,71
127,1.3589859008789062e-05,1,71
128,1.3589859008789062e-05,1,71
129,1.3589859008789062e-05,1,71
130,1.3589859008789062e-05,1,71
131,1.3589859008789062e-05,1,71
132,1.3589859008789062e-05,1,71
133,1.3589859008789062e-05,1,71
134,1.3589859008789062e-05,1,71
135,1.3589859008789062e-05,1,71
136,1.3589859008789062e-05,1,71
137,1.3589859008789062e-05,1,71
138,1.3589859008789062e-05,1,71
139,1.3589859008789062e-05,1,71
140,1.3589859008789062e-05,1,71
141,1.3589859008789062e-05,1,71
142,1.3589859008789062e-05,1,71
143,1.3589859008789062e-05,1,71
144,1.3589859008789062e-05,1,71
145,1.3589859008789062e-05,1,71
146,1.3589859008789062e-05,1,71
147,1.3589859008789062e-05,1,71
148,1.3589859008789062e-05,1,71
149,1.3589859008789062e-05,1,71
150,1.3589859008789062e-05,1,71
151,1.3589859008789062e-05,1,71
152,1.3589859008789062e-05,1,71
153,1.3589859008789062e-05,1,71
154,1.3589859008789062e-05,1,71
155,1.3589859008789062e-05,1,71
156,1.3589859008789062e-05,1,71
157,1.3589859008789062e-05,1,71
158,1.3589859008789062e-05,1,71
159,1.3589859008789062e-05,1,71
160,1.3589859008789062e-05,1,71
161,1.3589859008789062e-05,1,71
162,1.3589859008789062e-05,1,71
163,1.3589859008789062e-05,1,71
164,1.3589859008789062e-05,1,71
165,1.3589859008789062e-05,1,71
166,1.3589859008789062e-05,1,71
167,1.3589859008789062e-05,1,71
168,1.3589859008789062e-05,1,71
169,1.3589859008789062e-05,1,71
170,1.3589859008789062e-05,1,71
171,1.3589859008789062e-05,1,71
172,1.3589859008789062e-05,1,71
173,1.3589859008789062e-05,1,71
174,1.3589859008789062e-05,1,71
175,1.3589859008789062e-05,1,71
176,1.3589859008789062e-05,1,71
177,1.3589859008789062e-05,1,71
178,1.3589859008789062e-05,1,71
179,1.3589859008789062e-05,1,71
180,1.3589859008789062e-05,1,71
181,1.3589859008789062e-05,1,71
182,1.3589859008789062e-05,1,71
183,1.3589859008789062e-05,1,71
184,1.3589859008789062e-05,1,71
185,1.3589859008789062e-05,1,71
186,1.3589859008789062e-05,1,71
187,1.3589859008789062e-05,1,71
188,1.3589859008789062e-05,1,71
189,1.3589859008789062e-05,1,71
190,1.3589859008789062e-05,1,71
191,1.3589859008789062e-05,1,71
192,1.3589859008789062e-05,1,71
193,1.3589859008789062e-05,1,71
194,1.3589859008789062e-05,1,71
195,1.3589859008789062e-05,1,71
196,1.3589859008789062e-05,1,71
197,1.3589859008789062e-05,1,71
198,1.3589859008789062e-05,1,71
199,1.3589859008789062e-05,1,71
200,1.3589859008789062e-05,1,71
1,0.0001722574234008789,1,72
2,0.0001722574234008789,1,72
3,0.00017827749252319336,1,72
4,0.00017827749252319336,1,72
5,0.00017827749252319336,1,72
6,0.00024503469467163086,1,72
7,0.00024503469467163086,1,72
8,0.00024503469467163086,1,72
9,0.00024634599685668945,1,72
10,0.0002517104148864746,1,72
11,0.0002773404121398926,1,72
12,0.0007410645484924316,1,72
13,0.0007410645484924316,1,72
14,0.0007434487342834473,1,72
15,0.0007434487342834473,1,72
16,0.0007434487342834473,1,72
17,0.0007434487342834473,1,72
18,0.000799715518951416,1,72
19,0.000799715518951416,1,72
20,0.000799715518951416,1,72
21,0.000799715518951416,1,72
22,0.000799715518951416,1,72
23,0.000799715518951416,1,72
24,0.000799715518951416,1,72
25,0.000799715518951416,1,72
26,0.000799715518951416,1,72
27,0.000799715518951416,1,72
28,0.000799715518951416,1,72
29,0.000799715518951416,1,72
30,0.000799715518951416,1,72
31,0.000799715518951416,1,72
32,0.000799715518951416,1,72
33,0.000799715518951416,1,72
34,0.000799715518951416,1,72
35,0.000799715518951416,1,72
36,0.000799715518951416,1,72
37,0.000799715518951416,1,72
38,0.000799715518951416,1,72
39,0.000799715518951416,1,72
40,0.000799715518951416,1,72
41,0.000799715518951416,1,72
42,0.000799715518951416,1,72
43,0.000799715518951416,1,72
44,0.000799715518951416,1,72
45,0.000799715518951416,1,72
46,0.000799715518951416,1,72
47,0.000799715518951416,1,72
48,0.000799715518951416,1,72
49,0.000799715518951416,1,72
50,0.000799715518951416,1,72
51,0.000799715518951416,1,72
52,0.000799715518951416,1,72
53,0.000799715518951416,1,72
54,0.000799715518951416,1,72
55,0.000799715518951416,1,72
56,0.000799715518951416,1,72
57,0.000799715518951416,1,72
58,0.000799715518951416,1,72
59,0.000799715518951416,1,72
60,0.000799715518951416,1,72
61,0.000799715518951416,1,72
62,0.000799715518951416,1,72
63,0.000799715518951416,1,72
64,0.000799715518951416,1,72
65,0.000799715518951416,1,72
66,0.000799715518951416,1,72
67,0.000799715518951416,1,72
68,0.000799715518951416,1,72
69,0.000799715518951416,1,72
70,0.000799715518951416,1,72
71,0.000799715518951416,1,72
72,0.000799715518951416,1,72
73,0.000799715518951416,1,72
74,0.000799715518951416,1,72
75,0.000799715518951416,1,72
76,0.000799715518951416,1,72
77,0.000799715518951416,1,72
78,0.000799715518951416,1,72
79,0.000799715518951416,1,72
80,0.000799715518951416,1,72
81,0.000799715518951416,1,72
82,0.000799715518951416,1,72
83,0.000799715518951416,1,72
84,0.000799715518951416,1,72
85,0.000799715518951416,1,72
86,0.000799715518951416,1,72
87,0.000799715518951416,1,72
88,0.000799715518951416,1,72
89,0.000799715518951416,1,72
90,0.000799715518951416,1,72
91,0.000799715518951416,1,72
92,0.000799715518951416,1,72
93,0.000799715518951416,1,72
94,0.000799715518951416,1,72
95,0.000799715518951416,1,72
96,0.000799715518951416,1,72
97,0.000799715518951416,1,72
98,0.000799715518951416,1,72
99,0.000799715518951416,1,72
100,0.000799715518951416,1,72
101,0.000799715518951416,1,72
102,0.000799715518951416,1,72
103,0.000799715518951416,1,72
104,0.000799715518951416,1,72
105,0.000799715518951416,1,72
106,0.000799715518951416,1,72
107,0.000799715518951416,1,72
108,0.000799715518951416,1,72
109,0.000799715518951416,1,72
110,0.000799715518951416,1,72
111,0.000799715518951416,1,72
112,0.000799715518951416,1,72
113,0.000799715518951416,1,72
114,0.000799715518951416,1,72
115,0.000799715518951416,1,72
116,0.000799715518951416,1,72
117,0.000799715518951416,1,72
118,0.000799715518951416,1,72
119,0.000799715518951416,1,72
120,0.000799715518951416,1,72
121,0.000799715518951416,1,72
122,0.000799715518951416,1,72
123,0.000799715518951416,1,72
124,0.000799715518951416,1,72
125,0.000799715518951416,1,72
126,0.000799715518951416,1,72
127,0.000799715518951416,1,72
128,0.000799715518951416,1,72
129,0.000799715518951416,1,72
130,0.000799715518951416,1,72
131,0.000799715518951416,1,72
132,0.000799715518951416,1,72
133,0.000799715518951416,1,72
134,0.000799715518951416,1,72
135,0.000799715518951416,1,72
136,0.000799715518951416,1,72
137,0.000799715518951416,1,72
138,0.000799715518951416,1,72
139,0.000799715518951416,1,72
140,0.000799715518951416,1,72
141,0.000799715518951416,1,72
142,0.000799715518951416,1,72
143,0.000799715518951416,1,72
144,0.000799715518951416,1,72
145,0.000799715518951416,1,72
146,0.000799715518951416,1,72
147,0.000799715518951416,1,72
148,0.000799715518951416,1,72
149,0.000799715518951416,1,72
150,0.000799715518951416,1,72
151,0.000799715518951416,1,72
152,0.000799715518951416,1,72
153,0.000799715518951416,1,72
154,0.000799715518951416,1,72
155,0.000799715518951416,1,72
156,0.000799715518951416,1,72
157,0.000799715518951416,1,72
158,0.000799715518951416,1,72
159,0.000799715518951416,1,72
160,0.000799715518951416,1,72
161,0.000799715518951416,1,72
162,0.000799715518951416,1,72
163,0.000799715518951416,1,72
164,0.000799715518951416,1,72
165,0.000799715518951416,1,72
166,0.000799715518951416,1,72
167,0.000799715518951416,1,72
168,0.000799715518951416,1,72
169,0.000799715518951416,1,72
170,0.000799715518951416,1,72
171,0.000799715518951416,1,72
172,0.000799715518951416,1,72
173,0.000799715518951416,1,72
174,0.000799715518951416,1,72
175,0.000799715518951416,1,72
176,0.000799715518951416,1,72
177,0.000799715518951416,1,72
178,0.000799715518951416,1,72
179,0.000799715518951416,1,72
180,0.000799715518951416,1,72
181,0.000799715518951416,1,72
182,0.000799715518951416,1,72
183,0.000799715518951416,1,72
184,0.000799715518951416,1,72
185,0.000799715518951416,1,72
186,0.000799715518951416,1,72
187,0.000799715518951416,1,72
188,0.000799715518951416,1,72
189,0.000799715518951416,1,72
190,0.000799715518951416,1,72
191,0.000799715518951416,1,72
192,0.000799715518951416,1,72
193,0.000799715518951416,1,72
194,0.000799715518951416,1,72
195,0.000799715518951416,1,72
196,0.000799715518951416,1,72
197,0.000799715518951416,1,72
198,0.000799715518951416,1,72
199,0.000799715518951416,1,72
200,0.000799715518951416,1,72
1,0.9834039900451899,1,73
2,0.9834039900451899,1,73
3,0.9834039900451899,1,73
4,0.9869045810773969,1,73
5,0.9869045810773969,1,73
6,0.9873103871941566,1,73
7,0.988183812238276,1,73
8,0.9910149527713656,1,73
9,0.99139110930264,1,73
10,0.99139110930264,1,73
11,0.992986258585006,1,73
12,0.992986258585006,1,73
13,0.992986258585006,1,73
14,0.9934280877932906,1,73
15,0.9951863293536007,1,73
16,0.9951863293536007,1,73
17,0.9951863293536007,1,73
18,0.9951863293536007,1,73
19,0.9955787430517375,1,73
20,0.9955787430517375,1,73
21,0.9958580560050905,1,73
22,0.9958580560050905,1,73
23,0.9958580560050905,1,73
24,0.9958580560050905,1,73
25,0.9958580560050905,1,73
26,0.9958580560050905,1,73
27,0.9958580560050905,1,73
28,0.9958580560050905,1,73
29,0.9958580560050905,1,73
30,0.9958580560050905,1,73
31,0.9958580560050905,1,73
32,0.9958580560050905,1,73
33,0.9958580560050905,1,73
34,0.9958580560050905,1,73
35,0.9958580560050905,1,73
36,0.9958580560050905,1,73
37,0.9958580560050905,1,73
38,0.9958580560050905,1,73
39,0.9958580560050905,1,73
40,0.9958580560050905,1,73
41,0.9958580560050905,1,73
42,0.9958580560050905,1,73
43,0.9958580560050905,1,73
44,0.9958580560050905,1,73
45,0.9958580560050905,1,73
46,0.9958580560050905,1,73
47,0.9958580560050905,1,73
48,0.9958580560050905,1,73
49,0.9958580560050905,1,73
50,0.9958580560050905,1,73
51,0.9958580560050905,1,73
52,0.9958580560050905,1,73
53,0.9958580560050905,1,73
54,0.9958580560050905,1,73
55,0.9958580560050905,1,73
56,0.9958580560050905,1,73
57,0.9958580560050905,1,73
58,0.9958580560050905,1,73
59,0.9958580560050905,1,73
60,0.9958580560050905,1,73
61,0.9958580560050905,1,73
62,0.9958580560050905,1,73
63,0.9958580560050905,1,73
64,0.9958580560050905,1,73
65,0.9958580560050905,1,73
66,0.9958580560050905,1,73
67,0.9958580560050905,1,73
68,0.9958580560050905,1,73
69,0.9958580560050905,1,73
70,0.9958580560050905,1,73
71,0.9958580560050905,1,73
72,0.9958580560050905,1,73
73,0.9958580560050905,1,73
74,0.9958580560050905,1,73
75,0.9958580560050905,1,73
76,0.9958580560050905,1,73
77,0.9958580560050905,1,73
78,0.9958580560050905,1,73
79,0.9958580560050905,1,73
80,0.9958580560050905,1,73
81,0.9958580560050905,1,73
82,0.9958580560050905,1,73
83,0.9958580560050905,1,73
84,0.9958580560050905,1,73
85,0.9958580560050905,1,73
86,0.9958580560050905,1,73
87,0.9958580560050905,1,73
88,0.9958580560050905,1,73
89,0.9958580560050905,1,73
90,0.9958580560050905,1,73
91,0.9958580560050905,1,73
92,0.9958580560050905,1,73
93,0.9958580560050905,1,73
94,0.9958580560050905,1,73
95,0.9958580560050905,1,73
96,0.9958580560050905,1,73
97,0.9958580560050905,1,73
98,0.9958580560050905,1,73
99,0.9958580560050905,1,73
100,0.9958580560050905,1,73
101,0.9958580560050905,1,73
102,0.9958580560050905,1,73
103,0.9958580560050905,1,73
104,0.9958580560050905,1,73
105,0.9958580560050905,1,73
106,0.9958580560050905,1,73
107,0.9958580560050905,1,73
108,0.9958580560050905,1,73
109,0.9958580560050905,1,73
110,0.9958580560050905,1,73
111,0.9958580560050905,1,73
112,0.9958580560050905,1,73
113,0.9958580560050905,1,73
114,0.9958580560050905,1,73
115,0.9958580560050905,1,73
116,0.9958580560050905,1,73
117,0.9958580560050905,1,73
118,0.9958580560050905,1,73
119,0.9958580560050905,1,73
120,0.9958580560050905,1,73
121,0.9958580560050905,1,73
122,0.9958580560050905,1,73
123,0.9958580560050905,1,73
124,0.9958580560050905,1,73
125,0.9958580560050905,1,73
126,0.9958580560050905,1,73
127,0.9958580560050905,1,73
128,0.9958580560050905,1,73
129,0.9958580560050905,1,73
130,0.9958580560050905,1,73
131,0.9958580560050905,1,73
132,0.9958580560050905,1,73
133,0.9958580560050905,1,73
134,0.9958580560050905,1,73
135,0.9958580560050905,1,73
136,0.9958580560050905,1,73
137,0.9958580560050905,1,73
138,0.9958580560050905,1,73
139,0.9958580560050905,1,73
140,0.9958580560050905,1,73
141,0.9958580560050905,1,73
142,0.9958580560050905,1,73
143,0.9958580560050905,1,73
144,0.9958580560050905,1,73
145,0.9958580560050905,1,73
146,0.9958580560050905,1,73
147,0.9958580560050905,1,73
148,0.9958580560050905,1,73
149,0.9958580560050905,1,73
150,0.9958580560050905,1,73
151,0.9958580560050905,1,73
152,0.9958580560050905,1,73
153,0.9958580560050905,1,73
154,0.9958580560050905,1,73
155,0.9958580560050905,1,73
156,0.9958580560050905,1,73
157,0.9958580560050905,1,73
158,0.9958580560050905,1,73
159,0.9958580560050905,1,73
160,0.9958580560050905,1,73
161,0.9958580560050905,1,73
162,0.9958580560050905,1,73
163,0.9958580560050905,1,73
164,0.9958580560050905,1,73
165,0.9958580560050905,1,73
166,0.9958580560050905,1,73
167,0.9958580560050905,1,73
168,0.9958580560050905,1,73
169,0.9958580560050905,1,73
170,0.9958580560050905,1,73
171,0.9958580560050905,1,73
172,0.9958580560050905,1,73
173,0.9958580560050905,1,73
174,0.9958580560050905,1,73
175,0.9958580560050905,1,73
176,0.9958580560050905,1,73
177,0.9958580560050905,1,73
178,0.9958580560050905,1,73
179,0.9958580560050905,1,73
180,0.9958580560050905,1,73
181,0.9958580560050905,1,73
182,0.9958580560050905,1,73
183,0.9958580560050905,1,73
184,0.9958580560050905,1,73
185,0.9958580560050905,1,73
186,0.9958580560050905,1,73
187,0.9958580560050905,1,73
188,0.9958580560050905,1,73
189,0.9958580560050905,1,73
190,0.9958580560050905,1,73
191,0.9958580560050905,1,73
192,0.9958580560050905,1,73
193,0.9958580560050905,1,73
194,0.9958580560050905,1,73
195,0.9958580560050905,1,73
196,0.9958580560050905,1,73
197,0.9958580560050905,1,73
198,0.9958580560050905,1,73
199,0.9958580560050905,1,73
200,0.9958580560050905,1,73
1,0.9932010713964701,1,74
2,0.9932010713964701,1,74
3,0.9932010713964701,1,74
4,0.9932599733583629,1,74
5,0.9933648486621678,1,74
6,0.9940056963823736,1,74
7,0.9948063567280769,1,74
8,0.9948063567280769,1,74
9,0.9963368293829262,1,74
10,0.9963368293829262,1,74
11,0.9963368293829262,1,74
12,0.9963368293829262,1,74
13,0.9963368293829262,1,74
14,0.9963805165607482,1,74
15,0.9969982509501278,1,74
16,0.9969982509501278,1,74
17,0.9969982509501278,1,74
18,0.9969982509501278,1,74
19,0.9970658211968839,1,74
20,0.9970658211968839,1,74
21,0.9970658211968839,1,74
22,0.9971739533357322,1,74
23,0.9971739533357322,1,74
24,0.997506910469383,1,74
25,0.997506910469383,1,74
26,0.9975534880068153,1,74
27,0.9975534880068153,1,74
28,0.9975534880068153,1,74
29,0.9975534880068153,1,74
30,0.9976761587895453,1,74
31,0.9976761587895453,1,74
32,0.9976761587895453,1,74
33,0.9976761587895453,1,74
34,0.9976761587895453,1,74
35,0.9976761587895453,1,74
36,0.9976761587895453,1,74
37,0.9976761587895453,1,74
38,0.9976761587895453,1,74
39,0.9976761587895453,1,74
40,0.9976761587895453,1,74
41,0.9976761587895453,1,74
42,0.9976761587895453,1,74
43,0.9976761587895453,1,74
44,0.9976761587895453,1,74
45,0.9976761587895453,1,74
46,0.9976761587895453,1,74
47,0.9976761587895453,1,74
48,0.9976761587895453,1,74
49,0.9976761587895453,1,74
50,0.9976761587895453,1,74
51,0.9976761587895453,1,74
52,0.9976761587895453,1,74
53,0.9976761587895453,1,74
54,0.9976761587895453,1,74
55,0.9976761587895453,1,74
56,0.9976761587895453,1,74
57,0.9976761587895453,1,74
58,0.9976761587895453,1,74
59,0.9976761587895453,1,74
60,0.9976761587895453,1,74
61,0.9976761587895453,1,74
62,0.9976761587895453,1,74
63,0.9976761587895453,1,74
64,0.9976761587895453,1,74
65,0.9976761587895453,1,74
66,0.9976761587895453,1,74
67,0.9976761587895453,1,74
68,0.9976761587895453,1,74
69,0.9976761587895453,1,74
70,0.9976761587895453,1,74
71,0.9976761587895453,1,74
72,0.9976761587895453,1,74
73,0.9976761587895453,1,74
74,0.9976761587895453,1,74
75,0.9976761587895453,1,74
76,0.9976761587895453,1,74
77,0.9976761587895453,1,74
78,0.9976761587895453,1,74
79,0.9976761587895453,1,74
80,0.9976761587895453,1,74
81,0.9976761587895453,1,74
82,0.9976761587895453,1,74
83,0.9976761587895453,1,74
84,0.9976761587895453,1,74
85,0.9976761587895453,1,74
86,0.9976761587895453,1,74
87,0.9976761587895453,1,74
88,0.9976761587895453,1,74
89,0.9976761587895453,1,74
90,0.9976761587895453,1,74
91,0.9976761587895453,1,74
92,0.9976761587895453,1,74
93,0.9976761587895453,1,74
94,0.9976761587895453,1,74
95,0.9976761587895453,1,74
96,0.9976761587895453,1,74
97,0.9976761587895453,1,74
98,0.9976761587895453,1,74
99,0.9976761587895453,1,74
100,0.9976761587895453,1,74
101,0.9976761587895453,1,74
102,0.9976761587895453,1,74
103,0.9976761587895453,1,74
104,0.9976761587895453,1,74
105,0.9976761587895453,1,74
106,0.9976761587895453,1,74
107,0.9976761587895453,1,74
108,0.9976761587895453,1,74
109,0.9976761587895453,1,74
110,0.9976761587895453,1,74
111,0.9976761587895453,1,74
112,0.9976761587895453,1,74
113,0.9976761587895453,1,74
114,0.9976761587895453,1,74
115,0.9976761587895453,1,74
116,0.9976761587895453,1,74
117,0.9976761587895453,1,74
118,0.9976761587895453,1,74
119,0.9976761587895453,1,74
120,0.9976761587895453,1,74
121,0.9976761587895453,1,74
122,0.9976761587895453,1,74
123,0.9976761587895453,1,74
124,0.9976761587895453,1,74
125,0.9976761587895453,1,74
126,0.9976761587895453,1,74
127,0.9976761587895453,1,74
128,0.9976761587895453,1,74
129,0.9976761587895453,1,74
130,0.9976761587895453,1,74
131,0.9976761587895453,1,74
132,0.9976761587895453,1,74
133,0.9976761587895453,1,74
134,0.9976761587895453,1,74
135,0.9976761587895453,1,74
136,0.9976761587895453,1,74
137,0.9976761587895453,1,74
138,0.9976761587895453,1,74
139,0.9976761587895453,1,74
140,0.9976761587895453,1,74
141,0.9976761587895453,1,74
142,0.9976761587895453,1,74
143,0.9976761587895453,1,74
144,0.9976761587895453,1,74
145,0.9976761587895453,1,74
146,0.9976761587895453,1,74
147,0.9976761587895453,1,74
148,0.9976761587895453,1,74
149,0.9976761587895453,1,74
150,0.9976761587895453,1,74
151,0.9976761587895453,1,74
152,0.9976761587895453,1,74
153,0.9976761587895453,1,74
154,0.9976761587895453,1,74
155,0.9976761587895453,1,74
156,0.9976761587895453,1,74
157,0.9976761587895453,1,74
158,0.9976761587895453,1,74
159,0.9976761587895453,1,74
160,0.9976761587895453,1,74
161,0.9976761587895453,1,74
162,0.9976761587895453,1,74
163,0.9976761587895453,1,74
164,0.9976761587895453,1,74
165,0.9976761587895453,1,74
166,0.9976761587895453,1,74
167,0.9976761587895453,1,74
168,0.9976761587895453,1,74
169,0.9976761587895453,1,74
170,0.9976761587895453,1,74
171,0.9976761587895453,1,74
172,0.9976761587895453,1,74
173,0.9976761587895453,1,74
174,0.9976761587895453,1,74
175,0.9976761587895453,1,74
176,0.9976761587895453,1,74
177,0.9976761587895453,1,74
178,0.9976761587895453,1,74
179,0.9976761587895453,1,74
180,0.9976761587895453,1,74
181,0.9976761587895453,1,74
182,0.9976761587895453,1,74
183,0.9976761587895453,1,74
184,0.9976761587895453,1,74
185,0.9976761587895453,1,74
186,0.9976761587895453,1,74
187,0.9976761587895453,1,74
188,0.9976761587895453,1,74
189,0.9976761587895453,1,74
190,0.9976761587895453,1,74
191,0.9976761587895453,1,74
192,0.9976761587895453,1,74
193,0.9976761587895453,1,74
194,0.9976761587895453,1,74
195,0.9976761587895453,1,74
196,0.9976761587895453,1,74
197,0.9976761587895453,1,74
198,0.9976761587895453,1,74
199,0.9976761587895453,1,74
200,0.9976761587895453,1,74
1,0.9988770827185363,1,75
2,0.9988770827185363,1,75
3,0.9988770827185363,1,75
4,0.9988770827185363,1,75
5,0.9992809474933892,1,75
6,0.9992809474933892,1,75
7,0.9992809474933892,1,75
8,0.9992809474933892,1,75
9,0.9992809474933892,1,75
10,0.9992809474933892,1,75
11,0.9995791683613788,1,75
12,0.9995791683613788,1,75
13,0.9995791683613788,1,75
14,0.9995791683613788,1,75
15,0.9995791683613788,1,75
16,0.9995791683613788,1,75
17,0.9995791683613788,1,75
18,0.9995791683613788,1,75
19,0.9995791683613788,1,75
20,0.9995791683613788,1,75
21,0.9995791683613788,1,75
22,0.9995791683613788,1,75
23,0.9996670553227887,1,75
24,0.9996919278637506,1,75
25,0.9996919278637506,1,75
26,0.9996919278637506,1,75
27,0.9996919278637506,1,75
28,0.9996919278637506,1,75
29,0.9996919278637506,1,75
30,0.9996919278637506,1,75
31,0.9996919278637506,1,75
32,0.9996919278637506,1,75
33,0.9996919278637506,1,75
34,0.9996919278637506,1,75
35,0.9996919278637506,1,75
36,0.9996919278637506,1,75
37,0.9996919278637506,1,75
38,0.9996919278637506,1,75
39,0.9996919278637506,1,75
40,0.9996919278637506,1,75
41,0.9996919278637506,1,75
42,0.9996919278637506,1,75
43,0.9996919278637506,1,75
44,0.9996919278637506,1,75
45,0.9996919278637506,1,75
46,0.9996919278637506,1,75
47,0.9996919278637506,1,75
48,0.9996919278637506,1,75
49,0.9996919278637506,1,75
50,0.9996919278637506,1,75
51,0.9996919278637506,1,75
52,0.9996919278637506,1,75
53,0.9996919278637506,1,75
54,0.9996919278637506,1,75
55,0.9996919278637506,1,75
56,0.9996919278637506,1,75
57,0.9996919278637506,1,75
58,0.9996919278637506,1,75
59,0.9996919278637506,1,75
60,0.9996919278637506,1,75
61,0.9996919278637506,1,75
62,0.9996919278637506,1,75
63,0.9996919278637506,1,75
64,0.9996919278637506,1,75
65,0.9996919278637506,1,75
66,0.9996919278637506,1,75
67,0.9996919278637506,1,75
68,0.9996919278637506,1,75
69,0.9996919278637506,1,75
70,0.9996919278637506,1,75
71,0.9996919278637506,1,75
72,0.9996919278637506,1,75
73,0.9996919278637506,1,75
74,0.9996919278637506,1,75
75,0.9996919278637506,1,75
76,0.9996919278637506,1,75
77,0.9996919278637506,1,75
78,0.9996919278637506,1,75
79,0.9996919278637506,1,75
80,0.9996919278637506,1,75
81,0.9996919278637506,1,75
82,0.9996919278637506,1,75
83,0.9996919278637506,1,75
84,0.9996919278637506,1,75
85,0.9996919278637506,1,75
86,0.9996919278637506,1,75
87,0.9996919278637506,1,75
88,0.9996919278637506,1,75
89,0.9996919278637506,1,75
90,0.9996919278637506,1,75
91,0.9996919278637506,1,75
92,0.9996919278637506,1,75
93,0.9996919278637506,1,75
94,0.9996919278637506,1,75
95,0.9996919278637506,1,75
96,0.9996919278637506,1,75
97,0.9996919278637506,1,75
98,0.9996919278637506,1,75
99,0.9996919278637506,1,75
100,0.9996919278637506,1,75
101,0.9996919278637506,1,75
102,0.9996919278637506,1,75
103,0.9996919278637506,1,75
104,0.9996919278637506,1,75
105,0.9996919278637506,1,75
106,0.9996919278637506,1,75
107,0.9996919278637506,1,75
108,0.9996919278637506,1,75
109,0.9996919278637506,1,75
110,0.9996919278637506,1,75
111,0.9996919278637506,1,75
112,0.9996919278637506,1,75
113,0.9996919278637506,1,75
114,0.9996919278637506,1,75
115,0.9996919278637506,1,75
116,0.9996919278637506,1,75
117,0.9996919278637506,1,75
118,0.9996919278637506,1,75
119,0.9996919278637506,1,75
120,0.9996919278637506,1,75
121,0.9996919278637506,1,75
122,0.9996919278637506,1,75
123,0.9996919278637506,1,75
124,0.9996919278637506,1,75
125,0.9996919278637506,1,75
126,0.9996919278637506,1,75
127,0.9996919278637506,1,75
128,0.9996919278637506,1,75
129,0.9996919278637506,1,75
130,0.9996919278637506,1,75
131,0.9996919278637506,1,75
132,0.9996919278637506,1,75
133,0.9996919278637506,1,75
134,0.9996919278637506,1,75
135,0.9996919278637506,1,75
136,0.9996919278637506,1,75
137,0.9996919278637506,1,75
138,0.9996919278637506,1,75
139,0.9996919278637506,1,75
140,0.9996919278637506,1,75
141,0.9996919278637506,1,75
142,0.9996919278637506,1,75
143,0.9996919278637506,1,75
144,0.9996919278637506,1,75
145,0.9996919278637506,1,75
146,0.9996919278637506,1,75
147,0.9996919278637506,1,75
148,0.9996919278637506,1,75
149,0.9996919278637506,1,75
150,0.9996919278637506,1,75
151,0.9996919278637506,1,75
152,0.9996919278637506,1,75
153,0.9996919278637506,1,75
154,0.9996919278637506,1,75
155,0.9996919278637506,1,75
156,0.9996919278637506,1,75
157,0.9996919278637506,1,75
158,0.9996919278637506,1,75
159,0.9996919278637506,1,75
160,0.9996919278637506,1,75
161,0.9996919278637506,1,75
162,0.9996919278637506,1,75
163,0.9996919278637506,1,75
164,0.9996919278637506,1,75
165,0.9996919278637506,1,75
166,0.9996919278637506,1,75
167,0.9996919278637506,1,75
168,0.9996919278637506,1,75
169,0.9996919278637506,1,75
170,0.9996919278637506,1,75
171,0.9996919278637506,1,75
172,0.9996919278637506,1,75
173,0.9996919278637506,1,75
174,0.9996919278637506,1,75
175,0.9996919278637506,1,75
176,0.9996919278637506,1,75
177,0.9996919278637506,1,75
178,0.9996919278637506,1,75
179,0.9996919278637506,1,75
180,0.9996919278637506,1,75
181,0.9996919278637506,1,75
182,0.9996919278637506,1,75
183,0.9996919278637506,1,75
184,0.9996919278637506,1,75
185,0.9996919278637506,1,75
186,0.9996919278637506,1,75
187,0.9996919278637506,1,75
188,0.9996919278637506,1,75
189,0.9996919278637506,1,75
190,0.9996919278637506,1,75
191,0.9996919278637506,1,75
192,0.9996919278637506,1,75
193,0.9996919278637506,1,75
194,0.9996919278637506,1,75
195,0.9996919278637506,1,75
196,0.9996919278637506,1,75
197,0.9996919278637506,1,75
198,0.9996919278637506,1,75
199,0.9996919278637506,1,75
200,0.9996919278637506,1,75
1,0.05094897747039795,1,76
2,0.05094897747039795,1,76
3,0.09702557325363159,3,76
4,0.09702557325363159,3,76
5,0.10741657018661499,2,76
6,0.15663671493530273,3,76
7,0.15663671493530273,3,76
8,0.15663671493530273,3,76
9,0.15663671493530273,3,76
10,0.15663671493530273,3,76
11,0.20308136940002441,3,76
12,0.20381617546081543,3,76
13,0.24683916568756104,4,76
14,0.2552306652069092,4,76
15,0.3662128448486328,5,76
16,0.3662128448486328,5,76
17,0.3662128448486328,5,76
18,0.3662128448486328,5,76
19,0.3662128448486328,5,76
20,0.4000146985054016,6,76
21,0.4000146985054016,6,76
22,0.49772727489471436,7,76
23,0.501482218503952,6,76
24,0.5732294023036957,7,76
25,0.5732294023036957,7,76
26,0.7597203999757767,8,76
27,0.7597203999757767,8,76
28,0.7597203999757767,8,76
29,0.7597203999757767,8,76
30,0.7597203999757767,8,76
31,0.7597203999757767,8,76
32,0.7597203999757767,8,76
33,0.7597203999757767,8,76
34,0.7985814213752747,9,76
35,0.7985814213752747,9,76
36,0.8170044124126434,10,76
37,0.8170044124126434,10,76
38,0.8170044124126434,10,76
39,0.8170044124126434,10,76
40,0.8170044124126434,10,76
41,0.825340673327446,9,76
42,0.825340673327446,9,76
43,0.8210430294275284,8,76
44,0.8210430294275284,8,76
45,0.8210430294275284,8,76
46,0.8210430294275284,8,76
47,0.8210430294275284,8,76
48,0.8210430294275284,8,76
49,0.8210430294275284,8,76
50,0.8210430294275284,8,76
51,0.8210430294275284,8,76
52,0.8210430294275284,8,76
53,0.8601354956626892,8,76
54,0.8601354956626892,8,76
55,0.8601354956626892,8,76
56,0.8601354956626892,8,76
57,0.8601354956626892,8,76
58,0.8601354956626892,8,76
59,0.8601354956626892,8,76
60,0.8601354956626892,8,76
61,0.8652586489915848,8,76
62,0.8652586489915848,8,76
63,0.8652586489915848,8,76
64,0.8652586489915848,8,76
65,0.8652586489915848,8,76
66,0.8652586489915848,8,76
67,0.8652586489915848,8,76
68,0.889211855828762,8,76
69,0.889211855828762,8,76
70,0.889211855828762,8,76
71,0.889211855828762,8,76
72,0.889211855828762,8,76
73,0.9242621883749962,10,76
74,0.9242621883749962,10,76
75,0.9242621883749962,10,76
76,0.9242621883749962,10,76
77,0.9242621883749962,10,76
78,0.9520041085779667,11,76
79,0.9520041085779667,11,76
80,0.9520041085779667,11,76
81,0.9520041085779667,11,76
82,0.9520041085779667,11,76
83,0.9520041085779667,11,76
84,0.9726144578307867,12,76
85,0.9609115161001682,11,76
86,0.9609115161001682,11,76
87,0.9609115161001682,11,76
88,0.9609115161001682,11,76
89,0.9609115161001682,11,76
90,0.9609115161001682,11,76
91,0.9609115161001682,11,76
92,0.970599390566349,11,76
93,0.970599390566349,11,76
94,0.970599390566349,11,76
95,0.970599390566349,11,76
96,0.970599390566349,11,76
97,0.970599390566349,11,76
98,0.970599390566349,11,76
99,0.970599390566349,11,76
100,0.970599390566349,11,76
101,0.970599390566349,11,76
102,0.970599390566349,11,76
103,0.970599390566349,11,76
104,0.970599390566349,11,76
105,0.970599390566349,11,76
106,0.970599390566349,11,76
107,0.970599390566349,11,76
108,0.970599390566349,11,76
109,0.970599390566349,11,76
110,0.970599390566349,11,76
111,0.970599390566349,11,76
112,0.970599390566349,11,76
113,0.970599390566349,11,76
114,0.970599390566349,11,76
115,0.970599390566349,11,76
116,0.970599390566349,11,76
117,0.9453339166939259,9,76
118,0.9453339166939259,9,76
119,0.9453339166939259,9,76
120,0.9453339166939259,9,76
121,0.9453339166939259,9,76
122,0.9453339166939259,9,76
123,0.9453339166939259,9,76
124,0.9453339166939259,9,76
125,0.9453339166939259,9,76
126,0.9453339166939259,9,76
127,0.9453339166939259,9,76
128,0.9453339166939259,9,76
129,0.9453339166939259,9,76
130,0.9453339166939259,9,76
131,0.9453339166939259,9,76
132,0.9453339166939259,9,76
133,0.9453339166939259,9,76
134,0.9453339166939259,9,76
135,0.9676291085779667,10,76
136,0.9676291085779667,10,76
137,0.9676291085779667,10,76
138,0.9676291085779667,10,76
139,0.9676291085779667,10,76
140,0.9676291085779667,10,76
141,0.9676291085779667,10,76
142,0.9676291085779667,10,76
143,0.9676291085779667,10,76
144,0.9676291085779667,10,76
145,0.9676291085779667,10,76
146,0.9676291085779667,10,76
147,0.9676291085779667,10,76
148,0.9676291085779667,10,76
149,0.9676291085779667,10,76
150,0.9676291085779667,10,76
151,0.9676291085779667,10,76
152,0.9676291085779667,10,76
153,0.9676291085779667,10,76
154,0.9676291085779667,10,76
155,0.9676291085779667,10,76
156,0.9676291085779667,10,76
157,0.9676291085779667,10,76
158,0.9676291085779667,10,76
159,0.9676291085779667,10,76
160,0.9676291085779667,10,76
161,0.9676291085779667,10,76
162,0.9676291085779667,10,76
163,0.9676291085779667,10,76
164,0.9676291085779667,10,76
165,0.9676291085779667,10,76
166,0.9676291085779667,10,76
167,0.9676291085779667,10,76
168,0.9676291085779667,10,76
169,0.9676291085779667,10,76
170,0.9676291085779667,10,76
171,0.9676291085779667,10,76
172,0.9676291085779667,10,76
173,0.9676291085779667,10,76
174,0.9676291085779667,10,76
175,0.9676291085779667,10,76
176,0.9676291085779667,10,76
177,0.9676291085779667,10,76
178,0.9676291085779667,10,76
179,0.9676291085779667,10,76
180,0.9676291085779667,10,76
181,0.9676291085779667,10,76
182,0.9676291085779667,10,76
183,0.9676291085779667,10,76
184,0.9676291085779667,10,76
185,0.9676291085779667,10,76
186,0.9676291085779667,10,76
187,0.9676291085779667,10,76
188,0.9676291085779667,10,76
189,0.9676291085779667,10,76
190,0.9738454520702362,10,76
191,0.9738454520702362,10,76
192,0.9738454520702362,10,76
193,0.9738454520702362,10,76
194,0.9738454520702362,10,76
195,0.9738454520702362,10,76
196,0.9738454520702362,10,76
197,0.9738454520702362,10,76
198,0.9738454520702362,10,76
199,0.9738454520702362,10,76
200,0.9738454520702362,10,76
1,7.927417755126953e-05,1,77
2,7.927417755126953e-05,1,77
3,7.927417755126953e-05,1,77
4,7.939338684082031e-05,1,77
5,8.058547973632812e-05,1,77
6,8.285045623779297e-05,1,77
7,9.226799011230469e-05,1,77
8,9.751319885253906e-05,1,77
9,0.00010943412780761719,1,77
10,0.00010943412780761719,1,77
11,0.00011491775512695312,1,77
12,0.00011491775512695312,1,77
13,0.00011515617370605469,1,77
14,0.00011515617370605469,1,77
15,0.00011515617370605469,1,77
16,0.00011515617370605469,1,77
17,0.00011515617370605469,1,77
18,0.00011515617370605469,1,77
19,0.00011742115020751953,1,77
20,0.00011742115020751953,1,77
21,0.00013148784637451172,1,77
22,0.00013148784637451172,1,77
23,0.00013148784637451172,1,77
24,0.00013148784637451172,1,77
25,0.00013148784637451172,1,77
26,0.00013148784637451172,1,77
27,0.00013148784637451172,1,77
28,0.00013148784637451172,1,77
29,0.00013148784637451172,1,77
30,0.00013148784637451172,1,77
31,0.00013148784637451172,1,77
32,0.00013148784637451172,1,77
33,0.00013148784637451172,1,77
34,0.00013148784637451172,1,77
35,0.00013148784637451172,1,77
36,0.00013148784637451172,1,77
37,0.00013148784637451172,1,77
38,0.00013148784637451172,1,77
39,0.00013148784637451172,1,77
40,0.00013148784637451172,1,77
41,0.00013148784637451172,1,77
42,0.00013148784637451172,1,77
43,0.00013148784637451172,1,77
44,0.00013148784637451172,1,77
45,0.00013148784637451172,1,77
46,0.00013148784637451172,1,77
47,0.00013148784637451172,1,77
48,0.00013148784637451172,1,77
49,0.00013148784637451172,1,77
50,0.00013148784637451172,1,77
51,0.00013148784637451172,1,77
52,0.00013148784637451172,1,77
53,0.00013148784637451172,1,77
54,0.00013148784637451172,1,77
55,0.00013148784637451172,1,77
56,0.00013148784637451172,1,77
57,0.00013148784637451172,1,77
58,0.00013148784637451172,1,77
59,0.00013148784637451172,1,77
60,0.00013148784637451172,1,77
61,0.00013148784637451172,1,77
62,0.00013148784637451172,1,77
63,0.00013148784637451172,1,77
64,0.00013148784637451172,1,77
65,0.00013148784637451172,1,77
66,0.00013148784637451172,1,77
67,0.00013148784637451172,1,77
68,0.00013148784637451172,1,77
69,0.00013148784637451172,1,77
70,0.00013148784637451172,1,77
71,0.00013148784637451172,1,77
72,0.00013148784637451172,1,77
73,0.00013148784637451172,1,77
74,0.00013148784637451172,1,77
75,0.00013148784637451172,1,77
76,0.00013148784637451172,1,77
77,0.00013148784637451172,1,77
78,0.00013148784637451172,1,77
79,0.00013148784637451172,1,77
80,0.00013148784637451172,1,77
81,0.00013148784637451172,1,77
82,0.00013148784637451172,1,77
83,0.00013148784637451172,1,77
84,0.00013148784637451172,1,77
85,0.00013148784637451172,1,77
86,0.00013148784637451172,1,77
87,0.00013148784637451172,1,77
88,0.00013148784637451172,1,77
89,0.00013148784637451172,1,77
90,0.00013148784637451172,1,77
91,0.00013148784637451172,1,77
92,0.00013148784637451172,1,77
93,0.00013148784637451172,1,77
94,0.00013148784637451172,1,77
95,0.00013148784637451172,1,77
96,0.00013148784637451172,1,77
97,0.00013148784637451172,1,77
98,0.00013148784637451172,1,77
99,0.00013148784637451172,1,77
100,0.00013148784637451172,1,77
101,0.00013148784637451172,1,77
102,0.00013148784637451172,1,77
103,0.00013148784637451172,1,77
104,0.00013148784637451172,1,77
105,0.00013148784637451172,1,77
106,0.00013148784637451172,1,77
107,0.00013148784637451172,1,77
108,0.00013148784637451172,1,77
109,0.00013148784637451172,1,77
110,0.00013148784637451172,1,77
111,0.00013148784637451172,1,77
112,0.00013148784637451172,1,77
113,0.00013148784637451172,1,77
114,0.00013148784637451172,1,77
115,0.00013148784637451172,1,77
116,0.00013148784637451172,1,77
117,0.00013148784637451172,1,77
118,0.00013148784637451172,1,77
119,0.00013148784637451172,1,77
120,0.00013148784637451172,1,77
121,0.00013148784637451172,1,77
122,0.00013148784637451172,1,77
123,0.00013148784637451172,1,77
124,0.00013148784637451172,1,77
125,0.00013148784637451172,1,77
126,0.00013148784637451172,1,77
127,0.00013148784637451172,1,77
128,0.00013148784637451172,1,77
129,0.00013148784637451172,1,77
130,0.00013148784637451172,1,77
131,0.00013148784637451172,1,77
132,0.00013148784637451172,1,77
133,0.00013148784637451172,1,77
134,0.00013148784637451172,1,77
135,0.00013148784637451172,1,77
136,0.00013148784637451172,1,77
137,0.00013148784637451172,1,77
138,0.00013148784637451172,1,77
139,0.00013148784637451172,1,77
140,0.00013148784637451172,1,77
141,0.00013148784637451172,1,77
142,0.00013148784637451172,1,77
143,0.00013148784637451172,1,77
144,0.00013148784637451172,1,77
145,0.00013148784637451172,1,77
146,0.00013148784637451172,1,77
147,0.00013148784637451172,1,77
148,0.00013148784637451172,1,77
149,0.00013148784637451172,1,77
150,0.00013148784637451172,1,77
151,0.00013148784637451172,1,77
152,0.00013148784637451172,1,77
153,0.00013148784637451172,1,77
154,0.00013148784637451172,1,77
155,0.00013148784637451172,1,77
156,0.00013148784637451172,1,77
157,0.00013148784637451172,1,77
158,0.00013148784637451172,1,77
159,0.00013148784637451172,1,77
160,0.00013148784637451172,1,77
161,0.00013148784637451172,1,77
162,0.00013148784637451172,1,77
163,0.00013148784637451172,1,77
164,0.00013148784637451172,1,77
165,0.00013148784637451172,1,77
166,0.00013148784637451172,1,77
167,0.00013148784637451172,1,77
168,0.00013148784637451172,1,77
169,0.00013148784637451172,1,77
170,0.00013148784637451172,1,77
171,0.00013148784637451172,1,77
172,0.00013148784637451172,1,77
173,0.00013148784637451172,1,77
174,0.00013148784637451172,1,77
175,0.00013148784637451172,1,77
176,0.00013148784637451172,1,77
177,0.00013148784637451172,1,77
178,0.00013148784637451172,1,77
179,0.00013148784637451172,1,77
180,0.00013148784637451172,1,77
181,0.00013148784637451172,1,77
182,0.00013148784637451172,1,77
183,0.00013148784637451172,1,77
184,0.00013148784637451172,1,77
185,0.00013148784637451172,1,77
186,0.00013148784637451172,1,77
187,0.00013148784637451172,1,77
188,0.00013148784637451172,1,77
189,0.00013148784637451172,1,77
190,0.00013148784637451172,1,77
191,0.00013148784637451172,1,77
192,0.00013148784637451172,1,77
193,0.00013148784637451172,1,77
194,0.00013148784637451172,1,77
195,0.00013148784637451172,1,77
196,0.00013148784637451172,1,77
197,0.00013148784637451172,1,77
198,0.00013148784637451172,1,77
199,0.00013148784637451172,1,77
200,0.00013148784637451172,1,77
1,5.173683166503906e-05,1,78
2,5.173683166503906e-05,1,78
3,5.257129669189453e-05,1,78
4,5.257129669189453e-05,1,78
5,5.459785461425781e-05,1,78
6,5.459785461425781e-05,1,78
7,5.459785461425781e-05,1,78
8,5.459785461425781e-05,1,78
9,5.817413330078125e-05,1,78
10,5.924701690673828e-05,1,78
11,6.604194641113281e-05,1,78
12,6.604194641113281e-05,1,78
13,6.604194641113281e-05,1,78
14,6.604194641113281e-05,1,78
15,6.854534149169922e-05,1,78
16,6.854534149169922e-05,1,78
17,7.736682891845703e-05,1,78
18,7.736682891845703e-05,1,78
19,7.736682891845703e-05,1,78
20,7.736682891845703e-05,1,78
21,7.736682891845703e-05,1,78
22,7.736682891845703e-05,1,78
23,7.736682891845703e-05,1,78
24,7.736682891845703e-05,1,78
25,7.736682891845703e-05,1,78
26,7.736682891845703e-05,1,78
27,7.736682891845703e-05,1,78
28,7.736682891845703e-05,1,78
29,7.736682891845703e-05,1,78
30,7.736682891845703e-05,1,78
31,7.736682891845703e-05,1,78
32,7.736682891845703e-05,1,78
33,7.736682891845703e-05,1,78
34,7.736682891845703e-05,1,78
35,7.736682891845703e-05,1,78
36,7.736682891845703e-05,1,78
37,7.736682891845703e-05,1,78
38,7.736682891845703e-05,1,78
39,7.736682891845703e-05,1,78
40,7.736682891845703e-05,1,78
41,7.736682891845703e-05,1,78
42,7.736682891845703e-05,1,78
43,7.736682891845703e-05,1,78
44,7.736682891845703e-05,1,78
45,7.736682891845703e-05,1,78
46,7.736682891845703e-05,1,78
47,7.736682891845703e-05,1,78
48,7.736682891845703e-05,1,78
49,7.736682891845703e-05,1,78
50,7.736682891845703e-05,1,78
51,7.736682891845703e-05,1,78
52,7.736682891845703e-05,1,78
53,7.736682891845703e-05,1,78
54,7.736682891845703e-05,1,78
55,7.736682891845703e-05,1,78
56,7.736682891845703e-05,1,78
57,7.736682891845703e-05,1,78
58,7.736682891845703e-05,1,78
59,7.736682891845703e-05,1,78
60,7.736682891845703e-05,1,78
61,7.736682891845703e-05,1,78
62,7.736682891845703e-05,1,78
63,7.736682891845703e-05,1,78
64,7.736682891845703e-05,1,78
65,7.736682891845703e-05,1,78
66,7.736682891845703e-05,1,78
67,7.736682891845703e-05,1,78
68,7.736682891845703e-05,1,78
69,7.736682891845703e-05,1,78
70,7.736682891845703e-05,1,78
71,7.736682891845703e-05,1,78
72,7.736682891845703e-05,1,78
73,7.736682891845703e-05,1,78
74,7.736682891845703e-05,1,78
75,7.736682891845703e-05,1,78
76,7.736682891845703e-05,1,78
77,7.736682891845703e-05,1,78
78,7.736682891845703e-05,1,78
79,7.736682891845703e-05,1,78
80,7.736682891845703e-05,1,78
81,7.736682891845703e-05,1,78
82,7.736682891845703e-05,1,78
83,7.736682891845703e-05,1,78
84,7.736682891845703e-05,1,78
85,7.736682891845703e-05,1,78
86,7.736682891845703e-05,1,78
87,7.736682891845703e-05,1,78
88,7.736682891845703e-05,1,78
89,7.736682891845703e-05,1,78
90,7.736682891845703e-05,1,78
91,7.736682891845703e-05,1,78
92,7.736682891845703e-05,1,78
93,7.736682891845703e-05,1,78
94,7.736682891845703e-05,1,78
95,7.736682891845703e-05,1,78
96,7.736682891845703e-05,1,78
97,7.736682891845703e-05,1,78
98,7.736682891845703e-05,1,78
99,7.736682891845703e-05,1,78
100,7.736682891845703e-05,1,78
101,7.736682891845703e-05,1,78
102,7.736682891845703e-05,1,78
103,7.736682891845703e-05,1,78
104,7.736682891845703e-05,1,78
105,7.736682891845703e-05,1,78
106,7.736682891845703e-05,1,78
107,7.736682891845703e-05,1,78
108,7.736682891845703e-05,1,78
109,7.736682891845703e-05,1,78
110,7.736682891845703e-05,1,78
111,7.736682891845703e-05,1,78
112,7.736682891845703e-05,1,78
113,7.736682891845703e-05,1,78
114,7.736682891845703e-05,1,78
115,7.736682891845703e-05,1,78
116,7.736682891845703e-05,1,78
117,7.736682891845703e-05,1,78
118,7.736682891845703e-05,1,78
119,7.736682891845703e-05,1,78
120,7.736682891845703e-05,1,78
121,7.736682891845703e-05,1,78
122,7.736682891845703e-05,1,78
123,7.736682891845703e-05,1,78
124,7.736682891845703e-05,1,78
125,7.736682891845703e-05,1,78
126,7.736682891845703e-05,1,78
127,7.736682891845703e-05,1,78
128,7.736682891845703e-05,1,78
129,7.736682891845703e-05,1,78
130,7.736682891845703e-05,1,78
131,7.736682891845703e-05,1,78
132,7.736682891845703e-05,1,78
133,7.736682891845703e-05,1,78
134,7.736682891845703e-05,1,78
135,7.736682891845703e-05,1,78
136,7.736682891845703e-05,1,78
137,7.736682891845703e-05,1,78
138,7.736682891845703e-05,1,78
139,7.736682891845703e-05,1,78
140,7.736682891845703e-05,1,78
141,7.736682891845703e-05,1,78
142,7.736682891845703e-05,1,78
143,7.736682891845703e-05,1,78
144,7.736682891845703e-05,1,78
145,7.736682891845703e-05,1,78
146,7.736682891845703e-05,1,78
147,7.736682891845703e-05,1,78
148,7.736682891845703e-05,1,78
149,7.736682891845703e-05,1,78
150,7.736682891845703e-05,1,78
151,7.736682891845703e-05,1,78
152,7.736682891845703e-05,1,78
153,7.736682891845703e-05,1,78
154,7.736682891845703e-05,1,78
155,7.736682891845703e-05,1,78
156,7.736682891845703e-05,1,78
157,7.736682891845703e-05,1,78
158,7.736682891845703e-05,1,78
159,7.736682891845703e-05,1,78
160,7.736682891845703e-05,1,78
161,7.736682891845703e-05,1,78
162,7.736682891845703e-05,1,78
163,7.736682891845703e-05,1,78
164,7.736682891845703e-05,1,78
165,7.736682891845703e-05,1,78
166,7.736682891845703e-05,1,78
167,7.736682891845703e-05,1,78
168,7.736682891845703e-05,1,78
169,7.736682891845703e-05,1,78
170,7.736682891845703e-05,1,78
171,7.736682891845703e-05,1,78
172,7.736682891845703e-05,1,78
173,7.736682891845703e-05,1,78
174,7.736682891845703e-05,1,78
175,7.736682891845703e-05,1,78
176,7.736682891845703e-05,1,78
177,7.736682891845703e-05,1,78
178,7.736682891845703e-05,1,78
179,7.736682891845703e-05,1,78
180,7.736682891845703e-05,1,78
181,7.736682891845703e-05,1,78
182,7.736682891845703e-05,1,78
183,7.736682891845703e-05,1,78
184,7.736682891845703e-05,1,78
185,7.736682891845703e-05,1,78
186,7.736682891845703e-05,1,78
187,7.736682891845703e-05,1,78
188,7.736682891845703e-05,1,78
189,7.736682891845703e-05,1,78
190,7.736682891845703e-05,1,78
191,7.736682891845703e-05,1,78
192,7.736682891845703e-05,1,78
193,7.736682891845703e-05,1,78
194,7.736682891845703e-05,1,78
195,7.736682891845703e-05,1,78
196,7.736682891845703e-05,1,78
197,7.736682891845703e-05,1,78
198,7.736682891845703e-05,1,78
199,7.736682891845703e-05,1,78
200,7.736682891845703e-05,1,78
1,4.76837158203125e-07,1,79
2,4.76837158203125e-07,1,79
3,4.76837158203125e-07,1,79
4,4.76837158203125e-07,1,79
5,4.76837158203125e-07,1,79
6,4.76837158203125e-07,1,79
7,4.76837158203125e-07,1,79
8,5.960464477539062e-07,1,79
9,5.960464477539062e-07,1,79
10,5.960464477539062e-07,1,79
11,7.152557373046875e-07,1,79
12,7.152557373046875e-07,1,79
13,7.152557373046875e-07,1,79
14,7.152557373046875e-07,1,79
15,7.152557373046875e-07,1,79
16,7.152557373046875e-07,1,79
17,7.152557373046875e-07,1,79
18,7.152557373046875e-07,1,79
19,7.152557373046875e-07,1,79
20,7.152557373046875e-07,1,79
21,7.152557373046875e-07,1,79
22,7.152557373046875e-07,1,79
23,7.152557373046875e-07,1,79
24,7.152557373046875e-07,1,79
25,7.152557373046875e-07,1,79
26,7.152557373046875e-07,1,79
27,7.152557373046875e-07,1,79
28,7.152557373046875e-07,1,79
29,7.152557373046875e-07,1,79
30,7.152557373046875e-07,1,79
31,7.152557373046875e-07,1,79
32,7.152557373046875e-07,1,79
33,7.152557373046875e-07,1,79
34,7.152557373046875e-07,1,79
35,7.152557373046875e-07,1,79
36,7.152557373046875e-07,1,79
37,7.152557373046875e-07,1,79
38,7.152557373046875e-07,1,79
39,7.152557373046875e-07,1,79
40,7.152557373046875e-07,1,79
41,7.152557373046875e-07,1,79
42,7.152557373046875e-07,1,79
43,7.152557373046875e-07,1,79
44,7.152557373046875e-07,1,79
45,7.152557373046875e-07,1,79
46,7.152557373046875e-07,1,79
47,7.152557373046875e-07,1,79
48,7.152557373046875e-07,1,79
49,7.152557373046875e-07,1,79
50,7.152557373046875e-07,1,79
51,7.152557373046875e-07,1,79
52,7.152557373046875e-07,1,79
53,7.152557373046875e-07,1,79
54,7.152557373046875e-07,1,79
55,7.152557373046875e-07,1,79
56,7.152557373046875e-07,1,79
57,7.152557373046875e-07,1,79
58,7.152557373046875e-07,1,79
59,7.152557373046875e-07,1,79
60,7.152557373046875e-07,1,79
61,7.152557373046875e-07,1,79
62,7.152557373046875e-07,1,79
63,7.152557373046875e-07,1,79
64,7.152557373046875e-07,1,79
65,7.152557373046875e-07,1,79
66,7.152557373046875e-07,1,79
67,7.152557373046875e-07,1,79
68,7.152557373046875e-07,1,79
69,7.152557373046875e-07,1,79
70,7.152557373046875e-07,1,79
71,7.152557373046875e-07,1,79
72,7.152557373046875e-07,1,79
73,7.152557373046875e-07,1,79
74,7.152557373046875e-07,1,79
75,7.152557373046875e-07,1,79
76,7.152557373046875e-07,1,79
77,7.152557373046875e-07,1,79
78,7.152557373046875e-07,1,79
79,7.152557373046875e-07,1,79
80,7.152557373046875e-07,1,79
81,7.152557373046875e-07,1,79
82,7.152557373046875e-07,1,79
83,7.152557373046875e-07,1,79
84,7.152557373046875e-07,1,79
85,7.152557373046875e-07,1,79
86,7.152557373046875e-07,1,79
87,7.152557373046875e-07,1,79
88,7.152557373046875e-07,1,79
89,7.152557373046875e-07,1,79
90,7.152557373046875e-07,1,79
91,7.152557373046875e-07,1,79
92,7.152557373046875e-07,1,79
93,7.152557373046875e-07,1,79
94,7.152557373046875e-07,1,79
95,7.152557373046875e-07,1,79
96,7.152557373046875e-07,1,79
97,7.152557373046875e-07,1,79
98,7.152557373046875e-07,1,79
99,7.152557373046875e-07,1,79
100,7.152557373046875e-07,1,79
101,7.152557373046875e-07,1,79
102,7.152557373046875e-07,1,79
103,7.152557373046875e-07,1,79
104,7.152557373046875e-07,1,79
105,7.152557373046875e-07,1,79
106,7.152557373046875e-07,1,79
107,7.152557373046875e-07,1,79
108,7.152557373046875e-07,1,79
109,7.152557373046875e-07,1,79
110,7.152557373046875e-07,1,79
111,7.152557373046875e-07,1,79
112,7.152557373046875e-07,1,79
113,7.152557373046875e-07,1,79
114,7.152557373046875e-07,1,79
115,7.152557373046875e-07,1,79
116,7.152557373046875e-07,1,79
117,7.152557373046875e-07,1,79
118,7.152557373046875e-07,1,79
119,7.152557373046875e-07,1,79
120,7.152557373046875e-07,1,79
121,7.152557373046875e-07,1,79
122,7.152557373046875e-07,1,79
123,7.152557373046875e-07,1,79
124,7.152557373046875e-07,1,79
125,7.152557373046875e-07,1,79
126,7.152557373046875e-07,1,79
127,7.152557373046875e-07,1,79
128,7.152557373046875e-07,1,79
129,7.152557373046875e-07,1,79
130,7.152557373046875e-07,1,79
131,7.152557373046875e-07,1,79
132,7.152557373046875e-07,1,79
133,7.152557373046875e-07,1,79
134,7.152557373046875e-07,1,79
135,7.152557373046875e-07,1,79
136,7.152557373046875e-07,1,79
137,7.152557373046875e-07,1,79
138,7.152557373046875e-07,1,79
139,7.152557373046875e-07,1,79
140,7.152557373046875e-07,1,79
141,7.152557373046875e-07,1,79
142,7.152557373046875e-07,1,79
143,7.152557373046875e-07,1,79
144,7.152557373046875e-07,1,79
145,7.152557373046875e-07,1,79
146,7.152557373046875e-07,1,79
147,7.152557373046875e-07,1,79
148,7.152557373046875e-07,1,79
149,7.152557373046875e-07,1,79
150,7.152557373046875e-07,1,79
151,7.152557373046875e-07,1,79
152,7.152557373046875e-07,1,79
153,7.152557373046875e-07,1,79
154,7.152557373046875e-07,1,79
155,7.152557373046875e-07,1,79
156,7.152557373046875e-07,1,79
157,7.152557373046875e-07,1,79
158,7.152557373046875e-07,1,79
159,7.152557373046875e-07,1,79
160,7.152557373046875e-07,1,79
161,7.152557373046875e-07,1,79
162,7.152557373046875e-07,1,79
163,7.152557373046875e-07,1,79
164,7.152557373046875e-07,1,79
165,7.152557373046875e-07,1,79
166,7.152557373046875e-07,1,79
167,7.152557373046875e-07,1,79
168,7.152557373046875e-07,1,79
169,7.152557373046875e-07,1,79
170,7.152557373046875e-07,1,79
171,7.152557373046875e-07,1,79
172,7.152557373046875e-07,1,79
173,7.152557373046875e-07,1,79
174,7.152557373046875e-07,1,79
175,7.152557373046875e-07,1,79
176,7.152557373046875e-07,1,79
177,7.152557373046875e-07,1,79
178,7.152557373046875e-07,1,79
179,7.152557373046875e-07,1,79
180,7.152557373046875e-07,1,79
181,7.152557373046875e-07,1,79
182,7.152557373046875e-07,1,79
183,7.152557373046875e-07,1,79
184,7.152557373046875e-07,1,79
185,7.152557373046875e-07,1,79
186,7.152557373046875e-07,1,79
187,7.152557373046875e-07,1,79
188,7.152557373046875e-07,1,79
189,7.152557373046875e-07,1,79
190,7.152557373046875e-07,1,79
191,7.152557373046875e-07,1,79
192,7.152557373046875e-07,1,79
193,7.152557373046875e-07,1,79
194,7.152557373046875e-07,1,79
195,7.152557373046875e-07,1,79
196,7.152557373046875e-07,1,79
197,7.152557373046875e-07,1,79
198,7.152557373046875e-07,1,79
199,7.152557373046875e-07,1,79
200,7.152557373046875e-07,1,79
1,0.00011980533599853516,1,80
2,0.00012087821960449219,1,80
3,0.0001271963119506836,1,80
4,0.00012934207916259766,1,80
5,0.0001329183578491211,1,80
6,0.0001329183578491211,1,80
7,0.00015020370483398438,1,80
8,0.00015020370483398438,1,80
9,0.00023168325424194336,1,80
10,0.00023168325424194336,1,80
11,0.00023168325424194336,1,80
12,0.00023168325424194336,1,80
13,0.00023168325424194336,1,80
14,0.00023168325424194336,1,80
15,0.00023168325424194336,1,80
16,0.00023168325424194336,1,80
17,0.00023168325424194336,1,80
18,0.00023168325424194336,1,80
19,0.00023168325424194336,1,80
20,0.00023168325424194336,1,80
21,0.00023168325424194336,1,80
22,0.00023168325424194336,1,80
23,0.00023168325424194336,1,80
24,0.00023168325424194336,1,80
25,0.00023168325424194336,1,80
26,0.00023168325424194336,1,80
27,0.00023168325424194336,1,80
28,0.00023168325424194336,1,80
29,0.00023168325424194336,1,80
30,0.00023168325424194336,1,80
31,0.00023168325424194336,1,80
32,0.00023168325424194336,1,80
33,0.00023168325424194336,1,80
34,0.00023168325424194336,1,80
35,0.00023168325424194336,1,80
36,0.00023168325424194336,1,80
37,0.00023168325424194336,1,80
38,0.00023168325424194336,1,80
39,0.00023168325424194336,1,80
40,0.00023168325424194336,1,80
41,0.00023168325424194336,1,80
42,0.00023168325424194336,1,80
43,0.00023168325424194336,1,80
44,0.00023168325424194336,1,80
45,0.00023168325424194336,1,80
46,0.00023168325424194336,1,80
47,0.00023168325424194336,1,80
48,0.00023168325424194336,1,80
49,0.00023168325424194336,1,80
50,0.00023168325424194336,1,80
51,0.00023168325424194336,1,80
52,0.00023168325424194336,1,80
53,0.00023168325424194336,1,80
54,0.00023168325424194336,1,80
55,0.00023168325424194336,1,80
56,0.00023168325424194336,1,80
57,0.00023168325424194336,1,80
58,0.00023168325424194336,1,80
59,0.00023168325424194336,1,80
60,0.00023168325424194336,1,80
61,0.00023168325424194336,1,80
62,0.00023168325424194336,1,80
63,0.00023168325424194336,1,80
64,0.00023168325424194336,1,80
65,0.00023168325424194336,1,80
66,0.00023168325424194336,1,80
67,0.00023168325424194336,1,80
68,0.00023168325424194336,1,80
69,0.00023168325424194336,1,80
70,0.00023168325424194336,1,80
71,0.00023168325424194336,1,80
72,0.00023168325424194336,1,80
73,0.00023168325424194336,1,80
74,0.00023168325424194336,1,80
75,0.00023168325424194336,1,80
76,0.00023168325424194336,1,80
77,0.00023168325424194336,1,80
78,0.00023168325424194336,1,80
79,0.00023168325424194336,1,80
80,0.00023168325424194336,1,80
81,0.00023168325424194336,1,80
82,0.00023168325424194336,1,80
83,0.00023168325424194336,1,80
84,0.00023168325424194336,1,80
85,0.00023168325424194336,1,80
86,0.00023168325424194336,1,80
87,0.00023168325424194336,1,80
88,0.00023168325424194336,1,80
89,0.00023168325424194336,1,80
90,0.00023168325424194336,1,80
91,0.00023168325424194336,1,80
92,0.00023168325424194336,1,80
93,0.00023168325424194336,1,80
94,0.00023168325424194336,1,80
95,0.00023168325424194336,1,80
96,0.00023168325424194336,1,80
97,0.00023168325424194336,1,80
98,0.00023168325424194336,1,80
99,0.00023168325424194336,1,80
100,0.00023168325424194336,1,80
101,0.00023168325424194336,1,80
102,0.00023168325424194336,1,80
103,0.00023168325424194336,1,80
104,0.00023168325424194336,1,80
105,0.00023168325424194336,1,80
106,0.00023168325424194336,1,80
107,0.00023168325424194336,1,80
108,0.00023168325424194336,1,80
109,0.00023168325424194336,1,80
110,0.00023168325424194336,1,80
111,0.00023168325424194336,1,80
112,0.00023168325424194336,1,80
113,0.00023168325424194336,1,80
114,0.00023168325424194336,1,80
115,0.00023168325424194336,1,80
116,0.00023168325424194336,1,80
117,0.00023168325424194336,1,80
118,0.00023168325424194336,1,80
119,0.00023168325424194336,1,80
120,0.00023168325424194336,1,80
121,0.00023168325424194336,1,80
122,0.00023168325424194336,1,80
123,0.00023168325424194336,1,80
124,0.00023168325424194336,1,80
125,0.00023168325424194336,1,80
126,0.00023168325424194336,1,80
127,0.00023168325424194336,1,80
128,0.00023168325424194336,1,80
129,0.00023168325424194336,1,80
130,0.00023168325424194336,1,80
131,0.00023168325424194336,1,80
132,0.00023168325424194336,1,80
133,0.00023168325424194336,1,80
134,0.00023168325424194336,1,80
135,0.00023168325424194336,1,80
136,0.00023168325424194336,1,80
137,0.00023168325424194336,1,80
138,0.00023168325424194336,1,80
139,0.00023168325424194336,1,80
140,0.00023168325424194336,1,80
141,0.00023168325424194336,1,80
142,0.00023168325424194336,1,80
143,0.00023168325424194336,1,80
144,0.00023168325424194336,1,80
145,0.00023168325424194336,1,80
146,0.00023168325424194336,1,80
147,0.00023168325424194336,1,80
148,0.00023168325424194336,1,80
149,0.00023168325424194336,1,80
150,0.00023168325424194336,1,80
151,0.00023168325424194336,1,80
152,0.00023168325424194336,1,80
153,0.00023168325424194336,1,80
154,0.00023168325424194336,1,80
155,0.00023168325424194336,1,80
156,0.00023168325424194336,1,80
157,0.00023168325424194336,1,80
158,0.00023168325424194336,1,80
159,0.00023168325424194336,1,80
160,0.00023168325424194336,1,80
161,0.00023168325424194336,1,80
162,0.00023168325424194336,1,80
163,0.00023168325424194336,1,80
164,0.00023168325424194336,1,80
165,0.00023168325424194336,1,80
166,0.00023168325424194336,1,80
167,0.00023168325424194336,1,80
168,0.00023168325424194336,1,80
169,0.00023168325424194336,1,80
170,0.00023168325424194336,1,80
171,0.00023168325424194336,1,80
172,0.00023168325424194336,1,80
173,0.00023168325424194336,1,80
174,0.00023168325424194336,1,80
175,0.00023168325424194336,1,80
176,0.00023168325424194336,1,80
177,0.00023168325424194336,1,80
178,0.00023168325424194336,1,80
179,0.00023168325424194336,1,80
180,0.00023168325424194336,1,80
181,0.00023168325424194336,1,80
182,0.00023168325424194336,1,80
183,0.00023168325424194336,1,80
184,0.00023168325424194336,1,80
185,0.00023168325424194336,1,80
186,0.00023168325424194336,1,80
187,0.00023168325424194336,1,80
188,0.00023168325424194336,1,80
189,0.00023168325424194336,1,80
190,0.00023168325424194336,1,80
191,0.00023168325424194336,1,80
192,0.00023168325424194336,1,80
193,0.00023168325424194336,1,80
194,0.00023168325424194336,1,80
195,0.00023168325424194336,1,80
196,0.00023168325424194336,1,80
197,0.00023168325424194336,1,80
198,0.00023168325424194336,1,80
199,0.00023168325424194336,1,80
200,0.00023168325424194336,1,80
1,9.5367431640625e-07,1,81
2,9.5367431640625e-07,1,81
3,9.5367431640625e-07,1,81
4,9.5367431640625e-07,1,81
5,9.5367431640625e-07,1,81
6,9.5367431640625e-07,1,81
7,9.5367431640625e-07,1,81
8,9.5367431640625e-07,1,81
9,1.0728836059570312e-06,1,81
10,1.0728836059570312e-06,1,81
11,1.0728836059570312e-06,1,81
12,1.3113021850585938e-06,1,81
13,1.3113021850585938e-06,1,81
14,1.3113021850585938e-06,1,81
15,1.3113021850585938e-06,1,81
16,1.3113021850585938e-06,1,81
17,1.3113021850585938e-06,1,81
18,1.3113021850585938e-06,1,81
19,1.3113021850585938e-06,1,81
20,1.3113021850585938e-06,1,81
21,1.430511474609375e-06,1,81
22,1.430511474609375e-06,1,81
23,1.430511474609375e-06,1,81
24,1.430511474609375e-06,1,81
25,1.430511474609375e-06,1,81
26,1.430511474609375e-06,1,81
27,1.430511474609375e-06,1,81
28,1.430511474609375e-06,1,81
29,1.430511474609375e-06,1,81
30,1.430511474609375e-06,1,81
31,1.430511474609375e-06,1,81
32,1.430511474609375e-06,1,81
33,1.430511474609375e-06,1,81
34,1.430511474609375e-06,1,81
35,1.430511474609375e-06,1,81
36,1.430511474609375e-06,1,81
37,1.430511474609375e-06,1,81
38,1.430511474609375e-06,1,81
39,1.430511474609375e-06,1,81
40,1.430511474609375e-06,1,81
41,1.430511474609375e-06,1,81
42,1.430511474609375e-06,1,81
43,1.430511474609375e-06,1,81
44,1.430511474609375e-06,1,81
45,1.430511474609375e-06,1,81
46,1.430511474609375e-06,1,81
47,1.430511474609375e-06,1,81
48,1.430511474609375e-06,1,81
49,1.430511474609375e-06,1,81
50,1.430511474609375e-06,1,81
51,1.430511474609375e-06,1,81
52,1.430511474609375e-06,1,81
53,1.430511474609375e-06,1,81
54,1.430511474609375e-06,1,81
55,1.430511474609375e-06,1,81
56,1.430511474609375e-06,1,81
57,1.430511474609375e-06,1,81
58,1.430511474609375e-06,1,81
59,1.430511474609375e-06,1,81
60,1.430511474609375e-06,1,81
61,1.430511474609375e-06,1,81
62,1.430511474609375e-06,1,81
63,1.430511474609375e-06,1,81
64,1.430511474609375e-06,1,81
65,1.430511474609375e-06,1,81
66,1.430511474609375e-06,1,81
67,1.430511474609375e-06,1,81
68,1.430511474609375e-06,1,81
69,1.430511474609375e-06,1,81
70,1.430511474609375e-06,1,81
71,1.430511474609375e-06,1,81
72,1.430511474609375e-06,1,81
73,1.430511474609375e-06,1,81
74,1.430511474609375e-06,1,81
75,1.430511474609375e-06,1,81
76,1.430511474609375e-06,1,81
77,1.430511474609375e-06,1,81
78,1.430511474609375e-06,1,81
79,1.430511474609375e-06,1,81
80,1.430511474609375e-06,1,81
81,1.430511474609375e-06,1,81
82,1.430511474609375e-06,1,81
83,1.430511474609375e-06,1,81
84,1.430511474609375e-06,1,81
85,1.430511474609375e-06,1,81
86,1.430511474609375e-06,1,81
87,1.430511474609375e-06,1,81
88,1.430511474609375e-06,1,81
89,1.430511474609375e-06,1,81
90,1.430511474609375e-06,1,81
91,1.430511474609375e-06,1,81
92,1.430511474609375e-06,1,81
93,1.430511474609375e-06,1,81
94,1.430511474609375e-06,1,81
95,1.430511474609375e-06,1,81
96,1.430511474609375e-06,1,81
97,1.430511474609375e-06,1,81
98,1.430511474609375e-06,1,81
99,1.430511474609375e-06,1,81
100,1.430511474609375e-06,1,81
101,1.430511474609375e-06,1,81
102,1.430511474609375e-06,1,81
103,1.430511474609375e-06,1,81
104,1.430511474609375e-06,1,81
105,1.430511474609375e-06,1,81
106,1.430511474609375e-06,1,81
107,1.430511474609375e-06,1,81
108,1.430511474609375e-06,1,81
109,1.430511474609375e-06,1,81
110,1.430511474609375e-06,1,81
111,1.430511474609375e-06,1,81
112,1.430511474609375e-06,1,81
113,1.430511474609375e-06,1,81
114,1.430511474609375e-06,1,81
115,1.430511474609375e-06,1,81
116,1.430511474609375e-06,1,81
117,1.430511474609375e-06,1,81
118,1.430511474609375e-06,1,81
119,1.430511474609375e-06,1,81
120,1.430511474609375e-06,1,81
121,1.430511474609375e-06,1,81
122,1.430511474609375e-06,1,81
123,1.430511474609375e-06,1,81
124,1.430511474609375e-06,1,81
125,1.430511474609375e-06,1,81
126,1.430511474609375e-06,1,81
127,1.430511474609375e-06,1,81
128,1.430511474609375e-06,1,81
129,1.430511474609375e-06,1,81
130,1.430511474609375e-06,1,81
131,1.430511474609375e-06,1,81
132,1.430511474609375e-06,1,81
133,1.430511474609375e-06,1,81
134,1.430511474609375e-06,1,81
135,1.430511474609375e-06,1,81
136,1.430511474609375e-06,1,81
137,1.430511474609375e-06,1,81
138,1.430511474609375e-06,1,81
139,1.430511474609375e-06,1,81
140,1.430511474609375e-06,1,81
141,1.430511474609375e-06,1,81
142,1.430511474609375e-06,1,81
143,1.430511474609375e-06,1,81
144,1.430511474609375e-06,1,81
145,1.430511474609375e-06,1,81
146,1.430511474609375e-06,1,81
147,1.430511474609375e-06,1,81
148,1.430511474609375e-06,1,81
149,1.430511474609375e-06,1,81
150,1.430511474609375e-06,1,81
151,1.430511474609375e-06,1,81
152,1.430511474609375e-06,1,81
153,1.430511474609375e-06,1,81
154,1.430511474609375e-06,1,81
155,1.430511474609375e-06,1,81
156,1.430511474609375e-06,1,81
157,1.430511474609375e-06,1,81
158,1.430511474609375e-06,1,81
159,1.430511474609375e-06,1,81
160,1.430511474609375e-06,1,81
161,1.430511474609375e-06,1,81
162,1.430511474609375e-06,1,81
163,1.430511474609375e-06,1,81
164,1.430511474609375e-06,1,81
165,1.430511474609375e-06,1,81
166,1.430511474609375e-06,1,81
167,1.430511474609375e-06,1,81
168,1.430511474609375e-06,1,81
169,1.430511474609375e-06,1,81
170,1.430511474609375e-06,1,81
171,1.430511474609375e-06,1,81
172,1.430511474609375e-06,1,81
173,1.430511474609375e-06,1,81
174,1.430511474609375e-06,1,81
175,1.430511474609375e-06,1,81
176,1.430511474609375e-06,1,81
177,1.430511474609375e-06,1,81
178,1.430511474609375e-06,1,81
179,1.430511474609375e-06,1,81
180,1.430511474609375e-06,1,81
181,1.430511474609375e-06,1,81
182,1.430511474609375e-06,1,81
183,1.430511474609375e-06,1,81
184,1.430511474609375e-06,1,81
185,1.430511474609375e-06,1,81
186,1.430511474609375e-06,1,81
187,1.430511474609375e-06,1,81
188,1.430511474609375e-06,1,81
189,1.430511474609375e-06,1,81
190,1.430511474609375e-06,1,81
191,1.430511474609375e-06,1,81
192,1.430511474609375e-06,1,81
193,1.430511474609375e-06,1,81
194,1.430511474609375e-06,1,81
195,1.430511474609375e-06,1,81
196,1.430511474609375e-06,1,81
197,1.430511474609375e-06,1,81
198,1.430511474609375e-06,1,81
199,1.430511474609375e-06,1,81
200,1.430511474609375e-06,1,81
1,0.00030541419982910156,1,82
2,0.00030541419982910156,1,82
3,0.00031185150146484375,1,82
4,0.0003273487091064453,1,82
5,0.0003273487091064453,1,82
6,0.00041180849075317383,1,82
7,0.00041180849075317383,1,82
8,0.00041180849075317383,1,82
9,0.0004158616065979004,1,82
10,0.0004158616065979004,1,82
11,0.0004158616065979004,1,82
12,0.0004158616065979004,1,82
13,0.0004158616065979004,1,82
14,0.00041741132736206055,1,82
15,0.0006937980651855469,1,82
16,0.0006937980651855469,1,82
17,0.0006937980651855469,1,82
18,0.0006937980651855469,1,82
19,0.0006937980651855469,1,82
20,0.0006937980651855469,1,82
21,0.0006937980651855469,1,82
22,0.0006937980651855469,1,82
23,0.0006937980651855469,1,82
24,0.0006937980651855469,1,82
25,0.0006937980651855469,1,82
26,0.0006937980651855469,1,82
27,0.0006937980651855469,1,82
28,0.0006937980651855469,1,82
29,0.0006937980651855469,1,82
30,0.0006937980651855469,1,82
31,0.0006937980651855469,1,82
32,0.0006937980651855469,1,82
33,0.0006937980651855469,1,82
34,0.0006937980651855469,1,82
35,0.0006937980651855469,1,82
36,0.0006937980651855469,1,82
37,0.0006937980651855469,1,82
38,0.0006937980651855469,1,82
39,0.0006937980651855469,1,82
40,0.0006937980651855469,1,82
41,0.0006937980651855469,1,82
42,0.0006937980651855469,1,82
43,0.0006937980651855469,1,82
44,0.0006937980651855469,1,82
45,0.0006937980651855469,1,82
46,0.0006937980651855469,1,82
47,0.0006937980651855469,1,82
48,0.0006937980651855469,1,82
49,0.0006937980651855469,1,82
50,0.0006937980651855469,1,82
51,0.0006937980651855469,1,82
52,0.0006937980651855469,1,82
53,0.0006937980651855469,1,82
54,0.0006937980651855469,1,82
55,0.0006937980651855469,1,82
56,0.0006937980651855469,1,82
57,0.0006937980651855469,1,82
58,0.0006937980651855469,1,82
59,0.0006937980651855469,1,82
60,0.0006937980651855469,1,82
61,0.0006937980651855469,1,82
62,0.0006937980651855469,1,82
63,0.0006937980651855469,1,82
64,0.0006937980651855469,1,82
65,0.0006937980651855469,1,82
66,0.0006937980651855469,1,82
67,0.0006937980651855469,1,82
68,0.0006937980651855469,1,82
69,0.0006937980651855469,1,82
70,0.0006937980651855469,1,82
71,0.0006937980651855469,1,82
72,0.0006937980651855469,1,82
73,0.0006937980651855469,1,82
74,0.0006937980651855469,1,82
75,0.0006937980651855469,1,82
76,0.0006937980651855469,1,82
77,0.0006937980651855469,1,82
78,0.0006937980651855469,1,82
79,0.0006937980651855469,1,82
80,0.0006937980651855469,1,82
81,0.0006937980651855469,1,82
82,0.0006937980651855469,1,82
83,0.0006937980651855469,1,82
84,0.0006937980651855469,1,82
85,0.0006937980651855469,1,82
86,0.0006937980651855469,1,82
87,0.0006937980651855469,1,82
88,0.0006937980651855469,1,82
89,0.0006937980651855469,1,82
90,0.0006937980651855469,1,82
91,0.0006937980651855469,1,82
92,0.0006937980651855469,1,82
93,0.0006937980651855469,1,82
94,0.0006937980651855469,1,82
95,0.0006937980651855469,1,82
96,0.0006937980651855469,1,82
97,0.0006937980651855469,1,82
98,0.0006937980651855469,1,82
99,0.0006937980651855469,1,82
100,0.0006937980651855469,1,82
101,0.0006937980651855469,1,82
102,0.0006937980651855469,1,82
103,0.0006937980651855469,1,82
104,0.0006937980651855469,1,82
105,0.0006937980651855469,1,82
106,0.0006937980651855469,1,82
107,0.0006937980651855469,1,82
108,0.0006937980651855469,1,82
109,0.0006937980651855469,1,82
110,0.0006937980651855469,1,82
111,0.0006937980651855469,1,82
112,0.0006937980651855469,1,82
113,0.0006937980651855469,1,82
114,0.0006937980651855469,1,82
115,0.0006937980651855469,1,82
116,0.0006937980651855469,1,82
117,0.0006937980651855469,1,82
118,0.0006937980651855469,1,82
119,0.0006937980651855469,1,82
120,0.0006937980651855469,1,82
121,0.0006937980651855469,1,82
122,0.0006937980651855469,1,82
123,0.0006937980651855469,1,82
124,0.0006937980651855469,1,82
125,0.0006937980651855469,1,82
126,0.0006937980651855469,1,82
127,0.0006937980651855469,1,82
128,0.0006937980651855469,1,82
129,0.0006937980651855469,1,82
130,0.0006937980651855469,1,82
131,0.0006937980651855469,1,82
132,0.0006937980651855469,1,82
133,0.0006937980651855469,1,82
134,0.0006937980651855469,1,82
135,0.0006937980651855469,1,82
136,0.0006937980651855469,1,82
137,0.0006937980651855469,1,82
138,0.0006937980651855469,1,82
139,0.0006937980651855469,1,82
140,0.0006937980651855469,1,82
141,0.0006937980651855469,1,82
142,0.0006937980651855469,1,82
143,0.0006937980651855469,1,82
144,0.0006937980651855469,1,82
145,0.0006937980651855469,1,82
146,0.0006937980651855469,1,82
147,0.0006937980651855469,1,82
148,0.0006937980651855469,1,82
149,0.0006937980651855469,1,82
150,0.0006937980651855469,1,82
151,0.0006937980651855469,1,82
152,0.0006937980651855469,1,82
153,0.0006937980651855469,1,82
154,0.0006937980651855469,1,82
155,0.0006937980651855469,1,82
156,0.0006937980651855469,1,82
157,0.0006937980651855469,1,82
158,0.0006937980651855469,1,82
159,0.0006937980651855469,1,82
160,0.0006937980651855469,1,82
161,0.0006937980651855469,1,82
162,0.0006937980651855469,1,82
163,0.0006937980651855469,1,82
164,0.0006937980651855469,1,82
165,0.0006937980651855469,1,82
166,0.0006937980651855469,1,82
167,0.0006937980651855469,1,82
168,0.0006937980651855469,1,82
169,0.0006937980651855469,1,82
170,0.0006937980651855469,1,82
171,0.0006937980651855469,1,82
172,0.0006937980651855469,1,82
173,0.0006937980651855469,1,82
174,0.0006937980651855469,1,82
175,0.0006937980651855469,1,82
176,0.0006937980651855469,1,82
177,0.0006937980651855469,1,82
178,0.0006937980651855469,1,82
179,0.0006937980651855469,1,82
180,0.0006937980651855469,1,82
181,0.0006937980651855469,1,82
182,0.0006937980651855469,1,82
183,0.0006937980651855469,1,82
184,0.0006937980651855469,1,82
185,0.0006937980651855469,1,82
186,0.0006937980651855469,1,82
187,0.0006937980651855469,1,82
188,0.0006937980651855469,1,82
189,0.0006937980651855469,1,82
190,0.0006937980651855469,1,82
191,0.0006937980651855469,1,82
192,0.0006937980651855469,1,82
193,0.0006937980651855469,1,82
194,0.0006937980651855469,1,82
195,0.0006937980651855469,1,82
196,0.0006937980651855469,1,82
197,0.0006937980651855469,1,82
198,0.0006937980651855469,1,82
199,0.0006937980651855469,1,82
200,0.0006937980651855469,1,82
1,8.344650268554688e-07,1,83
2,8.344650268554688e-07,1,83
3,8.344650268554688e-07,1,83
4,8.344650268554688e-07,1,83
5,8.344650268554688e-07,1,83
6,8.344650268554688e-07,1,83
7,8.344650268554688e-07,1,83
8,1.0728836059570312e-06,1,83
9,1.0728836059570312e-06,1,83
10,1.0728836059570312e-06,1,83
11,1.0728836059570312e-06,1,83
12,1.0728836059570312e-06,1,83
13,1.0728836059570312e-06,1,83
14,1.0728836059570312e-06,1,83
15,1.0728836059570312e-06,1,83
16,1.0728836059570312e-06,1,83
17,1.3113021850585938e-06,1,83
18,1.3113021850585938e-06,1,83
19,1.3113021850585938e-06,1,83
20,1.3113021850585938e-06,1,83
21,1.3113021850585938e-06,1,83
22,1.3113021850585938e-06,1,83
23,1.3113021850585938e-06,1,83
24,1.3113021850585938e-06,1,83
25,1.3113021850585938e-06,1,83
26,1.3113021850585938e-06,1,83
27,1.3113021850585938e-06,1,83
28,1.3113021850585938e-06,1,83
29,1.3113021850585938e-06,1,83
30,1.3113021850585938e-06,1,83
31,1.3113021850585938e-06,1,83
32,1.3113021850585938e-06,1,83
33,1.3113021850585938e-06,1,83
34,1.3113021850585938e-06,1,83
35,1.3113021850585938e-06,1,83
36,1.3113021850585938e-06,1,83
37,1.3113021850585938e-06,1,83
38,1.3113021850585938e-06,1,83
39,1.3113021850585938e-06,1,83
40,1.3113021850585938e-06,1,83
41,1.3113021850585938e-06,1,83
42,1.3113021850585938e-06,1,83
43,1.3113021850585938e-06,1,83
44,1.3113021850585938e-06,1,83
45,1.3113021850585938e-06,1,83
46,1.3113021850585938e-06,1,83
47,1.3113021850585938e-06,1,83
48,1.3113021850585938e-06,1,83
49,1.3113021850585938e-06,1,83
50,1.3113021850585938e-06,1,83
51,1.3113021850585938e-06,1,83
52,1.3113021850585938e-06,1,83
53,1.3113021850585938e-06,1,83
54,1.3113021850585938e-06,1,83
55,1.3113021850585938e-06,1,83
56,1.3113021850585938e-06,1,83
57,1.3113021850585938e-06,1,83
58,1.3113021850585938e-06,1,83
59,1.3113021850585938e-06,1,83
60,1.3113021850585938e-06,1,83
61,1.3113021850585938e-06,1,83
62,1.3113021850585938e-06,1,83
63,1.3113021850585938e-06,1,83
64,1.3113021850585938e-06,1,83
65,1.3113021850585938e-06,1,83
66,1.3113021850585938e-06,1,83
67,1.3113021850585938e-06,1,83
68,1.3113021850585938e-06,1,83
69,1.3113021850585938e-06,1,83
70,1.3113021850585938e-06,1,83
71,1.3113021850585938e-06,1,83
72,1.3113021850585938e-06,1,83
73,1.3113021850585938e-06,1,83
74,1.3113021850585938e-06,1,83
75,1.3113021850585938e-06,1,83
76,1.3113021850585938e-06,1,83
77,1.3113021850585938e-06,1,83
78,1.3113021850585938e-06,1,83
79,1.3113021850585938e-06,1,83
80,1.3113021850585938e-06,1,83
81,1.3113021850585938e-06,1,83
82,1.3113021850585938e-06,1,83
83,1.3113021850585938e-06,1,83
84,1.3113021850585938e-06,1,83
85,1.3113021850585938e-06,1,83
86,1.3113021850585938e-06,1,83
87,1.3113021850585938e-06,1,83
88,1.3113021850585938e-06,1,83
89,1.3113021850585938e-06,1,83
90,1.3113021850585938e-06,1,83
91,1.3113021850585938e-06,1,83
92,1.3113021850585938e-06,1,83
93,1.3113021850585938e-06,1,83
94,1.3113021850585938e-06,1,83
95,1.3113021850585938e-06,1,83
96,1.3113021850585938e-06,1,83
97,1.3113021850585938e-06,1,83
98,1.3113021850585938e-06,1,83
99,1.3113021850585938e-06,1,83
100,1.3113021850585938e-06,1,83
101,1.3113021850585938e-06,1,83
102,1.3113021850585938e-06,1,83
103,1.3113021850585938e-06,1,83
104,1.3113021850585938e-06,1,83
105,1.3113021850585938e-06,1,83
106,1.3113021850585938e-06,1,83
107,1.3113021850585938e-06,1,83
108,1.3113021850585938e-06,1,83
109,1.3113021850585938e-06,1,83
110,1.3113021850585938e-06,1,83
111,1.3113021850585938e-06,1,83
112,1.3113021850585938e-06,1,83
113,1.3113021850585938e-06,1,83
114,1.3113021850585938e-06,1,83
115,1.3113021850585938e-06,1,83
116,1.3113021850585938e-06,1,83
117,1.3113021850585938e-06,1,83
118,1.3113021850585938e-06,1,83
119,1.3113021850585938e-06,1,83
120,1.3113021850585938e-06,1,83
121,1.3113021850585938e-06,1,83
122,1.3113021850585938e-06,1,83
123,1.3113021850585938e-06,1,83
124,1.3113021850585938e-06,1,83
125,1.3113021850585938e-06,1,83
126,1.3113021850585938e-06,1,83
127,1.3113021850585938e-06,1,83
128,1.3113021850585938e-06,1,83
129,1.3113021850585938e-06,1,83
130,1.3113021850585938e-06,1,83
131,1.3113021850585938e-06,1,83
132,1.3113021850585938e-06,1,83
133,1.3113021850585938e-06,1,83
134,1.3113021850585938e-06,1,83
135,1.3113021850585938e-06,1,83
136,1.3113021850585938e-06,1,83
137,1.3113021850585938e-06,1,83
138,1.3113021850585938e-06,1,83
139,1.3113021850585938e-06,1,83
140,1.3113021850585938e-06,1,83
141,1.3113021850585938e-06,1,83
142,1.3113021850585938e-06,1,83
143,1.3113021850585938e-06,1,83
144,1.3113021850585938e-06,1,83
145,1.3113021850585938e-06,1,83
146,1.3113021850585938e-06,1,83
147,1.3113021850585938e-06,1,83
148,1.3113021850585938e-06,1,83
149,1.3113021850585938e-06,1,83
150,1.3113021850585938e-06,1,83
151,1.3113021850585938e-06,1,83
152,1.3113021850585938e-06,1,83
153,1.3113021850585938e-06,1,83
154,1.3113021850585938e-06,1,83
155,1.3113021850585938e-06,1,83
156,1.3113021850585938e-06,1,83
157,1.3113021850585938e-06,1,83
158,1.3113021850585938e-06,1,83
159,1.3113021850585938e-06,1,83
160,1.3113021850585938e-06,1,83
161,1.3113021850585938e-06,1,83
162,1.3113021850585938e-06,1,83
163,1.3113021850585938e-06,1,83
164,1.3113021850585938e-06,1,83
165,1.3113021850585938e-06,1,83
166,1.3113021850585938e-06,1,83
167,1.3113021850585938e-06,1,83
168,1.3113021850585938e-06,1,83
169,1.3113021850585938e-06,1,83
170,1.3113021850585938e-06,1,83
171,1.3113021850585938e-06,1,83
172,1.3113021850585938e-06,1,83
173,1.3113021850585938e-06,1,83
174,1.3113021850585938e-06,1,83
175,1.3113021850585938e-06,1,83
176,1.3113021850585938e-06,1,83
177,1.3113021850585938e-06,1,83
178,1.3113021850585938e-06,1,83
179,1.3113021850585938e-06,1,83
180,1.3113021850585938e-06,1,83
181,1.3113021850585938e-06,1,83
182,1.3113021850585938e-06,1,83
183,1.3113021850585938e-06,1,83
184,1.3113021850585938e-06,1,83
185,1.3113021850585938e-06,1,83
186,1.3113021850585938e-06,1,83
187,1.3113021850585938e-06,1,83
188,1.3113021850585938e-06,1,83
189,1.3113021850585938e-06,1,83
190,1.3113021850585938e-06,1,83
191,1.3113021850585938e-06,1,83
192,1.3113021850585938e-06,1,83
193,1.3113021850585938e-06,1,83
194,1.3113021850585938e-06,1,83
195,1.3113021850585938e-06,1,83
196,1.3113021850585938e-06,1,83
197,1.3113021850585938e-06,1,83
198,1.3113021850585938e-06,1,83
199,1.3113021850585938e-06,1,83
200,1.3113021850585938e-06,1,83
1,1.0728836059570312e-06,1,84
2,1.0728836059570312e-06,1,84
3,1.0728836059570312e-06,1,84
4,1.1920928955078125e-06,1,84
5,1.1920928955078125e-06,1,84
6,1.1920928955078125e-06,1,84
7,1.1920928955078125e-06,1,84
8,1.1920928955078125e-06,1,84
9,1.1920928955078125e-06,1,84
10,1.1920928955078125e-06,1,84
11,1.430511474609375e-06,1,84
12,1.430511474609375e-06,1,84
13,1.430511474609375e-06,1,84
14,1.430511474609375e-06,1,84
15,1.5497207641601562e-06,1,84
16,1.7881393432617188e-06,1,84
17,1.7881393432617188e-06,1,84
18,1.7881393432617188e-06,1,84
19,1.9073486328125e-06,1,84
20,1.9073486328125e-06,1,84
21,1.9073486328125e-06,1,84
22,1.9073486328125e-06,1,84
23,1.9073486328125e-06,1,84
24,1.9073486328125e-06,1,84
25,1.9073486328125e-06,1,84
26,1.9073486328125e-06,1,84
27,2.0265579223632812e-06,1,84
28,2.0265579223632812e-06,1,84
29,2.0265579223632812e-06,1,84
30,2.0265579223632812e-06,1,84
31,2.0265579223632812e-06,1,84
32,2.0265579223632812e-06,1,84
33,2.0265579223632812e-06,1,84
34,2.0265579223632812e-06,1,84
35,2.0265579223632812e-06,1,84
36,2.0265579223632812e-06,1,84
37,2.0265579223632812e-06,1,84
38,2.0265579223632812e-06,1,84
39,2.0265579223632812e-06,1,84
40,2.0265579223632812e-06,1,84
41,2.0265579223632812e-06,1,84
42,2.0265579223632812e-06,1,84
43,2.0265579223632812e-06,1,84
44,2.0265579223632812e-06,1,84
45,2.0265579223632812e-06,1,84
46,2.0265579223632812e-06,1,84
47,2.0265579223632812e-06,1,84
48,2.0265579223632812e-06,1,84
49,2.0265579223632812e-06,1,84
50,2.0265579223632812e-06,1,84
51,2.0265579223632812e-06,1,84
52,2.0265579223632812e-06,1,84
53,2.0265579223632812e-06,1,84
54,2.0265579223632812e-06,1,84
55,2.0265579223632812e-06,1,84
56,2.0265579223632812e-06,1,84
57,2.0265579223632812e-06,1,84
58,2.0265579223632812e-06,1,84
59,2.0265579223632812e-06,1,84
60,2.0265579223632812e-06,1,84
61,2.0265579223632812e-06,1,84
62,2.0265579223632812e-06,1,84
63,2.0265579223632812e-06,1,84
64,2.0265579223632812e-06,1,84
65,2.0265579223632812e-06,1,84
66,2.0265579223632812e-06,1,84
67,2.0265579223632812e-06,1,84
68,2.0265579223632812e-06,1,84
69,2.0265579223632812e-06,1,84
70,2.0265579223632812e-06,1,84
71,2.0265579223632812e-06,1,84
72,2.0265579223632812e-06,1,84
73,2.0265579223632812e-06,1,84
74,2.0265579223632812e-06,1,84
75,2.0265579223632812e-06,1,84
76,2.0265579223632812e-06,1,84
77,2.0265579223632812e-06,1,84
78,2.0265579223632812e-06,1,84
79,2.0265579223632812e-06,1,84
80,2.0265579223632812e-06,1,84
81,2.0265579223632812e-06,1,84
82,2.0265579223632812e-06,1,84
83,2.0265579223632812e-06,1,84
84,2.0265579223632812e-06,1,84
85,2.0265579223632812e-06,1,84
86,2.0265579223632812e-06,1,84
87,2.0265579223632812e-06,1,84
88,2.0265579223632812e-06,1,84
89,2.0265579223632812e-06,1,84
90,2.0265579223632812e-06,1,84
91,2.0265579223632812e-06,1,84
92,2.0265579223632812e-06,1,84
93,2.0265579223632812e-06,1,84
94,2.0265579223632812e-06,1,84
95,2.0265579223632812e-06,1,84
96,2.0265579223632812e-06,1,84
97,2.0265579223632812e-06,1,84
98,2.0265579223632812e-06,1,84
99,2.0265579223632812e-06,1,84
100,2.0265579223632812e-06,1,84
101,2.0265579223632812e-06,1,84
102,2.0265579223632812e-06,1,84
103,2.0265579223632812e-06,1,84
104,2.0265579223632812e-06,1,84
105,2.0265579223632812e-06,1,84
106,2.0265579223632812e-06,1,84
107,2.0265579223632812e-06,1,84
108,2.0265579223632812e-06,1,84
109,2.0265579223632812e-06,1,84
110,2.0265579223632812e-06,1,84
111,2.0265579223632812e-06,1,84
112,2.0265579223632812e-06,1,84
113,2.0265579223632812e-06,1,84
114,2.0265579223632812e-06,1,84
115,2.0265579223632812e-06,1,84
116,2.0265579223632812e-06,1,84
117,2.0265579223632812e-06,1,84
118,2.0265579223632812e-06,1,84
119,2.0265579223632812e-06,1,84
120,2.0265579223632812e-06,1,84
121,2.0265579223632812e-06,1,84
122,2.0265579223632812e-06,1,84
123,2.0265579223632812e-06,1,84
124,2.0265579223632812e-06,1,84
125,2.0265579223632812e-06,1,84
126,2.0265579223632812e-06,1,84
127,2.0265579223632812e-06,1,84
128,2.0265579223632812e-06,1,84
129,2.0265579223632812e-06,1,84
130,2.0265579223632812e-06,1,84
131,2.0265579223632812e-06,1,84
132,2.0265579223632812e-06,1,84
133,2.0265579223632812e-06,1,84
134,2.0265579223632812e-06,1,84
135,2.0265579223632812e-06,1,84
136,2.0265579223632812e-06,1,84
137,2.0265579223632812e-06,1,84
138,2.0265579223632812e-06,1,84
139,2.0265579223632812e-06,1,84
140,2.0265579223632812e-06,1,84
141,2.0265579223632812e-06,1,84
142,2.0265579223632812e-06,1,84
143,2.0265579223632812e-06,1,84
144,2.0265579223632812e-06,1,84
145,2.0265579223632812e-06,1,84
146,2.0265579223632812e-06,1,84
147,2.0265579223632812e-06,1,84
148,2.0265579223632812e-06,1,84
149,2.0265579223632812e-06,1,84
150,2.0265579223632812e-06,1,84
151,2.0265579223632812e-06,1,84
152,2.0265579223632812e-06,1,84
153,2.0265579223632812e-06,1,84
154,2.0265579223632812e-06,1,84
155,2.0265579223632812e-06,1,84
156,2.0265579223632812e-06,1,84
157,2.0265579223632812e-06,1,84
158,2.0265579223632812e-06,1,84
159,2.0265579223632812e-06,1,84
160,2.0265579223632812e-06,1,84
161,2.0265579223632812e-06,1,84
162,2.0265579223632812e-06,1,84
163,2.0265579223632812e-06,1,84
164,2.0265579223632812e-06,1,84
165,2.0265579223632812e-06,1,84
166,2.0265579223632812e-06,1,84
167,2.0265579223632812e-06,1,84
168,2.0265579223632812e-06,1,84
169,2.0265579223632812e-06,1,84
170,2.0265579223632812e-06,1,84
171,2.0265579223632812e-06,1,84
172,2.0265579223632812e-06,1,84
173,2.0265579223632812e-06,1,84
174,2.0265579223632812e-06,1,84
175,2.0265579223632812e-06,1,84
176,2.0265579223632812e-06,1,84
177,2.0265579223632812e-06,1,84
178,2.0265579223632812e-06,1,84
179,2.0265579223632812e-06,1,84
180,2.0265579223632812e-06,1,84
181,2.0265579223632812e-06,1,84
182,2.0265579223632812e-06,1,84
183,2.0265579223632812e-06,1,84
184,2.0265579223632812e-06,1,84
185,2.0265579223632812e-06,1,84
186,2.0265579223632812e-06,1,84
187,2.0265579223632812e-06,1,84
188,2.0265579223632812e-06,1,84
189,2.0265579223632812e-06,1,84
190,2.0265579223632812e-06,1,84
191,2.0265579223632812e-06,1,84
192,2.0265579223632812e-06,1,84
193,2.0265579223632812e-06,1,84
194,2.0265579223632812e-06,1,84
195,2.0265579223632812e-06,1,84
196,2.0265579223632812e-06,1,84
197,2.0265579223632812e-06,1,84
198,2.0265579223632812e-06,1,84
199,2.0265579223632812e-06,1,84
200,2.0265579223632812e-06,1,84
1,6.9141387939453125e-06,1,85
2,6.9141387939453125e-06,1,85
3,6.9141387939453125e-06,1,85
4,6.9141387939453125e-06,1,85
5,6.9141387939453125e-06,1,85
6,7.510185241699219e-06,1,85
7,7.510185241699219e-06,1,85
8,7.62939453125e-06,1,85
9,7.748603820800781e-06,1,85
10,8.344650268554688e-06,1,85
11,8.344650268554688e-06,1,85
12,8.344650268554688e-06,1,85
13,8.344650268554688e-06,1,85
14,8.344650268554688e-06,1,85
15,9.417533874511719e-06,1,85
16,9.417533874511719e-06,1,85
17,9.417533874511719e-06,1,85
18,9.417533874511719e-06,1,85
19,9.417533874511719e-06,1,85
20,9.417533874511719e-06,1,85
21,9.417533874511719e-06,1,85
22,9.655952453613281e-06,1,85
23,9.655952453613281e-06,1,85
24,9.894371032714844e-06,1,85
25,1.0251998901367188e-05,1,85
26,1.0251998901367188e-05,1,85
27,1.0251998901367188e-05,1,85
28,1.0251998901367188e-05,1,85
29,1.0251998901367188e-05,1,85
30,1.0251998901367188e-05,1,85
31,1.0251998901367188e-05,1,85
32,1.0251998901367188e-05,1,85
33,1.0251998901367188e-05,1,85
34,1.0251998901367188e-05,1,85
35,1.0251998901367188e-05,1,85
36,1.0251998901367188e-05,1,85
37,1.0251998901367188e-05,1,85
38,1.0251998901367188e-05,1,85
39,1.0251998901367188e-05,1,85
40,1.0251998901367188e-05,1,85
41,1.0251998901367188e-05,1,85
42,1.0251998901367188e-05,1,85
43,1.0251998901367188e-05,1,85
44,1.0251998901367188e-05,1,85
45,1.0251998901367188e-05,1,85
46,1.0251998901367188e-05,1,85
47,1.0251998901367188e-05,1,85
48,1.0251998901367188e-05,1,85
49,1.0251998901367188e-05,1,85
50,1.0251998901367188e-05,1,85
51,1.0251998901367188e-05,1,85
52,1.0251998901367188e-05,1,85
53,1.0251998901367188e-05,1,85
54,1.0251998901367188e-05,1,85
55,1.0251998901367188e-05,1,85
56,1.0251998901367188e-05,1,85
57,1.0251998901367188e-05,1,85
58,1.0251998901367188e-05,1,85
59,1.0251998901367188e-05,1,85
60,1.0251998901367188e-05,1,85
61,1.0251998901367188e-05,1,85
62,1.0251998901367188e-05,1,85
63,1.0251998901367188e-05,1,85
64,1.0251998901367188e-05,1,85
65,1.0251998901367188e-05,1,85
66,1.0251998901367188e-05,1,85
67,1.0251998901367188e-05,1,85
68,1.0251998901367188e-05,1,85
69,1.0251998901367188e-05,1,85
70,1.0251998901367188e-05,1,85
71,1.0251998901367188e-05,1,85
72,1.0251998901367188e-05,1,85
73,1.0251998901367188e-05,1,85
74,1.0251998901367188e-05,1,85
75,1.0251998901367188e-05,1,85
76,1.0251998901367188e-05,1,85
77,1.0251998901367188e-05,1,85
78,1.0251998901367188e-05,1,85
79,1.0251998901367188e-05,1,85
80,1.0251998901367188e-05,1,85
81,1.0251998901367188e-05,1,85
82,1.0251998901367188e-05,1,85
83,1.0251998901367188e-05,1,85
84,1.0251998901367188e-05,1,85
85,1.0251998901367188e-05,1,85
86,1.0251998901367188e-05,1,85
87,1.0251998901367188e-05,1,85
88,1.0251998901367188e-05,1,85
89,1.0251998901367188e-05,1,85
90,1.0251998901367188e-05,1,85
91,1.0251998901367188e-05,1,85
92,1.0251998901367188e-05,1,85
93,1.0251998901367188e-05,1,85
94,1.0251998901367188e-05,1,85
95,1.0251998901367188e-05,1,85
96,1.0251998901367188e-05,1,85
97,1.0251998901367188e-05,1,85
98,1.0251998901367188e-05,1,85
99,1.0251998901367188e-05,1,85
100,1.0251998901367188e-05,1,85
101,1.0251998901367188e-05,1,85
102,1.0251998901367188e-05,1,85
103,1.0251998901367188e-05,1,85
104,1.0251998901367188e-05,1,85
105,1.0251998901367188e-05,1,85
106,1.0251998901367188e-05,1,85
107,1.0251998901367188e-05,1,85
108,1.0251998901367188e-05,1,85
109,1.0251998901367188e-05,1,85
110,1.0251998901367188e-05,1,85
111,1.0251998901367188e-05,1,85
112,1.0251998901367188e-05,1,85
113,1.0251998901367188e-05,1,85
114,1.0251998901367188e-05,1,85
115,1.0251998901367188e-05,1,85
116,1.0251998901367188e-05,1,85
117,1.0251998901367188e-05,1,85
118,1.0251998901367188e-05,1,85
119,1.0251998901367188e-05,1,85
120,1.0251998901367188e-05,1,85
121,1.0251998901367188e-05,1,85
122,1.0251998901367188e-05,1,85
123,1.0251998901367188e-05,1,85
124,1.0251998901367188e-05,1,85
125,1.0251998901367188e-05,1,85
126,1.0251998901367188e-05,1,85
127,1.0251998901367188e-05,1,85
128,1.0251998901367188e-05,1,85
129,1.0251998901367188e-05,1,85
130,1.0251998901367188e-05,1,85
131,1.0251998901367188e-05,1,85
132,1.0251998901367188e-05,1,85
133,1.0251998901367188e-05,1,85
134,1.0251998901367188e-05,1,85
135,1.0251998901367188e-05,1,85
136,1.0251998901367188e-05,1,85
137,1.0251998901367188e-05,1,85
138,1.0251998901367188e-05,1,85
139,1.0251998901367188e-05,1,85
140,1.0251998901367188e-05,1,85
141,1.0251998901367188e-05,1,85
142,1.0251998901367188e-05,1,85
143,1.0251998901367188e-05,1,85
144,1.0251998901367188e-05,1,85
145,1.0251998901367188e-05,1,85
146,1.0251998901367188e-05,1,85
147,1.0251998901367188e-05,1,85
148,1.0251998901367188e-05,1,85
149,1.0251998901367188e-05,1,85
150,1.0251998901367188e-05,1,85
151,1.0251998901367188e-05,1,85
152,1.0251998901367188e-05,1,85
153,1.0251998901367188e-05,1,85
154,1.0251998901367188e-05,1,85
155,1.0251998901367188e-05,1,85
156,1.0251998901367188e-05,1,85
157,1.0251998901367188e-05,1,85
158,1.0251998901367188e-05,1,85
159,1.0251998901367188e-05,1,85
160,1.0251998901367188e-05,1,85
161,1.0251998901367188e-05,1,85
162,1.0251998901367188e-05,1,85
163,1.0251998901367188e-05,1,85
164,1.0251998901367188e-05,1,85
165,1.0251998901367188e-05,1,85
166,1.0251998901367188e-05,1,85
167,1.0251998901367188e-05,1,85
168,1.0251998901367188e-05,1,85
169,1.0251998901367188e-05,1,85
170,1.0251998901367188e-05,1,85
171,1.0251998901367188e-05,1,85
172,1.0251998901367188e-05,1,85
173,1.0251998901367188e-05,1,85
174,1.0251998901367188e-05,1,85
175,1.0251998901367188e-05,1,85
176,1.0251998901367188e-05,1,85
177,1.0251998901367188e-05,1,85
178,1.0251998901367188e-05,1,85
179,1.0251998901367188e-05,1,85
180,1.0251998901367188e-05,1,85
181,1.0251998901367188e-05,1,85
182,1.0251998901367188e-05,1,85
183,1.0251998901367188e-05,1,85
184,1.0251998901367188e-05,1,85
185,1.0251998901367188e-05,1,85
186,1.0251998901367188e-05,1,85
187,1.0251998901367188e-05,1,85
188,1.0251998901367188e-05,1,85
189,1.0251998901367188e-05,1,85
190,1.0251998901367188e-05,1,85
191,1.0251998901367188e-05,1,85
192,1.0251998901367188e-05,1,85
193,1.0251998901367188e-05,1,85
194,1.0251998901367188e-05,1,85
195,1.0251998901367188e-05,1,85
196,1.0251998901367188e-05,1,85
197,1.0251998901367188e-05,1,85
198,1.0251998901367188e-05,1,85
199,1.0251998901367188e-05,1,85
200,1.0251998901367188e-05,1,85
1,0.0049173831939697266,1,86
2,0.0049173831939697266,1,86
3,0.0049173831939697266,1,86
4,0.0049173831939697266,1,86
5,0.005108952522277832,1,86
6,0.016604304313659668,1,86
7,0.016604304313659668,1,86
8,0.016604304313659668,1,86
9,0.016604304313659668,1,86
10,0.016604304313659668,1,86
11,0.016604304313659668,1,86
12,0.016604304313659668,1,86
13,0.025405466556549072,1,86
14,0.025405466556549072,1,86
15,0.027722179889678955,1,86
16,0.027722179889678955,1,86
17,0.027722179889678955,1,86
18,0.027722179889678955,1,86
19,0.027722179889678955,1,86
20,0.06524825096130371,2,86
21,0.06524825096130371,2,86
22,0.06524825096130371,2,86
23,0.06743806600570679,2,86
24,0.06743806600570679,2,86
25,0.07637172937393188,2,86
26,0.09312230348587036,3,86
27,0.07867389917373657,2,86
28,0.08092248439788818,2,86
29,0.09414029121398926,2,86
30,0.09414029121398926,2,86
31,0.1035342812538147,2,86
32,0.1035342812538147,2,86
33,0.1035342812538147,2,86
34,0.140527606010437,3,86
35,0.140527606010437,3,86
36,0.140527606010437,3,86
37,0.140527606010437,3,86
38,0.140527606010437,3,86
39,0.140527606010437,3,86
40,0.140527606010437,3,86
41,0.1542503833770752,3,86
42,0.1542503833770752,3,86
43,0.1542503833770752,3,86
44,0.1542503833770752,3,86
45,0.1601933240890503,3,86
46,0.23523783683776855,6,86
47,0.29315757751464844,7,86
48,0.29315757751464844,7,86
49,0.3447033762931824,7,86
50,0.3447033762931824,7,86
51,0.38029932975769043,7,86
52,0.40577930212020874,7,86
53,0.40577930212020874,7,86
54,0.40577930212020874,7,86
55,0.5062382817268372,7,86
56,0.5062382817268372,7,86
57,0.7182227075099945,9,86
58,0.7182227075099945,9,86
59,0.7182227075099945,9,86
60,0.7182227075099945,9,86
61,0.7182227075099945,9,86
62,0.731347918510437,9,86
63,0.7197979092597961,8,86
64,0.7197979092597961,8,86
65,0.7197979092597961,8,86
66,0.7197979092597961,8,86
67,0.7640169411897659,10,86
68,0.7640169411897659,10,86
69,0.7640169411897659,10,86
70,0.7640169411897659,10,86
71,0.7640169411897659,10,86
72,0.7640169411897659,10,86
73,0.7640169411897659,10,86
74,0.7640169411897659,10,86
75,0.7640169411897659,10,86
76,0.7640169411897659,10,86
77,0.78171107172966,8,86
78,0.78171107172966,8,86
79,0.78171107172966,8,86
80,0.78171107172966,8,86
81,0.8663452863693237,13,86
82,0.8838003799319267,11,86
83,0.8838003799319267,11,86
84,0.8838003799319267,11,86
85,0.8838003799319267,11,86
86,0.8838003799319267,11,86
87,0.8838003799319267,11,86
88,0.8838003799319267,11,86
89,0.8838003799319267,11,86
90,0.8838003799319267,11,86
91,0.8838003799319267,11,86
92,0.8838003799319267,11,86
93,0.8838003799319267,11,86
94,0.8838003799319267,11,86
95,0.8838003799319267,11,86
96,0.8838003799319267,11,86
97,0.8838003799319267,11,86
98,0.8838003799319267,11,86
99,0.9166142717003822,12,86
100,0.9166142717003822,12,86
101,0.9166142717003822,12,86
102,0.9166142717003822,12,86
103,0.9166142717003822,12,86
104,0.9166142717003822,12,86
105,0.9166142717003822,12,86
106,0.9166142717003822,12,86
107,0.9166142717003822,12,86
108,0.918652206659317,12,86
109,0.918652206659317,12,86
110,0.918652206659317,12,86
111,0.918652206659317,12,86
112,0.918652206659317,12,86
113,0.918652206659317,12,86
114,0.918652206659317,12,86
115,0.918652206659317,12,86
116,0.918652206659317,12,86
117,0.918652206659317,12,86
118,0.918652206659317,12,86
119,0.918652206659317,12,86
120,0.918652206659317,12,86
121,0.9219395443797112,11,86
122,0.9219395443797112,11,86
123,0.9219395443797112,11,86
124,0.9219395443797112,11,86
125,0.9219395443797112,11,86
126,0.9219395443797112,11,86
127,0.9219395443797112,11,86
128,0.9219395443797112,11,86
129,0.9219395443797112,11,86
130,0.9219395443797112,11,86
131,0.9219395443797112,11,86
132,0.9219395443797112,11,86
133,0.9219395443797112,11,86
134,0.9219395443797112,11,86
135,0.9219395443797112,11,86
136,0.9219395443797112,11,86
137,0.9219395443797112,11,86
138,0.9219395443797112,11,86
139,0.9219395443797112,11,86
140,0.9219395443797112,11,86
141,0.9219395443797112,11,86
142,0.9219395443797112,11,86
143,0.9219395443797112,11,86
144,0.9219395443797112,11,86
145,0.9219395443797112,11,86
146,0.9219395443797112,11,86
147,0.9219395443797112,11,86
148,0.9219395443797112,11,86
149,0.9219395443797112,11,86
150,0.9219395443797112,11,86
151,0.914932057261467,10,86
152,0.914932057261467,10,86
153,0.914932057261467,10,86
154,0.914932057261467,10,86
155,0.914932057261467,10,86
156,0.914932057261467,10,86
157,0.914932057261467,10,86
158,0.914932057261467,10,86
159,0.914932057261467,10,86
160,0.914932057261467,10,86
161,0.914932057261467,10,86
162,0.914932057261467,10,86
163,0.914932057261467,10,86
164,0.914932057261467,10,86
165,0.914932057261467,10,86
166,0.914932057261467,10,86
167,0.914932057261467,10,86
168,0.914932057261467,10,86
169,0.914932057261467,10,86
170,0.914932057261467,10,86
171,0.914932057261467,10,86
172,0.914932057261467,10,86
173,0.9491580799221992,12,86
174,0.9491580799221992,12,86
175,0.9491580799221992,12,86
176,0.9491580799221992,12,86
177,0.9491580799221992,12,86
178,0.9491580799221992,12,86
179,0.9491580799221992,12,86
180,0.9491580799221992,12,86
181,0.9491580799221992,12,86
182,0.9491580799221992,12,86
183,0.9491580799221992,12,86
184,0.9491580799221992,12,86
185,0.9491580799221992,12,86
186,0.9491580799221992,12,86
187,0.9491580799221992,12,86
188,0.9491580799221992,12,86
189,0.9491580799221992,12,86
190,0.9491580799221992,12,86
191,0.9491580799221992,12,86
192,0.9491580799221992,12,86
193,0.9491580799221992,12,86
194,0.9491580799221992,12,86
195,0.9491580799221992,12,86
196,0.9491580799221992,12,86
197,0.9491580799221992,12,86
198,0.9491580799221992,12,86
199,0.9491580799221992,12,86
200,0.9491580799221992,12,86
1,0.012488126754760742,1,87
2,0.012488126754760742,1,87
3,0.012488126754760742,1,87
4,0.013050377368927002,1,87
5,0.013050377368927002,1,87
6,0.013050377368927002,1,87
7,0.013117611408233643,1,87
8,0.014081597328186035,1,87
9,0.01579946279525757,1,87
10,0.01579946279525757,1,87
11,0.025632202625274658,1,87
12,0.025632202625274658,1,87
13,0.025632202625274658,1,87
14,0.025632202625274658,1,87
15,0.025632202625274658,1,87
16,0.025632202625274658,1,87
17,0.025632202625274658,1,87
18,0.028409183025360107,1,87
19,0.028409183025360107,1,87
20,0.028409183025360107,1,87
21,0.028409183025360107,1,87
22,0.028409183025360107,1,87
23,0.028409183025360107,1,87
24,0.028409183025360107,1,87
25,0.028409183025360107,1,87
26,0.028409183025360107,1,87
27,0.028409183025360107,1,87
28,0.028409183025360107,1,87
29,0.028409183025360107,1,87
30,0.028409183025360107,1,87
31,0.028409183025360107,1,87
32,0.028409183025360107,1,87
33,0.028409183025360107,1,87
34,0.028409183025360107,1,87
35,0.028409183025360107,1,87
36,0.028409183025360107,1,87
37,0.028409183025360107,1,87
38,0.028409183025360107,1,87
39,0.028409183025360107,1,87
40,0.028409183025360107,1,87
41,0.028409183025360107,1,87
42,0.028409183025360107,1,87
43,0.028409183025360107,1,87
44,0.028409183025360107,1,87
45,0.028409183025360107,1,87
46,0.04709494113922119,2,87
47,0.05032074451446533,2,87
48,0.05032074451446533,2,87
49,0.05032074451446533,2,87
50,0.05032074451446533,2,87
51,0.05032074451446533,2,87
52,0.07289981842041016,3,87
53,0.07289981842041016,3,87
54,0.0782160758972168,3,87
55,0.07943260669708252,3,87
56,0.09705150127410889,4,87
57,0.09705150127410889,4,87
58,0.10611140727996826,4,87
59,0.15207433700561523,5,87
60,0.16313493251800537,5,87
61,0.16313493251800537,5,87
62,0.16313493251800537,5,87
63,0.16313493251800537,5,87
64,0.16313493251800537,5,87
65,0.18855047225952148,5,87
66,0.18855047225952148,5,87
67,0.18855047225952148,5,87
68,0.20161402225494385,5,87
69,0.20161402225494385,5,87
70,0.20161402225494385,5,87
71,0.2519543170928955,8,87
72,0.2519543170928955,8,87
73,0.2519543170928955,8,87
74,0.2519543170928955,8,87
75,0.25354158878326416,6,87
76,0.29494309425354004,8,87
77,0.29494309425354004,8,87
78,0.29494309425354004,8,87
79,0.29494309425354004,8,87
80,0.29494309425354004,8,87
81,0.29494309425354004,8,87
82,0.29494309425354004,8,87
83,0.2680765390396118,6,87
84,0.2680765390396118,6,87
85,0.2680765390396118,6,87
86,0.28970617055892944,7,87
87,0.28970617055892944,7,87
88,0.28970617055892944,7,87
89,0.338493287563324,9,87
90,0.320884644985199,7,87
91,0.3359171152114868,7,87
92,0.3359171152114868,7,87
93,0.3359171152114868,7,87
94,0.3691253066062927,8,87
95,0.3691253066062927,8,87
96,0.3691253066062927,8,87
97,0.39287030696868896,8,87
98,0.39287030696868896,8,87
99,0.39287030696868896,8,87
100,0.39287030696868896,8,87
101,0.4863424301147461,11,87
102,0.4863424301147461,11,87
103,0.4863424301147461,11,87
104,0.508175253868103,11,87
105,0.6020833253860474,11,87
106,0.6020833253860474,11,87
107,0.6020833253860474,11,87
108,0.6020833253860474,11,87
109,0.6020833253860474,11,87
110,0.6020833253860474,11,87
111,0.6020833253860474,11,87
112,0.6020833253860474,11,87
113,0.6020833253860474,11,87
114,0.6020833253860474,11,87
115,0.6020833253860474,11,87
116,0.6020833253860474,11,87
117,0.6020833253860474,11,87
118,0.6020833253860474,11,87
119,0.6020833253860474,11,87
120,0.6020833253860474,11,87
121,0.6590318977832794,13,87
122,0.6590318977832794,13,87
123,0.6608957350254059,12,87
124,0.6608957350254059,12,87
125,0.6608957350254059,12,87
126,0.6608957350254059,12,87
127,0.6649229526519775,12,87
128,0.6649229526519775,12,87
129,0.7004520297050476,13,87
130,0.7004520297050476,13,87
131,0.7004520297050476,13,87
132,0.7004520297050476,13,87
133,0.7004520297050476,13,87
134,0.7004520297050476,13,87
135,0.7004520297050476,13,87
136,0.7004520297050476,13,87
137,0.7004520297050476,13,87
138,0.7004520297050476,13,87
139,0.7004520297050476,13,87
140,0.758011132478714,15,87
141,0.758011132478714,15,87
142,0.758011132478714,15,87
143,0.722391813993454,12,87
144,0.722391813993454,12,87
145,0.722391813993454,12,87
146,0.722391813993454,12,87
147,0.722391813993454,12,87
148,0.722391813993454,12,87
149,0.7762622833251953,15,87
150,0.7762622833251953,15,87
151,0.7649758905172348,14,87
152,0.8245722353458405,15,87
153,0.8245722353458405,15,87
154,0.8245722353458405,15,87
155,0.8245722353458405,15,87
156,0.8245722353458405,15,87
157,0.8245722353458405,15,87
158,0.8245722353458405,15,87
159,0.8245722353458405,15,87
160,0.8245722353458405,15,87
161,0.8245722353458405,15,87
162,0.8245722353458405,15,87
163,0.8245722353458405,15,87
164,0.8245722353458405,15,87
165,0.8224593847990036,14,87
166,0.8224593847990036,14,87
167,0.8224593847990036,14,87
168,0.8224593847990036,14,87
169,0.8224593847990036,14,87
170,0.8224593847990036,14,87
171,0.8224593847990036,14,87
172,0.8224593847990036,14,87
173,0.8224593847990036,14,87
174,0.8224593847990036,14,87
175,0.8224593847990036,14,87
176,0.8224593847990036,14,87
177,0.8224593847990036,14,87
178,0.856667086482048,15,87
179,0.856667086482048,15,87
180,0.856667086482048,15,87
181,0.856667086482048,15,87
182,0.856667086482048,15,87
183,0.856667086482048,15,87
184,0.856667086482048,15,87
185,0.856667086482048,15,87
186,0.856667086482048,15,87
187,0.856667086482048,15,87
188,0.856667086482048,15,87
189,0.856667086482048,15,87
190,0.856667086482048,15,87
191,0.856667086482048,15,87
192,0.856667086482048,15,87
193,0.856667086482048,15,87
194,0.856667086482048,15,87
195,0.856667086482048,15,87
196,0.856667086482048,15,87
197,0.8855487108230591,15,87
198,0.8855487108230591,15,87
199,0.8855487108230591,15,87
200,0.8855487108230591,15,87
1,2.0623207092285156e-05,1,88
2,2.0742416381835938e-05,1,88
3,2.205371856689453e-05,1,88
4,2.2411346435546875e-05,1,88
5,2.5391578674316406e-05,1,88
6,3.0517578125e-05,1,88
7,3.0517578125e-05,1,88
8,3.0517578125e-05,1,88
9,4.5299530029296875e-05,1,88
10,5.936622619628906e-05,1,88
11,5.936622619628906e-05,1,88
12,5.936622619628906e-05,1,88
13,5.936622619628906e-05,1,88
14,5.936622619628906e-05,1,88
15,5.936622619628906e-05,1,88
16,5.936622619628906e-05,1,88
17,7.82012939453125e-05,1,88
18,7.82012939453125e-05,1,88
19,7.82012939453125e-05,1,88
20,7.82012939453125e-05,1,88
21,7.82012939453125e-05,1,88
22,7.82012939453125e-05,1,88
23,7.82012939453125e-05,1,88
24,7.82012939453125e-05,1,88
25,7.82012939453125e-05,1,88
26,7.82012939453125e-05,1,88
27,7.82012939453125e-05,1,88
28,7.82012939453125e-05,1,88
29,7.82012939453125e-05,1,88
30,7.82012939453125e-05,1,88
31,7.82012939453125e-05,1,88
32,7.82012939453125e-05,1,88
33,7.82012939453125e-05,1,88
34,7.82012939453125e-05,1,88
35,7.82012939453125e-05,1,88
36,7.82012939453125e-05,1,88
37,7.82012939453125e-05,1,88
38,7.82012939453125e-05,1,88
39,7.82012939453125e-05,1,88
40,7.82012939453125e-05,1,88
41,7.82012939453125e-05,1,88
42,7.82012939453125e-05,1,88
43,7.82012939453125e-05,1,88
44,7.82012939453125e-05,1,88
45,7.82012939453125e-05,1,88
46,7.82012939453125e-05,1,88
47,7.82012939453125e-05,1,88
48,7.82012939453125e-05,1,88
49,7.82012939453125e-05,1,88
50,7.82012939453125e-05,1,88
51,7.82012939453125e-05,1,88
52,7.82012939453125e-05,1,88
53,7.82012939453125e-05,1,88
54,7.82012939453125e-05,1,88
55,7.82012939453125e-05,1,88
56,7.82012939453125e-05,1,88
57,7.82012939453125e-05,1,88
58,7.82012939453125e-05,1,88
59,7.82012939453125e-05,1,88
60,7.82012939453125e-05,1,88
61,7.82012939453125e-05,1,88
62,7.82012939453125e-05,1,88
63,7.82012939453125e-05,1,88
64,7.82012939453125e-05,1,88
65,7.82012939453125e-05,1,88
66,7.82012939453125e-05,1,88
67,7.82012939453125e-05,1,88
68,7.82012939453125e-05,1,88
69,7.82012939453125e-05,1,88
70,7.82012939453125e-05,1,88
71,7.82012939453125e-05,1,88
72,7.82012939453125e-05,1,88
73,7.82012939453125e-05,1,88
74,7.82012939453125e-05,1,88
75,7.82012939453125e-05,1,88
76,7.82012939453125e-05,1,88
77,7.82012939453125e-05,1,88
78,7.82012939453125e-05,1,88
79,7.82012939453125e-05,1,88
80,7.82012939453125e-05,1,88
81,7.82012939453125e-05,1,88
82,7.82012939453125e-05,1,88
83,7.82012939453125e-05,1,88
84,7.82012939453125e-05,1,88
85,7.82012939453125e-05,1,88
86,7.82012939453125e-05,1,88
87,7.82012939453125e-05,1,88
88,7.82012939453125e-05,1,88
89,7.82012939453125e-05,1,88
90,7.82012939453125e-05,1,88
91,7.82012939453125e-05,1,88
92,7.82012939453125e-05,1,88
93,7.82012939453125e-05,1,88
94,7.82012939453125e-05,1,88
95,7.82012939453125e-05,1,88
96,7.82012939453125e-05,1,88
97,7.82012939453125e-05,1,88
98,7.82012939453125e-05,1,88
99,7.82012939453125e-05,1,88
100,7.82012939453125e-05,1,88
101,7.82012939453125e-05,1,88
102,7.82012939453125e-05,1,88
103,7.82012939453125e-05,1,88
104,7.82012939453125e-05,1,88
105,7.82012939453125e-05,1,88
106,7.82012939453125e-05,1,88
107,7.82012939453125e-05,1,88
108,7.82012939453125e-05,1,88
109,7.82012939453125e-05,1,88
110,7.82012939453125e-05,1,88
111,7.82012939453125e-05,1,88
112,7.82012939453125e-05,1,88
113,7.82012939453125e-05,1,88
114,7.82012939453125e-05,1,88
115,7.82012939453125e-05,1,88
116,7.82012939453125e-05,1,88
117,7.82012939453125e-05,1,88
118,7.82012939453125e-05,1,88
119,7.82012939453125e-05,1,88
120,7.82012939453125e-05,1,88
121,7.82012939453125e-05,1,88
122,7.82012939453125e-05,1,88
123,7.82012939453125e-05,1,88
124,7.82012939453125e-05,1,88
125,7.82012939453125e-05,1,88
126,7.82012939453125e-05,1,88
127,7.82012939453125e-05,1,88
128,7.82012939453125e-05,1,88
129,7.82012939453125e-05,1,88
130,7.82012939453125e-05,1,88
131,7.82012939453125e-05,1,88
132,7.82012939453125e-05,1,88
133,7.82012939453125e-05,1,88
134,7.82012939453125e-05,1,88
135,7.82012939453125e-05,1,88
136,7.82012939453125e-05,1,88
137,7.82012939453125e-05,1,88
138,7.82012939453125e-05,1,88
139,7.82012939453125e-05,1,88
140,7.82012939453125e-05,1,88
141,7.82012939453125e-05,1,88
142,7.82012939453125e-05,1,88
143,7.82012939453125e-05,1,88
144,7.82012939453125e-05,1,88
145,7.82012939453125e-05,1,88
146,7.82012939453125e-05,1,88
147,7.82012939453125e-05,1,88
148,7.82012939453125e-05,1,88
149,7.82012939453125e-05,1,88
150,7.82012939453125e-05,1,88
151,7.82012939453125e-05,1,88
152,7.82012939453125e-05,1,88
153,7.82012939453125e-05,1,88
154,7.82012939453125e-05,1,88
155,7.82012939453125e-05,1,88
156,7.82012939453125e-05,1,88
157,7.82012939453125e-05,1,88
158,7.82012939453125e-05,1,88
159,7.82012939453125e-05,1,88
160,7.82012939453125e-05,1,88
161,7.82012939453125e-05,1,88
162,7.82012939453125e-05,1,88
163,7.82012939453125e-05,1,88
164,7.82012939453125e-05,1,88
165,7.82012939453125e-05,1,88
166,7.82012939453125e-05,1,88
167,7.82012939453125e-05,1,88
168,7.82012939453125e-05,1,88
169,7.82012939453125e-05,1,88
170,7.82012939453125e-05,1,88
171,7.82012939453125e-05,1,88
172,7.82012939453125e-05,1,88
173,7.82012939453125e-05,1,88
174,7.82012939453125e-05,1,88
175,7.82012939453125e-05,1,88
176,7.82012939453125e-05,1,88
177,7.82012939453125e-05,1,88
178,7.82012939453125e-05,1,88
179,7.82012939453125e-05,1,88
180,7.82012939453125e-05,1,88
181,7.82012939453125e-05,1,88
182,7.82012939453125e-05,1,88
183,7.82012939453125e-05,1,88
184,7.82012939453125e-05,1,88
185,7.82012939453125e-05,1,88
186,7.82012939453125e-05,1,88
187,7.82012939453125e-05,1,88
188,7.82012939453125e-05,1,88
189,7.82012939453125e-05,1,88
190,7.82012939453125e-05,1,88
191,7.82012939453125e-05,1,88
192,7.82012939453125e-05,1,88
193,7.82012939453125e-05,1,88
194,7.82012939453125e-05,1,88
195,7.82012939453125e-05,1,88
196,7.82012939453125e-05,1,88
197,7.82012939453125e-05,1,88
198,7.82012939453125e-05,1,88
199,7.82012939453125e-05,1,88
200,7.82012939453125e-05,1,88
1,0.0001430511474609375,1,89
2,0.0001430511474609375,1,89
3,0.000148773193359375,1,89
4,0.000148773193359375,1,89
5,0.0001589059829711914,1,89
6,0.0001589059829711914,1,89
7,0.0001589059829711914,1,89
8,0.00016021728515625,1,89
9,0.00023740530014038086,1,89
10,0.00023740530014038086,1,89
11,0.0003006458282470703,1,89
12,0.0003039836883544922,1,89
13,0.0003039836883544922,1,89
14,0.0003039836883544922,1,89
15,0.0005587935447692871,1,89
16,0.0005587935447692871,1,89
17,0.0005587935447692871,1,89
18,0.0005587935447692871,1,89
19,0.0005587935447692871,1,89
20,0.0005587935447692871,1,89
21,0.0005587935447692871,1,89
22,0.0005587935447692871,1,89
23,0.0005587935447692871,1,89
24,0.0005587935447692871,1,89
25,0.0005587935447692871,1,89
26,0.0005587935447692871,1,89
27,0.0005587935447692871,1,89
28,0.0005587935447692871,1,89
29,0.0005618929862976074,1,89
30,0.0005618929862976074,1,89
31,0.0005618929862976074,1,89
32,0.0005618929862976074,1,89
33,0.0005618929862976074,1,89
34,0.0005618929862976074,1,89
35,0.0005618929862976074,1,89
36,0.0005618929862976074,1,89
37,0.0005618929862976074,1,89
38,0.0005618929862976074,1,89
39,0.0005618929862976074,1,89
40,0.0005618929862976074,1,89
41,0.0005618929862976074,1,89
42,0.0005618929862976074,1,89
43,0.0005618929862976074,1,89
44,0.0005618929862976074,1,89
45,0.0005618929862976074,1,89
46,0.0005618929862976074,1,89
47,0.0005618929862976074,1,89
48,0.0005618929862976074,1,89
49,0.0005618929862976074,1,89
50,0.0005618929862976074,1,89
51,0.0005618929862976074,1,89
52,0.0005618929862976074,1,89
53,0.0005618929862976074,1,89
54,0.0005618929862976074,1,89
55,0.0005618929862976074,1,89
56,0.0005618929862976074,1,89
57,0.0005618929862976074,1,89
58,0.0005618929862976074,1,89
59,0.0005618929862976074,1,89
60,0.0005618929862976074,1,89
61,0.0005618929862976074,1,89
62,0.0005618929862976074,1,89
63,0.0005618929862976074,1,89
64,0.0005618929862976074,1,89
65,0.0005618929862976074,1,89
66,0.0005618929862976074,1,89
67,0.0005618929862976074,1,89
68,0.0005618929862976074,1,89
69,0.0005618929862976074,1,89
70,0.0005618929862976074,1,89
71,0.0005618929862976074,1,89
72,0.0005618929862976074,1,89
73,0.0005618929862976074,1,89
74,0.0005618929862976074,1,89
75,0.0005618929862976074,1,89
76,0.0005618929862976074,1,89
77,0.0005618929862976074,1,89
78,0.0005618929862976074,1,89
79,0.0005618929862976074,1,89
80,0.0005618929862976074,1,89
81,0.0005618929862976074,1,89
82,0.0005618929862976074,1,89
83,0.0005618929862976074,1,89
84,0.0005618929862976074,1,89
85,0.0005618929862976074,1,89
86,0.0005618929862976074,1,89
87,0.0005618929862976074,1,89
88,0.0005618929862976074,1,89
89,0.0005618929862976074,1,89
90,0.0005618929862976074,1,89
91,0.0005618929862976074,1,89
92,0.0005618929862976074,1,89
93,0.0005618929862976074,1,89
94,0.0005618929862976074,1,89
95,0.0005618929862976074,1,89
96,0.0005618929862976074,1,89
97,0.0005618929862976074,1,89
98,0.0005618929862976074,1,89
99,0.0005618929862976074,1,89
100,0.0005618929862976074,1,89
101,0.0005618929862976074,1,89
102,0.0005618929862976074,1,89
103,0.0005618929862976074,1,89
104,0.0005618929862976074,1,89
105,0.0005618929862976074,1,89
106,0.0005618929862976074,1,89
107,0.0005618929862976074,1,89
108,0.0005618929862976074,1,89
109,0.0005618929862976074,1,89
110,0.0005618929862976074,1,89
111,0.0005618929862976074,1,89
112,0.0005618929862976074,1,89
113,0.0005618929862976074,1,89
114,0.0005618929862976074,1,89
115,0.0005618929862976074,1,89
116,0.0005618929862976074,1,89
117,0.0005618929862976074,1,89
118,0.0005618929862976074,1,89
119,0.0005618929862976074,1,89
120,0.0005618929862976074,1,89
121,0.0005618929862976074,1,89
122,0.0005618929862976074,1,89
123,0.0005618929862976074,1,89
124,0.0005618929862976074,1,89
125,0.0005618929862976074,1,89
126,0.0005618929862976074,1,89
127,0.0005618929862976074,1,89
128,0.0005618929862976074,1,89
129,0.0005618929862976074,1,89
130,0.0005618929862976074,1,89
131,0.0005618929862976074,1,89
132,0.0005618929862976074,1,89
133,0.0005618929862976074,1,89
134,0.0005618929862976074,1,89
135,0.0005618929862976074,1,89
136,0.0005618929862976074,1,89
137,0.0005618929862976074,1,89
138,0.0005618929862976074,1,89
139,0.0005618929862976074,1,89
140,0.0005618929862976074,1,89
141,0.0005618929862976074,1,89
142,0.0005618929862976074,1,89
143,0.0005618929862976074,1,89
144,0.0005618929862976074,1,89
145,0.0005618929862976074,1,89
146,0.0005618929862976074,1,89
147,0.0005618929862976074,1,89
148,0.0005618929862976074,1,89
149,0.0005618929862976074,1,89
150,0.0005618929862976074,1,89
151,0.0005618929862976074,1,89
152,0.0005618929862976074,1,89
153,0.0005618929862976074,1,89
154,0.0005618929862976074,1,89
155,0.0005618929862976074,1,89
156,0.0005618929862976074,1,89
157,0.0005618929862976074,1,89
158,0.0005618929862976074,1,89
159,0.0005618929862976074,1,89
160,0.0005618929862976074,1,89
161,0.0005618929862976074,1,89
162,0.0005618929862976074,1,89
163,0.0005618929862976074,1,89
164,0.0005618929862976074,1,89
165,0.0005618929862976074,1,89
166,0.0005618929862976074,1,89
167,0.0005618929862976074,1,89
168,0.0005618929862976074,1,89
169,0.0005618929862976074,1,89
170,0.0005618929862976074,1,89
171,0.0005618929862976074,1,89
172,0.0005618929862976074,1,89
173,0.0005618929862976074,1,89
174,0.0005618929862976074,1,89
175,0.0005618929862976074,1,89
176,0.0005618929862976074,1,89
177,0.0005618929862976074,1,89
178,0.0005618929862976074,1,89
179,0.0005618929862976074,1,89
180,0.0005618929862976074,1,89
181,0.0005618929862976074,1,89
182,0.0005618929862976074,1,89
183,0.0005618929862976074,1,89
184,0.0005618929862976074,1,89
185,0.0005618929862976074,1,89
186,0.0005618929862976074,1,89
187,0.0005618929862976074,1,89
188,0.0005618929862976074,1,89
189,0.0005618929862976074,1,89
190,0.0005618929862976074,1,89
191,0.0005618929862976074,1,89
192,0.0005618929862976074,1,89
193,0.0005618929862976074,1,89
194,0.0005618929862976074,1,89
195,0.0005618929862976074,1,89
196,0.0005618929862976074,1,89
197,0.0005618929862976074,1,89
198,0.0005618929862976074,1,89
199,0.0005618929862976074,1,89
200,0.0005618929862976074,1,89
1,0.00020557641983032227,1,90
2,0.00020557641983032227,1,90
3,0.00020843744277954102,1,90
4,0.00020843744277954102,1,90
5,0.00020843744277954102,1,90
6,0.00020843744277954102,1,90
7,0.00020843744277954102,1,90
8,0.000269472599029541,1,90
9,0.000269472599029541,1,90
10,0.0004207491874694824,1,90
11,0.0004207491874694824,1,90
12,0.0004207491874694824,1,90
13,0.0005710721015930176,1,90
14,0.0005710721015930176,1,90
15,0.0005710721015930176,1,90
16,0.0005710721015930176,1,90
17,0.0005710721015930176,1,90
18,0.0005710721015930176,1,90
19,0.0005710721015930176,1,90
20,0.0005710721015930176,1,90
21,0.0005710721015930176,1,90
22,0.0005710721015930176,1,90
23,0.0005710721015930176,1,90
24,0.0005710721015930176,1,90
25,0.0005710721015930176,1,90
26,0.0005710721015930176,1,90
27,0.0005710721015930176,1,90
28,0.0005710721015930176,1,90
29,0.0005710721015930176,1,90
30,0.0005710721015930176,1,90
31,0.0005710721015930176,1,90
32,0.0005710721015930176,1,90
33,0.0005710721015930176,1,90
34,0.0005710721015930176,1,90
35,0.0005710721015930176,1,90
36,0.0005710721015930176,1,90
37,0.0005710721015930176,1,90
38,0.0005710721015930176,1,90
39,0.0005710721015930176,1,90
40,0.0005710721015930176,1,90
41,0.0005710721015930176,1,90
42,0.0005710721015930176,1,90
43,0.0005710721015930176,1,90
44,0.0005710721015930176,1,90
45,0.0005710721015930176,1,90
46,0.0005710721015930176,1,90
47,0.0005710721015930176,1,90
48,0.0005710721015930176,1,90
49,0.0005710721015930176,1,90
50,0.0005710721015930176,1,90
51,0.0005710721015930176,1,90
52,0.0005710721015930176,1,90
53,0.0005710721015930176,1,90
54,0.0005710721015930176,1,90
55,0.0005710721015930176,1,90
56,0.0005710721015930176,1,90
57,0.0005710721015930176,1,90
58,0.0005710721015930176,1,90
59,0.0005710721015930176,1,90
60,0.0005710721015930176,1,90
61,0.0005710721015930176,1,90
62,0.0005710721015930176,1,90
63,0.0005710721015930176,1,90
64,0.0005710721015930176,1,90
65,0.0005710721015930176,1,90
66,0.0005710721015930176,1,90
67,0.0005710721015930176,1,90
68,0.0005710721015930176,1,90
69,0.0005710721015930176,1,90
70,0.0005710721015930176,1,90
71,0.0005710721015930176,1,90
72,0.0005710721015930176,1,90
73,0.0005710721015930176,1,90
74,0.0005710721015930176,1,90
75,0.0005710721015930176,1,90
76,0.0005710721015930176,1,90
77,0.0005710721015930176,1,90
78,0.0005710721015930176,1,90
79,0.0005710721015930176,1,90
80,0.0005710721015930176,1,90
81,0.0005710721015930176,1,90
82,0.0005710721015930176,1,90
83,0.0005710721015930176,1,90
84,0.0005710721015930176,1,90
85,0.0005710721015930176,1,90
86,0.0005710721015930176,1,90
87,0.0005710721015930176,1,90
88,0.0005710721015930176,1,90
89,0.0005710721015930176,1,90
90,0.0005710721015930176,1,90
91,0.0005710721015930176,1,90
92,0.0005710721015930176,1,90
93,0.0005710721015930176,1,90
94,0.0005710721015930176,1,90
95,0.0005710721015930176,1,90
96,0.0005710721015930176,1,90
97,0.0005710721015930176,1,90
98,0.0005710721015930176,1,90
99,0.0005710721015930176,1,90
100,0.0005710721015930176,1,90
101,0.0005710721015930176,1,90
102,0.0005710721015930176,1,90
103,0.0005710721015930176,1,90
104,0.0005710721015930176,1,90
105,0.0005710721015930176,1,90
106,0.0005710721015930176,1,90
107,0.0005710721015930176,1,90
108,0.0005710721015930176,1,90
109,0.0005710721015930176,1,90
110,0.0005710721015930176,1,90
111,0.0005710721015930176,1,90
112,0.0005710721015930176,1,90
113,0.0005710721015930176,1,90
114,0.0005710721015930176,1,90
115,0.0005710721015930176,1,90
116,0.0005710721015930176,1,90
117,0.0005710721015930176,1,90
118,0.0005710721015930176,1,90
119,0.0005710721015930176,1,90
120,0.0005710721015930176,1,90
121,0.0005710721015930176,1,90
122,0.0005710721015930176,1,90
123,0.0005710721015930176,1,90
124,0.0005710721015930176,1,90
125,0.0005710721015930176,1,90
126,0.0005710721015930176,1,90
127,0.0005710721015930176,1,90
128,0.0005710721015930176,1,90
129,0.0005710721015930176,1,90
130,0.0005710721015930176,1,90
131,0.0005710721015930176,1,90
132,0.0005710721015930176,1,90
133,0.0005710721015930176,1,90
134,0.0005710721015930176,1,90
135,0.0005710721015930176,1,90
136,0.0005710721015930176,1,90
137,0.0005710721015930176,1,90
138,0.0005710721015930176,1,90
139,0.0005710721015930176,1,90
140,0.0005710721015930176,1,90
141,0.0005710721015930176,1,90
142,0.0005710721015930176,1,90
143,0.0005710721015930176,1,90
144,0.0005710721015930176,1,90
145,0.0005710721015930176,1,90
146,0.0005710721015930176,1,90
147,0.0005710721015930176,1,90
148,0.0005710721015930176,1,90
149,0.0005710721015930176,1,90
150,0.0005710721015930176,1,90
151,0.0005710721015930176,1,90
152,0.0005710721015930176,1,90
153,0.0005710721015930176,1,90
154,0.0005710721015930176,1,90
155,0.0005710721015930176,1,90
156,0.0005710721015930176,1,90
157,0.0005710721015930176,1,90
158,0.0005710721015930176,1,90
159,0.0005710721015930176,1,90
160,0.0005710721015930176,1,90
161,0.0005710721015930176,1,90
162,0.0005710721015930176,1,90
163,0.0005710721015930176,1,90
164,0.0005710721015930176,1,90
165,0.0005710721015930176,1,90
166,0.0005710721015930176,1,90
167,0.0005710721015930176,1,90
168,0.0005710721015930176,1,90
169,0.0005710721015930176,1,90
170,0.0005710721015930176,1,90
171,0.0005710721015930176,1,90
172,0.0005710721015930176,1,90
173,0.0005710721015930176,1,90
174,0.0005710721015930176,1,90
175,0.0005710721015930176,1,90
176,0.0005710721015930176,1,90
177,0.0005710721015930176,1,90
178,0.0005710721015930176,1,90
179,0.0005710721015930176,1,90
180,0.0005710721015930176,1,90
181,0.0005710721015930176,1,90
182,0.0005710721015930176,1,90
183,0.0005710721015930176,1,90
184,0.0005710721015930176,1,90
185,0.0005710721015930176,1,90
186,0.0005710721015930176,1,90
187,0.0005710721015930176,1,90
188,0.0005710721015930176,1,90
189,0.0005710721015930176,1,90
190,0.0005710721015930176,1,90
191,0.0005710721015930176,1,90
192,0.0005710721015930176,1,90
193,0.0005710721015930176,1,90
194,0.0005710721015930176,1,90
195,0.0005710721015930176,1,90
196,0.0005710721015930176,1,90
197,0.0005710721015930176,1,90
198,0.0005710721015930176,1,90
199,0.0005710721015930176,1,90
200,0.0005710721015930176,1,90
1,1.4662742614746094e-05,1,91
2,1.4662742614746094e-05,1,91
3,1.4662742614746094e-05,1,91
4,1.4662742614746094e-05,1,91
5,1.4662742614746094e-05,1,91
6,1.4662742614746094e-05,1,91
7,1.5020370483398438e-05,1,91
8,1.5616416931152344e-05,1,91
9,1.5616416931152344e-05,1,91
10,1.5616416931152344e-05,1,91
11,1.704692840576172e-05,1,91
12,1.704692840576172e-05,1,91
13,1.704692840576172e-05,1,91
14,2.1457672119140625e-05,1,91
15,2.1457672119140625e-05,1,91
16,2.1457672119140625e-05,1,91
17,2.1457672119140625e-05,1,91
18,2.1457672119140625e-05,1,91
19,2.1457672119140625e-05,1,91
20,2.1457672119140625e-05,1,91
21,2.1457672119140625e-05,1,91
22,2.1457672119140625e-05,1,91
23,2.1457672119140625e-05,1,91
24,2.1457672119140625e-05,1,91
25,2.1457672119140625e-05,1,91
26,2.1457672119140625e-05,1,91
27,2.1457672119140625e-05,1,91
28,2.1457672119140625e-05,1,91
29,2.1457672119140625e-05,1,91
30,2.1457672119140625e-05,1,91
31,2.1457672119140625e-05,1,91
32,2.1457672119140625e-05,1,91
33,2.1457672119140625e-05,1,91
34,2.1457672119140625e-05,1,91
35,2.1457672119140625e-05,1,91
36,2.1457672119140625e-05,1,91
37,2.1457672119140625e-05,1,91
38,2.1457672119140625e-05,1,91
39,2.1457672119140625e-05,1,91
40,2.1457672119140625e-05,1,91
41,2.1457672119140625e-05,1,91
42,2.1457672119140625e-05,1,91
43,2.1457672119140625e-05,1,91
44,2.1457672119140625e-05,1,91
45,2.1457672119140625e-05,1,91
46,2.1457672119140625e-05,1,91
47,2.1457672119140625e-05,1,91
48,2.1457672119140625e-05,1,91
49,2.1457672119140625e-05,1,91
50,2.1457672119140625e-05,1,91
51,2.1457672119140625e-05,1,91
52,2.1457672119140625e-05,1,91
53,2.1457672119140625e-05,1,91
54,2.1457672119140625e-05,1,91
55,2.1457672119140625e-05,1,91
56,2.1457672119140625e-05,1,91
57,2.1457672119140625e-05,1,91
58,2.1457672119140625e-05,1,91
59,2.1457672119140625e-05,1,91
60,2.1457672119140625e-05,1,91
61,2.1457672119140625e-05,1,91
62,2.1457672119140625e-05,1,91
63,2.1457672119140625e-05,1,91
64,2.1457672119140625e-05,1,91
65,2.1457672119140625e-05,1,91
66,2.1457672119140625e-05,1,91
67,2.1457672119140625e-05,1,91
68,2.1457672119140625e-05,1,91
69,2.1457672119140625e-05,1,91
70,2.1457672119140625e-05,1,91
71,2.1457672119140625e-05,1,91
72,2.1457672119140625e-05,1,91
73,2.1457672119140625e-05,1,91
74,2.1457672119140625e-05,1,91
75,2.1457672119140625e-05,1,91
76,2.1457672119140625e-05,1,91
77,2.1457672119140625e-05,1,91
78,2.1457672119140625e-05,1,91
79,2.1457672119140625e-05,1,91
80,2.1457672119140625e-05,1,91
81,2.1457672119140625e-05,1,91
82,2.1457672119140625e-05,1,91
83,2.1457672119140625e-05,1,91
84,2.1457672119140625e-05,1,91
85,2.1457672119140625e-05,1,91
86,2.1457672119140625e-05,1,91
87,2.1457672119140625e-05,1,91
88,2.1457672119140625e-05,1,91
89,2.1457672119140625e-05,1,91
90,2.1457672119140625e-05,1,91
91,2.1457672119140625e-05,1,91
92,2.1457672119140625e-05,1,91
93,2.1457672119140625e-05,1,91
94,2.1457672119140625e-05,1,91
95,2.1457672119140625e-05,1,91
96,2.1457672119140625e-05,1,91
97,2.1457672119140625e-05,1,91
98,2.1457672119140625e-05,1,91
99,2.1457672119140625e-05,1,91
100,2.1457672119140625e-05,1,91
101,2.1457672119140625e-05,1,91
102,2.1457672119140625e-05,1,91
103,2.1457672119140625e-05,1,91
104,2.1457672119140625e-05,1,91
105,2.1457672119140625e-05,1,91
106,2.1457672119140625e-05,1,91
107,2.1457672119140625e-05,1,91
108,2.1457672119140625e-05,1,91
109,2.1457672119140625e-05,1,91
110,2.1457672119140625e-05,1,91
111,2.1457672119140625e-05,1,91
112,2.1457672119140625e-05,1,91
113,2.1457672119140625e-05,1,91
114,2.1457672119140625e-05,1,91
115,2.1457672119140625e-05,1,91
116,2.1457672119140625e-05,1,91
117,2.1457672119140625e-05,1,91
118,2.1457672119140625e-05,1,91
119,2.1457672119140625e-05,1,91
120,2.1457672119140625e-05,1,91
121,2.1457672119140625e-05,1,91
122,2.1457672119140625e-05,1,91
123,2.1457672119140625e-05,1,91
124,2.1457672119140625e-05,1,91
125,2.1457672119140625e-05,1,91
126,2.1457672119140625e-05,1,91
127,2.1457672119140625e-05,1,91
128,2.1457672119140625e-05,1,91
129,2.1457672119140625e-05,1,91
130,2.1457672119140625e-05,1,91
131,2.1457672119140625e-05,1,91
132,2.1457672119140625e-05,1,91
133,2.1457672119140625e-05,1,91
134,2.1457672119140625e-05,1,91
135,2.1457672119140625e-05,1,91
136,2.1457672119140625e-05,1,91
137,2.1457672119140625e-05,1,91
138,2.1457672119140625e-05,1,91
139,2.1457672119140625e-05,1,91
140,2.1457672119140625e-05,1,91
141,2.1457672119140625e-05,1,91
142,2.1457672119140625e-05,1,91
143,2.1457672119140625e-05,1,91
144,2.1457672119140625e-05,1,91
145,2.1457672119140625e-05,1,91
146,2.1457672119140625e-05,1,91
147,2.1457672119140625e-05,1,91
148,2.1457672119140625e-05,1,91
149,2.1457672119140625e-05,1,91
150,2.1457672119140625e-05,1,91
151,2.1457672119140625e-05,1,91
152,2.1457672119140625e-05,1,91
153,2.1457672119140625e-05,1,91
154,2.1457672119140625e-05,1,91
155,2.1457672119140625e-05,1,91
156,2.1457672119140625e-05,1,91
157,2.1457672119140625e-05,1,91
158,2.1457672119140625e-05,1,91
159,2.1457672119140625e-05,1,91
160,2.1457672119140625e-05,1,91
161,2.1457672119140625e-05,1,91
162,2.1457672119140625e-05,1,91
163,2.1457672119140625e-05,1,91
164,2.1457672119140625e-05,1,91
165,2.1457672119140625e-05,1,91
166,2.1457672119140625e-05,1,91
167,2.1457672119140625e-05,1,91
168,2.1457672119140625e-05,1,91
169,2.1457672119140625e-05,1,91
170,2.1457672119140625e-05,1,91
171,2.1457672119140625e-05,1,91
172,2.1457672119140625e-05,1,91
173,2.1457672119140625e-05,1,91
174,2.1457672119140625e-05,1,91
175,2.1457672119140625e-05,1,91
176,2.1457672119140625e-05,1,91
177,2.1457672119140625e-05,1,91
178,2.1457672119140625e-05,1,91
179,2.1457672119140625e-05,1,91
180,2.1457672119140625e-05,1,91
181,2.1457672119140625e-05,1,91
182,2.1457672119140625e-05,1,91
183,2.1457672119140625e-05,1,91
184,2.1457672119140625e-05,1,91
185,2.1457672119140625e-05,1,91
186,2.1457672119140625e-05,1,91
187,2.1457672119140625e-05,1,91
188,2.1457672119140625e-05,1,91
189,2.1457672119140625e-05,1,91
190,2.1457672119140625e-05,1,91
191,2.1457672119140625e-05,1,91
192,2.1457672119140625e-05,1,91
193,2.1457672119140625e-05,1,91
194,2.1457672119140625e-05,1,91
195,2.1457672119140625e-05,1,91
196,2.1457672119140625e-05,1,91
197,2.1457672119140625e-05,1,91
198,2.1457672119140625e-05,1,91
199,2.1457672119140625e-05,1,91
200,2.1457672119140625e-05,1,91
1,0.8573112785816193,7,92
2,0.8573112785816193,7,92
3,0.8573112785816193,7,92
4,0.8573112785816193,7,92
5,0.8252531290054321,2,92
6,0.9298881441354752,8,92
7,0.9101776853203773,6,92
8,0.9101776853203773,6,92
9,0.9101776853203773,6,92
10,0.8605825453996658,2,92
11,0.895019881427288,4,92
12,0.895019881427288,4,92
13,0.9376492984592915,5,92
14,0.9376492984592915,5,92
15,0.9614317007362843,6,92
16,0.9614317007362843,6,92
17,0.9876505108550191,7,92
18,0.9876505108550191,7,92
19,0.9286832958459854,3,92
20,0.9286832958459854,3,92
21,0.9286832958459854,3,92
22,0.9572778046131134,3,92
23,0.9572778046131134,3,92
24,0.9572778046131134,3,92
25,0.9572778046131134,3,92
26,0.9572778046131134,3,92
27,0.9572778046131134,3,92
28,0.9572778046131134,3,92
29,0.9572778046131134,3,92
30,0.9572778046131134,3,92
31,0.9572778046131134,3,92
32,0.9572778046131134,3,92
33,0.9572778046131134,3,92
34,0.9572778046131134,3,92
35,0.9572778046131134,3,92
36,0.9572778046131134,3,92
37,0.9572778046131134,3,92
38,0.9572778046131134,3,92
39,0.9572778046131134,3,92
40,0.9572778046131134,3,92
41,0.9572778046131134,3,92
42,0.9572778046131134,3,92
43,0.9572778046131134,3,92
44,0.9572778046131134,3,92
45,0.9572778046131134,3,92
46,0.9572778046131134,3,92
47,0.9572778046131134,3,92
48,0.9572778046131134,3,92
49,0.9572778046131134,3,92
50,0.9572778046131134,3,92
51,0.9572778046131134,3,92
52,0.9572778046131134,3,92
53,0.9572778046131134,3,92
54,0.9572778046131134,3,92
55,0.9572778046131134,3,92
56,0.9572778046131134,3,92
57,0.9572778046131134,3,92
58,0.9572778046131134,3,92
59,0.9572778046131134,3,92
60,0.9572778046131134,3,92
61,0.9572778046131134,3,92
62,0.9572778046131134,3,92
63,0.9572778046131134,3,92
64,0.9572778046131134,3,92
65,0.9572778046131134,3,92
66,0.9572778046131134,3,92
67,0.9572778046131134,3,92
68,0.9572778046131134,3,92
69,0.9572778046131134,3,92
70,0.9572778046131134,3,92
71,0.9572778046131134,3,92
72,0.9572778046131134,3,92
73,0.9572778046131134,3,92
74,0.9572778046131134,3,92
75,0.9572778046131134,3,92
76,0.9572778046131134,3,92
77,0.9572778046131134,3,92
78,0.9572778046131134,3,92
79,0.9572778046131134,3,92
80,0.9572778046131134,3,92
81,0.9572778046131134,3,92
82,0.9572778046131134,3,92
83,0.9572778046131134,3,92
84,0.9572778046131134,3,92
85,0.9572778046131134,3,92
86,0.9572778046131134,3,92
87,0.9572778046131134,3,92
88,0.9572778046131134,3,92
89,0.9572778046131134,3,92
90,0.9572778046131134,3,92
91,0.9572778046131134,3,92
92,0.9572778046131134,3,92
93,0.9572778046131134,3,92
94,0.9572778046131134,3,92
95,0.9572778046131134,3,92
96,0.9572778046131134,3,92
97,0.9572778046131134,3,92
98,0.9572778046131134,3,92
99,0.9572778046131134,3,92
100,0.9572778046131134,3,92
101,0.9572778046131134,3,92
102,0.9572778046131134,3,92
103,0.9572778046131134,3,92
104,0.9572778046131134,3,92
105,0.9572778046131134,3,92
106,0.9572778046131134,3,92
107,0.9572778046131134,3,92
108,0.9572778046131134,3,92
109,0.9572778046131134,3,92
110,0.9909705175086856,5,92
111,0.9909705175086856,5,92
112,0.9909705175086856,5,92
113,0.9909705175086856,5,92
114,0.9909705175086856,5,92
115,0.9909705175086856,5,92
116,0.9909705175086856,5,92
117,0.9909705175086856,5,92
118,0.9909705175086856,5,92
119,0.9909705175086856,5,92
120,0.9909705175086856,5,92
121,0.9909705175086856,5,92
122,0.9909705175086856,5,92
123,0.9925854033790529,5,92
124,0.9925854033790529,5,92
125,0.9925854033790529,5,92
126,0.9925854033790529,5,92
127,0.962829627096653,3,92
128,0.962829627096653,3,92
129,0.962829627096653,3,92
130,0.962829627096653,3,92
131,0.962829627096653,3,92
132,0.962829627096653,3,92
133,0.962829627096653,3,92
134,0.962829627096653,3,92
135,0.962829627096653,3,92
136,0.962829627096653,3,92
137,0.962829627096653,3,92
138,0.962829627096653,3,92
139,0.962829627096653,3,92
140,0.962829627096653,3,92
141,0.962829627096653,3,92
142,0.962829627096653,3,92
143,0.962829627096653,3,92
144,0.962829627096653,3,92
145,0.962829627096653,3,92
146,0.962829627096653,3,92
147,0.962829627096653,3,92
148,0.962829627096653,3,92
149,0.9628847315907478,3,92
150,0.9628847315907478,3,92
151,0.9628847315907478,3,92
152,0.9628847315907478,3,92
153,0.9628847315907478,3,92
154,0.9628847315907478,3,92
155,0.9628847315907478,3,92
156,0.9628847315907478,3,92
157,0.9628847315907478,3,92
158,0.9628847315907478,3,92
159,0.9628847315907478,3,92
160,0.9628847315907478,3,92
161,0.98155502602458,4,92
162,0.98155502602458,4,92
163,0.9823599830269814,4,92
164,0.9823599830269814,4,92
165,0.9823599830269814,4,92
166,0.9823599830269814,4,92
167,0.9823599830269814,4,92
168,0.9823599830269814,4,92
169,0.9664847292006016,3,92
170,0.9664847292006016,3,92
171,0.9664847292006016,3,92
172,0.9664847292006016,3,92
173,0.9874105453491211,4,92
174,0.9874105453491211,4,92
175,0.9874105453491211,4,92
176,0.9874105453491211,4,92
177,0.9874105453491211,4,92
178,0.9874105453491211,4,92
179,0.9874105453491211,4,92
180,0.9874105453491211,4,92
181,0.9874105453491211,4,92
182,0.9712063856422901,3,92
183,0.988183131441474,4,92
184,0.988183131441474,4,92
185,0.988183131441474,4,92
186,0.988183131441474,4,92
187,0.988183131441474,4,92
188,0.988183131441474,4,92
189,0.988183131441474,4,92
190,0.988183131441474,4,92
191,0.988183131441474,4,92
192,0.988183131441474,4,92
193,0.988183131441474,4,92
194,0.9718593116849661,3,92
195,0.9718593116849661,3,92
196,0.9718593116849661,3,92
197,0.9718593116849661,3,92
198,0.9718593116849661,3,92
199,0.9888133006170392,4,92
200,0.9888133006170392,4,92
1,0.00027805566787719727,1,93
2,0.00027805566787719727,1,93
3,0.00027805566787719727,1,93
4,0.00027805566787719727,1,93
5,0.00033664703369140625,1,93
6,0.0003879666328430176,1,93
7,0.0003879666328430176,1,93
8,0.0003879666328430176,1,93
9,0.0003879666328430176,1,93
10,0.0004367232322692871,1,93
11,0.0004367232322692871,1,93
12,0.0004367232322692871,1,93
13,0.0004367232322692871,1,93
14,0.00045931339263916016,1,93
15,0.0005578398704528809,1,93
16,0.0005578398704528809,1,93
17,0.0005578398704528809,1,93
18,0.0005578398704528809,1,93
19,0.0005578398704528809,1,93
20,0.0005578398704528809,1,93
21,0.0005578398704528809,1,93
22,0.0005578398704528809,1,93
23,0.0005578398704528809,1,93
24,0.0005578398704528809,1,93
25,0.0005578398704528809,1,93
26,0.0005578398704528809,1,93
27,0.0005578398704528809,1,93
28,0.0005578398704528809,1,93
29,0.0005578398704528809,1,93
30,0.0005578398704528809,1,93
31,0.0005578398704528809,1,93
32,0.0005578398704528809,1,93
33,0.0005578398704528809,1,93
34,0.0005578398704528809,1,93
35,0.0005578398704528809,1,93
36,0.0005578398704528809,1,93
37,0.0005578398704528809,1,93
38,0.0005578398704528809,1,93
39,0.0005578398704528809,1,93
40,0.0005578398704528809,1,93
41,0.0005578398704528809,1,93
42,0.0005578398704528809,1,93
43,0.0005578398704528809,1,93
44,0.0005578398704528809,1,93
45,0.0005578398704528809,1,93
46,0.0005578398704528809,1,93
47,0.0005578398704528809,1,93
48,0.0005578398704528809,1,93
49,0.0005578398704528809,1,93
50,0.0005578398704528809,1,93
51,0.0005578398704528809,1,93
52,0.0005578398704528809,1,93
53,0.0005578398704528809,1,93
54,0.0005578398704528809,1,93
55,0.0005578398704528809,1,93
56,0.0005578398704528809,1,93
57,0.0005578398704528809,1,93
58,0.0005578398704528809,1,93
59,0.0005578398704528809,1,93
60,0.0005578398704528809,1,93
61,0.0005578398704528809,1,93
62,0.0005578398704528809,1,93
63,0.0005578398704528809,1,93
64,0.0005578398704528809,1,93
65,0.0005578398704528809,1,93
66,0.0005578398704528809,1,93
67,0.0005578398704528809,1,93
68,0.0005578398704528809,1,93
69,0.0005578398704528809,1,93
70,0.0005578398704528809,1,93
71,0.0005578398704528809,1,93
72,0.0005578398704528809,1,93
73,0.0005578398704528809,1,93
74,0.0005578398704528809,1,93
75,0.0005578398704528809,1,93
76,0.0005578398704528809,1,93
77,0.0005578398704528809,1,93
78,0.0005578398704528809,1,93
79,0.0005578398704528809,1,93
80,0.0005578398704528809,1,93
81,0.0005578398704528809,1,93
82,0.0005578398704528809,1,93
83,0.0005578398704528809,1,93
84,0.0005578398704528809,1,93
85,0.0005578398704528809,1,93
86,0.0005578398704528809,1,93
87,0.0005578398704528809,1,93
88,0.0005578398704528809,1,93
89,0.0005578398704528809,1,93
90,0.0005578398704528809,1,93
91,0.0005578398704528809,1,93
92,0.0005578398704528809,1,93
93,0.0005578398704528809,1,93
94,0.0005578398704528809,1,93
95,0.0005578398704528809,1,93
96,0.0005578398704528809,1,93
97,0.0005578398704528809,1,93
98,0.0005578398704528809,1,93
99,0.0005578398704528809,1,93
100,0.0005578398704528809,1,93
101,0.0005578398704528809,1,93
102,0.0005578398704528809,1,93
103,0.0005578398704528809,1,93
104,0.0005578398704528809,1,93
105,0.0005578398704528809,1,93
106,0.0005578398704528809,1,93
107,0.0005578398704528809,1,93
108,0.0005578398704528809,1,93
109,0.0005578398704528809,1,93
110,0.0005578398704528809,1,93
111,0.0005578398704528809,1,93
112,0.0005578398704528809,1,93
113,0.0005578398704528809,1,93
114,0.0005578398704528809,1,93
115,0.0005578398704528809,1,93
116,0.0005578398704528809,1,93
117,0.0005578398704528809,1,93
118,0.0005578398704528809,1,93
119,0.0005578398704528809,1,93
120,0.0005578398704528809,1,93
121,0.0005578398704528809,1,93
122,0.0005578398704528809,1,93
123,0.0005578398704528809,1,93
124,0.0005578398704528809,1,93
125,0.0005578398704528809,1,93
126,0.0005578398704528809,1,93
127,0.0005578398704528809,1,93
128,0.0005578398704528809,1,93
129,0.0005578398704528809,1,93
130,0.0005578398704528809,1,93
131,0.0005578398704528809,1,93
132,0.0005578398704528809,1,93
133,0.0005578398704528809,1,93
134,0.0005578398704528809,1,93
135,0.0005578398704528809,1,93
136,0.0005578398704528809,1,93
137,0.0005578398704528809,1,93
138,0.0005578398704528809,1,93
139,0.0005578398704528809,1,93
140,0.0005578398704528809,1,93
141,0.0005578398704528809,1,93
142,0.0005578398704528809,1,93
143,0.0005578398704528809,1,93
144,0.0005578398704528809,1,93
145,0.0005578398704528809,1,93
146,0.0005578398704528809,1,93
147,0.0005578398704528809,1,93
148,0.0005578398704528809,1,93
149,0.0005578398704528809,1,93
150,0.0005578398704528809,1,93
151,0.0005578398704528809,1,93
152,0.0005578398704528809,1,93
153,0.0005578398704528809,1,93
154,0.0005578398704528809,1,93
155,0.0005578398704528809,1,93
156,0.0005578398704528809,1,93
157,0.0005578398704528809,1,93
158,0.0005578398704528809,1,93
159,0.0005578398704528809,1,93
160,0.0005578398704528809,1,93
161,0.0005578398704528809,1,93
162,0.0005578398704528809,1,93
163,0.0005578398704528809,1,93
164,0.0005578398704528809,1,93
165,0.0005578398704528809,1,93
166,0.0005578398704528809,1,93
167,0.0005578398704528809,1,93
168,0.0005578398704528809,1,93
169,0.0005578398704528809,1,93
170,0.0005578398704528809,1,93
171,0.0005578398704528809,1,93
172,0.0005578398704528809,1,93
173,0.0005578398704528809,1,93
174,0.0005578398704528809,1,93
175,0.0005578398704528809,1,93
176,0.0005578398704528809,1,93
177,0.0005578398704528809,1,93
178,0.0005578398704528809,1,93
179,0.0005578398704528809,1,93
180,0.0005578398704528809,1,93
181,0.0005578398704528809,1,93
182,0.0005578398704528809,1,93
183,0.0005578398704528809,1,93
184,0.0005578398704528809,1,93
185,0.0005578398704528809,1,93
186,0.0005578398704528809,1,93
187,0.0005578398704528809,1,93
188,0.0005578398704528809,1,93
189,0.0005578398704528809,1,93
190,0.0005578398704528809,1,93
191,0.0005578398704528809,1,93
192,0.0005578398704528809,1,93
193,0.0005578398704528809,1,93
194,0.0005578398704528809,1,93
195,0.0005578398704528809,1,93
196,0.0005578398704528809,1,93
197,0.0005578398704528809,1,93
198,0.0005578398704528809,1,93
199,0.0005578398704528809,1,93
200,0.0005578398704528809,1,93
1,0.007060885429382324,1,94
2,0.007060885429382324,1,94
3,0.007060885429382324,1,94
4,0.007060885429382324,1,94
5,0.007060885429382324,1,94
6,0.007060885429382324,1,94
7,0.007477700710296631,1,94
8,0.007477700710296631,1,94
9,0.0078810453414917,1,94
10,0.008550703525543213,1,94
11,0.009228944778442383,1,94
12,0.009342670440673828,1,94
13,0.014348268508911133,1,94
14,0.014348268508911133,1,94
15,0.014348268508911133,1,94
16,0.014348268508911133,1,94
17,0.014348268508911133,1,94
18,0.014348268508911133,1,94
19,0.014348268508911133,1,94
20,0.014609336853027344,1,94
21,0.019484281539916992,1,94
22,0.019484281539916992,1,94
23,0.019484281539916992,1,94
24,0.019484281539916992,1,94
25,0.019484281539916992,1,94
26,0.019484281539916992,1,94
27,0.019484281539916992,1,94
28,0.019484281539916992,1,94
29,0.019484281539916992,1,94
30,0.019484281539916992,1,94
31,0.019484281539916992,1,94
32,0.019484281539916992,1,94
33,0.019484281539916992,1,94
34,0.019484281539916992,1,94
35,0.019484281539916992,1,94
36,0.019484281539916992,1,94
37,0.01961827278137207,1,94
38,0.01961827278137207,1,94
39,0.01961827278137207,1,94
40,0.01961827278137207,1,94
41,0.01961827278137207,1,94
42,0.01961827278137207,1,94
43,0.01961827278137207,1,94
44,0.01961827278137207,1,94
45,0.01961827278137207,1,94
46,0.01961827278137207,1,94
47,0.01961827278137207,1,94
48,0.01961827278137207,1,94
49,0.01961827278137207,1,94
50,0.01961827278137207,1,94
51,0.05005425214767456,2,94
52,0.05005425214767456,2,94
53,0.05005425214767456,2,94
54,0.05005425214767456,2,94
55,0.06048637628555298,2,94
56,0.06048637628555298,2,94
57,0.06048637628555298,2,94
58,0.06048637628555298,2,94
59,0.06048637628555298,2,94
60,0.06406331062316895,2,94
61,0.06406331062316895,2,94
62,0.06406331062316895,2,94
63,0.06406331062316895,2,94
64,0.06406331062316895,2,94
65,0.18736296892166138,3,94
66,0.18736296892166138,3,94
67,0.18736296892166138,3,94
68,0.18736296892166138,3,94
69,0.18736296892166138,3,94
70,0.18736296892166138,3,94
71,0.18736296892166138,3,94
72,0.18736296892166138,3,94
73,0.18736296892166138,3,94
74,0.21574455499649048,3,94
75,0.26571398973464966,3,94
76,0.26571398973464966,3,94
77,0.2880810499191284,4,94
78,0.2880810499191284,4,94
79,0.33198094367980957,4,94
80,0.33198094367980957,4,94
81,0.33198094367980957,4,94
82,0.33198094367980957,4,94
83,0.33198094367980957,4,94
84,0.3561599850654602,5,94
85,0.3561599850654602,5,94
86,0.3561599850654602,5,94
87,0.3561599850654602,5,94
88,0.419438898563385,5,94
89,0.419438898563385,5,94
90,0.419438898563385,5,94
91,0.419438898563385,5,94
92,0.42426830530166626,5,94
93,0.42426830530166626,5,94
94,0.42426830530166626,5,94
95,0.454149067401886,6,94
96,0.4960882067680359,6,94
97,0.5166715681552887,6,94
98,0.5166715681552887,6,94
99,0.5166715681552887,6,94
100,0.5166715681552887,6,94
101,0.5263757109642029,6,94
102,0.5263757109642029,6,94
103,0.5346971750259399,6,94
104,0.5346971750259399,6,94
105,0.5346971750259399,6,94
106,0.5346971750259399,6,94
107,0.5346971750259399,6,94
108,0.5346971750259399,6,94
109,0.5346971750259399,6,94
110,0.5346971750259399,6,94
111,0.5346971750259399,6,94
112,0.5821592509746552,6,94
113,0.5821592509746552,6,94
114,0.5821592509746552,6,94
115,0.5821592509746552,6,94
116,0.5821592509746552,6,94
117,0.5821592509746552,6,94
118,0.5821592509746552,6,94
119,0.5821592509746552,6,94
120,0.5821592509746552,6,94
121,0.5821592509746552,6,94
122,0.6614142060279846,10,94
123,0.6614142060279846,10,94
124,0.6614142060279846,10,94
125,0.6491371691226959,7,94
126,0.673213928937912,8,94
127,0.673213928937912,8,94
128,0.673213928937912,8,94
129,0.673213928937912,8,94
130,0.673213928937912,8,94
131,0.673213928937912,8,94
132,0.673213928937912,8,94
133,0.673213928937912,8,94
134,0.673213928937912,8,94
135,0.6617030501365662,7,94
136,0.7010119259357452,8,94
137,0.7010119259357452,8,94
138,0.7242418825626373,9,94
139,0.7262988984584808,9,94
140,0.7262988984584808,9,94
141,0.7262988984584808,9,94
142,0.7262988984584808,9,94
143,0.7262988984584808,9,94
144,0.7262988984584808,9,94
145,0.7262988984584808,9,94
146,0.7262988984584808,9,94
147,0.7480320036411285,10,94
148,0.7480320036411285,10,94
149,0.7647720277309418,10,94
150,0.7647720277309418,10,94
151,0.7647720277309418,10,94
152,0.7674077898263931,10,94
153,0.7674077898263931,10,94
154,0.7674077898263931,10,94
155,0.7674077898263931,10,94
156,0.7674077898263931,10,94
157,0.7674077898263931,10,94
158,0.7674077898263931,10,94
159,0.78444904088974,11,94
160,0.78444904088974,11,94
161,0.78444904088974,11,94
162,0.7943855077028275,11,94
163,0.7943855077028275,11,94
164,0.829274520277977,12,94
165,0.829274520277977,12,94
166,0.829274520277977,12,94
167,0.829274520277977,12,94
168,0.829274520277977,12,94
169,0.829274520277977,12,94
170,0.829274520277977,12,94
171,0.829274520277977,12,94
172,0.829274520277977,12,94
173,0.8693813681602478,12,94
174,0.8693813681602478,12,94
175,0.8693813681602478,12,94
176,0.8693813681602478,12,94
177,0.8693813681602478,12,94
178,0.8693813681602478,12,94
179,0.8693813681602478,12,94
180,0.8693813681602478,12,94
181,0.8693813681602478,12,94
182,0.8693813681602478,12,94
183,0.8693813681602478,12,94
184,0.8693813681602478,12,94
185,0.8693813681602478,12,94
186,0.8693813681602478,12,94
187,0.8693813681602478,12,94
188,0.8693813681602478,12,94
189,0.8693813681602478,12,94
190,0.8693813681602478,12,94
191,0.8693813681602478,12,94
192,0.8693813681602478,12,94
193,0.8693813681602478,12,94
194,0.8693813681602478,12,94
195,0.8693813681602478,12,94
196,0.8693813681602478,12,94
197,0.8693813681602478,12,94
198,0.8693813681602478,12,94
199,0.8693813681602478,12,94
200,0.8693813681602478,12,94
1,0.0009645223617553711,1,95
2,0.0009725093841552734,1,95
3,0.0009979605674743652,1,95
4,0.0010318756103515625,1,95
5,0.0012878179550170898,1,95
6,0.0012878179550170898,1,95
7,0.00154876708984375,1,95
8,0.00154876708984375,1,95
9,0.0015815496444702148,1,95
10,0.0015815496444702148,1,95
11,0.0015815496444702148,1,95
12,0.002713799476623535,1,95
13,0.002713799476623535,1,95
14,0.002713799476623535,1,95
15,0.002713799476623535,1,95
16,0.002713799476623535,1,95
17,0.002713799476623535,1,95
18,0.002713799476623535,1,95
19,0.002713799476623535,1,95
20,0.002713799476623535,1,95
21,0.002713799476623535,1,95
22,0.002713799476623535,1,95
23,0.002713799476623535,1,95
24,0.002713799476623535,1,95
25,0.002713799476623535,1,95
26,0.002713799476623535,1,95
27,0.002713799476623535,1,95
28,0.002713799476623535,1,95
29,0.002713799476623535,1,95
30,0.002713799476623535,1,95
31,0.002713799476623535,1,95
32,0.002713799476623535,1,95
33,0.002713799476623535,1,95
34,0.002713799476623535,1,95
35,0.002713799476623535,1,95
36,0.002713799476623535,1,95
37,0.002713799476623535,1,95
38,0.002713799476623535,1,95
39,0.002713799476623535,1,95
40,0.002713799476623535,1,95
41,0.002713799476623535,1,95
42,0.002713799476623535,1,95
43,0.002713799476623535,1,95
44,0.002713799476623535,1,95
45,0.002713799476623535,1,95
46,0.002713799476623535,1,95
47,0.002713799476623535,1,95
48,0.002713799476623535,1,95
49,0.002713799476623535,1,95
50,0.002713799476623535,1,95
51,0.002713799476623535,1,95
52,0.002713799476623535,1,95
53,0.002713799476623535,1,95
54,0.002713799476623535,1,95
55,0.002713799476623535,1,95
56,0.002713799476623535,1,95
57,0.002713799476623535,1,95
58,0.002713799476623535,1,95
59,0.002713799476623535,1,95
60,0.002713799476623535,1,95
61,0.002713799476623535,1,95
62,0.002713799476623535,1,95
63,0.002713799476623535,1,95
64,0.002713799476623535,1,95
65,0.002713799476623535,1,95
66,0.002713799476623535,1,95
67,0.002713799476623535,1,95
68,0.002713799476623535,1,95
69,0.002713799476623535,1,95
70,0.002713799476623535,1,95
71,0.002713799476623535,1,95
72,0.002713799476623535,1,95
73,0.002713799476623535,1,95
74,0.002713799476623535,1,95
75,0.002713799476623535,1,95
76,0.002713799476623535,1,95
77,0.002713799476623535,1,95
78,0.002713799476623535,1,95
79,0.002713799476623535,1,95
80,0.002713799476623535,1,95
81,0.002713799476623535,1,95
82,0.002713799476623535,1,95
83,0.002713799476623535,1,95
84,0.002713799476623535,1,95
85,0.002713799476623535,1,95
86,0.002713799476623535,1,95
87,0.002713799476623535,1,95
88,0.002713799476623535,1,95
89,0.002713799476623535,1,95
90,0.002713799476623535,1,95
91,0.002713799476623535,1,95
92,0.002713799476623535,1,95
93,0.002713799476623535,1,95
94,0.002713799476623535,1,95
95,0.002713799476623535,1,95
96,0.002713799476623535,1,95
97,0.002713799476623535,1,95
98,0.002713799476623535,1,95
99,0.002713799476623535,1,95
100,0.002713799476623535,1,95
101,0.002713799476623535,1,95
102,0.002713799476623535,1,95
103,0.002713799476623535,1,95
104,0.002713799476623535,1,95
105,0.002713799476623535,1,95
106,0.002713799476623535,1,95
107,0.002713799476623535,1,95
108,0.002713799476623535,1,95
109,0.002713799476623535,1,95
110,0.002713799476623535,1,95
111,0.002713799476623535,1,95
112,0.002713799476623535,1,95
113,0.002713799476623535,1,95
114,0.002713799476623535,1,95
115,0.002713799476623535,1,95
116,0.002713799476623535,1,95
117,0.002713799476623535,1,95
118,0.002713799476623535,1,95
119,0.002713799476623535,1,95
120,0.002713799476623535,1,95
121,0.002713799476623535,1,95
122,0.002713799476623535,1,95
123,0.002713799476623535,1,95
124,0.002713799476623535,1,95
125,0.002713799476623535,1,95
126,0.002713799476623535,1,95
127,0.002713799476623535,1,95
128,0.002713799476623535,1,95
129,0.002713799476623535,1,95
130,0.002713799476623535,1,95
131,0.002713799476623535,1,95
132,0.002713799476623535,1,95
133,0.002713799476623535,1,95
134,0.002713799476623535,1,95
135,0.002713799476623535,1,95
136,0.002713799476623535,1,95
137,0.002713799476623535,1,95
138,0.002713799476623535,1,95
139,0.002713799476623535,1,95
140,0.002713799476623535,1,95
141,0.002713799476623535,1,95
142,0.002713799476623535,1,95
143,0.002713799476623535,1,95
144,0.002713799476623535,1,95
145,0.002713799476623535,1,95
146,0.002713799476623535,1,95
147,0.002713799476623535,1,95
148,0.002713799476623535,1,95
149,0.002713799476623535,1,95
150,0.002713799476623535,1,95
151,0.002713799476623535,1,95
152,0.002713799476623535,1,95
153,0.002713799476623535,1,95
154,0.002713799476623535,1,95
155,0.002713799476623535,1,95
156,0.002713799476623535,1,95
157,0.002713799476623535,1,95
158,0.002713799476623535,1,95
159,0.002713799476623535,1,95
160,0.002713799476623535,1,95
161,0.002713799476623535,1,95
162,0.002713799476623535,1,95
163,0.002713799476623535,1,95
164,0.002713799476623535,1,95
165,0.002713799476623535,1,95
166,0.002713799476623535,1,95
167,0.002713799476623535,1,95
168,0.002713799476623535,1,95
169,0.002713799476623535,1,95
170,0.002713799476623535,1,95
171,0.002713799476623535,1,95
172,0.002713799476623535,1,95
173,0.002713799476623535,1,95
174,0.002713799476623535,1,95
175,0.002713799476623535,1,95
176,0.002713799476623535,1,95
177,0.002713799476623535,1,95
178,0.002713799476623535,1,95
179,0.002713799476623535,1,95
180,0.002713799476623535,1,95
181,0.002713799476623535,1,95
182,0.002713799476623535,1,95
183,0.002713799476623535,1,95
184,0.002713799476623535,1,95
185,0.002713799476623535,1,95
186,0.002713799476623535,1,95
187,0.002713799476623535,1,95
188,0.002713799476623535,1,95
189,0.002713799476623535,1,95
190,0.002713799476623535,1,95
191,0.002713799476623535,1,95
192,0.002713799476623535,1,95
193,0.002713799476623535,1,95
194,0.002713799476623535,1,95
195,0.002713799476623535,1,95
196,0.002713799476623535,1,95
197,0.002713799476623535,1,95
198,0.002713799476623535,1,95
199,0.002713799476623535,1,95
200,0.002713799476623535,1,95
1,0.9999837788545847,1,96
2,0.9999843991063244,1,96
3,0.9999843991063244,1,96
4,0.9999847365252208,1,96
5,0.9999847365252208,1,96
6,0.9999852200999158,1,96
7,0.9999919104839137,1,96
8,0.9999919104839137,1,96
9,0.9999919104839137,1,96
10,0.9999924655890027,1,96
11,0.9999924655890027,1,96
12,0.9999924655890027,1,96
13,0.9999924655890027,1,96
14,0.9999924655890027,1,96
15,0.9999924655890027,1,96
16,0.9999935873011054,1,96
17,0.9999935873011054,1,96
18,0.9999935873011054,1,96
19,0.9999935873011054,1,96
20,0.9999935873011054,1,96
21,0.9999935873011054,1,96
22,0.9999935873011054,1,96
23,0.9999935873011054,1,96
24,0.9999935873011054,1,96
25,0.9999935873011054,1,96
26,0.9999935873011054,1,96
27,0.9999935873011054,1,96
28,0.9999935873011054,1,96
29,0.9999935873011054,1,96
30,0.9999935873011054,1,96
31,0.9999935873011054,1,96
32,0.9999935873011054,1,96
33,0.9999935873011054,1,96
34,0.9999935873011054,1,96
35,0.9999935873011054,1,96
36,0.9999935873011054,1,96
37,0.9999935873011054,1,96
38,0.9999935873011054,1,96
39,0.9999935873011054,1,96
40,0.9999935873011054,1,96
41,0.9999935873011054,1,96
42,0.9999935873011054,1,96
43,0.9999935873011054,1,96
44,0.9999935873011054,1,96
45,0.9999935873011054,1,96
46,0.9999935873011054,1,96
47,0.9999935873011054,1,96
48,0.9999935873011054,1,96
49,0.9999935873011054,1,96
50,0.9999935873011054,1,96
51,0.9999935873011054,1,96
52,0.9999935873011054,1,96
53,0.9999935873011054,1,96
54,0.9999935873011054,1,96
55,0.9999935873011054,1,96
56,0.9999935873011054,1,96
57,0.9999935873011054,1,96
58,0.9999935873011054,1,96
59,0.9999935873011054,1,96
60,0.9999935873011054,1,96
61,0.9999935873011054,1,96
62,0.9999935873011054,1,96
63,0.9999935873011054,1,96
64,0.9999935873011054,1,96
65,0.9999935873011054,1,96
66,0.9999935873011054,1,96
67,0.9999935873011054,1,96
68,0.9999935873011054,1,96
69,0.9999935873011054,1,96
70,0.9999935873011054,1,96
71,0.9999935873011054,1,96
72,0.9999935873011054,1,96
73,0.9999935873011054,1,96
74,0.9999935873011054,1,96
75,0.9999935873011054,1,96
76,0.9999935873011054,1,96
77,0.9999935873011054,1,96
78,0.9999935873011054,1,96
79,0.9999935873011054,1,96
80,0.9999935873011054,1,96
81,0.9999935873011054,1,96
82,0.9999935873011054,1,96
83,0.9999935873011054,1,96
84,0.9999935873011054,1,96
85,0.9999935873011054,1,96
86,0.9999935873011054,1,96
87,0.9999935873011054,1,96
88,0.9999935873011054,1,96
89,0.9999935873011054,1,96
90,0.9999935873011054,1,96
91,0.9999935873011054,1,96
92,0.9999935873011054,1,96
93,0.9999935873011054,1,96
94,0.9999935873011054,1,96
95,0.9999935873011054,1,96
96,0.9999935873011054,1,96
97,0.9999935873011054,1,96
98,0.9999935873011054,1,96
99,0.9999935873011054,1,96
100,0.9999935873011054,1,96
101,0.9999935873011054,1,96
102,0.9999935873011054,1,96
103,0.9999935873011054,1,96
104,0.9999935873011054,1,96
105,0.9999935873011054,1,96
106,0.9999935873011054,1,96
107,0.9999935873011054,1,96
108,0.9999935873011054,1,96
109,0.9999935873011054,1,96
110,0.9999935873011054,1,96
111,0.9999935873011054,1,96
112,0.9999935873011054,1,96
113,0.9999935873011054,1,96
114,0.9999935873011054,1,96
115,0.9999935873011054,1,96
116,0.9999935873011054,1,96
117,0.9999935873011054,1,96
118,0.9999935873011054,1,96
119,0.9999935873011054,1,96
120,0.9999935873011054,1,96
121,0.9999935873011054,1,96
122,0.9999935873011054,1,96
123,0.9999935873011054,1,96
124,0.9999935873011054,1,96
125,0.9999935873011054,1,96
126,0.9999935873011054,1,96
127,0.9999935873011054,1,96
128,0.9999935873011054,1,96
129,0.9999935873011054,1,96
130,0.9999935873011054,1,96
131,0.9999935873011054,1,96
132,0.9999935873011054,1,96
133,0.9999935873011054,1,96
134,0.9999935873011054,1,96
135,0.9999935873011054,1,96
136,0.9999935873011054,1,96
137,0.9999935873011054,1,96
138,0.9999935873011054,1,96
139,0.9999935873011054,1,96
140,0.9999935873011054,1,96
141,0.9999935873011054,1,96
142,0.9999935873011054,1,96
143,0.9999935873011054,1,96
144,0.9999935873011054,1,96
145,0.9999935873011054,1,96
146,0.9999935873011054,1,96
147,0.9999935873011054,1,96
148,0.9999935873011054,1,96
149,0.9999935873011054,1,96
150,0.9999935873011054,1,96
151,0.9999935873011054,1,96
152,0.9999935873011054,1,96
153,0.9999935873011054,1,96
154,0.9999935873011054,1,96
155,0.9999935873011054,1,96
156,0.9999935873011054,1,96
157,0.9999935873011054,1,96
158,0.9999935873011054,1,96
159,0.9999935873011054,1,96
160,0.9999935873011054,1,96
161,0.9999935873011054,1,96
162,0.9999935873011054,1,96
163,0.9999935873011054,1,96
164,0.9999935873011054,1,96
165,0.9999935873011054,1,96
166,0.9999935873011054,1,96
167,0.9999935873011054,1,96
168,0.9999935873011054,1,96
169,0.9999935873011054,1,96
170,0.9999935873011054,1,96
171,0.9999935873011054,1,96
172,0.9999935873011054,1,96
173,0.9999935873011054,1,96
174,0.9999935873011054,1,96
175,0.9999935873011054,1,96
176,0.9999935873011054,1,96
177,0.9999935873011054,1,96
178,0.9999935873011054,1,96
179,0.9999935873011054,1,96
180,0.9999935873011054,1,96
181,0.9999935873011054,1,96
182,0.9999935873011054,1,96
183,0.9999935873011054,1,96
184,0.9999935873011054,1,96
185,0.9999935873011054,1,96
186,0.9999935873011054,1,96
187,0.9999935873011054,1,96
188,0.9999935873011054,1,96
189,0.9999935873011054,1,96
190,0.9999935873011054,1,96
191,0.9999935873011054,1,96
192,0.9999935873011054,1,96
193,0.9999935873011054,1,96
194,0.9999935873011054,1,96
195,0.9999935873011054,1,96
196,0.9999935873011054,1,96
197,0.9999935873011054,1,96
198,0.9999935873011054,1,96
199,0.9999935873011054,1,96
200,0.9999935873011054,1,96
1,0.0064852237701416016,1,97
2,0.0064852237701416016,1,97
3,0.006646156311035156,1,97
4,0.007013976573944092,1,97
5,0.007013976573944092,1,97
6,0.007013976573944092,1,97
7,0.007013976573944092,1,97
8,0.007697582244873047,1,97
9,0.007697582244873047,1,97
10,0.007697582244873047,1,97
11,0.007933497428894043,1,97
12,0.009646177291870117,1,97
13,0.009646177291870117,1,97
14,0.009646177291870117,1,97
15,0.009646177291870117,1,97
16,0.009646177291870117,1,97
17,0.009646177291870117,1,97
18,0.009646177291870117,1,97
19,0.009646177291870117,1,97
20,0.009646177291870117,1,97
21,0.009646177291870117,1,97
22,0.009646177291870117,1,97
23,0.009646177291870117,1,97
24,0.009646177291870117,1,97
25,0.009646177291870117,1,97
26,0.009646177291870117,1,97
27,0.009646177291870117,1,97
28,0.009646177291870117,1,97
29,0.009646177291870117,1,97
30,0.009646177291870117,1,97
31,0.009646177291870117,1,97
32,0.009646177291870117,1,97
33,0.009646177291870117,1,97
34,0.009646177291870117,1,97
35,0.009646177291870117,1,97
36,0.009646177291870117,1,97
37,0.009646177291870117,1,97
38,0.009646177291870117,1,97
39,0.009646177291870117,1,97
40,0.009646177291870117,1,97
41,0.009646177291870117,1,97
42,0.009646177291870117,1,97
43,0.009646177291870117,1,97
44,0.009646177291870117,1,97
45,0.009646177291870117,1,97
46,0.009646177291870117,1,97
47,0.009646177291870117,1,97
48,0.009646177291870117,1,97
49,0.009646177291870117,1,97
50,0.009646177291870117,1,97
51,0.009646177291870117,1,97
52,0.009646177291870117,1,97
53,0.009646177291870117,1,97
54,0.009646177291870117,1,97
55,0.009646177291870117,1,97
56,0.009646177291870117,1,97
57,0.009646177291870117,1,97
58,0.009646177291870117,1,97
59,0.009646177291870117,1,97
60,0.009646177291870117,1,97
61,0.009646177291870117,1,97
62,0.009646177291870117,1,97
63,0.009646177291870117,1,97
64,0.009646177291870117,1,97
65,0.009646177291870117,1,97
66,0.009646177291870117,1,97
67,0.009646177291870117,1,97
68,0.009646177291870117,1,97
69,0.009646177291870117,1,97
70,0.009646177291870117,1,97
71,0.009646177291870117,1,97
72,0.009646177291870117,1,97
73,0.009646177291870117,1,97
74,0.009646177291870117,1,97
75,0.009646177291870117,1,97
76,0.009646177291870117,1,97
77,0.009646177291870117,1,97
78,0.009646177291870117,1,97
79,0.009646177291870117,1,97
80,0.009646177291870117,1,97
81,0.009646177291870117,1,97
82,0.009646177291870117,1,97
83,0.009646177291870117,1,97
84,0.009646177291870117,1,97
85,0.009646177291870117,1,97
86,0.009646177291870117,1,97
87,0.009646177291870117,1,97
88,0.009646177291870117,1,97
89,0.009646177291870117,1,97
90,0.009646177291870117,1,97
91,0.009646177291870117,1,97
92,0.009646177291870117,1,97
93,0.009646177291870117,1,97
94,0.009646177291870117,1,97
95,0.009646177291870117,1,97
96,0.009646177291870117,1,97
97,0.009646177291870117,1,97
98,0.009646177291870117,1,97
99,0.009646177291870117,1,97
100,0.009646177291870117,1,97
101,0.009646177291870117,1,97
102,0.009646177291870117,1,97
103,0.009646177291870117,1,97
104,0.009646177291870117,1,97
105,0.009646177291870117,1,97
106,0.009646177291870117,1,97
107,0.009646177291870117,1,97
108,0.009646177291870117,1,97
109,0.009646177291870117,1,97
110,0.009646177291870117,1,97
111,0.009646177291870117,1,97
112,0.009646177291870117,1,97
113,0.009646177291870117,1,97
114,0.009646177291870117,1,97
115,0.009646177291870117,1,97
116,0.009646177291870117,1,97
117,0.009646177291870117,1,97
118,0.009646177291870117,1,97
119,0.009646177291870117,1,97
120,0.009646177291870117,1,97
121,0.009646177291870117,1,97
122,0.009646177291870117,1,97
123,0.009646177291870117,1,97
124,0.009646177291870117,1,97
125,0.009646177291870117,1,97
126,0.009646177291870117,1,97
127,0.009646177291870117,1,97
128,0.009646177291870117,1,97
129,0.009646177291870117,1,97
130,0.009646177291870117,1,97
131,0.009646177291870117,1,97
132,0.009646177291870117,1,97
133,0.009646177291870117,1,97
134,0.009646177291870117,1,97
135,0.009646177291870117,1,97
136,0.009646177291870117,1,97
137,0.009646177291870117,1,97
138,0.009646177291870117,1,97
139,0.009646177291870117,1,97
140,0.009646177291870117,1,97
141,0.009646177291870117,1,97
142,0.009646177291870117,1,97
143,0.009646177291870117,1,97
144,0.009646177291870117,1,97
145,0.009646177291870117,1,97
146,0.009646177291870117,1,97
147,0.009646177291870117,1,97
148,0.009646177291870117,1,97
149,0.009646177291870117,1,97
150,0.009646177291870117,1,97
151,0.009646177291870117,1,97
152,0.009646177291870117,1,97
153,0.009646177291870117,1,97
154,0.009646177291870117,1,97
155,0.009646177291870117,1,97
156,0.009646177291870117,1,97
157,0.009646177291870117,1,97
158,0.009646177291870117,1,97
159,0.009646177291870117,1,97
160,0.009646177291870117,1,97
161,0.009646177291870117,1,97
162,0.009646177291870117,1,97
163,0.009646177291870117,1,97
164,0.009646177291870117,1,97
165,0.009646177291870117,1,97
166,0.009646177291870117,1,97
167,0.009646177291870117,1,97
168,0.009646177291870117,1,97
169,0.009646177291870117,1,97
170,0.009646177291870117,1,97
171,0.009646177291870117,1,97
172,0.009646177291870117,1,97
173,0.009646177291870117,1,97
174,0.009646177291870117,1,97
175,0.009646177291870117,1,97
176,0.009646177291870117,1,97
177,0.009646177291870117,1,97
178,0.009646177291870117,1,97
179,0.009646177291870117,1,97
180,0.009646177291870117,1,97
181,0.009646177291870117,1,97
182,0.009646177291870117,1,97
183,0.009646177291870117,1,97
184,0.009646177291870117,1,97
185,0.009646177291870117,1,97
186,0.009646177291870117,1,97
187,0.009646177291870117,1,97
188,0.009646177291870117,1,97
189,0.009646177291870117,1,97
190,0.009646177291870117,1,97
191,0.009646177291870117,1,97
192,0.009646177291870117,1,97
193,0.009646177291870117,1,97
194,0.009646177291870117,1,97
195,0.009646177291870117,1,97
196,0.009646177291870117,1,97
197,0.009646177291870117,1,97
198,0.009646177291870117,1,97
199,0.009646177291870117,1,97
200,0.009646177291870117,1,97
1,0.0001558065414428711,1,98
2,0.0001558065414428711,1,98
3,0.00015807151794433594,1,98
4,0.00015807151794433594,1,98
5,0.00015807151794433594,1,98
6,0.00016033649444580078,1,98
7,0.00016033649444580078,1,98
8,0.00016796588897705078,1,98
9,0.00016796588897705078,1,98
10,0.0002047419548034668,1,98
11,0.0002047419548034668,1,98
12,0.0002047419548034668,1,98
13,0.0002047419548034668,1,98
14,0.0002244114875793457,1,98
15,0.000264585018157959,1,98
16,0.000264585018157959,1,98
17,0.000264585018157959,1,98
18,0.000264585018157959,1,98
19,0.000264585018157959,1,98
20,0.0003675222396850586,1,98
21,0.0003675222396850586,1,98
22,0.0003675222396850586,1,98
23,0.0003675222396850586,1,98
24,0.0003675222396850586,1,98
25,0.0003675222396850586,1,98
26,0.0003675222396850586,1,98
27,0.0003675222396850586,1,98
28,0.0003675222396850586,1,98
29,0.0003675222396850586,1,98
30,0.0003675222396850586,1,98
31,0.0003675222396850586,1,98
32,0.0003675222396850586,1,98
33,0.0003675222396850586,1,98
34,0.0003675222396850586,1,98
35,0.0003675222396850586,1,98
36,0.0003675222396850586,1,98
37,0.0003675222396850586,1,98
38,0.0003675222396850586,1,98
39,0.0003675222396850586,1,98
40,0.0003675222396850586,1,98
41,0.0003675222396850586,1,98
42,0.0003675222396850586,1,98
43,0.0003675222396850586,1,98
44,0.0003675222396850586,1,98
45,0.0003675222396850586,1,98
46,0.0003675222396850586,1,98
47,0.0003675222396850586,1,98
48,0.0003675222396850586,1,98
49,0.0003675222396850586,1,98
50,0.0003675222396850586,1,98
51,0.0003675222396850586,1,98
52,0.0003675222396850586,1,98
53,0.0003675222396850586,1,98
54,0.0003675222396850586,1,98
55,0.0003675222396850586,1,98
56,0.0003675222396850586,1,98
57,0.0003675222396850586,1,98
58,0.0003675222396850586,1,98
59,0.0003675222396850586,1,98
60,0.0003675222396850586,1,98
61,0.0003675222396850586,1,98
62,0.0003675222396850586,1,98
63,0.0003675222396850586,1,98
64,0.0003675222396850586,1,98
65,0.0003675222396850586,1,98
66,0.0003675222396850586,1,98
67,0.0003675222396850586,1,98
68,0.0003675222396850586,1,98
69,0.0003675222396850586,1,98
70,0.0003675222396850586,1,98
71,0.0003675222396850586,1,98
72,0.0003675222396850586,1,98
73,0.0003675222396850586,1,98
74,0.0003675222396850586,1,98
75,0.0003675222396850586,1,98
76,0.0003675222396850586,1,98
77,0.0003675222396850586,1,98
78,0.0003675222396850586,1,98
79,0.0003675222396850586,1,98
80,0.0003675222396850586,1,98
81,0.0003675222396850586,1,98
82,0.0003675222396850586,1,98
83,0.0003675222396850586,1,98
84,0.0003675222396850586,1,98
85,0.0003675222396850586,1,98
86,0.0003675222396850586,1,98
87,0.0003675222396850586,1,98
88,0.0003675222396850586,1,98
89,0.0003675222396850586,1,98
90,0.0003675222396850586,1,98
91,0.0003675222396850586,1,98
92,0.0003675222396850586,1,98
93,0.0003675222396850586,1,98
94,0.0003675222396850586,1,98
95,0.0003675222396850586,1,98
96,0.0003675222396850586,1,98
97,0.0003675222396850586,1,98
98,0.0003675222396850586,1,98
99,0.0003675222396850586,1,98
100,0.0003675222396850586,1,98
101,0.0003675222396850586,1,98
102,0.0003675222396850586,1,98
103,0.0003675222396850586,1,98
104,0.0003675222396850586,1,98
105,0.0003675222396850586,1,98
106,0.0003675222396850586,1,98
107,0.0003675222396850586,1,98
108,0.0003675222396850586,1,98
109,0.0003675222396850586,1,98
110,0.0003675222396850586,1,98
111,0.0003675222396850586,1,98
112,0.0003675222396850586,1,98
113,0.0003675222396850586,1,98
114,0.0003675222396850586,1,98
115,0.0003675222396850586,1,98
116,0.0003675222396850586,1,98
117,0.0003675222396850586,1,98
118,0.0003675222396850586,1,98
119,0.0003675222396850586,1,98
120,0.0003675222396850586,1,98
121,0.0003675222396850586,1,98
122,0.0003675222396850586,1,98
123,0.0003675222396850586,1,98
124,0.0003675222396850586,1,98
125,0.0003675222396850586,1,98
126,0.0003675222396850586,1,98
127,0.0003675222396850586,1,98
128,0.0003675222396850586,1,98
129,0.0003675222396850586,1,98
130,0.0003675222396850586,1,98
131,0.0003675222396850586,1,98
132,0.0003675222396850586,1,98
133,0.0003675222396850586,1,98
134,0.0003675222396850586,1,98
135,0.0003675222396850586,1,98
136,0.0003675222396850586,1,98
137,0.0003675222396850586,1,98
138,0.0003675222396850586,1,98
139,0.0003675222396850586,1,98
140,0.0003675222396850586,1,98
141,0.0003675222396850586,1,98
142,0.0003675222396850586,1,98
143,0.0003675222396850586,1,98
144,0.0003675222396850586,1,98
145,0.0003675222396850586,1,98
146,0.0003675222396850586,1,98
147,0.0003675222396850586,1,98
148,0.0003675222396850586,1,98
149,0.0003675222396850586,1,98
150,0.0003675222396850586,1,98
151,0.0003675222396850586,1,98
152,0.0003675222396850586,1,98
153,0.0003675222396850586,1,98
154,0.0003675222396850586,1,98
155,0.0003675222396850586,1,98
156,0.0003675222396850586,1,98
157,0.0003675222396850586,1,98
158,0.0003675222396850586,1,98
159,0.0003675222396850586,1,98
160,0.0003675222396850586,1,98
161,0.0003675222396850586,1,98
162,0.0003675222396850586,1,98
163,0.0003675222396850586,1,98
164,0.0003675222396850586,1,98
165,0.0003675222396850586,1,98
166,0.0003675222396850586,1,98
167,0.0003675222396850586,1,98
168,0.0003675222396850586,1,98
169,0.0003675222396850586,1,98
170,0.0003675222396850586,1,98
171,0.0003675222396850586,1,98
172,0.0003675222396850586,1,98
173,0.0003675222396850586,1,98
174,0.0003675222396850586,1,98
175,0.0003675222396850586,1,98
176,0.0003675222396850586,1,98
177,0.0003675222396850586,1,98
178,0.0003675222396850586,1,98
179,0.0003675222396850586,1,98
180,0.0003675222396850586,1,98
181,0.0003675222396850586,1,98
182,0.0003675222396850586,1,98
183,0.0003675222396850586,1,98
184,0.0003675222396850586,1,98
185,0.0003675222396850586,1,98
186,0.0003675222396850586,1,98
187,0.0003675222396850586,1,98
188,0.0003675222396850586,1,98
189,0.0003675222396850586,1,98
190,0.0003675222396850586,1,98
191,0.0003675222396850586,1,98
192,0.0003675222396850586,1,98
193,0.0003675222396850586,1,98
194,0.0003675222396850586,1,98
195,0.0003675222396850586,1,98
196,0.0003675222396850586,1,98
197,0.0003675222396850586,1,98
198,0.0003675222396850586,1,98
199,0.0003675222396850586,1,98
200,0.0003675222396850586,1,98
1,0.002644181251525879,1,99
2,0.002644181251525879,1,99
3,0.002644181251525879,1,99
4,0.002728760242462158,1,99
5,0.00295335054397583,1,99
6,0.0029733777046203613,1,99
7,0.0057939887046813965,1,99
8,0.0057939887046813965,1,99
9,0.0057939887046813965,1,99
10,0.0057939887046813965,1,99
11,0.0057939887046813965,1,99
12,0.0057939887046813965,1,99
13,0.007279634475708008,1,99
14,0.007279634475708008,1,99
15,0.007279634475708008,1,99
16,0.007279634475708008,1,99
17,0.008177340030670166,1,99
18,0.008177340030670166,1,99
19,0.008177340030670166,1,99
20,0.008177340030670166,1,99
21,0.008177340030670166,1,99
22,0.008177340030670166,1,99
23,0.008177340030670166,1,99
24,0.008177340030670166,1,99
25,0.008177340030670166,1,99
26,0.008177340030670166,1,99
27,0.008177340030670166,1,99
28,0.008177340030670166,1,99
29,0.008177340030670166,1,99
30,0.008177340030670166,1,99
31,0.008177340030670166,1,99
32,0.008177340030670166,1,99
33,0.008788049221038818,1,99
34,0.008788049221038818,1,99
35,0.008887708187103271,1,99
36,0.008887708187103271,1,99
37,0.008887708187103271,1,99
38,0.008887708187103271,1,99
39,0.008887708187103271,1,99
40,0.008887708187103271,1,99
41,0.008887708187103271,1,99
42,0.008887708187103271,1,99
43,0.008887708187103271,1,99
44,0.008887708187103271,1,99
45,0.008887708187103271,1,99
46,0.008887708187103271,1,99
47,0.008887708187103271,1,99
48,0.008887708187103271,1,99
49,0.008887708187103271,1,99
50,0.008887708187103271,1,99
51,0.008887708187103271,1,99
52,0.008887708187103271,1,99
53,0.008887708187103271,1,99
54,0.008887708187103271,1,99
55,0.008887708187103271,1,99
56,0.008887708187103271,1,99
57,0.008887708187103271,1,99
58,0.008887708187103271,1,99
59,0.008887708187103271,1,99
60,0.008887708187103271,1,99
61,0.008887708187103271,1,99
62,0.008887708187103271,1,99
63,0.008887708187103271,1,99
64,0.008887708187103271,1,99
65,0.008887708187103271,1,99
66,0.008887708187103271,1,99
67,0.008887708187103271,1,99
68,0.008887708187103271,1,99
69,0.008887708187103271,1,99
70,0.008887708187103271,1,99
71,0.008887708187103271,1,99
72,0.008887708187103271,1,99
73,0.008887708187103271,1,99
74,0.008887708187103271,1,99
75,0.008887708187103271,1,99
76,0.008887708187103271,1,99
77,0.008887708187103271,1,99
78,0.008887708187103271,1,99
79,0.008887708187103271,1,99
80,0.008887708187103271,1,99
81,0.008887708187103271,1,99
82,0.008887708187103271,1,99
83,0.008887708187103271,1,99
84,0.008887708187103271,1,99
85,0.008887708187103271,1,99
86,0.008887708187103271,1,99
87,0.008887708187103271,1,99
88,0.008887708187103271,1,99
89,0.008887708187103271,1,99
90,0.008887708187103271,1,99
91,0.008887708187103271,1,99
92,0.008887708187103271,1,99
93,0.008887708187103271,1,99
94,0.008887708187103271,1,99
95,0.008887708187103271,1,99
96,0.008887708187103271,1,99
97,0.008887708187103271,1,99
98,0.008887708187103271,1,99
99,0.008887708187103271,1,99
100,0.008887708187103271,1,99
101,0.008887708187103271,1,99
102,0.008887708187103271,1,99
103,0.008887708187103271,1,99
104,0.008887708187103271,1,99
105,0.008887708187103271,1,99
106,0.008887708187103271,1,99
107,0.008887708187103271,1,99
108,0.008887708187103271,1,99
109,0.008887708187103271,1,99
110,0.008887708187103271,1,99
111,0.008887708187103271,1,99
112,0.008887708187103271,1,99
113,0.008887708187103271,1,99
114,0.008887708187103271,1,99
115,0.008887708187103271,1,99
116,0.008887708187103271,1,99
117,0.008887708187103271,1,99
118,0.008887708187103271,1,99
119,0.008887708187103271,1,99
120,0.008887708187103271,1,99
121,0.008887708187103271,1,99
122,0.008887708187103271,1,99
123,0.008887708187103271,1,99
124,0.008887708187103271,1,99
125,0.008887708187103271,1,99
126,0.008887708187103271,1,99
127,0.008887708187103271,1,99
128,0.008887708187103271,1,99
129,0.008887708187103271,1,99
130,0.008887708187103271,1,99
131,0.008887708187103271,1,99
132,0.008887708187103271,1,99
133,0.008887708187103271,1,99
134,0.008887708187103271,1,99
135,0.008887708187103271,1,99
136,0.008887708187103271,1,99
137,0.008887708187103271,1,99
138,0.008887708187103271,1,99
139,0.008887708187103271,1,99
140,0.008887708187103271,1,99
141,0.008887708187103271,1,99
142,0.008887708187103271,1,99
143,0.008887708187103271,1,99
144,0.008887708187103271,1,99
145,0.008887708187103271,1,99
146,0.008887708187103271,1,99
147,0.008887708187103271,1,99
148,0.008887708187103271,1,99
149,0.008887708187103271,1,99
150,0.008887708187103271,1,99
151,0.008887708187103271,1,99
152,0.008887708187103271,1,99
153,0.008887708187103271,1,99
154,0.008887708187103271,1,99
155,0.008887708187103271,1,99
156,0.008887708187103271,1,99
157,0.008887708187103271,1,99
158,0.008887708187103271,1,99
159,0.008887708187103271,1,99
160,0.008887708187103271,1,99
161,0.008887708187103271,1,99
162,0.008887708187103271,1,99
163,0.008887708187103271,1,99
164,0.008887708187103271,1,99
165,0.008887708187103271,1,99
166,0.008887708187103271,1,99
167,0.008887708187103271,1,99
168,0.008887708187103271,1,99
169,0.008887708187103271,1,99
170,0.008887708187103271,1,99
171,0.008887708187103271,1,99
172,0.008887708187103271,1,99
173,0.008887708187103271,1,99
174,0.008887708187103271,1,99
175,0.008887708187103271,1,99
176,0.008887708187103271,1,99
177,0.008887708187103271,1,99
178,0.008887708187103271,1,99
179,0.008887708187103271,1,99
180,0.008887708187103271,1,99
181,0.008887708187103271,1,99
182,0.008887708187103271,1,99
183,0.008887708187103271,1,99
184,0.008887708187103271,1,99
185,0.008887708187103271,1,99
186,0.008887708187103271,1,99
187,0.008887708187103271,1,99
188,0.008887708187103271,1,99
189,0.008887708187103271,1,99
190,0.008887708187103271,1,99
191,0.008887708187103271,1,99
192,0.008887708187103271,1,99
193,0.008887708187103271,1,99
194,0.008887708187103271,1,99
195,0.008887708187103271,1,99
196,0.008887708187103271,1,99
197,0.008887708187103271,1,99
198,0.008887708187103271,1,99
199,0.008887708187103271,1,99
200,0.008887708187103271,1,99
1,9.34600830078125e-05,1,100
2,0.00011289119720458984,1,100
3,0.00011670589447021484,1,100
4,0.00012254714965820312,1,100
5,0.00012254714965820312,1,100
6,0.00016927719116210938,1,100
7,0.00016927719116210938,1,100
8,0.00016927719116210938,1,100
9,0.00017780065536499023,1,100
10,0.00017780065536499023,1,100
11,0.00035119056701660156,1,100
12,0.00035119056701660156,1,100
13,0.0003975033760070801,1,100
14,0.0003975033760070801,1,100
15,0.0003975033760070801,1,100
16,0.0003975033760070801,1,100
17,0.0003975033760070801,1,100
18,0.0003975033760070801,1,100
19,0.0003975033760070801,1,100
20,0.0004127621650695801,1,100
21,0.0004127621650695801,1,100
22,0.0004127621650695801,1,100
23,0.0004127621650695801,1,100
24,0.0004127621650695801,1,100
25,0.0004127621650695801,1,100
26,0.0004127621650695801,1,100
27,0.0004127621650695801,1,100
28,0.0004127621650695801,1,100
29,0.0004127621650695801,1,100
30,0.0004127621650695801,1,100
31,0.0004127621650695801,1,100
32,0.0004127621650695801,1,100
33,0.0004127621650695801,1,100
34,0.0004127621650695801,1,100
35,0.0004127621650695801,1,100
36,0.0004127621650695801,1,100
37,0.0004127621650695801,1,100
38,0.0004127621650695801,1,100
39,0.0004127621650695801,1,100
40,0.0004127621650695801,1,100
41,0.0004127621650695801,1,100
42,0.0004127621650695801,1,100
43,0.0004127621650695801,1,100
44,0.0004127621650695801,1,100
45,0.0004127621650695801,1,100
46,0.0004127621650695801,1,100
47,0.0004127621650695801,1,100
48,0.0004127621650695801,1,100
49,0.0004127621650695801,1,100
50,0.0004127621650695801,1,100
51,0.0004127621650695801,1,100
52,0.0004127621650695801,1,100
53,0.0004127621650695801,1,100
54,0.0004127621650695801,1,100
55,0.0004127621650695801,1,100
56,0.0004127621650695801,1,100
57,0.0004127621650695801,1,100
58,0.0004127621650695801,1,100
59,0.0004127621650695801,1,100
60,0.0004127621650695801,1,100
61,0.0004127621650695801,1,100
62,0.0004127621650695801,1,100
63,0.0004127621650695801,1,100
64,0.0004127621650695801,1,100
65,0.0004127621650695801,1,100
66,0.0004127621650695801,1,100
67,0.0004127621650695801,1,100
68,0.0004127621650695801,1,100
69,0.0004127621650695801,1,100
70,0.0004127621650695801,1,100
71,0.0004127621650695801,1,100
72,0.0004127621650695801,1,100
73,0.0004127621650695801,1,100
74,0.0004127621650695801,1,100
75,0.0004127621650695801,1,100
76,0.0004127621650695801,1,100
77,0.0004127621650695801,1,100
78,0.0004127621650695801,1,100
79,0.0004127621650695801,1,100
80,0.0004127621650695801,1,100
81,0.0004127621650695801,1,100
82,0.0004127621650695801,1,100
83,0.0004127621650695801,1,100
84,0.0004127621650695801,1,100
85,0.0004127621650695801,1,100
86,0.0004127621650695801,1,100
87,0.0004127621650695801,1,100
88,0.0004127621650695801,1,100
89,0.0004127621650695801,1,100
90,0.0004127621650695801,1,100
91,0.0004127621650695801,1,100
92,0.0004127621650695801,1,100
93,0.0004127621650695801,1,100
94,0.0004127621650695801,1,100
95,0.0004127621650695801,1,100
96,0.0004127621650695801,1,100
97,0.0004127621650695801,1,100
98,0.0004127621650695801,1,100
99,0.0004127621650695801,1,100
100,0.0004127621650695801,1,100
101,0.0004127621650695801,1,100
102,0.0004127621650695801,1,100
103,0.0004127621650695801,1,100
104,0.0004127621650695801,1,100
105,0.0004127621650695801,1,100
106,0.0004127621650695801,1,100
107,0.0004127621650695801,1,100
108,0.0004127621650695801,1,100
109,0.0004127621650695801,1,100
110,0.0004127621650695801,1,100
111,0.0004127621650695801,1,100
112,0.0004127621650695801,1,100
113,0.0004127621650695801,1,100
114,0.0004127621650695801,1,100
115,0.0004127621650695801,1,100
116,0.0004127621650695801,1,100
117,0.0004127621650695801,1,100
118,0.0004127621650695801,1,100
119,0.0004127621650695801,1,100
120,0.0004127621650695801,1,100
121,0.0004127621650695801,1,100
122,0.0004127621650695801,1,100
123,0.0004127621650695801,1,100
124,0.0004127621650695801,1,100
125,0.0004127621650695801,1,100
126,0.0004127621650695801,1,100
127,0.0004127621650695801,1,100
128,0.0004127621650695801,1,100
129,0.0004127621650695801,1,100
130,0.0004127621650695801,1,100
131,0.0004127621650695801,1,100
132,0.0004127621650695801,1,100
133,0.0004127621650695801,1,100
134,0.0004127621650695801,1,100
135,0.0004127621650695801,1,100
136,0.0004127621650695801,1,100
137,0.0004127621650695801,1,100
138,0.0004127621650695801,1,100
139,0.0004127621650695801,1,100
140,0.0004127621650695801,1,100
141,0.0004127621650695801,1,100
142,0.0004127621650695801,1,100
143,0.0004127621650695801,1,100
144,0.0004127621650695801,1,100
145,0.0004127621650695801,1,100
146,0.0004127621650695801,1,100
147,0.0004127621650695801,1,100
148,0.0004127621650695801,1,100
149,0.0004127621650695801,1,100
150,0.0004127621650695801,1,100
151,0.0004127621650695801,1,100
152,0.0004127621650695801,1,100
153,0.0004127621650695801,1,100
154,0.0004127621650695801,1,100
155,0.0004127621650695801,1,100
156,0.0004127621650695801,1,100
157,0.0004127621650695801,1,100
158,0.0004127621650695801,1,100
159,0.0004127621650695801,1,100
160,0.0004127621650695801,1,100
161,0.0004127621650695801,1,100
162,0.0004127621650695801,1,100
163,0.0004127621650695801,1,100
164,0.0004127621650695801,1,100
165,0.0004127621650695801,1,100
166,0.0004127621650695801,1,100
167,0.0004127621650695801,1,100
168,0.0004127621650695801,1,100
169,0.0004127621650695801,1,100
170,0.0004127621650695801,1,100
171,0.0004127621650695801,1,100
172,0.0004127621650695801,1,100
173,0.0004127621650695801,1,100
174,0.0004127621650695801,1,100
175,0.0004127621650695801,1,100
176,0.0004127621650695801,1,100
177,0.0004127621650695801,1,100
178,0.0004127621650695801,1,100
179,0.0004127621650695801,1,100
180,0.0004127621650695801,1,100
181,0.0004127621650695801,1,100
182,0.0004127621650695801,1,100
183,0.0004127621650695801,1,100
184,0.0004127621650695801,1,100
185,0.0004127621650695801,1,100
186,0.0004127621650695801,1,100
187,0.0004127621650695801,1,100
188,0.0004127621650695801,1,100
189,0.0004127621650695801,1,100
190,0.0004127621650695801,1,100
191,0.0004127621650695801,1,100
192,0.0004127621650695801,1,100
193,0.0004127621650695801,1,100
194,0.0004127621650695801,1,100
195,0.0004127621650695801,1,100
196,0.0004127621650695801,1,100
197,0.0004127621650695801,1,100
198,0.0004127621650695801,1,100
199,0.0004127621650695801,1,100
200,0.0004127621650695801,1,100
1,0.9456331357359886,1,101
2,0.9456331357359886,1,101
3,0.9456331357359886,1,101
4,0.9456331357359886,1,101
5,0.9464326277375221,1,101
6,0.9478647224605083,1,101
7,0.9488673210144043,1,101
8,0.9659495763480663,1,101
9,0.9659495763480663,1,101
10,0.9659495763480663,1,101
11,0.9659495763480663,1,101
12,0.9659495763480663,1,101
13,0.9659495763480663,1,101
14,0.9659495763480663,1,101
15,0.967633280903101,1,101
16,0.9718611650168896,1,101
17,0.9718611650168896,1,101
18,0.9718611650168896,1,101
19,0.973933394998312,1,101
20,0.973933394998312,1,101
21,0.973933394998312,1,101
22,0.973933394998312,1,101
23,0.973933394998312,1,101
24,0.973933394998312,1,101
25,0.973933394998312,1,101
26,0.973933394998312,1,101
27,0.973933394998312,1,101
28,0.973933394998312,1,101
29,0.973933394998312,1,101
30,0.973933394998312,1,101
31,0.973933394998312,1,101
32,0.973933394998312,1,101
33,0.973933394998312,1,101
34,0.973933394998312,1,101
35,0.973933394998312,1,101
36,0.973933394998312,1,101
37,0.973933394998312,1,101
38,0.973933394998312,1,101
39,0.973933394998312,1,101
40,0.973933394998312,1,101
41,0.973933394998312,1,101
42,0.973933394998312,1,101
43,0.973933394998312,1,101
44,0.973933394998312,1,101
45,0.973933394998312,1,101
46,0.973933394998312,1,101
47,0.973933394998312,1,101
48,0.973933394998312,1,101
49,0.973933394998312,1,101
50,0.973933394998312,1,101
51,0.973933394998312,1,101
52,0.973933394998312,1,101
53,0.973933394998312,1,101
54,0.973933394998312,1,101
55,0.973933394998312,1,101
56,0.973933394998312,1,101
57,0.973933394998312,1,101
58,0.973933394998312,1,101
59,0.973933394998312,1,101
60,0.973933394998312,1,101
61,0.973933394998312,1,101
62,0.973933394998312,1,101
63,0.973933394998312,1,101
64,0.973933394998312,1,101
65,0.973933394998312,1,101
66,0.973933394998312,1,101
67,0.973933394998312,1,101
68,0.973933394998312,1,101
69,0.973933394998312,1,101
70,0.973933394998312,1,101
71,0.973933394998312,1,101
72,0.973933394998312,1,101
73,0.973933394998312,1,101
74,0.973933394998312,1,101
75,0.973933394998312,1,101
76,0.973933394998312,1,101
77,0.973933394998312,1,101
78,0.973933394998312,1,101
79,0.973933394998312,1,101
80,0.973933394998312,1,101
81,0.973933394998312,1,101
82,0.973933394998312,1,101
83,0.973933394998312,1,101
84,0.973933394998312,1,101
85,0.973933394998312,1,101
86,0.973933394998312,1,101
87,0.973933394998312,1,101
88,0.973933394998312,1,101
89,0.973933394998312,1,101
90,0.973933394998312,1,101
91,0.973933394998312,1,101
92,0.973933394998312,1,101
93,0.973933394998312,1,101
94,0.973933394998312,1,101
95,0.973933394998312,1,101
96,0.973933394998312,1,101
97,0.973933394998312,1,101
98,0.973933394998312,1,101
99,0.973933394998312,1,101
100,0.973933394998312,1,101
101,0.973933394998312,1,101
102,0.973933394998312,1,101
103,0.973933394998312,1,101
104,0.973933394998312,1,101
105,0.973933394998312,1,101
106,0.973933394998312,1,101
107,0.973933394998312,1,101
108,0.973933394998312,1,101
109,0.973933394998312,1,101
110,0.973933394998312,1,101
111,0.973933394998312,1,101
112,0.973933394998312,1,101
113,0.973933394998312,1,101
114,0.973933394998312,1,101
115,0.973933394998312,1,101
116,0.973933394998312,1,101
117,0.973933394998312,1,101
118,0.973933394998312,1,101
119,0.973933394998312,1,101
120,0.973933394998312,1,101
121,0.973933394998312,1,101
122,0.973933394998312,1,101
123,0.973933394998312,1,101
124,0.973933394998312,1,101
125,0.973933394998312,1,101
126,0.973933394998312,1,101
127,0.973933394998312,1,101
128,0.973933394998312,1,101
129,0.973933394998312,1,101
130,0.973933394998312,1,101
131,0.973933394998312,1,101
132,0.973933394998312,1,101
133,0.973933394998312,1,101
134,0.973933394998312,1,101
135,0.973933394998312,1,101
136,0.973933394998312,1,101
137,0.973933394998312,1,101
138,0.973933394998312,1,101
139,0.973933394998312,1,101
140,0.973933394998312,1,101
141,0.973933394998312,1,101
142,0.973933394998312,1,101
143,0.973933394998312,1,101
144,0.973933394998312,1,101
145,0.973933394998312,1,101
146,0.973933394998312,1,101
147,0.973933394998312,1,101
148,0.973933394998312,1,101
149,0.973933394998312,1,101
150,0.973933394998312,1,101
151,0.973933394998312,1,101
152,0.973933394998312,1,101
153,0.973933394998312,1,101
154,0.973933394998312,1,101
155,0.973933394998312,1,101
156,0.973933394998312,1,101
157,0.973933394998312,1,101
158,0.973933394998312,1,101
159,0.973933394998312,1,101
160,0.973933394998312,1,101
161,0.973933394998312,1,101
162,0.973933394998312,1,101
163,0.973933394998312,1,101
164,0.973933394998312,1,101
165,0.973933394998312,1,101
166,0.973933394998312,1,101
167,0.973933394998312,1,101
168,0.973933394998312,1,101
169,0.973933394998312,1,101
170,0.973933394998312,1,101
171,0.973933394998312,1,101
172,0.973933394998312,1,101
173,0.973933394998312,1,101
174,0.973933394998312,1,101
175,0.973933394998312,1,101
176,0.973933394998312,1,101
177,0.973933394998312,1,101
178,0.973933394998312,1,101
179,0.973933394998312,1,101
180,0.973933394998312,1,101
181,0.973933394998312,1,101
182,0.9907083744183183,2,101
183,0.9907083744183183,2,101
184,0.9907083744183183,2,101
185,0.9907083744183183,2,101
186,0.9907083744183183,2,101
187,0.9907083744183183,2,101
188,0.9907083744183183,2,101
189,0.9907083744183183,2,101
190,0.9907083744183183,2,101
191,0.9907083744183183,2,101
192,0.9907083744183183,2,101
193,0.9907083744183183,2,101
194,0.9907083744183183,2,101
195,0.9907083744183183,2,101
196,0.9907083744183183,2,101
197,0.9907083744183183,2,101
198,0.9907083744183183,2,101
199,0.9907083744183183,2,101
200,0.9911246858537197,2,101
1,0.4940226674079895,8,102
2,0.4940226674079895,8,102
3,0.4940226674079895,8,102
4,0.4940226674079895,8,102
5,0.4988067150115967,4,102
6,0.6292659640312195,3,102
7,0.6292659640312195,3,102
8,0.7197928428649902,7,102
9,0.7197928428649902,7,102
10,0.7197928428649902,7,102
11,0.8293155133724213,7,102
12,0.8293155133724213,7,102
13,0.861926481127739,7,102
14,0.861926481127739,7,102
15,0.861926481127739,7,102
16,0.861926481127739,7,102
17,0.8720698803663254,7,102
18,0.9256883859634399,10,102
19,0.9256883859634399,10,102
20,0.9256883859634399,10,102
21,0.9256883859634399,10,102
22,0.9256883859634399,10,102
23,0.9209869652986526,9,102
24,0.9279984161257744,9,102
25,0.9279984161257744,9,102
26,0.9488981440663338,8,102
27,0.9488981440663338,8,102
28,0.9488981440663338,8,102
29,0.9488981440663338,8,102
30,0.9488981440663338,8,102
31,0.9488981440663338,8,102
32,0.9488981440663338,8,102
33,0.9488981440663338,8,102
34,0.9488981440663338,8,102
35,0.9488981440663338,8,102
36,0.9655886813998222,9,102
37,0.9655886813998222,9,102
38,0.9655886813998222,9,102
39,0.9676640555262566,9,102
40,0.9676640555262566,9,102
41,0.9676640555262566,9,102
42,0.9676640555262566,9,102
43,0.9676640555262566,9,102
44,0.9676640555262566,9,102
45,0.9517926946282387,8,102
46,0.9517926946282387,8,102
47,0.9517926946282387,8,102
48,0.9517926946282387,8,102
49,0.9517926946282387,8,102
50,0.9517926946282387,8,102
51,0.9517926946282387,8,102
52,0.9517926946282387,8,102
53,0.9517926946282387,8,102
54,0.9517926946282387,8,102
55,0.9517926946282387,8,102
56,0.9517926946282387,8,102
57,0.9517926946282387,8,102
58,0.9517926946282387,8,102
59,0.9517926946282387,8,102
60,0.9517926946282387,8,102
61,0.9517926946282387,8,102
62,0.9517926946282387,8,102
63,0.9520120918750763,8,102
64,0.9520120918750763,8,102
65,0.9520120918750763,8,102
66,0.9900322901085019,10,102
67,0.9900322901085019,10,102
68,0.9900322901085019,10,102
69,0.9900322901085019,10,102
70,0.9900322901085019,10,102
71,0.9900322901085019,10,102
72,0.9451544284820557,7,102
73,0.9451544284820557,7,102
74,0.9451544284820557,7,102
75,0.9451544284820557,7,102
76,0.9805779829621315,9,102
77,0.9805779829621315,9,102
78,0.9805779829621315,9,102
79,0.9805779829621315,9,102
80,0.9805779829621315,9,102
81,0.9805779829621315,9,102
82,0.9805779829621315,9,102
83,0.9805779829621315,9,102
84,0.9805779829621315,9,102
85,0.9805779829621315,9,102
86,0.9805779829621315,9,102
87,0.9805779829621315,9,102
88,0.9805779829621315,9,102
89,0.9805779829621315,9,102
90,0.9805779829621315,9,102
91,0.9805779829621315,9,102
92,0.9805779829621315,9,102
93,0.9805779829621315,9,102
94,0.9805779829621315,9,102
95,0.9717862382531166,8,102
96,0.9717862382531166,8,102
97,0.9717862382531166,8,102
98,0.9717862382531166,8,102
99,0.9717862382531166,8,102
100,0.9717862382531166,8,102
101,0.9717862382531166,8,102
102,0.9717862382531166,8,102
103,0.9717862382531166,8,102
104,0.9717862382531166,8,102
105,0.9717862382531166,8,102
106,0.9717862382531166,8,102
107,0.9717862382531166,8,102
108,0.9717862382531166,8,102
109,0.9717862382531166,8,102
110,0.9717862382531166,8,102
111,0.9645519852638245,7,102
112,0.9645519852638245,7,102
113,0.9645519852638245,7,102
114,0.9645519852638245,7,102
115,0.9645519852638245,7,102
116,0.9645519852638245,7,102
117,0.9645519852638245,7,102
118,0.9645519852638245,7,102
119,0.9645519852638245,7,102
120,0.9645519852638245,7,102
121,0.9645519852638245,7,102
122,0.9645519852638245,7,102
123,0.9645519852638245,7,102
124,0.9645519852638245,7,102
125,0.9645519852638245,7,102
126,0.9645519852638245,7,102
127,0.9645519852638245,7,102
128,0.9645519852638245,7,102
129,0.9645519852638245,7,102
130,0.9645519852638245,7,102
131,0.9645519852638245,7,102
132,0.9645519852638245,7,102
133,0.9645519852638245,7,102
134,0.9645519852638245,7,102
135,0.9645519852638245,7,102
136,0.9645519852638245,7,102
137,0.9645519852638245,7,102
138,0.9645519852638245,7,102
139,0.9645519852638245,7,102
140,0.9645519852638245,7,102
141,0.9645519852638245,7,102
142,0.9645519852638245,7,102
143,0.9645519852638245,7,102
144,0.9645519852638245,7,102
145,0.9645519852638245,7,102
146,0.9645519852638245,7,102
147,0.9645519852638245,7,102
148,0.9645519852638245,7,102
149,0.9645519852638245,7,102
150,0.9645519852638245,7,102
151,0.9645519852638245,7,102
152,0.9645519852638245,7,102
153,0.9645519852638245,7,102
154,0.9645519852638245,7,102
155,0.9645519852638245,7,102
156,0.9645519852638245,7,102
157,0.9645519852638245,7,102
158,0.9645519852638245,7,102
159,0.9645519852638245,7,102
160,0.9645519852638245,7,102
161,0.9645519852638245,7,102
162,0.9645519852638245,7,102
163,0.9645519852638245,7,102
164,0.9645519852638245,7,102
165,0.9645519852638245,7,102
166,0.9834469705820084,8,102
167,0.9834469705820084,8,102
168,0.9834469705820084,8,102
169,0.9834469705820084,8,102
170,0.9834469705820084,8,102
171,0.9834469705820084,8,102
172,0.9834469705820084,8,102
173,0.9834469705820084,8,102
174,0.9834469705820084,8,102
175,0.9834469705820084,8,102
176,0.9834469705820084,8,102
177,0.9834469705820084,8,102
178,0.9834469705820084,8,102
179,0.9834469705820084,8,102
180,0.9834469705820084,8,102
181,0.9872465766966343,8,102
182,0.9872465766966343,8,102
183,0.9872465766966343,8,102
184,0.9872465766966343,8,102
185,0.9872465766966343,8,102
186,0.9872465766966343,8,102
187,0.9872465766966343,8,102
188,0.9875735640525818,8,102
189,0.9875735640525818,8,102
190,0.9875735640525818,8,102
191,0.9875735640525818,8,102
192,0.9875735640525818,8,102
193,0.9875735640525818,8,102
194,0.9875735640525818,8,102
195,0.9875735640525818,8,102
196,0.9875735640525818,8,102
197,0.9875735640525818,8,102
198,0.9875735640525818,8,102
199,0.9875735640525818,8,102
200,0.9875735640525818,8,102
1,0.007433176040649414,1,103
2,0.007433176040649414,1,103
3,0.007749497890472412,1,103
4,0.007749497890472412,1,103
5,0.008017480373382568,1,103
6,0.008017480373382568,1,103
7,0.008900582790374756,1,103
8,0.01298302412033081,1,103
9,0.01298302412033081,1,103
10,0.01298302412033081,1,103
11,0.01298302412033081,1,103
12,0.01298302412033081,1,103
13,0.01298302412033081,1,103
14,0.01298302412033081,1,103
15,0.01724982261657715,1,103
16,0.01759856939315796,1,103
17,0.01759856939315796,1,103
18,0.01759856939315796,1,103
19,0.01759856939315796,1,103
20,0.01759856939315796,1,103
21,0.01759856939315796,1,103
22,0.018708109855651855,1,103
23,0.018708109855651855,1,103
24,0.018708109855651855,1,103
25,0.018708109855651855,1,103
26,0.018708109855651855,1,103
27,0.018708109855651855,1,103
28,0.018708109855651855,1,103
29,0.018708109855651855,1,103
30,0.018816828727722168,1,103
31,0.018816828727722168,1,103
32,0.018816828727722168,1,103
33,0.018816828727722168,1,103
34,0.018816828727722168,1,103
35,0.018816828727722168,1,103
36,0.018816828727722168,1,103
37,0.018816828727722168,1,103
38,0.018816828727722168,1,103
39,0.018816828727722168,1,103
40,0.018816828727722168,1,103
41,0.018816828727722168,1,103
42,0.018816828727722168,1,103
43,0.018816828727722168,1,103
44,0.018816828727722168,1,103
45,0.018816828727722168,1,103
46,0.018816828727722168,1,103
47,0.018816828727722168,1,103
48,0.018816828727722168,1,103
49,0.018816828727722168,1,103
50,0.018816828727722168,1,103
51,0.018816828727722168,1,103
52,0.018816828727722168,1,103
53,0.018816828727722168,1,103
54,0.018816828727722168,1,103
55,0.018816828727722168,1,103
56,0.018816828727722168,1,103
57,0.018816828727722168,1,103
58,0.018816828727722168,1,103
59,0.018816828727722168,1,103
60,0.018816828727722168,1,103
61,0.018816828727722168,1,103
62,0.018816828727722168,1,103
63,0.018816828727722168,1,103
64,0.018816828727722168,1,103
65,0.018816828727722168,1,103
66,0.018816828727722168,1,103
67,0.018816828727722168,1,103
68,0.018816828727722168,1,103
69,0.018816828727722168,1,103
70,0.018816828727722168,1,103
71,0.037923336029052734,2,103
72,0.037923336029052734,2,103
73,0.037923336029052734,2,103
74,0.037923336029052734,2,103
75,0.037923336029052734,2,103
76,0.039066195487976074,2,103
77,0.039066195487976074,2,103
78,0.039066195487976074,2,103
79,0.0434684157371521,2,103
80,0.0434684157371521,2,103
81,0.0434684157371521,2,103
82,0.0434684157371521,2,103
83,0.0434684157371521,2,103
84,0.0434684157371521,2,103
85,0.0434684157371521,2,103
86,0.0434684157371521,2,103
87,0.0434684157371521,2,103
88,0.04450106620788574,2,103
89,0.04450106620788574,2,103
90,0.04450106620788574,2,103
91,0.04450106620788574,2,103
92,0.04450106620788574,2,103
93,0.04450106620788574,2,103
94,0.04450106620788574,2,103
95,0.04450106620788574,2,103
96,0.06342929601669312,3,103
97,0.06342929601669312,3,103
98,0.06342929601669312,3,103
99,0.06342929601669312,3,103
100,0.06342929601669312,3,103
101,0.06342929601669312,3,103
102,0.06342929601669312,3,103
103,0.06342929601669312,3,103
104,0.06342929601669312,3,103
105,0.06911176443099976,3,103
106,0.06911176443099976,3,103
107,0.06911176443099976,3,103
108,0.07014232873916626,3,103
109,0.07014232873916626,3,103
110,0.09847646951675415,4,103
111,0.09847646951675415,4,103
112,0.09847646951675415,4,103
113,0.09847646951675415,4,103
114,0.09847646951675415,4,103
115,0.09847646951675415,4,103
116,0.09847646951675415,4,103
117,0.09847646951675415,4,103
118,0.09847646951675415,4,103
119,0.09847646951675415,4,103
120,0.09847646951675415,4,103
121,0.09847646951675415,4,103
122,0.10741561651229858,4,103
123,0.10741561651229858,4,103
124,0.10741561651229858,4,103
125,0.10741561651229858,4,103
126,0.10741561651229858,4,103
127,0.1138196587562561,4,103
128,0.1138196587562561,4,103
129,0.1138196587562561,4,103
130,0.1138196587562561,4,103
131,0.2020924687385559,5,103
132,0.2020924687385559,5,103
133,0.2020924687385559,5,103
134,0.2020924687385559,5,103
135,0.3045317530632019,7,103
136,0.3045317530632019,7,103
137,0.3045317530632019,7,103
138,0.3045317530632019,7,103
139,0.3632895350456238,6,103
140,0.3632895350456238,6,103
141,0.3632895350456238,6,103
142,0.5077150762081146,9,103
143,0.5077150762081146,9,103
144,0.4917895197868347,8,103
145,0.5463533401489258,9,103
146,0.5281176865100861,7,103
147,0.6413688957691193,8,103
148,0.6413688957691193,8,103
149,0.6413688957691193,8,103
150,0.6413688957691193,8,103
151,0.6413688957691193,8,103
152,0.6413688957691193,8,103
153,0.6413688957691193,8,103
154,0.6566492319107056,7,103
155,0.6566492319107056,7,103
156,0.6566492319107056,7,103
157,0.6566492319107056,7,103
158,0.6566492319107056,7,103
159,0.6566492319107056,7,103
160,0.6566492319107056,7,103
161,0.6566492319107056,7,103
162,0.6904794871807098,8,103
163,0.7374231219291687,9,103
164,0.7374231219291687,9,103
165,0.7374231219291687,9,103
166,0.7374231219291687,9,103
167,0.7399002611637115,9,103
168,0.7399002611637115,9,103
169,0.7793872356414795,9,103
170,0.7793872356414795,9,103
171,0.7793872356414795,9,103
172,0.7793872356414795,9,103
173,0.7793872356414795,9,103
174,0.7793872356414795,9,103
175,0.8320422917604446,12,103
176,0.8320422917604446,12,103
177,0.8320422917604446,12,103
178,0.8320422917604446,12,103
179,0.7954634130001068,9,103
180,0.7954634130001068,9,103
181,0.7954634130001068,9,103
182,0.7954634130001068,9,103
183,0.7954634130001068,9,103
184,0.7954634130001068,9,103
185,0.7954634130001068,9,103
186,0.7954634130001068,9,103
187,0.7954634130001068,9,103
188,0.849798858165741,12,103
189,0.849798858165741,12,103
190,0.849798858165741,12,103
191,0.849798858165741,12,103
192,0.849798858165741,12,103
193,0.8531465232372284,12,103
194,0.8531465232372284,12,103
195,0.8562432527542114,12,103
196,0.8562432527542114,12,103
197,0.8562432527542114,12,103
198,0.8562432527542114,12,103
199,0.8562432527542114,12,103
200,0.8562432527542114,12,103
1,0.00035858154296875,1,104
2,0.000387728214263916,1,104
3,0.000413358211517334,1,104
4,0.000413358211517334,1,104
5,0.0004367232322692871,1,104
6,0.0005061626434326172,1,104
7,0.0005061626434326172,1,104
8,0.0006954669952392578,1,104
9,0.0006954669952392578,1,104
10,0.0008515119552612305,1,104
11,0.0008515119552612305,1,104
12,0.0009486079216003418,1,104
13,0.0009486079216003418,1,104
14,0.0009486079216003418,1,104
15,0.0009486079216003418,1,104
16,0.0009486079216003418,1,104
17,0.0009486079216003418,1,104
18,0.0009486079216003418,1,104
19,0.0009486079216003418,1,104
20,0.0009486079216003418,1,104
21,0.0012041330337524414,1,104
22,0.0012041330337524414,1,104
23,0.0012041330337524414,1,104
24,0.0012041330337524414,1,104
25,0.0012041330337524414,1,104
26,0.0013386011123657227,1,104
27,0.0013386011123657227,1,104
28,0.0013386011123657227,1,104
29,0.0013386011123657227,1,104
30,0.0013386011123657227,1,104
31,0.0013386011123657227,1,104
32,0.0013386011123657227,1,104
33,0.0013386011123657227,1,104
34,0.0013386011123657227,1,104
35,0.0013386011123657227,1,104
36,0.0013386011123657227,1,104
37,0.0013386011123657227,1,104
38,0.0013386011123657227,1,104
39,0.0013386011123657227,1,104
40,0.0013386011123657227,1,104
41,0.0013386011123657227,1,104
42,0.0013386011123657227,1,104
43,0.0013386011123657227,1,104
44,0.0013386011123657227,1,104
45,0.0013386011123657227,1,104
46,0.0013386011123657227,1,104
47,0.0013386011123657227,1,104
48,0.0013386011123657227,1,104
49,0.0013386011123657227,1,104
50,0.0013386011123657227,1,104
51,0.0013386011123657227,1,104
52,0.0013386011123657227,1,104
53,0.0013386011123657227,1,104
54,0.0013386011123657227,1,104
55,0.0013386011123657227,1,104
56,0.0013386011123657227,1,104
57,0.0013386011123657227,1,104
58,0.0013386011123657227,1,104
59,0.0013386011123657227,1,104
60,0.0013386011123657227,1,104
61,0.0013386011123657227,1,104
62,0.0013386011123657227,1,104
63,0.0013386011123657227,1,104
64,0.0013386011123657227,1,104
65,0.0013386011123657227,1,104
66,0.0013386011123657227,1,104
67,0.0013386011123657227,1,104
68,0.0013386011123657227,1,104
69,0.0013386011123657227,1,104
70,0.0013386011123657227,1,104
71,0.0013386011123657227,1,104
72,0.0013386011123657227,1,104
73,0.0013386011123657227,1,104
74,0.0013386011123657227,1,104
75,0.0013386011123657227,1,104
76,0.0013386011123657227,1,104
77,0.0013386011123657227,1,104
78,0.0013386011123657227,1,104
79,0.0013386011123657227,1,104
80,0.0013386011123657227,1,104
81,0.0013386011123657227,1,104
82,0.0013386011123657227,1,104
83,0.0013386011123657227,1,104
84,0.0013386011123657227,1,104
85,0.0013386011123657227,1,104
86,0.0013386011123657227,1,104
87,0.0013386011123657227,1,104
88,0.0013386011123657227,1,104
89,0.0013386011123657227,1,104
90,0.0013386011123657227,1,104
91,0.0013386011123657227,1,104
92,0.0013386011123657227,1,104
93,0.0013386011123657227,1,104
94,0.0013386011123657227,1,104
95,0.0013386011123657227,1,104
96,0.0013386011123657227,1,104
97,0.0013386011123657227,1,104
98,0.0013386011123657227,1,104
99,0.0013386011123657227,1,104
100,0.0013386011123657227,1,104
101,0.0013386011123657227,1,104
102,0.0013386011123657227,1,104
103,0.0013386011123657227,1,104
104,0.0013386011123657227,1,104
105,0.0013386011123657227,1,104
106,0.0013386011123657227,1,104
107,0.0013386011123657227,1,104
108,0.0013386011123657227,1,104
109,0.0013386011123657227,1,104
110,0.0013386011123657227,1,104
111,0.0013386011123657227,1,104
112,0.0013386011123657227,1,104
113,0.0013386011123657227,1,104
114,0.0013386011123657227,1,104
115,0.0013386011123657227,1,104
116,0.0013386011123657227,1,104
117,0.0013386011123657227,1,104
118,0.0013386011123657227,1,104
119,0.0013386011123657227,1,104
120,0.0013386011123657227,1,104
121,0.0013386011123657227,1,104
122,0.0013386011123657227,1,104
123,0.0013386011123657227,1,104
124,0.0013386011123657227,1,104
125,0.0013386011123657227,1,104
126,0.0013386011123657227,1,104
127,0.0013386011123657227,1,104
128,0.0013386011123657227,1,104
129,0.0013386011123657227,1,104
130,0.0013386011123657227,1,104
131,0.0013386011123657227,1,104
132,0.0013386011123657227,1,104
133,0.0013386011123657227,1,104
134,0.0013386011123657227,1,104
135,0.0013386011123657227,1,104
136,0.0013386011123657227,1,104
137,0.0013386011123657227,1,104
138,0.0013386011123657227,1,104
139,0.0013386011123657227,1,104
140,0.0013386011123657227,1,104
141,0.0013386011123657227,1,104
142,0.0013386011123657227,1,104
143,0.0013386011123657227,1,104
144,0.0013386011123657227,1,104
145,0.0013386011123657227,1,104
146,0.0013386011123657227,1,104
147,0.0013386011123657227,1,104
148,0.0013386011123657227,1,104
149,0.0013386011123657227,1,104
150,0.0013386011123657227,1,104
151,0.0013386011123657227,1,104
152,0.0013386011123657227,1,104
153,0.0013386011123657227,1,104
154,0.0013386011123657227,1,104
155,0.0013386011123657227,1,104
156,0.0013386011123657227,1,104
157,0.0013386011123657227,1,104
158,0.0013386011123657227,1,104
159,0.0013386011123657227,1,104
160,0.0013386011123657227,1,104
161,0.0013386011123657227,1,104
162,0.0013386011123657227,1,104
163,0.0013386011123657227,1,104
164,0.0013386011123657227,1,104
165,0.0013386011123657227,1,104
166,0.0013386011123657227,1,104
167,0.0013386011123657227,1,104
168,0.0013386011123657227,1,104
169,0.0013386011123657227,1,104
170,0.0013386011123657227,1,104
171,0.0013386011123657227,1,104
172,0.0013386011123657227,1,104
173,0.0013386011123657227,1,104
174,0.0013386011123657227,1,104
175,0.0013386011123657227,1,104
176,0.0013386011123657227,1,104
177,0.0013386011123657227,1,104
178,0.0013386011123657227,1,104
179,0.0013386011123657227,1,104
180,0.0013386011123657227,1,104
181,0.0013386011123657227,1,104
182,0.0013386011123657227,1,104
183,0.0013386011123657227,1,104
184,0.0013386011123657227,1,104
185,0.0013386011123657227,1,104
186,0.0013386011123657227,1,104
187,0.0013386011123657227,1,104
188,0.0013386011123657227,1,104
189,0.0013386011123657227,1,104
190,0.0013386011123657227,1,104
191,0.0013386011123657227,1,104
192,0.0013386011123657227,1,104
193,0.0013386011123657227,1,104
194,0.0013386011123657227,1,104
195,0.0013386011123657227,1,104
196,0.0013386011123657227,1,104
197,0.0013386011123657227,1,104
198,0.0013386011123657227,1,104
199,0.0013386011123657227,1,104
200,0.0013386011123657227,1,104
1,1.9073486328125e-06,1,105
2,1.9073486328125e-06,1,105
3,1.9073486328125e-06,1,105
4,2.0265579223632812e-06,1,105
5,2.0265579223632812e-06,1,105
6,2.2649765014648438e-06,1,105
7,2.2649765014648438e-06,1,105
8,2.2649765014648438e-06,1,105
9,2.2649765014648438e-06,1,105
10,2.7418136596679688e-06,1,105
11,2.7418136596679688e-06,1,105
12,2.7418136596679688e-06,1,105
13,2.7418136596679688e-06,1,105
14,2.7418136596679688e-06,1,105
15,2.7418136596679688e-06,1,105
16,2.9802322387695312e-06,1,105
17,2.9802322387695312e-06,1,105
18,2.9802322387695312e-06,1,105
19,2.9802322387695312e-06,1,105
20,2.9802322387695312e-06,1,105
21,2.9802322387695312e-06,1,105
22,4.0531158447265625e-06,1,105
23,4.0531158447265625e-06,1,105
24,4.0531158447265625e-06,1,105
25,4.0531158447265625e-06,1,105
26,4.0531158447265625e-06,1,105
27,4.0531158447265625e-06,1,105
28,4.0531158447265625e-06,1,105
29,4.0531158447265625e-06,1,105
30,4.0531158447265625e-06,1,105
31,4.0531158447265625e-06,1,105
32,4.0531158447265625e-06,1,105
33,4.0531158447265625e-06,1,105
34,4.0531158447265625e-06,1,105
35,4.0531158447265625e-06,1,105
36,4.0531158447265625e-06,1,105
37,4.0531158447265625e-06,1,105
38,4.0531158447265625e-06,1,105
39,4.0531158447265625e-06,1,105
40,4.0531158447265625e-06,1,105
41,4.0531158447265625e-06,1,105
42,4.0531158447265625e-06,1,105
43,4.0531158447265625e-06,1,105
44,4.0531158447265625e-06,1,105
45,4.0531158447265625e-06,1,105
46,4.0531158447265625e-06,1,105
47,4.0531158447265625e-06,1,105
48,4.0531158447265625e-06,1,105
49,4.0531158447265625e-06,1,105
50,4.0531158447265625e-06,1,105
51,4.0531158447265625e-06,1,105
52,4.0531158447265625e-06,1,105
53,4.0531158447265625e-06,1,105
54,4.0531158447265625e-06,1,105
55,4.0531158447265625e-06,1,105
56,4.0531158447265625e-06,1,105
57,4.0531158447265625e-06,1,105
58,4.0531158447265625e-06,1,105
59,4.0531158447265625e-06,1,105
60,4.0531158447265625e-06,1,105
61,4.0531158447265625e-06,1,105
62,4.0531158447265625e-06,1,105
63,4.0531158447265625e-06,1,105
64,4.0531158447265625e-06,1,105
65,4.0531158447265625e-06,1,105
66,4.0531158447265625e-06,1,105
67,4.0531158447265625e-06,1,105
68,4.0531158447265625e-06,1,105
69,4.0531158447265625e-06,1,105
70,4.0531158447265625e-06,1,105
71,4.0531158447265625e-06,1,105
72,4.0531158447265625e-06,1,105
73,4.0531158447265625e-06,1,105
74,4.0531158447265625e-06,1,105
75,4.0531158447265625e-06,1,105
76,4.0531158447265625e-06,1,105
77,4.0531158447265625e-06,1,105
78,4.0531158447265625e-06,1,105
79,4.0531158447265625e-06,1,105
80,4.0531158447265625e-06,1,105
81,4.0531158447265625e-06,1,105
82,4.0531158447265625e-06,1,105
83,4.0531158447265625e-06,1,105
84,4.0531158447265625e-06,1,105
85,4.0531158447265625e-06,1,105
86,4.0531158447265625e-06,1,105
87,4.0531158447265625e-06,1,105
88,4.0531158447265625e-06,1,105
89,4.0531158447265625e-06,1,105
90,4.0531158447265625e-06,1,105
91,4.0531158447265625e-06,1,105
92,4.0531158447265625e-06,1,105
93,4.0531158447265625e-06,1,105
94,4.0531158447265625e-06,1,105
95,4.0531158447265625e-06,1,105
96,4.0531158447265625e-06,1,105
97,4.0531158447265625e-06,1,105
98,4.0531158447265625e-06,1,105
99,4.0531158447265625e-06,1,105
100,4.0531158447265625e-06,1,105
101,4.0531158447265625e-06,1,105
102,4.0531158447265625e-06,1,105
103,4.0531158447265625e-06,1,105
104,4.0531158447265625e-06,1,105
105,4.0531158447265625e-06,1,105
106,4.0531158447265625e-06,1,105
107,4.0531158447265625e-06,1,105
108,4.0531158447265625e-06,1,105
109,4.0531158447265625e-06,1,105
110,4.0531158447265625e-06,1,105
111,4.0531158447265625e-06,1,105
112,4.0531158447265625e-06,1,105
113,4.0531158447265625e-06,1,105
114,4.0531158447265625e-06,1,105
115,4.0531158447265625e-06,1,105
116,4.0531158447265625e-06,1,105
117,4.0531158447265625e-06,1,105
118,4.0531158447265625e-06,1,105
119,4.0531158447265625e-06,1,105
120,4.0531158447265625e-06,1,105
121,4.0531158447265625e-06,1,105
122,4.0531158447265625e-06,1,105
123,4.0531158447265625e-06,1,105
124,4.0531158447265625e-06,1,105
125,4.0531158447265625e-06,1,105
126,4.0531158447265625e-06,1,105
127,4.0531158447265625e-06,1,105
128,4.0531158447265625e-06,1,105
129,4.0531158447265625e-06,1,105
130,4.0531158447265625e-06,1,105
131,4.0531158447265625e-06,1,105
132,4.0531158447265625e-06,1,105
133,4.0531158447265625e-06,1,105
134,4.0531158447265625e-06,1,105
135,4.0531158447265625e-06,1,105
136,4.0531158447265625e-06,1,105
137,4.0531158447265625e-06,1,105
138,4.0531158447265625e-06,1,105
139,4.0531158447265625e-06,1,105
140,4.0531158447265625e-06,1,105
141,4.0531158447265625e-06,1,105
142,4.0531158447265625e-06,1,105
143,4.0531158447265625e-06,1,105
144,4.0531158447265625e-06,1,105
145,4.0531158447265625e-06,1,105
146,4.0531158447265625e-06,1,105
147,4.0531158447265625e-06,1,105
148,4.0531158447265625e-06,1,105
149,4.0531158447265625e-06,1,105
150,4.0531158447265625e-06,1,105
151,4.0531158447265625e-06,1,105
152,4.0531158447265625e-06,1,105
153,4.0531158447265625e-06,1,105
154,4.0531158447265625e-06,1,105
155,4.0531158447265625e-06,1,105
156,4.0531158447265625e-06,1,105
157,4.0531158447265625e-06,1,105
158,4.0531158447265625e-06,1,105
159,4.0531158447265625e-06,1,105
160,4.0531158447265625e-06,1,105
161,4.0531158447265625e-06,1,105
162,4.0531158447265625e-06,1,105
163,4.0531158447265625e-06,1,105
164,4.0531158447265625e-06,1,105
165,4.0531158447265625e-06,1,105
166,4.0531158447265625e-06,1,105
167,4.0531158447265625e-06,1,105
168,4.0531158447265625e-06,1,105
169,4.0531158447265625e-06,1,105
170,4.0531158447265625e-06,1,105
171,4.0531158447265625e-06,1,105
172,4.0531158447265625e-06,1,105
173,4.0531158447265625e-06,1,105
174,4.0531158447265625e-06,1,105
175,4.0531158447265625e-06,1,105
176,4.0531158447265625e-06,1,105
177,4.0531158447265625e-06,1,105
178,4.0531158447265625e-06,1,105
179,4.0531158447265625e-06,1,105
180,4.0531158447265625e-06,1,105
181,4.0531158447265625e-06,1,105
182,4.0531158447265625e-06,1,105
183,4.0531158447265625e-06,1,105
184,4.0531158447265625e-06,1,105
185,4.0531158447265625e-06,1,105
186,4.0531158447265625e-06,1,105
187,4.0531158447265625e-06,1,105
188,4.0531158447265625e-06,1,105
189,4.0531158447265625e-06,1,105
190,4.0531158447265625e-06,1,105
191,4.0531158447265625e-06,1,105
192,4.0531158447265625e-06,1,105
193,4.0531158447265625e-06,1,105
194,4.0531158447265625e-06,1,105
195,4.0531158447265625e-06,1,105
196,4.0531158447265625e-06,1,105
197,4.0531158447265625e-06,1,105
198,4.0531158447265625e-06,1,105
199,4.0531158447265625e-06,1,105
200,4.0531158447265625e-06,1,105
1,0.04364430904388428,1,106
2,0.04366642236709595,1,106
3,0.04366642236709595,1,106
4,0.04373764991760254,1,106
5,0.044193387031555176,1,106
6,0.044193387031555176,1,106
7,0.04533040523529053,1,106
8,0.052995145320892334,1,106
9,0.05630379915237427,1,106
10,0.05630379915237427,1,106
11,0.05630379915237427,1,106
12,0.05630379915237427,1,106
13,0.05630379915237427,1,106
14,0.05630379915237427,1,106
15,0.05630379915237427,1,106
16,0.05630379915237427,1,106
17,0.05630379915237427,1,106
18,0.05630379915237427,1,106
19,0.05630379915237427,1,106
20,0.05630379915237427,1,106
21,0.05630379915237427,1,106
22,0.05630379915237427,1,106
23,0.05630379915237427,1,106
24,0.05630379915237427,1,106
25,0.05630379915237427,1,106
26,0.05630379915237427,1,106
27,0.05630379915237427,1,106
28,0.05630379915237427,1,106
29,0.05630379915237427,1,106
30,0.05630379915237427,1,106
31,0.05630379915237427,1,106
32,0.05630379915237427,1,106
33,0.05630379915237427,1,106
34,0.05630379915237427,1,106
35,0.05630379915237427,1,106
36,0.05630379915237427,1,106
37,0.05630379915237427,1,106
38,0.05630379915237427,1,106
39,0.05630379915237427,1,106
40,0.05630379915237427,1,106
41,0.05630379915237427,1,106
42,0.05630379915237427,1,106
43,0.05630379915237427,1,106
44,0.05630379915237427,1,106
45,0.05630379915237427,1,106
46,0.05630379915237427,1,106
47,0.05630379915237427,1,106
48,0.05630379915237427,1,106
49,0.05630379915237427,1,106
50,0.05630379915237427,1,106
51,0.05630379915237427,1,106
52,0.05630379915237427,1,106
53,0.05630379915237427,1,106
54,0.05630379915237427,1,106
55,0.05630379915237427,1,106
56,0.05630379915237427,1,106
57,0.05630379915237427,1,106
58,0.05630379915237427,1,106
59,0.05630379915237427,1,106
60,0.05630379915237427,1,106
61,0.05630379915237427,1,106
62,0.05630379915237427,1,106
63,0.05630379915237427,1,106
64,0.05630379915237427,1,106
65,0.05630379915237427,1,106
66,0.05630379915237427,1,106
67,0.05630379915237427,1,106
68,0.05630379915237427,1,106
69,0.05630379915237427,1,106
70,0.05630379915237427,1,106
71,0.05630379915237427,1,106
72,0.05630379915237427,1,106
73,0.05630379915237427,1,106
74,0.05630379915237427,1,106
75,0.05630379915237427,1,106
76,0.05630379915237427,1,106
77,0.05630379915237427,1,106
78,0.05630379915237427,1,106
79,0.05630379915237427,1,106
80,0.05630379915237427,1,106
81,0.05630379915237427,1,106
82,0.05630379915237427,1,106
83,0.05630379915237427,1,106
84,0.05630379915237427,1,106
85,0.05630379915237427,1,106
86,0.05630379915237427,1,106
87,0.05630379915237427,1,106
88,0.05630379915237427,1,106
89,0.05630379915237427,1,106
90,0.05630379915237427,1,106
91,0.05630379915237427,1,106
92,0.05630379915237427,1,106
93,0.05630379915237427,1,106
94,0.05630379915237427,1,106
95,0.05630379915237427,1,106
96,0.05630379915237427,1,106
97,0.05630379915237427,1,106
98,0.05630379915237427,1,106
99,0.05630379915237427,1,106
100,0.05630379915237427,1,106
101,0.05630379915237427,1,106
102,0.05630379915237427,1,106
103,0.05630379915237427,1,106
104,0.05630379915237427,1,106
105,0.05630379915237427,1,106
106,0.05630379915237427,1,106
107,0.05630379915237427,1,106
108,0.05630379915237427,1,106
109,0.05630379915237427,1,106
110,0.05630379915237427,1,106
111,0.05630379915237427,1,106
112,0.05630379915237427,1,106
113,0.05630379915237427,1,106
114,0.05630379915237427,1,106
115,0.05630379915237427,1,106
116,0.05630379915237427,1,106
117,0.05630379915237427,1,106
118,0.05630379915237427,1,106
119,0.05630379915237427,1,106
120,0.05630379915237427,1,106
121,0.05630379915237427,1,106
122,0.05630379915237427,1,106
123,0.05630379915237427,1,106
124,0.05630379915237427,1,106
125,0.05630379915237427,1,106
126,0.05630379915237427,1,106
127,0.05630379915237427,1,106
128,0.05630379915237427,1,106
129,0.05630379915237427,1,106
130,0.05630379915237427,1,106
131,0.05630379915237427,1,106
132,0.05630379915237427,1,106
133,0.05630379915237427,1,106
134,0.05630379915237427,1,106
135,0.05630379915237427,1,106
136,0.05630379915237427,1,106
137,0.05630379915237427,1,106
138,0.05630379915237427,1,106
139,0.05630379915237427,1,106
140,0.05630379915237427,1,106
141,0.05630379915237427,1,106
142,0.05630379915237427,1,106
143,0.05630379915237427,1,106
144,0.05630379915237427,1,106
145,0.05630379915237427,1,106
146,0.05630379915237427,1,106
147,0.05630379915237427,1,106
148,0.05630379915237427,1,106
149,0.05630379915237427,1,106
150,0.05630379915237427,1,106
151,0.05630379915237427,1,106
152,0.05630379915237427,1,106
153,0.05630379915237427,1,106
154,0.05630379915237427,1,106
155,0.05630379915237427,1,106
156,0.05630379915237427,1,106
157,0.05630379915237427,1,106
158,0.05630379915237427,1,106
159,0.05630379915237427,1,106
160,0.05630379915237427,1,106
161,0.05630379915237427,1,106
162,0.05630379915237427,1,106
163,0.05630379915237427,1,106
164,0.05630379915237427,1,106
165,0.05630379915237427,1,106
166,0.05630379915237427,1,106
167,0.05630379915237427,1,106
168,0.05630379915237427,1,106
169,0.05630379915237427,1,106
170,0.05630379915237427,1,106
171,0.05630379915237427,1,106
172,0.05630379915237427,1,106
173,0.05630379915237427,1,106
174,0.05630379915237427,1,106
175,0.05630379915237427,1,106
176,0.07322239875793457,2,106
177,0.07322239875793457,2,106
178,0.07322239875793457,2,106
179,0.07322239875793457,2,106
180,0.07322239875793457,2,106
181,0.07322239875793457,2,106
182,0.07322239875793457,2,106
183,0.07322239875793457,2,106
184,0.07322239875793457,2,106
185,0.0750688910484314,2,106
186,0.0750688910484314,2,106
187,0.0750688910484314,2,106
188,0.09241557121276855,3,106
189,0.09241557121276855,3,106
190,0.09241557121276855,3,106
191,0.09241557121276855,3,106
192,0.09241557121276855,3,106
193,0.09241557121276855,3,106
194,0.09241557121276855,3,106
195,0.09241557121276855,3,106
196,0.09241557121276855,3,106
197,0.09241557121276855,3,106
198,0.09241557121276855,3,106
199,0.09241557121276855,3,106
200,0.09241557121276855,3,106
1,0.01417243480682373,1,107
2,0.014210402965545654,1,107
3,0.014210402965545654,1,107
4,0.014210402965545654,1,107
5,0.014791011810302734,1,107
6,0.01540231704711914,1,107
7,0.01549762487411499,1,107
8,0.02109670639038086,1,107
9,0.02109670639038086,1,107
10,0.02109670639038086,1,107
11,0.02109670639038086,1,107
12,0.02109670639038086,1,107
13,0.02109670639038086,1,107
14,0.02109670639038086,1,107
15,0.02109670639038086,1,107
16,0.02109670639038086,1,107
17,0.02109670639038086,1,107
18,0.02109670639038086,1,107
19,0.02109670639038086,1,107
20,0.02109670639038086,1,107
21,0.02109670639038086,1,107
22,0.02109670639038086,1,107
23,0.02109670639038086,1,107
24,0.02109670639038086,1,107
25,0.02109670639038086,1,107
26,0.02109670639038086,1,107
27,0.02109670639038086,1,107
28,0.02109670639038086,1,107
29,0.02109670639038086,1,107
30,0.02109670639038086,1,107
31,0.02109670639038086,1,107
32,0.02109670639038086,1,107
33,0.02109670639038086,1,107
34,0.02109670639038086,1,107
35,0.02109670639038086,1,107
36,0.02109670639038086,1,107
37,0.02109670639038086,1,107
38,0.02109670639038086,1,107
39,0.02109670639038086,1,107
40,0.02109670639038086,1,107
41,0.02109670639038086,1,107
42,0.02109670639038086,1,107
43,0.02109670639038086,1,107
44,0.02109670639038086,1,107
45,0.02109670639038086,1,107
46,0.02109670639038086,1,107
47,0.02109670639038086,1,107
48,0.02109670639038086,1,107
49,0.02109670639038086,1,107
50,0.02109670639038086,1,107
51,0.02109670639038086,1,107
52,0.02109670639038086,1,107
53,0.02109670639038086,1,107
54,0.02109670639038086,1,107
55,0.02109670639038086,1,107
56,0.02109670639038086,1,107
57,0.02109670639038086,1,107
58,0.02109670639038086,1,107
59,0.02109670639038086,1,107
60,0.02109670639038086,1,107
61,0.02109670639038086,1,107
62,0.02109670639038086,1,107
63,0.02109670639038086,1,107
64,0.02109670639038086,1,107
65,0.02109670639038086,1,107
66,0.02109670639038086,1,107
67,0.02109670639038086,1,107
68,0.02109670639038086,1,107
69,0.02109670639038086,1,107
70,0.02109670639038086,1,107
71,0.02109670639038086,1,107
72,0.02109670639038086,1,107
73,0.02109670639038086,1,107
74,0.02109670639038086,1,107
75,0.02109670639038086,1,107
76,0.02109670639038086,1,107
77,0.02109670639038086,1,107
78,0.02109670639038086,1,107
79,0.02109670639038086,1,107
80,0.02109670639038086,1,107
81,0.02109670639038086,1,107
82,0.02109670639038086,1,107
83,0.02109670639038086,1,107
84,0.02109670639038086,1,107
85,0.02109670639038086,1,107
86,0.02109670639038086,1,107
87,0.02109670639038086,1,107
88,0.02109670639038086,1,107
89,0.02109670639038086,1,107
90,0.02109670639038086,1,107
91,0.02109670639038086,1,107
92,0.02109670639038086,1,107
93,0.02109670639038086,1,107
94,0.02109670639038086,1,107
95,0.02109670639038086,1,107
96,0.02109670639038086,1,107
97,0.02109670639038086,1,107
98,0.02109670639038086,1,107
99,0.02109670639038086,1,107
100,0.02109670639038086,1,107
101,0.02109670639038086,1,107
102,0.02109670639038086,1,107
103,0.02109670639038086,1,107
104,0.02109670639038086,1,107
105,0.02109670639038086,1,107
106,0.02109670639038086,1,107
107,0.02109670639038086,1,107
108,0.02109670639038086,1,107
109,0.02109670639038086,1,107
110,0.02109670639038086,1,107
111,0.02109670639038086,1,107
112,0.02109670639038086,1,107
113,0.02109670639038086,1,107
114,0.02109670639038086,1,107
115,0.02109670639038086,1,107
116,0.02109670639038086,1,107
117,0.02109670639038086,1,107
118,0.02109670639038086,1,107
119,0.02109670639038086,1,107
120,0.02109670639038086,1,107
121,0.02109670639038086,1,107
122,0.02109670639038086,1,107
123,0.02109670639038086,1,107
124,0.02109670639038086,1,107
125,0.02109670639038086,1,107
126,0.02109670639038086,1,107
127,0.02109670639038086,1,107
128,0.02109670639038086,1,107
129,0.02109670639038086,1,107
130,0.02109670639038086,1,107
131,0.02109670639038086,1,107
132,0.02109670639038086,1,107
133,0.02109670639038086,1,107
134,0.02109670639038086,1,107
135,0.02109670639038086,1,107
136,0.02109670639038086,1,107
137,0.02109670639038086,1,107
138,0.02109670639038086,1,107
139,0.02109670639038086,1,107
140,0.02109670639038086,1,107
141,0.02109670639038086,1,107
142,0.02109670639038086,1,107
143,0.02109670639038086,1,107
144,0.02109670639038086,1,107
145,0.02109670639038086,1,107
146,0.02109670639038086,1,107
147,0.02109670639038086,1,107
148,0.02109670639038086,1,107
149,0.02109670639038086,1,107
150,0.02109670639038086,1,107
151,0.02109670639038086,1,107
152,0.02109670639038086,1,107
153,0.02109670639038086,1,107
154,0.02109670639038086,1,107
155,0.02109670639038086,1,107
156,0.02109670639038086,1,107
157,0.02109670639038086,1,107
158,0.02109670639038086,1,107
159,0.02109670639038086,1,107
160,0.02109670639038086,1,107
161,0.02109670639038086,1,107
162,0.02109670639038086,1,107
163,0.02109670639038086,1,107
164,0.02109670639038086,1,107
165,0.02109670639038086,1,107
166,0.02109670639038086,1,107
167,0.02109670639038086,1,107
168,0.02109670639038086,1,107
169,0.02109670639038086,1,107
170,0.02109670639038086,1,107
171,0.02109670639038086,1,107
172,0.02109670639038086,1,107
173,0.02109670639038086,1,107
174,0.02109670639038086,1,107
175,0.02109670639038086,1,107
176,0.02109670639038086,1,107
177,0.02109670639038086,1,107
178,0.02109670639038086,1,107
179,0.02109670639038086,1,107
180,0.02109670639038086,1,107
181,0.02109670639038086,1,107
182,0.02109670639038086,1,107
183,0.02109670639038086,1,107
184,0.02109670639038086,1,107
185,0.02109670639038086,1,107
186,0.02109670639038086,1,107
187,0.02109670639038086,1,107
188,0.02109670639038086,1,107
189,0.02109670639038086,1,107
190,0.02109670639038086,1,107
191,0.02109670639038086,1,107
192,0.02109670639038086,1,107
193,0.02109670639038086,1,107
194,0.02109670639038086,1,107
195,0.02109670639038086,1,107
196,0.02109670639038086,1,107
197,0.02109670639038086,1,107
198,0.02109670639038086,1,107
199,0.02109670639038086,1,107
200,0.02109670639038086,1,107
1,1.9073486328125e-06,1,108
2,2.0265579223632812e-06,1,108
3,2.1457672119140625e-06,1,108
4,2.1457672119140625e-06,1,108
5,2.1457672119140625e-06,1,108
6,2.1457672119140625e-06,1,108
7,2.1457672119140625e-06,1,108
8,2.2649765014648438e-06,1,108
9,2.2649765014648438e-06,1,108
10,2.384185791015625e-06,1,108
11,2.384185791015625e-06,1,108
12,2.384185791015625e-06,1,108
13,2.384185791015625e-06,1,108
14,2.7418136596679688e-06,1,108
15,2.7418136596679688e-06,1,108
16,2.7418136596679688e-06,1,108
17,2.7418136596679688e-06,1,108
18,2.7418136596679688e-06,1,108
19,2.7418136596679688e-06,1,108
20,2.7418136596679688e-06,1,108
21,2.7418136596679688e-06,1,108
22,2.7418136596679688e-06,1,108
23,2.7418136596679688e-06,1,108
24,2.7418136596679688e-06,1,108
25,2.7418136596679688e-06,1,108
26,2.7418136596679688e-06,1,108
27,2.7418136596679688e-06,1,108
28,2.7418136596679688e-06,1,108
29,2.7418136596679688e-06,1,108
30,2.7418136596679688e-06,1,108
31,2.7418136596679688e-06,1,108
32,2.7418136596679688e-06,1,108
33,2.7418136596679688e-06,1,108
34,2.7418136596679688e-06,1,108
35,2.86102294921875e-06,1,108
36,2.86102294921875e-06,1,108
37,2.86102294921875e-06,1,108
38,2.86102294921875e-06,1,108
39,2.86102294921875e-06,1,108
40,2.86102294921875e-06,1,108
41,2.86102294921875e-06,1,108
42,2.86102294921875e-06,1,108
43,2.86102294921875e-06,1,108
44,2.86102294921875e-06,1,108
45,2.86102294921875e-06,1,108
46,2.86102294921875e-06,1,108
47,2.86102294921875e-06,1,108
48,2.86102294921875e-06,1,108
49,2.86102294921875e-06,1,108
50,2.86102294921875e-06,1,108
51,2.86102294921875e-06,1,108
52,2.86102294921875e-06,1,108
53,2.86102294921875e-06,1,108
54,2.86102294921875e-06,1,108
55,2.86102294921875e-06,1,108
56,2.86102294921875e-06,1,108
57,2.86102294921875e-06,1,108
58,2.86102294921875e-06,1,108
59,2.86102294921875e-06,1,108
60,2.86102294921875e-06,1,108
61,2.86102294921875e-06,1,108
62,2.86102294921875e-06,1,108
63,2.86102294921875e-06,1,108
64,2.86102294921875e-06,1,108
65,2.86102294921875e-06,1,108
66,2.86102294921875e-06,1,108
67,2.86102294921875e-06,1,108
68,2.86102294921875e-06,1,108
69,2.86102294921875e-06,1,108
70,2.86102294921875e-06,1,108
71,2.86102294921875e-06,1,108
72,2.86102294921875e-06,1,108
73,2.86102294921875e-06,1,108
74,2.86102294921875e-06,1,108
75,2.86102294921875e-06,1,108
76,2.86102294921875e-06,1,108
77,2.86102294921875e-06,1,108
78,2.86102294921875e-06,1,108
79,2.86102294921875e-06,1,108
80,2.86102294921875e-06,1,108
81,2.86102294921875e-06,1,108
82,2.86102294921875e-06,1,108
83,2.86102294921875e-06,1,108
84,2.86102294921875e-06,1,108
85,2.86102294921875e-06,1,108
86,2.86102294921875e-06,1,108
87,2.86102294921875e-06,1,108
88,2.86102294921875e-06,1,108
89,2.86102294921875e-06,1,108
90,2.86102294921875e-06,1,108
91,2.86102294921875e-06,1,108
92,2.86102294921875e-06,1,108
93,2.86102294921875e-06,1,108
94,2.86102294921875e-06,1,108
95,2.86102294921875e-06,1,108
96,2.86102294921875e-06,1,108
97,2.86102294921875e-06,1,108
98,2.86102294921875e-06,1,108
99,2.86102294921875e-06,1,108
100,2.86102294921875e-06,1,108
101,2.86102294921875e-06,1,108
102,2.86102294921875e-06,1,108
103,2.86102294921875e-06,1,108
104,2.86102294921875e-06,1,108
105,2.86102294921875e-06,1,108
106,2.86102294921875e-06,1,108
107,2.86102294921875e-06,1,108
108,2.86102294921875e-06,1,108
109,2.86102294921875e-06,1,108
110,2.86102294921875e-06,1,108
111,2.86102294921875e-06,1,108
112,2.86102294921875e-06,1,108
113,2.86102294921875e-06,1,108
114,2.86102294921875e-06,1,108
115,2.86102294921875e-06,1,108
116,2.86102294921875e-06,1,108
117,2.86102294921875e-06,1,108
118,2.86102294921875e-06,1,108
119,2.86102294921875e-06,1,108
120,2.86102294921875e-06,1,108
121,2.86102294921875e-06,1,108
122,2.86102294921875e-06,1,108
123,2.86102294921875e-06,1,108
124,2.86102294921875e-06,1,108
125,2.86102294921875e-06,1,108
126,2.86102294921875e-06,1,108
127,2.86102294921875e-06,1,108
128,2.86102294921875e-06,1,108
129,2.86102294921875e-06,1,108
130,2.86102294921875e-06,1,108
131,2.86102294921875e-06,1,108
132,2.86102294921875e-06,1,108
133,2.86102294921875e-06,1,108
134,2.86102294921875e-06,1,108
135,2.86102294921875e-06,1,108
136,2.86102294921875e-06,1,108
137,2.86102294921875e-06,1,108
138,2.86102294921875e-06,1,108
139,2.86102294921875e-06,1,108
140,2.86102294921875e-06,1,108
141,2.86102294921875e-06,1,108
142,2.86102294921875e-06,1,108
143,2.86102294921875e-06,1,108
144,2.86102294921875e-06,1,108
145,2.86102294921875e-06,1,108
146,2.86102294921875e-06,1,108
147,2.86102294921875e-06,1,108
148,2.86102294921875e-06,1,108
149,2.86102294921875e-06,1,108
150,2.86102294921875e-06,1,108
151,2.86102294921875e-06,1,108
152,2.86102294921875e-06,1,108
153,2.86102294921875e-06,1,108
154,2.86102294921875e-06,1,108
155,2.86102294921875e-06,1,108
156,2.86102294921875e-06,1,108
157,2.86102294921875e-06,1,108
158,2.86102294921875e-06,1,108
159,2.86102294921875e-06,1,108
160,2.86102294921875e-06,1,108
161,2.86102294921875e-06,1,108
162,2.86102294921875e-06,1,108
163,2.86102294921875e-06,1,108
164,2.86102294921875e-06,1,108
165,2.86102294921875e-06,1,108
166,2.86102294921875e-06,1,108
167,2.86102294921875e-06,1,108
168,2.86102294921875e-06,1,108
169,2.86102294921875e-06,1,108
170,2.86102294921875e-06,1,108
171,2.86102294921875e-06,1,108
172,2.86102294921875e-06,1,108
173,2.86102294921875e-06,1,108
174,2.86102294921875e-06,1,108
175,2.86102294921875e-06,1,108
176,2.86102294921875e-06,1,108
177,2.86102294921875e-06,1,108
178,2.86102294921875e-06,1,108
179,2.86102294921875e-06,1,108
180,2.86102294921875e-06,1,108
181,2.86102294921875e-06,1,108
182,2.86102294921875e-06,1,108
183,2.86102294921875e-06,1,108
184,2.86102294921875e-06,1,108
185,2.86102294921875e-06,1,108
186,2.86102294921875e-06,1,108
187,2.86102294921875e-06,1,108
188,2.86102294921875e-06,1,108
189,2.86102294921875e-06,1,108
190,2.86102294921875e-06,1,108
191,2.86102294921875e-06,1,108
192,2.86102294921875e-06,1,108
193,2.86102294921875e-06,1,108
194,2.86102294921875e-06,1,108
195,2.86102294921875e-06,1,108
196,2.86102294921875e-06,1,108
197,2.86102294921875e-06,1,108
198,2.86102294921875e-06,1,108
199,2.86102294921875e-06,1,108
200,2.86102294921875e-06,1,108
1,6.246566772460938e-05,1,109
2,6.246566772460938e-05,1,109
3,6.401538848876953e-05,1,109
4,6.604194641113281e-05,1,109
5,6.604194641113281e-05,1,109
6,6.604194641113281e-05,1,109
7,7.748603820800781e-05,1,109
8,7.748603820800781e-05,1,109
9,7.832050323486328e-05,1,109
10,9.369850158691406e-05,1,109
11,9.369850158691406e-05,1,109
12,9.369850158691406e-05,1,109
13,9.632110595703125e-05,1,109
14,9.632110595703125e-05,1,109
15,9.632110595703125e-05,1,109
16,9.632110595703125e-05,1,109
17,9.66787338256836e-05,1,109
18,9.66787338256836e-05,1,109
19,9.66787338256836e-05,1,109
20,9.66787338256836e-05,1,109
21,9.66787338256836e-05,1,109
22,9.66787338256836e-05,1,109
23,9.942054748535156e-05,1,109
24,9.942054748535156e-05,1,109
25,9.942054748535156e-05,1,109
26,9.942054748535156e-05,1,109
27,0.00010251998901367188,1,109
28,0.00010251998901367188,1,109
29,0.00010251998901367188,1,109
30,0.00010251998901367188,1,109
31,0.00010251998901367188,1,109
32,0.00010251998901367188,1,109
33,0.00010251998901367188,1,109
34,0.00010251998901367188,1,109
35,0.00010251998901367188,1,109
36,0.00010251998901367188,1,109
37,0.00010251998901367188,1,109
38,0.00010251998901367188,1,109
39,0.00010251998901367188,1,109
40,0.00010251998901367188,1,109
41,0.00010251998901367188,1,109
42,0.00010251998901367188,1,109
43,0.00010251998901367188,1,109
44,0.00010251998901367188,1,109
45,0.00010251998901367188,1,109
46,0.00010251998901367188,1,109
47,0.00010251998901367188,1,109
48,0.00010251998901367188,1,109
49,0.00010251998901367188,1,109
50,0.00010251998901367188,1,109
51,0.00010251998901367188,1,109
52,0.00010251998901367188,1,109
53,0.00010251998901367188,1,109
54,0.00010251998901367188,1,109
55,0.00010251998901367188,1,109
56,0.00010251998901367188,1,109
57,0.00010251998901367188,1,109
58,0.00010251998901367188,1,109
59,0.00010251998901367188,1,109
60,0.00010251998901367188,1,109
61,0.00010251998901367188,1,109
62,0.00010251998901367188,1,109
63,0.00010251998901367188,1,109
64,0.00010251998901367188,1,109
65,0.00010251998901367188,1,109
66,0.00010251998901367188,1,109
67,0.00010251998901367188,1,109
68,0.00010251998901367188,1,109
69,0.00010251998901367188,1,109
70,0.00010251998901367188,1,109
71,0.00010251998901367188,1,109
72,0.00010251998901367188,1,109
73,0.00010251998901367188,1,109
74,0.00010251998901367188,1,109
75,0.00010251998901367188,1,109
76,0.00010251998901367188,1,109
77,0.00010251998901367188,1,109
78,0.00010251998901367188,1,109
79,0.00010251998901367188,1,109
80,0.00010251998901367188,1,109
81,0.00010251998901367188,1,109
82,0.00010251998901367188,1,109
83,0.00010251998901367188,1,109
84,0.00010251998901367188,1,109
85,0.00010251998901367188,1,109
86,0.00010251998901367188,1,109
87,0.00010251998901367188,1,109
88,0.00010251998901367188,1,109
89,0.00010251998901367188,1,109
90,0.00010251998901367188,1,109
91,0.00010251998901367188,1,109
92,0.00010251998901367188,1,109
93,0.00010251998901367188,1,109
94,0.00010251998901367188,1,109
95,0.00010251998901367188,1,109
96,0.00010251998901367188,1,109
97,0.00010251998901367188,1,109
98,0.00010251998901367188,1,109
99,0.00010251998901367188,1,109
100,0.00010251998901367188,1,109
101,0.00010251998901367188,1,109
102,0.00010251998901367188,1,109
103,0.00010251998901367188,1,109
104,0.00010251998901367188,1,109
105,0.00010251998901367188,1,109
106,0.00010251998901367188,1,109
107,0.00010251998901367188,1,109
108,0.00010251998901367188,1,109
109,0.00010251998901367188,1,109
110,0.00010251998901367188,1,109
111,0.00010251998901367188,1,109
112,0.00010251998901367188,1,109
113,0.00010251998901367188,1,109
114,0.00010251998901367188,1,109
115,0.00010251998901367188,1,109
116,0.00010251998901367188,1,109
117,0.00010251998901367188,1,109
118,0.00010251998901367188,1,109
119,0.00010251998901367188,1,109
120,0.00010251998901367188,1,109
121,0.00010251998901367188,1,109
122,0.00010251998901367188,1,109
123,0.00010251998901367188,1,109
124,0.00010251998901367188,1,109
125,0.00010251998901367188,1,109
126,0.00010251998901367188,1,109
127,0.00010251998901367188,1,109
128,0.00010251998901367188,1,109
129,0.00010251998901367188,1,109
130,0.00010251998901367188,1,109
131,0.00010251998901367188,1,109
132,0.00010251998901367188,1,109
133,0.00010251998901367188,1,109
134,0.00010251998901367188,1,109
135,0.00010251998901367188,1,109
136,0.00010251998901367188,1,109
137,0.00010251998901367188,1,109
138,0.00010251998901367188,1,109
139,0.00010251998901367188,1,109
140,0.00010251998901367188,1,109
141,0.00010251998901367188,1,109
142,0.00010251998901367188,1,109
143,0.00010251998901367188,1,109
144,0.00010251998901367188,1,109
145,0.00010251998901367188,1,109
146,0.00010251998901367188,1,109
147,0.00010251998901367188,1,109
148,0.00010251998901367188,1,109
149,0.00010251998901367188,1,109
150,0.00010251998901367188,1,109
151,0.00010251998901367188,1,109
152,0.00010251998901367188,1,109
153,0.00010251998901367188,1,109
154,0.00010251998901367188,1,109
155,0.00010251998901367188,1,109
156,0.00010251998901367188,1,109
157,0.00010251998901367188,1,109
158,0.00010251998901367188,1,109
159,0.00010251998901367188,1,109
160,0.00010251998901367188,1,109
161,0.00010251998901367188,1,109
162,0.00010251998901367188,1,109
163,0.00010251998901367188,1,109
164,0.00010251998901367188,1,109
165,0.00010251998901367188,1,109
166,0.00010251998901367188,1,109
167,0.00010251998901367188,1,109
168,0.00010251998901367188,1,109
169,0.00010251998901367188,1,109
170,0.00010251998901367188,1,109
171,0.00010251998901367188,1,109
172,0.00010251998901367188,1,109
173,0.00010251998901367188,1,109
174,0.00010251998901367188,1,109
175,0.00010251998901367188,1,109
176,0.00010251998901367188,1,109
177,0.00010251998901367188,1,109
178,0.00010251998901367188,1,109
179,0.00010251998901367188,1,109
180,0.00010251998901367188,1,109
181,0.00010251998901367188,1,109
182,0.00010251998901367188,1,109
183,0.00010251998901367188,1,109
184,0.00010251998901367188,1,109
185,0.00010251998901367188,1,109
186,0.00010251998901367188,1,109
187,0.00010251998901367188,1,109
188,0.00010251998901367188,1,109
189,0.00010251998901367188,1,109
190,0.00010251998901367188,1,109
191,0.00010251998901367188,1,109
192,0.00010251998901367188,1,109
193,0.00010251998901367188,1,109
194,0.00010251998901367188,1,109
195,0.00010251998901367188,1,109
196,0.00010251998901367188,1,109
197,0.00010251998901367188,1,109
198,0.00010251998901367188,1,109
199,0.00010251998901367188,1,109
200,0.00010251998901367188,1,109
1,7.832050323486328e-05,1,110
2,7.832050323486328e-05,1,110
3,7.832050323486328e-05,1,110
4,7.855892181396484e-05,1,110
5,7.903575897216797e-05,1,110
6,8.14199447631836e-05,1,110
7,8.14199447631836e-05,1,110
8,8.535385131835938e-05,1,110
9,8.535385131835938e-05,1,110
10,8.535385131835938e-05,1,110
11,9.298324584960938e-05,1,110
12,9.298324584960938e-05,1,110
13,9.298324584960938e-05,1,110
14,9.465217590332031e-05,1,110
15,9.465217590332031e-05,1,110
16,9.512901306152344e-05,1,110
17,9.846687316894531e-05,1,110
18,9.846687316894531e-05,1,110
19,9.846687316894531e-05,1,110
20,9.846687316894531e-05,1,110
21,9.846687316894531e-05,1,110
22,0.00010919570922851562,1,110
23,0.00010919570922851562,1,110
24,0.00010919570922851562,1,110
25,0.00011527538299560547,1,110
26,0.00011527538299560547,1,110
27,0.00011527538299560547,1,110
28,0.00011527538299560547,1,110
29,0.00011527538299560547,1,110
30,0.00011527538299560547,1,110
31,0.00011527538299560547,1,110
32,0.00011527538299560547,1,110
33,0.00011527538299560547,1,110
34,0.00011527538299560547,1,110
35,0.00011527538299560547,1,110
36,0.00011527538299560547,1,110
37,0.00011527538299560547,1,110
38,0.00011527538299560547,1,110
39,0.00011527538299560547,1,110
40,0.00011527538299560547,1,110
41,0.00011527538299560547,1,110
42,0.00011527538299560547,1,110
43,0.00011527538299560547,1,110
44,0.00011527538299560547,1,110
45,0.00011527538299560547,1,110
46,0.00011527538299560547,1,110
47,0.00011527538299560547,1,110
48,0.00011527538299560547,1,110
49,0.00011527538299560547,1,110
50,0.00011527538299560547,1,110
51,0.00011527538299560547,1,110
52,0.00011527538299560547,1,110
53,0.00011527538299560547,1,110
54,0.00011527538299560547,1,110
55,0.00011527538299560547,1,110
56,0.00011527538299560547,1,110
57,0.00011527538299560547,1,110
58,0.00011527538299560547,1,110
59,0.00011527538299560547,1,110
60,0.00011527538299560547,1,110
61,0.00011527538299560547,1,110
62,0.00011527538299560547,1,110
63,0.00011527538299560547,1,110
64,0.00011527538299560547,1,110
65,0.00011527538299560547,1,110
66,0.00011527538299560547,1,110
67,0.00011527538299560547,1,110
68,0.00011527538299560547,1,110
69,0.00011527538299560547,1,110
70,0.00011527538299560547,1,110
71,0.00011527538299560547,1,110
72,0.00011527538299560547,1,110
73,0.00011527538299560547,1,110
74,0.00011527538299560547,1,110
75,0.00011527538299560547,1,110
76,0.00011527538299560547,1,110
77,0.00011527538299560547,1,110
78,0.00011527538299560547,1,110
79,0.00011527538299560547,1,110
80,0.00011527538299560547,1,110
81,0.00011527538299560547,1,110
82,0.00011527538299560547,1,110
83,0.00011527538299560547,1,110
84,0.00011527538299560547,1,110
85,0.00011527538299560547,1,110
86,0.00011527538299560547,1,110
87,0.00011527538299560547,1,110
88,0.00011527538299560547,1,110
89,0.00011527538299560547,1,110
90,0.00011527538299560547,1,110
91,0.00011527538299560547,1,110
92,0.00011527538299560547,1,110
93,0.00011527538299560547,1,110
94,0.00011527538299560547,1,110
95,0.00011527538299560547,1,110
96,0.00011527538299560547,1,110
97,0.00011527538299560547,1,110
98,0.00011527538299560547,1,110
99,0.00011527538299560547,1,110
100,0.00011527538299560547,1,110
101,0.00011527538299560547,1,110
102,0.00011527538299560547,1,110
103,0.00011527538299560547,1,110
104,0.00011527538299560547,1,110
105,0.00011527538299560547,1,110
106,0.00011527538299560547,1,110
107,0.00011527538299560547,1,110
108,0.00011527538299560547,1,110
109,0.00011527538299560547,1,110
110,0.00011527538299560547,1,110
111,0.00011527538299560547,1,110
112,0.00011527538299560547,1,110
113,0.00011527538299560547,1,110
114,0.00011527538299560547,1,110
115,0.00011527538299560547,1,110
116,0.00011527538299560547,1,110
117,0.00011527538299560547,1,110
118,0.00011527538299560547,1,110
119,0.00011527538299560547,1,110
120,0.00011527538299560547,1,110
121,0.00011527538299560547,1,110
122,0.00011527538299560547,1,110
123,0.00011527538299560547,1,110
124,0.00011527538299560547,1,110
125,0.00011527538299560547,1,110
126,0.00011527538299560547,1,110
127,0.00011527538299560547,1,110
128,0.00011527538299560547,1,110
129,0.00011527538299560547,1,110
130,0.00011527538299560547,1,110
131,0.00011527538299560547,1,110
132,0.00011527538299560547,1,110
133,0.00011527538299560547,1,110
134,0.00011527538299560547,1,110
135,0.00011527538299560547,1,110
136,0.00011527538299560547,1,110
137,0.00011527538299560547,1,110
138,0.00011527538299560547,1,110
139,0.00011527538299560547,1,110
140,0.00011527538299560547,1,110
141,0.00011527538299560547,1,110
142,0.00011527538299560547,1,110
143,0.00011527538299560547,1,110
144,0.00011527538299560547,1,110
145,0.00011527538299560547,1,110
146,0.00011527538299560547,1,110
147,0.00011527538299560547,1,110
148,0.00011527538299560547,1,110
149,0.00011527538299560547,1,110
150,0.00011527538299560547,1,110
151,0.00011527538299560547,1,110
152,0.00011527538299560547,1,110
153,0.00011527538299560547,1,110
154,0.00011527538299560547,1,110
155,0.00011527538299560547,1,110
156,0.00011527538299560547,1,110
157,0.00011527538299560547,1,110
158,0.00011527538299560547,1,110
159,0.00011527538299560547,1,110
160,0.00011527538299560547,1,110
161,0.00011527538299560547,1,110
162,0.00011527538299560547,1,110
163,0.00011527538299560547,1,110
164,0.00011527538299560547,1,110
165,0.00011527538299560547,1,110
166,0.00011527538299560547,1,110
167,0.00011527538299560547,1,110
168,0.00011527538299560547,1,110
169,0.00011527538299560547,1,110
170,0.00011527538299560547,1,110
171,0.00011527538299560547,1,110
172,0.00011527538299560547,1,110
173,0.00011527538299560547,1,110
174,0.00011527538299560547,1,110
175,0.00011527538299560547,1,110
176,0.00011527538299560547,1,110
177,0.00011527538299560547,1,110
178,0.00011527538299560547,1,110
179,0.00011527538299560547,1,110
180,0.00011527538299560547,1,110
181,0.00011527538299560547,1,110
182,0.00011527538299560547,1,110
183,0.00011527538299560547,1,110
184,0.00011527538299560547,1,110
185,0.00011527538299560547,1,110
186,0.00011527538299560547,1,110
187,0.00011527538299560547,1,110
188,0.00011527538299560547,1,110
189,0.00011527538299560547,1,110
190,0.00011527538299560547,1,110
191,0.00011527538299560547,1,110
192,0.00011527538299560547,1,110
193,0.00011527538299560547,1,110
194,0.00011527538299560547,1,110
195,0.00011527538299560547,1,110
196,0.00011527538299560547,1,110
197,0.00011527538299560547,1,110
198,0.00011527538299560547,1,110
199,0.00011527538299560547,1,110
200,0.00011527538299560547,1,110
1,7.152557373046875e-07,1,111
2,8.344650268554688e-07,1,111
3,8.344650268554688e-07,1,111
4,8.344650268554688e-07,1,111
5,8.344650268554688e-07,1,111
6,8.344650268554688e-07,1,111
7,8.344650268554688e-07,1,111
8,9.5367431640625e-07,1,111
9,9.5367431640625e-07,1,111
10,9.5367431640625e-07,1,111
11,9.5367431640625e-07,1,111
12,9.5367431640625e-07,1,111
13,9.5367431640625e-07,1,111
14,9.5367431640625e-07,1,111
15,9.5367431640625e-07,1,111
16,1.0728836059570312e-06,1,111
17,1.0728836059570312e-06,1,111
18,1.0728836059570312e-06,1,111
19,1.0728836059570312e-06,1,111
20,1.0728836059570312e-06,1,111
21,1.0728836059570312e-06,1,111
22,1.0728836059570312e-06,1,111
23,1.0728836059570312e-06,1,111
24,1.0728836059570312e-06,1,111
25,1.0728836059570312e-06,1,111
26,1.0728836059570312e-06,1,111
27,1.0728836059570312e-06,1,111
28,1.0728836059570312e-06,1,111
29,1.0728836059570312e-06,1,111
30,1.0728836059570312e-06,1,111
31,1.0728836059570312e-06,1,111
32,1.0728836059570312e-06,1,111
33,1.0728836059570312e-06,1,111
34,1.0728836059570312e-06,1,111
35,1.0728836059570312e-06,1,111
36,1.0728836059570312e-06,1,111
37,1.0728836059570312e-06,1,111
38,1.0728836059570312e-06,1,111
39,1.0728836059570312e-06,1,111
40,1.0728836059570312e-06,1,111
41,1.0728836059570312e-06,1,111
42,1.0728836059570312e-06,1,111
43,1.0728836059570312e-06,1,111
44,1.0728836059570312e-06,1,111
45,1.0728836059570312e-06,1,111
46,1.0728836059570312e-06,1,111
47,1.0728836059570312e-06,1,111
48,1.0728836059570312e-06,1,111
49,1.0728836059570312e-06,1,111
50,1.0728836059570312e-06,1,111
51,1.0728836059570312e-06,1,111
52,1.0728836059570312e-06,1,111
53,1.0728836059570312e-06,1,111
54,1.0728836059570312e-06,1,111
55,1.0728836059570312e-06,1,111
56,1.0728836059570312e-06,1,111
57,1.0728836059570312e-06,1,111
58,1.0728836059570312e-06,1,111
59,1.0728836059570312e-06,1,111
60,1.0728836059570312e-06,1,111
61,1.0728836059570312e-06,1,111
62,1.0728836059570312e-06,1,111
63,1.0728836059570312e-06,1,111
64,1.0728836059570312e-06,1,111
65,1.0728836059570312e-06,1,111
66,1.0728836059570312e-06,1,111
67,1.0728836059570312e-06,1,111
68,1.0728836059570312e-06,1,111
69,1.0728836059570312e-06,1,111
70,1.0728836059570312e-06,1,111
71,1.0728836059570312e-06,1,111
72,1.0728836059570312e-06,1,111
73,1.0728836059570312e-06,1,111
74,1.0728836059570312e-06,1,111
75,1.0728836059570312e-06,1,111
76,1.0728836059570312e-06,1,111
77,1.0728836059570312e-06,1,111
78,1.0728836059570312e-06,1,111
79,1.0728836059570312e-06,1,111
80,1.0728836059570312e-06,1,111
81,1.0728836059570312e-06,1,111
82,1.0728836059570312e-06,1,111
83,1.0728836059570312e-06,1,111
84,1.0728836059570312e-06,1,111
85,1.0728836059570312e-06,1,111
86,1.0728836059570312e-06,1,111
87,1.0728836059570312e-06,1,111
88,1.0728836059570312e-06,1,111
89,1.0728836059570312e-06,1,111
90,1.0728836059570312e-06,1,111
91,1.0728836059570312e-06,1,111
92,1.0728836059570312e-06,1,111
93,1.0728836059570312e-06,1,111
94,1.0728836059570312e-06,1,111
95,1.0728836059570312e-06,1,111
96,1.0728836059570312e-06,1,111
97,1.0728836059570312e-06,1,111
98,1.0728836059570312e-06,1,111
99,1.0728836059570312e-06,1,111
100,1.0728836059570312e-06,1,111
101,1.0728836059570312e-06,1,111
102,1.0728836059570312e-06,1,111
103,1.0728836059570312e-06,1,111
104,1.0728836059570312e-06,1,111
105,1.0728836059570312e-06,1,111
106,1.0728836059570312e-06,1,111
107,1.0728836059570312e-06,1,111
108,1.0728836059570312e-06,1,111
109,1.0728836059570312e-06,1,111
110,1.0728836059570312e-06,1,111
111,1.0728836059570312e-06,1,111
112,1.0728836059570312e-06,1,111
113,1.0728836059570312e-06,1,111
114,1.0728836059570312e-06,1,111
115,1.0728836059570312e-06,1,111
116,1.0728836059570312e-06,1,111
117,1.0728836059570312e-06,1,111
118,1.0728836059570312e-06,1,111
119,1.0728836059570312e-06,1,111
120,1.0728836059570312e-06,1,111
121,1.0728836059570312e-06,1,111
122,1.0728836059570312e-06,1,111
123,1.0728836059570312e-06,1,111
124,1.0728836059570312e-06,1,111
125,1.0728836059570312e-06,1,111
126,1.0728836059570312e-06,1,111
127,1.0728836059570312e-06,1,111
128,1.0728836059570312e-06,1,111
129,1.0728836059570312e-06,1,111
130,1.0728836059570312e-06,1,111
131,1.0728836059570312e-06,1,111
132,1.0728836059570312e-06,1,111
133,1.0728836059570312e-06,1,111
134,1.0728836059570312e-06,1,111
135,1.0728836059570312e-06,1,111
136,1.0728836059570312e-06,1,111
137,1.0728836059570312e-06,1,111
138,1.0728836059570312e-06,1,111
139,1.0728836059570312e-06,1,111
140,1.0728836059570312e-06,1,111
141,1.0728836059570312e-06,1,111
142,1.0728836059570312e-06,1,111
143,1.0728836059570312e-06,1,111
144,1.0728836059570312e-06,1,111
145,1.0728836059570312e-06,1,111
146,1.0728836059570312e-06,1,111
147,1.0728836059570312e-06,1,111
148,1.0728836059570312e-06,1,111
149,1.0728836059570312e-06,1,111
150,1.0728836059570312e-06,1,111
151,1.0728836059570312e-06,1,111
152,1.0728836059570312e-06,1,111
153,1.0728836059570312e-06,1,111
154,1.0728836059570312e-06,1,111
155,1.0728836059570312e-06,1,111
156,1.0728836059570312e-06,1,111
157,1.0728836059570312e-06,1,111
158,1.0728836059570312e-06,1,111
159,1.0728836059570312e-06,1,111
160,1.0728836059570312e-06,1,111
161,1.0728836059570312e-06,1,111
162,1.0728836059570312e-06,1,111
163,1.0728836059570312e-06,1,111
164,1.0728836059570312e-06,1,111
165,1.0728836059570312e-06,1,111
166,1.0728836059570312e-06,1,111
167,1.0728836059570312e-06,1,111
168,1.0728836059570312e-06,1,111
169,1.0728836059570312e-06,1,111
170,1.0728836059570312e-06,1,111
171,1.0728836059570312e-06,1,111
172,1.0728836059570312e-06,1,111
173,1.0728836059570312e-06,1,111
174,1.0728836059570312e-06,1,111
175,1.0728836059570312e-06,1,111
176,1.0728836059570312e-06,1,111
177,1.0728836059570312e-06,1,111
178,1.0728836059570312e-06,1,111
179,1.0728836059570312e-06,1,111
180,1.0728836059570312e-06,1,111
181,1.0728836059570312e-06,1,111
182,1.0728836059570312e-06,1,111
183,1.0728836059570312e-06,1,111
184,1.0728836059570312e-06,1,111
185,1.0728836059570312e-06,1,111
186,1.0728836059570312e-06,1,111
187,1.0728836059570312e-06,1,111
188,1.0728836059570312e-06,1,111
189,1.0728836059570312e-06,1,111
190,1.0728836059570312e-06,1,111
191,1.0728836059570312e-06,1,111
192,1.0728836059570312e-06,1,111
193,1.0728836059570312e-06,1,111
194,1.0728836059570312e-06,1,111
195,1.0728836059570312e-06,1,111
196,1.0728836059570312e-06,1,111
197,1.0728836059570312e-06,1,111
198,1.0728836059570312e-06,1,111
199,1.0728836059570312e-06,1,111
200,1.0728836059570312e-06,1,111
1,0.0005668997764587402,1,112
2,0.0005677342414855957,1,112
3,0.0005677342414855957,1,112
4,0.0005701184272766113,1,112
5,0.0005701184272766113,1,112
6,0.0006115436553955078,1,112
7,0.0006115436553955078,1,112
8,0.0006115436553955078,1,112
9,0.0006115436553955078,1,112
10,0.0006256699562072754,1,112
11,0.0006692409515380859,1,112
12,0.0006848573684692383,1,112
13,0.0006848573684692383,1,112
14,0.0006985664367675781,1,112
15,0.0006985664367675781,1,112
16,0.0006985664367675781,1,112
17,0.0006985664367675781,1,112
18,0.0006985664367675781,1,112
19,0.0006985664367675781,1,112
20,0.000716865062713623,1,112
21,0.000716865062713623,1,112
22,0.000716865062713623,1,112
23,0.000716865062713623,1,112
24,0.0007281899452209473,1,112
25,0.0007281899452209473,1,112
26,0.0007281899452209473,1,112
27,0.0007281899452209473,1,112
28,0.0007281899452209473,1,112
29,0.0007281899452209473,1,112
30,0.0007281899452209473,1,112
31,0.0007308125495910645,1,112
32,0.0007308125495910645,1,112
33,0.0007308125495910645,1,112
34,0.00086212158203125,1,112
35,0.00086212158203125,1,112
36,0.00086212158203125,1,112
37,0.00086212158203125,1,112
38,0.00086212158203125,1,112
39,0.00086212158203125,1,112
40,0.0009378790855407715,1,112
41,0.0009378790855407715,1,112
42,0.0009378790855407715,1,112
43,0.0009378790855407715,1,112
44,0.0009378790855407715,1,112
45,0.0009378790855407715,1,112
46,0.0009378790855407715,1,112
47,0.0009378790855407715,1,112
48,0.0009378790855407715,1,112
49,0.0009378790855407715,1,112
50,0.0009378790855407715,1,112
51,0.0009378790855407715,1,112
52,0.0009378790855407715,1,112
53,0.0009378790855407715,1,112
54,0.0009378790855407715,1,112
55,0.0009378790855407715,1,112
56,0.0009378790855407715,1,112
57,0.0009378790855407715,1,112
58,0.0009378790855407715,1,112
59,0.0009378790855407715,1,112
60,0.0009378790855407715,1,112
61,0.0009378790855407715,1,112
62,0.0009378790855407715,1,112
63,0.0009378790855407715,1,112
64,0.0009378790855407715,1,112
65,0.0009378790855407715,1,112
66,0.0009378790855407715,1,112
67,0.0009378790855407715,1,112
68,0.0009378790855407715,1,112
69,0.0009378790855407715,1,112
70,0.0009378790855407715,1,112
71,0.0009378790855407715,1,112
72,0.0009378790855407715,1,112
73,0.0009378790855407715,1,112
74,0.0009378790855407715,1,112
75,0.0009378790855407715,1,112
76,0.0009378790855407715,1,112
77,0.0009378790855407715,1,112
78,0.0009378790855407715,1,112
79,0.0009378790855407715,1,112
80,0.0009378790855407715,1,112
81,0.0009378790855407715,1,112
82,0.0009378790855407715,1,112
83,0.0009378790855407715,1,112
84,0.0009378790855407715,1,112
85,0.0009378790855407715,1,112
86,0.0009378790855407715,1,112
87,0.0009378790855407715,1,112
88,0.0009378790855407715,1,112
89,0.0009378790855407715,1,112
90,0.0009378790855407715,1,112
91,0.0009378790855407715,1,112
92,0.0009378790855407715,1,112
93,0.0009378790855407715,1,112
94,0.0009378790855407715,1,112
95,0.0009378790855407715,1,112
96,0.0009378790855407715,1,112
97,0.0009378790855407715,1,112
98,0.0009378790855407715,1,112
99,0.0009378790855407715,1,112
100,0.0009378790855407715,1,112
101,0.0009378790855407715,1,112
102,0.0009378790855407715,1,112
103,0.0009378790855407715,1,112
104,0.0009378790855407715,1,112
105,0.0009378790855407715,1,112
106,0.0009378790855407715,1,112
107,0.0009378790855407715,1,112
108,0.0009378790855407715,1,112
109,0.0009378790855407715,1,112
110,0.0009378790855407715,1,112
111,0.0009378790855407715,1,112
112,0.0009378790855407715,1,112
113,0.0009378790855407715,1,112
114,0.0009378790855407715,1,112
115,0.0009378790855407715,1,112
116,0.0009378790855407715,1,112
117,0.0009378790855407715,1,112
118,0.0009378790855407715,1,112
119,0.0009378790855407715,1,112
120,0.0009378790855407715,1,112
121,0.0009378790855407715,1,112
122,0.0009378790855407715,1,112
123,0.0009378790855407715,1,112
124,0.0009378790855407715,1,112
125,0.0009378790855407715,1,112
126,0.0009378790855407715,1,112
127,0.0009378790855407715,1,112
128,0.0009378790855407715,1,112
129,0.0009378790855407715,1,112
130,0.0009378790855407715,1,112
131,0.0009378790855407715,1,112
132,0.0009378790855407715,1,112
133,0.0009378790855407715,1,112
134,0.0009378790855407715,1,112
135,0.0009378790855407715,1,112
136,0.0009378790855407715,1,112
137,0.0009378790855407715,1,112
138,0.0009378790855407715,1,112
139,0.0009378790855407715,1,112
140,0.0009378790855407715,1,112
141,0.0009378790855407715,1,112
142,0.0009378790855407715,1,112
143,0.0009378790855407715,1,112
144,0.0009378790855407715,1,112
145,0.0009378790855407715,1,112
146,0.0009378790855407715,1,112
147,0.0009378790855407715,1,112
148,0.0009378790855407715,1,112
149,0.0009378790855407715,1,112
150,0.0009378790855407715,1,112
151,0.0009378790855407715,1,112
152,0.0009378790855407715,1,112
153,0.0009378790855407715,1,112
154,0.0009378790855407715,1,112
155,0.0009378790855407715,1,112
156,0.0009378790855407715,1,112
157,0.0009378790855407715,1,112
158,0.0009378790855407715,1,112
159,0.0009378790855407715,1,112
160,0.0009378790855407715,1,112
161,0.0009378790855407715,1,112
162,0.0009378790855407715,1,112
163,0.0009378790855407715,1,112
164,0.0009378790855407715,1,112
165,0.0009378790855407715,1,112
166,0.0009378790855407715,1,112
167,0.0009378790855407715,1,112
168,0.0009378790855407715,1,112
169,0.0009378790855407715,1,112
170,0.0009378790855407715,1,112
171,0.0009378790855407715,1,112
172,0.0009378790855407715,1,112
173,0.0009378790855407715,1,112
174,0.0009378790855407715,1,112
175,0.0009378790855407715,1,112
176,0.0009378790855407715,1,112
177,0.0009378790855407715,1,112
178,0.0009378790855407715,1,112
179,0.0009378790855407715,1,112
180,0.0009378790855407715,1,112
181,0.0009378790855407715,1,112
182,0.0009378790855407715,1,112
183,0.0009378790855407715,1,112
184,0.0009378790855407715,1,112
185,0.0009378790855407715,1,112
186,0.0009378790855407715,1,112
187,0.0009378790855407715,1,112
188,0.0009378790855407715,1,112
189,0.0009378790855407715,1,112
190,0.0009378790855407715,1,112
191,0.0009378790855407715,1,112
192,0.0009378790855407715,1,112
193,0.0009378790855407715,1,112
194,0.0009378790855407715,1,112
195,0.0009378790855407715,1,112
196,0.0009378790855407715,1,112
197,0.0009378790855407715,1,112
198,0.0009378790855407715,1,112
199,0.0009378790855407715,1,112
200,0.0009378790855407715,1,112
1,0.019279301166534424,1,113
2,0.019279301166534424,1,113
3,0.019795596599578857,1,113
4,0.01991492509841919,1,113
5,0.020029544830322266,1,113
6,0.0216253399848938,1,113
7,0.0216253399848938,1,113
8,0.022001147270202637,1,113
9,0.022374987602233887,1,113
10,0.024605512619018555,1,113
11,0.02742081880569458,1,113
12,0.02742081880569458,1,113
13,0.02742081880569458,1,113
14,0.02742081880569458,1,113
15,0.02742081880569458,1,113
16,0.028619706630706787,1,113
17,0.028619706630706787,1,113
18,0.028619706630706787,1,113
19,0.028619706630706787,1,113
20,0.028619706630706787,1,113
21,0.028619706630706787,1,113
22,0.028619706630706787,1,113
23,0.028619706630706787,1,113
24,0.028619706630706787,1,113
25,0.029688715934753418,1,113
26,0.029688715934753418,1,113
27,0.029688715934753418,1,113
28,0.029688715934753418,1,113
29,0.029688715934753418,1,113
30,0.029688715934753418,1,113
31,0.029688715934753418,1,113
32,0.029688715934753418,1,113
33,0.029688715934753418,1,113
34,0.029688715934753418,1,113
35,0.03211408853530884,1,113
36,0.03211408853530884,1,113
37,0.03211408853530884,1,113
38,0.03211408853530884,1,113
39,0.03211408853530884,1,113
40,0.03211408853530884,1,113
41,0.03211408853530884,1,113
42,0.03211408853530884,1,113
43,0.03211408853530884,1,113
44,0.03211408853530884,1,113
45,0.03211408853530884,1,113
46,0.03211408853530884,1,113
47,0.03211408853530884,1,113
48,0.03211408853530884,1,113
49,0.03211408853530884,1,113
50,0.03211408853530884,1,113
51,0.03211408853530884,1,113
52,0.03211408853530884,1,113
53,0.03211408853530884,1,113
54,0.03211408853530884,1,113
55,0.03211408853530884,1,113
56,0.03211408853530884,1,113
57,0.03211408853530884,1,113
58,0.03211408853530884,1,113
59,0.03211408853530884,1,113
60,0.03211408853530884,1,113
61,0.03211408853530884,1,113
62,0.03211408853530884,1,113
63,0.03211408853530884,1,113
64,0.03211408853530884,1,113
65,0.03211408853530884,1,113
66,0.03211408853530884,1,113
67,0.03211408853530884,1,113
68,0.03211408853530884,1,113
69,0.03211408853530884,1,113
70,0.03211408853530884,1,113
71,0.03211408853530884,1,113
72,0.03211408853530884,1,113
73,0.03211408853530884,1,113
74,0.03211408853530884,1,113
75,0.03211408853530884,1,113
76,0.03211408853530884,1,113
77,0.03211408853530884,1,113
78,0.03211408853530884,1,113
79,0.03211408853530884,1,113
80,0.03211408853530884,1,113
81,0.03211408853530884,1,113
82,0.03211408853530884,1,113
83,0.03211408853530884,1,113
84,0.03211408853530884,1,113
85,0.05006051063537598,2,113
86,0.05006051063537598,2,113
87,0.05006051063537598,2,113
88,0.05006051063537598,2,113
89,0.05006051063537598,2,113
90,0.051651835441589355,2,113
91,0.051651835441589355,2,113
92,0.051651835441589355,2,113
93,0.051651835441589355,2,113
94,0.051651835441589355,2,113
95,0.051651835441589355,2,113
96,0.051651835441589355,2,113
97,0.051651835441589355,2,113
98,0.051651835441589355,2,113
99,0.051651835441589355,2,113
100,0.05516326427459717,2,113
101,0.05516326427459717,2,113
102,0.05516326427459717,2,113
103,0.05516326427459717,2,113
104,0.05516326427459717,2,113
105,0.05516326427459717,2,113
106,0.05516326427459717,2,113
107,0.05516326427459717,2,113
108,0.058931946754455566,2,113
109,0.058931946754455566,2,113
110,0.058931946754455566,2,113
111,0.058931946754455566,2,113
112,0.058931946754455566,2,113
113,0.06268841028213501,2,113
114,0.06268841028213501,2,113
115,0.06268841028213501,2,113
116,0.06268841028213501,2,113
117,0.06268841028213501,2,113
118,0.06268841028213501,2,113
119,0.06268841028213501,2,113
120,0.10895252227783203,4,113
121,0.10895252227783203,4,113
122,0.10895252227783203,4,113
123,0.10895252227783203,4,113
124,0.10895252227783203,4,113
125,0.10895252227783203,4,113
126,0.10895252227783203,4,113
127,0.10895252227783203,4,113
128,0.10895252227783203,4,113
129,0.10895252227783203,4,113
130,0.10895252227783203,4,113
131,0.10895252227783203,4,113
132,0.10058927536010742,3,113
133,0.10058927536010742,3,113
134,0.10058927536010742,3,113
135,0.10058927536010742,3,113
136,0.10058927536010742,3,113
137,0.11776667833328247,4,113
138,0.12480777502059937,4,113
139,0.12480777502059937,4,113
140,0.14577573537826538,5,113
141,0.13363736867904663,4,113
142,0.13363736867904663,4,113
143,0.13363736867904663,4,113
144,0.13363736867904663,4,113
145,0.13908851146697998,4,113
146,0.13908851146697998,4,113
147,0.1426321268081665,4,113
148,0.1426321268081665,4,113
149,0.1426321268081665,4,113
150,0.1426321268081665,4,113
151,0.16286343336105347,5,113
152,0.16286343336105347,5,113
153,0.16286343336105347,5,113
154,0.16286343336105347,5,113
155,0.16977381706237793,5,113
156,0.16977381706237793,5,113
157,0.1968199610710144,6,113
158,0.1968199610710144,6,113
159,0.1968199610710144,6,113
160,0.1968199610710144,6,113
161,0.1968199610710144,6,113
162,0.23821759223937988,7,113
163,0.23821759223937988,7,113
164,0.23821759223937988,7,113
165,0.23821759223937988,7,113
166,0.23821759223937988,7,113
167,0.23821759223937988,7,113
168,0.23821759223937988,7,113
169,0.23821759223937988,7,113
170,0.23821759223937988,7,113
171,0.24751973152160645,7,113
172,0.24751973152160645,7,113
173,0.24751973152160645,7,113
174,0.24751973152160645,7,113
175,0.24751973152160645,7,113
176,0.24751973152160645,7,113
177,0.24751973152160645,7,113
178,0.273170530796051,8,113
179,0.273170530796051,8,113
180,0.273170530796051,8,113
181,0.273170530796051,8,113
182,0.273170530796051,8,113
183,0.273170530796051,8,113
184,0.273170530796051,8,113
185,0.273170530796051,8,113
186,0.273170530796051,8,113
187,0.24068820476531982,6,113
188,0.24068820476531982,6,113
189,0.2616223692893982,7,113
190,0.24546808004379272,6,113
191,0.24546808004379272,6,113
192,0.24546808004379272,6,113
193,0.24546808004379272,6,113
194,0.24546808004379272,6,113
195,0.24546808004379272,6,113
196,0.2878516912460327,8,113
197,0.2878516912460327,8,113
198,0.2878516912460327,8,113
199,0.2878516912460327,8,113
200,0.2878516912460327,8,113
1,1.9073486328125e-06,1,114
2,1.9073486328125e-06,1,114
3,2.0265579223632812e-06,1,114
4,2.0265579223632812e-06,1,114
5,2.0265579223632812e-06,1,114
6,2.0265579223632812e-06,1,114
7,2.2649765014648438e-06,1,114
8,2.2649765014648438e-06,1,114
9,2.2649765014648438e-06,1,114
10,2.5033950805664062e-06,1,114
11,2.5033950805664062e-06,1,114
12,2.5033950805664062e-06,1,114
13,2.5033950805664062e-06,1,114
14,2.5033950805664062e-06,1,114
15,2.5033950805664062e-06,1,114
16,2.5033950805664062e-06,1,114
17,2.5033950805664062e-06,1,114
18,2.5033950805664062e-06,1,114
19,2.5033950805664062e-06,1,114
20,2.6226043701171875e-06,1,114
21,2.6226043701171875e-06,1,114
22,2.6226043701171875e-06,1,114
23,2.6226043701171875e-06,1,114
24,2.6226043701171875e-06,1,114
25,2.6226043701171875e-06,1,114
26,2.6226043701171875e-06,1,114
27,2.6226043701171875e-06,1,114
28,2.6226043701171875e-06,1,114
29,2.6226043701171875e-06,1,114
30,2.6226043701171875e-06,1,114
31,2.6226043701171875e-06,1,114
32,2.6226043701171875e-06,1,114
33,2.6226043701171875e-06,1,114
34,2.6226043701171875e-06,1,114
35,2.6226043701171875e-06,1,114
36,2.6226043701171875e-06,1,114
37,2.6226043701171875e-06,1,114
38,2.6226043701171875e-06,1,114
39,2.6226043701171875e-06,1,114
40,2.6226043701171875e-06,1,114
41,2.6226043701171875e-06,1,114
42,2.6226043701171875e-06,1,114
43,2.6226043701171875e-06,1,114
44,2.6226043701171875e-06,1,114
45,2.6226043701171875e-06,1,114
46,2.6226043701171875e-06,1,114
47,2.6226043701171875e-06,1,114
48,2.6226043701171875e-06,1,114
49,2.6226043701171875e-06,1,114
50,2.6226043701171875e-06,1,114
51,2.6226043701171875e-06,1,114
52,2.6226043701171875e-06,1,114
53,2.6226043701171875e-06,1,114
54,2.6226043701171875e-06,1,114
55,2.6226043701171875e-06,1,114
56,2.6226043701171875e-06,1,114
57,2.6226043701171875e-06,1,114
58,2.6226043701171875e-06,1,114
59,2.6226043701171875e-06,1,114
60,2.6226043701171875e-06,1,114
61,2.6226043701171875e-06,1,114
62,2.6226043701171875e-06,1,114
63,2.6226043701171875e-06,1,114
64,2.6226043701171875e-06,1,114
65,2.6226043701171875e-06,1,114
66,2.6226043701171875e-06,1,114
67,2.6226043701171875e-06,1,114
68,2.6226043701171875e-06,1,114
69,2.6226043701171875e-06,1,114
70,2.6226043701171875e-06,1,114
71,2.6226043701171875e-06,1,114
72,2.6226043701171875e-06,1,114
73,2.6226043701171875e-06,1,114
74,2.6226043701171875e-06,1,114
75,2.6226043701171875e-06,1,114
76,2.6226043701171875e-06,1,114
77,2.6226043701171875e-06,1,114
78,2.6226043701171875e-06,1,114
79,2.6226043701171875e-06,1,114
80,2.6226043701171875e-06,1,114
81,2.6226043701171875e-06,1,114
82,2.6226043701171875e-06,1,114
83,2.6226043701171875e-06,1,114
84,2.6226043701171875e-06,1,114
85,2.6226043701171875e-06,1,114
86,2.6226043701171875e-06,1,114
87,2.6226043701171875e-06,1,114
88,2.6226043701171875e-06,1,114
89,2.6226043701171875e-06,1,114
90,2.6226043701171875e-06,1,114
91,2.6226043701171875e-06,1,114
92,2.6226043701171875e-06,1,114
93,2.6226043701171875e-06,1,114
94,2.6226043701171875e-06,1,114
95,2.6226043701171875e-06,1,114
96,2.6226043701171875e-06,1,114
97,2.6226043701171875e-06,1,114
98,2.6226043701171875e-06,1,114
99,2.6226043701171875e-06,1,114
100,2.6226043701171875e-06,1,114
101,2.6226043701171875e-06,1,114
102,2.6226043701171875e-06,1,114
103,2.6226043701171875e-06,1,114
104,2.6226043701171875e-06,1,114
105,2.6226043701171875e-06,1,114
106,2.6226043701171875e-06,1,114
107,2.6226043701171875e-06,1,114
108,2.6226043701171875e-06,1,114
109,2.6226043701171875e-06,1,114
110,2.6226043701171875e-06,1,114
111,2.6226043701171875e-06,1,114
112,2.6226043701171875e-06,1,114
113,2.6226043701171875e-06,1,114
114,2.6226043701171875e-06,1,114
115,2.6226043701171875e-06,1,114
116,2.6226043701171875e-06,1,114
117,2.6226043701171875e-06,1,114
118,2.6226043701171875e-06,1,114
119,2.6226043701171875e-06,1,114
120,2.6226043701171875e-06,1,114
121,2.6226043701171875e-06,1,114
122,2.6226043701171875e-06,1,114
123,2.6226043701171875e-06,1,114
124,2.6226043701171875e-06,1,114
125,2.6226043701171875e-06,1,114
126,2.6226043701171875e-06,1,114
127,2.6226043701171875e-06,1,114
128,2.6226043701171875e-06,1,114
129,2.6226043701171875e-06,1,114
130,2.6226043701171875e-06,1,114
131,2.6226043701171875e-06,1,114
132,2.6226043701171875e-06,1,114
133,2.6226043701171875e-06,1,114
134,2.6226043701171875e-06,1,114
135,2.6226043701171875e-06,1,114
136,2.6226043701171875e-06,1,114
137,2.6226043701171875e-06,1,114
138,2.6226043701171875e-06,1,114
139,2.6226043701171875e-06,1,114
140,2.6226043701171875e-06,1,114
141,2.6226043701171875e-06,1,114
142,2.6226043701171875e-06,1,114
143,2.6226043701171875e-06,1,114
144,2.6226043701171875e-06,1,114
145,2.6226043701171875e-06,1,114
146,2.6226043701171875e-06,1,114
147,2.6226043701171875e-06,1,114
148,2.6226043701171875e-06,1,114
149,2.6226043701171875e-06,1,114
150,2.6226043701171875e-06,1,114
151,2.6226043701171875e-06,1,114
152,2.6226043701171875e-06,1,114
153,2.6226043701171875e-06,1,114
154,2.6226043701171875e-06,1,114
155,2.6226043701171875e-06,1,114
156,2.6226043701171875e-06,1,114
157,2.6226043701171875e-06,1,114
158,2.6226043701171875e-06,1,114
159,2.6226043701171875e-06,1,114
160,2.6226043701171875e-06,1,114
161,2.6226043701171875e-06,1,114
162,2.6226043701171875e-06,1,114
163,2.6226043701171875e-06,1,114
164,2.6226043701171875e-06,1,114
165,2.6226043701171875e-06,1,114
166,2.6226043701171875e-06,1,114
167,2.6226043701171875e-06,1,114
168,2.6226043701171875e-06,1,114
169,2.6226043701171875e-06,1,114
170,2.6226043701171875e-06,1,114
171,2.6226043701171875e-06,1,114
172,2.6226043701171875e-06,1,114
173,2.6226043701171875e-06,1,114
174,2.6226043701171875e-06,1,114
175,2.6226043701171875e-06,1,114
176,2.6226043701171875e-06,1,114
177,2.6226043701171875e-06,1,114
178,2.6226043701171875e-06,1,114
179,2.6226043701171875e-06,1,114
180,2.6226043701171875e-06,1,114
181,2.6226043701171875e-06,1,114
182,2.6226043701171875e-06,1,114
183,2.6226043701171875e-06,1,114
184,2.6226043701171875e-06,1,114
185,2.6226043701171875e-06,1,114
186,2.6226043701171875e-06,1,114
187,2.6226043701171875e-06,1,114
188,2.6226043701171875e-06,1,114
189,2.6226043701171875e-06,1,114
190,2.6226043701171875e-06,1,114
191,2.6226043701171875e-06,1,114
192,2.6226043701171875e-06,1,114
193,2.6226043701171875e-06,1,114
194,2.6226043701171875e-06,1,114
195,2.6226043701171875e-06,1,114
196,2.6226043701171875e-06,1,114
197,2.6226043701171875e-06,1,114
198,2.6226043701171875e-06,1,114
199,2.6226043701171875e-06,1,114
200,2.6226043701171875e-06,1,114
1,0.00021892786026000977,1,115
2,0.00022643804550170898,1,115
3,0.00022643804550170898,1,115
4,0.00023216009140014648,1,115
5,0.00023216009140014648,1,115
6,0.00023216009140014648,1,115
7,0.00024586915969848633,1,115
8,0.00024586915969848633,1,115
9,0.0002582669258117676,1,115
10,0.0002582669258117676,1,115
11,0.0002582669258117676,1,115
12,0.00026673078536987305,1,115
13,0.000279843807220459,1,115
14,0.000279843807220459,1,115
15,0.000279843807220459,1,115
16,0.000279843807220459,1,115
17,0.000279843807220459,1,115
18,0.000279843807220459,1,115
19,0.000279843807220459,1,115
20,0.000279843807220459,1,115
21,0.000279843807220459,1,115
22,0.000279843807220459,1,115
23,0.000279843807220459,1,115
24,0.000279843807220459,1,115
25,0.000279843807220459,1,115
26,0.000279843807220459,1,115
27,0.000279843807220459,1,115
28,0.000279843807220459,1,115
29,0.000279843807220459,1,115
30,0.000279843807220459,1,115
31,0.000279843807220459,1,115
32,0.000279843807220459,1,115
33,0.000279843807220459,1,115
34,0.000279843807220459,1,115
35,0.000279843807220459,1,115
36,0.000279843807220459,1,115
37,0.000279843807220459,1,115
38,0.000279843807220459,1,115
39,0.000279843807220459,1,115
40,0.000279843807220459,1,115
41,0.000279843807220459,1,115
42,0.000279843807220459,1,115
43,0.000279843807220459,1,115
44,0.000279843807220459,1,115
45,0.000279843807220459,1,115
46,0.000279843807220459,1,115
47,0.000279843807220459,1,115
48,0.000279843807220459,1,115
49,0.000279843807220459,1,115
50,0.000279843807220459,1,115
51,0.000279843807220459,1,115
52,0.000279843807220459,1,115
53,0.000279843807220459,1,115
54,0.000279843807220459,1,115
55,0.000279843807220459,1,115
56,0.000279843807220459,1,115
57,0.000279843807220459,1,115
58,0.000279843807220459,1,115
59,0.000279843807220459,1,115
60,0.000279843807220459,1,115
61,0.000279843807220459,1,115
62,0.000279843807220459,1,115
63,0.000279843807220459,1,115
64,0.000279843807220459,1,115
65,0.000279843807220459,1,115
66,0.000279843807220459,1,115
67,0.000279843807220459,1,115
68,0.000279843807220459,1,115
69,0.000279843807220459,1,115
70,0.000279843807220459,1,115
71,0.000279843807220459,1,115
72,0.000279843807220459,1,115
73,0.000279843807220459,1,115
74,0.000279843807220459,1,115
75,0.000279843807220459,1,115
76,0.000279843807220459,1,115
77,0.000279843807220459,1,115
78,0.000279843807220459,1,115
79,0.000279843807220459,1,115
80,0.000279843807220459,1,115
81,0.000279843807220459,1,115
82,0.000279843807220459,1,115
83,0.000279843807220459,1,115
84,0.000279843807220459,1,115
85,0.000279843807220459,1,115
86,0.000279843807220459,1,115
87,0.000279843807220459,1,115
88,0.000279843807220459,1,115
89,0.000279843807220459,1,115
90,0.000279843807220459,1,115
91,0.000279843807220459,1,115
92,0.000279843807220459,1,115
93,0.000279843807220459,1,115
94,0.000279843807220459,1,115
95,0.000279843807220459,1,115
96,0.000279843807220459,1,115
97,0.000279843807220459,1,115
98,0.000279843807220459,1,115
99,0.000279843807220459,1,115
100,0.000279843807220459,1,115
101,0.000279843807220459,1,115
102,0.000279843807220459,1,115
103,0.000279843807220459,1,115
104,0.000279843807220459,1,115
105,0.000279843807220459,1,115
106,0.000279843807220459,1,115
107,0.000279843807220459,1,115
108,0.000279843807220459,1,115
109,0.000279843807220459,1,115
110,0.000279843807220459,1,115
111,0.000279843807220459,1,115
112,0.000279843807220459,1,115
113,0.000279843807220459,1,115
114,0.000279843807220459,1,115
115,0.000279843807220459,1,115
116,0.000279843807220459,1,115
117,0.000279843807220459,1,115
118,0.000279843807220459,1,115
119,0.000279843807220459,1,115
120,0.000279843807220459,1,115
121,0.000279843807220459,1,115
122,0.000279843807220459,1,115
123,0.000279843807220459,1,115
124,0.000279843807220459,1,115
125,0.000279843807220459,1,115
126,0.000279843807220459,1,115
127,0.000279843807220459,1,115
128,0.000279843807220459,1,115
129,0.000279843807220459,1,115
130,0.000279843807220459,1,115
131,0.000279843807220459,1,115
132,0.000279843807220459,1,115
133,0.000279843807220459,1,115
134,0.000279843807220459,1,115
135,0.000279843807220459,1,115
136,0.000279843807220459,1,115
137,0.000279843807220459,1,115
138,0.000279843807220459,1,115
139,0.000279843807220459,1,115
140,0.000279843807220459,1,115
141,0.000279843807220459,1,115
142,0.000279843807220459,1,115
143,0.000279843807220459,1,115
144,0.000279843807220459,1,115
145,0.000279843807220459,1,115
146,0.000279843807220459,1,115
147,0.000279843807220459,1,115
148,0.000279843807220459,1,115
149,0.000279843807220459,1,115
150,0.000279843807220459,1,115
151,0.000279843807220459,1,115
152,0.000279843807220459,1,115
153,0.000279843807220459,1,115
154,0.000279843807220459,1,115
155,0.000279843807220459,1,115
156,0.000279843807220459,1,115
157,0.000279843807220459,1,115
158,0.000279843807220459,1,115
159,0.000279843807220459,1,115
160,0.000279843807220459,1,115
161,0.000279843807220459,1,115
162,0.000279843807220459,1,115
163,0.000279843807220459,1,115
164,0.000279843807220459,1,115
165,0.000279843807220459,1,115
166,0.000279843807220459,1,115
167,0.000279843807220459,1,115
168,0.000279843807220459,1,115
169,0.000279843807220459,1,115
170,0.000279843807220459,1,115
171,0.000279843807220459,1,115
172,0.000279843807220459,1,115
173,0.000279843807220459,1,115
174,0.000279843807220459,1,115
175,0.000279843807220459,1,115
176,0.000279843807220459,1,115
177,0.000279843807220459,1,115
178,0.000279843807220459,1,115
179,0.000279843807220459,1,115
180,0.000279843807220459,1,115
181,0.000279843807220459,1,115
182,0.000279843807220459,1,115
183,0.000279843807220459,1,115
184,0.000279843807220459,1,115
185,0.000279843807220459,1,115
186,0.000279843807220459,1,115
187,0.000279843807220459,1,115
188,0.000279843807220459,1,115
189,0.000279843807220459,1,115
190,0.000279843807220459,1,115
191,0.000279843807220459,1,115
192,0.000279843807220459,1,115
193,0.000279843807220459,1,115
194,0.000279843807220459,1,115
195,0.000279843807220459,1,115
196,0.000279843807220459,1,115
197,0.000279843807220459,1,115
198,0.000279843807220459,1,115
199,0.000279843807220459,1,115
200,0.000279843807220459,1,115
1,0.11632448434829712,2,116
2,0.11632448434829712,2,116
3,0.11632448434829712,2,116
4,0.1753983497619629,2,116
5,0.1753983497619629,2,116
6,0.1753983497619629,2,116
7,0.1753983497619629,2,116
8,0.1753983497619629,2,116
9,0.1608351469039917,1,116
10,0.1608351469039917,1,116
11,0.2640300393104553,4,116
12,0.2640300393104553,4,116
13,0.2640300393104553,4,116
14,0.2640300393104553,4,116
15,0.2640300393104553,4,116
16,0.24257850646972656,2,116
17,0.29663264751434326,4,116
18,0.38539737462997437,6,116
19,0.3949061632156372,4,116
20,0.3949061632156372,4,116
21,0.4351963996887207,5,116
22,0.4351963996887207,5,116
23,0.4351963996887207,5,116
24,0.4351963996887207,5,116
25,0.4351963996887207,5,116
26,0.4724925756454468,7,116
27,0.4745076298713684,7,116
28,0.49475163221359253,6,116
29,0.5356942713260651,8,116
30,0.5356942713260651,8,116
31,0.5340856909751892,7,116
32,0.5618854761123657,8,116
33,0.5435542166233063,6,116
34,0.5882830917835236,8,116
35,0.5709546506404877,6,116
36,0.5709546506404877,6,116
37,0.5895310640335083,7,116
38,0.6124472916126251,8,116
39,0.6124472916126251,8,116
40,0.6906419396400452,8,116
41,0.6906419396400452,8,116
42,0.6906419396400452,8,116
43,0.6906419396400452,8,116
44,0.6906419396400452,8,116
45,0.6906419396400452,8,116
46,0.6906419396400452,8,116
47,0.6906419396400452,8,116
48,0.6906419396400452,8,116
49,0.706926554441452,8,116
50,0.706926554441452,8,116
51,0.706926554441452,8,116
52,0.706926554441452,8,116
53,0.7483239769935608,10,116
54,0.7483239769935608,10,116
55,0.7483239769935608,10,116
56,0.7483239769935608,10,116
57,0.7483239769935608,10,116
58,0.7483239769935608,10,116
59,0.7483239769935608,10,116
60,0.7683723866939545,11,116
61,0.7931682765483856,12,116
62,0.7969759404659271,9,116
63,0.7969759404659271,9,116
64,0.7969759404659271,9,116
65,0.7969759404659271,9,116
66,0.7969759404659271,9,116
67,0.7969759404659271,9,116
68,0.7969759404659271,9,116
69,0.7969759404659271,9,116
70,0.7969759404659271,9,116
71,0.7969759404659271,9,116
72,0.7969759404659271,9,116
73,0.7969759404659271,9,116
74,0.7969759404659271,9,116
75,0.7969759404659271,9,116
76,0.7969759404659271,9,116
77,0.7969759404659271,9,116
78,0.7969759404659271,9,116
79,0.7969759404659271,9,116
80,0.7969759404659271,9,116
81,0.7969759404659271,9,116
82,0.7969759404659271,9,116
83,0.7969759404659271,9,116
84,0.7969759404659271,9,116
85,0.8667806684970856,13,116
86,0.8667806684970856,13,116
87,0.885883592069149,14,116
88,0.885883592069149,14,116
89,0.885883592069149,14,116
90,0.8658117055892944,12,116
91,0.8669778406620026,12,116
92,0.8669778406620026,12,116
93,0.8669778406620026,12,116
94,0.8669778406620026,12,116
95,0.8669778406620026,12,116
96,0.8669778406620026,12,116
97,0.8669778406620026,12,116
98,0.8669778406620026,12,116
99,0.8669778406620026,12,116
100,0.8669778406620026,12,116
101,0.8669778406620026,12,116
102,0.8669778406620026,12,116
103,0.8669778406620026,12,116
104,0.8669778406620026,12,116
105,0.8669778406620026,12,116
106,0.8669778406620026,12,116
107,0.8669778406620026,12,116
108,0.8815412223339081,11,116
109,0.8815412223339081,11,116
110,0.8815412223339081,11,116
111,0.8815412223339081,11,116
112,0.8815412223339081,11,116
113,0.8815412223339081,11,116
114,0.8815412223339081,11,116
115,0.8815412223339081,11,116
116,0.8815412223339081,11,116
117,0.8815412223339081,11,116
118,0.8815412223339081,11,116
119,0.8815412223339081,11,116
120,0.8815412223339081,11,116
121,0.8815412223339081,11,116
122,0.8815412223339081,11,116
123,0.8815412223339081,11,116
124,0.8815412223339081,11,116
125,0.8815412223339081,11,116
126,0.8815412223339081,11,116
127,0.8815412223339081,11,116
128,0.8815412223339081,11,116
129,0.8815412223339081,11,116
130,0.9380667507648468,14,116
131,0.9380667507648468,14,116
132,0.9380667507648468,14,116
133,0.9380667507648468,14,116
134,0.9380667507648468,14,116
135,0.9380667507648468,14,116
136,0.9380667507648468,14,116
137,0.9380667507648468,14,116
138,0.9668896347284317,15,116
139,0.9668896347284317,15,116
140,0.9668896347284317,15,116
141,0.9668896347284317,15,116
142,0.9668896347284317,15,116
143,0.9668896347284317,15,116
144,0.9668896347284317,15,116
145,0.9535598941147327,14,116
146,0.9535598941147327,14,116
147,0.9535598941147327,14,116
148,0.9535598941147327,14,116
149,0.9535598941147327,14,116
150,0.9599208422005177,14,116
151,0.9599208422005177,14,116
152,0.9391365274786949,12,116
153,0.9391365274786949,12,116
154,0.9391365274786949,12,116
155,0.9391365274786949,12,116
156,0.9391365274786949,12,116
157,0.9391365274786949,12,116
158,0.9391365274786949,12,116
159,0.9391365274786949,12,116
160,0.9391365274786949,12,116
161,0.9391365274786949,12,116
162,0.9391365274786949,12,116
163,0.9391365274786949,12,116
164,0.9391365274786949,12,116
165,0.9391365274786949,12,116
166,0.9391365274786949,12,116
167,0.9391365274786949,12,116
168,0.9391365274786949,12,116
169,0.9391365274786949,12,116
170,0.9391365274786949,12,116
171,0.9391365274786949,12,116
172,0.9391365274786949,12,116
173,0.9391365274786949,12,116
174,0.9391365274786949,12,116
175,0.9391365274786949,12,116
176,0.9391365274786949,12,116
177,0.9391365274786949,12,116
178,0.9391365274786949,12,116
179,0.9391365274786949,12,116
180,0.9391365274786949,12,116
181,0.9391365274786949,12,116
182,0.9391365274786949,12,116
183,0.9736599493771791,14,116
184,0.9736599493771791,14,116
185,0.9736599493771791,14,116
186,0.9736599493771791,14,116
187,0.9736599493771791,14,116
188,0.9736599493771791,14,116
189,0.9736599493771791,14,116
190,0.9856944298371673,14,116
191,0.9856944298371673,14,116
192,0.9856944298371673,14,116
193,0.9856944298371673,14,116
194,0.9856944298371673,14,116
195,0.9856944298371673,14,116
196,0.9856944298371673,14,116
197,0.9856944298371673,14,116
198,0.9856944298371673,14,116
199,0.9856944298371673,14,116
200,0.9856944298371673,14,116
1,5.960464477539062e-07,1,117
2,5.960464477539062e-07,1,117
3,5.960464477539062e-07,1,117
4,5.960464477539062e-07,1,117
5,5.960464477539062e-07,1,117
6,5.960464477539062e-07,1,117
7,5.960464477539062e-07,1,117
8,5.960464477539062e-07,1,117
9,5.960464477539062e-07,1,117
10,5.960464477539062e-07,1,117
11,7.152557373046875e-07,1,117
12,7.152557373046875e-07,1,117
13,7.152557373046875e-07,1,117
14,7.152557373046875e-07,1,117
15,7.152557373046875e-07,1,117
16,7.152557373046875e-07,1,117
17,7.152557373046875e-07,1,117
18,7.152557373046875e-07,1,117
19,7.152557373046875e-07,1,117
20,7.152557373046875e-07,1,117
21,7.152557373046875e-07,1,117
22,7.152557373046875e-07,1,117
23,7.152557373046875e-07,1,117
24,7.152557373046875e-07,1,117
25,7.152557373046875e-07,1,117
26,7.152557373046875e-07,1,117
27,7.152557373046875e-07,1,117
28,7.152557373046875e-07,1,117
29,7.152557373046875e-07,1,117
30,7.152557373046875e-07,1,117
31,7.152557373046875e-07,1,117
32,7.152557373046875e-07,1,117
33,7.152557373046875e-07,1,117
34,7.152557373046875e-07,1,117
35,7.152557373046875e-07,1,117
36,7.152557373046875e-07,1,117
37,7.152557373046875e-07,1,117
38,7.152557373046875e-07,1,117
39,7.152557373046875e-07,1,117
40,7.152557373046875e-07,1,117
41,7.152557373046875e-07,1,117
42,7.152557373046875e-07,1,117
43,7.152557373046875e-07,1,117
44,7.152557373046875e-07,1,117
45,7.152557373046875e-07,1,117
46,7.152557373046875e-07,1,117
47,7.152557373046875e-07,1,117
48,7.152557373046875e-07,1,117
49,7.152557373046875e-07,1,117
50,7.152557373046875e-07,1,117
51,7.152557373046875e-07,1,117
52,7.152557373046875e-07,1,117
53,7.152557373046875e-07,1,117
54,7.152557373046875e-07,1,117
55,7.152557373046875e-07,1,117
56,7.152557373046875e-07,1,117
57,7.152557373046875e-07,1,117
58,7.152557373046875e-07,1,117
59,7.152557373046875e-07,1,117
60,7.152557373046875e-07,1,117
61,7.152557373046875e-07,1,117
62,7.152557373046875e-07,1,117
63,7.152557373046875e-07,1,117
64,7.152557373046875e-07,1,117
65,7.152557373046875e-07,1,117
66,7.152557373046875e-07,1,117
67,7.152557373046875e-07,1,117
68,7.152557373046875e-07,1,117
69,7.152557373046875e-07,1,117
70,7.152557373046875e-07,1,117
71,7.152557373046875e-07,1,117
72,7.152557373046875e-07,1,117
73,7.152557373046875e-07,1,117
74,7.152557373046875e-07,1,117
75,7.152557373046875e-07,1,117
76,7.152557373046875e-07,1,117
77,7.152557373046875e-07,1,117
78,7.152557373046875e-07,1,117
79,7.152557373046875e-07,1,117
80,7.152557373046875e-07,1,117
81,7.152557373046875e-07,1,117
82,7.152557373046875e-07,1,117
83,7.152557373046875e-07,1,117
84,7.152557373046875e-07,1,117
85,7.152557373046875e-07,1,117
86,7.152557373046875e-07,1,117
87,7.152557373046875e-07,1,117
88,7.152557373046875e-07,1,117
89,7.152557373046875e-07,1,117
90,7.152557373046875e-07,1,117
91,7.152557373046875e-07,1,117
92,7.152557373046875e-07,1,117
93,7.152557373046875e-07,1,117
94,7.152557373046875e-07,1,117
95,7.152557373046875e-07,1,117
96,7.152557373046875e-07,1,117
97,7.152557373046875e-07,1,117
98,7.152557373046875e-07,1,117
99,7.152557373046875e-07,1,117
100,7.152557373046875e-07,1,117
101,7.152557373046875e-07,1,117
102,7.152557373046875e-07,1,117
103,7.152557373046875e-07,1,117
104,7.152557373046875e-07,1,117
105,7.152557373046875e-07,1,117
106,7.152557373046875e-07,1,117
107,7.152557373046875e-07,1,117
108,7.152557373046875e-07,1,117
109,7.152557373046875e-07,1,117
110,7.152557373046875e-07,1,117
111,7.152557373046875e-07,1,117
112,7.152557373046875e-07,1,117
113,7.152557373046875e-07,1,117
114,7.152557373046875e-07,1,117
115,7.152557373046875e-07,1,117
116,7.152557373046875e-07,1,117
117,7.152557373046875e-07,1,117
118,7.152557373046875e-07,1,117
119,7.152557373046875e-07,1,117
120,7.152557373046875e-07,1,117
121,7.152557373046875e-07,1,117
122,7.152557373046875e-07,1,117
123,7.152557373046875e-07,1,117
124,7.152557373046875e-07,1,117
125,7.152557373046875e-07,1,117
126,7.152557373046875e-07,1,117
127,7.152557373046875e-07,1,117
128,7.152557373046875e-07,1,117
129,7.152557373046875e-07,1,117
130,7.152557373046875e-07,1,117
131,7.152557373046875e-07,1,117
132,7.152557373046875e-07,1,117
133,7.152557373046875e-07,1,117
134,7.152557373046875e-07,1,117
135,7.152557373046875e-07,1,117
136,7.152557373046875e-07,1,117
137,7.152557373046875e-07,1,117
138,7.152557373046875e-07,1,117
139,7.152557373046875e-07,1,117
140,7.152557373046875e-07,1,117
141,7.152557373046875e-07,1,117
142,7.152557373046875e-07,1,117
143,7.152557373046875e-07,1,117
144,7.152557373046875e-07,1,117
145,7.152557373046875e-07,1,117
146,7.152557373046875e-07,1,117
147,7.152557373046875e-07,1,117
148,7.152557373046875e-07,1,117
149,7.152557373046875e-07,1,117
150,7.152557373046875e-07,1,117
151,7.152557373046875e-07,1,117
152,7.152557373046875e-07,1,117
153,7.152557373046875e-07,1,117
154,7.152557373046875e-07,1,117
155,7.152557373046875e-07,1,117
156,7.152557373046875e-07,1,117
157,7.152557373046875e-07,1,117
158,7.152557373046875e-07,1,117
159,7.152557373046875e-07,1,117
160,7.152557373046875e-07,1,117
161,7.152557373046875e-07,1,117
162,7.152557373046875e-07,1,117
163,7.152557373046875e-07,1,117
164,7.152557373046875e-07,1,117
165,7.152557373046875e-07,1,117
166,7.152557373046875e-07,1,117
167,7.152557373046875e-07,1,117
168,7.152557373046875e-07,1,117
169,7.152557373046875e-07,1,117
170,7.152557373046875e-07,1,117
171,7.152557373046875e-07,1,117
172,7.152557373046875e-07,1,117
173,7.152557373046875e-07,1,117
174,7.152557373046875e-07,1,117
175,7.152557373046875e-07,1,117
176,7.152557373046875e-07,1,117
177,7.152557373046875e-07,1,117
178,7.152557373046875e-07,1,117
179,7.152557373046875e-07,1,117
180,7.152557373046875e-07,1,117
181,7.152557373046875e-07,1,117
182,7.152557373046875e-07,1,117
183,7.152557373046875e-07,1,117
184,7.152557373046875e-07,1,117
185,7.152557373046875e-07,1,117
186,7.152557373046875e-07,1,117
187,7.152557373046875e-07,1,117
188,7.152557373046875e-07,1,117
189,7.152557373046875e-07,1,117
190,7.152557373046875e-07,1,117
191,7.152557373046875e-07,1,117
192,7.152557373046875e-07,1,117
193,7.152557373046875e-07,1,117
194,7.152557373046875e-07,1,117
195,7.152557373046875e-07,1,117
196,7.152557373046875e-07,1,117
197,7.152557373046875e-07,1,117
198,7.152557373046875e-07,1,117
199,7.152557373046875e-07,1,117
200,7.152557373046875e-07,1,117
1,0.8276751786470413,1,118
2,0.8276751786470413,1,118
3,0.8324874043464661,1,118
4,0.8324874043464661,1,118
5,0.8324874043464661,1,118
6,0.8544837832450867,2,118
7,0.8619547784328461,2,118
8,0.8733977973461151,2,118
9,0.8891671970486641,2,118
10,0.8891671970486641,2,118
11,0.8891671970486641,2,118
12,0.8771257773041725,1,118
13,0.8977947905659676,2,118
14,0.8977947905659676,2,118
15,0.9207444190979004,3,118
16,0.9207444190979004,3,118
17,0.915437139570713,2,118
18,0.915437139570713,2,118
19,0.915437139570713,2,118
20,0.915437139570713,2,118
21,0.915437139570713,2,118
22,0.9370842576026917,3,118
23,0.9553843401372433,4,118
24,0.9553843401372433,4,118
25,0.9558101147413254,4,118
26,0.9516680687665939,3,118
27,0.9643985107541084,3,118
28,0.9643985107541084,3,118
29,0.9643985107541084,3,118
30,0.9643985107541084,3,118
31,0.9651316963136196,3,118
32,0.9651316963136196,3,118
33,0.9651316963136196,3,118
34,0.9651316963136196,3,118
35,0.9651316963136196,3,118
36,0.9651316963136196,3,118
37,0.9651316963136196,3,118
38,0.9651316963136196,3,118
39,0.9651316963136196,3,118
40,0.9651316963136196,3,118
41,0.9651316963136196,3,118
42,0.9651316963136196,3,118
43,0.9663632623851299,3,118
44,0.9663632623851299,3,118
45,0.966410681605339,3,118
46,0.966410681605339,3,118
47,0.966410681605339,3,118
48,0.966410681605339,3,118
49,0.966410681605339,3,118
50,0.966410681605339,3,118
51,0.966410681605339,3,118
52,0.966410681605339,3,118
53,0.966410681605339,3,118
54,0.966410681605339,3,118
55,0.966410681605339,3,118
56,0.966410681605339,3,118
57,0.966410681605339,3,118
58,0.966410681605339,3,118
59,0.966410681605339,3,118
60,0.966410681605339,3,118
61,0.966410681605339,3,118
62,0.966410681605339,3,118
63,0.966410681605339,3,118
64,0.966410681605339,3,118
65,0.966410681605339,3,118
66,0.966410681605339,3,118
67,0.966410681605339,3,118
68,0.966410681605339,3,118
69,0.966410681605339,3,118
70,0.966410681605339,3,118
71,0.966410681605339,3,118
72,0.966410681605339,3,118
73,0.966410681605339,3,118
74,0.966410681605339,3,118
75,0.966410681605339,3,118
76,0.966410681605339,3,118
77,0.966410681605339,3,118
78,0.966410681605339,3,118
79,0.966410681605339,3,118
80,0.966410681605339,3,118
81,0.966410681605339,3,118
82,0.966410681605339,3,118
83,0.966410681605339,3,118
84,0.966410681605339,3,118
85,0.966410681605339,3,118
86,0.966410681605339,3,118
87,0.966410681605339,3,118
88,0.966410681605339,3,118
89,0.966410681605339,3,118
90,0.966410681605339,3,118
91,0.966410681605339,3,118
92,0.966410681605339,3,118
93,0.966410681605339,3,118
94,0.966410681605339,3,118
95,0.966410681605339,3,118
96,0.966410681605339,3,118
97,0.966410681605339,3,118
98,0.966410681605339,3,118
99,0.966410681605339,3,118
100,0.966410681605339,3,118
101,0.966410681605339,3,118
102,0.966410681605339,3,118
103,0.966410681605339,3,118
104,0.966410681605339,3,118
105,0.966410681605339,3,118
106,0.966410681605339,3,118
107,0.966410681605339,3,118
108,0.966410681605339,3,118
109,0.966410681605339,3,118
110,0.966410681605339,3,118
111,0.966410681605339,3,118
112,0.966410681605339,3,118
113,0.966410681605339,3,118
114,0.966410681605339,3,118
115,0.966410681605339,3,118
116,0.966410681605339,3,118
117,0.966410681605339,3,118
118,0.966410681605339,3,118
119,0.966410681605339,3,118
120,0.966410681605339,3,118
121,0.966410681605339,3,118
122,0.966410681605339,3,118
123,0.966410681605339,3,118
124,0.966410681605339,3,118
125,0.966410681605339,3,118
126,0.966410681605339,3,118
127,0.966410681605339,3,118
128,0.966410681605339,3,118
129,0.966410681605339,3,118
130,0.966410681605339,3,118
131,0.966410681605339,3,118
132,0.966410681605339,3,118
133,0.966410681605339,3,118
134,0.966410681605339,3,118
135,0.966410681605339,3,118
136,0.966410681605339,3,118
137,0.966410681605339,3,118
138,0.966410681605339,3,118
139,0.966410681605339,3,118
140,0.966410681605339,3,118
141,0.966410681605339,3,118
142,0.966410681605339,3,118
143,0.966410681605339,3,118
144,0.966410681605339,3,118
145,0.966410681605339,3,118
146,0.966410681605339,3,118
147,0.966410681605339,3,118
148,0.966410681605339,3,118
149,0.966410681605339,3,118
150,0.966410681605339,3,118
151,0.966410681605339,3,118
152,0.966410681605339,3,118
153,0.966410681605339,3,118
154,0.966410681605339,3,118
155,0.966410681605339,3,118
156,0.966410681605339,3,118
157,0.966410681605339,3,118
158,0.966410681605339,3,118
159,0.966410681605339,3,118
160,0.966410681605339,3,118
161,0.966410681605339,3,118
162,0.966410681605339,3,118
163,0.966410681605339,3,118
164,0.966410681605339,3,118
165,0.966410681605339,3,118
166,0.966410681605339,3,118
167,0.966410681605339,3,118
168,0.966410681605339,3,118
169,0.966410681605339,3,118
170,0.966410681605339,3,118
171,0.966410681605339,3,118
172,0.966410681605339,3,118
173,0.966410681605339,3,118
174,0.966410681605339,3,118
175,0.966410681605339,3,118
176,0.966410681605339,3,118
177,0.966410681605339,3,118
178,0.966410681605339,3,118
179,0.966410681605339,3,118
180,0.966410681605339,3,118
181,0.966410681605339,3,118
182,0.966410681605339,3,118
183,0.966410681605339,3,118
184,0.966410681605339,3,118
185,0.966410681605339,3,118
186,0.966410681605339,3,118
187,0.966410681605339,3,118
188,0.966410681605339,3,118
189,0.966410681605339,3,118
190,0.966410681605339,3,118
191,0.966410681605339,3,118
192,0.966410681605339,3,118
193,0.966410681605339,3,118
194,0.966410681605339,3,118
195,0.966410681605339,3,118
196,0.966410681605339,3,118
197,0.966410681605339,3,118
198,0.966410681605339,3,118
199,0.966410681605339,3,118
200,0.966410681605339,3,118
1,7.581710815429688e-05,1,119
2,7.62939453125e-05,1,119
3,7.748603820800781e-05,1,119
4,7.748603820800781e-05,1,119
5,7.748603820800781e-05,1,119
6,8.14199447631836e-05,1,119
7,8.475780487060547e-05,1,119
8,8.606910705566406e-05,1,119
9,8.690357208251953e-05,1,119
10,9.226799011230469e-05,1,119
11,0.0001049041748046875,1,119
12,0.0001049041748046875,1,119
13,0.0001049041748046875,1,119
14,0.0001049041748046875,1,119
15,0.0001049041748046875,1,119
16,0.0001049041748046875,1,119
17,0.0001049041748046875,1,119
18,0.0001049041748046875,1,119
19,0.0001049041748046875,1,119
20,0.0001049041748046875,1,119
21,0.0001049041748046875,1,119
22,0.0001049041748046875,1,119
23,0.0001049041748046875,1,119
24,0.0001049041748046875,1,119
25,0.0001049041748046875,1,119
26,0.0001049041748046875,1,119
27,0.0001049041748046875,1,119
28,0.0001049041748046875,1,119
29,0.0001049041748046875,1,119
30,0.0001049041748046875,1,119
31,0.0001049041748046875,1,119
32,0.0001049041748046875,1,119
33,0.0001049041748046875,1,119
34,0.0001049041748046875,1,119
35,0.0001049041748046875,1,119
36,0.0001049041748046875,1,119
37,0.0001049041748046875,1,119
38,0.0001049041748046875,1,119
39,0.0001049041748046875,1,119
40,0.0001049041748046875,1,119
41,0.0001049041748046875,1,119
42,0.0001049041748046875,1,119
43,0.0001049041748046875,1,119
44,0.0001049041748046875,1,119
45,0.0001049041748046875,1,119
46,0.0001049041748046875,1,119
47,0.0001049041748046875,1,119
48,0.0001049041748046875,1,119
49,0.0001049041748046875,1,119
50,0.0001049041748046875,1,119
51,0.0001049041748046875,1,119
52,0.0001049041748046875,1,119
53,0.0001049041748046875,1,119
54,0.0001049041748046875,1,119
55,0.0001049041748046875,1,119
56,0.0001049041748046875,1,119
57,0.0001049041748046875,1,119
58,0.0001049041748046875,1,119
59,0.0001049041748046875,1,119
60,0.0001049041748046875,1,119
61,0.0001049041748046875,1,119
62,0.0001049041748046875,1,119
63,0.0001049041748046875,1,119
64,0.0001049041748046875,1,119
65,0.0001049041748046875,1,119
66,0.0001049041748046875,1,119
67,0.0001049041748046875,1,119
68,0.0001049041748046875,1,119
69,0.0001049041748046875,1,119
70,0.0001049041748046875,1,119
71,0.0001049041748046875,1,119
72,0.0001049041748046875,1,119
73,0.0001049041748046875,1,119
74,0.0001049041748046875,1,119
75,0.0001049041748046875,1,119
76,0.0001049041748046875,1,119
77,0.0001049041748046875,1,119
78,0.0001049041748046875,1,119
79,0.0001049041748046875,1,119
80,0.0001049041748046875,1,119
81,0.0001049041748046875,1,119
82,0.0001049041748046875,1,119
83,0.0001049041748046875,1,119
84,0.0001049041748046875,1,119
85,0.0001049041748046875,1,119
86,0.0001049041748046875,1,119
87,0.0001049041748046875,1,119
88,0.0001049041748046875,1,119
89,0.0001049041748046875,1,119
90,0.0001049041748046875,1,119
91,0.0001049041748046875,1,119
92,0.0001049041748046875,1,119
93,0.0001049041748046875,1,119
94,0.0001049041748046875,1,119
95,0.0001049041748046875,1,119
96,0.0001049041748046875,1,119
97,0.0001049041748046875,1,119
98,0.0001049041748046875,1,119
99,0.0001049041748046875,1,119
100,0.0001049041748046875,1,119
101,0.0001049041748046875,1,119
102,0.0001049041748046875,1,119
103,0.0001049041748046875,1,119
104,0.0001049041748046875,1,119
105,0.0001049041748046875,1,119
106,0.0001049041748046875,1,119
107,0.0001049041748046875,1,119
108,0.0001049041748046875,1,119
109,0.0001049041748046875,1,119
110,0.0001049041748046875,1,119
111,0.0001049041748046875,1,119
112,0.0001049041748046875,1,119
113,0.0001049041748046875,1,119
114,0.0001049041748046875,1,119
115,0.0001049041748046875,1,119
116,0.0001049041748046875,1,119
117,0.0001049041748046875,1,119
118,0.0001049041748046875,1,119
119,0.0001049041748046875,1,119
120,0.0001049041748046875,1,119
121,0.0001049041748046875,1,119
122,0.0001049041748046875,1,119
123,0.0001049041748046875,1,119
124,0.0001049041748046875,1,119
125,0.0001049041748046875,1,119
126,0.0001049041748046875,1,119
127,0.0001049041748046875,1,119
128,0.0001049041748046875,1,119
129,0.0001049041748046875,1,119
130,0.0001049041748046875,1,119
131,0.0001049041748046875,1,119
132,0.0001049041748046875,1,119
133,0.0001049041748046875,1,119
134,0.0001049041748046875,1,119
135,0.0001049041748046875,1,119
136,0.0001049041748046875,1,119
137,0.0001049041748046875,1,119
138,0.0001049041748046875,1,119
139,0.0001049041748046875,1,119
140,0.0001049041748046875,1,119
141,0.0001049041748046875,1,119
142,0.0001049041748046875,1,119
143,0.0001049041748046875,1,119
144,0.0001049041748046875,1,119
145,0.0001049041748046875,1,119
146,0.0001049041748046875,1,119
147,0.0001049041748046875,1,119
148,0.0001049041748046875,1,119
149,0.0001049041748046875,1,119
150,0.0001049041748046875,1,119
151,0.0001049041748046875,1,119
152,0.0001049041748046875,1,119
153,0.0001049041748046875,1,119
154,0.0001049041748046875,1,119
155,0.0001049041748046875,1,119
156,0.0001049041748046875,1,119
157,0.0001049041748046875,1,119
158,0.0001049041748046875,1,119
159,0.0001049041748046875,1,119
160,0.0001049041748046875,1,119
161,0.0001049041748046875,1,119
162,0.0001049041748046875,1,119
163,0.0001049041748046875,1,119
164,0.0001049041748046875,1,119
165,0.0001049041748046875,1,119
166,0.0001049041748046875,1,119
167,0.0001049041748046875,1,119
168,0.0001049041748046875,1,119
169,0.0001049041748046875,1,119
170,0.0001049041748046875,1,119
171,0.0001049041748046875,1,119
172,0.0001049041748046875,1,119
173,0.0001049041748046875,1,119
174,0.0001049041748046875,1,119
175,0.0001049041748046875,1,119
176,0.0001049041748046875,1,119
177,0.0001049041748046875,1,119
178,0.0001049041748046875,1,119
179,0.0001049041748046875,1,119
180,0.0001049041748046875,1,119
181,0.0001049041748046875,1,119
182,0.0001049041748046875,1,119
183,0.0001049041748046875,1,119
184,0.0001049041748046875,1,119
185,0.0001049041748046875,1,119
186,0.0001049041748046875,1,119
187,0.0001049041748046875,1,119
188,0.0001049041748046875,1,119
189,0.0001049041748046875,1,119
190,0.0001049041748046875,1,119
191,0.0001049041748046875,1,119
192,0.0001049041748046875,1,119
193,0.0001049041748046875,1,119
194,0.0001049041748046875,1,119
195,0.0001049041748046875,1,119
196,0.0001049041748046875,1,119
197,0.0001049041748046875,1,119
198,0.0001049041748046875,1,119
199,0.0001049041748046875,1,119
200,0.0001049041748046875,1,119
1,0.1369524598121643,1,120
2,0.17725729942321777,2,120
3,0.17725729942321777,2,120
4,0.17725729942321777,2,120
5,0.17725729942321777,2,120
6,0.17725729942321777,2,120
7,0.17725729942321777,2,120
8,0.17725729942321777,2,120
9,0.16509383916854858,1,120
10,0.19364529848098755,1,120
11,0.29647207260131836,3,120
12,0.29647207260131836,3,120
13,0.29647207260131836,3,120
14,0.29647207260131836,3,120
15,0.29647207260131836,3,120
16,0.29647207260131836,3,120
17,0.29647207260131836,3,120
18,0.29647207260131836,3,120
19,0.3201615810394287,3,120
20,0.3222077488899231,3,120
21,0.3222077488899231,3,120
22,0.33084774017333984,3,120
23,0.37833064794540405,4,120
24,0.37833064794540405,4,120
25,0.37833064794540405,4,120
26,0.37833064794540405,4,120
27,0.38968610763549805,4,120
28,0.38968610763549805,4,120
29,0.38373351097106934,3,120
30,0.38373351097106934,3,120
31,0.38373351097106934,3,120
32,0.38373351097106934,3,120
33,0.38373351097106934,3,120
34,0.4302459955215454,5,120
35,0.4302459955215454,5,120
36,0.4690573811531067,7,120
37,0.4690573811531067,7,120
38,0.4752729535102844,7,120
39,0.4752729535102844,7,120
40,0.4752729535102844,7,120
41,0.4752729535102844,7,120
42,0.4752729535102844,7,120
43,0.44058334827423096,4,120
44,0.44816726446151733,4,120
45,0.44816726446151733,4,120
46,0.44816726446151733,4,120
47,0.44816726446151733,4,120
48,0.5026323199272156,7,120
49,0.5026323199272156,7,120
50,0.4825895428657532,5,120
51,0.5313232839107513,7,120
52,0.5313232839107513,7,120
53,0.5313232839107513,7,120
54,0.5313232839107513,7,120
55,0.5313232839107513,7,120
56,0.5313232839107513,7,120
57,0.5313232839107513,7,120
58,0.5313232839107513,7,120
59,0.5313232839107513,7,120
60,0.553974837064743,8,120
61,0.553974837064743,8,120
62,0.553974837064743,8,120
63,0.553974837064743,8,120
64,0.553974837064743,8,120
65,0.553974837064743,8,120
66,0.553974837064743,8,120
67,0.5397949814796448,6,120
68,0.5397949814796448,6,120
69,0.5397949814796448,6,120
70,0.5397949814796448,6,120
71,0.5686496794223785,7,120
72,0.5686496794223785,7,120
73,0.5686496794223785,7,120
74,0.5686496794223785,7,120
75,0.5686496794223785,7,120
76,0.6187662184238434,9,120
77,0.6187662184238434,9,120
78,0.6187662184238434,9,120
79,0.6187662184238434,9,120
80,0.6201907694339752,9,120
81,0.6201907694339752,9,120
82,0.6161152422428131,7,120
83,0.6161152422428131,7,120
84,0.7143603265285492,10,120
85,0.7143603265285492,10,120
86,0.7143603265285492,10,120
87,0.7143603265285492,10,120
88,0.7143603265285492,10,120
89,0.7143603265285492,10,120
90,0.7143603265285492,10,120
91,0.7143603265285492,10,120
92,0.7143603265285492,10,120
93,0.7143603265285492,10,120
94,0.7143603265285492,10,120
95,0.7143603265285492,10,120
96,0.7143603265285492,10,120
97,0.7143603265285492,10,120
98,0.7143603265285492,10,120
99,0.7143603265285492,10,120
100,0.7143603265285492,10,120
101,0.7143603265285492,10,120
102,0.7143603265285492,10,120
103,0.7143603265285492,10,120
104,0.7143603265285492,10,120
105,0.7143603265285492,10,120
106,0.7143603265285492,10,120
107,0.7143603265285492,10,120
108,0.7143603265285492,10,120
109,0.7143603265285492,10,120
110,0.7143603265285492,10,120
111,0.7143603265285492,10,120
112,0.7143603265285492,10,120
113,0.7143603265285492,10,120
114,0.7143603265285492,10,120
115,0.7143603265285492,10,120
116,0.7143603265285492,10,120
117,0.7143603265285492,10,120
118,0.7143603265285492,10,120
119,0.7143603265285492,10,120
120,0.7143603265285492,10,120
121,0.7143603265285492,10,120
122,0.7143603265285492,10,120
123,0.7143603265285492,10,120
124,0.7143603265285492,10,120
125,0.7143603265285492,10,120
126,0.7143603265285492,10,120
127,0.7143603265285492,10,120
128,0.7143603265285492,10,120
129,0.7143603265285492,10,120
130,0.7143603265285492,10,120
131,0.7143603265285492,10,120
132,0.7164898216724396,10,120
133,0.7314842641353607,10,120
134,0.7314842641353607,10,120
135,0.7314842641353607,10,120
136,0.7314842641353607,10,120
137,0.7314842641353607,10,120
138,0.7314842641353607,10,120
139,0.7314842641353607,10,120
140,0.7314842641353607,10,120
141,0.7314842641353607,10,120
142,0.7314842641353607,10,120
143,0.7314842641353607,10,120
144,0.7314842641353607,10,120
145,0.7769931852817535,10,120
146,0.7769931852817535,10,120
147,0.7769931852817535,10,120
148,0.7769931852817535,10,120
149,0.7769931852817535,10,120
150,0.7769931852817535,10,120
151,0.7769931852817535,10,120
152,0.7769931852817535,10,120
153,0.7769931852817535,10,120
154,0.7769931852817535,10,120
155,0.7769931852817535,10,120
156,0.7769931852817535,10,120
157,0.7769931852817535,10,120
158,0.7769931852817535,10,120
159,0.7769931852817535,10,120
160,0.7769931852817535,10,120
161,0.7769931852817535,10,120
162,0.7769931852817535,10,120
163,0.7769931852817535,10,120
164,0.7769931852817535,10,120
165,0.7769931852817535,10,120
166,0.7769931852817535,10,120
167,0.7769931852817535,10,120
168,0.7769931852817535,10,120
169,0.7769931852817535,10,120
170,0.7769931852817535,10,120
171,0.7769931852817535,10,120
172,0.7769931852817535,10,120
173,0.7769931852817535,10,120
174,0.8206321001052856,12,120
175,0.8206321001052856,12,120
176,0.8206321001052856,12,120
177,0.8206321001052856,12,120
178,0.8206321001052856,12,120
179,0.8206321001052856,12,120
180,0.8206321001052856,12,120
181,0.8206321001052856,12,120
182,0.8206321001052856,12,120
183,0.8206321001052856,12,120
184,0.8206321001052856,12,120
185,0.8206321001052856,12,120
186,0.8206321001052856,12,120
187,0.8206321001052856,12,120
188,0.8206321001052856,12,120
189,0.8206321001052856,12,120
190,0.8206321001052856,12,120
191,0.8206321001052856,12,120
192,0.8206321001052856,12,120
193,0.8206321001052856,12,120
194,0.8206321001052856,12,120
195,0.8206321001052856,12,120
196,0.8206321001052856,12,120
197,0.8206321001052856,12,120
198,0.8206321001052856,12,120
199,0.8206321001052856,12,120
200,0.8206321001052856,12,120
1,2.384185791015625e-07,1,121
2,2.384185791015625e-07,1,121
3,2.384185791015625e-07,1,121
4,2.384185791015625e-07,1,121
5,3.5762786865234375e-07,1,121
6,3.5762786865234375e-07,1,121
7,3.5762786865234375e-07,1,121
8,4.76837158203125e-07,1,121
9,4.76837158203125e-07,1,121
10,4.76837158203125e-07,1,121
11,4.76837158203125e-07,1,121
12,4.76837158203125e-07,1,121
13,4.76837158203125e-07,1,121
14,4.76837158203125e-07,1,121
15,4.76837158203125e-07,1,121
16,4.76837158203125e-07,1,121
17,4.76837158203125e-07,1,121
18,4.76837158203125e-07,1,121
19,4.76837158203125e-07,1,121
20,4.76837158203125e-07,1,121
21,4.76837158203125e-07,1,121
22,4.76837158203125e-07,1,121
23,4.76837158203125e-07,1,121
24,4.76837158203125e-07,1,121
25,4.76837158203125e-07,1,121
26,4.76837158203125e-07,1,121
27,4.76837158203125e-07,1,121
28,4.76837158203125e-07,1,121
29,4.76837158203125e-07,1,121
30,4.76837158203125e-07,1,121
31,4.76837158203125e-07,1,121
32,4.76837158203125e-07,1,121
33,4.76837158203125e-07,1,121
34,4.76837158203125e-07,1,121
35,4.76837158203125e-07,1,121
36,4.76837158203125e-07,1,121
37,4.76837158203125e-07,1,121
38,4.76837158203125e-07,1,121
39,4.76837158203125e-07,1,121
40,4.76837158203125e-07,1,121
41,4.76837158203125e-07,1,121
42,4.76837158203125e-07,1,121
43,4.76837158203125e-07,1,121
44,4.76837158203125e-07,1,121
45,4.76837158203125e-07,1,121
46,4.76837158203125e-07,1,121
47,4.76837158203125e-07,1,121
48,4.76837158203125e-07,1,121
49,4.76837158203125e-07,1,121
50,4.76837158203125e-07,1,121
51,4.76837158203125e-07,1,121
52,4.76837158203125e-07,1,121
53,4.76837158203125e-07,1,121
54,4.76837158203125e-07,1,121
55,4.76837158203125e-07,1,121
56,4.76837158203125e-07,1,121
57,4.76837158203125e-07,1,121
58,4.76837158203125e-07,1,121
59,4.76837158203125e-07,1,121
60,4.76837158203125e-07,1,121
61,4.76837158203125e-07,1,121
62,4.76837158203125e-07,1,121
63,4.76837158203125e-07,1,121
64,4.76837158203125e-07,1,121
65,4.76837158203125e-07,1,121
66,4.76837158203125e-07,1,121
67,4.76837158203125e-07,1,121
68,4.76837158203125e-07,1,121
69,4.76837158203125e-07,1,121
70,4.76837158203125e-07,1,121
71,4.76837158203125e-07,1,121
72,4.76837158203125e-07,1,121
73,4.76837158203125e-07,1,121
74,4.76837158203125e-07,1,121
75,4.76837158203125e-07,1,121
76,4.76837158203125e-07,1,121
77,4.76837158203125e-07,1,121
78,4.76837158203125e-07,1,121
79,4.76837158203125e-07,1,121
80,4.76837158203125e-07,1,121
81,4.76837158203125e-07,1,121
82,4.76837158203125e-07,1,121
83,4.76837158203125e-07,1,121
84,4.76837158203125e-07,1,121
85,4.76837158203125e-07,1,121
86,4.76837158203125e-07,1,121
87,4.76837158203125e-07,1,121
88,4.76837158203125e-07,1,121
89,4.76837158203125e-07,1,121
90,4.76837158203125e-07,1,121
91,4.76837158203125e-07,1,121
92,4.76837158203125e-07,1,121
93,4.76837158203125e-07,1,121
94,4.76837158203125e-07,1,121
95,4.76837158203125e-07,1,121
96,4.76837158203125e-07,1,121
97,4.76837158203125e-07,1,121
98,4.76837158203125e-07,1,121
99,4.76837158203125e-07,1,121
100,4.76837158203125e-07,1,121
101,4.76837158203125e-07,1,121
102,4.76837158203125e-07,1,121
103,4.76837158203125e-07,1,121
104,4.76837158203125e-07,1,121
105,4.76837158203125e-07,1,121
106,4.76837158203125e-07,1,121
107,4.76837158203125e-07,1,121
108,4.76837158203125e-07,1,121
109,4.76837158203125e-07,1,121
110,4.76837158203125e-07,1,121
111,4.76837158203125e-07,1,121
112,4.76837158203125e-07,1,121
113,4.76837158203125e-07,1,121
114,4.76837158203125e-07,1,121
115,4.76837158203125e-07,1,121
116,4.76837158203125e-07,1,121
117,4.76837158203125e-07,1,121
118,4.76837158203125e-07,1,121
119,4.76837158203125e-07,1,121
120,4.76837158203125e-07,1,121
121,4.76837158203125e-07,1,121
122,4.76837158203125e-07,1,121
123,4.76837158203125e-07,1,121
124,4.76837158203125e-07,1,121
125,4.76837158203125e-07,1,121
126,4.76837158203125e-07,1,121
127,4.76837158203125e-07,1,121
128,4.76837158203125e-07,1,121
129,4.76837158203125e-07,1,121
130,4.76837158203125e-07,1,121
131,4.76837158203125e-07,1,121
132,4.76837158203125e-07,1,121
133,4.76837158203125e-07,1,121
134,4.76837158203125e-07,1,121
135,4.76837158203125e-07,1,121
136,4.76837158203125e-07,1,121
137,4.76837158203125e-07,1,121
138,4.76837158203125e-07,1,121
139,4.76837158203125e-07,1,121
140,4.76837158203125e-07,1,121
141,4.76837158203125e-07,1,121
142,4.76837158203125e-07,1,121
143,4.76837158203125e-07,1,121
144,4.76837158203125e-07,1,121
145,4.76837158203125e-07,1,121
146,4.76837158203125e-07,1,121
147,4.76837158203125e-07,1,121
148,4.76837158203125e-07,1,121
149,4.76837158203125e-07,1,121
150,4.76837158203125e-07,1,121
151,4.76837158203125e-07,1,121
152,4.76837158203125e-07,1,121
153,4.76837158203125e-07,1,121
154,4.76837158203125e-07,1,121
155,4.76837158203125e-07,1,121
156,4.76837158203125e-07,1,121
157,4.76837158203125e-07,1,121
158,4.76837158203125e-07,1,121
159,4.76837158203125e-07,1,121
160,4.76837158203125e-07,1,121
161,4.76837158203125e-07,1,121
162,4.76837158203125e-07,1,121
163,4.76837158203125e-07,1,121
164,4.76837158203125e-07,1,121
165,4.76837158203125e-07,1,121
166,4.76837158203125e-07,1,121
167,4.76837158203125e-07,1,121
168,4.76837158203125e-07,1,121
169,4.76837158203125e-07,1,121
170,4.76837158203125e-07,1,121
171,4.76837158203125e-07,1,121
172,4.76837158203125e-07,1,121
173,4.76837158203125e-07,1,121
174,4.76837158203125e-07,1,121
175,4.76837158203125e-07,1,121
176,4.76837158203125e-07,1,121
177,4.76837158203125e-07,1,121
178,4.76837158203125e-07,1,121
179,4.76837158203125e-07,1,121
180,4.76837158203125e-07,1,121
181,4.76837158203125e-07,1,121
182,4.76837158203125e-07,1,121
183,4.76837158203125e-07,1,121
184,4.76837158203125e-07,1,121
185,4.76837158203125e-07,1,121
186,4.76837158203125e-07,1,121
187,4.76837158203125e-07,1,121
188,4.76837158203125e-07,1,121
189,4.76837158203125e-07,1,121
190,4.76837158203125e-07,1,121
191,4.76837158203125e-07,1,121
192,4.76837158203125e-07,1,121
193,4.76837158203125e-07,1,121
194,4.76837158203125e-07,1,121
195,4.76837158203125e-07,1,121
196,4.76837158203125e-07,1,121
197,4.76837158203125e-07,1,121
198,4.76837158203125e-07,1,121
199,4.76837158203125e-07,1,121
200,4.76837158203125e-07,1,121
1,1.3589859008789062e-05,1,122
2,1.3589859008789062e-05,1,122
3,1.3589859008789062e-05,1,122
4,1.3709068298339844e-05,1,122
5,1.3709068298339844e-05,1,122
6,1.6927719116210938e-05,1,122
7,1.6927719116210938e-05,1,122
8,1.6927719116210938e-05,1,122
9,1.6927719116210938e-05,1,122
10,1.6927719116210938e-05,1,122
11,1.6927719116210938e-05,1,122
12,1.6927719116210938e-05,1,122
13,1.6927719116210938e-05,1,122
14,1.6927719116210938e-05,1,122
15,1.6927719116210938e-05,1,122
16,1.6927719116210938e-05,1,122
17,1.7523765563964844e-05,1,122
18,1.7523765563964844e-05,1,122
19,1.7523765563964844e-05,1,122
20,1.9431114196777344e-05,1,122
21,1.9431114196777344e-05,1,122
22,1.9431114196777344e-05,1,122
23,1.9431114196777344e-05,1,122
24,1.9431114196777344e-05,1,122
25,1.9431114196777344e-05,1,122
26,1.9431114196777344e-05,1,122
27,1.9431114196777344e-05,1,122
28,1.9431114196777344e-05,1,122
29,1.9431114196777344e-05,1,122
30,1.9431114196777344e-05,1,122
31,1.990795135498047e-05,1,122
32,1.990795135498047e-05,1,122
33,1.990795135498047e-05,1,122
34,1.990795135498047e-05,1,122
35,1.990795135498047e-05,1,122
36,1.990795135498047e-05,1,122
37,1.990795135498047e-05,1,122
38,1.990795135498047e-05,1,122
39,1.990795135498047e-05,1,122
40,1.990795135498047e-05,1,122
41,1.990795135498047e-05,1,122
42,1.990795135498047e-05,1,122
43,1.990795135498047e-05,1,122
44,1.990795135498047e-05,1,122
45,1.990795135498047e-05,1,122
46,1.990795135498047e-05,1,122
47,1.990795135498047e-05,1,122
48,1.990795135498047e-05,1,122
49,1.990795135498047e-05,1,122
50,1.990795135498047e-05,1,122
51,1.990795135498047e-05,1,122
52,1.990795135498047e-05,1,122
53,1.990795135498047e-05,1,122
54,1.990795135498047e-05,1,122
55,1.990795135498047e-05,1,122
56,1.990795135498047e-05,1,122
57,1.990795135498047e-05,1,122
58,1.990795135498047e-05,1,122
59,1.990795135498047e-05,1,122
60,1.990795135498047e-05,1,122
61,1.990795135498047e-05,1,122
62,1.990795135498047e-05,1,122
63,1.990795135498047e-05,1,122
64,1.990795135498047e-05,1,122
65,1.990795135498047e-05,1,122
66,1.990795135498047e-05,1,122
67,1.990795135498047e-05,1,122
68,1.990795135498047e-05,1,122
69,1.990795135498047e-05,1,122
70,1.990795135498047e-05,1,122
71,1.990795135498047e-05,1,122
72,1.990795135498047e-05,1,122
73,1.990795135498047e-05,1,122
74,1.990795135498047e-05,1,122
75,1.990795135498047e-05,1,122
76,1.990795135498047e-05,1,122
77,1.990795135498047e-05,1,122
78,1.990795135498047e-05,1,122
79,1.990795135498047e-05,1,122
80,1.990795135498047e-05,1,122
81,1.990795135498047e-05,1,122
82,1.990795135498047e-05,1,122
83,1.990795135498047e-05,1,122
84,1.990795135498047e-05,1,122
85,1.990795135498047e-05,1,122
86,1.990795135498047e-05,1,122
87,1.990795135498047e-05,1,122
88,1.990795135498047e-05,1,122
89,1.990795135498047e-05,1,122
90,1.990795135498047e-05,1,122
91,1.990795135498047e-05,1,122
92,1.990795135498047e-05,1,122
93,1.990795135498047e-05,1,122
94,1.990795135498047e-05,1,122
95,1.990795135498047e-05,1,122
96,1.990795135498047e-05,1,122
97,1.990795135498047e-05,1,122
98,1.990795135498047e-05,1,122
99,1.990795135498047e-05,1,122
100,1.990795135498047e-05,1,122
101,1.990795135498047e-05,1,122
102,1.990795135498047e-05,1,122
103,1.990795135498047e-05,1,122
104,1.990795135498047e-05,1,122
105,1.990795135498047e-05,1,122
106,1.990795135498047e-05,1,122
107,1.990795135498047e-05,1,122
108,1.990795135498047e-05,1,122
109,1.990795135498047e-05,1,122
110,1.990795135498047e-05,1,122
111,1.990795135498047e-05,1,122
112,1.990795135498047e-05,1,122
113,1.990795135498047e-05,1,122
114,1.990795135498047e-05,1,122
115,1.990795135498047e-05,1,122
116,1.990795135498047e-05,1,122
117,1.990795135498047e-05,1,122
118,1.990795135498047e-05,1,122
119,1.990795135498047e-05,1,122
120,1.990795135498047e-05,1,122
121,1.990795135498047e-05,1,122
122,1.990795135498047e-05,1,122
123,1.990795135498047e-05,1,122
124,1.990795135498047e-05,1,122
125,1.990795135498047e-05,1,122
126,1.990795135498047e-05,1,122
127,1.990795135498047e-05,1,122
128,1.990795135498047e-05,1,122
129,1.990795135498047e-05,1,122
130,1.990795135498047e-05,1,122
131,1.990795135498047e-05,1,122
132,1.990795135498047e-05,1,122
133,1.990795135498047e-05,1,122
134,1.990795135498047e-05,1,122
135,1.990795135498047e-05,1,122
136,1.990795135498047e-05,1,122
137,1.990795135498047e-05,1,122
138,1.990795135498047e-05,1,122
139,1.990795135498047e-05,1,122
140,1.990795135498047e-05,1,122
141,1.990795135498047e-05,1,122
142,1.990795135498047e-05,1,122
143,1.990795135498047e-05,1,122
144,1.990795135498047e-05,1,122
145,1.990795135498047e-05,1,122
146,1.990795135498047e-05,1,122
147,1.990795135498047e-05,1,122
148,1.990795135498047e-05,1,122
149,1.990795135498047e-05,1,122
150,1.990795135498047e-05,1,122
151,1.990795135498047e-05,1,122
152,1.990795135498047e-05,1,122
153,1.990795135498047e-05,1,122
154,1.990795135498047e-05,1,122
155,1.990795135498047e-05,1,122
156,1.990795135498047e-05,1,122
157,1.990795135498047e-05,1,122
158,1.990795135498047e-05,1,122
159,1.990795135498047e-05,1,122
160,1.990795135498047e-05,1,122
161,1.990795135498047e-05,1,122
162,1.990795135498047e-05,1,122
163,1.990795135498047e-05,1,122
164,1.990795135498047e-05,1,122
165,1.990795135498047e-05,1,122
166,1.990795135498047e-05,1,122
167,1.990795135498047e-05,1,122
168,1.990795135498047e-05,1,122
169,1.990795135498047e-05,1,122
170,1.990795135498047e-05,1,122
171,1.990795135498047e-05,1,122
172,1.990795135498047e-05,1,122
173,1.990795135498047e-05,1,122
174,1.990795135498047e-05,1,122
175,1.990795135498047e-05,1,122
176,1.990795135498047e-05,1,122
177,1.990795135498047e-05,1,122
178,1.990795135498047e-05,1,122
179,1.990795135498047e-05,1,122
180,1.990795135498047e-05,1,122
181,1.990795135498047e-05,1,122
182,1.990795135498047e-05,1,122
183,1.990795135498047e-05,1,122
184,1.990795135498047e-05,1,122
185,1.990795135498047e-05,1,122
186,1.990795135498047e-05,1,122
187,1.990795135498047e-05,1,122
188,1.990795135498047e-05,1,122
189,1.990795135498047e-05,1,122
190,1.990795135498047e-05,1,122
191,1.990795135498047e-05,1,122
192,1.990795135498047e-05,1,122
193,1.990795135498047e-05,1,122
194,1.990795135498047e-05,1,122
195,1.990795135498047e-05,1,122
196,1.990795135498047e-05,1,122
197,1.990795135498047e-05,1,122
198,1.990795135498047e-05,1,122
199,1.990795135498047e-05,1,122
200,1.990795135498047e-05,1,122
1,3.337860107421875e-06,1,123
2,3.337860107421875e-06,1,123
3,3.337860107421875e-06,1,123
4,3.337860107421875e-06,1,123
5,3.5762786865234375e-06,1,123
6,4.649162292480469e-06,1,123
7,4.649162292480469e-06,1,123
8,4.649162292480469e-06,1,123
9,4.649162292480469e-06,1,123
10,4.649162292480469e-06,1,123
11,4.649162292480469e-06,1,123
12,4.649162292480469e-06,1,123
13,4.649162292480469e-06,1,123
14,4.887580871582031e-06,1,123
15,4.887580871582031e-06,1,123
16,4.887580871582031e-06,1,123
17,4.887580871582031e-06,1,123
18,4.887580871582031e-06,1,123
19,4.887580871582031e-06,1,123
20,4.887580871582031e-06,1,123
21,4.887580871582031e-06,1,123
22,4.887580871582031e-06,1,123
23,4.887580871582031e-06,1,123
24,4.887580871582031e-06,1,123
25,4.887580871582031e-06,1,123
26,4.887580871582031e-06,1,123
27,4.887580871582031e-06,1,123
28,4.887580871582031e-06,1,123
29,4.887580871582031e-06,1,123
30,4.887580871582031e-06,1,123
31,4.887580871582031e-06,1,123
32,4.887580871582031e-06,1,123
33,4.887580871582031e-06,1,123
34,4.887580871582031e-06,1,123
35,4.887580871582031e-06,1,123
36,4.887580871582031e-06,1,123
37,4.887580871582031e-06,1,123
38,4.887580871582031e-06,1,123
39,4.887580871582031e-06,1,123
40,4.887580871582031e-06,1,123
41,4.887580871582031e-06,1,123
42,4.887580871582031e-06,1,123
43,4.887580871582031e-06,1,123
44,4.887580871582031e-06,1,123
45,4.887580871582031e-06,1,123
46,4.887580871582031e-06,1,123
47,4.887580871582031e-06,1,123
48,4.887580871582031e-06,1,123
49,4.887580871582031e-06,1,123
50,4.887580871582031e-06,1,123
51,4.887580871582031e-06,1,123
52,4.887580871582031e-06,1,123
53,4.887580871582031e-06,1,123
54,4.887580871582031e-06,1,123
55,4.887580871582031e-06,1,123
56,4.887580871582031e-06,1,123
57,4.887580871582031e-06,1,123
58,4.887580871582031e-06,1,123
59,4.887580871582031e-06,1,123
60,4.887580871582031e-06,1,123
61,4.887580871582031e-06,1,123
62,4.887580871582031e-06,1,123
63,4.887580871582031e-06,1,123
64,4.887580871582031e-06,1,123
65,4.887580871582031e-06,1,123
66,4.887580871582031e-06,1,123
67,4.887580871582031e-06,1,123
68,4.887580871582031e-06,1,123
69,4.887580871582031e-06,1,123
70,4.887580871582031e-06,1,123
71,4.887580871582031e-06,1,123
72,4.887580871582031e-06,1,123
73,4.887580871582031e-06,1,123
74,4.887580871582031e-06,1,123
75,4.887580871582031e-06,1,123
76,4.887580871582031e-06,1,123
77,4.887580871582031e-06,1,123
78,4.887580871582031e-06,1,123
79,4.887580871582031e-06,1,123
80,4.887580871582031e-06,1,123
81,4.887580871582031e-06,1,123
82,4.887580871582031e-06,1,123
83,4.887580871582031e-06,1,123
84,4.887580871582031e-06,1,123
85,4.887580871582031e-06,1,123
86,4.887580871582031e-06,1,123
87,4.887580871582031e-06,1,123
88,4.887580871582031e-06,1,123
89,4.887580871582031e-06,1,123
90,4.887580871582031e-06,1,123
91,4.887580871582031e-06,1,123
92,4.887580871582031e-06,1,123
93,4.887580871582031e-06,1,123
94,4.887580871582031e-06,1,123
95,4.887580871582031e-06,1,123
96,4.887580871582031e-06,1,123
97,4.887580871582031e-06,1,123
98,4.887580871582031e-06,1,123
99,4.887580871582031e-06,1,123
100,4.887580871582031e-06,1,123
101,4.887580871582031e-06,1,123
102,4.887580871582031e-06,1,123
103,4.887580871582031e-06,1,123
104,4.887580871582031e-06,1,123
105,4.887580871582031e-06,1,123
106,4.887580871582031e-06,1,123
107,4.887580871582031e-06,1,123
108,4.887580871582031e-06,1,123
109,4.887580871582031e-06,1,123
110,4.887580871582031e-06,1,123
111,4.887580871582031e-06,1,123
112,4.887580871582031e-06,1,123
113,4.887580871582031e-06,1,123
114,4.887580871582031e-06,1,123
115,4.887580871582031e-06,1,123
116,4.887580871582031e-06,1,123
117,4.887580871582031e-06,1,123
118,4.887580871582031e-06,1,123
119,4.887580871582031e-06,1,123
120,4.887580871582031e-06,1,123
121,4.887580871582031e-06,1,123
122,4.887580871582031e-06,1,123
123,4.887580871582031e-06,1,123
124,4.887580871582031e-06,1,123
125,4.887580871582031e-06,1,123
126,4.887580871582031e-06,1,123
127,4.887580871582031e-06,1,123
128,4.887580871582031e-06,1,123
129,4.887580871582031e-06,1,123
130,4.887580871582031e-06,1,123
131,4.887580871582031e-06,1,123
132,4.887580871582031e-06,1,123
133,4.887580871582031e-06,1,123
134,4.887580871582031e-06,1,123
135,4.887580871582031e-06,1,123
136,4.887580871582031e-06,1,123
137,4.887580871582031e-06,1,123
138,4.887580871582031e-06,1,123
139,4.887580871582031e-06,1,123
140,4.887580871582031e-06,1,123
141,4.887580871582031e-06,1,123
142,4.887580871582031e-06,1,123
143,4.887580871582031e-06,1,123
144,4.887580871582031e-06,1,123
145,4.887580871582031e-06,1,123
146,4.887580871582031e-06,1,123
147,4.887580871582031e-06,1,123
148,4.887580871582031e-06,1,123
149,4.887580871582031e-06,1,123
150,4.887580871582031e-06,1,123
151,4.887580871582031e-06,1,123
152,4.887580871582031e-06,1,123
153,4.887580871582031e-06,1,123
154,4.887580871582031e-06,1,123
155,4.887580871582031e-06,1,123
156,4.887580871582031e-06,1,123
157,4.887580871582031e-06,1,123
158,4.887580871582031e-06,1,123
159,4.887580871582031e-06,1,123
160,4.887580871582031e-06,1,123
161,4.887580871582031e-06,1,123
162,4.887580871582031e-06,1,123
163,4.887580871582031e-06,1,123
164,4.887580871582031e-06,1,123
165,4.887580871582031e-06,1,123
166,4.887580871582031e-06,1,123
167,4.887580871582031e-06,1,123
168,4.887580871582031e-06,1,123
169,4.887580871582031e-06,1,123
170,4.887580871582031e-06,1,123
171,4.887580871582031e-06,1,123
172,4.887580871582031e-06,1,123
173,4.887580871582031e-06,1,123
174,4.887580871582031e-06,1,123
175,4.887580871582031e-06,1,123
176,4.887580871582031e-06,1,123
177,4.887580871582031e-06,1,123
178,4.887580871582031e-06,1,123
179,4.887580871582031e-06,1,123
180,4.887580871582031e-06,1,123
181,4.887580871582031e-06,1,123
182,4.887580871582031e-06,1,123
183,4.887580871582031e-06,1,123
184,4.887580871582031e-06,1,123
185,4.887580871582031e-06,1,123
186,4.887580871582031e-06,1,123
187,4.887580871582031e-06,1,123
188,4.887580871582031e-06,1,123
189,4.887580871582031e-06,1,123
190,4.887580871582031e-06,1,123
191,4.887580871582031e-06,1,123
192,4.887580871582031e-06,1,123
193,4.887580871582031e-06,1,123
194,4.887580871582031e-06,1,123
195,4.887580871582031e-06,1,123
196,4.887580871582031e-06,1,123
197,4.887580871582031e-06,1,123
198,4.887580871582031e-06,1,123
199,4.887580871582031e-06,1,123
200,4.887580871582031e-06,1,123
1,0.11308413743972778,2,124
2,0.12003707885742188,2,124
3,0.12003707885742188,2,124
4,0.12003707885742188,2,124
5,0.12729573249816895,1,124
6,0.12729573249816895,1,124
7,0.12729573249816895,1,124
8,0.12729573249816895,1,124
9,0.16293084621429443,3,124
10,0.16293084621429443,3,124
11,0.14925408363342285,1,124
12,0.14925408363342285,1,124
13,0.19037795066833496,3,124
14,0.19037795066833496,3,124
15,0.1921459436416626,3,124
16,0.1921459436416626,3,124
17,0.1841728687286377,2,124
18,0.1841728687286377,2,124
19,0.24109458923339844,4,124
20,0.24198049306869507,4,124
21,0.24198049306869507,4,124
22,0.2532978057861328,3,124
23,0.2532978057861328,3,124
24,0.25351619720458984,3,124
25,0.25351619720458984,3,124
26,0.25351619720458984,3,124
27,0.25351619720458984,3,124
28,0.25351619720458984,3,124
29,0.3080393671989441,5,124
30,0.29761070013046265,4,124
31,0.29761070013046265,4,124
32,0.29761070013046265,4,124
33,0.29761070013046265,4,124
34,0.33183223009109497,4,124
35,0.3875638246536255,6,124
36,0.3875638246536255,6,124
37,0.3875638246536255,6,124
38,0.3875638246536255,6,124
39,0.3875638246536255,6,124
40,0.3875638246536255,6,124
41,0.3875638246536255,6,124
42,0.37433648109436035,5,124
43,0.37433648109436035,5,124
44,0.37433648109436035,5,124
45,0.4311564564704895,7,124
46,0.4311564564704895,7,124
47,0.4311564564704895,7,124
48,0.4311564564704895,7,124
49,0.4311564564704895,7,124
50,0.4659889340400696,9,124
51,0.4659889340400696,9,124
52,0.4659889340400696,9,124
53,0.47674691677093506,9,124
54,0.47674691677093506,9,124
55,0.47674691677093506,9,124
56,0.47389328479766846,6,124
57,0.47389328479766846,6,124
58,0.47389328479766846,6,124
59,0.47389328479766846,6,124
60,0.47389328479766846,6,124
61,0.47389328479766846,6,124
62,0.47389328479766846,6,124
63,0.47389328479766846,6,124
64,0.47389328479766846,6,124
65,0.5608353018760681,8,124
66,0.5608353018760681,8,124
67,0.5608353018760681,8,124
68,0.5608353018760681,8,124
69,0.5608353018760681,8,124
70,0.5608353018760681,8,124
71,0.5608353018760681,8,124
72,0.5608353018760681,8,124
73,0.5608353018760681,8,124
74,0.5608353018760681,8,124
75,0.602096825838089,10,124
76,0.602096825838089,10,124
77,0.602096825838089,10,124
78,0.602096825838089,10,124
79,0.602096825838089,10,124
80,0.602096825838089,10,124
81,0.602096825838089,10,124
82,0.602096825838089,10,124
83,0.5867595672607422,8,124
84,0.5867595672607422,8,124
85,0.5867595672607422,8,124
86,0.7050420641899109,13,124
87,0.7050420641899109,13,124
88,0.7050420641899109,13,124
89,0.7050420641899109,13,124
90,0.7050420641899109,13,124
91,0.7050420641899109,13,124
92,0.7050420641899109,13,124
93,0.7050420641899109,13,124
94,0.7050420641899109,13,124
95,0.7050420641899109,13,124
96,0.7050420641899109,13,124
97,0.7067039906978607,12,124
98,0.7067039906978607,12,124
99,0.7067039906978607,12,124
100,0.7081531882286072,11,124
101,0.7081531882286072,11,124
102,0.7081531882286072,11,124
103,0.7081531882286072,11,124
104,0.7081531882286072,11,124
105,0.7081531882286072,11,124
106,0.7584173381328583,13,124
107,0.7584173381328583,13,124
108,0.7584173381328583,13,124
109,0.7420023381710052,12,124
110,0.7420023381710052,12,124
111,0.7420023381710052,12,124
112,0.7420023381710052,12,124
113,0.7420023381710052,12,124
114,0.7420023381710052,12,124
115,0.7420023381710052,12,124
116,0.8042023926973343,14,124
117,0.8042023926973343,14,124
118,0.8042023926973343,14,124
119,0.8042023926973343,14,124
120,0.8042023926973343,14,124
121,0.8042023926973343,14,124
122,0.8042023926973343,14,124
123,0.8042023926973343,14,124
124,0.8042023926973343,14,124
125,0.8042023926973343,14,124
126,0.8042023926973343,14,124
127,0.8042023926973343,14,124
128,0.8042023926973343,14,124
129,0.8042023926973343,14,124
130,0.8042023926973343,14,124
131,0.8042023926973343,14,124
132,0.8042023926973343,14,124
133,0.8064967840909958,14,124
134,0.8064967840909958,14,124
135,0.8064967840909958,14,124
136,0.8064967840909958,14,124
137,0.8064967840909958,14,124
138,0.8064967840909958,14,124
139,0.8064967840909958,14,124
140,0.8064967840909958,14,124
141,0.8064967840909958,14,124
142,0.8064967840909958,14,124
143,0.8064967840909958,14,124
144,0.8064967840909958,14,124
145,0.8064967840909958,14,124
146,0.8064967840909958,14,124
147,0.7736090421676636,12,124
148,0.7736090421676636,12,124
149,0.7736090421676636,12,124
150,0.7736090421676636,12,124
151,0.7736090421676636,12,124
152,0.7736090421676636,12,124
153,0.834451287984848,15,124
154,0.834451287984848,15,124
155,0.834451287984848,15,124
156,0.834451287984848,15,124
157,0.834451287984848,15,124
158,0.834451287984848,15,124
159,0.834451287984848,15,124
160,0.8246549367904663,14,124
161,0.8246549367904663,14,124
162,0.8246549367904663,14,124
163,0.8246549367904663,14,124
164,0.8246549367904663,14,124
165,0.8246549367904663,14,124
166,0.8246549367904663,14,124
167,0.8246549367904663,14,124
168,0.8246549367904663,14,124
169,0.8246549367904663,14,124
170,0.8246549367904663,14,124
171,0.8641615509986877,15,124
172,0.8641615509986877,15,124
173,0.8641615509986877,15,124
174,0.8641615509986877,15,124
175,0.8641615509986877,15,124
176,0.8641615509986877,15,124
177,0.8641615509986877,15,124
178,0.8641615509986877,15,124
179,0.8641615509986877,15,124
180,0.8641615509986877,15,124
181,0.8641615509986877,15,124
182,0.8641615509986877,15,124
183,0.8641615509986877,15,124
184,0.8641615509986877,15,124
185,0.8641615509986877,15,124
186,0.8641615509986877,15,124
187,0.8641615509986877,15,124
188,0.8641615509986877,15,124
189,0.8701994866132736,15,124
190,0.8701994866132736,15,124
191,0.8701994866132736,15,124
192,0.8701994866132736,15,124
193,0.8701994866132736,15,124
194,0.8701994866132736,15,124
195,0.8701994866132736,15,124
196,0.8701994866132736,15,124
197,0.8701994866132736,15,124
198,0.8701994866132736,15,124
199,0.8701994866132736,15,124
200,0.8701994866132736,15,124
1,0.4884132742881775,6,125
2,0.4884132742881775,6,125
3,0.4884132742881775,6,125
4,0.5769132375717163,7,125
5,0.5798788666725159,7,125
6,0.595452070236206,6,125
7,0.595452070236206,6,125
8,0.5781302452087402,4,125
9,0.5781302452087402,4,125
10,0.6710865497589111,8,125
11,0.6623912155628204,7,125
12,0.6739154160022736,6,125
13,0.6739154160022736,6,125
14,0.6739154160022736,6,125
15,0.6739154160022736,6,125
16,0.6739154160022736,6,125
17,0.7083830237388611,8,125
18,0.7083830237388611,8,125
19,0.7083830237388611,8,125
20,0.706705629825592,7,125
21,0.7133660316467285,7,125
22,0.7203454971313477,7,125
23,0.7203454971313477,7,125
24,0.7506319284439087,8,125
25,0.7506319284439087,8,125
26,0.7506319284439087,8,125
27,0.8141055852174759,10,125
28,0.8141055852174759,10,125
29,0.8141055852174759,10,125
30,0.8141055852174759,10,125
31,0.8570468574762344,12,125
32,0.8570468574762344,12,125
33,0.8570468574762344,12,125
34,0.8570468574762344,12,125
35,0.8658508211374283,12,125
36,0.8915498927235603,12,125
37,0.8915498927235603,12,125
38,0.8915498927235603,12,125
39,0.8915498927235603,12,125
40,0.8915498927235603,12,125
41,0.8915498927235603,12,125
42,0.8915498927235603,12,125
43,0.8915498927235603,12,125
44,0.8915498927235603,12,125
45,0.8915498927235603,12,125
46,0.8915498927235603,12,125
47,0.8915498927235603,12,125
48,0.8915498927235603,12,125
49,0.8915498927235603,12,125
50,0.8915498927235603,12,125
51,0.8915498927235603,12,125
52,0.8915498927235603,12,125
53,0.8915498927235603,12,125
54,0.8915498927235603,12,125
55,0.8915498927235603,12,125
56,0.8915498927235603,12,125
57,0.8915498927235603,12,125
58,0.9219531714916229,13,125
59,0.9219531714916229,13,125
60,0.9219531714916229,13,125
61,0.9219531714916229,13,125
62,0.9219531714916229,13,125
63,0.9219531714916229,13,125
64,0.9219531714916229,13,125
65,0.9219531714916229,13,125
66,0.9219531714916229,13,125
67,0.9219531714916229,13,125
68,0.9219531714916229,13,125
69,0.9219531714916229,13,125
70,0.9219531714916229,13,125
71,0.9219531714916229,13,125
72,0.9219531714916229,13,125
73,0.9219531714916229,13,125
74,0.9219531714916229,13,125
75,0.9219531714916229,13,125
76,0.9219531714916229,13,125
77,0.9219531714916229,13,125
78,0.9219531714916229,13,125
79,0.9219531714916229,13,125
80,0.9219531714916229,13,125
81,0.9219531714916229,13,125
82,0.9219531714916229,13,125
83,0.9219531714916229,13,125
84,0.9219531714916229,13,125
85,0.9219531714916229,13,125
86,0.9219531714916229,13,125
87,0.9219531714916229,13,125
88,0.9219531714916229,13,125
89,0.9219531714916229,13,125
90,0.9219531714916229,13,125
91,0.9219531714916229,13,125
92,0.9219531714916229,13,125
93,0.9219531714916229,13,125
94,0.9219531714916229,13,125
95,0.9219531714916229,13,125
96,0.947539072483778,13,125
97,0.947539072483778,13,125
98,0.947539072483778,13,125
99,0.947539072483778,13,125
100,0.947539072483778,13,125
101,0.947539072483778,13,125
102,0.947539072483778,13,125
103,0.947539072483778,13,125
104,0.947539072483778,13,125
105,0.947539072483778,13,125
106,0.947539072483778,13,125
107,0.947539072483778,13,125
108,0.947539072483778,13,125
109,0.947539072483778,13,125
110,0.947539072483778,13,125
111,0.947539072483778,13,125
112,0.947539072483778,13,125
113,0.947539072483778,13,125
114,0.947539072483778,13,125
115,0.947539072483778,13,125
116,0.947539072483778,13,125
117,0.947539072483778,13,125
118,0.947539072483778,13,125
119,0.947539072483778,13,125
120,0.947539072483778,13,125
121,0.947539072483778,13,125
122,0.947539072483778,13,125
123,0.947539072483778,13,125
124,0.947539072483778,13,125
125,0.947539072483778,13,125
126,0.947539072483778,13,125
127,0.947539072483778,13,125
128,0.947539072483778,13,125
129,0.947539072483778,13,125
130,0.947539072483778,13,125
131,0.947539072483778,13,125
132,0.947539072483778,13,125
133,0.947539072483778,13,125
134,0.947539072483778,13,125
135,0.947539072483778,13,125
136,0.947539072483778,13,125
137,0.947539072483778,13,125
138,0.947539072483778,13,125
139,0.947539072483778,13,125
140,0.947539072483778,13,125
141,0.947539072483778,13,125
142,0.947539072483778,13,125
143,0.947539072483778,13,125
144,0.947539072483778,13,125
145,0.947539072483778,13,125
146,0.947539072483778,13,125
147,0.947539072483778,13,125
148,0.947539072483778,13,125
149,0.947539072483778,13,125
150,0.947539072483778,13,125
151,0.947539072483778,13,125
152,0.9495385177433491,13,125
153,0.9495385177433491,13,125
154,0.9495385177433491,13,125
155,0.9495385177433491,13,125
156,0.9495385177433491,13,125
157,0.9495385177433491,13,125
158,0.9495385177433491,13,125
159,0.9495385177433491,13,125
160,0.9495385177433491,13,125
161,0.9495385177433491,13,125
162,0.9495385177433491,13,125
163,0.9495385177433491,13,125
164,0.9495385177433491,13,125
165,0.9495385177433491,13,125
166,0.9495385177433491,13,125
167,0.9495385177433491,13,125
168,0.9495385177433491,13,125
169,0.9495385177433491,13,125
170,0.9495385177433491,13,125
171,0.9495385177433491,13,125
172,0.9495385177433491,13,125
173,0.9495385177433491,13,125
174,0.9495385177433491,13,125
175,0.9495385177433491,13,125
176,0.9495385177433491,13,125
177,0.9495385177433491,13,125
178,0.9495385177433491,13,125
179,0.9495385177433491,13,125
180,0.9495385177433491,13,125
181,0.9495385177433491,13,125
182,0.9495385177433491,13,125
183,0.9495385177433491,13,125
184,0.9495385177433491,13,125
185,0.9495385177433491,13,125
186,0.9495385177433491,13,125
187,0.9495385177433491,13,125
188,0.9495385177433491,13,125
189,0.9495385177433491,13,125
190,0.9495385177433491,13,125
191,0.9495385177433491,13,125
192,0.9495385177433491,13,125
193,0.9495385177433491,13,125
194,0.9495385177433491,13,125
195,0.9495385177433491,13,125
196,0.9495385177433491,13,125
197,0.9495385177433491,13,125
198,0.9495385177433491,13,125
199,0.9495385177433491,13,125
200,0.9495385177433491,13,125
1,0.3867117762565613,1,126
2,0.3867117762565613,1,126
3,0.40816575288772583,2,126
4,0.40816575288772583,2,126
5,0.39359354972839355,1,126
6,0.39759618043899536,1,126
7,0.39759618043899536,1,126
8,0.41845273971557617,1,126
9,0.41845273971557617,1,126
10,0.4376294016838074,2,126
11,0.4376294016838074,2,126
12,0.4376294016838074,2,126
13,0.4376294016838074,2,126
14,0.42990225553512573,1,126
15,0.4708571434020996,3,126
16,0.4708571434020996,3,126
17,0.48980993032455444,4,126
18,0.48980993032455444,4,126
19,0.48980993032455444,4,126
20,0.4584738612174988,2,126
21,0.464870810508728,2,126
22,0.4734683632850647,2,126
23,0.511676013469696,4,126
24,0.5119730830192566,4,126
25,0.5095662772655487,3,126
26,0.5095662772655487,3,126
27,0.5095662772655487,3,126
28,0.5317358672618866,3,126
29,0.5317358672618866,3,126
30,0.5317358672618866,3,126
31,0.5317358672618866,3,126
32,0.5317358672618866,3,126
33,0.5317358672618866,3,126
34,0.5317358672618866,3,126
35,0.5317358672618866,3,126
36,0.5317358672618866,3,126
37,0.5317358672618866,3,126
38,0.5317358672618866,3,126
39,0.5328042507171631,3,126
40,0.5328042507171631,3,126
41,0.5328042507171631,3,126
42,0.5596985518932343,4,126
43,0.5596985518932343,4,126
44,0.5596985518932343,4,126
45,0.5596985518932343,4,126
46,0.5596985518932343,4,126
47,0.5596985518932343,4,126
48,0.5616386830806732,4,126
49,0.565212607383728,4,126
50,0.565212607383728,4,126
51,0.565212607383728,4,126
52,0.565212607383728,4,126
53,0.5707289576530457,4,126
54,0.5707289576530457,4,126
55,0.575899213552475,4,126
56,0.575899213552475,4,126
57,0.575899213552475,4,126
58,0.575899213552475,4,126
59,0.575899213552475,4,126
60,0.575899213552475,4,126
61,0.5772221684455872,4,126
62,0.5772221684455872,4,126
63,0.5772221684455872,4,126
64,0.5772221684455872,4,126
65,0.5772221684455872,4,126
66,0.5772221684455872,4,126
67,0.5772221684455872,4,126
68,0.5772221684455872,4,126
69,0.5772221684455872,4,126
70,0.5772221684455872,4,126
71,0.5772221684455872,4,126
72,0.5796493291854858,4,126
73,0.5796493291854858,4,126
74,0.5796493291854858,4,126
75,0.5796493291854858,4,126
76,0.5796493291854858,4,126
77,0.6239050328731537,6,126
78,0.6239050328731537,6,126
79,0.6239050328731537,6,126
80,0.6239050328731537,6,126
81,0.6239050328731537,6,126
82,0.6239050328731537,6,126
83,0.6239050328731537,6,126
84,0.6239050328731537,6,126
85,0.6239050328731537,6,126
86,0.6239050328731537,6,126
87,0.6239050328731537,6,126
88,0.6239050328731537,6,126
89,0.6239050328731537,6,126
90,0.6239050328731537,6,126
91,0.6239050328731537,6,126
92,0.6239050328731537,6,126
93,0.6239050328731537,6,126
94,0.6239050328731537,6,126
95,0.6239050328731537,6,126
96,0.6239050328731537,6,126
97,0.6239050328731537,6,126
98,0.6239050328731537,6,126
99,0.6239050328731537,6,126
100,0.6171265542507172,5,126
101,0.6171265542507172,5,126
102,0.6171265542507172,5,126
103,0.6171265542507172,5,126
104,0.6171265542507172,5,126
105,0.6171265542507172,5,126
106,0.6171265542507172,5,126
107,0.6171265542507172,5,126
108,0.6171265542507172,5,126
109,0.6171265542507172,5,126
110,0.6171265542507172,5,126
111,0.6171265542507172,5,126
112,0.6171265542507172,5,126
113,0.6171265542507172,5,126
114,0.6171265542507172,5,126
115,0.6171265542507172,5,126
116,0.6171265542507172,5,126
117,0.6171265542507172,5,126
118,0.6338441073894501,6,126
119,0.6338441073894501,6,126
120,0.6338441073894501,6,126
121,0.6338441073894501,6,126
122,0.6338441073894501,6,126
123,0.6338441073894501,6,126
124,0.6338441073894501,6,126
125,0.6338441073894501,6,126
126,0.6338441073894501,6,126
127,0.6338441073894501,6,126
128,0.6338441073894501,6,126
129,0.6338441073894501,6,126
130,0.6338441073894501,6,126
131,0.6338441073894501,6,126
132,0.6338441073894501,6,126
133,0.6338441073894501,6,126
134,0.6338441073894501,6,126
135,0.6338441073894501,6,126
136,0.6338441073894501,6,126
137,0.6338441073894501,6,126
138,0.6338441073894501,6,126
139,0.6338441073894501,6,126
140,0.6338441073894501,6,126
141,0.6338441073894501,6,126
142,0.6338441073894501,6,126
143,0.6338441073894501,6,126
144,0.6338441073894501,6,126
145,0.6338441073894501,6,126
146,0.6360459327697754,6,126
147,0.6361562311649323,6,126
148,0.6361562311649323,6,126
149,0.6361562311649323,6,126
150,0.6361562311649323,6,126
151,0.6361562311649323,6,126
152,0.6409145295619965,6,126
153,0.6409145295619965,6,126
154,0.6409145295619965,6,126
155,0.6409145295619965,6,126
156,0.6420935988426208,6,126
157,0.6420935988426208,6,126
158,0.6420935988426208,6,126
159,0.6459659039974213,6,126
160,0.6459659039974213,6,126
161,0.6459659039974213,6,126
162,0.6459659039974213,6,126
163,0.6459659039974213,6,126
164,0.6459659039974213,6,126
165,0.6459659039974213,6,126
166,0.6459659039974213,6,126
167,0.6459659039974213,6,126
168,0.6459659039974213,6,126
169,0.6459659039974213,6,126
170,0.6459659039974213,6,126
171,0.6459659039974213,6,126
172,0.6459659039974213,6,126
173,0.6459659039974213,6,126
174,0.6459659039974213,6,126
175,0.6459659039974213,6,126
176,0.6459659039974213,6,126
177,0.6459659039974213,6,126
178,0.6459659039974213,6,126
179,0.6459659039974213,6,126
180,0.6459659039974213,6,126
181,0.6459659039974213,6,126
182,0.6459659039974213,6,126
183,0.6459659039974213,6,126
184,0.6459659039974213,6,126
185,0.6459659039974213,6,126
186,0.6459659039974213,6,126
187,0.6459659039974213,6,126
188,0.6459659039974213,6,126
189,0.6459659039974213,6,126
190,0.6459659039974213,6,126
191,0.6459659039974213,6,126
192,0.6459659039974213,6,126
193,0.6459659039974213,6,126
194,0.6473805904388428,6,126
195,0.6473805904388428,6,126
196,0.6473805904388428,6,126
197,0.6473805904388428,6,126
198,0.6473805904388428,6,126
199,0.6473805904388428,6,126
200,0.6473805904388428,6,126
1,0.0,1,127
2,0.0,1,127
3,0.0,1,127
4,0.0,1,127
5,0.0,1,127
6,0.0,1,127
7,0.0,1,127
8,0.0,1,127
9,0.0,1,127
10,0.0,1,127
11,0.0,1,127
12,0.0,1,127
13,0.0,1,127
14,0.0,1,127
15,0.0,1,127
16,0.0,1,127
17,0.0,1,127
18,0.0,1,127
19,0.0,1,127
20,0.0,1,127
21,0.0,1,127
22,0.0,1,127
23,0.0,1,127
24,0.0,1,127
25,0.0,1,127
26,0.0,1,127
27,0.0,1,127
28,0.0,1,127
29,0.0,1,127
30,0.0,1,127
31,0.0,1,127
32,0.0,1,127
33,0.0,1,127
34,0.0,1,127
35,0.0,1,127
36,0.0,1,127
37,0.0,1,127
38,0.0,1,127
39,0.0,1,127
40,0.0,1,127
41,0.0,1,127
42,0.0,1,127
43,0.0,1,127
44,0.0,1,127
45,0.0,1,127
46,0.0,1,127
47,0.0,1,127
48,0.0,1,127
49,0.0,1,127
50,0.0,1,127
51,0.0,1,127
52,0.0,1,127
53,0.0,1,127
54,0.0,1,127
55,0.0,1,127
56,0.0,1,127
57,0.0,1,127
58,0.0,1,127
59,0.0,1,127
60,0.0,1,127
61,0.0,1,127
62,0.0,1,127
63,0.0,1,127
64,0.0,1,127
65,0.0,1,127
66,0.0,1,127
67,0.0,1,127
68,0.0,1,127
69,0.0,1,127
70,0.0,1,127
71,0.0,1,127
72,0.0,1,127
73,0.0,1,127
74,0.0,1,127
75,0.0,1,127
76,0.0,1,127
77,0.0,1,127
78,0.0,1,127
79,0.0,1,127
80,0.0,1,127
81,0.0,1,127
82,0.0,1,127
83,0.0,1,127
84,0.0,1,127
85,0.0,1,127
86,0.0,1,127
87,0.0,1,127
88,0.0,1,127
89,0.0,1,127
90,0.0,1,127
91,0.0,1,127
92,0.0,1,127
93,0.0,1,127
94,0.0,1,127
95,0.0,1,127
96,0.0,1,127
97,0.0,1,127
98,0.0,1,127
99,0.0,1,127
100,0.0,1,127
101,0.0,1,127
102,0.0,1,127
103,0.0,1,127
104,0.0,1,127
105,0.0,1,127
106,0.0,1,127
107,0.0,1,127
108,0.0,1,127
109,0.0,1,127
110,0.0,1,127
111,0.0,1,127
112,0.0,1,127
113,0.0,1,127
114,0.0,1,127
115,0.0,1,127
116,0.0,1,127
117,0.0,1,127
118,0.0,1,127
119,0.0,1,127
120,0.0,1,127
121,0.0,1,127
122,0.0,1,127
123,0.0,1,127
124,0.0,1,127
125,0.0,1,127
126,0.0,1,127
127,0.0,1,127
128,0.0,1,127
129,0.0,1,127
130,0.0,1,127
131,0.0,1,127
132,0.0,1,127
133,0.0,1,127
134,0.0,1,127
135,0.0,1,127
136,0.0,1,127
137,0.0,1,127
138,0.0,1,127
139,0.0,1,127
140,0.0,1,127
141,0.0,1,127
142,0.0,1,127
143,0.0,1,127
144,0.0,1,127
145,0.0,1,127
146,0.0,1,127
147,0.0,1,127
148,0.0,1,127
149,0.0,1,127
150,0.0,1,127
151,0.0,1,127
152,0.0,1,127
153,0.0,1,127
154,0.0,1,127
155,0.0,1,127
156,0.0,1,127
157,0.0,1,127
158,0.0,1,127
159,0.0,1,127
160,0.0,1,127
161,0.0,1,127
162,0.0,1,127
163,0.0,1,127
164,0.0,1,127
165,0.0,1,127
166,0.0,1,127
167,0.0,1,127
168,0.0,1,127
169,0.0,1,127
170,0.0,1,127
171,0.0,1,127
172,0.0,1,127
173,0.0,1,127
174,0.0,1,127
175,0.0,1,127
176,0.0,1,127
177,0.0,1,127
178,0.0,1,127
179,0.0,1,127
180,0.0,1,127
181,0.0,1,127
182,0.0,1,127
183,0.0,1,127
184,0.0,1,127
185,0.0,1,127
186,0.0,1,127
187,0.0,1,127
188,0.0,1,127
189,0.0,1,127
190,0.0,1,127
191,0.0,1,127
192,0.0,1,127
193,0.0,1,127
194,0.0,1,127
195,0.0,1,127
196,0.0,1,127
197,0.0,1,127
198,0.0,1,127
199,0.0,1,127
200,0.0,1,127
1,4.76837158203125e-07,1,128
2,4.76837158203125e-07,1,128
3,4.76837158203125e-07,1,128
4,4.76837158203125e-07,1,128
5,4.76837158203125e-07,1,128
6,4.76837158203125e-07,1,128
7,4.76837158203125e-07,1,128
8,4.76837158203125e-07,1,128
9,4.76837158203125e-07,1,128
10,4.76837158203125e-07,1,128
11,4.76837158203125e-07,1,128
12,5.960464477539062e-07,1,128
13,5.960464477539062e-07,1,128
14,5.960464477539062e-07,1,128
15,5.960464477539062e-07,1,128
16,5.960464477539062e-07,1,128
17,5.960464477539062e-07,1,128
18,5.960464477539062e-07,1,128
19,5.960464477539062e-07,1,128
20,5.960464477539062e-07,1,128
21,5.960464477539062e-07,1,128
22,5.960464477539062e-07,1,128
23,5.960464477539062e-07,1,128
24,5.960464477539062e-07,1,128
25,5.960464477539062e-07,1,128
26,5.960464477539062e-07,1,128
27,5.960464477539062e-07,1,128
28,5.960464477539062e-07,1,128
29,5.960464477539062e-07,1,128
30,5.960464477539062e-07,1,128
31,5.960464477539062e-07,1,128
32,5.960464477539062e-07,1,128
33,5.960464477539062e-07,1,128
34,5.960464477539062e-07,1,128
35,5.960464477539062e-07,1,128
36,5.960464477539062e-07,1,128
37,5.960464477539062e-07,1,128
38,5.960464477539062e-07,1,128
39,5.960464477539062e-07,1,128
40,5.960464477539062e-07,1,128
41,5.960464477539062e-07,1,128
42,5.960464477539062e-07,1,128
43,5.960464477539062e-07,1,128
44,5.960464477539062e-07,1,128
45,5.960464477539062e-07,1,128
46,5.960464477539062e-07,1,128
47,5.960464477539062e-07,1,128
48,5.960464477539062e-07,1,128
49,5.960464477539062e-07,1,128
50,5.960464477539062e-07,1,128
51,5.960464477539062e-07,1,128
52,5.960464477539062e-07,1,128
53,5.960464477539062e-07,1,128
54,5.960464477539062e-07,1,128
55,5.960464477539062e-07,1,128
56,5.960464477539062e-07,1,128
57,5.960464477539062e-07,1,128
58,5.960464477539062e-07,1,128
59,5.960464477539062e-07,1,128
60,5.960464477539062e-07,1,128
61,5.960464477539062e-07,1,128
62,5.960464477539062e-07,1,128
63,5.960464477539062e-07,1,128
64,5.960464477539062e-07,1,128
65,5.960464477539062e-07,1,128
66,5.960464477539062e-07,1,128
67,5.960464477539062e-07,1,128
68,5.960464477539062e-07,1,128
69,5.960464477539062e-07,1,128
70,5.960464477539062e-07,1,128
71,5.960464477539062e-07,1,128
72,5.960464477539062e-07,1,128
73,5.960464477539062e-07,1,128
74,5.960464477539062e-07,1,128
75,5.960464477539062e-07,1,128
76,5.960464477539062e-07,1,128
77,5.960464477539062e-07,1,128
78,5.960464477539062e-07,1,128
79,5.960464477539062e-07,1,128
80,5.960464477539062e-07,1,128
81,5.960464477539062e-07,1,128
82,5.960464477539062e-07,1,128
83,5.960464477539062e-07,1,128
84,5.960464477539062e-07,1,128
85,5.960464477539062e-07,1,128
86,5.960464477539062e-07,1,128
87,5.960464477539062e-07,1,128
88,5.960464477539062e-07,1,128
89,5.960464477539062e-07,1,128
90,5.960464477539062e-07,1,128
91,5.960464477539062e-07,1,128
92,5.960464477539062e-07,1,128
93,5.960464477539062e-07,1,128
94,5.960464477539062e-07,1,128
95,5.960464477539062e-07,1,128
96,5.960464477539062e-07,1,128
97,5.960464477539062e-07,1,128
98,5.960464477539062e-07,1,128
99,5.960464477539062e-07,1,128
100,5.960464477539062e-07,1,128
101,5.960464477539062e-07,1,128
102,5.960464477539062e-07,1,128
103,5.960464477539062e-07,1,128
104,5.960464477539062e-07,1,128
105,5.960464477539062e-07,1,128
106,5.960464477539062e-07,1,128
107,5.960464477539062e-07,1,128
108,5.960464477539062e-07,1,128
109,5.960464477539062e-07,1,128
110,5.960464477539062e-07,1,128
111,5.960464477539062e-07,1,128
112,5.960464477539062e-07,1,128
113,5.960464477539062e-07,1,128
114,5.960464477539062e-07,1,128
115,5.960464477539062e-07,1,128
116,5.960464477539062e-07,1,128
117,5.960464477539062e-07,1,128
118,5.960464477539062e-07,1,128
119,5.960464477539062e-07,1,128
120,5.960464477539062e-07,1,128
121,5.960464477539062e-07,1,128
122,5.960464477539062e-07,1,128
123,5.960464477539062e-07,1,128
124,5.960464477539062e-07,1,128
125,5.960464477539062e-07,1,128
126,5.960464477539062e-07,1,128
127,5.960464477539062e-07,1,128
128,5.960464477539062e-07,1,128
129,5.960464477539062e-07,1,128
130,5.960464477539062e-07,1,128
131,5.960464477539062e-07,1,128
132,5.960464477539062e-07,1,128
133,5.960464477539062e-07,1,128
134,5.960464477539062e-07,1,128
135,5.960464477539062e-07,1,128
136,5.960464477539062e-07,1,128
137,5.960464477539062e-07,1,128
138,5.960464477539062e-07,1,128
139,5.960464477539062e-07,1,128
140,5.960464477539062e-07,1,128
141,5.960464477539062e-07,1,128
142,5.960464477539062e-07,1,128
143,5.960464477539062e-07,1,128
144,5.960464477539062e-07,1,128
145,5.960464477539062e-07,1,128
146,5.960464477539062e-07,1,128
147,5.960464477539062e-07,1,128
148,5.960464477539062e-07,1,128
149,5.960464477539062e-07,1,128
150,5.960464477539062e-07,1,128
151,5.960464477539062e-07,1,128
152,5.960464477539062e-07,1,128
153,5.960464477539062e-07,1,128
154,5.960464477539062e-07,1,128
155,5.960464477539062e-07,1,128
156,5.960464477539062e-07,1,128
157,5.960464477539062e-07,1,128
158,5.960464477539062e-07,1,128
159,5.960464477539062e-07,1,128
160,5.960464477539062e-07,1,128
161,5.960464477539062e-07,1,128
162,5.960464477539062e-07,1,128
163,5.960464477539062e-07,1,128
164,5.960464477539062e-07,1,128
165,5.960464477539062e-07,1,128
166,5.960464477539062e-07,1,128
167,5.960464477539062e-07,1,128
168,5.960464477539062e-07,1,128
169,5.960464477539062e-07,1,128
170,5.960464477539062e-07,1,128
171,5.960464477539062e-07,1,128
172,5.960464477539062e-07,1,128
173,5.960464477539062e-07,1,128
174,5.960464477539062e-07,1,128
175,5.960464477539062e-07,1,128
176,5.960464477539062e-07,1,128
177,5.960464477539062e-07,1,128
178,5.960464477539062e-07,1,128
179,5.960464477539062e-07,1,128
180,5.960464477539062e-07,1,128
181,5.960464477539062e-07,1,128
182,5.960464477539062e-07,1,128
183,5.960464477539062e-07,1,128
184,5.960464477539062e-07,1,128
185,5.960464477539062e-07,1,128
186,5.960464477539062e-07,1,128
187,5.960464477539062e-07,1,128
188,5.960464477539062e-07,1,128
189,5.960464477539062e-07,1,128
190,5.960464477539062e-07,1,128
191,5.960464477539062e-07,1,128
192,5.960464477539062e-07,1,128
193,5.960464477539062e-07,1,128
194,5.960464477539062e-07,1,128
195,5.960464477539062e-07,1,128
196,5.960464477539062e-07,1,128
197,5.960464477539062e-07,1,128
198,5.960464477539062e-07,1,128
199,5.960464477539062e-07,1,128
200,5.960464477539062e-07,1,128
1,0.0001462697982788086,1,129
2,0.00014722347259521484,1,129
3,0.00015461444854736328,1,129
4,0.0001552104949951172,1,129
5,0.0001552104949951172,1,129
6,0.0001552104949951172,1,129
7,0.00016427040100097656,1,129
8,0.00020200014114379883,1,129
9,0.00020200014114379883,1,129
10,0.00020200014114379883,1,129
11,0.00020200014114379883,1,129
12,0.00020200014114379883,1,129
13,0.00020200014114379883,1,129
14,0.00020307302474975586,1,129
15,0.00020307302474975586,1,129
16,0.00020307302474975586,1,129
17,0.00021880865097045898,1,129
18,0.00021880865097045898,1,129
19,0.00021880865097045898,1,129
20,0.00021880865097045898,1,129
21,0.00021880865097045898,1,129
22,0.00022751092910766602,1,129
23,0.00022751092910766602,1,129
24,0.00022751092910766602,1,129
25,0.00022751092910766602,1,129
26,0.00022774934768676758,1,129
27,0.00023061037063598633,1,129
28,0.00023061037063598633,1,129
29,0.00023061037063598633,1,129
30,0.00023061037063598633,1,129
31,0.00023061037063598633,1,129
32,0.00023061037063598633,1,129
33,0.00023061037063598633,1,129
34,0.00023061037063598633,1,129
35,0.00023061037063598633,1,129
36,0.00023061037063598633,1,129
37,0.00023061037063598633,1,129
38,0.00023061037063598633,1,129
39,0.00023061037063598633,1,129
40,0.00023061037063598633,1,129
41,0.00023061037063598633,1,129
42,0.00023061037063598633,1,129
43,0.00023061037063598633,1,129
44,0.00023061037063598633,1,129
45,0.00023061037063598633,1,129
46,0.00023061037063598633,1,129
47,0.00023061037063598633,1,129
48,0.00023061037063598633,1,129
49,0.00023061037063598633,1,129
50,0.00023061037063598633,1,129
51,0.00023061037063598633,1,129
52,0.00023061037063598633,1,129
53,0.00023061037063598633,1,129
54,0.00023061037063598633,1,129
55,0.00023061037063598633,1,129
56,0.00023061037063598633,1,129
57,0.00023061037063598633,1,129
58,0.00023061037063598633,1,129
59,0.00023061037063598633,1,129
60,0.00023061037063598633,1,129
61,0.00023061037063598633,1,129
62,0.00023061037063598633,1,129
63,0.00023061037063598633,1,129
64,0.00023061037063598633,1,129
65,0.00023061037063598633,1,129
66,0.00023061037063598633,1,129
67,0.00023061037063598633,1,129
68,0.00023061037063598633,1,129
69,0.00023061037063598633,1,129
70,0.00023061037063598633,1,129
71,0.00023061037063598633,1,129
72,0.00023061037063598633,1,129
73,0.00023061037063598633,1,129
74,0.00023061037063598633,1,129
75,0.00023061037063598633,1,129
76,0.00023061037063598633,1,129
77,0.00023061037063598633,1,129
78,0.00023061037063598633,1,129
79,0.00023061037063598633,1,129
80,0.00023061037063598633,1,129
81,0.00023061037063598633,1,129
82,0.00023061037063598633,1,129
83,0.00023061037063598633,1,129
84,0.00023061037063598633,1,129
85,0.00023061037063598633,1,129
86,0.00023061037063598633,1,129
87,0.00023061037063598633,1,129
88,0.00023061037063598633,1,129
89,0.00023061037063598633,1,129
90,0.00023061037063598633,1,129
91,0.00023061037063598633,1,129
92,0.00023061037063598633,1,129
93,0.00023061037063598633,1,129
94,0.00023061037063598633,1,129
95,0.00023061037063598633,1,129
96,0.00023061037063598633,1,129
97,0.00023061037063598633,1,129
98,0.00023061037063598633,1,129
99,0.00023061037063598633,1,129
100,0.00023061037063598633,1,129
101,0.00023061037063598633,1,129
102,0.00023061037063598633,1,129
103,0.00023061037063598633,1,129
104,0.00023061037063598633,1,129
105,0.00023061037063598633,1,129
106,0.00023061037063598633,1,129
107,0.00023061037063598633,1,129
108,0.00023061037063598633,1,129
109,0.00023061037063598633,1,129
110,0.00023061037063598633,1,129
111,0.00023061037063598633,1,129
112,0.00023061037063598633,1,129
113,0.00023061037063598633,1,129
114,0.00023061037063598633,1,129
115,0.00023061037063598633,1,129
116,0.00023061037063598633,1,129
117,0.00023061037063598633,1,129
118,0.00023061037063598633,1,129
119,0.00023061037063598633,1,129
120,0.00023061037063598633,1,129
121,0.00023061037063598633,1,129
122,0.00023061037063598633,1,129
123,0.00023061037063598633,1,129
124,0.00023061037063598633,1,129
125,0.00023061037063598633,1,129
126,0.00023061037063598633,1,129
127,0.00023061037063598633,1,129
128,0.00023061037063598633,1,129
129,0.00023061037063598633,1,129
130,0.00023061037063598633,1,129
131,0.00023061037063598633,1,129
132,0.00023061037063598633,1,129
133,0.00023061037063598633,1,129
134,0.00023061037063598633,1,129
135,0.00023061037063598633,1,129
136,0.00023061037063598633,1,129
137,0.00023061037063598633,1,129
138,0.00023061037063598633,1,129
139,0.00023061037063598633,1,129
140,0.00023061037063598633,1,129
141,0.00023061037063598633,1,129
142,0.00023061037063598633,1,129
143,0.00023061037063598633,1,129
144,0.00023061037063598633,1,129
145,0.00023061037063598633,1,129
146,0.00023061037063598633,1,129
147,0.00023061037063598633,1,129
148,0.00023061037063598633,1,129
149,0.00023061037063598633,1,129
150,0.00023061037063598633,1,129
151,0.00023061037063598633,1,129
152,0.00023061037063598633,1,129
153,0.00023061037063598633,1,129
154,0.00023061037063598633,1,129
155,0.00023061037063598633,1,129
156,0.00023061037063598633,1,129
157,0.00023061037063598633,1,129
158,0.00023061037063598633,1,129
159,0.00023061037063598633,1,129
160,0.00023061037063598633,1,129
161,0.00023061037063598633,1,129
162,0.00023061037063598633,1,129
163,0.00023061037063598633,1,129
164,0.00023061037063598633,1,129
165,0.00023061037063598633,1,129
166,0.00023061037063598633,1,129
167,0.00023061037063598633,1,129
168,0.00023061037063598633,1,129
169,0.00023061037063598633,1,129
170,0.00023061037063598633,1,129
171,0.00023061037063598633,1,129
172,0.00023061037063598633,1,129
173,0.00023061037063598633,1,129
174,0.00023061037063598633,1,129
175,0.00023061037063598633,1,129
176,0.00023061037063598633,1,129
177,0.00023061037063598633,1,129
178,0.00023061037063598633,1,129
179,0.00023061037063598633,1,129
180,0.00023061037063598633,1,129
181,0.00023061037063598633,1,129
182,0.00023061037063598633,1,129
183,0.00023061037063598633,1,129
184,0.00023061037063598633,1,129
185,0.00023061037063598633,1,129
186,0.00023061037063598633,1,129
187,0.00023061037063598633,1,129
188,0.00023061037063598633,1,129
189,0.00023061037063598633,1,129
190,0.00023061037063598633,1,129
191,0.00023061037063598633,1,129
192,0.00023061037063598633,1,129
193,0.00023061037063598633,1,129
194,0.00023061037063598633,1,129
195,0.00023061037063598633,1,129
196,0.00023061037063598633,1,129
197,0.00023061037063598633,1,129
198,0.00023061037063598633,1,129
199,0.00023061037063598633,1,129
200,0.00023061037063598633,1,129
