generation,best_value,num_perturbations,sample_id
1,1.811981201171875e-05,1,0
2,1.811981201171875e-05,1,0
3,1.811981201171875e-05,1,0
4,2.491474151611328e-05,1,0
5,2.491474151611328e-05,1,0
6,2.491474151611328e-05,1,0
7,2.491474151611328e-05,1,0
8,2.491474151611328e-05,1,0
9,2.491474151611328e-05,1,0
10,4.4465065002441406e-05,1,0
11,4.4465065002441406e-05,1,0
12,4.4465065002441406e-05,1,0
13,4.4465065002441406e-05,1,0
14,4.4465065002441406e-05,1,0
15,5.602836608886719e-05,1,0
16,5.602836608886719e-05,1,0
17,5.602836608886719e-05,1,0
18,5.602836608886719e-05,1,0
19,5.602836608886719e-05,1,0
20,5.602836608886719e-05,1,0
21,5.602836608886719e-05,1,0
22,5.602836608886719e-05,1,0
23,5.602836608886719e-05,1,0
24,5.602836608886719e-05,1,0
25,5.602836608886719e-05,1,0
26,5.602836608886719e-05,1,0
27,5.602836608886719e-05,1,0
28,5.602836608886719e-05,1,0
29,5.602836608886719e-05,1,0
30,5.602836608886719e-05,1,0
31,5.602836608886719e-05,1,0
32,5.602836608886719e-05,1,0
33,5.602836608886719e-05,1,0
34,5.602836608886719e-05,1,0
35,5.602836608886719e-05,1,0
36,5.602836608886719e-05,1,0
37,5.602836608886719e-05,1,0
38,5.602836608886719e-05,1,0
39,5.602836608886719e-05,1,0
40,5.602836608886719e-05,1,0
41,5.602836608886719e-05,1,0
42,5.602836608886719e-05,1,0
43,5.602836608886719e-05,1,0
44,5.602836608886719e-05,1,0
45,5.602836608886719e-05,1,0
46,5.602836608886719e-05,1,0
47,5.602836608886719e-05,1,0
48,5.602836608886719e-05,1,0
49,5.602836608886719e-05,1,0
50,5.602836608886719e-05,1,0
51,5.602836608886719e-05,1,0
52,5.602836608886719e-05,1,0
53,5.602836608886719e-05,1,0
54,5.602836608886719e-05,1,0
55,5.602836608886719e-05,1,0
56,5.602836608886719e-05,1,0
57,5.602836608886719e-05,1,0
58,5.602836608886719e-05,1,0
59,5.602836608886719e-05,1,0
60,5.602836608886719e-05,1,0
61,5.602836608886719e-05,1,0
62,5.602836608886719e-05,1,0
63,5.602836608886719e-05,1,0
64,5.602836608886719e-05,1,0
65,5.602836608886719e-05,1,0
66,5.602836608886719e-05,1,0
67,5.602836608886719e-05,1,0
68,5.602836608886719e-05,1,0
69,5.602836608886719e-05,1,0
70,5.602836608886719e-05,1,0
71,5.602836608886719e-05,1,0
72,5.602836608886719e-05,1,0
73,5.602836608886719e-05,1,0
74,5.602836608886719e-05,1,0
75,5.602836608886719e-05,1,0
76,5.602836608886719e-05,1,0
77,5.602836608886719e-05,1,0
78,5.602836608886719e-05,1,0
79,5.602836608886719e-05,1,0
80,5.602836608886719e-05,1,0
81,5.602836608886719e-05,1,0
82,5.602836608886719e-05,1,0
83,5.602836608886719e-05,1,0
84,5.602836608886719e-05,1,0
85,5.602836608886719e-05,1,0
86,5.602836608886719e-05,1,0
87,5.602836608886719e-05,1,0
88,5.602836608886719e-05,1,0
89,5.602836608886719e-05,1,0
90,5.602836608886719e-05,1,0
91,5.602836608886719e-05,1,0
92,5.602836608886719e-05,1,0
93,5.602836608886719e-05,1,0
94,5.602836608886719e-05,1,0
95,5.602836608886719e-05,1,0
96,5.602836608886719e-05,1,0
97,5.602836608886719e-05,1,0
98,5.602836608886719e-05,1,0
99,5.602836608886719e-05,1,0
100,5.602836608886719e-05,1,0
101,5.602836608886719e-05,1,0
102,5.602836608886719e-05,1,0
103,5.602836608886719e-05,1,0
104,5.602836608886719e-05,1,0
105,5.602836608886719e-05,1,0
106,5.602836608886719e-05,1,0
107,5.602836608886719e-05,1,0
108,5.602836608886719e-05,1,0
109,5.602836608886719e-05,1,0
110,5.602836608886719e-05,1,0
111,5.602836608886719e-05,1,0
112,5.602836608886719e-05,1,0
113,5.602836608886719e-05,1,0
114,5.602836608886719e-05,1,0
115,5.602836608886719e-05,1,0
116,5.602836608886719e-05,1,0
117,5.602836608886719e-05,1,0
118,5.602836608886719e-05,1,0
119,5.602836608886719e-05,1,0
120,5.602836608886719e-05,1,0
121,5.602836608886719e-05,1,0
122,5.602836608886719e-05,1,0
123,5.602836608886719e-05,1,0
124,5.602836608886719e-05,1,0
125,5.602836608886719e-05,1,0
126,5.602836608886719e-05,1,0
127,5.602836608886719e-05,1,0
128,5.602836608886719e-05,1,0
129,5.602836608886719e-05,1,0
130,5.602836608886719e-05,1,0
131,5.602836608886719e-05,1,0
132,5.602836608886719e-05,1,0
133,5.602836608886719e-05,1,0
134,5.602836608886719e-05,1,0
135,5.602836608886719e-05,1,0
136,5.602836608886719e-05,1,0
137,5.602836608886719e-05,1,0
138,5.602836608886719e-05,1,0
139,5.602836608886719e-05,1,0
140,5.602836608886719e-05,1,0
141,5.602836608886719e-05,1,0
142,5.602836608886719e-05,1,0
143,5.602836608886719e-05,1,0
144,5.602836608886719e-05,1,0
145,5.602836608886719e-05,1,0
146,5.602836608886719e-05,1,0
147,5.602836608886719e-05,1,0
148,5.602836608886719e-05,1,0
149,5.602836608886719e-05,1,0
150,5.602836608886719e-05,1,0
151,5.602836608886719e-05,1,0
152,5.602836608886719e-05,1,0
153,5.602836608886719e-05,1,0
154,5.602836608886719e-05,1,0
155,5.602836608886719e-05,1,0
156,5.602836608886719e-05,1,0
157,5.602836608886719e-05,1,0
158,5.602836608886719e-05,1,0
159,5.602836608886719e-05,1,0
160,5.602836608886719e-05,1,0
161,5.602836608886719e-05,1,0
162,5.602836608886719e-05,1,0
163,5.602836608886719e-05,1,0
164,5.602836608886719e-05,1,0
165,5.602836608886719e-05,1,0
166,5.602836608886719e-05,1,0
167,5.602836608886719e-05,1,0
168,5.602836608886719e-05,1,0
169,5.602836608886719e-05,1,0
170,5.602836608886719e-05,1,0
171,5.602836608886719e-05,1,0
172,5.602836608886719e-05,1,0
173,5.602836608886719e-05,1,0
174,5.602836608886719e-05,1,0
175,5.602836608886719e-05,1,0
176,5.602836608886719e-05,1,0
177,5.602836608886719e-05,1,0
178,5.602836608886719e-05,1,0
179,5.602836608886719e-05,1,0
180,5.602836608886719e-05,1,0
181,5.602836608886719e-05,1,0
182,5.602836608886719e-05,1,0
183,5.602836608886719e-05,1,0
184,5.602836608886719e-05,1,0
185,5.602836608886719e-05,1,0
186,5.602836608886719e-05,1,0
187,5.602836608886719e-05,1,0
188,5.602836608886719e-05,1,0
189,5.602836608886719e-05,1,0
190,5.602836608886719e-05,1,0
191,5.602836608886719e-05,1,0
192,5.602836608886719e-05,1,0
193,5.602836608886719e-05,1,0
194,5.602836608886719e-05,1,0
195,5.602836608886719e-05,1,0
196,5.602836608886719e-05,1,0
197,5.602836608886719e-05,1,0
198,5.602836608886719e-05,1,0
199,5.602836608886719e-05,1,0
200,5.602836608886719e-05,1,0
1,8.344650268554688e-07,1,1
2,8.344650268554688e-07,1,1
3,8.344650268554688e-07,1,1
4,8.344650268554688e-07,1,1
5,8.344650268554688e-07,1,1
6,1.1920928955078125e-06,1,1
7,1.1920928955078125e-06,1,1
8,1.1920928955078125e-06,1,1
9,1.5497207641601562e-06,1,1
10,1.5497207641601562e-06,1,1
11,4.887580871582031e-06,1,1
12,4.887580871582031e-06,1,1
13,4.887580871582031e-06,1,1
14,4.887580871582031e-06,1,1
15,4.887580871582031e-06,1,1
16,4.887580871582031e-06,1,1
17,6.794929504394531e-06,1,1
18,7.033348083496094e-06,1,1
19,7.033348083496094e-06,1,1
20,7.033348083496094e-06,1,1
21,7.033348083496094e-06,1,1
22,1.2516975402832031e-05,1,1
23,1.2516975402832031e-05,1,1
24,1.6689300537109375e-05,1,1
25,1.6689300537109375e-05,1,1
26,1.6689300537109375e-05,1,1
27,1.6689300537109375e-05,1,1
28,1.6689300537109375e-05,1,1
29,1.6689300537109375e-05,1,1
30,1.6689300537109375e-05,1,1
31,1.6689300537109375e-05,1,1
32,1.6689300537109375e-05,1,1
33,1.6689300537109375e-05,1,1
34,1.6689300537109375e-05,1,1
35,1.6689300537109375e-05,1,1
36,1.6689300537109375e-05,1,1
37,1.6689300537109375e-05,1,1
38,1.6689300537109375e-05,1,1
39,1.6689300537109375e-05,1,1
40,1.6689300537109375e-05,1,1
41,1.6689300537109375e-05,1,1
42,1.6689300537109375e-05,1,1
43,1.6689300537109375e-05,1,1
44,1.6689300537109375e-05,1,1
45,1.6689300537109375e-05,1,1
46,1.6689300537109375e-05,1,1
47,1.6689300537109375e-05,1,1
48,1.6689300537109375e-05,1,1
49,1.6689300537109375e-05,1,1
50,1.6689300537109375e-05,1,1
51,1.6689300537109375e-05,1,1
52,1.6689300537109375e-05,1,1
53,1.6689300537109375e-05,1,1
54,1.6689300537109375e-05,1,1
55,1.6689300537109375e-05,1,1
56,1.6689300537109375e-05,1,1
57,1.6689300537109375e-05,1,1
58,1.6689300537109375e-05,1,1
59,1.6689300537109375e-05,1,1
60,1.6689300537109375e-05,1,1
61,1.6689300537109375e-05,1,1
62,1.6689300537109375e-05,1,1
63,1.6689300537109375e-05,1,1
64,1.6689300537109375e-05,1,1
65,1.6689300537109375e-05,1,1
66,1.6689300537109375e-05,1,1
67,1.6689300537109375e-05,1,1
68,1.6689300537109375e-05,1,1
69,1.6689300537109375e-05,1,1
70,1.6689300537109375e-05,1,1
71,1.6689300537109375e-05,1,1
72,1.6689300537109375e-05,1,1
73,1.6689300537109375e-05,1,1
74,1.6689300537109375e-05,1,1
75,1.6689300537109375e-05,1,1
76,1.6689300537109375e-05,1,1
77,1.6689300537109375e-05,1,1
78,1.6689300537109375e-05,1,1
79,1.6689300537109375e-05,1,1
80,1.6689300537109375e-05,1,1
81,1.6689300537109375e-05,1,1
82,1.6689300537109375e-05,1,1
83,1.6689300537109375e-05,1,1
84,1.6689300537109375e-05,1,1
85,1.6689300537109375e-05,1,1
86,1.6689300537109375e-05,1,1
87,1.6689300537109375e-05,1,1
88,1.6689300537109375e-05,1,1
89,1.6689300537109375e-05,1,1
90,1.6689300537109375e-05,1,1
91,1.6689300537109375e-05,1,1
92,1.6689300537109375e-05,1,1
93,1.6689300537109375e-05,1,1
94,1.6689300537109375e-05,1,1
95,1.6689300537109375e-05,1,1
96,1.6689300537109375e-05,1,1
97,1.6689300537109375e-05,1,1
98,1.6689300537109375e-05,1,1
99,1.6689300537109375e-05,1,1
100,1.6689300537109375e-05,1,1
101,1.6689300537109375e-05,1,1
102,1.6689300537109375e-05,1,1
103,1.6689300537109375e-05,1,1
104,1.6689300537109375e-05,1,1
105,1.6689300537109375e-05,1,1
106,1.6689300537109375e-05,1,1
107,1.6689300537109375e-05,1,1
108,1.6689300537109375e-05,1,1
109,1.6689300537109375e-05,1,1
110,1.6689300537109375e-05,1,1
111,1.6689300537109375e-05,1,1
112,1.6689300537109375e-05,1,1
113,1.6689300537109375e-05,1,1
114,1.6689300537109375e-05,1,1
115,1.6689300537109375e-05,1,1
116,1.6689300537109375e-05,1,1
117,1.6689300537109375e-05,1,1
118,1.6689300537109375e-05,1,1
119,1.6689300537109375e-05,1,1
120,1.6689300537109375e-05,1,1
121,1.6689300537109375e-05,1,1
122,1.6689300537109375e-05,1,1
123,1.6689300537109375e-05,1,1
124,1.6689300537109375e-05,1,1
125,1.6689300537109375e-05,1,1
126,1.6689300537109375e-05,1,1
127,1.6689300537109375e-05,1,1
128,1.6689300537109375e-05,1,1
129,1.6689300537109375e-05,1,1
130,1.6689300537109375e-05,1,1
131,1.6689300537109375e-05,1,1
132,1.6689300537109375e-05,1,1
133,1.6689300537109375e-05,1,1
134,1.6689300537109375e-05,1,1
135,1.6689300537109375e-05,1,1
136,1.6689300537109375e-05,1,1
137,1.6689300537109375e-05,1,1
138,1.6689300537109375e-05,1,1
139,1.6689300537109375e-05,1,1
140,1.6689300537109375e-05,1,1
141,1.6689300537109375e-05,1,1
142,1.6689300537109375e-05,1,1
143,1.6689300537109375e-05,1,1
144,1.6689300537109375e-05,1,1
145,1.6689300537109375e-05,1,1
146,1.6689300537109375e-05,1,1
147,1.6689300537109375e-05,1,1
148,1.6689300537109375e-05,1,1
149,1.6689300537109375e-05,1,1
150,1.6689300537109375e-05,1,1
151,1.6689300537109375e-05,1,1
152,1.6689300537109375e-05,1,1
153,1.6689300537109375e-05,1,1
154,1.6689300537109375e-05,1,1
155,1.6689300537109375e-05,1,1
156,1.6689300537109375e-05,1,1
157,1.6689300537109375e-05,1,1
158,1.6689300537109375e-05,1,1
159,1.6689300537109375e-05,1,1
160,1.6689300537109375e-05,1,1
161,1.6689300537109375e-05,1,1
162,1.6689300537109375e-05,1,1
163,1.6689300537109375e-05,1,1
164,1.6689300537109375e-05,1,1
165,1.6689300537109375e-05,1,1
166,1.6689300537109375e-05,1,1
167,1.6689300537109375e-05,1,1
168,1.6689300537109375e-05,1,1
169,1.6689300537109375e-05,1,1
170,1.6689300537109375e-05,1,1
171,1.6689300537109375e-05,1,1
172,1.6689300537109375e-05,1,1
173,1.6689300537109375e-05,1,1
174,1.6689300537109375e-05,1,1
175,1.6689300537109375e-05,1,1
176,1.6689300537109375e-05,1,1
177,1.6689300537109375e-05,1,1
178,1.6689300537109375e-05,1,1
179,1.6689300537109375e-05,1,1
180,1.6689300537109375e-05,1,1
181,1.6689300537109375e-05,1,1
182,1.6689300537109375e-05,1,1
183,1.6689300537109375e-05,1,1
184,1.6689300537109375e-05,1,1
185,1.6689300537109375e-05,1,1
186,1.6689300537109375e-05,1,1
187,1.6689300537109375e-05,1,1
188,1.6689300537109375e-05,1,1
189,1.6689300537109375e-05,1,1
190,1.6689300537109375e-05,1,1
191,1.6689300537109375e-05,1,1
192,1.6689300537109375e-05,1,1
193,1.6689300537109375e-05,1,1
194,1.6689300537109375e-05,1,1
195,1.6689300537109375e-05,1,1
196,1.6689300537109375e-05,1,1
197,1.6689300537109375e-05,1,1
198,1.6689300537109375e-05,1,1
199,1.6689300537109375e-05,1,1
200,1.6689300537109375e-05,1,1
1,0.00010287761688232422,1,2
2,0.00010287761688232422,1,2
3,0.00010287761688232422,1,2
4,0.0001043081283569336,1,2
5,0.0001533031463623047,1,2
6,0.0001533031463623047,1,2
7,0.0001533031463623047,1,2
8,0.000295102596282959,1,2
9,0.000295102596282959,1,2
10,0.00038999319076538086,1,2
11,0.00038999319076538086,1,2
12,0.00038999319076538086,1,2
13,0.00044041872024536133,1,2
14,0.00044041872024536133,1,2
15,0.00044041872024536133,1,2
16,0.00044041872024536133,1,2
17,0.00044041872024536133,1,2
18,0.00044041872024536133,1,2
19,0.00044041872024536133,1,2
20,0.00044041872024536133,1,2
21,0.00044041872024536133,1,2
22,0.00044041872024536133,1,2
23,0.00044041872024536133,1,2
24,0.00044041872024536133,1,2
25,0.00044041872024536133,1,2
26,0.00044041872024536133,1,2
27,0.00044041872024536133,1,2
28,0.00044041872024536133,1,2
29,0.00044041872024536133,1,2
30,0.00044041872024536133,1,2
31,0.00044041872024536133,1,2
32,0.00044041872024536133,1,2
33,0.000444948673248291,1,2
34,0.0004521012306213379,1,2
35,0.00046241283416748047,1,2
36,0.00046241283416748047,1,2
37,0.00046241283416748047,1,2
38,0.00046241283416748047,1,2
39,0.00046241283416748047,1,2
40,0.00046241283416748047,1,2
41,0.00046241283416748047,1,2
42,0.00046241283416748047,1,2
43,0.00046241283416748047,1,2
44,0.00046241283416748047,1,2
45,0.00046241283416748047,1,2
46,0.00046241283416748047,1,2
47,0.00046241283416748047,1,2
48,0.00046241283416748047,1,2
49,0.00046241283416748047,1,2
50,0.00046241283416748047,1,2
51,0.00046241283416748047,1,2
52,0.00046241283416748047,1,2
53,0.00046241283416748047,1,2
54,0.00046241283416748047,1,2
55,0.00046241283416748047,1,2
56,0.00046241283416748047,1,2
57,0.00046241283416748047,1,2
58,0.00046241283416748047,1,2
59,0.00046241283416748047,1,2
60,0.00046241283416748047,1,2
61,0.00046241283416748047,1,2
62,0.00046241283416748047,1,2
63,0.00046241283416748047,1,2
64,0.00046241283416748047,1,2
65,0.00046241283416748047,1,2
66,0.00046241283416748047,1,2
67,0.00046241283416748047,1,2
68,0.00046241283416748047,1,2
69,0.00046241283416748047,1,2
70,0.00046241283416748047,1,2
71,0.00046241283416748047,1,2
72,0.00046241283416748047,1,2
73,0.00046241283416748047,1,2
74,0.00046241283416748047,1,2
75,0.00046241283416748047,1,2
76,0.00046241283416748047,1,2
77,0.00046241283416748047,1,2
78,0.00046241283416748047,1,2
79,0.00046241283416748047,1,2
80,0.00046241283416748047,1,2
81,0.00046241283416748047,1,2
82,0.00046241283416748047,1,2
83,0.00046241283416748047,1,2
84,0.00046241283416748047,1,2
85,0.00046241283416748047,1,2
86,0.00046241283416748047,1,2
87,0.00046241283416748047,1,2
88,0.00046241283416748047,1,2
89,0.00046241283416748047,1,2
90,0.00046241283416748047,1,2
91,0.00046241283416748047,1,2
92,0.00046241283416748047,1,2
93,0.00046241283416748047,1,2
94,0.00046241283416748047,1,2
95,0.00046241283416748047,1,2
96,0.00046241283416748047,1,2
97,0.00046241283416748047,1,2
98,0.00046241283416748047,1,2
99,0.00046241283416748047,1,2
100,0.00046241283416748047,1,2
101,0.00046241283416748047,1,2
102,0.00046241283416748047,1,2
103,0.00046241283416748047,1,2
104,0.00046241283416748047,1,2
105,0.00046241283416748047,1,2
106,0.00046241283416748047,1,2
107,0.00046241283416748047,1,2
108,0.00046241283416748047,1,2
109,0.00046241283416748047,1,2
110,0.00046241283416748047,1,2
111,0.00046241283416748047,1,2
112,0.00046241283416748047,1,2
113,0.00046241283416748047,1,2
114,0.00046241283416748047,1,2
115,0.00046241283416748047,1,2
116,0.00046241283416748047,1,2
117,0.00046241283416748047,1,2
118,0.00046241283416748047,1,2
119,0.00046241283416748047,1,2
120,0.00046241283416748047,1,2
121,0.00046241283416748047,1,2
122,0.00046241283416748047,1,2
123,0.00046241283416748047,1,2
124,0.00046241283416748047,1,2
125,0.00046241283416748047,1,2
126,0.00046241283416748047,1,2
127,0.00046241283416748047,1,2
128,0.00046241283416748047,1,2
129,0.00046241283416748047,1,2
130,0.00046241283416748047,1,2
131,0.00046241283416748047,1,2
132,0.00046241283416748047,1,2
133,0.00046241283416748047,1,2
134,0.00046241283416748047,1,2
135,0.00046241283416748047,1,2
136,0.00046241283416748047,1,2
137,0.00046241283416748047,1,2
138,0.00046241283416748047,1,2
139,0.00046241283416748047,1,2
140,0.00046241283416748047,1,2
141,0.00046241283416748047,1,2
142,0.00046241283416748047,1,2
143,0.00046241283416748047,1,2
144,0.00046241283416748047,1,2
145,0.00046241283416748047,1,2
146,0.00046241283416748047,1,2
147,0.00046241283416748047,1,2
148,0.00046241283416748047,1,2
149,0.00046241283416748047,1,2
150,0.00046241283416748047,1,2
151,0.00046241283416748047,1,2
152,0.00046241283416748047,1,2
153,0.00046241283416748047,1,2
154,0.00046241283416748047,1,2
155,0.00046241283416748047,1,2
156,0.00046241283416748047,1,2
157,0.00046241283416748047,1,2
158,0.00046241283416748047,1,2
159,0.00046241283416748047,1,2
160,0.00046241283416748047,1,2
161,0.00046241283416748047,1,2
162,0.00046241283416748047,1,2
163,0.00046241283416748047,1,2
164,0.00046241283416748047,1,2
165,0.00046241283416748047,1,2
166,0.00046241283416748047,1,2
167,0.00046241283416748047,1,2
168,0.00046241283416748047,1,2
169,0.00046241283416748047,1,2
170,0.00046241283416748047,1,2
171,0.00046241283416748047,1,2
172,0.00046241283416748047,1,2
173,0.00046241283416748047,1,2
174,0.00046241283416748047,1,2
175,0.00046241283416748047,1,2
176,0.00046241283416748047,1,2
177,0.00046241283416748047,1,2
178,0.00046241283416748047,1,2
179,0.00046241283416748047,1,2
180,0.00046241283416748047,1,2
181,0.00046241283416748047,1,2
182,0.00046241283416748047,1,2
183,0.00046241283416748047,1,2
184,0.00046241283416748047,1,2
185,0.00046241283416748047,1,2
186,0.00046241283416748047,1,2
187,0.00046241283416748047,1,2
188,0.00046241283416748047,1,2
189,0.00046241283416748047,1,2
190,0.00046241283416748047,1,2
191,0.00046241283416748047,1,2
192,0.00046241283416748047,1,2
193,0.00046241283416748047,1,2
194,0.00046241283416748047,1,2
195,0.00046241283416748047,1,2
196,0.00046241283416748047,1,2
197,0.00046241283416748047,1,2
198,0.00046241283416748047,1,2
199,0.00046241283416748047,1,2
200,0.00046241283416748047,1,2
1,0.0027763843536376953,1,3
2,0.0029097795486450195,1,3
3,0.0029097795486450195,1,3
4,0.00327986478805542,1,3
5,0.00327986478805542,1,3
6,0.0057062506675720215,1,3
7,0.0057062506675720215,1,3
8,0.006510615348815918,1,3
9,0.015344023704528809,1,3
10,0.015344023704528809,1,3
11,0.015344023704528809,1,3
12,0.015344023704528809,1,3
13,0.015344023704528809,1,3
14,0.015344023704528809,1,3
15,0.015344023704528809,1,3
16,0.016296744346618652,1,3
17,0.016296744346618652,1,3
18,0.016296744346618652,1,3
19,0.016296744346618652,1,3
20,0.020277202129364014,1,3
21,0.02720552682876587,1,3
22,0.02720552682876587,1,3
23,0.02720552682876587,1,3
24,0.02720552682876587,1,3
25,0.02720552682876587,1,3
26,0.09663844108581543,2,3
27,0.09663844108581543,2,3
28,0.09663844108581543,2,3
29,0.09663844108581543,2,3
30,0.09663844108581543,2,3
31,0.09663844108581543,2,3
32,0.09663844108581543,2,3
33,0.09663844108581543,2,3
34,0.09663844108581543,2,3
35,0.09663844108581543,2,3
36,0.09663844108581543,2,3
37,0.09663844108581543,2,3
38,0.09663844108581543,2,3
39,0.09663844108581543,2,3
40,0.09663844108581543,2,3
41,0.09663844108581543,2,3
42,0.09694850444793701,2,3
43,0.09694850444793701,2,3
44,0.09694850444793701,2,3
45,0.09694850444793701,2,3
46,0.1604595184326172,2,3
47,0.1604595184326172,2,3
48,0.1604595184326172,2,3
49,0.1604595184326172,2,3
50,0.1604595184326172,2,3
51,0.1604595184326172,2,3
52,0.1604595184326172,2,3
53,0.17385131120681763,2,3
54,0.23260122537612915,3,3
55,0.23992621898651123,3,3
56,0.23992621898651123,3,3
57,0.23992621898651123,3,3
58,0.33680200576782227,3,3
59,0.33680200576782227,3,3
60,0.33680200576782227,3,3
61,0.33680200576782227,3,3
62,0.33680200576782227,3,3
63,0.36292773485183716,3,3
64,0.36292773485183716,3,3
65,0.569530725479126,4,3
66,0.5941040813922882,3,3
67,0.6837666630744934,3,3
68,0.6837666630744934,3,3
69,0.6837666630744934,3,3
70,0.6837666630744934,3,3
71,0.6837666630744934,3,3
72,0.8111206293106079,4,3
73,0.8111206293106079,4,3
74,0.8111206293106079,4,3
75,0.8111206293106079,4,3
76,0.9432375878095627,6,3
77,0.9414651058614254,5,3
78,0.9414651058614254,5,3
79,0.9414651058614254,5,3
80,0.9414651058614254,5,3
81,0.9414651058614254,5,3
82,0.9685288555920124,5,3
83,0.9685905463993549,5,3
84,0.9685905463993549,5,3
85,0.9685905463993549,5,3
86,0.9685905463993549,5,3
87,0.9685905463993549,5,3
88,0.9685905463993549,5,3
89,0.9685905463993549,5,3
90,0.9685905463993549,5,3
91,0.9685905463993549,5,3
92,0.9685905463993549,5,3
93,0.9685905463993549,5,3
94,0.9685905463993549,5,3
95,0.9685905463993549,5,3
96,0.9685905463993549,5,3
97,0.9736340027302504,5,3
98,0.9736340027302504,5,3
99,0.9736340027302504,5,3
100,0.9736340027302504,5,3
101,0.9736340027302504,5,3
102,0.9736340027302504,5,3
103,0.9736340027302504,5,3
104,0.9736340027302504,5,3
105,0.9736340027302504,5,3
106,0.9736340027302504,5,3
107,0.9736340027302504,5,3
108,0.9736340027302504,5,3
109,0.9736340027302504,5,3
110,0.9736340027302504,5,3
111,0.9736340027302504,5,3
112,0.9736340027302504,5,3
113,0.9736340027302504,5,3
114,0.9736340027302504,5,3
115,0.9736340027302504,5,3
116,0.9736340027302504,5,3
117,0.9736340027302504,5,3
118,0.9736340027302504,5,3
119,0.9736340027302504,5,3
120,0.9736340027302504,5,3
121,0.9736340027302504,5,3
122,0.9736340027302504,5,3
123,0.9736340027302504,5,3
124,0.9736340027302504,5,3
125,0.9736340027302504,5,3
126,0.9736340027302504,5,3
127,0.9736340027302504,5,3
128,0.9736340027302504,5,3
129,0.9736340027302504,5,3
130,0.9736340027302504,5,3
131,0.9736340027302504,5,3
132,0.9736340027302504,5,3
133,0.9736340027302504,5,3
134,0.9736340027302504,5,3
135,0.9736340027302504,5,3
136,0.9736340027302504,5,3
137,0.9736340027302504,5,3
138,0.9736340027302504,5,3
139,0.9736340027302504,5,3
140,0.9736340027302504,5,3
141,0.9736340027302504,5,3
142,0.9736340027302504,5,3
143,0.9736340027302504,5,3
144,0.9736340027302504,5,3
145,0.9736340027302504,5,3
146,0.9782384391874075,5,3
147,0.9782384391874075,5,3
148,0.9782384391874075,5,3
149,0.9782384391874075,5,3
150,0.9782384391874075,5,3
151,0.9782384391874075,5,3
152,0.9782384391874075,5,3
153,0.9782384391874075,5,3
154,0.9782384391874075,5,3
155,0.9782384391874075,5,3
156,0.9782384391874075,5,3
157,0.9782384391874075,5,3
158,0.9782384391874075,5,3
159,0.9782384391874075,5,3
160,0.9782384391874075,5,3
161,0.9782384391874075,5,3
162,0.9782384391874075,5,3
163,0.9782384391874075,5,3
164,0.9782384391874075,5,3
165,0.9782384391874075,5,3
166,0.9782384391874075,5,3
167,0.9782384391874075,5,3
168,0.9782384391874075,5,3
169,0.9782384391874075,5,3
170,0.9782384391874075,5,3
171,0.9782384391874075,5,3
172,0.9782384391874075,5,3
173,0.9782384391874075,5,3
174,0.9782384391874075,5,3
175,0.9782384391874075,5,3
176,0.9782384391874075,5,3
177,0.9782384391874075,5,3
178,0.9782384391874075,5,3
179,0.9782384391874075,5,3
180,0.9782384391874075,5,3
181,0.9782384391874075,5,3
182,0.9782384391874075,5,3
183,0.9782384391874075,5,3
184,0.9782384391874075,5,3
185,0.9782384391874075,5,3
186,0.9782384391874075,5,3
187,0.9782384391874075,5,3
188,0.9782384391874075,5,3
189,0.9782384391874075,5,3
190,0.9782384391874075,5,3
191,0.9782384391874075,5,3
192,0.9782384391874075,5,3
193,0.9782384391874075,5,3
194,0.9782384391874075,5,3
195,0.9782384391874075,5,3
196,0.9782384391874075,5,3
197,0.9782384391874075,5,3
198,0.9782384391874075,5,3
199,0.9782384391874075,5,3
200,0.9782384391874075,5,3
1,0.000880897045135498,1,4
2,0.000880897045135498,1,4
3,0.001317441463470459,1,4
4,0.001317441463470459,1,4
5,0.001317441463470459,1,4
6,0.001317441463470459,1,4
7,0.001317441463470459,1,4
8,0.0019429326057434082,1,4
9,0.0019429326057434082,1,4
10,0.0019429326057434082,1,4
11,0.0019429326057434082,1,4
12,0.0019429326057434082,1,4
13,0.004555940628051758,1,4
14,0.015601396560668945,1,4
15,0.015601396560668945,1,4
16,0.015601396560668945,1,4
17,0.015601396560668945,1,4
18,0.015601396560668945,1,4
19,0.015601396560668945,1,4
20,0.015601396560668945,1,4
21,0.015601396560668945,1,4
22,0.015601396560668945,1,4
23,0.015601396560668945,1,4
24,0.015601396560668945,1,4
25,0.015601396560668945,1,4
26,0.015601396560668945,1,4
27,0.015601396560668945,1,4
28,0.015601396560668945,1,4
29,0.015601396560668945,1,4
30,0.015601396560668945,1,4
31,0.015601396560668945,1,4
32,0.015601396560668945,1,4
33,0.015601396560668945,1,4
34,0.015601396560668945,1,4
35,0.019230008125305176,1,4
36,0.019230008125305176,1,4
37,0.019230008125305176,1,4
38,0.019230008125305176,1,4
39,0.019230008125305176,1,4
40,0.019230008125305176,1,4
41,0.019230008125305176,1,4
42,0.019230008125305176,1,4
43,0.019230008125305176,1,4
44,0.019230008125305176,1,4
45,0.019230008125305176,1,4
46,0.019230008125305176,1,4
47,0.019230008125305176,1,4
48,0.019230008125305176,1,4
49,0.019230008125305176,1,4
50,0.019230008125305176,1,4
51,0.019230008125305176,1,4
52,0.019230008125305176,1,4
53,0.019230008125305176,1,4
54,0.019230008125305176,1,4
55,0.019230008125305176,1,4
56,0.019230008125305176,1,4
57,0.019230008125305176,1,4
58,0.019230008125305176,1,4
59,0.019230008125305176,1,4
60,0.019230008125305176,1,4
61,0.019230008125305176,1,4
62,0.019230008125305176,1,4
63,0.019230008125305176,1,4
64,0.019230008125305176,1,4
65,0.019230008125305176,1,4
66,0.019230008125305176,1,4
67,0.019230008125305176,1,4
68,0.019230008125305176,1,4
69,0.019230008125305176,1,4
70,0.019230008125305176,1,4
71,0.019230008125305176,1,4
72,0.019230008125305176,1,4
73,0.019230008125305176,1,4
74,0.019230008125305176,1,4
75,0.019230008125305176,1,4
76,0.019230008125305176,1,4
77,0.019230008125305176,1,4
78,0.019230008125305176,1,4
79,0.019230008125305176,1,4
80,0.019230008125305176,1,4
81,0.019230008125305176,1,4
82,0.019230008125305176,1,4
83,0.019230008125305176,1,4
84,0.019230008125305176,1,4
85,0.019230008125305176,1,4
86,0.019230008125305176,1,4
87,0.019230008125305176,1,4
88,0.019230008125305176,1,4
89,0.019230008125305176,1,4
90,0.019230008125305176,1,4
91,0.019230008125305176,1,4
92,0.019230008125305176,1,4
93,0.019230008125305176,1,4
94,0.019230008125305176,1,4
95,0.019230008125305176,1,4
96,0.0676923394203186,2,4
97,0.0676923394203186,2,4
98,0.0676923394203186,2,4
99,0.0676923394203186,2,4
100,0.0676923394203186,2,4
101,0.0676923394203186,2,4
102,0.0676923394203186,2,4
103,0.0676923394203186,2,4
104,0.0676923394203186,2,4
105,0.12067937850952148,3,4
106,0.12067937850952148,3,4
107,0.12067937850952148,3,4
108,0.12067937850952148,3,4
109,0.12067937850952148,3,4
110,0.12067937850952148,3,4
111,0.12067937850952148,3,4
112,0.12067937850952148,3,4
113,0.12652868032455444,3,4
114,0.3113705515861511,3,4
115,0.3113705515861511,3,4
116,0.3113705515861511,3,4
117,0.3113705515861511,3,4
118,0.3113705515861511,3,4
119,0.3113705515861511,3,4
120,0.3113705515861511,3,4
121,0.32810235023498535,3,4
122,0.32810235023498535,3,4
123,0.32810235023498535,3,4
124,0.32951200008392334,3,4
125,0.32951200008392334,3,4
126,0.6027162969112396,4,4
127,0.6027162969112396,4,4
128,0.6027162969112396,4,4
129,0.6027162969112396,4,4
130,0.6027162969112396,4,4
131,0.6027162969112396,4,4
132,0.6027162969112396,4,4
133,0.6027162969112396,4,4
134,0.6027162969112396,4,4
135,0.6124984323978424,4,4
136,0.6124984323978424,4,4
137,0.6124984323978424,4,4
138,0.6124984323978424,4,4
139,0.6124984323978424,4,4
140,0.6124984323978424,4,4
141,0.6124984323978424,4,4
142,0.6124984323978424,4,4
143,0.6124984323978424,4,4
144,0.6593737900257111,5,4
145,0.683426022529602,5,4
146,0.7100761234760284,5,4
147,0.7100761234760284,5,4
148,0.7100761234760284,5,4
149,0.7100761234760284,5,4
150,0.7563940733671188,5,4
151,0.7563940733671188,5,4
152,0.7563940733671188,5,4
153,0.8269309997558594,6,4
154,0.8269309997558594,6,4
155,0.8269309997558594,6,4
156,0.8269309997558594,6,4
157,0.8269309997558594,6,4
158,0.8269309997558594,6,4
159,0.8269309997558594,6,4
160,0.8472738415002823,6,4
161,0.8472738415002823,6,4
162,0.8472738415002823,6,4
163,0.8472738415002823,6,4
164,0.8472738415002823,6,4
165,0.8479906022548676,6,4
166,0.8479906022548676,6,4
167,0.8479906022548676,6,4
168,0.860743835568428,6,4
169,0.9185652434825897,7,4
170,0.9185652434825897,7,4
171,0.9185652434825897,7,4
172,0.9185652434825897,7,4
173,0.9185652434825897,7,4
174,0.9185652434825897,7,4
175,0.9185652434825897,7,4
176,0.9230389595031738,7,4
177,0.9230389595031738,7,4
178,0.9230389595031738,7,4
179,0.9230389595031738,7,4
180,0.9230389595031738,7,4
181,0.9230389595031738,7,4
182,0.9230389595031738,7,4
183,0.9230389595031738,7,4
184,0.9230389595031738,7,4
185,0.9307550191879272,7,4
186,0.9307550191879272,7,4
187,0.9307550191879272,7,4
188,0.9307550191879272,7,4
189,0.9307550191879272,7,4
190,0.9307550191879272,7,4
191,0.9307550191879272,7,4
192,0.9307550191879272,7,4
193,0.9307550191879272,7,4
194,0.9307550191879272,7,4
195,0.9307550191879272,7,4
196,0.9307550191879272,7,4
197,0.9307550191879272,7,4
198,0.9307550191879272,7,4
199,0.9307550191879272,7,4
200,0.9307550191879272,7,4
1,8.320808410644531e-05,1,5
2,8.404254913330078e-05,1,5
3,8.404254913330078e-05,1,5
4,0.0001068115234375,1,5
5,0.0001068115234375,1,5
6,0.0001068115234375,1,5
7,0.00011098384857177734,1,5
8,0.00023537874221801758,1,5
9,0.00023537874221801758,1,5
10,0.00025540590286254883,1,5
11,0.00025540590286254883,1,5
12,0.00025540590286254883,1,5
13,0.00025540590286254883,1,5
14,0.00029402971267700195,1,5
15,0.00029402971267700195,1,5
16,0.00029402971267700195,1,5
17,0.00029402971267700195,1,5
18,0.00029402971267700195,1,5
19,0.00029402971267700195,1,5
20,0.00029402971267700195,1,5
21,0.00029402971267700195,1,5
22,0.00029402971267700195,1,5
23,0.00029402971267700195,1,5
24,0.00029402971267700195,1,5
25,0.00029402971267700195,1,5
26,0.00029402971267700195,1,5
27,0.00037407875061035156,1,5
28,0.00037407875061035156,1,5
29,0.00037407875061035156,1,5
30,0.00037407875061035156,1,5
31,0.00037407875061035156,1,5
32,0.00037407875061035156,1,5
33,0.00037407875061035156,1,5
34,0.00037407875061035156,1,5
35,0.00037407875061035156,1,5
36,0.00037407875061035156,1,5
37,0.00037407875061035156,1,5
38,0.00037407875061035156,1,5
39,0.00037407875061035156,1,5
40,0.00037407875061035156,1,5
41,0.00037407875061035156,1,5
42,0.00037407875061035156,1,5
43,0.00037407875061035156,1,5
44,0.00037407875061035156,1,5
45,0.00037407875061035156,1,5
46,0.00037407875061035156,1,5
47,0.00037407875061035156,1,5
48,0.000387728214263916,1,5
49,0.000387728214263916,1,5
50,0.000387728214263916,1,5
51,0.000387728214263916,1,5
52,0.000387728214263916,1,5
53,0.000387728214263916,1,5
54,0.000387728214263916,1,5
55,0.000387728214263916,1,5
56,0.000387728214263916,1,5
57,0.000387728214263916,1,5
58,0.000387728214263916,1,5
59,0.000387728214263916,1,5
60,0.000387728214263916,1,5
61,0.000387728214263916,1,5
62,0.000387728214263916,1,5
63,0.000387728214263916,1,5
64,0.000387728214263916,1,5
65,0.000387728214263916,1,5
66,0.000387728214263916,1,5
67,0.000387728214263916,1,5
68,0.000387728214263916,1,5
69,0.000387728214263916,1,5
70,0.000387728214263916,1,5
71,0.000387728214263916,1,5
72,0.000387728214263916,1,5
73,0.000387728214263916,1,5
74,0.000387728214263916,1,5
75,0.000387728214263916,1,5
76,0.000387728214263916,1,5
77,0.000387728214263916,1,5
78,0.000387728214263916,1,5
79,0.000387728214263916,1,5
80,0.000387728214263916,1,5
81,0.000387728214263916,1,5
82,0.000387728214263916,1,5
83,0.000387728214263916,1,5
84,0.000387728214263916,1,5
85,0.000387728214263916,1,5
86,0.000387728214263916,1,5
87,0.000387728214263916,1,5
88,0.000387728214263916,1,5
89,0.000387728214263916,1,5
90,0.000387728214263916,1,5
91,0.000387728214263916,1,5
92,0.000387728214263916,1,5
93,0.000387728214263916,1,5
94,0.000387728214263916,1,5
95,0.000387728214263916,1,5
96,0.000387728214263916,1,5
97,0.000387728214263916,1,5
98,0.000387728214263916,1,5
99,0.000387728214263916,1,5
100,0.000387728214263916,1,5
101,0.000387728214263916,1,5
102,0.000387728214263916,1,5
103,0.000387728214263916,1,5
104,0.000387728214263916,1,5
105,0.000387728214263916,1,5
106,0.000387728214263916,1,5
107,0.000387728214263916,1,5
108,0.000387728214263916,1,5
109,0.000387728214263916,1,5
110,0.000387728214263916,1,5
111,0.000387728214263916,1,5
112,0.000387728214263916,1,5
113,0.000387728214263916,1,5
114,0.000387728214263916,1,5
115,0.000387728214263916,1,5
116,0.000387728214263916,1,5
117,0.000387728214263916,1,5
118,0.000387728214263916,1,5
119,0.000387728214263916,1,5
120,0.000387728214263916,1,5
121,0.000387728214263916,1,5
122,0.000387728214263916,1,5
123,0.000387728214263916,1,5
124,0.000387728214263916,1,5
125,0.000387728214263916,1,5
126,0.000387728214263916,1,5
127,0.000387728214263916,1,5
128,0.000387728214263916,1,5
129,0.000387728214263916,1,5
130,0.000387728214263916,1,5
131,0.000387728214263916,1,5
132,0.000387728214263916,1,5
133,0.000387728214263916,1,5
134,0.000387728214263916,1,5
135,0.000387728214263916,1,5
136,0.000387728214263916,1,5
137,0.000387728214263916,1,5
138,0.000387728214263916,1,5
139,0.000387728214263916,1,5
140,0.000387728214263916,1,5
141,0.000387728214263916,1,5
142,0.000387728214263916,1,5
143,0.000387728214263916,1,5
144,0.000387728214263916,1,5
145,0.000387728214263916,1,5
146,0.000387728214263916,1,5
147,0.000387728214263916,1,5
148,0.000387728214263916,1,5
149,0.000387728214263916,1,5
150,0.000387728214263916,1,5
151,0.000387728214263916,1,5
152,0.000387728214263916,1,5
153,0.000387728214263916,1,5
154,0.000387728214263916,1,5
155,0.000387728214263916,1,5
156,0.000387728214263916,1,5
157,0.000387728214263916,1,5
158,0.000387728214263916,1,5
159,0.000387728214263916,1,5
160,0.000387728214263916,1,5
161,0.000387728214263916,1,5
162,0.000387728214263916,1,5
163,0.000387728214263916,1,5
164,0.000387728214263916,1,5
165,0.000387728214263916,1,5
166,0.000387728214263916,1,5
167,0.000387728214263916,1,5
168,0.000387728214263916,1,5
169,0.000387728214263916,1,5
170,0.000387728214263916,1,5
171,0.000387728214263916,1,5
172,0.000387728214263916,1,5
173,0.000387728214263916,1,5
174,0.000387728214263916,1,5
175,0.000387728214263916,1,5
176,0.000387728214263916,1,5
177,0.000387728214263916,1,5
178,0.000387728214263916,1,5
179,0.000387728214263916,1,5
180,0.000387728214263916,1,5
181,0.000387728214263916,1,5
182,0.000387728214263916,1,5
183,0.000387728214263916,1,5
184,0.000387728214263916,1,5
185,0.000387728214263916,1,5
186,0.000387728214263916,1,5
187,0.000387728214263916,1,5
188,0.000387728214263916,1,5
189,0.000387728214263916,1,5
190,0.000387728214263916,1,5
191,0.000387728214263916,1,5
192,0.000387728214263916,1,5
193,0.000387728214263916,1,5
194,0.000387728214263916,1,5
195,0.000387728214263916,1,5
196,0.000387728214263916,1,5
197,0.000387728214263916,1,5
198,0.000387728214263916,1,5
199,0.000387728214263916,1,5
200,0.000387728214263916,1,5
1,0.0008742213249206543,1,6
2,0.0008742213249206543,1,6
3,0.0008742213249206543,1,6
4,0.0008742213249206543,1,6
5,0.0011635422706604004,1,6
6,0.0013794898986816406,1,6
7,0.0019156932830810547,1,6
8,0.0019156932830810547,1,6
9,0.0019156932830810547,1,6
10,0.0019156932830810547,1,6
11,0.003206193447113037,1,6
12,0.003206193447113037,1,6
13,0.003206193447113037,1,6
14,0.003206193447113037,1,6
15,0.003206193447113037,1,6
16,0.003206193447113037,1,6
17,0.003206193447113037,1,6
18,0.003206193447113037,1,6
19,0.003206193447113037,1,6
20,0.003206193447113037,1,6
21,0.003206193447113037,1,6
22,0.003206193447113037,1,6
23,0.004294335842132568,1,6
24,0.004294335842132568,1,6
25,0.004294335842132568,1,6
26,0.004294335842132568,1,6
27,0.004294335842132568,1,6
28,0.004294335842132568,1,6
29,0.004294335842132568,1,6
30,0.004294335842132568,1,6
31,0.004294335842132568,1,6
32,0.004294335842132568,1,6
33,0.004294335842132568,1,6
34,0.004294335842132568,1,6
35,0.004294335842132568,1,6
36,0.004294335842132568,1,6
37,0.004294335842132568,1,6
38,0.004294335842132568,1,6
39,0.004294335842132568,1,6
40,0.004294335842132568,1,6
41,0.004294335842132568,1,6
42,0.004294335842132568,1,6
43,0.004294335842132568,1,6
44,0.007002890110015869,1,6
45,0.007002890110015869,1,6
46,0.007002890110015869,1,6
47,0.007002890110015869,1,6
48,0.007002890110015869,1,6
49,0.007002890110015869,1,6
50,0.007002890110015869,1,6
51,0.007002890110015869,1,6
52,0.007023155689239502,1,6
53,0.007023155689239502,1,6
54,0.007023155689239502,1,6
55,0.007023155689239502,1,6
56,0.007023155689239502,1,6
57,0.007023155689239502,1,6
58,0.007023155689239502,1,6
59,0.007023155689239502,1,6
60,0.007023155689239502,1,6
61,0.007023155689239502,1,6
62,0.007023155689239502,1,6
63,0.007023155689239502,1,6
64,0.007023155689239502,1,6
65,0.007023155689239502,1,6
66,0.007023155689239502,1,6
67,0.007023155689239502,1,6
68,0.007023155689239502,1,6
69,0.007023155689239502,1,6
70,0.007023155689239502,1,6
71,0.007023155689239502,1,6
72,0.007023155689239502,1,6
73,0.007023155689239502,1,6
74,0.007023155689239502,1,6
75,0.007023155689239502,1,6
76,0.007023155689239502,1,6
77,0.007023155689239502,1,6
78,0.007023155689239502,1,6
79,0.007023155689239502,1,6
80,0.007023155689239502,1,6
81,0.007023155689239502,1,6
82,0.007023155689239502,1,6
83,0.007023155689239502,1,6
84,0.007023155689239502,1,6
85,0.007023155689239502,1,6
86,0.007023155689239502,1,6
87,0.007023155689239502,1,6
88,0.007023155689239502,1,6
89,0.007023155689239502,1,6
90,0.007023155689239502,1,6
91,0.007023155689239502,1,6
92,0.007023155689239502,1,6
93,0.007023155689239502,1,6
94,0.007023155689239502,1,6
95,0.007023155689239502,1,6
96,0.007023155689239502,1,6
97,0.007023155689239502,1,6
98,0.007023155689239502,1,6
99,0.007023155689239502,1,6
100,0.007023155689239502,1,6
101,0.007023155689239502,1,6
102,0.007023155689239502,1,6
103,0.007023155689239502,1,6
104,0.007023155689239502,1,6
105,0.007023155689239502,1,6
106,0.007023155689239502,1,6
107,0.007023155689239502,1,6
108,0.007023155689239502,1,6
109,0.007023155689239502,1,6
110,0.007023155689239502,1,6
111,0.007023155689239502,1,6
112,0.007023155689239502,1,6
113,0.007023155689239502,1,6
114,0.007023155689239502,1,6
115,0.007023155689239502,1,6
116,0.007023155689239502,1,6
117,0.007023155689239502,1,6
118,0.007023155689239502,1,6
119,0.007023155689239502,1,6
120,0.007023155689239502,1,6
121,0.007023155689239502,1,6
122,0.007023155689239502,1,6
123,0.007023155689239502,1,6
124,0.007023155689239502,1,6
125,0.007023155689239502,1,6
126,0.007023155689239502,1,6
127,0.007023155689239502,1,6
128,0.007023155689239502,1,6
129,0.007023155689239502,1,6
130,0.007023155689239502,1,6
131,0.007023155689239502,1,6
132,0.007023155689239502,1,6
133,0.007023155689239502,1,6
134,0.007023155689239502,1,6
135,0.007023155689239502,1,6
136,0.007023155689239502,1,6
137,0.007023155689239502,1,6
138,0.007023155689239502,1,6
139,0.007023155689239502,1,6
140,0.007023155689239502,1,6
141,0.007023155689239502,1,6
142,0.007023155689239502,1,6
143,0.007023155689239502,1,6
144,0.007023155689239502,1,6
145,0.007023155689239502,1,6
146,0.007023155689239502,1,6
147,0.007023155689239502,1,6
148,0.007023155689239502,1,6
149,0.007023155689239502,1,6
150,0.007023155689239502,1,6
151,0.007023155689239502,1,6
152,0.007023155689239502,1,6
153,0.007023155689239502,1,6
154,0.007023155689239502,1,6
155,0.007023155689239502,1,6
156,0.007023155689239502,1,6
157,0.007023155689239502,1,6
158,0.007023155689239502,1,6
159,0.007023155689239502,1,6
160,0.007023155689239502,1,6
161,0.007023155689239502,1,6
162,0.007023155689239502,1,6
163,0.007023155689239502,1,6
164,0.007023155689239502,1,6
165,0.007023155689239502,1,6
166,0.007023155689239502,1,6
167,0.007023155689239502,1,6
168,0.007023155689239502,1,6
169,0.007023155689239502,1,6
170,0.007023155689239502,1,6
171,0.007023155689239502,1,6
172,0.007023155689239502,1,6
173,0.007023155689239502,1,6
174,0.007023155689239502,1,6
175,0.007023155689239502,1,6
176,0.007023155689239502,1,6
177,0.007023155689239502,1,6
178,0.007023155689239502,1,6
179,0.007023155689239502,1,6
180,0.007023155689239502,1,6
181,0.007023155689239502,1,6
182,0.007023155689239502,1,6
183,0.007023155689239502,1,6
184,0.007023155689239502,1,6
185,0.007023155689239502,1,6
186,0.007023155689239502,1,6
187,0.007023155689239502,1,6
188,0.007023155689239502,1,6
189,0.007023155689239502,1,6
190,0.007023155689239502,1,6
191,0.007023155689239502,1,6
192,0.007023155689239502,1,6
193,0.007023155689239502,1,6
194,0.007023155689239502,1,6
195,0.007023155689239502,1,6
196,0.007023155689239502,1,6
197,0.007023155689239502,1,6
198,0.007023155689239502,1,6
199,0.007023155689239502,1,6
200,0.007023155689239502,1,6
1,6.890296936035156e-05,1,7
2,8.893013000488281e-05,1,7
3,8.893013000488281e-05,1,7
4,0.00010585784912109375,1,7
5,0.00010585784912109375,1,7
6,0.00011301040649414062,1,7
7,0.00011301040649414062,1,7
8,0.0001245737075805664,1,7
9,0.0001703500747680664,1,7
10,0.00017142295837402344,1,7
11,0.000441133975982666,1,7
12,0.000441133975982666,1,7
13,0.000441133975982666,1,7
14,0.000441133975982666,1,7
15,0.000441133975982666,1,7
16,0.000441133975982666,1,7
17,0.0005664229393005371,1,7
18,0.0005664229393005371,1,7
19,0.0005664229393005371,1,7
20,0.0005664229393005371,1,7
21,0.0005664229393005371,1,7
22,0.0005664229393005371,1,7
23,0.0005664229393005371,1,7
24,0.0005664229393005371,1,7
25,0.0005664229393005371,1,7
26,0.0005664229393005371,1,7
27,0.0005664229393005371,1,7
28,0.0005664229393005371,1,7
29,0.0005664229393005371,1,7
30,0.0005664229393005371,1,7
31,0.0005664229393005371,1,7
32,0.0005664229393005371,1,7
33,0.0005664229393005371,1,7
34,0.0005664229393005371,1,7
35,0.0005664229393005371,1,7
36,0.0005664229393005371,1,7
37,0.0005664229393005371,1,7
38,0.0005664229393005371,1,7
39,0.0005664229393005371,1,7
40,0.0005664229393005371,1,7
41,0.0005664229393005371,1,7
42,0.0005812644958496094,1,7
43,0.0005812644958496094,1,7
44,0.0005812644958496094,1,7
45,0.0005812644958496094,1,7
46,0.0005812644958496094,1,7
47,0.0005812644958496094,1,7
48,0.0005812644958496094,1,7
49,0.0005812644958496094,1,7
50,0.0005812644958496094,1,7
51,0.0005812644958496094,1,7
52,0.0005812644958496094,1,7
53,0.0005812644958496094,1,7
54,0.0005812644958496094,1,7
55,0.0005812644958496094,1,7
56,0.0005812644958496094,1,7
57,0.0005812644958496094,1,7
58,0.0005812644958496094,1,7
59,0.0005812644958496094,1,7
60,0.0005812644958496094,1,7
61,0.0005812644958496094,1,7
62,0.0005812644958496094,1,7
63,0.0005812644958496094,1,7
64,0.0005812644958496094,1,7
65,0.0005812644958496094,1,7
66,0.0005812644958496094,1,7
67,0.0005812644958496094,1,7
68,0.0005812644958496094,1,7
69,0.0005812644958496094,1,7
70,0.0005812644958496094,1,7
71,0.0005812644958496094,1,7
72,0.0005812644958496094,1,7
73,0.0005812644958496094,1,7
74,0.0005812644958496094,1,7
75,0.0005812644958496094,1,7
76,0.0005812644958496094,1,7
77,0.0005812644958496094,1,7
78,0.0005812644958496094,1,7
79,0.0005812644958496094,1,7
80,0.0005812644958496094,1,7
81,0.0005812644958496094,1,7
82,0.0005812644958496094,1,7
83,0.0005812644958496094,1,7
84,0.0005812644958496094,1,7
85,0.0005812644958496094,1,7
86,0.0005812644958496094,1,7
87,0.0005812644958496094,1,7
88,0.0005812644958496094,1,7
89,0.0005812644958496094,1,7
90,0.0005812644958496094,1,7
91,0.0005812644958496094,1,7
92,0.0005812644958496094,1,7
93,0.0005812644958496094,1,7
94,0.0005812644958496094,1,7
95,0.0005812644958496094,1,7
96,0.0005812644958496094,1,7
97,0.0005812644958496094,1,7
98,0.0005812644958496094,1,7
99,0.0005812644958496094,1,7
100,0.0005812644958496094,1,7
101,0.0005812644958496094,1,7
102,0.0005812644958496094,1,7
103,0.0005812644958496094,1,7
104,0.0005812644958496094,1,7
105,0.0005812644958496094,1,7
106,0.0005812644958496094,1,7
107,0.0005812644958496094,1,7
108,0.0005812644958496094,1,7
109,0.0005812644958496094,1,7
110,0.0005812644958496094,1,7
111,0.0005812644958496094,1,7
112,0.0005812644958496094,1,7
113,0.0005812644958496094,1,7
114,0.0005812644958496094,1,7
115,0.0005812644958496094,1,7
116,0.0005812644958496094,1,7
117,0.0005812644958496094,1,7
118,0.0005812644958496094,1,7
119,0.0005812644958496094,1,7
120,0.0005812644958496094,1,7
121,0.0005812644958496094,1,7
122,0.0005812644958496094,1,7
123,0.0005812644958496094,1,7
124,0.0005812644958496094,1,7
125,0.0005812644958496094,1,7
126,0.0005812644958496094,1,7
127,0.0005812644958496094,1,7
128,0.0005812644958496094,1,7
129,0.0005812644958496094,1,7
130,0.0005812644958496094,1,7
131,0.0005812644958496094,1,7
132,0.0005812644958496094,1,7
133,0.0005812644958496094,1,7
134,0.0005812644958496094,1,7
135,0.0005812644958496094,1,7
136,0.0005812644958496094,1,7
137,0.0005812644958496094,1,7
138,0.0005812644958496094,1,7
139,0.0005812644958496094,1,7
140,0.0005812644958496094,1,7
141,0.0005812644958496094,1,7
142,0.0005812644958496094,1,7
143,0.0005812644958496094,1,7
144,0.0005812644958496094,1,7
145,0.0005812644958496094,1,7
146,0.0005812644958496094,1,7
147,0.0005812644958496094,1,7
148,0.0005812644958496094,1,7
149,0.0005812644958496094,1,7
150,0.0005812644958496094,1,7
151,0.0005812644958496094,1,7
152,0.0005812644958496094,1,7
153,0.0005812644958496094,1,7
154,0.0005812644958496094,1,7
155,0.0005812644958496094,1,7
156,0.0005812644958496094,1,7
157,0.0005812644958496094,1,7
158,0.0005812644958496094,1,7
159,0.0005812644958496094,1,7
160,0.0005812644958496094,1,7
161,0.0005812644958496094,1,7
162,0.0005812644958496094,1,7
163,0.0005812644958496094,1,7
164,0.0005812644958496094,1,7
165,0.0005812644958496094,1,7
166,0.0005812644958496094,1,7
167,0.0005812644958496094,1,7
168,0.0005812644958496094,1,7
169,0.0005812644958496094,1,7
170,0.0005812644958496094,1,7
171,0.0005812644958496094,1,7
172,0.0005812644958496094,1,7
173,0.0005812644958496094,1,7
174,0.0005812644958496094,1,7
175,0.0005812644958496094,1,7
176,0.0005812644958496094,1,7
177,0.0005812644958496094,1,7
178,0.0005812644958496094,1,7
179,0.0005812644958496094,1,7
180,0.0005812644958496094,1,7
181,0.0005812644958496094,1,7
182,0.0005812644958496094,1,7
183,0.0005812644958496094,1,7
184,0.0005812644958496094,1,7
185,0.0005812644958496094,1,7
186,0.0005812644958496094,1,7
187,0.0005812644958496094,1,7
188,0.0005812644958496094,1,7
189,0.0005812644958496094,1,7
190,0.0005812644958496094,1,7
191,0.0005812644958496094,1,7
192,0.0005812644958496094,1,7
193,0.0005812644958496094,1,7
194,0.0005812644958496094,1,7
195,0.0005812644958496094,1,7
196,0.0005812644958496094,1,7
197,0.0005812644958496094,1,7
198,0.0005812644958496094,1,7
199,0.0005812644958496094,1,7
200,0.0005812644958496094,1,7
1,0.0001907944679260254,1,8
2,0.00019675493240356445,1,8
3,0.0002015233039855957,1,8
4,0.0002021193504333496,1,8
5,0.00023430585861206055,1,8
6,0.00024050474166870117,1,8
7,0.00024050474166870117,1,8
8,0.00025147199630737305,1,8
9,0.0002676844596862793,1,8
10,0.0003458261489868164,1,8
11,0.0003458261489868164,1,8
12,0.0004261136054992676,1,8
13,0.0005660653114318848,1,8
14,0.0005660653114318848,1,8
15,0.0006274580955505371,1,8
16,0.0006274580955505371,1,8
17,0.0006274580955505371,1,8
18,0.0006274580955505371,1,8
19,0.0006274580955505371,1,8
20,0.0006274580955505371,1,8
21,0.0006274580955505371,1,8
22,0.0006274580955505371,1,8
23,0.0006274580955505371,1,8
24,0.0006274580955505371,1,8
25,0.0006274580955505371,1,8
26,0.0006274580955505371,1,8
27,0.0006274580955505371,1,8
28,0.0006274580955505371,1,8
29,0.0006274580955505371,1,8
30,0.0006274580955505371,1,8
31,0.0006274580955505371,1,8
32,0.0006274580955505371,1,8
33,0.0006274580955505371,1,8
34,0.0006274580955505371,1,8
35,0.0015352964401245117,1,8
36,0.0015352964401245117,1,8
37,0.0015352964401245117,1,8
38,0.0015352964401245117,1,8
39,0.0015352964401245117,1,8
40,0.0015352964401245117,1,8
41,0.0015352964401245117,1,8
42,0.0015352964401245117,1,8
43,0.0015352964401245117,1,8
44,0.0015352964401245117,1,8
45,0.0015352964401245117,1,8
46,0.0015352964401245117,1,8
47,0.0015352964401245117,1,8
48,0.0015352964401245117,1,8
49,0.0015352964401245117,1,8
50,0.0015352964401245117,1,8
51,0.0015352964401245117,1,8
52,0.0015352964401245117,1,8
53,0.0015352964401245117,1,8
54,0.0015352964401245117,1,8
55,0.0015352964401245117,1,8
56,0.0015352964401245117,1,8
57,0.0015352964401245117,1,8
58,0.0015352964401245117,1,8
59,0.0015352964401245117,1,8
60,0.0015352964401245117,1,8
61,0.0015352964401245117,1,8
62,0.0015352964401245117,1,8
63,0.0015352964401245117,1,8
64,0.0015352964401245117,1,8
65,0.0015352964401245117,1,8
66,0.0015352964401245117,1,8
67,0.0015352964401245117,1,8
68,0.0015352964401245117,1,8
69,0.0015352964401245117,1,8
70,0.0015352964401245117,1,8
71,0.0015352964401245117,1,8
72,0.0015352964401245117,1,8
73,0.0015352964401245117,1,8
74,0.0015352964401245117,1,8
75,0.0015352964401245117,1,8
76,0.0015352964401245117,1,8
77,0.0015352964401245117,1,8
78,0.0015352964401245117,1,8
79,0.0015352964401245117,1,8
80,0.0015352964401245117,1,8
81,0.0015352964401245117,1,8
82,0.0015352964401245117,1,8
83,0.0015352964401245117,1,8
84,0.0015352964401245117,1,8
85,0.0015352964401245117,1,8
86,0.0015352964401245117,1,8
87,0.0015352964401245117,1,8
88,0.0015352964401245117,1,8
89,0.0015352964401245117,1,8
90,0.0015352964401245117,1,8
91,0.0015352964401245117,1,8
92,0.0015352964401245117,1,8
93,0.0015352964401245117,1,8
94,0.0015352964401245117,1,8
95,0.0015352964401245117,1,8
96,0.0015352964401245117,1,8
97,0.0015352964401245117,1,8
98,0.0015352964401245117,1,8
99,0.0015352964401245117,1,8
100,0.0015352964401245117,1,8
101,0.0015352964401245117,1,8
102,0.0015352964401245117,1,8
103,0.0015352964401245117,1,8
104,0.0015352964401245117,1,8
105,0.0015352964401245117,1,8
106,0.0015352964401245117,1,8
107,0.0015352964401245117,1,8
108,0.0015352964401245117,1,8
109,0.0015352964401245117,1,8
110,0.0015352964401245117,1,8
111,0.0015352964401245117,1,8
112,0.0015352964401245117,1,8
113,0.0015352964401245117,1,8
114,0.0015352964401245117,1,8
115,0.0015352964401245117,1,8
116,0.0015352964401245117,1,8
117,0.0015352964401245117,1,8
118,0.0015352964401245117,1,8
119,0.0015352964401245117,1,8
120,0.0015352964401245117,1,8
121,0.0015352964401245117,1,8
122,0.0015352964401245117,1,8
123,0.0015352964401245117,1,8
124,0.0015352964401245117,1,8
125,0.0015352964401245117,1,8
126,0.0015352964401245117,1,8
127,0.0015352964401245117,1,8
128,0.0015352964401245117,1,8
129,0.0015352964401245117,1,8
130,0.0015352964401245117,1,8
131,0.0015352964401245117,1,8
132,0.0015352964401245117,1,8
133,0.0015352964401245117,1,8
134,0.0015352964401245117,1,8
135,0.0015352964401245117,1,8
136,0.0015352964401245117,1,8
137,0.0015352964401245117,1,8
138,0.0015352964401245117,1,8
139,0.0015352964401245117,1,8
140,0.0015352964401245117,1,8
141,0.0015352964401245117,1,8
142,0.0015352964401245117,1,8
143,0.0015352964401245117,1,8
144,0.0015352964401245117,1,8
145,0.0015352964401245117,1,8
146,0.0015352964401245117,1,8
147,0.0015352964401245117,1,8
148,0.0015352964401245117,1,8
149,0.0015352964401245117,1,8
150,0.0015352964401245117,1,8
151,0.0015352964401245117,1,8
152,0.0015352964401245117,1,8
153,0.0015352964401245117,1,8
154,0.0015352964401245117,1,8
155,0.0015352964401245117,1,8
156,0.0015352964401245117,1,8
157,0.0015352964401245117,1,8
158,0.0015352964401245117,1,8
159,0.0015352964401245117,1,8
160,0.0015352964401245117,1,8
161,0.0015352964401245117,1,8
162,0.0015352964401245117,1,8
163,0.0015352964401245117,1,8
164,0.0015352964401245117,1,8
165,0.0015352964401245117,1,8
166,0.0015352964401245117,1,8
167,0.0015352964401245117,1,8
168,0.0015352964401245117,1,8
169,0.0015352964401245117,1,8
170,0.0015352964401245117,1,8
171,0.0015352964401245117,1,8
172,0.0015352964401245117,1,8
173,0.0015352964401245117,1,8
174,0.0015352964401245117,1,8
175,0.0015352964401245117,1,8
176,0.0015352964401245117,1,8
177,0.0015352964401245117,1,8
178,0.0015352964401245117,1,8
179,0.0015352964401245117,1,8
180,0.0015352964401245117,1,8
181,0.0015352964401245117,1,8
182,0.0015352964401245117,1,8
183,0.0015352964401245117,1,8
184,0.0015352964401245117,1,8
185,0.0015352964401245117,1,8
186,0.0015352964401245117,1,8
187,0.0015352964401245117,1,8
188,0.0015352964401245117,1,8
189,0.0015352964401245117,1,8
190,0.0015352964401245117,1,8
191,0.0015352964401245117,1,8
192,0.0015352964401245117,1,8
193,0.0015352964401245117,1,8
194,0.0015352964401245117,1,8
195,0.0015352964401245117,1,8
196,0.0015352964401245117,1,8
197,0.0015352964401245117,1,8
198,0.0015352964401245117,1,8
199,0.0015352964401245117,1,8
200,0.0015352964401245117,1,8
1,0.9999935717414701,1,9
2,0.9999935717414701,1,9
3,0.9999935717414701,1,9
4,0.9999950607466417,1,9
5,0.9999950607466417,1,9
6,0.9999950607466417,1,9
7,0.9999950607466417,1,9
8,0.9999950607466417,1,9
9,0.9999950607466417,1,9
10,0.9999963427696912,1,9
11,0.99999683236274,1,9
12,0.9999977903482886,1,9
13,0.9999977903482886,1,9
14,0.9999977903482886,1,9
15,0.9999977903482886,1,9
16,0.9999980805505402,1,9
17,0.9999980805505402,1,9
18,0.9999982250513995,1,9
19,0.9999982250513995,1,9
20,0.9999982250513995,1,9
21,0.9999982250513995,1,9
22,0.9999982250513995,1,9
23,0.9999982250513995,1,9
24,0.9999982250513995,1,9
25,0.9999982250513995,1,9
26,0.9999982250513995,1,9
27,0.9999982250513995,1,9
28,0.9999982250513995,1,9
29,0.9999982250513995,1,9
30,0.9999982250513995,1,9
31,0.9999982250513995,1,9
32,0.9999989592853353,1,9
33,0.9999989592853353,1,9
34,0.9999989592853353,1,9
35,0.9999989592853353,1,9
36,0.9999989592853353,1,9
37,0.9999989592853353,1,9
38,0.9999989592853353,1,9
39,0.9999989592853353,1,9
40,0.9999989592853353,1,9
41,0.9999989592853353,1,9
42,0.9999989592853353,1,9
43,0.9999989592853353,1,9
44,0.9999989592853353,1,9
45,0.9999989592853353,1,9
46,0.9999989592853353,1,9
47,0.9999989592853353,1,9
48,0.9999989592853353,1,9
49,0.9999989592853353,1,9
50,0.9999989592853353,1,9
51,0.9999989592853353,1,9
52,0.9999989592853353,1,9
53,0.9999989592853353,1,9
54,0.9999989592853353,1,9
55,0.9999989592853353,1,9
56,0.9999989592853353,1,9
57,0.9999989592853353,1,9
58,0.9999989592853353,1,9
59,0.9999989592853353,1,9
60,0.9999989592853353,1,9
61,0.9999989592853353,1,9
62,0.9999989592853353,1,9
63,0.9999989592853353,1,9
64,0.9999989592853353,1,9
65,0.9999989592853353,1,9
66,0.9999989592853353,1,9
67,0.9999989592853353,1,9
68,0.9999989592853353,1,9
69,0.9999989592853353,1,9
70,0.9999989592853353,1,9
71,0.9999989592853353,1,9
72,0.9999989592853353,1,9
73,0.9999989592853353,1,9
74,0.9999989592853353,1,9
75,0.9999989592853353,1,9
76,0.9999989592853353,1,9
77,0.9999989592853353,1,9
78,0.9999989592853353,1,9
79,0.9999989592853353,1,9
80,0.9999989592853353,1,9
81,0.9999989592853353,1,9
82,0.9999989592853353,1,9
83,0.9999989592853353,1,9
84,0.9999989592853353,1,9
85,0.9999989592853353,1,9
86,0.9999989592853353,1,9
87,0.9999989592853353,1,9
88,0.9999989592853353,1,9
89,0.9999989592853353,1,9
90,0.9999989592853353,1,9
91,0.9999989592853353,1,9
92,0.9999989592853353,1,9
93,0.9999989592853353,1,9
94,0.9999989592853353,1,9
95,0.9999989592853353,1,9
96,0.9999989592853353,1,9
97,0.9999989592853353,1,9
98,0.9999989592853353,1,9
99,0.9999989592853353,1,9
100,0.9999989592853353,1,9
101,0.9999989592853353,1,9
102,0.9999989592853353,1,9
103,0.9999989592853353,1,9
104,0.9999989592853353,1,9
105,0.9999989592853353,1,9
106,0.9999989592853353,1,9
107,0.9999989592853353,1,9
108,0.9999989592853353,1,9
109,0.9999989592853353,1,9
110,0.9999989592853353,1,9
111,0.9999989592853353,1,9
112,0.9999989592853353,1,9
113,0.9999989592853353,1,9
114,0.9999989592853353,1,9
115,0.9999989592853353,1,9
116,0.9999989592853353,1,9
117,0.9999989592853353,1,9
118,0.9999989592853353,1,9
119,0.9999989592853353,1,9
120,0.9999989592853353,1,9
121,0.9999989592853353,1,9
122,0.9999989592853353,1,9
123,0.9999989592853353,1,9
124,0.9999989592853353,1,9
125,0.9999989592853353,1,9
126,0.9999989592853353,1,9
127,0.9999989592853353,1,9
128,0.9999989592853353,1,9
129,0.9999989592853353,1,9
130,0.9999989592853353,1,9
131,0.9999989592853353,1,9
132,0.9999989592853353,1,9
133,0.9999989592853353,1,9
134,0.9999989592853353,1,9
135,0.9999989592853353,1,9
136,0.9999989592853353,1,9
137,0.9999989592853353,1,9
138,0.9999989592853353,1,9
139,0.9999989592853353,1,9
140,0.9999989592853353,1,9
141,0.9999989592853353,1,9
142,0.9999989592853353,1,9
143,0.9999989592853353,1,9
144,0.9999989592853353,1,9
145,0.9999989592853353,1,9
146,0.9999989592853353,1,9
147,0.9999989592853353,1,9
148,0.9999989592853353,1,9
149,0.9999989592853353,1,9
150,0.9999989592853353,1,9
151,0.9999989592853353,1,9
152,0.9999989592853353,1,9
153,0.9999989592853353,1,9
154,0.9999989592853353,1,9
155,0.9999989592853353,1,9
156,0.9999989592853353,1,9
157,0.9999989592853353,1,9
158,0.9999989592853353,1,9
159,0.9999989592853353,1,9
160,0.9999989592853353,1,9
161,0.9999989592853353,1,9
162,0.9999989592853353,1,9
163,0.9999989592853353,1,9
164,0.9999989592853353,1,9
165,0.9999989592853353,1,9
166,0.9999989592853353,1,9
167,0.9999989592853353,1,9
168,0.9999989592853353,1,9
169,0.9999989592853353,1,9
170,0.9999989592853353,1,9
171,0.9999989592853353,1,9
172,0.9999989592853353,1,9
173,0.9999989592853353,1,9
174,0.9999989592853353,1,9
175,0.9999989592853353,1,9
176,0.9999989592853353,1,9
177,0.9999989592853353,1,9
178,0.9999989592853353,1,9
179,0.9999989592853353,1,9
180,0.9999989592853353,1,9
181,0.9999989592853353,1,9
182,0.9999989592853353,1,9
183,0.9999989592853353,1,9
184,0.9999989592853353,1,9
185,0.9999989592853353,1,9
186,0.9999989592853353,1,9
187,0.9999989592853353,1,9
188,0.9999989592853353,1,9
189,0.9999989592853353,1,9
190,0.9999989592853353,1,9
191,0.9999989592853353,1,9
192,0.9999989592853353,1,9
193,0.9999989592853353,1,9
194,0.9999989592853353,1,9
195,0.9999989592853353,1,9
196,0.9999989592853353,1,9
197,0.9999989592853353,1,9
198,0.9999989592853353,1,9
199,0.9999989592853353,1,9
200,0.9999989592853353,1,9
1,4.76837158203125e-07,1,10
2,4.76837158203125e-07,1,10
3,5.960464477539062e-07,1,10
4,8.344650268554688e-07,1,10
5,9.5367431640625e-07,1,10
6,1.5497207641601562e-06,1,10
7,1.5497207641601562e-06,1,10
8,1.5497207641601562e-06,1,10
9,1.5497207641601562e-06,1,10
10,2.0265579223632812e-06,1,10
11,2.0265579223632812e-06,1,10
12,2.0265579223632812e-06,1,10
13,2.5033950805664062e-06,1,10
14,2.5033950805664062e-06,1,10
15,3.0994415283203125e-06,1,10
16,3.0994415283203125e-06,1,10
17,3.0994415283203125e-06,1,10
18,3.0994415283203125e-06,1,10
19,3.0994415283203125e-06,1,10
20,3.0994415283203125e-06,1,10
21,3.0994415283203125e-06,1,10
22,3.0994415283203125e-06,1,10
23,3.0994415283203125e-06,1,10
24,3.0994415283203125e-06,1,10
25,3.0994415283203125e-06,1,10
26,3.0994415283203125e-06,1,10
27,3.814697265625e-06,1,10
28,3.814697265625e-06,1,10
29,3.814697265625e-06,1,10
30,3.814697265625e-06,1,10
31,3.933906555175781e-06,1,10
32,3.933906555175781e-06,1,10
33,3.933906555175781e-06,1,10
34,3.933906555175781e-06,1,10
35,3.933906555175781e-06,1,10
36,3.933906555175781e-06,1,10
37,3.933906555175781e-06,1,10
38,3.933906555175781e-06,1,10
39,3.933906555175781e-06,1,10
40,3.933906555175781e-06,1,10
41,3.933906555175781e-06,1,10
42,3.933906555175781e-06,1,10
43,3.933906555175781e-06,1,10
44,3.933906555175781e-06,1,10
45,3.933906555175781e-06,1,10
46,3.933906555175781e-06,1,10
47,3.933906555175781e-06,1,10
48,3.933906555175781e-06,1,10
49,3.933906555175781e-06,1,10
50,3.933906555175781e-06,1,10
51,3.933906555175781e-06,1,10
52,3.933906555175781e-06,1,10
53,3.933906555175781e-06,1,10
54,3.933906555175781e-06,1,10
55,3.933906555175781e-06,1,10
56,3.933906555175781e-06,1,10
57,3.933906555175781e-06,1,10
58,3.933906555175781e-06,1,10
59,3.933906555175781e-06,1,10
60,3.933906555175781e-06,1,10
61,3.933906555175781e-06,1,10
62,3.933906555175781e-06,1,10
63,3.933906555175781e-06,1,10
64,3.933906555175781e-06,1,10
65,3.933906555175781e-06,1,10
66,3.933906555175781e-06,1,10
67,3.933906555175781e-06,1,10
68,3.933906555175781e-06,1,10
69,3.933906555175781e-06,1,10
70,3.933906555175781e-06,1,10
71,3.933906555175781e-06,1,10
72,3.933906555175781e-06,1,10
73,3.933906555175781e-06,1,10
74,3.933906555175781e-06,1,10
75,3.933906555175781e-06,1,10
76,3.933906555175781e-06,1,10
77,3.933906555175781e-06,1,10
78,3.933906555175781e-06,1,10
79,3.933906555175781e-06,1,10
80,3.933906555175781e-06,1,10
81,3.933906555175781e-06,1,10
82,3.933906555175781e-06,1,10
83,3.933906555175781e-06,1,10
84,3.933906555175781e-06,1,10
85,3.933906555175781e-06,1,10
86,3.933906555175781e-06,1,10
87,3.933906555175781e-06,1,10
88,3.933906555175781e-06,1,10
89,3.933906555175781e-06,1,10
90,3.933906555175781e-06,1,10
91,3.933906555175781e-06,1,10
92,3.933906555175781e-06,1,10
93,3.933906555175781e-06,1,10
94,3.933906555175781e-06,1,10
95,3.933906555175781e-06,1,10
96,3.933906555175781e-06,1,10
97,3.933906555175781e-06,1,10
98,3.933906555175781e-06,1,10
99,3.933906555175781e-06,1,10
100,3.933906555175781e-06,1,10
101,3.933906555175781e-06,1,10
102,3.933906555175781e-06,1,10
103,3.933906555175781e-06,1,10
104,3.933906555175781e-06,1,10
105,3.933906555175781e-06,1,10
106,3.933906555175781e-06,1,10
107,3.933906555175781e-06,1,10
108,3.933906555175781e-06,1,10
109,3.933906555175781e-06,1,10
110,3.933906555175781e-06,1,10
111,3.933906555175781e-06,1,10
112,3.933906555175781e-06,1,10
113,3.933906555175781e-06,1,10
114,3.933906555175781e-06,1,10
115,3.933906555175781e-06,1,10
116,3.933906555175781e-06,1,10
117,3.933906555175781e-06,1,10
118,3.933906555175781e-06,1,10
119,3.933906555175781e-06,1,10
120,3.933906555175781e-06,1,10
121,3.933906555175781e-06,1,10
122,3.933906555175781e-06,1,10
123,3.933906555175781e-06,1,10
124,3.933906555175781e-06,1,10
125,3.933906555175781e-06,1,10
126,3.933906555175781e-06,1,10
127,3.933906555175781e-06,1,10
128,3.933906555175781e-06,1,10
129,3.933906555175781e-06,1,10
130,3.933906555175781e-06,1,10
131,3.933906555175781e-06,1,10
132,3.933906555175781e-06,1,10
133,3.933906555175781e-06,1,10
134,3.933906555175781e-06,1,10
135,3.933906555175781e-06,1,10
136,3.933906555175781e-06,1,10
137,3.933906555175781e-06,1,10
138,3.933906555175781e-06,1,10
139,3.933906555175781e-06,1,10
140,3.933906555175781e-06,1,10
141,3.933906555175781e-06,1,10
142,3.933906555175781e-06,1,10
143,3.933906555175781e-06,1,10
144,3.933906555175781e-06,1,10
145,3.933906555175781e-06,1,10
146,3.933906555175781e-06,1,10
147,3.933906555175781e-06,1,10
148,3.933906555175781e-06,1,10
149,3.933906555175781e-06,1,10
150,3.933906555175781e-06,1,10
151,3.933906555175781e-06,1,10
152,3.933906555175781e-06,1,10
153,3.933906555175781e-06,1,10
154,3.933906555175781e-06,1,10
155,3.933906555175781e-06,1,10
156,3.933906555175781e-06,1,10
157,3.933906555175781e-06,1,10
158,3.933906555175781e-06,1,10
159,3.933906555175781e-06,1,10
160,3.933906555175781e-06,1,10
161,3.933906555175781e-06,1,10
162,3.933906555175781e-06,1,10
163,3.933906555175781e-06,1,10
164,3.933906555175781e-06,1,10
165,3.933906555175781e-06,1,10
166,3.933906555175781e-06,1,10
167,3.933906555175781e-06,1,10
168,3.933906555175781e-06,1,10
169,3.933906555175781e-06,1,10
170,3.933906555175781e-06,1,10
171,3.933906555175781e-06,1,10
172,3.933906555175781e-06,1,10
173,3.933906555175781e-06,1,10
174,3.933906555175781e-06,1,10
175,3.933906555175781e-06,1,10
176,3.933906555175781e-06,1,10
177,3.933906555175781e-06,1,10
178,3.933906555175781e-06,1,10
179,3.933906555175781e-06,1,10
180,3.933906555175781e-06,1,10
181,3.933906555175781e-06,1,10
182,3.933906555175781e-06,1,10
183,3.933906555175781e-06,1,10
184,3.933906555175781e-06,1,10
185,3.933906555175781e-06,1,10
186,3.933906555175781e-06,1,10
187,3.933906555175781e-06,1,10
188,3.933906555175781e-06,1,10
189,3.933906555175781e-06,1,10
190,3.933906555175781e-06,1,10
191,3.933906555175781e-06,1,10
192,3.933906555175781e-06,1,10
193,3.933906555175781e-06,1,10
194,3.933906555175781e-06,1,10
195,3.933906555175781e-06,1,10
196,3.933906555175781e-06,1,10
197,3.933906555175781e-06,1,10
198,3.933906555175781e-06,1,10
199,3.933906555175781e-06,1,10
200,3.933906555175781e-06,1,10
1,3.695487976074219e-05,1,11
2,4.684925079345703e-05,1,11
3,6.365776062011719e-05,1,11
4,6.365776062011719e-05,1,11
5,7.808208465576172e-05,1,11
6,7.808208465576172e-05,1,11
7,7.808208465576172e-05,1,11
8,0.0001329183578491211,1,11
9,0.0002658963203430176,1,11
10,0.0002658963203430176,1,11
11,0.0003069639205932617,1,11
12,0.0008218884468078613,1,11
13,0.0008218884468078613,1,11
14,0.0008218884468078613,1,11
15,0.0008218884468078613,1,11
16,0.0008218884468078613,1,11
17,0.0008218884468078613,1,11
18,0.0008218884468078613,1,11
19,0.0010055899620056152,1,11
20,0.0010055899620056152,1,11
21,0.0010055899620056152,1,11
22,0.0010055899620056152,1,11
23,0.0010055899620056152,1,11
24,0.0010055899620056152,1,11
25,0.0013757944107055664,1,11
26,0.0013757944107055664,1,11
27,0.0013757944107055664,1,11
28,0.0013757944107055664,1,11
29,0.0013757944107055664,1,11
30,0.0013757944107055664,1,11
31,0.0013757944107055664,1,11
32,0.0013757944107055664,1,11
33,0.0013757944107055664,1,11
34,0.0013757944107055664,1,11
35,0.0013757944107055664,1,11
36,0.0013757944107055664,1,11
37,0.0013757944107055664,1,11
38,0.0013757944107055664,1,11
39,0.0013757944107055664,1,11
40,0.0013757944107055664,1,11
41,0.0013757944107055664,1,11
42,0.0013757944107055664,1,11
43,0.0013757944107055664,1,11
44,0.0013757944107055664,1,11
45,0.0013757944107055664,1,11
46,0.0013757944107055664,1,11
47,0.0013757944107055664,1,11
48,0.0013757944107055664,1,11
49,0.0013757944107055664,1,11
50,0.0013757944107055664,1,11
51,0.0013757944107055664,1,11
52,0.0013757944107055664,1,11
53,0.0013757944107055664,1,11
54,0.0013757944107055664,1,11
55,0.0013757944107055664,1,11
56,0.0013757944107055664,1,11
57,0.0013757944107055664,1,11
58,0.0013757944107055664,1,11
59,0.0013757944107055664,1,11
60,0.0013757944107055664,1,11
61,0.0013757944107055664,1,11
62,0.0013757944107055664,1,11
63,0.0013757944107055664,1,11
64,0.0013757944107055664,1,11
65,0.0013757944107055664,1,11
66,0.0013757944107055664,1,11
67,0.0013757944107055664,1,11
68,0.0013757944107055664,1,11
69,0.0013757944107055664,1,11
70,0.0013757944107055664,1,11
71,0.0013757944107055664,1,11
72,0.0013757944107055664,1,11
73,0.0013757944107055664,1,11
74,0.0013757944107055664,1,11
75,0.0013757944107055664,1,11
76,0.0013757944107055664,1,11
77,0.0013757944107055664,1,11
78,0.0013757944107055664,1,11
79,0.0013757944107055664,1,11
80,0.0013757944107055664,1,11
81,0.0013757944107055664,1,11
82,0.0013757944107055664,1,11
83,0.0013757944107055664,1,11
84,0.0013757944107055664,1,11
85,0.0013757944107055664,1,11
86,0.0013757944107055664,1,11
87,0.0013757944107055664,1,11
88,0.0013757944107055664,1,11
89,0.0013757944107055664,1,11
90,0.0013757944107055664,1,11
91,0.0013757944107055664,1,11
92,0.0013757944107055664,1,11
93,0.0013757944107055664,1,11
94,0.0013757944107055664,1,11
95,0.0013757944107055664,1,11
96,0.0013757944107055664,1,11
97,0.0013757944107055664,1,11
98,0.0013757944107055664,1,11
99,0.0013757944107055664,1,11
100,0.0013757944107055664,1,11
101,0.0013757944107055664,1,11
102,0.0013757944107055664,1,11
103,0.0013757944107055664,1,11
104,0.0013757944107055664,1,11
105,0.0013757944107055664,1,11
106,0.0013757944107055664,1,11
107,0.0013757944107055664,1,11
108,0.0013757944107055664,1,11
109,0.0013757944107055664,1,11
110,0.0013757944107055664,1,11
111,0.0013757944107055664,1,11
112,0.0013757944107055664,1,11
113,0.0013757944107055664,1,11
114,0.0013757944107055664,1,11
115,0.0013757944107055664,1,11
116,0.0013757944107055664,1,11
117,0.0013757944107055664,1,11
118,0.0013757944107055664,1,11
119,0.0013757944107055664,1,11
120,0.0013757944107055664,1,11
121,0.0013757944107055664,1,11
122,0.0013757944107055664,1,11
123,0.0013757944107055664,1,11
124,0.0013757944107055664,1,11
125,0.0013757944107055664,1,11
126,0.0013757944107055664,1,11
127,0.0013757944107055664,1,11
128,0.0013757944107055664,1,11
129,0.0013757944107055664,1,11
130,0.0013757944107055664,1,11
131,0.0013757944107055664,1,11
132,0.0013757944107055664,1,11
133,0.0013757944107055664,1,11
134,0.0013757944107055664,1,11
135,0.0013757944107055664,1,11
136,0.0013757944107055664,1,11
137,0.0013757944107055664,1,11
138,0.0013757944107055664,1,11
139,0.0013757944107055664,1,11
140,0.0013757944107055664,1,11
141,0.0013757944107055664,1,11
142,0.0013757944107055664,1,11
143,0.0013757944107055664,1,11
144,0.0013757944107055664,1,11
145,0.0013757944107055664,1,11
146,0.0013757944107055664,1,11
147,0.0013757944107055664,1,11
148,0.0013757944107055664,1,11
149,0.0013757944107055664,1,11
150,0.0013757944107055664,1,11
151,0.0013757944107055664,1,11
152,0.0013757944107055664,1,11
153,0.0013757944107055664,1,11
154,0.0013757944107055664,1,11
155,0.0013757944107055664,1,11
156,0.0013757944107055664,1,11
157,0.0013757944107055664,1,11
158,0.0013757944107055664,1,11
159,0.0013757944107055664,1,11
160,0.0013757944107055664,1,11
161,0.0013757944107055664,1,11
162,0.0013757944107055664,1,11
163,0.0013757944107055664,1,11
164,0.0013757944107055664,1,11
165,0.0013757944107055664,1,11
166,0.0013757944107055664,1,11
167,0.0013757944107055664,1,11
168,0.0013757944107055664,1,11
169,0.0013757944107055664,1,11
170,0.0013757944107055664,1,11
171,0.0013757944107055664,1,11
172,0.0013757944107055664,1,11
173,0.0013757944107055664,1,11
174,0.0013757944107055664,1,11
175,0.0013757944107055664,1,11
176,0.0013757944107055664,1,11
177,0.0013757944107055664,1,11
178,0.0013757944107055664,1,11
179,0.0013757944107055664,1,11
180,0.0013757944107055664,1,11
181,0.0013757944107055664,1,11
182,0.0013757944107055664,1,11
183,0.0013757944107055664,1,11
184,0.0013757944107055664,1,11
185,0.0013757944107055664,1,11
186,0.0013757944107055664,1,11
187,0.0013757944107055664,1,11
188,0.0013757944107055664,1,11
189,0.0013757944107055664,1,11
190,0.0013757944107055664,1,11
191,0.0013757944107055664,1,11
192,0.0013757944107055664,1,11
193,0.0013757944107055664,1,11
194,0.0013757944107055664,1,11
195,0.0013757944107055664,1,11
196,0.0013757944107055664,1,11
197,0.0013757944107055664,1,11
198,0.0013757944107055664,1,11
199,0.0013757944107055664,1,11
200,0.0013757944107055664,1,11
1,0.003891885280609131,1,12
2,0.004724025726318359,1,12
3,0.004724025726318359,1,12
4,0.004724025726318359,1,12
5,0.005357861518859863,1,12
6,0.006851375102996826,1,12
7,0.010987639427185059,1,12
8,0.012517571449279785,1,12
9,0.020373761653900146,1,12
10,0.020373761653900146,1,12
11,0.020373761653900146,1,12
12,0.020373761653900146,1,12
13,0.020373761653900146,1,12
14,0.020373761653900146,1,12
15,0.027844548225402832,1,12
16,0.027844548225402832,1,12
17,0.027844548225402832,1,12
18,0.027844548225402832,1,12
19,0.03082871437072754,1,12
20,0.0360255241394043,1,12
21,0.0404888391494751,1,12
22,0.0404888391494751,1,12
23,0.13829046487808228,2,12
24,0.13829046487808228,2,12
25,0.13829046487808228,2,12
26,0.13829046487808228,2,12
27,0.13829046487808228,2,12
28,0.13829046487808228,2,12
29,0.13829046487808228,2,12
30,0.13829046487808228,2,12
31,0.257615864276886,3,12
32,0.257615864276886,3,12
33,0.257615864276886,3,12
34,0.257615864276886,3,12
35,0.257615864276886,3,12
36,0.257615864276886,3,12
37,0.257615864276886,3,12
38,0.23948734998703003,2,12
39,0.23948734998703003,2,12
40,0.23948734998703003,2,12
41,0.23948734998703003,2,12
42,0.23948734998703003,2,12
43,0.23948734998703003,2,12
44,0.23948734998703003,2,12
45,0.23948734998703003,2,12
46,0.23948734998703003,2,12
47,0.23948734998703003,2,12
48,0.23948734998703003,2,12
49,0.3336625099182129,3,12
50,0.3336625099182129,3,12
51,0.3336625099182129,3,12
52,0.4323650002479553,4,12
53,0.4323650002479553,4,12
54,0.4323650002479553,4,12
55,0.4323650002479553,4,12
56,0.4323650002479553,4,12
57,0.7660483419895172,5,12
58,0.7660483419895172,5,12
59,0.8627071380615234,6,12
60,0.8627071380615234,6,12
61,0.8567042052745819,5,12
62,0.9333007037639618,5,12
63,0.9421505220234394,5,12
64,0.9421505220234394,5,12
65,0.9421505220234394,5,12
66,0.9678434245288372,5,12
67,0.9678434245288372,5,12
68,0.9551553539931774,4,12
69,0.9657779112458229,4,12
70,0.9657779112458229,4,12
71,0.9657779112458229,4,12
72,0.9657779112458229,4,12
73,0.9657779112458229,4,12
74,0.9657779112458229,4,12
75,0.9657779112458229,4,12
76,0.9657779112458229,4,12
77,0.9657779112458229,4,12
78,0.9657779112458229,4,12
79,0.9665235802531242,4,12
80,0.9665235802531242,4,12
81,0.9761967603117228,4,12
82,0.9761967603117228,4,12
83,0.9761967603117228,4,12
84,0.9761967603117228,4,12
85,0.9761967603117228,4,12
86,0.9761967603117228,4,12
87,0.9761967603117228,4,12
88,0.9761967603117228,4,12
89,0.9761967603117228,4,12
90,0.9761967603117228,4,12
91,0.9761967603117228,4,12
92,0.9761967603117228,4,12
93,0.9761967603117228,4,12
94,0.9761967603117228,4,12
95,0.9761967603117228,4,12
96,0.9761967603117228,4,12
97,0.9761967603117228,4,12
98,0.9776096064597368,4,12
99,0.9776096064597368,4,12
100,0.9776096064597368,4,12
101,0.9776096064597368,4,12
102,0.9776096064597368,4,12
103,0.9776096064597368,4,12
104,0.9776096064597368,4,12
105,0.9776096064597368,4,12
106,0.9776096064597368,4,12
107,0.9776096064597368,4,12
108,0.9776096064597368,4,12
109,0.980008989572525,4,12
110,0.980008989572525,4,12
111,0.980008989572525,4,12
112,0.980008989572525,4,12
113,0.980008989572525,4,12
114,0.980008989572525,4,12
115,0.980008989572525,4,12
116,0.980008989572525,4,12
117,0.9847371242940426,4,12
118,0.9847371242940426,4,12
119,0.9847371242940426,4,12
120,0.9847371242940426,4,12
121,0.9847371242940426,4,12
122,0.9847371242940426,4,12
123,0.9847371242940426,4,12
124,0.9847371242940426,4,12
125,0.9847371242940426,4,12
126,0.9847371242940426,4,12
127,0.9847371242940426,4,12
128,0.9847371242940426,4,12
129,0.9847371242940426,4,12
130,0.9847371242940426,4,12
131,0.9847371242940426,4,12
132,0.9847371242940426,4,12
133,0.9847371242940426,4,12
134,0.9847371242940426,4,12
135,0.9847371242940426,4,12
136,0.9893907345831394,4,12
137,0.9893907345831394,4,12
138,0.9893907345831394,4,12
139,0.9893907345831394,4,12
140,0.9893907345831394,4,12
141,0.9893907345831394,4,12
142,0.9893907345831394,4,12
143,0.9893907345831394,4,12
144,0.9893907345831394,4,12
145,0.9893907345831394,4,12
146,0.9893907345831394,4,12
147,0.9893907345831394,4,12
148,0.9893907345831394,4,12
149,0.9893907345831394,4,12
150,0.9893907345831394,4,12
151,0.9893907345831394,4,12
152,0.9893907345831394,4,12
153,0.9893907345831394,4,12
154,0.9893907345831394,4,12
155,0.9893907345831394,4,12
156,0.9893907345831394,4,12
157,0.9893907345831394,4,12
158,0.9893907345831394,4,12
159,0.9893907345831394,4,12
160,0.9893907345831394,4,12
161,0.9893907345831394,4,12
162,0.9893907345831394,4,12
163,0.9893907345831394,4,12
164,0.9893907345831394,4,12
165,0.9893907345831394,4,12
166,0.9893907345831394,4,12
167,0.9893907345831394,4,12
168,0.9893907345831394,4,12
169,0.9893907345831394,4,12
170,0.9893907345831394,4,12
171,0.9893907345831394,4,12
172,0.9893907345831394,4,12
173,0.9893907345831394,4,12
174,0.9893907345831394,4,12
175,0.9893907345831394,4,12
176,0.9893907345831394,4,12
177,0.9893907345831394,4,12
178,0.9893907345831394,4,12
179,0.9893907345831394,4,12
180,0.9893907345831394,4,12
181,0.9893907345831394,4,12
182,0.9893907345831394,4,12
183,0.9893907345831394,4,12
184,0.9893907345831394,4,12
185,0.9893907345831394,4,12
186,0.9893907345831394,4,12
187,0.9893907345831394,4,12
188,0.9893907345831394,4,12
189,0.9893907345831394,4,12
190,0.9893907345831394,4,12
191,0.9893907345831394,4,12
192,0.9893907345831394,4,12
193,0.9893907345831394,4,12
194,0.9893907345831394,4,12
195,0.9893907345831394,4,12
196,0.9893907345831394,4,12
197,0.9893907345831394,4,12
198,0.9893907345831394,4,12
199,0.9893907345831394,4,12
200,0.9893907345831394,4,12
1,0.900593176484108,8,13
2,0.6667490005493164,2,13
3,0.8505741357803345,6,13
4,0.9564862549304962,7,13
5,0.7621541023254395,2,13
6,0.8106419295072556,2,13
7,0.9783468507230282,4,13
8,0.9783468507230282,4,13
9,0.9379140548408031,3,13
10,0.9379140548408031,3,13
11,0.9433720521628857,3,13
12,0.9649986140429974,3,13
13,0.9649986140429974,3,13
14,0.9649986140429974,3,13
15,0.9649986140429974,3,13
16,0.9649986140429974,3,13
17,0.9797171037644148,3,13
18,0.9813542850315571,3,13
19,0.988043506629765,3,13
20,0.988043506629765,3,13
21,0.988043506629765,3,13
22,0.988043506629765,3,13
23,0.988043506629765,3,13
24,0.968325961381197,2,13
25,0.968325961381197,2,13
26,0.968325961381197,2,13
27,0.968325961381197,2,13
28,0.968325961381197,2,13
29,0.968325961381197,2,13
30,0.968325961381197,2,13
31,0.968325961381197,2,13
32,0.968325961381197,2,13
33,0.968325961381197,2,13
34,0.968325961381197,2,13
35,0.968325961381197,2,13
36,0.9783868622034788,2,13
37,0.9783868622034788,2,13
38,0.9783868622034788,2,13
39,0.9783868622034788,2,13
40,0.9783868622034788,2,13
41,0.9783868622034788,2,13
42,0.9783868622034788,2,13
43,0.9783868622034788,2,13
44,0.9783868622034788,2,13
45,0.9783868622034788,2,13
46,0.9783868622034788,2,13
47,0.9867009976878762,2,13
48,0.9867009976878762,2,13
49,0.9867009976878762,2,13
50,0.9867009976878762,2,13
51,0.9867009976878762,2,13
52,0.9909045482054353,2,13
53,0.9909045482054353,2,13
54,0.9909045482054353,2,13
55,0.9909045482054353,2,13
56,0.9909045482054353,2,13
57,0.9909045482054353,2,13
58,0.9909045482054353,2,13
59,0.9909045482054353,2,13
60,0.9909045482054353,2,13
61,0.9909045482054353,2,13
62,0.9909045482054353,2,13
63,0.9911327492445707,2,13
64,0.9911327492445707,2,13
65,0.9911327492445707,2,13
66,0.9911327492445707,2,13
67,0.9911327492445707,2,13
68,0.9913284489884973,2,13
69,0.9913284489884973,2,13
70,0.9917230764403939,2,13
71,0.9917230764403939,2,13
72,0.9917230764403939,2,13
73,0.9917230764403939,2,13
74,0.9917230764403939,2,13
75,0.9921505730599165,2,13
76,0.9921505730599165,2,13
77,0.9922273554839194,2,13
78,0.9924825862981379,2,13
79,0.9924825862981379,2,13
80,0.9924825862981379,2,13
81,0.9924825862981379,2,13
82,0.9924825862981379,2,13
83,0.9924825862981379,2,13
84,0.9924825862981379,2,13
85,0.9924825862981379,2,13
86,0.9924825862981379,2,13
87,0.9924825862981379,2,13
88,0.9924825862981379,2,13
89,0.9924825862981379,2,13
90,0.9924825862981379,2,13
91,0.9924825862981379,2,13
92,0.9924825862981379,2,13
93,0.9924825862981379,2,13
94,0.9924825862981379,2,13
95,0.9924825862981379,2,13
96,0.9924825862981379,2,13
97,0.9924825862981379,2,13
98,0.9924825862981379,2,13
99,0.99254798470065,2,13
100,0.99254798470065,2,13
101,0.99254798470065,2,13
102,0.99254798470065,2,13
103,0.99254798470065,2,13
104,0.99254798470065,2,13
105,0.99254798470065,2,13
106,0.99254798470065,2,13
107,0.99254798470065,2,13
108,0.99254798470065,2,13
109,0.99254798470065,2,13
110,0.99254798470065,2,13
111,0.99254798470065,2,13
112,0.99254798470065,2,13
113,0.99254798470065,2,13
114,0.99254798470065,2,13
115,0.99254798470065,2,13
116,0.99254798470065,2,13
117,0.99254798470065,2,13
118,0.99254798470065,2,13
119,0.99254798470065,2,13
120,0.99254798470065,2,13
121,0.99254798470065,2,13
122,0.99254798470065,2,13
123,0.99254798470065,2,13
124,0.99254798470065,2,13
125,0.99254798470065,2,13
126,0.99254798470065,2,13
127,0.99254798470065,2,13
128,0.99254798470065,2,13
129,0.99254798470065,2,13
130,0.99254798470065,2,13
131,0.99254798470065,2,13
132,0.99254798470065,2,13
133,0.99254798470065,2,13
134,0.99254798470065,2,13
135,0.99254798470065,2,13
136,0.99254798470065,2,13
137,0.99254798470065,2,13
138,0.99254798470065,2,13
139,0.99254798470065,2,13
140,0.99254798470065,2,13
141,0.99254798470065,2,13
142,0.99254798470065,2,13
143,0.99254798470065,2,13
144,0.99254798470065,2,13
145,0.99254798470065,2,13
146,0.99254798470065,2,13
147,0.99254798470065,2,13
148,0.99254798470065,2,13
149,0.99254798470065,2,13
150,0.99254798470065,2,13
151,0.99254798470065,2,13
152,0.99254798470065,2,13
153,0.99254798470065,2,13
154,0.99254798470065,2,13
155,0.99254798470065,2,13
156,0.99254798470065,2,13
157,0.99254798470065,2,13
158,0.99254798470065,2,13
159,0.99254798470065,2,13
160,0.99254798470065,2,13
161,0.99254798470065,2,13
162,0.99254798470065,2,13
163,0.99254798470065,2,13
164,0.99254798470065,2,13
165,0.99254798470065,2,13
166,0.99254798470065,2,13
167,0.99254798470065,2,13
168,0.99254798470065,2,13
169,0.99254798470065,2,13
170,0.99254798470065,2,13
171,0.99254798470065,2,13
172,0.99254798470065,2,13
173,0.99254798470065,2,13
174,0.99254798470065,2,13
175,0.99254798470065,2,13
176,0.99254798470065,2,13
177,0.99254798470065,2,13
178,0.99254798470065,2,13
179,0.99254798470065,2,13
180,0.99254798470065,2,13
181,0.99254798470065,2,13
182,0.99254798470065,2,13
183,0.99254798470065,2,13
184,0.99254798470065,2,13
185,0.99254798470065,2,13
186,0.99254798470065,2,13
187,0.99254798470065,2,13
188,0.99254798470065,2,13
189,0.99254798470065,2,13
190,0.99254798470065,2,13
191,0.99254798470065,2,13
192,0.99254798470065,2,13
193,0.99254798470065,2,13
194,0.99254798470065,2,13
195,0.99254798470065,2,13
196,0.99254798470065,2,13
197,0.99254798470065,2,13
198,0.99254798470065,2,13
199,0.99254798470065,2,13
200,0.99254798470065,2,13
1,0.9992212980869226,1,14
2,0.9992212980869226,1,14
3,0.9992212980869226,1,14
4,0.9992337573203258,1,14
5,0.9995014679734595,1,14
6,0.9995014679734595,1,14
7,0.9995014679734595,1,14
8,0.9996542852022685,1,14
9,0.9996542852022685,1,14
10,0.9996542852022685,1,14
11,0.9996542852022685,1,14
12,0.9996542852022685,1,14
13,0.9996542852022685,1,14
14,0.9996542852022685,1,14
15,0.9996542852022685,1,14
16,0.9996542852022685,1,14
17,0.9996542852022685,1,14
18,0.9996542852022685,1,14
19,0.9996542852022685,1,14
20,0.9996542852022685,1,14
21,0.9996542852022685,1,14
22,0.9996542852022685,1,14
23,0.9996542852022685,1,14
24,0.9996542852022685,1,14
25,0.9996542852022685,1,14
26,0.9996542852022685,1,14
27,0.9996542852022685,1,14
28,0.9996542852022685,1,14
29,0.9996542852022685,1,14
30,0.9996542852022685,1,14
31,0.9996542852022685,1,14
32,0.9996542852022685,1,14
33,0.9996542852022685,1,14
34,0.9996542852022685,1,14
35,0.9996542852022685,1,14
36,0.9996542852022685,1,14
37,0.9996542852022685,1,14
38,0.9996542852022685,1,14
39,0.9996542852022685,1,14
40,0.9996542852022685,1,14
41,0.9996542852022685,1,14
42,0.9996542852022685,1,14
43,0.9996542852022685,1,14
44,0.9996542852022685,1,14
45,0.9996542852022685,1,14
46,0.9996542852022685,1,14
47,0.9996542852022685,1,14
48,0.9996542852022685,1,14
49,0.9996542852022685,1,14
50,0.9996542852022685,1,14
51,0.9996542852022685,1,14
52,0.9996542852022685,1,14
53,0.9996542852022685,1,14
54,0.9996542852022685,1,14
55,0.9996542852022685,1,14
56,0.9996542852022685,1,14
57,0.9996596794517245,1,14
58,0.9996596794517245,1,14
59,0.9996596794517245,1,14
60,0.9996596794517245,1,14
61,0.9996596794517245,1,14
62,0.9996596794517245,1,14
63,0.9996596794517245,1,14
64,0.9996596794517245,1,14
65,0.9996596794517245,1,14
66,0.9996596794517245,1,14
67,0.9996596794517245,1,14
68,0.9996596794517245,1,14
69,0.9996596794517245,1,14
70,0.9996596794517245,1,14
71,0.9996596794517245,1,14
72,0.9996596794517245,1,14
73,0.9996596794517245,1,14
74,0.9996596794517245,1,14
75,0.9996596794517245,1,14
76,0.9996596794517245,1,14
77,0.9996596794517245,1,14
78,0.9996596794517245,1,14
79,0.9996596794517245,1,14
80,0.9996596794517245,1,14
81,0.9996596794517245,1,14
82,0.9996596794517245,1,14
83,0.9996596794517245,1,14
84,0.9996596794517245,1,14
85,0.9996596794517245,1,14
86,0.9996596794517245,1,14
87,0.9996596794517245,1,14
88,0.9996596794517245,1,14
89,0.9996596794517245,1,14
90,0.9996596794517245,1,14
91,0.9996596794517245,1,14
92,0.9996596794517245,1,14
93,0.9996596794517245,1,14
94,0.9996596794517245,1,14
95,0.9996596794517245,1,14
96,0.9996596794517245,1,14
97,0.9996596794517245,1,14
98,0.9996596794517245,1,14
99,0.9996596794517245,1,14
100,0.9996596794517245,1,14
101,0.9996596794517245,1,14
102,0.9996596794517245,1,14
103,0.9996596794517245,1,14
104,0.9996596794517245,1,14
105,0.9996596794517245,1,14
106,0.9996596794517245,1,14
107,0.9996596794517245,1,14
108,0.9996596794517245,1,14
109,0.9996596794517245,1,14
110,0.9996596794517245,1,14
111,0.9996596794517245,1,14
112,0.9996596794517245,1,14
113,0.9996596794517245,1,14
114,0.9996596794517245,1,14
115,0.9996596794517245,1,14
116,0.9996596794517245,1,14
117,0.9996596794517245,1,14
118,0.9996596794517245,1,14
119,0.9996596794517245,1,14
120,0.9996596794517245,1,14
121,0.9996596794517245,1,14
122,0.9996596794517245,1,14
123,0.9996596794517245,1,14
124,0.9996596794517245,1,14
125,0.9996596794517245,1,14
126,0.9996596794517245,1,14
127,0.9996596794517245,1,14
128,0.9996596794517245,1,14
129,0.9996596794517245,1,14
130,0.9996596794517245,1,14
131,0.9996596794517245,1,14
132,0.9996596794517245,1,14
133,0.9996596794517245,1,14
134,0.9996596794517245,1,14
135,0.9996596794517245,1,14
136,0.9996596794517245,1,14
137,0.9996596794517245,1,14
138,0.9996596794517245,1,14
139,0.9996596794517245,1,14
140,0.9996596794517245,1,14
141,0.9996596794517245,1,14
142,0.9996596794517245,1,14
143,0.9996596794517245,1,14
144,0.9996596794517245,1,14
145,0.9996596794517245,1,14
146,0.9996596794517245,1,14
147,0.9996596794517245,1,14
148,0.9996596794517245,1,14
149,0.9996596794517245,1,14
150,0.9996596794517245,1,14
151,0.9996596794517245,1,14
152,0.9996596794517245,1,14
153,0.9996596794517245,1,14
154,0.9996596794517245,1,14
155,0.9996596794517245,1,14
156,0.9996596794517245,1,14
157,0.9996596794517245,1,14
158,0.9996596794517245,1,14
159,0.9996596794517245,1,14
160,0.9996596794517245,1,14
161,0.9996596794517245,1,14
162,0.9996596794517245,1,14
163,0.9996596794517245,1,14
164,0.9996596794517245,1,14
165,0.9996596794517245,1,14
166,0.9996596794517245,1,14
167,0.9996596794517245,1,14
168,0.9996596794517245,1,14
169,0.9996596794517245,1,14
170,0.9996596794517245,1,14
171,0.9996596794517245,1,14
172,0.9996596794517245,1,14
173,0.9996596794517245,1,14
174,0.9996596794517245,1,14
175,0.9996596794517245,1,14
176,0.9996596794517245,1,14
177,0.9996596794517245,1,14
178,0.9996596794517245,1,14
179,0.9996596794517245,1,14
180,0.9996596794517245,1,14
181,0.9996596794517245,1,14
182,0.9996596794517245,1,14
183,0.9996596794517245,1,14
184,0.9996596794517245,1,14
185,0.9996596794517245,1,14
186,0.9996596794517245,1,14
187,0.9996596794517245,1,14
188,0.9996596794517245,1,14
189,0.9996596794517245,1,14
190,0.9996596794517245,1,14
191,0.9996596794517245,1,14
192,0.9996596794517245,1,14
193,0.9996596794517245,1,14
194,0.9996596794517245,1,14
195,0.9996596794517245,1,14
196,0.9996596794517245,1,14
197,0.9996596794517245,1,14
198,0.9996596794517245,1,14
199,0.9996596794517245,1,14
200,0.9996596794517245,1,14
1,7.796287536621094e-05,1,15
2,7.796287536621094e-05,1,15
3,7.796287536621094e-05,1,15
4,0.0001342296600341797,1,15
5,0.0001342296600341797,1,15
6,0.0001342296600341797,1,15
7,0.00019353628158569336,1,15
8,0.00019353628158569336,1,15
9,0.0002003312110900879,1,15
10,0.0002970099449157715,1,15
11,0.0002970099449157715,1,15
12,0.0002970099449157715,1,15
13,0.0002970099449157715,1,15
14,0.0002970099449157715,1,15
15,0.00046265125274658203,1,15
16,0.00046265125274658203,1,15
17,0.00046265125274658203,1,15
18,0.00046265125274658203,1,15
19,0.00046265125274658203,1,15
20,0.00046265125274658203,1,15
21,0.00046265125274658203,1,15
22,0.00046265125274658203,1,15
23,0.00046265125274658203,1,15
24,0.0005258917808532715,1,15
25,0.0007709264755249023,1,15
26,0.0007709264755249023,1,15
27,0.0007709264755249023,1,15
28,0.0007709264755249023,1,15
29,0.0010389089584350586,1,15
30,0.0010389089584350586,1,15
31,0.0010389089584350586,1,15
32,0.0010389089584350586,1,15
33,0.0010389089584350586,1,15
34,0.0010389089584350586,1,15
35,0.0012936592102050781,1,15
36,0.0012936592102050781,1,15
37,0.0012936592102050781,1,15
38,0.0012936592102050781,1,15
39,0.0012936592102050781,1,15
40,0.0012936592102050781,1,15
41,0.0012936592102050781,1,15
42,0.0012936592102050781,1,15
43,0.0012936592102050781,1,15
44,0.0012936592102050781,1,15
45,0.0012936592102050781,1,15
46,0.0012936592102050781,1,15
47,0.0012936592102050781,1,15
48,0.0012936592102050781,1,15
49,0.0012936592102050781,1,15
50,0.0012936592102050781,1,15
51,0.0012936592102050781,1,15
52,0.0012936592102050781,1,15
53,0.0012936592102050781,1,15
54,0.0012936592102050781,1,15
55,0.0012936592102050781,1,15
56,0.0012936592102050781,1,15
57,0.0012936592102050781,1,15
58,0.0012936592102050781,1,15
59,0.0012936592102050781,1,15
60,0.0012936592102050781,1,15
61,0.0012936592102050781,1,15
62,0.0012936592102050781,1,15
63,0.0012936592102050781,1,15
64,0.0012936592102050781,1,15
65,0.0012936592102050781,1,15
66,0.0012936592102050781,1,15
67,0.0012936592102050781,1,15
68,0.0012936592102050781,1,15
69,0.0012936592102050781,1,15
70,0.0012936592102050781,1,15
71,0.0012936592102050781,1,15
72,0.0012936592102050781,1,15
73,0.0012936592102050781,1,15
74,0.0012936592102050781,1,15
75,0.0012936592102050781,1,15
76,0.0012936592102050781,1,15
77,0.0012936592102050781,1,15
78,0.0012936592102050781,1,15
79,0.0012936592102050781,1,15
80,0.0012936592102050781,1,15
81,0.0012936592102050781,1,15
82,0.0012936592102050781,1,15
83,0.0012936592102050781,1,15
84,0.0012936592102050781,1,15
85,0.0012936592102050781,1,15
86,0.0012936592102050781,1,15
87,0.0012936592102050781,1,15
88,0.0012936592102050781,1,15
89,0.0012936592102050781,1,15
90,0.0012936592102050781,1,15
91,0.0012936592102050781,1,15
92,0.0012936592102050781,1,15
93,0.0012936592102050781,1,15
94,0.0012936592102050781,1,15
95,0.0012936592102050781,1,15
96,0.0012936592102050781,1,15
97,0.0012936592102050781,1,15
98,0.0012936592102050781,1,15
99,0.0012936592102050781,1,15
100,0.0012936592102050781,1,15
101,0.0012936592102050781,1,15
102,0.0012936592102050781,1,15
103,0.0012936592102050781,1,15
104,0.0012936592102050781,1,15
105,0.0012936592102050781,1,15
106,0.0012936592102050781,1,15
107,0.0012936592102050781,1,15
108,0.0012936592102050781,1,15
109,0.0012936592102050781,1,15
110,0.0012936592102050781,1,15
111,0.0012936592102050781,1,15
112,0.0012936592102050781,1,15
113,0.0012936592102050781,1,15
114,0.0012936592102050781,1,15
115,0.0012936592102050781,1,15
116,0.0012936592102050781,1,15
117,0.0012936592102050781,1,15
118,0.0012936592102050781,1,15
119,0.0012936592102050781,1,15
120,0.0012936592102050781,1,15
121,0.0012936592102050781,1,15
122,0.0012936592102050781,1,15
123,0.0012936592102050781,1,15
124,0.0012936592102050781,1,15
125,0.0012936592102050781,1,15
126,0.0012936592102050781,1,15
127,0.0012936592102050781,1,15
128,0.0012936592102050781,1,15
129,0.0012936592102050781,1,15
130,0.0012936592102050781,1,15
131,0.0012936592102050781,1,15
132,0.0012936592102050781,1,15
133,0.0012936592102050781,1,15
134,0.0012936592102050781,1,15
135,0.0012936592102050781,1,15
136,0.0012936592102050781,1,15
137,0.0012936592102050781,1,15
138,0.0012936592102050781,1,15
139,0.0012936592102050781,1,15
140,0.0012936592102050781,1,15
141,0.0012936592102050781,1,15
142,0.0012936592102050781,1,15
143,0.0012936592102050781,1,15
144,0.0012936592102050781,1,15
145,0.0012936592102050781,1,15
146,0.0012936592102050781,1,15
147,0.0012936592102050781,1,15
148,0.0012936592102050781,1,15
149,0.0012936592102050781,1,15
150,0.0012936592102050781,1,15
151,0.0012936592102050781,1,15
152,0.0012936592102050781,1,15
153,0.0012936592102050781,1,15
154,0.0012936592102050781,1,15
155,0.0012936592102050781,1,15
156,0.0012936592102050781,1,15
157,0.0012936592102050781,1,15
158,0.0012936592102050781,1,15
159,0.0012936592102050781,1,15
160,0.0012936592102050781,1,15
161,0.0012936592102050781,1,15
162,0.0012936592102050781,1,15
163,0.0012936592102050781,1,15
164,0.0012936592102050781,1,15
165,0.0012936592102050781,1,15
166,0.0012936592102050781,1,15
167,0.0012936592102050781,1,15
168,0.0012936592102050781,1,15
169,0.0012936592102050781,1,15
170,0.0012936592102050781,1,15
171,0.0012936592102050781,1,15
172,0.0012936592102050781,1,15
173,0.0012936592102050781,1,15
174,0.0012936592102050781,1,15
175,0.0012936592102050781,1,15
176,0.0012936592102050781,1,15
177,0.0012936592102050781,1,15
178,0.0012936592102050781,1,15
179,0.0012936592102050781,1,15
180,0.0012936592102050781,1,15
181,0.0012936592102050781,1,15
182,0.0012936592102050781,1,15
183,0.0012936592102050781,1,15
184,0.0012936592102050781,1,15
185,0.0012936592102050781,1,15
186,0.0012936592102050781,1,15
187,0.0012936592102050781,1,15
188,0.0012936592102050781,1,15
189,0.0012936592102050781,1,15
190,0.0012936592102050781,1,15
191,0.0012936592102050781,1,15
192,0.0012936592102050781,1,15
193,0.0012936592102050781,1,15
194,0.0012936592102050781,1,15
195,0.0012936592102050781,1,15
196,0.0012936592102050781,1,15
197,0.0012936592102050781,1,15
198,0.0012936592102050781,1,15
199,0.0012936592102050781,1,15
200,0.0012936592102050781,1,15
1,4.875659942626953e-05,1,16
2,5.841255187988281e-05,1,16
3,7.772445678710938e-05,1,16
4,0.00010180473327636719,1,16
5,0.0001952052116394043,1,16
6,0.0001952052116394043,1,16
7,0.00022715330123901367,1,16
8,0.00022715330123901367,1,16
9,0.00022715330123901367,1,16
10,0.00022715330123901367,1,16
11,0.00022715330123901367,1,16
12,0.00022715330123901367,1,16
13,0.0003045797348022461,1,16
14,0.0003122091293334961,1,16
15,0.0003122091293334961,1,16
16,0.0003122091293334961,1,16
17,0.0003122091293334961,1,16
18,0.0003122091293334961,1,16
19,0.0003122091293334961,1,16
20,0.0003122091293334961,1,16
21,0.0003122091293334961,1,16
22,0.0003122091293334961,1,16
23,0.0003122091293334961,1,16
24,0.0003122091293334961,1,16
25,0.0003402233123779297,1,16
26,0.0003402233123779297,1,16
27,0.0003402233123779297,1,16
28,0.0003402233123779297,1,16
29,0.0003402233123779297,1,16
30,0.0003402233123779297,1,16
31,0.0003402233123779297,1,16
32,0.0003402233123779297,1,16
33,0.0003402233123779297,1,16
34,0.0003402233123779297,1,16
35,0.0003402233123779297,1,16
36,0.00036907196044921875,1,16
37,0.00036907196044921875,1,16
38,0.00036907196044921875,1,16
39,0.00036907196044921875,1,16
40,0.00036907196044921875,1,16
41,0.00036907196044921875,1,16
42,0.00036907196044921875,1,16
43,0.00036907196044921875,1,16
44,0.00036907196044921875,1,16
45,0.00036907196044921875,1,16
46,0.00036907196044921875,1,16
47,0.00036907196044921875,1,16
48,0.00036907196044921875,1,16
49,0.00036907196044921875,1,16
50,0.00036907196044921875,1,16
51,0.00036907196044921875,1,16
52,0.00036907196044921875,1,16
53,0.00036907196044921875,1,16
54,0.00036907196044921875,1,16
55,0.00036907196044921875,1,16
56,0.00036907196044921875,1,16
57,0.00036907196044921875,1,16
58,0.00036907196044921875,1,16
59,0.00036907196044921875,1,16
60,0.00036907196044921875,1,16
61,0.00036907196044921875,1,16
62,0.00036907196044921875,1,16
63,0.00036907196044921875,1,16
64,0.00036907196044921875,1,16
65,0.00036907196044921875,1,16
66,0.00036907196044921875,1,16
67,0.00036907196044921875,1,16
68,0.00036907196044921875,1,16
69,0.00036907196044921875,1,16
70,0.00036907196044921875,1,16
71,0.00036907196044921875,1,16
72,0.00036907196044921875,1,16
73,0.00036907196044921875,1,16
74,0.00036907196044921875,1,16
75,0.00036907196044921875,1,16
76,0.00036907196044921875,1,16
77,0.00036907196044921875,1,16
78,0.00036907196044921875,1,16
79,0.00036907196044921875,1,16
80,0.00036907196044921875,1,16
81,0.00036907196044921875,1,16
82,0.00036907196044921875,1,16
83,0.00036907196044921875,1,16
84,0.00036907196044921875,1,16
85,0.00036907196044921875,1,16
86,0.00036907196044921875,1,16
87,0.00036907196044921875,1,16
88,0.00036907196044921875,1,16
89,0.00036907196044921875,1,16
90,0.00036907196044921875,1,16
91,0.00036907196044921875,1,16
92,0.00036907196044921875,1,16
93,0.00036907196044921875,1,16
94,0.00036907196044921875,1,16
95,0.00036907196044921875,1,16
96,0.00036907196044921875,1,16
97,0.00036907196044921875,1,16
98,0.00036907196044921875,1,16
99,0.00036907196044921875,1,16
100,0.00036907196044921875,1,16
101,0.00036907196044921875,1,16
102,0.00036907196044921875,1,16
103,0.00036907196044921875,1,16
104,0.00036907196044921875,1,16
105,0.00036907196044921875,1,16
106,0.00036907196044921875,1,16
107,0.00036907196044921875,1,16
108,0.00036907196044921875,1,16
109,0.00036907196044921875,1,16
110,0.00036907196044921875,1,16
111,0.00036907196044921875,1,16
112,0.00036907196044921875,1,16
113,0.00036907196044921875,1,16
114,0.00036907196044921875,1,16
115,0.00036907196044921875,1,16
116,0.00036907196044921875,1,16
117,0.00036907196044921875,1,16
118,0.00036907196044921875,1,16
119,0.00036907196044921875,1,16
120,0.00036907196044921875,1,16
121,0.00036907196044921875,1,16
122,0.00036907196044921875,1,16
123,0.00036907196044921875,1,16
124,0.00036907196044921875,1,16
125,0.00036907196044921875,1,16
126,0.00036907196044921875,1,16
127,0.00036907196044921875,1,16
128,0.00036907196044921875,1,16
129,0.00036907196044921875,1,16
130,0.00036907196044921875,1,16
131,0.00036907196044921875,1,16
132,0.00036907196044921875,1,16
133,0.00036907196044921875,1,16
134,0.00036907196044921875,1,16
135,0.00036907196044921875,1,16
136,0.00036907196044921875,1,16
137,0.00036907196044921875,1,16
138,0.00036907196044921875,1,16
139,0.00036907196044921875,1,16
140,0.00036907196044921875,1,16
141,0.00036907196044921875,1,16
142,0.00036907196044921875,1,16
143,0.00036907196044921875,1,16
144,0.00036907196044921875,1,16
145,0.00036907196044921875,1,16
146,0.00036907196044921875,1,16
147,0.00036907196044921875,1,16
148,0.00036907196044921875,1,16
149,0.00036907196044921875,1,16
150,0.00036907196044921875,1,16
151,0.00036907196044921875,1,16
152,0.00036907196044921875,1,16
153,0.00036907196044921875,1,16
154,0.00036907196044921875,1,16
155,0.00036907196044921875,1,16
156,0.00036907196044921875,1,16
157,0.00036907196044921875,1,16
158,0.00036907196044921875,1,16
159,0.00036907196044921875,1,16
160,0.00036907196044921875,1,16
161,0.00036907196044921875,1,16
162,0.00036907196044921875,1,16
163,0.00036907196044921875,1,16
164,0.00036907196044921875,1,16
165,0.00036907196044921875,1,16
166,0.00036907196044921875,1,16
167,0.00036907196044921875,1,16
168,0.00036907196044921875,1,16
169,0.00036907196044921875,1,16
170,0.00036907196044921875,1,16
171,0.00036907196044921875,1,16
172,0.00036907196044921875,1,16
173,0.00036907196044921875,1,16
174,0.00036907196044921875,1,16
175,0.00036907196044921875,1,16
176,0.00036907196044921875,1,16
177,0.00036907196044921875,1,16
178,0.00036907196044921875,1,16
179,0.00036907196044921875,1,16
180,0.00036907196044921875,1,16
181,0.00036907196044921875,1,16
182,0.00036907196044921875,1,16
183,0.00036907196044921875,1,16
184,0.00036907196044921875,1,16
185,0.00036907196044921875,1,16
186,0.00036907196044921875,1,16
187,0.00036907196044921875,1,16
188,0.00036907196044921875,1,16
189,0.00036907196044921875,1,16
190,0.00036907196044921875,1,16
191,0.00036907196044921875,1,16
192,0.00036907196044921875,1,16
193,0.00036907196044921875,1,16
194,0.00036907196044921875,1,16
195,0.00036907196044921875,1,16
196,0.00036907196044921875,1,16
197,0.00036907196044921875,1,16
198,0.00036907196044921875,1,16
199,0.00036907196044921875,1,16
200,0.00036907196044921875,1,16
1,0.00021439790725708008,1,17
2,0.00021439790725708008,1,17
3,0.00021439790725708008,1,17
4,0.0002804398536682129,1,17
5,0.0002804398536682129,1,17
6,0.0003172159194946289,1,17
7,0.00039142370223999023,1,17
8,0.0008919835090637207,1,17
9,0.0008919835090637207,1,17
10,0.0008919835090637207,1,17
11,0.0008919835090637207,1,17
12,0.0008919835090637207,1,17
13,0.0008919835090637207,1,17
14,0.0008919835090637207,1,17
15,0.0010917186737060547,1,17
16,0.0010917186737060547,1,17
17,0.0010917186737060547,1,17
18,0.0010917186737060547,1,17
19,0.0028325915336608887,1,17
20,0.0028325915336608887,1,17
21,0.0028325915336608887,1,17
22,0.0028325915336608887,1,17
23,0.0028325915336608887,1,17
24,0.0028325915336608887,1,17
25,0.0028325915336608887,1,17
26,0.0028325915336608887,1,17
27,0.0028325915336608887,1,17
28,0.0028325915336608887,1,17
29,0.0028325915336608887,1,17
30,0.0028325915336608887,1,17
31,0.0028325915336608887,1,17
32,0.0028325915336608887,1,17
33,0.0028325915336608887,1,17
34,0.0028325915336608887,1,17
35,0.0028325915336608887,1,17
36,0.0028325915336608887,1,17
37,0.0028325915336608887,1,17
38,0.0028325915336608887,1,17
39,0.0028325915336608887,1,17
40,0.0028325915336608887,1,17
41,0.0028325915336608887,1,17
42,0.0028325915336608887,1,17
43,0.0028325915336608887,1,17
44,0.0028325915336608887,1,17
45,0.0031256675720214844,1,17
46,0.0031256675720214844,1,17
47,0.0031256675720214844,1,17
48,0.0031256675720214844,1,17
49,0.0041179656982421875,1,17
50,0.0041179656982421875,1,17
51,0.0041179656982421875,1,17
52,0.0041179656982421875,1,17
53,0.0041179656982421875,1,17
54,0.0041179656982421875,1,17
55,0.0041179656982421875,1,17
56,0.0041179656982421875,1,17
57,0.0041179656982421875,1,17
58,0.0041179656982421875,1,17
59,0.0041179656982421875,1,17
60,0.0041179656982421875,1,17
61,0.0041179656982421875,1,17
62,0.0041179656982421875,1,17
63,0.0041179656982421875,1,17
64,0.0041179656982421875,1,17
65,0.0041179656982421875,1,17
66,0.0041179656982421875,1,17
67,0.0041179656982421875,1,17
68,0.0041179656982421875,1,17
69,0.0041179656982421875,1,17
70,0.0041179656982421875,1,17
71,0.0041179656982421875,1,17
72,0.0041179656982421875,1,17
73,0.0041179656982421875,1,17
74,0.0041179656982421875,1,17
75,0.0041179656982421875,1,17
76,0.0041179656982421875,1,17
77,0.0041179656982421875,1,17
78,0.0041179656982421875,1,17
79,0.0041179656982421875,1,17
80,0.0041179656982421875,1,17
81,0.0041179656982421875,1,17
82,0.0041179656982421875,1,17
83,0.0041179656982421875,1,17
84,0.0041179656982421875,1,17
85,0.0041179656982421875,1,17
86,0.0041179656982421875,1,17
87,0.0041179656982421875,1,17
88,0.0041179656982421875,1,17
89,0.0041179656982421875,1,17
90,0.0041179656982421875,1,17
91,0.0041179656982421875,1,17
92,0.049496233463287354,2,17
93,0.049496233463287354,2,17
94,0.049496233463287354,2,17
95,0.049496233463287354,2,17
96,0.049496233463287354,2,17
97,0.049496233463287354,2,17
98,0.049496233463287354,2,17
99,0.049496233463287354,2,17
100,0.049496233463287354,2,17
101,0.049496233463287354,2,17
102,0.049496233463287354,2,17
103,0.049496233463287354,2,17
104,0.049496233463287354,2,17
105,0.049496233463287354,2,17
106,0.049496233463287354,2,17
107,0.049496233463287354,2,17
108,0.16449934244155884,3,17
109,0.16449934244155884,3,17
110,0.16449934244155884,3,17
111,0.16449934244155884,3,17
112,0.16449934244155884,3,17
113,0.16449934244155884,3,17
114,0.16449934244155884,3,17
115,0.16449934244155884,3,17
116,0.2371516227722168,4,17
117,0.2371516227722168,4,17
118,0.3433307409286499,5,17
119,0.3232051730155945,4,17
120,0.3232051730155945,4,17
121,0.3232051730155945,4,17
122,0.4005480408668518,5,17
123,0.411604106426239,4,17
124,0.4022781252861023,3,17
125,0.4022781252861023,3,17
126,0.4022781252861023,3,17
127,0.4022781252861023,3,17
128,0.7317076623439789,5,17
129,0.7317076623439789,5,17
130,0.7317076623439789,5,17
131,0.7317076623439789,5,17
132,0.7317076623439789,5,17
133,0.7317076623439789,5,17
134,0.7317076623439789,5,17
135,0.7317076623439789,5,17
136,0.7976280152797699,6,17
137,0.7976280152797699,6,17
138,0.7976280152797699,6,17
139,0.9101574122905731,7,17
140,0.9101574122905731,7,17
141,0.9101574122905731,7,17
142,0.9101574122905731,7,17
143,0.9247801005840302,7,17
144,0.9247801005840302,7,17
145,0.9247801005840302,7,17
146,0.9247801005840302,7,17
147,0.9250042364001274,7,17
148,0.9250042364001274,7,17
149,0.9250042364001274,7,17
150,0.9250042364001274,7,17
151,0.9250042364001274,7,17
152,0.9250042364001274,7,17
153,0.8695155829191208,5,17
154,0.8695155829191208,5,17
155,0.8695155829191208,5,17
156,0.8695155829191208,5,17
157,0.8695155829191208,5,17
158,0.919510692358017,5,17
159,0.919510692358017,5,17
160,0.919510692358017,5,17
161,0.919510692358017,5,17
162,0.919510692358017,5,17
163,0.919510692358017,5,17
164,0.919510692358017,5,17
165,0.919510692358017,5,17
166,0.919510692358017,5,17
167,0.919510692358017,5,17
168,0.919510692358017,5,17
169,0.919510692358017,5,17
170,0.919510692358017,5,17
171,0.919510692358017,5,17
172,0.919510692358017,5,17
173,0.919510692358017,5,17
174,0.919510692358017,5,17
175,0.919510692358017,5,17
176,0.919510692358017,5,17
177,0.919510692358017,5,17
178,0.919510692358017,5,17
179,0.9656354486942291,6,17
180,0.9656354486942291,6,17
181,0.9656354486942291,6,17
182,0.9656354486942291,6,17
183,0.9656354486942291,6,17
184,0.9656354486942291,6,17
185,0.9656354486942291,6,17
186,0.9656354486942291,6,17
187,0.9656354486942291,6,17
188,0.9656354486942291,6,17
189,0.9656354486942291,6,17
190,0.9656354486942291,6,17
191,0.9656354486942291,6,17
192,0.9656354486942291,6,17
193,0.9656354486942291,6,17
194,0.9656354486942291,6,17
195,0.9656354486942291,6,17
196,0.9715784080326557,6,17
197,0.9715784080326557,6,17
198,0.9715784080326557,6,17
199,0.9715784080326557,6,17
200,0.9715784080326557,6,17
1,0.2744385004043579,5,18
2,0.17671746015548706,2,18
3,0.17671746015548706,2,18
4,0.17671746015548706,2,18
5,0.18481659889221191,2,18
6,0.5179661810398102,7,18
7,0.5179661810398102,7,18
8,0.5179661810398102,7,18
9,0.7089986503124237,8,18
10,0.7089986503124237,8,18
11,0.7089986503124237,8,18
12,0.7601181715726852,9,18
13,0.7771266847848892,8,18
14,0.9326499775052071,7,18
15,0.871370866894722,5,18
16,0.871370866894722,5,18
17,0.871370866894722,5,18
18,0.9829915761947632,7,18
19,0.9829915761947632,7,18
20,0.9829915761947632,7,18
21,0.9829915761947632,7,18
22,0.9829915761947632,7,18
23,0.9501833356916904,6,18
24,0.9501833356916904,6,18
25,0.9501833356916904,6,18
26,0.9442824609577656,5,18
27,0.9442824609577656,5,18
28,0.9442824609577656,5,18
29,0.9442824609577656,5,18
30,0.9442824609577656,5,18
31,0.9442824609577656,5,18
32,0.9442824609577656,5,18
33,0.9442824609577656,5,18
34,0.9442824609577656,5,18
35,0.9442824609577656,5,18
36,0.9442824609577656,5,18
37,0.9442824609577656,5,18
38,0.9442824609577656,5,18
39,0.9442824609577656,5,18
40,0.9442824609577656,5,18
41,0.9442824609577656,5,18
42,0.9442824609577656,5,18
43,0.9442824609577656,5,18
44,0.9442824609577656,5,18
45,0.9442824609577656,5,18
46,0.9442824609577656,5,18
47,0.9442824609577656,5,18
48,0.9442824609577656,5,18
49,0.9442824609577656,5,18
50,0.9442824609577656,5,18
51,0.9442824609577656,5,18
52,0.9442824609577656,5,18
53,0.9442824609577656,5,18
54,0.9442824609577656,5,18
55,0.9442824609577656,5,18
56,0.9442824609577656,5,18
57,0.9442824609577656,5,18
58,0.9442824609577656,5,18
59,0.9442824609577656,5,18
60,0.944858256727457,5,18
61,0.944858256727457,5,18
62,0.944858256727457,5,18
63,0.944858256727457,5,18
64,0.944858256727457,5,18
65,0.944858256727457,5,18
66,0.944858256727457,5,18
67,0.944858256727457,5,18
68,0.944858256727457,5,18
69,0.944858256727457,5,18
70,0.944858256727457,5,18
71,0.944858256727457,5,18
72,0.9591022990643978,5,18
73,0.9591022990643978,5,18
74,0.9591022990643978,5,18
75,0.9591022990643978,5,18
76,0.9591022990643978,5,18
77,0.9218036532402039,4,18
78,0.9218036532402039,4,18
79,0.9218036532402039,4,18
80,0.9218036532402039,4,18
81,0.9218036532402039,4,18
82,0.9218036532402039,4,18
83,0.9218036532402039,4,18
84,0.9218036532402039,4,18
85,0.9218036532402039,4,18
86,0.9218036532402039,4,18
87,0.9218036532402039,4,18
88,0.9218036532402039,4,18
89,0.9753546305000782,5,18
90,0.9753546305000782,5,18
91,0.9753546305000782,5,18
92,0.9753546305000782,5,18
93,0.9753546305000782,5,18
94,0.9753546305000782,5,18
95,0.9753546305000782,5,18
96,0.9753546305000782,5,18
97,0.9753546305000782,5,18
98,0.9753546305000782,5,18
99,0.9753546305000782,5,18
100,0.9753546305000782,5,18
101,0.9753546305000782,5,18
102,0.9753546305000782,5,18
103,0.9753546305000782,5,18
104,0.9753546305000782,5,18
105,0.9753546305000782,5,18
106,0.9753546305000782,5,18
107,0.9753546305000782,5,18
108,0.9753546305000782,5,18
109,0.9753546305000782,5,18
110,0.9753546305000782,5,18
111,0.9753546305000782,5,18
112,0.9753546305000782,5,18
113,0.9753546305000782,5,18
114,0.9753546305000782,5,18
115,0.9753546305000782,5,18
116,0.9753546305000782,5,18
117,0.9753546305000782,5,18
118,0.9753546305000782,5,18
119,0.9753546305000782,5,18
120,0.9753546305000782,5,18
121,0.9753546305000782,5,18
122,0.9753546305000782,5,18
123,0.9753546305000782,5,18
124,0.9753546305000782,5,18
125,0.9753546305000782,5,18
126,0.9753546305000782,5,18
127,0.9753546305000782,5,18
128,0.9753546305000782,5,18
129,0.9753546305000782,5,18
130,0.9753546305000782,5,18
131,0.9753546305000782,5,18
132,0.9753546305000782,5,18
133,0.9753546305000782,5,18
134,0.9753546305000782,5,18
135,0.9753546305000782,5,18
136,0.9753546305000782,5,18
137,0.9753546305000782,5,18
138,0.9753546305000782,5,18
139,0.9753546305000782,5,18
140,0.9753546305000782,5,18
141,0.9756717626005411,5,18
142,0.9756717626005411,5,18
143,0.9771813359111547,5,18
144,0.9771813359111547,5,18
145,0.9771813359111547,5,18
146,0.9771813359111547,5,18
147,0.9771813359111547,5,18
148,0.9771813359111547,5,18
149,0.9771813359111547,5,18
150,0.9771813359111547,5,18
151,0.9771813359111547,5,18
152,0.9771813359111547,5,18
153,0.9853456690907478,5,18
154,0.9853456690907478,5,18
155,0.9853456690907478,5,18
156,0.9853456690907478,5,18
157,0.9853456690907478,5,18
158,0.9853456690907478,5,18
159,0.9853456690907478,5,18
160,0.9853456690907478,5,18
161,0.9853456690907478,5,18
162,0.9853456690907478,5,18
163,0.9853456690907478,5,18
164,0.9853456690907478,5,18
165,0.9853456690907478,5,18
166,0.9853456690907478,5,18
167,0.9853456690907478,5,18
168,0.9853456690907478,5,18
169,0.9853456690907478,5,18
170,0.9853456690907478,5,18
171,0.9853456690907478,5,18
172,0.9853456690907478,5,18
173,0.9853456690907478,5,18
174,0.9853456690907478,5,18
175,0.9853456690907478,5,18
176,0.9853456690907478,5,18
177,0.9853456690907478,5,18
178,0.9853456690907478,5,18
179,0.9853456690907478,5,18
180,0.9853456690907478,5,18
181,0.9853456690907478,5,18
182,0.9853456690907478,5,18
183,0.9853456690907478,5,18
184,0.9853456690907478,5,18
185,0.9853456690907478,5,18
186,0.9853456690907478,5,18
187,0.9853456690907478,5,18
188,0.9853456690907478,5,18
189,0.9853456690907478,5,18
190,0.9853456690907478,5,18
191,0.9853456690907478,5,18
192,0.9853456690907478,5,18
193,0.9853456690907478,5,18
194,0.9853456690907478,5,18
195,0.9853456690907478,5,18
196,0.9853456690907478,5,18
197,0.9443980827927589,4,18
198,0.9503894038498402,4,18
199,0.9503894038498402,4,18
200,0.9503894038498402,4,18
1,0.015738964080810547,1,19
2,0.016221225261688232,1,19
3,0.016221225261688232,1,19
4,0.016221225261688232,1,19
5,0.016221225261688232,1,19
6,0.016221225261688232,1,19
7,0.03708738088607788,1,19
8,0.03708738088607788,1,19
9,0.03708738088607788,1,19
10,0.03708738088607788,1,19
11,0.03708738088607788,1,19
12,0.03708738088607788,1,19
13,0.03708738088607788,1,19
14,0.03708738088607788,1,19
15,0.038353145122528076,1,19
16,0.038353145122528076,1,19
17,0.038353145122528076,1,19
18,0.038353145122528076,1,19
19,0.04984968900680542,1,19
20,0.04984968900680542,1,19
21,0.04984968900680542,1,19
22,0.04984968900680542,1,19
23,0.04984968900680542,1,19
24,0.04984968900680542,1,19
25,0.04984968900680542,1,19
26,0.04984968900680542,1,19
27,0.04984968900680542,1,19
28,0.04984968900680542,1,19
29,0.04984968900680542,1,19
30,0.04984968900680542,1,19
31,0.04984968900680542,1,19
32,0.04984968900680542,1,19
33,0.04984968900680542,1,19
34,0.04984968900680542,1,19
35,0.04984968900680542,1,19
36,0.04984968900680542,1,19
37,0.04984968900680542,1,19
38,0.04984968900680542,1,19
39,0.04984968900680542,1,19
40,0.04984968900680542,1,19
41,0.04984968900680542,1,19
42,0.04984968900680542,1,19
43,0.04984968900680542,1,19
44,0.04984968900680542,1,19
45,0.04984968900680542,1,19
46,0.04984968900680542,1,19
47,0.04984968900680542,1,19
48,0.06729882955551147,1,19
49,0.06729882955551147,1,19
50,0.06729882955551147,1,19
51,0.06729882955551147,1,19
52,0.06729882955551147,1,19
53,0.06729882955551147,1,19
54,0.06729882955551147,1,19
55,0.06729882955551147,1,19
56,0.06729882955551147,1,19
57,0.07369929552078247,1,19
58,0.07369929552078247,1,19
59,0.07369929552078247,1,19
60,0.07369929552078247,1,19
61,0.07369929552078247,1,19
62,0.07369929552078247,1,19
63,0.07369929552078247,1,19
64,0.07369929552078247,1,19
65,0.07369929552078247,1,19
66,0.07369929552078247,1,19
67,0.07369929552078247,1,19
68,0.07369929552078247,1,19
69,0.07369929552078247,1,19
70,0.07369929552078247,1,19
71,0.07369929552078247,1,19
72,0.07369929552078247,1,19
73,0.07369929552078247,1,19
74,0.07369929552078247,1,19
75,0.07369929552078247,1,19
76,0.07369929552078247,1,19
77,0.07369929552078247,1,19
78,0.07369929552078247,1,19
79,0.07369929552078247,1,19
80,0.07369929552078247,1,19
81,0.07369929552078247,1,19
82,0.07369929552078247,1,19
83,0.07369929552078247,1,19
84,0.07369929552078247,1,19
85,0.07369929552078247,1,19
86,0.07369929552078247,1,19
87,0.07369929552078247,1,19
88,0.07369929552078247,1,19
89,0.07369929552078247,1,19
90,0.07369929552078247,1,19
91,0.07369929552078247,1,19
92,0.07369929552078247,1,19
93,0.07369929552078247,1,19
94,0.13952666521072388,2,19
95,0.24290364980697632,2,19
96,0.24290364980697632,2,19
97,0.24290364980697632,2,19
98,0.24290364980697632,2,19
99,0.24290364980697632,2,19
100,0.24290364980697632,2,19
101,0.24290364980697632,2,19
102,0.24290364980697632,2,19
103,0.24290364980697632,2,19
104,0.28160572052001953,2,19
105,0.28160572052001953,2,19
106,0.28160572052001953,2,19
107,0.45048612356185913,4,19
108,0.45048612356185913,4,19
109,0.45048612356185913,4,19
110,0.45048612356185913,4,19
111,0.45048612356185913,4,19
112,0.45469844341278076,3,19
113,0.5259286165237427,3,19
114,0.5259286165237427,3,19
115,0.5259286165237427,3,19
116,0.5259286165237427,3,19
117,0.6924127638339996,6,19
118,0.6924127638339996,6,19
119,0.6924127638339996,6,19
120,0.5621481835842133,3,19
121,0.6124666929244995,4,19
122,0.6124666929244995,4,19
123,0.6124666929244995,4,19
124,0.8085723966360092,4,19
125,0.8085723966360092,4,19
126,0.8085723966360092,4,19
127,0.8085723966360092,4,19
128,0.8085723966360092,4,19
129,0.8085723966360092,4,19
130,0.8279755562543869,4,19
131,0.8279755562543869,4,19
132,0.8279755562543869,4,19
133,0.8279755562543869,4,19
134,0.8279755562543869,4,19
135,0.8279755562543869,4,19
136,0.8279755562543869,4,19
137,0.8279755562543869,4,19
138,0.8279755562543869,4,19
139,0.8279755562543869,4,19
140,0.8279755562543869,4,19
141,0.8279755562543869,4,19
142,0.8279755562543869,4,19
143,0.8279755562543869,4,19
144,0.8279755562543869,4,19
145,0.8884813115000725,5,19
146,0.8884813115000725,5,19
147,0.8884813115000725,5,19
148,0.9158543199300766,5,19
149,0.9158543199300766,5,19
150,0.9158543199300766,5,19
151,0.9158543199300766,5,19
152,0.9158543199300766,5,19
153,0.9158543199300766,5,19
154,0.9158543199300766,5,19
155,0.9158543199300766,5,19
156,0.9158543199300766,5,19
157,0.9158543199300766,5,19
158,0.9158543199300766,5,19
159,0.9158543199300766,5,19
160,0.9158543199300766,5,19
161,0.9158543199300766,5,19
162,0.9158543199300766,5,19
163,0.9158543199300766,5,19
164,0.9158543199300766,5,19
165,0.9158543199300766,5,19
166,0.9158543199300766,5,19
167,0.9158543199300766,5,19
168,0.9158543199300766,5,19
169,0.9158543199300766,5,19
170,0.9158543199300766,5,19
171,0.9158543199300766,5,19
172,0.9158543199300766,5,19
173,0.9158543199300766,5,19
174,0.9158543199300766,5,19
175,0.9158543199300766,5,19
176,0.9158543199300766,5,19
177,0.9158543199300766,5,19
178,0.9158543199300766,5,19
179,0.9158543199300766,5,19
180,0.9158543199300766,5,19
181,0.9158543199300766,5,19
182,0.9158543199300766,5,19
183,0.9158543199300766,5,19
184,0.9158543199300766,5,19
185,0.9158543199300766,5,19
186,0.9158543199300766,5,19
187,0.9158543199300766,5,19
188,0.9158543199300766,5,19
189,0.9158543199300766,5,19
190,0.9158543199300766,5,19
191,0.9158543199300766,5,19
192,0.9158543199300766,5,19
193,0.9158543199300766,5,19
194,0.9158543199300766,5,19
195,0.9158543199300766,5,19
196,0.9158543199300766,5,19
197,0.9158543199300766,5,19
198,0.9158543199300766,5,19
199,0.9158543199300766,5,19
200,0.9158543199300766,5,19
1,2.0384788513183594e-05,1,20
2,2.0384788513183594e-05,1,20
3,2.2292137145996094e-05,1,20
4,2.2292137145996094e-05,1,20
5,2.586841583251953e-05,1,20
6,4.172325134277344e-05,1,20
7,4.172325134277344e-05,1,20
8,4.4226646423339844e-05,1,20
9,5.5789947509765625e-05,1,20
10,5.5789947509765625e-05,1,20
11,5.5789947509765625e-05,1,20
12,5.5789947509765625e-05,1,20
13,6.079673767089844e-05,1,20
14,6.079673767089844e-05,1,20
15,6.079673767089844e-05,1,20
16,6.079673767089844e-05,1,20
17,6.079673767089844e-05,1,20
18,6.079673767089844e-05,1,20
19,6.079673767089844e-05,1,20
20,6.079673767089844e-05,1,20
21,6.079673767089844e-05,1,20
22,6.079673767089844e-05,1,20
23,6.389617919921875e-05,1,20
24,6.723403930664062e-05,1,20
25,6.723403930664062e-05,1,20
26,6.723403930664062e-05,1,20
27,6.723403930664062e-05,1,20
28,6.723403930664062e-05,1,20
29,6.723403930664062e-05,1,20
30,6.723403930664062e-05,1,20
31,6.723403930664062e-05,1,20
32,6.723403930664062e-05,1,20
33,6.723403930664062e-05,1,20
34,6.723403930664062e-05,1,20
35,6.723403930664062e-05,1,20
36,6.723403930664062e-05,1,20
37,6.723403930664062e-05,1,20
38,6.723403930664062e-05,1,20
39,6.723403930664062e-05,1,20
40,6.723403930664062e-05,1,20
41,6.723403930664062e-05,1,20
42,6.723403930664062e-05,1,20
43,6.723403930664062e-05,1,20
44,6.723403930664062e-05,1,20
45,6.723403930664062e-05,1,20
46,6.723403930664062e-05,1,20
47,6.723403930664062e-05,1,20
48,6.723403930664062e-05,1,20
49,6.723403930664062e-05,1,20
50,6.723403930664062e-05,1,20
51,6.723403930664062e-05,1,20
52,6.723403930664062e-05,1,20
53,6.723403930664062e-05,1,20
54,6.723403930664062e-05,1,20
55,6.723403930664062e-05,1,20
56,6.723403930664062e-05,1,20
57,6.723403930664062e-05,1,20
58,6.723403930664062e-05,1,20
59,6.723403930664062e-05,1,20
60,6.723403930664062e-05,1,20
61,6.723403930664062e-05,1,20
62,6.723403930664062e-05,1,20
63,6.723403930664062e-05,1,20
64,6.723403930664062e-05,1,20
65,6.723403930664062e-05,1,20
66,6.723403930664062e-05,1,20
67,6.723403930664062e-05,1,20
68,6.723403930664062e-05,1,20
69,6.723403930664062e-05,1,20
70,6.723403930664062e-05,1,20
71,6.723403930664062e-05,1,20
72,6.723403930664062e-05,1,20
73,6.723403930664062e-05,1,20
74,6.723403930664062e-05,1,20
75,6.723403930664062e-05,1,20
76,6.723403930664062e-05,1,20
77,6.723403930664062e-05,1,20
78,6.723403930664062e-05,1,20
79,6.723403930664062e-05,1,20
80,6.723403930664062e-05,1,20
81,6.723403930664062e-05,1,20
82,6.723403930664062e-05,1,20
83,6.723403930664062e-05,1,20
84,6.723403930664062e-05,1,20
85,6.723403930664062e-05,1,20
86,6.723403930664062e-05,1,20
87,6.723403930664062e-05,1,20
88,6.723403930664062e-05,1,20
89,6.723403930664062e-05,1,20
90,6.723403930664062e-05,1,20
91,6.723403930664062e-05,1,20
92,6.723403930664062e-05,1,20
93,6.723403930664062e-05,1,20
94,6.723403930664062e-05,1,20
95,6.723403930664062e-05,1,20
96,6.723403930664062e-05,1,20
97,6.723403930664062e-05,1,20
98,6.723403930664062e-05,1,20
99,6.723403930664062e-05,1,20
100,6.723403930664062e-05,1,20
101,6.723403930664062e-05,1,20
102,6.723403930664062e-05,1,20
103,6.723403930664062e-05,1,20
104,6.723403930664062e-05,1,20
105,6.723403930664062e-05,1,20
106,6.723403930664062e-05,1,20
107,6.723403930664062e-05,1,20
108,6.723403930664062e-05,1,20
109,6.723403930664062e-05,1,20
110,6.723403930664062e-05,1,20
111,6.723403930664062e-05,1,20
112,6.723403930664062e-05,1,20
113,6.723403930664062e-05,1,20
114,6.723403930664062e-05,1,20
115,6.723403930664062e-05,1,20
116,6.723403930664062e-05,1,20
117,6.723403930664062e-05,1,20
118,6.723403930664062e-05,1,20
119,6.723403930664062e-05,1,20
120,6.723403930664062e-05,1,20
121,6.723403930664062e-05,1,20
122,6.723403930664062e-05,1,20
123,6.723403930664062e-05,1,20
124,6.723403930664062e-05,1,20
125,6.723403930664062e-05,1,20
126,6.723403930664062e-05,1,20
127,6.723403930664062e-05,1,20
128,6.723403930664062e-05,1,20
129,6.723403930664062e-05,1,20
130,6.723403930664062e-05,1,20
131,6.723403930664062e-05,1,20
132,6.723403930664062e-05,1,20
133,6.723403930664062e-05,1,20
134,6.723403930664062e-05,1,20
135,6.723403930664062e-05,1,20
136,6.723403930664062e-05,1,20
137,6.723403930664062e-05,1,20
138,6.723403930664062e-05,1,20
139,6.723403930664062e-05,1,20
140,6.723403930664062e-05,1,20
141,6.723403930664062e-05,1,20
142,6.723403930664062e-05,1,20
143,6.723403930664062e-05,1,20
144,6.723403930664062e-05,1,20
145,6.723403930664062e-05,1,20
146,6.723403930664062e-05,1,20
147,6.723403930664062e-05,1,20
148,6.723403930664062e-05,1,20
149,6.723403930664062e-05,1,20
150,6.723403930664062e-05,1,20
151,6.723403930664062e-05,1,20
152,6.723403930664062e-05,1,20
153,6.723403930664062e-05,1,20
154,6.723403930664062e-05,1,20
155,6.723403930664062e-05,1,20
156,6.723403930664062e-05,1,20
157,6.723403930664062e-05,1,20
158,6.723403930664062e-05,1,20
159,6.723403930664062e-05,1,20
160,6.723403930664062e-05,1,20
161,6.723403930664062e-05,1,20
162,6.723403930664062e-05,1,20
163,6.723403930664062e-05,1,20
164,6.723403930664062e-05,1,20
165,6.723403930664062e-05,1,20
166,6.723403930664062e-05,1,20
167,6.723403930664062e-05,1,20
168,6.723403930664062e-05,1,20
169,6.723403930664062e-05,1,20
170,6.723403930664062e-05,1,20
171,6.723403930664062e-05,1,20
172,6.723403930664062e-05,1,20
173,6.723403930664062e-05,1,20
174,6.723403930664062e-05,1,20
175,6.723403930664062e-05,1,20
176,6.723403930664062e-05,1,20
177,6.723403930664062e-05,1,20
178,6.723403930664062e-05,1,20
179,6.723403930664062e-05,1,20
180,6.723403930664062e-05,1,20
181,6.723403930664062e-05,1,20
182,6.723403930664062e-05,1,20
183,6.723403930664062e-05,1,20
184,6.723403930664062e-05,1,20
185,6.723403930664062e-05,1,20
186,6.723403930664062e-05,1,20
187,6.723403930664062e-05,1,20
188,6.723403930664062e-05,1,20
189,6.723403930664062e-05,1,20
190,6.723403930664062e-05,1,20
191,6.723403930664062e-05,1,20
192,6.723403930664062e-05,1,20
193,6.723403930664062e-05,1,20
194,6.723403930664062e-05,1,20
195,6.723403930664062e-05,1,20
196,6.723403930664062e-05,1,20
197,6.723403930664062e-05,1,20
198,6.723403930664062e-05,1,20
199,6.723403930664062e-05,1,20
200,6.723403930664062e-05,1,20
1,2.181529998779297e-05,1,21
2,2.205371856689453e-05,1,21
3,2.205371856689453e-05,1,21
4,2.3603439331054688e-05,1,21
5,2.5272369384765625e-05,1,21
6,2.6941299438476562e-05,1,21
7,2.956390380859375e-05,1,21
8,3.3974647521972656e-05,1,21
9,3.3974647521972656e-05,1,21
10,3.421306610107422e-05,1,21
11,4.017353057861328e-05,1,21
12,4.112720489501953e-05,1,21
13,4.220008850097656e-05,1,21
14,4.589557647705078e-05,1,21
15,4.684925079345703e-05,1,21
16,4.684925079345703e-05,1,21
17,4.684925079345703e-05,1,21
18,4.9233436584472656e-05,1,21
19,4.9233436584472656e-05,1,21
20,4.9233436584472656e-05,1,21
21,5.1856040954589844e-05,1,21
22,5.1856040954589844e-05,1,21
23,5.1856040954589844e-05,1,21
24,5.1856040954589844e-05,1,21
25,5.1856040954589844e-05,1,21
26,5.1856040954589844e-05,1,21
27,5.1856040954589844e-05,1,21
28,5.1856040954589844e-05,1,21
29,5.1856040954589844e-05,1,21
30,5.1856040954589844e-05,1,21
31,5.1856040954589844e-05,1,21
32,5.1856040954589844e-05,1,21
33,5.1856040954589844e-05,1,21
34,5.1856040954589844e-05,1,21
35,5.1856040954589844e-05,1,21
36,5.1856040954589844e-05,1,21
37,5.1856040954589844e-05,1,21
38,5.1856040954589844e-05,1,21
39,5.1856040954589844e-05,1,21
40,5.1856040954589844e-05,1,21
41,5.1856040954589844e-05,1,21
42,5.1856040954589844e-05,1,21
43,5.1856040954589844e-05,1,21
44,5.1856040954589844e-05,1,21
45,5.1856040954589844e-05,1,21
46,5.1856040954589844e-05,1,21
47,5.1856040954589844e-05,1,21
48,5.1856040954589844e-05,1,21
49,5.1856040954589844e-05,1,21
50,5.1856040954589844e-05,1,21
51,5.1856040954589844e-05,1,21
52,5.1856040954589844e-05,1,21
53,5.1856040954589844e-05,1,21
54,5.1856040954589844e-05,1,21
55,5.1856040954589844e-05,1,21
56,5.1856040954589844e-05,1,21
57,5.1856040954589844e-05,1,21
58,5.1856040954589844e-05,1,21
59,5.1856040954589844e-05,1,21
60,5.1856040954589844e-05,1,21
61,5.1856040954589844e-05,1,21
62,5.1856040954589844e-05,1,21
63,5.1856040954589844e-05,1,21
64,5.1856040954589844e-05,1,21
65,5.1856040954589844e-05,1,21
66,5.1856040954589844e-05,1,21
67,5.1856040954589844e-05,1,21
68,5.1856040954589844e-05,1,21
69,5.1856040954589844e-05,1,21
70,5.1856040954589844e-05,1,21
71,5.1856040954589844e-05,1,21
72,5.1856040954589844e-05,1,21
73,5.1856040954589844e-05,1,21
74,5.1856040954589844e-05,1,21
75,5.1856040954589844e-05,1,21
76,5.1856040954589844e-05,1,21
77,5.1856040954589844e-05,1,21
78,5.1856040954589844e-05,1,21
79,5.1856040954589844e-05,1,21
80,5.1856040954589844e-05,1,21
81,5.1856040954589844e-05,1,21
82,5.1856040954589844e-05,1,21
83,5.1856040954589844e-05,1,21
84,5.1856040954589844e-05,1,21
85,5.1856040954589844e-05,1,21
86,5.1856040954589844e-05,1,21
87,5.1856040954589844e-05,1,21
88,5.1856040954589844e-05,1,21
89,5.1856040954589844e-05,1,21
90,5.1856040954589844e-05,1,21
91,5.1856040954589844e-05,1,21
92,5.1856040954589844e-05,1,21
93,5.1856040954589844e-05,1,21
94,5.1856040954589844e-05,1,21
95,5.1856040954589844e-05,1,21
96,5.1856040954589844e-05,1,21
97,5.1856040954589844e-05,1,21
98,5.1856040954589844e-05,1,21
99,5.1856040954589844e-05,1,21
100,5.1856040954589844e-05,1,21
101,5.1856040954589844e-05,1,21
102,5.1856040954589844e-05,1,21
103,5.1856040954589844e-05,1,21
104,5.1856040954589844e-05,1,21
105,5.1856040954589844e-05,1,21
106,5.1856040954589844e-05,1,21
107,5.1856040954589844e-05,1,21
108,5.1856040954589844e-05,1,21
109,5.1856040954589844e-05,1,21
110,5.1856040954589844e-05,1,21
111,5.1856040954589844e-05,1,21
112,5.1856040954589844e-05,1,21
113,5.1856040954589844e-05,1,21
114,5.1856040954589844e-05,1,21
115,5.1856040954589844e-05,1,21
116,5.1856040954589844e-05,1,21
117,5.1856040954589844e-05,1,21
118,5.1856040954589844e-05,1,21
119,5.1856040954589844e-05,1,21
120,5.1856040954589844e-05,1,21
121,5.1856040954589844e-05,1,21
122,5.1856040954589844e-05,1,21
123,5.1856040954589844e-05,1,21
124,5.1856040954589844e-05,1,21
125,5.1856040954589844e-05,1,21
126,5.1856040954589844e-05,1,21
127,5.1856040954589844e-05,1,21
128,5.1856040954589844e-05,1,21
129,5.1856040954589844e-05,1,21
130,5.1856040954589844e-05,1,21
131,5.1856040954589844e-05,1,21
132,5.1856040954589844e-05,1,21
133,5.1856040954589844e-05,1,21
134,5.1856040954589844e-05,1,21
135,5.1856040954589844e-05,1,21
136,5.1856040954589844e-05,1,21
137,5.1856040954589844e-05,1,21
138,5.1856040954589844e-05,1,21
139,5.1856040954589844e-05,1,21
140,5.1856040954589844e-05,1,21
141,5.1856040954589844e-05,1,21
142,5.1856040954589844e-05,1,21
143,5.1856040954589844e-05,1,21
144,5.1856040954589844e-05,1,21
145,5.1856040954589844e-05,1,21
146,5.1856040954589844e-05,1,21
147,5.1856040954589844e-05,1,21
148,5.1856040954589844e-05,1,21
149,5.1856040954589844e-05,1,21
150,5.1856040954589844e-05,1,21
151,5.1856040954589844e-05,1,21
152,5.1856040954589844e-05,1,21
153,5.1856040954589844e-05,1,21
154,5.1856040954589844e-05,1,21
155,5.1856040954589844e-05,1,21
156,5.1856040954589844e-05,1,21
157,5.1856040954589844e-05,1,21
158,5.1856040954589844e-05,1,21
159,5.1856040954589844e-05,1,21
160,5.1856040954589844e-05,1,21
161,5.1856040954589844e-05,1,21
162,5.1856040954589844e-05,1,21
163,5.1856040954589844e-05,1,21
164,5.1856040954589844e-05,1,21
165,5.1856040954589844e-05,1,21
166,5.1856040954589844e-05,1,21
167,5.1856040954589844e-05,1,21
168,5.1856040954589844e-05,1,21
169,5.1856040954589844e-05,1,21
170,5.1856040954589844e-05,1,21
171,5.1856040954589844e-05,1,21
172,5.1856040954589844e-05,1,21
173,5.1856040954589844e-05,1,21
174,5.1856040954589844e-05,1,21
175,5.1856040954589844e-05,1,21
176,5.1856040954589844e-05,1,21
177,5.1856040954589844e-05,1,21
178,5.1856040954589844e-05,1,21
179,5.1856040954589844e-05,1,21
180,5.1856040954589844e-05,1,21
181,5.1856040954589844e-05,1,21
182,5.1856040954589844e-05,1,21
183,5.1856040954589844e-05,1,21
184,5.1856040954589844e-05,1,21
185,5.1856040954589844e-05,1,21
186,5.1856040954589844e-05,1,21
187,5.1856040954589844e-05,1,21
188,5.1856040954589844e-05,1,21
189,5.1856040954589844e-05,1,21
190,5.1856040954589844e-05,1,21
191,5.1856040954589844e-05,1,21
192,5.1856040954589844e-05,1,21
193,5.1856040954589844e-05,1,21
194,5.1856040954589844e-05,1,21
195,5.1856040954589844e-05,1,21
196,5.1856040954589844e-05,1,21
197,5.1856040954589844e-05,1,21
198,5.1856040954589844e-05,1,21
199,5.1856040954589844e-05,1,21
200,5.1856040954589844e-05,1,21
1,0.004990100860595703,1,22
2,0.005185544490814209,1,22
3,0.005185544490814209,1,22
4,0.005365848541259766,1,22
5,0.005365848541259766,1,22
6,0.00610959529876709,1,22
7,0.00610959529876709,1,22
8,0.008919775485992432,1,22
9,0.022546887397766113,1,22
10,0.022546887397766113,1,22
11,0.033848345279693604,1,22
12,0.033848345279693604,1,22
13,0.033848345279693604,1,22
14,0.033848345279693604,1,22
15,0.033848345279693604,1,22
16,0.10234636068344116,2,22
17,0.10234636068344116,2,22
18,0.10234636068344116,2,22
19,0.10234636068344116,2,22
20,0.10234636068344116,2,22
21,0.10234636068344116,2,22
22,0.10234636068344116,2,22
23,0.10234636068344116,2,22
24,0.10234636068344116,2,22
25,0.10234636068344116,2,22
26,0.10234636068344116,2,22
27,0.10234636068344116,2,22
28,0.10234636068344116,2,22
29,0.10234636068344116,2,22
30,0.10234636068344116,2,22
31,0.10234636068344116,2,22
32,0.10234636068344116,2,22
33,0.10234636068344116,2,22
34,0.10234636068344116,2,22
35,0.15453952550888062,2,22
36,0.25811100006103516,4,22
37,0.25811100006103516,4,22
38,0.25811100006103516,4,22
39,0.25811100006103516,4,22
40,0.25811100006103516,4,22
41,0.25811100006103516,4,22
42,0.28362220525741577,4,22
43,0.28362220525741577,4,22
44,0.28362220525741577,4,22
45,0.2814021706581116,3,22
46,0.2814021706581116,3,22
47,0.2814021706581116,3,22
48,0.35429614782333374,3,22
49,0.35429614782333374,3,22
50,0.35429614782333374,3,22
51,0.5404611229896545,5,22
52,0.5404611229896545,5,22
53,0.5404611229896545,5,22
54,0.5404611229896545,5,22
55,0.5735839307308197,4,22
56,0.5796063244342804,4,22
57,0.7088954448699951,4,22
58,0.7088954448699951,4,22
59,0.7592036575078964,5,22
60,0.7677959203720093,5,22
61,0.7677959203720093,5,22
62,0.8201824128627777,5,22
63,0.8986249342560768,5,22
64,0.8986249342560768,5,22
65,0.8986249342560768,5,22
66,0.8986249342560768,5,22
67,0.8986249342560768,5,22
68,0.8986249342560768,5,22
69,0.8986249342560768,5,22
70,0.8986249342560768,5,22
71,0.8986249342560768,5,22
72,0.960947435349226,6,22
73,0.878042995929718,4,22
74,0.878042995929718,4,22
75,0.878042995929718,4,22
76,0.878042995929718,4,22
77,0.937580730766058,5,22
78,0.937580730766058,5,22
79,0.937580730766058,5,22
80,0.937580730766058,5,22
81,0.937580730766058,5,22
82,0.937580730766058,5,22
83,0.937580730766058,5,22
84,0.937580730766058,5,22
85,0.937580730766058,5,22
86,0.937580730766058,5,22
87,0.937580730766058,5,22
88,0.937580730766058,5,22
89,0.937580730766058,5,22
90,0.937580730766058,5,22
91,0.9910960802808404,6,22
92,0.9910960802808404,6,22
93,0.9910960802808404,6,22
94,0.9910960802808404,6,22
95,0.9910960802808404,6,22
96,0.9548675194382668,5,22
97,0.9548675194382668,5,22
98,0.9548675194382668,5,22
99,0.9548675194382668,5,22
100,0.9548675194382668,5,22
101,0.9548675194382668,5,22
102,0.9548675194382668,5,22
103,0.9548675194382668,5,22
104,0.9548675194382668,5,22
105,0.9548675194382668,5,22
106,0.9548675194382668,5,22
107,0.9548675194382668,5,22
108,0.9548675194382668,5,22
109,0.9548675194382668,5,22
110,0.9548675194382668,5,22
111,0.9548675194382668,5,22
112,0.9548675194382668,5,22
113,0.9548675194382668,5,22
114,0.9548675194382668,5,22
115,0.9548675194382668,5,22
116,0.9548675194382668,5,22
117,0.9548675194382668,5,22
118,0.9548675194382668,5,22
119,0.9548675194382668,5,22
120,0.9548675194382668,5,22
121,0.9548675194382668,5,22
122,0.9548675194382668,5,22
123,0.9548675194382668,5,22
124,0.9548675194382668,5,22
125,0.9548675194382668,5,22
126,0.9548675194382668,5,22
127,0.9548675194382668,5,22
128,0.9548675194382668,5,22
129,0.9548675194382668,5,22
130,0.9548675194382668,5,22
131,0.9548675194382668,5,22
132,0.9548675194382668,5,22
133,0.9548675194382668,5,22
134,0.9548675194382668,5,22
135,0.9548675194382668,5,22
136,0.9548675194382668,5,22
137,0.9548675194382668,5,22
138,0.9548675194382668,5,22
139,0.9595986567437649,5,22
140,0.9595986567437649,5,22
141,0.9595986567437649,5,22
142,0.9595986567437649,5,22
143,0.9595986567437649,5,22
144,0.9595986567437649,5,22
145,0.9595986567437649,5,22
146,0.9595986567437649,5,22
147,0.9595986567437649,5,22
148,0.9595986567437649,5,22
149,0.9595986567437649,5,22
150,0.9595986567437649,5,22
151,0.9595986567437649,5,22
152,0.9707156848162413,5,22
153,0.9707156848162413,5,22
154,0.9707156848162413,5,22
155,0.9707156848162413,5,22
156,0.9707156848162413,5,22
157,0.9707156848162413,5,22
158,0.9707156848162413,5,22
159,0.9707156848162413,5,22
160,0.9707156848162413,5,22
161,0.9707156848162413,5,22
162,0.9707156848162413,5,22
163,0.9707156848162413,5,22
164,0.9707156848162413,5,22
165,0.9892895491793752,5,22
166,0.9892895491793752,5,22
167,0.9892895491793752,5,22
168,0.9892895491793752,5,22
169,0.9892895491793752,5,22
170,0.9892895491793752,5,22
171,0.9892895491793752,5,22
172,0.9892895491793752,5,22
173,0.9892895491793752,5,22
174,0.9892895491793752,5,22
175,0.9892895491793752,5,22
176,0.9892895491793752,5,22
177,0.9892895491793752,5,22
178,0.9892895491793752,5,22
179,0.9892895491793752,5,22
180,0.9892895491793752,5,22
181,0.9892895491793752,5,22
182,0.9892895491793752,5,22
183,0.9892895491793752,5,22
184,0.9892895491793752,5,22
185,0.9892895491793752,5,22
186,0.9892895491793752,5,22
187,0.9892895491793752,5,22
188,0.9892895491793752,5,22
189,0.9892895491793752,5,22
190,0.9892895491793752,5,22
191,0.9892895491793752,5,22
192,0.9892895491793752,5,22
193,0.9892895491793752,5,22
194,0.9892895491793752,5,22
195,0.9892895491793752,5,22
196,0.9892895491793752,5,22
197,0.9892895491793752,5,22
198,0.9892895491793752,5,22
199,0.9892895491793752,5,22
200,0.9892895491793752,5,22
1,0.00016760826110839844,1,23
2,0.00016760826110839844,1,23
3,0.00016760826110839844,1,23
4,0.00017601251602172852,1,23
5,0.00017601251602172852,1,23
6,0.00019985437393188477,1,23
7,0.00019985437393188477,1,23
8,0.00019985437393188477,1,23
9,0.00019985437393188477,1,23
10,0.00019985437393188477,1,23
11,0.00019985437393188477,1,23
12,0.00019985437393188477,1,23
13,0.0003044605255126953,1,23
14,0.0003044605255126953,1,23
15,0.0003044605255126953,1,23
16,0.0003044605255126953,1,23
17,0.0003044605255126953,1,23
18,0.0003573894500732422,1,23
19,0.0003573894500732422,1,23
20,0.0003573894500732422,1,23
21,0.0003573894500732422,1,23
22,0.0003573894500732422,1,23
23,0.0003573894500732422,1,23
24,0.0004894733428955078,1,23
25,0.0004894733428955078,1,23
26,0.0004894733428955078,1,23
27,0.0004894733428955078,1,23
28,0.0004894733428955078,1,23
29,0.0004894733428955078,1,23
30,0.0004894733428955078,1,23
31,0.0004894733428955078,1,23
32,0.0004894733428955078,1,23
33,0.0004894733428955078,1,23
34,0.0004894733428955078,1,23
35,0.0004894733428955078,1,23
36,0.0004894733428955078,1,23
37,0.0004894733428955078,1,23
38,0.0004894733428955078,1,23
39,0.0004894733428955078,1,23
40,0.0004894733428955078,1,23
41,0.0004894733428955078,1,23
42,0.0004894733428955078,1,23
43,0.0004894733428955078,1,23
44,0.0004894733428955078,1,23
45,0.0004894733428955078,1,23
46,0.0004894733428955078,1,23
47,0.0004894733428955078,1,23
48,0.0004894733428955078,1,23
49,0.0004894733428955078,1,23
50,0.0004894733428955078,1,23
51,0.0004894733428955078,1,23
52,0.0004894733428955078,1,23
53,0.0004894733428955078,1,23
54,0.0004894733428955078,1,23
55,0.0004894733428955078,1,23
56,0.0004894733428955078,1,23
57,0.0004894733428955078,1,23
58,0.0004894733428955078,1,23
59,0.0004894733428955078,1,23
60,0.0004894733428955078,1,23
61,0.0004894733428955078,1,23
62,0.0004894733428955078,1,23
63,0.0005047321319580078,1,23
64,0.0005047321319580078,1,23
65,0.0005047321319580078,1,23
66,0.0005047321319580078,1,23
67,0.0005047321319580078,1,23
68,0.0005047321319580078,1,23
69,0.0005047321319580078,1,23
70,0.0005047321319580078,1,23
71,0.0005047321319580078,1,23
72,0.0005047321319580078,1,23
73,0.0005047321319580078,1,23
74,0.0005047321319580078,1,23
75,0.0005047321319580078,1,23
76,0.0005047321319580078,1,23
77,0.0005047321319580078,1,23
78,0.0005047321319580078,1,23
79,0.0005047321319580078,1,23
80,0.0005047321319580078,1,23
81,0.0005047321319580078,1,23
82,0.0005047321319580078,1,23
83,0.0005047321319580078,1,23
84,0.0005047321319580078,1,23
85,0.0005047321319580078,1,23
86,0.0005047321319580078,1,23
87,0.0005047321319580078,1,23
88,0.0005047321319580078,1,23
89,0.0005047321319580078,1,23
90,0.0005047321319580078,1,23
91,0.0005047321319580078,1,23
92,0.0005047321319580078,1,23
93,0.0005047321319580078,1,23
94,0.0005047321319580078,1,23
95,0.0005047321319580078,1,23
96,0.0005047321319580078,1,23
97,0.0005047321319580078,1,23
98,0.0005047321319580078,1,23
99,0.0005047321319580078,1,23
100,0.0005047321319580078,1,23
101,0.0005047321319580078,1,23
102,0.0005047321319580078,1,23
103,0.0005047321319580078,1,23
104,0.0005047321319580078,1,23
105,0.0005047321319580078,1,23
106,0.0005047321319580078,1,23
107,0.0005047321319580078,1,23
108,0.0005047321319580078,1,23
109,0.0005047321319580078,1,23
110,0.0005047321319580078,1,23
111,0.0005047321319580078,1,23
112,0.0005047321319580078,1,23
113,0.0005047321319580078,1,23
114,0.0005047321319580078,1,23
115,0.0005047321319580078,1,23
116,0.0005047321319580078,1,23
117,0.0005047321319580078,1,23
118,0.0005047321319580078,1,23
119,0.0005047321319580078,1,23
120,0.0005047321319580078,1,23
121,0.0005047321319580078,1,23
122,0.0005047321319580078,1,23
123,0.0005047321319580078,1,23
124,0.0005047321319580078,1,23
125,0.0005047321319580078,1,23
126,0.0005047321319580078,1,23
127,0.0005047321319580078,1,23
128,0.0005047321319580078,1,23
129,0.0005047321319580078,1,23
130,0.0005047321319580078,1,23
131,0.0005047321319580078,1,23
132,0.0005047321319580078,1,23
133,0.0005047321319580078,1,23
134,0.0005047321319580078,1,23
135,0.0005047321319580078,1,23
136,0.0005047321319580078,1,23
137,0.0005047321319580078,1,23
138,0.0005047321319580078,1,23
139,0.0005047321319580078,1,23
140,0.0005047321319580078,1,23
141,0.0005047321319580078,1,23
142,0.0005047321319580078,1,23
143,0.0005047321319580078,1,23
144,0.0005047321319580078,1,23
145,0.0005047321319580078,1,23
146,0.0005047321319580078,1,23
147,0.0005047321319580078,1,23
148,0.0005047321319580078,1,23
149,0.0005047321319580078,1,23
150,0.0005047321319580078,1,23
151,0.0005047321319580078,1,23
152,0.0005047321319580078,1,23
153,0.0005047321319580078,1,23
154,0.0005047321319580078,1,23
155,0.0005047321319580078,1,23
156,0.0005047321319580078,1,23
157,0.0005047321319580078,1,23
158,0.0005047321319580078,1,23
159,0.0005047321319580078,1,23
160,0.0005047321319580078,1,23
161,0.0005047321319580078,1,23
162,0.0005047321319580078,1,23
163,0.0005047321319580078,1,23
164,0.0005047321319580078,1,23
165,0.0005047321319580078,1,23
166,0.0005047321319580078,1,23
167,0.0005047321319580078,1,23
168,0.0005047321319580078,1,23
169,0.0005047321319580078,1,23
170,0.0005047321319580078,1,23
171,0.0005047321319580078,1,23
172,0.0005047321319580078,1,23
173,0.0005047321319580078,1,23
174,0.0005047321319580078,1,23
175,0.0005047321319580078,1,23
176,0.0005047321319580078,1,23
177,0.0005047321319580078,1,23
178,0.0005047321319580078,1,23
179,0.0005047321319580078,1,23
180,0.0005047321319580078,1,23
181,0.0005047321319580078,1,23
182,0.0005047321319580078,1,23
183,0.0005047321319580078,1,23
184,0.0005047321319580078,1,23
185,0.0005047321319580078,1,23
186,0.0005047321319580078,1,23
187,0.0005047321319580078,1,23
188,0.0005047321319580078,1,23
189,0.0005047321319580078,1,23
190,0.0005047321319580078,1,23
191,0.0005047321319580078,1,23
192,0.0005047321319580078,1,23
193,0.0005047321319580078,1,23
194,0.0005047321319580078,1,23
195,0.0005047321319580078,1,23
196,0.0005047321319580078,1,23
197,0.0005047321319580078,1,23
198,0.0005047321319580078,1,23
199,0.0005047321319580078,1,23
200,0.0005047321319580078,1,23
1,0.004080295562744141,1,24
2,0.004080295562744141,1,24
3,0.0048828125,1,24
4,0.006464600563049316,1,24
5,0.12630391120910645,3,24
6,0.13450336456298828,2,24
7,0.13450336456298828,2,24
8,0.13450336456298828,2,24
9,0.24688124656677246,2,24
10,0.24688124656677246,2,24
11,0.24688124656677246,2,24
12,0.24688124656677246,2,24
13,0.5871461629867554,4,24
14,0.5871461629867554,4,24
15,0.5871461629867554,4,24
16,0.5936758816242218,4,24
17,0.7247912287712097,6,24
18,0.6412193775177002,3,24
19,0.7975264191627502,5,24
20,0.8494701832532883,4,24
21,0.8494701832532883,4,24
22,0.8494701832532883,4,24
23,0.9220780357718468,5,24
24,0.9220780357718468,5,24
25,0.9423592649400234,5,24
26,0.9423592649400234,5,24
27,0.9423592649400234,5,24
28,0.9431775622069836,4,24
29,0.9565702863037586,4,24
30,0.9565702863037586,4,24
31,0.9565702863037586,4,24
32,0.9565702863037586,4,24
33,0.9565702863037586,4,24
34,0.9583308771252632,4,24
35,0.9583308771252632,4,24
36,0.9583308771252632,4,24
37,0.9583308771252632,4,24
38,0.9583308771252632,4,24
39,0.9583308771252632,4,24
40,0.9583308771252632,4,24
41,0.9583308771252632,4,24
42,0.9754154998809099,4,24
43,0.9754154998809099,4,24
44,0.9754154998809099,4,24
45,0.9754154998809099,4,24
46,0.9754154998809099,4,24
47,0.9754154998809099,4,24
48,0.9754154998809099,4,24
49,0.9754154998809099,4,24
50,0.9754154998809099,4,24
51,0.9754154998809099,4,24
52,0.9754154998809099,4,24
53,0.9754154998809099,4,24
54,0.9754154998809099,4,24
55,0.9774324726313353,4,24
56,0.9774324726313353,4,24
57,0.9774324726313353,4,24
58,0.9774324726313353,4,24
59,0.9774324726313353,4,24
60,0.9774324726313353,4,24
61,0.9774324726313353,4,24
62,0.9774324726313353,4,24
63,0.9895988292992115,4,24
64,0.9895988292992115,4,24
65,0.9895988292992115,4,24
66,0.9895988292992115,4,24
67,0.9895988292992115,4,24
68,0.9895988292992115,4,24
69,0.9895988292992115,4,24
70,0.9895988292992115,4,24
71,0.989705003798008,4,24
72,0.989705003798008,4,24
73,0.9911906011402607,4,24
74,0.9911906011402607,4,24
75,0.9911906011402607,4,24
76,0.9911906011402607,4,24
77,0.9911906011402607,4,24
78,0.9911906011402607,4,24
79,0.9911906011402607,4,24
80,0.9911906011402607,4,24
81,0.9911906011402607,4,24
82,0.9911906011402607,4,24
83,0.9911906011402607,4,24
84,0.9911906011402607,4,24
85,0.9911906011402607,4,24
86,0.9911906011402607,4,24
87,0.9911906011402607,4,24
88,0.9911906011402607,4,24
89,0.9911906011402607,4,24
90,0.9911906011402607,4,24
91,0.9911906011402607,4,24
92,0.9911906011402607,4,24
93,0.9911906011402607,4,24
94,0.9911906011402607,4,24
95,0.9911906011402607,4,24
96,0.9911906011402607,4,24
97,0.9911906011402607,4,24
98,0.9911906011402607,4,24
99,0.9911906011402607,4,24
100,0.9911906011402607,4,24
101,0.9911906011402607,4,24
102,0.9911906011402607,4,24
103,0.9911906011402607,4,24
104,0.9911906011402607,4,24
105,0.9911906011402607,4,24
106,0.9911906011402607,4,24
107,0.9911906011402607,4,24
108,0.9911906011402607,4,24
109,0.9911906011402607,4,24
110,0.9911906011402607,4,24
111,0.9911906011402607,4,24
112,0.9911906011402607,4,24
113,0.9635714553296566,3,24
114,0.9635714553296566,3,24
115,0.9635714553296566,3,24
116,0.9635714553296566,3,24
117,0.9635714553296566,3,24
118,0.9635714553296566,3,24
119,0.9635714553296566,3,24
120,0.9635714553296566,3,24
121,0.9635714553296566,3,24
122,0.9635714553296566,3,24
123,0.9635714553296566,3,24
124,0.9635714553296566,3,24
125,0.9635714553296566,3,24
126,0.9635714553296566,3,24
127,0.9635714553296566,3,24
128,0.9635714553296566,3,24
129,0.9635714553296566,3,24
130,0.9635714553296566,3,24
131,0.9635714553296566,3,24
132,0.9635714553296566,3,24
133,0.9635714553296566,3,24
134,0.9635714553296566,3,24
135,0.9635714553296566,3,24
136,0.9635714553296566,3,24
137,0.9635714553296566,3,24
138,0.9635714553296566,3,24
139,0.9635714553296566,3,24
140,0.9635714553296566,3,24
141,0.9635714553296566,3,24
142,0.9635714553296566,3,24
143,0.9635714553296566,3,24
144,0.9635714553296566,3,24
145,0.9635714553296566,3,24
146,0.9635714553296566,3,24
147,0.9635714553296566,3,24
148,0.9635714553296566,3,24
149,0.9635714553296566,3,24
150,0.9635714553296566,3,24
151,0.9635714553296566,3,24
152,0.9635714553296566,3,24
153,0.9635714553296566,3,24
154,0.9635714553296566,3,24
155,0.9635714553296566,3,24
156,0.9635714553296566,3,24
157,0.9635714553296566,3,24
158,0.9635714553296566,3,24
159,0.9635714553296566,3,24
160,0.9635714553296566,3,24
161,0.9635714553296566,3,24
162,0.9635714553296566,3,24
163,0.9635714553296566,3,24
164,0.9635714553296566,3,24
165,0.9635714553296566,3,24
166,0.9635714553296566,3,24
167,0.9635714553296566,3,24
168,0.9635714553296566,3,24
169,0.9642078541219234,3,24
170,0.9642078541219234,3,24
171,0.9642078541219234,3,24
172,0.9642078541219234,3,24
173,0.9642078541219234,3,24
174,0.9642078541219234,3,24
175,0.9642078541219234,3,24
176,0.9642078541219234,3,24
177,0.9642078541219234,3,24
178,0.9642078541219234,3,24
179,0.9642078541219234,3,24
180,0.9642078541219234,3,24
181,0.9642078541219234,3,24
182,0.9642078541219234,3,24
183,0.9642078541219234,3,24
184,0.9642078541219234,3,24
185,0.9642078541219234,3,24
186,0.9642078541219234,3,24
187,0.9642078541219234,3,24
188,0.9642078541219234,3,24
189,0.9642078541219234,3,24
190,0.9642078541219234,3,24
191,0.9642078541219234,3,24
192,0.9642078541219234,3,24
193,0.9642078541219234,3,24
194,0.9642078541219234,3,24
195,0.9642078541219234,3,24
196,0.9642078541219234,3,24
197,0.9642078541219234,3,24
198,0.9642078541219234,3,24
199,0.9642078541219234,3,24
200,0.9642078541219234,3,24
1,2.1457672119140625e-06,1,25
2,2.384185791015625e-06,1,25
3,2.384185791015625e-06,1,25
4,2.384185791015625e-06,1,25
5,2.384185791015625e-06,1,25
6,2.9802322387695312e-06,1,25
7,3.337860107421875e-06,1,25
8,3.337860107421875e-06,1,25
9,3.337860107421875e-06,1,25
10,3.933906555175781e-06,1,25
11,3.933906555175781e-06,1,25
12,4.887580871582031e-06,1,25
13,5.841255187988281e-06,1,25
14,5.841255187988281e-06,1,25
15,7.3909759521484375e-06,1,25
16,7.3909759521484375e-06,1,25
17,9.059906005859375e-06,1,25
18,9.059906005859375e-06,1,25
19,9.059906005859375e-06,1,25
20,9.059906005859375e-06,1,25
21,9.059906005859375e-06,1,25
22,9.059906005859375e-06,1,25
23,9.059906005859375e-06,1,25
24,9.059906005859375e-06,1,25
25,9.059906005859375e-06,1,25
26,9.059906005859375e-06,1,25
27,9.059906005859375e-06,1,25
28,9.059906005859375e-06,1,25
29,9.059906005859375e-06,1,25
30,9.059906005859375e-06,1,25
31,9.059906005859375e-06,1,25
32,9.059906005859375e-06,1,25
33,9.059906005859375e-06,1,25
34,9.059906005859375e-06,1,25
35,9.059906005859375e-06,1,25
36,9.059906005859375e-06,1,25
37,9.059906005859375e-06,1,25
38,9.059906005859375e-06,1,25
39,9.059906005859375e-06,1,25
40,9.059906005859375e-06,1,25
41,9.059906005859375e-06,1,25
42,9.059906005859375e-06,1,25
43,9.059906005859375e-06,1,25
44,9.059906005859375e-06,1,25
45,9.059906005859375e-06,1,25
46,9.059906005859375e-06,1,25
47,9.059906005859375e-06,1,25
48,9.059906005859375e-06,1,25
49,9.059906005859375e-06,1,25
50,9.059906005859375e-06,1,25
51,9.059906005859375e-06,1,25
52,9.059906005859375e-06,1,25
53,9.059906005859375e-06,1,25
54,9.059906005859375e-06,1,25
55,9.059906005859375e-06,1,25
56,9.059906005859375e-06,1,25
57,9.059906005859375e-06,1,25
58,9.059906005859375e-06,1,25
59,9.059906005859375e-06,1,25
60,9.059906005859375e-06,1,25
61,9.059906005859375e-06,1,25
62,9.059906005859375e-06,1,25
63,9.059906005859375e-06,1,25
64,9.059906005859375e-06,1,25
65,9.059906005859375e-06,1,25
66,9.059906005859375e-06,1,25
67,9.059906005859375e-06,1,25
68,9.059906005859375e-06,1,25
69,9.059906005859375e-06,1,25
70,9.059906005859375e-06,1,25
71,9.059906005859375e-06,1,25
72,9.059906005859375e-06,1,25
73,9.059906005859375e-06,1,25
74,9.059906005859375e-06,1,25
75,9.059906005859375e-06,1,25
76,9.059906005859375e-06,1,25
77,9.059906005859375e-06,1,25
78,9.059906005859375e-06,1,25
79,9.059906005859375e-06,1,25
80,9.059906005859375e-06,1,25
81,9.059906005859375e-06,1,25
82,9.059906005859375e-06,1,25
83,9.059906005859375e-06,1,25
84,9.059906005859375e-06,1,25
85,9.059906005859375e-06,1,25
86,9.059906005859375e-06,1,25
87,9.059906005859375e-06,1,25
88,9.059906005859375e-06,1,25
89,9.059906005859375e-06,1,25
90,9.059906005859375e-06,1,25
91,9.059906005859375e-06,1,25
92,9.059906005859375e-06,1,25
93,9.059906005859375e-06,1,25
94,9.059906005859375e-06,1,25
95,9.059906005859375e-06,1,25
96,9.059906005859375e-06,1,25
97,9.059906005859375e-06,1,25
98,9.059906005859375e-06,1,25
99,9.059906005859375e-06,1,25
100,9.059906005859375e-06,1,25
101,9.059906005859375e-06,1,25
102,9.059906005859375e-06,1,25
103,9.059906005859375e-06,1,25
104,9.059906005859375e-06,1,25
105,9.059906005859375e-06,1,25
106,9.059906005859375e-06,1,25
107,9.059906005859375e-06,1,25
108,9.059906005859375e-06,1,25
109,9.059906005859375e-06,1,25
110,9.059906005859375e-06,1,25
111,9.059906005859375e-06,1,25
112,9.059906005859375e-06,1,25
113,9.059906005859375e-06,1,25
114,9.059906005859375e-06,1,25
115,9.059906005859375e-06,1,25
116,9.059906005859375e-06,1,25
117,9.059906005859375e-06,1,25
118,9.059906005859375e-06,1,25
119,9.059906005859375e-06,1,25
120,9.059906005859375e-06,1,25
121,9.059906005859375e-06,1,25
122,9.059906005859375e-06,1,25
123,9.059906005859375e-06,1,25
124,9.059906005859375e-06,1,25
125,9.059906005859375e-06,1,25
126,9.059906005859375e-06,1,25
127,9.059906005859375e-06,1,25
128,9.059906005859375e-06,1,25
129,9.059906005859375e-06,1,25
130,9.059906005859375e-06,1,25
131,9.059906005859375e-06,1,25
132,9.059906005859375e-06,1,25
133,9.059906005859375e-06,1,25
134,9.059906005859375e-06,1,25
135,9.059906005859375e-06,1,25
136,9.059906005859375e-06,1,25
137,9.059906005859375e-06,1,25
138,9.059906005859375e-06,1,25
139,9.059906005859375e-06,1,25
140,9.059906005859375e-06,1,25
141,9.059906005859375e-06,1,25
142,9.059906005859375e-06,1,25
143,9.059906005859375e-06,1,25
144,9.059906005859375e-06,1,25
145,9.059906005859375e-06,1,25
146,9.059906005859375e-06,1,25
147,9.059906005859375e-06,1,25
148,9.059906005859375e-06,1,25
149,9.059906005859375e-06,1,25
150,9.059906005859375e-06,1,25
151,9.059906005859375e-06,1,25
152,9.059906005859375e-06,1,25
153,9.059906005859375e-06,1,25
154,9.059906005859375e-06,1,25
155,9.059906005859375e-06,1,25
156,9.059906005859375e-06,1,25
157,9.059906005859375e-06,1,25
158,9.059906005859375e-06,1,25
159,9.059906005859375e-06,1,25
160,9.059906005859375e-06,1,25
161,9.059906005859375e-06,1,25
162,9.059906005859375e-06,1,25
163,9.059906005859375e-06,1,25
164,9.059906005859375e-06,1,25
165,9.059906005859375e-06,1,25
166,9.059906005859375e-06,1,25
167,9.059906005859375e-06,1,25
168,9.059906005859375e-06,1,25
169,9.059906005859375e-06,1,25
170,9.059906005859375e-06,1,25
171,9.059906005859375e-06,1,25
172,9.059906005859375e-06,1,25
173,9.059906005859375e-06,1,25
174,9.059906005859375e-06,1,25
175,9.059906005859375e-06,1,25
176,9.059906005859375e-06,1,25
177,9.059906005859375e-06,1,25
178,9.059906005859375e-06,1,25
179,9.059906005859375e-06,1,25
180,9.059906005859375e-06,1,25
181,9.059906005859375e-06,1,25
182,9.059906005859375e-06,1,25
183,9.059906005859375e-06,1,25
184,9.059906005859375e-06,1,25
185,9.059906005859375e-06,1,25
186,9.059906005859375e-06,1,25
187,9.059906005859375e-06,1,25
188,9.059906005859375e-06,1,25
189,9.059906005859375e-06,1,25
190,9.059906005859375e-06,1,25
191,9.059906005859375e-06,1,25
192,9.059906005859375e-06,1,25
193,9.059906005859375e-06,1,25
194,9.059906005859375e-06,1,25
195,9.059906005859375e-06,1,25
196,9.059906005859375e-06,1,25
197,9.059906005859375e-06,1,25
198,9.059906005859375e-06,1,25
199,9.059906005859375e-06,1,25
200,9.059906005859375e-06,1,25
1,2.86102294921875e-06,1,26
2,3.0994415283203125e-06,1,26
3,3.0994415283203125e-06,1,26
4,4.172325134277344e-06,1,26
5,4.172325134277344e-06,1,26
6,4.172325134277344e-06,1,26
7,6.9141387939453125e-06,1,26
8,6.9141387939453125e-06,1,26
9,6.9141387939453125e-06,1,26
10,6.9141387939453125e-06,1,26
11,1.0132789611816406e-05,1,26
12,1.0132789611816406e-05,1,26
13,1.1205673217773438e-05,1,26
14,1.1205673217773438e-05,1,26
15,1.1205673217773438e-05,1,26
16,1.1205673217773438e-05,1,26
17,1.1205673217773438e-05,1,26
18,1.1205673217773438e-05,1,26
19,1.1205673217773438e-05,1,26
20,1.1205673217773438e-05,1,26
21,1.1205673217773438e-05,1,26
22,1.1205673217773438e-05,1,26
23,1.1205673217773438e-05,1,26
24,1.1205673217773438e-05,1,26
25,1.1563301086425781e-05,1,26
26,1.1682510375976562e-05,1,26
27,1.1682510375976562e-05,1,26
28,1.1682510375976562e-05,1,26
29,1.1682510375976562e-05,1,26
30,1.1682510375976562e-05,1,26
31,1.1682510375976562e-05,1,26
32,1.1682510375976562e-05,1,26
33,1.1682510375976562e-05,1,26
34,1.1682510375976562e-05,1,26
35,1.1682510375976562e-05,1,26
36,1.1682510375976562e-05,1,26
37,1.1682510375976562e-05,1,26
38,1.1682510375976562e-05,1,26
39,1.1682510375976562e-05,1,26
40,1.1682510375976562e-05,1,26
41,1.1682510375976562e-05,1,26
42,1.1682510375976562e-05,1,26
43,1.1682510375976562e-05,1,26
44,1.1682510375976562e-05,1,26
45,1.1682510375976562e-05,1,26
46,1.1682510375976562e-05,1,26
47,1.1682510375976562e-05,1,26
48,1.1682510375976562e-05,1,26
49,1.1682510375976562e-05,1,26
50,1.1682510375976562e-05,1,26
51,1.1682510375976562e-05,1,26
52,1.1682510375976562e-05,1,26
53,1.1682510375976562e-05,1,26
54,1.1682510375976562e-05,1,26
55,1.1682510375976562e-05,1,26
56,1.1682510375976562e-05,1,26
57,1.1682510375976562e-05,1,26
58,1.1682510375976562e-05,1,26
59,1.1682510375976562e-05,1,26
60,1.1682510375976562e-05,1,26
61,1.1682510375976562e-05,1,26
62,1.1682510375976562e-05,1,26
63,1.1682510375976562e-05,1,26
64,1.1682510375976562e-05,1,26
65,1.1682510375976562e-05,1,26
66,1.1682510375976562e-05,1,26
67,1.1682510375976562e-05,1,26
68,1.1682510375976562e-05,1,26
69,1.1682510375976562e-05,1,26
70,1.1682510375976562e-05,1,26
71,1.1682510375976562e-05,1,26
72,1.1682510375976562e-05,1,26
73,1.1682510375976562e-05,1,26
74,1.1682510375976562e-05,1,26
75,1.1682510375976562e-05,1,26
76,1.1682510375976562e-05,1,26
77,1.1682510375976562e-05,1,26
78,1.1682510375976562e-05,1,26
79,1.1682510375976562e-05,1,26
80,1.1682510375976562e-05,1,26
81,1.1682510375976562e-05,1,26
82,1.1682510375976562e-05,1,26
83,1.1682510375976562e-05,1,26
84,1.1682510375976562e-05,1,26
85,1.1682510375976562e-05,1,26
86,1.1682510375976562e-05,1,26
87,1.1682510375976562e-05,1,26
88,1.1682510375976562e-05,1,26
89,1.1682510375976562e-05,1,26
90,1.1682510375976562e-05,1,26
91,1.1682510375976562e-05,1,26
92,1.1682510375976562e-05,1,26
93,1.1682510375976562e-05,1,26
94,1.1682510375976562e-05,1,26
95,1.1682510375976562e-05,1,26
96,1.1682510375976562e-05,1,26
97,1.1682510375976562e-05,1,26
98,1.1682510375976562e-05,1,26
99,1.1682510375976562e-05,1,26
100,1.1682510375976562e-05,1,26
101,1.1682510375976562e-05,1,26
102,1.1682510375976562e-05,1,26
103,1.1682510375976562e-05,1,26
104,1.1682510375976562e-05,1,26
105,1.1682510375976562e-05,1,26
106,1.1682510375976562e-05,1,26
107,1.1682510375976562e-05,1,26
108,1.1682510375976562e-05,1,26
109,1.1682510375976562e-05,1,26
110,1.1682510375976562e-05,1,26
111,1.1682510375976562e-05,1,26
112,1.1682510375976562e-05,1,26
113,1.1682510375976562e-05,1,26
114,1.1682510375976562e-05,1,26
115,1.1682510375976562e-05,1,26
116,1.1682510375976562e-05,1,26
117,1.1682510375976562e-05,1,26
118,1.1682510375976562e-05,1,26
119,1.1682510375976562e-05,1,26
120,1.1682510375976562e-05,1,26
121,1.1682510375976562e-05,1,26
122,1.1682510375976562e-05,1,26
123,1.1682510375976562e-05,1,26
124,1.1682510375976562e-05,1,26
125,1.1682510375976562e-05,1,26
126,1.1682510375976562e-05,1,26
127,1.1682510375976562e-05,1,26
128,1.1682510375976562e-05,1,26
129,1.1682510375976562e-05,1,26
130,1.1682510375976562e-05,1,26
131,1.1682510375976562e-05,1,26
132,1.1682510375976562e-05,1,26
133,1.1682510375976562e-05,1,26
134,1.1682510375976562e-05,1,26
135,1.1682510375976562e-05,1,26
136,1.1682510375976562e-05,1,26
137,1.1682510375976562e-05,1,26
138,1.1682510375976562e-05,1,26
139,1.1682510375976562e-05,1,26
140,1.1682510375976562e-05,1,26
141,1.1682510375976562e-05,1,26
142,1.1682510375976562e-05,1,26
143,1.1682510375976562e-05,1,26
144,1.1682510375976562e-05,1,26
145,1.1682510375976562e-05,1,26
146,1.1682510375976562e-05,1,26
147,1.1682510375976562e-05,1,26
148,1.1682510375976562e-05,1,26
149,1.1682510375976562e-05,1,26
150,1.1682510375976562e-05,1,26
151,1.1682510375976562e-05,1,26
152,1.1682510375976562e-05,1,26
153,1.1682510375976562e-05,1,26
154,1.1682510375976562e-05,1,26
155,1.1682510375976562e-05,1,26
156,1.1682510375976562e-05,1,26
157,1.1682510375976562e-05,1,26
158,1.1682510375976562e-05,1,26
159,1.1682510375976562e-05,1,26
160,1.1682510375976562e-05,1,26
161,1.1682510375976562e-05,1,26
162,1.1682510375976562e-05,1,26
163,1.1682510375976562e-05,1,26
164,1.1682510375976562e-05,1,26
165,1.1682510375976562e-05,1,26
166,1.1682510375976562e-05,1,26
167,1.1682510375976562e-05,1,26
168,1.1682510375976562e-05,1,26
169,1.1682510375976562e-05,1,26
170,1.1682510375976562e-05,1,26
171,1.1682510375976562e-05,1,26
172,1.1682510375976562e-05,1,26
173,1.1682510375976562e-05,1,26
174,1.1682510375976562e-05,1,26
175,1.1682510375976562e-05,1,26
176,1.1682510375976562e-05,1,26
177,1.1682510375976562e-05,1,26
178,1.1682510375976562e-05,1,26
179,1.1682510375976562e-05,1,26
180,1.1682510375976562e-05,1,26
181,1.1682510375976562e-05,1,26
182,1.1682510375976562e-05,1,26
183,1.1682510375976562e-05,1,26
184,1.1682510375976562e-05,1,26
185,1.1682510375976562e-05,1,26
186,1.1682510375976562e-05,1,26
187,1.1682510375976562e-05,1,26
188,1.1682510375976562e-05,1,26
189,1.1682510375976562e-05,1,26
190,1.1682510375976562e-05,1,26
191,1.1682510375976562e-05,1,26
192,1.1682510375976562e-05,1,26
193,1.1682510375976562e-05,1,26
194,1.1682510375976562e-05,1,26
195,1.1682510375976562e-05,1,26
196,1.1682510375976562e-05,1,26
197,1.1682510375976562e-05,1,26
198,1.1682510375976562e-05,1,26
199,1.1682510375976562e-05,1,26
200,1.1682510375976562e-05,1,26
1,0.0033606290817260742,1,27
2,0.004049062728881836,1,27
3,0.004049062728881836,1,27
4,0.004049062728881836,1,27
5,0.005814075469970703,1,27
6,0.008183896541595459,1,27
7,0.02945047616958618,1,27
8,0.02945047616958618,1,27
9,0.02945047616958618,1,27
10,0.03424263000488281,1,27
11,0.03424263000488281,1,27
12,0.03424263000488281,1,27
13,0.03609555959701538,1,27
14,0.03609555959701538,1,27
15,0.03609555959701538,1,27
16,0.03609555959701538,1,27
17,0.11310076713562012,2,27
18,0.11310076713562012,2,27
19,0.11310076713562012,2,27
20,0.11310076713562012,2,27
21,0.11310076713562012,2,27
22,0.11310076713562012,2,27
23,0.11310076713562012,2,27
24,0.11310076713562012,2,27
25,0.11310076713562012,2,27
26,0.11310076713562012,2,27
27,0.11310076713562012,2,27
28,0.11310076713562012,2,27
29,0.11310076713562012,2,27
30,0.16721230745315552,3,27
31,0.16721230745315552,3,27
32,0.16721230745315552,3,27
33,0.16721230745315552,3,27
34,0.31795763969421387,2,27
35,0.31795763969421387,2,27
36,0.31795763969421387,2,27
37,0.31795763969421387,2,27
38,0.31795763969421387,2,27
39,0.31795763969421387,2,27
40,0.31795763969421387,2,27
41,0.31795763969421387,2,27
42,0.31795763969421387,2,27
43,0.31795763969421387,2,27
44,0.40186935663223267,3,27
45,0.6129923760890961,5,27
46,0.6214028596878052,5,27
47,0.693575382232666,4,27
48,0.793184906244278,3,27
49,0.9143803864717484,5,27
50,0.9632138423621655,6,27
51,0.9632138423621655,6,27
52,0.9632138423621655,6,27
53,0.9834039472043514,5,27
54,0.9834039472043514,5,27
55,0.9834039472043514,5,27
56,0.9876842238008976,5,27
57,0.9876842238008976,5,27
58,0.9876842238008976,5,27
59,0.9876842238008976,5,27
60,0.9876842238008976,5,27
61,0.9876842238008976,5,27
62,0.9876842238008976,5,27
63,0.9876842238008976,5,27
64,0.9876842238008976,5,27
65,0.9876842238008976,5,27
66,0.9876842238008976,5,27
67,0.9876842238008976,5,27
68,0.9876842238008976,5,27
69,0.9876842238008976,5,27
70,0.9876842238008976,5,27
71,0.9876842238008976,5,27
72,0.9876842238008976,5,27
73,0.9876842238008976,5,27
74,0.9876842238008976,5,27
75,0.9876842238008976,5,27
76,0.9876842238008976,5,27
77,0.9876842238008976,5,27
78,0.9876842238008976,5,27
79,0.9876842238008976,5,27
80,0.9876842238008976,5,27
81,0.9876842238008976,5,27
82,0.9876842238008976,5,27
83,0.9497765675187111,4,27
84,0.9497765675187111,4,27
85,0.9497765675187111,4,27
86,0.9497765675187111,4,27
87,0.9497765675187111,4,27
88,0.9497765675187111,4,27
89,0.9497765675187111,4,27
90,0.9497765675187111,4,27
91,0.9497765675187111,4,27
92,0.9497765675187111,4,27
93,0.9497765675187111,4,27
94,0.9497765675187111,4,27
95,0.9497765675187111,4,27
96,0.9497765675187111,4,27
97,0.9497765675187111,4,27
98,0.9497765675187111,4,27
99,0.9497765675187111,4,27
100,0.9497765675187111,4,27
101,0.9497765675187111,4,27
102,0.9497765675187111,4,27
103,0.9497765675187111,4,27
104,0.9497765675187111,4,27
105,0.9497765675187111,4,27
106,0.9497765675187111,4,27
107,0.9497765675187111,4,27
108,0.9497765675187111,4,27
109,0.9497765675187111,4,27
110,0.9497765675187111,4,27
111,0.9497765675187111,4,27
112,0.9497765675187111,4,27
113,0.9497765675187111,4,27
114,0.9497765675187111,4,27
115,0.9497765675187111,4,27
116,0.9497765675187111,4,27
117,0.9497765675187111,4,27
118,0.9497765675187111,4,27
119,0.9497765675187111,4,27
120,0.9497765675187111,4,27
121,0.9497765675187111,4,27
122,0.9497765675187111,4,27
123,0.9497765675187111,4,27
124,0.9497765675187111,4,27
125,0.9497765675187111,4,27
126,0.9497765675187111,4,27
127,0.9497765675187111,4,27
128,0.9497765675187111,4,27
129,0.9497765675187111,4,27
130,0.9497765675187111,4,27
131,0.9497765675187111,4,27
132,0.9497765675187111,4,27
133,0.9497765675187111,4,27
134,0.9497765675187111,4,27
135,0.9497765675187111,4,27
136,0.9497765675187111,4,27
137,0.9497765675187111,4,27
138,0.9497765675187111,4,27
139,0.9497765675187111,4,27
140,0.9514512456953526,4,27
141,0.9514512456953526,4,27
142,0.9514512456953526,4,27
143,0.9514512456953526,4,27
144,0.9514512456953526,4,27
145,0.9514512456953526,4,27
146,0.9514512456953526,4,27
147,0.9514512456953526,4,27
148,0.9514512456953526,4,27
149,0.9514512456953526,4,27
150,0.9514512456953526,4,27
151,0.9514512456953526,4,27
152,0.9514512456953526,4,27
153,0.9514512456953526,4,27
154,0.9514512456953526,4,27
155,0.9514512456953526,4,27
156,0.9514512456953526,4,27
157,0.9514512456953526,4,27
158,0.9514512456953526,4,27
159,0.9514512456953526,4,27
160,0.9514512456953526,4,27
161,0.9514512456953526,4,27
162,0.9514512456953526,4,27
163,0.9514512456953526,4,27
164,0.9514512456953526,4,27
165,0.9550740495324135,4,27
166,0.9550740495324135,4,27
167,0.9550740495324135,4,27
168,0.9550740495324135,4,27
169,0.9550740495324135,4,27
170,0.9550740495324135,4,27
171,0.9550740495324135,4,27
172,0.9550740495324135,4,27
173,0.9550740495324135,4,27
174,0.9550740495324135,4,27
175,0.9550740495324135,4,27
176,0.9550740495324135,4,27
177,0.9550740495324135,4,27
178,0.9550740495324135,4,27
179,0.9550740495324135,4,27
180,0.9550740495324135,4,27
181,0.9550740495324135,4,27
182,0.9550740495324135,4,27
183,0.9550740495324135,4,27
184,0.9550740495324135,4,27
185,0.9550740495324135,4,27
186,0.9550740495324135,4,27
187,0.9664921723306179,4,27
188,0.9664921723306179,4,27
189,0.9664921723306179,4,27
190,0.9664921723306179,4,27
191,0.9664921723306179,4,27
192,0.9664921723306179,4,27
193,0.9664921723306179,4,27
194,0.9664921723306179,4,27
195,0.9664921723306179,4,27
196,0.9664921723306179,4,27
197,0.9664921723306179,4,27
198,0.9664921723306179,4,27
199,0.9664921723306179,4,27
200,0.9664921723306179,4,27
1,0.9182197824120522,10,28
2,0.7282134294509888,2,28
3,0.8960776329040527,3,28
4,0.8960776329040527,3,28
5,0.8960776329040527,3,28
6,0.8960776329040527,3,28
7,0.8960776329040527,3,28
8,0.9431796483695507,3,28
9,0.9431796483695507,3,28
10,0.9431796483695507,3,28
11,0.9431796483695507,3,28
12,0.9431796483695507,3,28
13,0.9431796483695507,3,28
14,0.9619096741080284,3,28
15,0.9619096741080284,3,28
16,0.9619096741080284,3,28
17,0.9619096741080284,3,28
18,0.9619096741080284,3,28
19,0.9619096741080284,3,28
20,0.9672935344278812,3,28
21,0.9672935344278812,3,28
22,0.9672935344278812,3,28
23,0.9934265278279781,3,28
24,0.9934265278279781,3,28
25,0.9934265278279781,3,28
26,0.9934265278279781,3,28
27,0.9934265278279781,3,28
28,0.9698401857167482,2,28
29,0.9698401857167482,2,28
30,0.9698401857167482,2,28
31,0.9698401857167482,2,28
32,0.9698401857167482,2,28
33,0.9698401857167482,2,28
34,0.9698401857167482,2,28
35,0.9698401857167482,2,28
36,0.9698401857167482,2,28
37,0.9698401857167482,2,28
38,0.9698401857167482,2,28
39,0.9698401857167482,2,28
40,0.9698401857167482,2,28
41,0.9698401857167482,2,28
42,0.9698401857167482,2,28
43,0.9698401857167482,2,28
44,0.9698401857167482,2,28
45,0.9698401857167482,2,28
46,0.9698401857167482,2,28
47,0.9698401857167482,2,28
48,0.9705853760242462,2,28
49,0.9705853760242462,2,28
50,0.9705853760242462,2,28
51,0.9919861601665616,2,28
52,0.9919861601665616,2,28
53,0.9919861601665616,2,28
54,0.9919861601665616,2,28
55,0.9919861601665616,2,28
56,0.9919861601665616,2,28
57,0.9919861601665616,2,28
58,0.9919861601665616,2,28
59,0.9919861601665616,2,28
60,0.9919861601665616,2,28
61,0.9919861601665616,2,28
62,0.9919861601665616,2,28
63,0.9919861601665616,2,28
64,0.9919861601665616,2,28
65,0.9919861601665616,2,28
66,0.9919861601665616,2,28
67,0.992069935426116,2,28
68,0.992069935426116,2,28
69,0.992069935426116,2,28
70,0.992069935426116,2,28
71,0.992069935426116,2,28
72,0.9967239501420408,2,28
73,0.9967239501420408,2,28
74,0.9967239501420408,2,28
75,0.9967239501420408,2,28
76,0.9973029776010662,2,28
77,0.9973029776010662,2,28
78,0.9973029776010662,2,28
79,0.9973029776010662,2,28
80,0.9973029776010662,2,28
81,0.9975332354661077,2,28
82,0.9975332354661077,2,28
83,0.9975332354661077,2,28
84,0.9975332354661077,2,28
85,0.9976707936730236,2,28
86,0.9976707936730236,2,28
87,0.9976707936730236,2,28
88,0.9976707936730236,2,28
89,0.9976707936730236,2,28
90,0.9976707936730236,2,28
91,0.9976707936730236,2,28
92,0.9976707936730236,2,28
93,0.9976707936730236,2,28
94,0.9976707936730236,2,28
95,0.9976707936730236,2,28
96,0.9977353506255895,2,28
97,0.9977353506255895,2,28
98,0.9977353506255895,2,28
99,0.9977353506255895,2,28
100,0.9977353506255895,2,28
101,0.9977353506255895,2,28
102,0.9977353506255895,2,28
103,0.9977353506255895,2,28
104,0.9977353506255895,2,28
105,0.9977353506255895,2,28
106,0.9977353506255895,2,28
107,0.9977353506255895,2,28
108,0.9977353506255895,2,28
109,0.9977353506255895,2,28
110,0.9977353506255895,2,28
111,0.9977353506255895,2,28
112,0.9977353506255895,2,28
113,0.9977353506255895,2,28
114,0.9977353506255895,2,28
115,0.9977353506255895,2,28
116,0.9977353506255895,2,28
117,0.9977353506255895,2,28
118,0.9977353506255895,2,28
119,0.9977353506255895,2,28
120,0.9977353506255895,2,28
121,0.9977353506255895,2,28
122,0.9977353506255895,2,28
123,0.9977353506255895,2,28
124,0.9977353506255895,2,28
125,0.9977353506255895,2,28
126,0.9977353506255895,2,28
127,0.9977353506255895,2,28
128,0.9977353506255895,2,28
129,0.9977353506255895,2,28
130,0.9977353506255895,2,28
131,0.9977353506255895,2,28
132,0.9977353506255895,2,28
133,0.9977353506255895,2,28
134,0.9977353506255895,2,28
135,0.9977353506255895,2,28
136,0.9977353506255895,2,28
137,0.9977353506255895,2,28
138,0.9977353506255895,2,28
139,0.9977353506255895,2,28
140,0.9977353506255895,2,28
141,0.9977353506255895,2,28
142,0.9977353506255895,2,28
143,0.9977353506255895,2,28
144,0.9977353506255895,2,28
145,0.9977353506255895,2,28
146,0.9977353506255895,2,28
147,0.9977353506255895,2,28
148,0.9977353506255895,2,28
149,0.9977353506255895,2,28
150,0.9977353506255895,2,28
151,0.9977353506255895,2,28
152,0.9977353506255895,2,28
153,0.9977353506255895,2,28
154,0.9977353506255895,2,28
155,0.9977353506255895,2,28
156,0.9977353506255895,2,28
157,0.9977353506255895,2,28
158,0.9977353506255895,2,28
159,0.9977353506255895,2,28
160,0.9977353506255895,2,28
161,0.9977353506255895,2,28
162,0.9977353506255895,2,28
163,0.9977353506255895,2,28
164,0.9977353506255895,2,28
165,0.9977353506255895,2,28
166,0.9977353506255895,2,28
167,0.9977353506255895,2,28
168,0.9977353506255895,2,28
169,0.9977353506255895,2,28
170,0.9977353506255895,2,28
171,0.9977353506255895,2,28
172,0.9977353506255895,2,28
173,0.9977353506255895,2,28
174,0.9977353506255895,2,28
175,0.9977353506255895,2,28
176,0.9977353506255895,2,28
177,0.9977353506255895,2,28
178,0.9977353506255895,2,28
179,0.9977353506255895,2,28
180,0.9977353506255895,2,28
181,0.9977353506255895,2,28
182,0.9977353506255895,2,28
183,0.9977353506255895,2,28
184,0.9977353506255895,2,28
185,0.9977353506255895,2,28
186,0.9977353506255895,2,28
187,0.9977353506255895,2,28
188,0.9977353506255895,2,28
189,0.9977353506255895,2,28
190,0.9977353506255895,2,28
191,0.9977353506255895,2,28
192,0.9977353506255895,2,28
193,0.9977353506255895,2,28
194,0.9977353506255895,2,28
195,0.9977353506255895,2,28
196,0.9977353506255895,2,28
197,0.9977353506255895,2,28
198,0.9977353506255895,2,28
199,0.9977353506255895,2,28
200,0.9977353506255895,2,28
1,2.2411346435546875e-05,1,29
2,2.2411346435546875e-05,1,29
3,2.2411346435546875e-05,1,29
4,2.2411346435546875e-05,1,29
5,2.6106834411621094e-05,1,29
6,2.6941299438476562e-05,1,29
7,2.6941299438476562e-05,1,29
8,2.6941299438476562e-05,1,29
9,3.0279159545898438e-05,1,29
10,3.0279159545898438e-05,1,29
11,3.0279159545898438e-05,1,29
12,3.0279159545898438e-05,1,29
13,3.0875205993652344e-05,1,29
14,3.0875205993652344e-05,1,29
15,3.0875205993652344e-05,1,29
16,3.254413604736328e-05,1,29
17,3.3974647521972656e-05,1,29
18,3.3974647521972656e-05,1,29
19,3.3974647521972656e-05,1,29
20,3.3974647521972656e-05,1,29
21,3.3974647521972656e-05,1,29
22,3.3974647521972656e-05,1,29
23,3.3974647521972656e-05,1,29
24,3.3974647521972656e-05,1,29
25,3.3974647521972656e-05,1,29
26,3.3974647521972656e-05,1,29
27,3.3974647521972656e-05,1,29
28,3.3974647521972656e-05,1,29
29,3.3974647521972656e-05,1,29
30,3.3974647521972656e-05,1,29
31,3.3974647521972656e-05,1,29
32,3.3974647521972656e-05,1,29
33,3.3974647521972656e-05,1,29
34,3.3974647521972656e-05,1,29
35,3.4332275390625e-05,1,29
36,3.5762786865234375e-05,1,29
37,3.5762786865234375e-05,1,29
38,3.5762786865234375e-05,1,29
39,3.5762786865234375e-05,1,29
40,3.5762786865234375e-05,1,29
41,3.5762786865234375e-05,1,29
42,3.5762786865234375e-05,1,29
43,3.5762786865234375e-05,1,29
44,3.5762786865234375e-05,1,29
45,3.5762786865234375e-05,1,29
46,3.5762786865234375e-05,1,29
47,3.5762786865234375e-05,1,29
48,3.5762786865234375e-05,1,29
49,3.5762786865234375e-05,1,29
50,3.5762786865234375e-05,1,29
51,3.5762786865234375e-05,1,29
52,3.5762786865234375e-05,1,29
53,3.5762786865234375e-05,1,29
54,3.5762786865234375e-05,1,29
55,3.5762786865234375e-05,1,29
56,3.6835670471191406e-05,1,29
57,3.6835670471191406e-05,1,29
58,3.6835670471191406e-05,1,29
59,3.6835670471191406e-05,1,29
60,3.6835670471191406e-05,1,29
61,3.6835670471191406e-05,1,29
62,3.6835670471191406e-05,1,29
63,3.6835670471191406e-05,1,29
64,3.6835670471191406e-05,1,29
65,3.6835670471191406e-05,1,29
66,3.6835670471191406e-05,1,29
67,3.6835670471191406e-05,1,29
68,3.6835670471191406e-05,1,29
69,3.6835670471191406e-05,1,29
70,3.6835670471191406e-05,1,29
71,3.6835670471191406e-05,1,29
72,3.6835670471191406e-05,1,29
73,3.6835670471191406e-05,1,29
74,3.6835670471191406e-05,1,29
75,3.6835670471191406e-05,1,29
76,3.6835670471191406e-05,1,29
77,3.6835670471191406e-05,1,29
78,3.6835670471191406e-05,1,29
79,3.6835670471191406e-05,1,29
80,3.6835670471191406e-05,1,29
81,3.6835670471191406e-05,1,29
82,3.6835670471191406e-05,1,29
83,3.6835670471191406e-05,1,29
84,3.6835670471191406e-05,1,29
85,3.6835670471191406e-05,1,29
86,3.6835670471191406e-05,1,29
87,3.6835670471191406e-05,1,29
88,3.6835670471191406e-05,1,29
89,3.6835670471191406e-05,1,29
90,3.6835670471191406e-05,1,29
91,3.6835670471191406e-05,1,29
92,3.6835670471191406e-05,1,29
93,3.6835670471191406e-05,1,29
94,3.6835670471191406e-05,1,29
95,3.6835670471191406e-05,1,29
96,3.6835670471191406e-05,1,29
97,3.6835670471191406e-05,1,29
98,3.6835670471191406e-05,1,29
99,3.6835670471191406e-05,1,29
100,3.6835670471191406e-05,1,29
101,3.6835670471191406e-05,1,29
102,3.6835670471191406e-05,1,29
103,3.6835670471191406e-05,1,29
104,3.6835670471191406e-05,1,29
105,3.6835670471191406e-05,1,29
106,3.6835670471191406e-05,1,29
107,3.6835670471191406e-05,1,29
108,3.6835670471191406e-05,1,29
109,3.6835670471191406e-05,1,29
110,3.6835670471191406e-05,1,29
111,3.6835670471191406e-05,1,29
112,3.6835670471191406e-05,1,29
113,3.6835670471191406e-05,1,29
114,3.6835670471191406e-05,1,29
115,3.6835670471191406e-05,1,29
116,3.6835670471191406e-05,1,29
117,3.6835670471191406e-05,1,29
118,3.6835670471191406e-05,1,29
119,3.6835670471191406e-05,1,29
120,3.6835670471191406e-05,1,29
121,3.6835670471191406e-05,1,29
122,3.6835670471191406e-05,1,29
123,3.6835670471191406e-05,1,29
124,3.6835670471191406e-05,1,29
125,3.6835670471191406e-05,1,29
126,3.6835670471191406e-05,1,29
127,3.6835670471191406e-05,1,29
128,3.6835670471191406e-05,1,29
129,3.6835670471191406e-05,1,29
130,3.6835670471191406e-05,1,29
131,3.6835670471191406e-05,1,29
132,3.6835670471191406e-05,1,29
133,3.6835670471191406e-05,1,29
134,3.6835670471191406e-05,1,29
135,3.6835670471191406e-05,1,29
136,3.6835670471191406e-05,1,29
137,3.6835670471191406e-05,1,29
138,3.6835670471191406e-05,1,29
139,3.6835670471191406e-05,1,29
140,3.6835670471191406e-05,1,29
141,3.6835670471191406e-05,1,29
142,3.6835670471191406e-05,1,29
143,3.6835670471191406e-05,1,29
144,3.6835670471191406e-05,1,29
145,3.6835670471191406e-05,1,29
146,3.6835670471191406e-05,1,29
147,3.6835670471191406e-05,1,29
148,3.6835670471191406e-05,1,29
149,3.6835670471191406e-05,1,29
150,3.6835670471191406e-05,1,29
151,3.6835670471191406e-05,1,29
152,3.6835670471191406e-05,1,29
153,3.6835670471191406e-05,1,29
154,3.6835670471191406e-05,1,29
155,3.6835670471191406e-05,1,29
156,3.6835670471191406e-05,1,29
157,3.6835670471191406e-05,1,29
158,3.6835670471191406e-05,1,29
159,3.6835670471191406e-05,1,29
160,3.6835670471191406e-05,1,29
161,3.6835670471191406e-05,1,29
162,3.6835670471191406e-05,1,29
163,3.6835670471191406e-05,1,29
164,3.6835670471191406e-05,1,29
165,3.6835670471191406e-05,1,29
166,3.6835670471191406e-05,1,29
167,3.6835670471191406e-05,1,29
168,3.6835670471191406e-05,1,29
169,3.6835670471191406e-05,1,29
170,3.6835670471191406e-05,1,29
171,3.6835670471191406e-05,1,29
172,3.6835670471191406e-05,1,29
173,3.6835670471191406e-05,1,29
174,3.6835670471191406e-05,1,29
175,3.6835670471191406e-05,1,29
176,3.6835670471191406e-05,1,29
177,3.6835670471191406e-05,1,29
178,3.6835670471191406e-05,1,29
179,3.6835670471191406e-05,1,29
180,3.6835670471191406e-05,1,29
181,3.6835670471191406e-05,1,29
182,3.6835670471191406e-05,1,29
183,3.6835670471191406e-05,1,29
184,3.6835670471191406e-05,1,29
185,3.6835670471191406e-05,1,29
186,3.6835670471191406e-05,1,29
187,3.6835670471191406e-05,1,29
188,3.6835670471191406e-05,1,29
189,3.6835670471191406e-05,1,29
190,3.6835670471191406e-05,1,29
191,3.6835670471191406e-05,1,29
192,3.6835670471191406e-05,1,29
193,3.6835670471191406e-05,1,29
194,3.6835670471191406e-05,1,29
195,3.6835670471191406e-05,1,29
196,3.6835670471191406e-05,1,29
197,3.6835670471191406e-05,1,29
198,3.6835670471191406e-05,1,29
199,3.6835670471191406e-05,1,29
200,3.6835670471191406e-05,1,29
1,0.8613314926624298,12,30
2,0.9022340849041939,12,30
3,0.693075031042099,7,30
4,0.6965993940830231,6,30
5,0.9651027284562588,11,30
6,0.9651027284562588,11,30
7,0.8682536035776138,8,30
8,0.966008435934782,10,30
9,0.872096911072731,6,30
10,0.872096911072731,6,30
11,0.9010472372174263,6,30
12,0.9010472372174263,6,30
13,0.9010472372174263,6,30
14,0.9010472372174263,6,30
15,0.9010472372174263,6,30
16,0.9699970744550228,7,30
17,0.9699970744550228,7,30
18,0.8980021998286247,5,30
19,0.8980021998286247,5,30
20,0.8980021998286247,5,30
21,0.8980021998286247,5,30
22,0.8980021998286247,5,30
23,0.8980021998286247,5,30
24,0.8980021998286247,5,30
25,0.9572376906871796,6,30
26,0.9572376906871796,6,30
27,0.9572376906871796,6,30
28,0.9572376906871796,6,30
29,0.9572376906871796,6,30
30,0.9572376906871796,6,30
31,0.9572376906871796,6,30
32,0.9572376906871796,6,30
33,0.9572376906871796,6,30
34,0.9711311738938093,5,30
35,0.9711311738938093,5,30
36,0.9711311738938093,5,30
37,0.9711311738938093,5,30
38,0.9711311738938093,5,30
39,0.9711311738938093,5,30
40,0.9711311738938093,5,30
41,0.9711311738938093,5,30
42,0.9711311738938093,5,30
43,0.9711311738938093,5,30
44,0.9711311738938093,5,30
45,0.9711311738938093,5,30
46,0.9711311738938093,5,30
47,0.9711311738938093,5,30
48,0.9711311738938093,5,30
49,0.9711311738938093,5,30
50,0.9711311738938093,5,30
51,0.9711311738938093,5,30
52,0.9711311738938093,5,30
53,0.9711311738938093,5,30
54,0.9711311738938093,5,30
55,0.9711311738938093,5,30
56,0.9711311738938093,5,30
57,0.9711311738938093,5,30
58,0.9711311738938093,5,30
59,0.9711311738938093,5,30
60,0.9711311738938093,5,30
61,0.9711311738938093,5,30
62,0.9711311738938093,5,30
63,0.9711311738938093,5,30
64,0.9711311738938093,5,30
65,0.9711311738938093,5,30
66,0.9711311738938093,5,30
67,0.9711311738938093,5,30
68,0.9711311738938093,5,30
69,0.9711311738938093,5,30
70,0.9711311738938093,5,30
71,0.9711311738938093,5,30
72,0.9711311738938093,5,30
73,0.9711311738938093,5,30
74,0.9711311738938093,5,30
75,0.9711311738938093,5,30
76,0.9711311738938093,5,30
77,0.9711311738938093,5,30
78,0.9711311738938093,5,30
79,0.9711311738938093,5,30
80,0.9711311738938093,5,30
81,0.9711311738938093,5,30
82,0.9711311738938093,5,30
83,0.9711311738938093,5,30
84,0.9711311738938093,5,30
85,0.9711311738938093,5,30
86,0.9711311738938093,5,30
87,0.9711311738938093,5,30
88,0.9711311738938093,5,30
89,0.9711311738938093,5,30
90,0.9711311738938093,5,30
91,0.9711311738938093,5,30
92,0.9711311738938093,5,30
93,0.9711311738938093,5,30
94,0.9711311738938093,5,30
95,0.9711311738938093,5,30
96,0.9711311738938093,5,30
97,0.9711311738938093,5,30
98,0.9711311738938093,5,30
99,0.9711311738938093,5,30
100,0.9711311738938093,5,30
101,0.9711311738938093,5,30
102,0.9711311738938093,5,30
103,0.9711311738938093,5,30
104,0.9711311738938093,5,30
105,0.9715748056769371,5,30
106,0.9715748056769371,5,30
107,0.9715748056769371,5,30
108,0.9715748056769371,5,30
109,0.9715748056769371,5,30
110,0.9715748056769371,5,30
111,0.9715748056769371,5,30
112,0.9715748056769371,5,30
113,0.9715748056769371,5,30
114,0.9715748056769371,5,30
115,0.9715748056769371,5,30
116,0.9715748056769371,5,30
117,0.9794283453375101,5,30
118,0.9794283453375101,5,30
119,0.9794283453375101,5,30
120,0.9794283453375101,5,30
121,0.9794283453375101,5,30
122,0.9794283453375101,5,30
123,0.9794283453375101,5,30
124,0.9794283453375101,5,30
125,0.9794283453375101,5,30
126,0.9794283453375101,5,30
127,0.9850803632289171,5,30
128,0.9850803632289171,5,30
129,0.9850803632289171,5,30
130,0.9850803632289171,5,30
131,0.9850803632289171,5,30
132,0.9850803632289171,5,30
133,0.9850803632289171,5,30
134,0.9850803632289171,5,30
135,0.9850803632289171,5,30
136,0.9850803632289171,5,30
137,0.9850803632289171,5,30
138,0.9850803632289171,5,30
139,0.9850803632289171,5,30
140,0.9850803632289171,5,30
141,0.9850803632289171,5,30
142,0.9850803632289171,5,30
143,0.9850803632289171,5,30
144,0.9850803632289171,5,30
145,0.9850803632289171,5,30
146,0.9557907283306122,4,30
147,0.9557907283306122,4,30
148,0.9557907283306122,4,30
149,0.9557907283306122,4,30
150,0.9557907283306122,4,30
151,0.9557907283306122,4,30
152,0.9557907283306122,4,30
153,0.9557907283306122,4,30
154,0.9557907283306122,4,30
155,0.9557907283306122,4,30
156,0.9557907283306122,4,30
157,0.9557907283306122,4,30
158,0.9557907283306122,4,30
159,0.9557907283306122,4,30
160,0.9557907283306122,4,30
161,0.9557907283306122,4,30
162,0.9557907283306122,4,30
163,0.9557907283306122,4,30
164,0.9557907283306122,4,30
165,0.9557907283306122,4,30
166,0.9557907283306122,4,30
167,0.9557907283306122,4,30
168,0.9557907283306122,4,30
169,0.9557907283306122,4,30
170,0.9557907283306122,4,30
171,0.9557907283306122,4,30
172,0.9557907283306122,4,30
173,0.9557907283306122,4,30
174,0.9557907283306122,4,30
175,0.9557907283306122,4,30
176,0.9557907283306122,4,30
177,0.9557907283306122,4,30
178,0.9557907283306122,4,30
179,0.9557907283306122,4,30
180,0.9557907283306122,4,30
181,0.9557907283306122,4,30
182,0.9557907283306122,4,30
183,0.9557907283306122,4,30
184,0.9557907283306122,4,30
185,0.9557907283306122,4,30
186,0.9557907283306122,4,30
187,0.9557907283306122,4,30
188,0.9559655301272869,4,30
189,0.9559655301272869,4,30
190,0.9559655301272869,4,30
191,0.9559655301272869,4,30
192,0.9559655301272869,4,30
193,0.9627820663154125,4,30
194,0.9627820663154125,4,30
195,0.9627820663154125,4,30
196,0.9627820663154125,4,30
197,0.9627820663154125,4,30
198,0.9627820663154125,4,30
199,0.9627820663154125,4,30
200,0.9627820663154125,4,30
1,0.00047016143798828125,1,31
2,0.00047016143798828125,1,31
3,0.0008330345153808594,1,31
4,0.0008330345153808594,1,31
5,0.0008330345153808594,1,31
6,0.0009140968322753906,1,31
7,0.0009140968322753906,1,31
8,0.001069486141204834,1,31
9,0.001069486141204834,1,31
10,0.006589829921722412,1,31
11,0.006589829921722412,1,31
12,0.006589829921722412,1,31
13,0.006589829921722412,1,31
14,0.006589829921722412,1,31
15,0.006589829921722412,1,31
16,0.006589829921722412,1,31
17,0.006589829921722412,1,31
18,0.007140755653381348,1,31
19,0.007140755653381348,1,31
20,0.007140755653381348,1,31
21,0.007140755653381348,1,31
22,0.007140755653381348,1,31
23,0.007140755653381348,1,31
24,0.007140755653381348,1,31
25,0.007140755653381348,1,31
26,0.007140755653381348,1,31
27,0.007140755653381348,1,31
28,0.007140755653381348,1,31
29,0.007140755653381348,1,31
30,0.007140755653381348,1,31
31,0.007140755653381348,1,31
32,0.007140755653381348,1,31
33,0.007140755653381348,1,31
34,0.007140755653381348,1,31
35,0.007140755653381348,1,31
36,0.007140755653381348,1,31
37,0.007140755653381348,1,31
38,0.007140755653381348,1,31
39,0.007140755653381348,1,31
40,0.007140755653381348,1,31
41,0.007140755653381348,1,31
42,0.007140755653381348,1,31
43,0.007140755653381348,1,31
44,0.007140755653381348,1,31
45,0.007140755653381348,1,31
46,0.007140755653381348,1,31
47,0.007140755653381348,1,31
48,0.007140755653381348,1,31
49,0.007140755653381348,1,31
50,0.007140755653381348,1,31
51,0.007140755653381348,1,31
52,0.007140755653381348,1,31
53,0.007140755653381348,1,31
54,0.007140755653381348,1,31
55,0.007140755653381348,1,31
56,0.007140755653381348,1,31
57,0.007140755653381348,1,31
58,0.007140755653381348,1,31
59,0.007140755653381348,1,31
60,0.007140755653381348,1,31
61,0.007140755653381348,1,31
62,0.007140755653381348,1,31
63,0.007140755653381348,1,31
64,0.10269731283187866,2,31
65,0.10269731283187866,2,31
66,0.10269731283187866,2,31
67,0.10269731283187866,2,31
68,0.10269731283187866,2,31
69,0.10269731283187866,2,31
70,0.10269731283187866,2,31
71,0.10269731283187866,2,31
72,0.10269731283187866,2,31
73,0.10269731283187866,2,31
74,0.10269731283187866,2,31
75,0.10269731283187866,2,31
76,0.10269731283187866,2,31
77,0.10269731283187866,2,31
78,0.10269731283187866,2,31
79,0.10982239246368408,2,31
80,0.10982239246368408,2,31
81,0.18451619148254395,3,31
82,0.36054396629333496,5,31
83,0.36054396629333496,5,31
84,0.458523154258728,3,31
85,0.458523154258728,3,31
86,0.458523154258728,3,31
87,0.6272897124290466,4,31
88,0.7789658904075623,7,31
89,0.7789658904075623,7,31
90,0.8080808520317078,6,31
91,0.9189286679029465,7,31
92,0.8923347368836403,4,31
93,0.9634503051638603,5,31
94,0.9368718415498734,4,31
95,0.9368718415498734,4,31
96,0.9368718415498734,4,31
97,0.9368718415498734,4,31
98,0.9368718415498734,4,31
99,0.9368718415498734,4,31
100,0.9368718415498734,4,31
101,0.9368718415498734,4,31
102,0.9887855555862188,5,31
103,0.9887855555862188,5,31
104,0.9887855555862188,5,31
105,0.9887855555862188,5,31
106,0.9892353778705001,5,31
107,0.9892353778705001,5,31
108,0.9892353778705001,5,31
109,0.9892353778705001,5,31
110,0.9892353778705001,5,31
111,0.9892353778705001,5,31
112,0.9892353778705001,5,31
113,0.9892353778705001,5,31
114,0.9892353778705001,5,31
115,0.9892353778705001,5,31
116,0.9892353778705001,5,31
117,0.9892353778705001,5,31
118,0.9892353778705001,5,31
119,0.9892353778705001,5,31
120,0.9892353778705001,5,31
121,0.9892353778705001,5,31
122,0.9892353778705001,5,31
123,0.9892353778705001,5,31
124,0.9892353778705001,5,31
125,0.9892353778705001,5,31
126,0.9892353778705001,5,31
127,0.9892353778705001,5,31
128,0.9892353778705001,5,31
129,0.9899943033233285,5,31
130,0.9899943033233285,5,31
131,0.9899943033233285,5,31
132,0.9899943033233285,5,31
133,0.9899943033233285,5,31
134,0.9907597694545984,5,31
135,0.9907597694545984,5,31
136,0.9907597694545984,5,31
137,0.9907597694545984,5,31
138,0.9907597694545984,5,31
139,0.9907597694545984,5,31
140,0.9907597694545984,5,31
141,0.9907597694545984,5,31
142,0.9907597694545984,5,31
143,0.9907597694545984,5,31
144,0.9907597694545984,5,31
145,0.9907597694545984,5,31
146,0.9907597694545984,5,31
147,0.9907597694545984,5,31
148,0.9907597694545984,5,31
149,0.9907597694545984,5,31
150,0.9907597694545984,5,31
151,0.9917027465999126,5,31
152,0.9917027465999126,5,31
153,0.9497877694666386,4,31
154,0.9497877694666386,4,31
155,0.9497877694666386,4,31
156,0.9497877694666386,4,31
157,0.9497877694666386,4,31
158,0.9497877694666386,4,31
159,0.9497877694666386,4,31
160,0.9497877694666386,4,31
161,0.9497877694666386,4,31
162,0.9497877694666386,4,31
163,0.9497877694666386,4,31
164,0.9497877694666386,4,31
165,0.9497877694666386,4,31
166,0.9497877694666386,4,31
167,0.9497877694666386,4,31
168,0.9497877694666386,4,31
169,0.9497877694666386,4,31
170,0.995632448233664,5,31
171,0.995632448233664,5,31
172,0.995632448233664,5,31
173,0.995632448233664,5,31
174,0.995632448233664,5,31
175,0.995632448233664,5,31
176,0.995632448233664,5,31
177,0.995632448233664,5,31
178,0.995632448233664,5,31
179,0.995632448233664,5,31
180,0.995632448233664,5,31
181,0.995632448233664,5,31
182,0.995632448233664,5,31
183,0.995632448233664,5,31
184,0.995632448233664,5,31
185,0.995632448233664,5,31
186,0.995632448233664,5,31
187,0.995632448233664,5,31
188,0.995632448233664,5,31
189,0.995632448233664,5,31
190,0.9648363664746284,4,31
191,0.9648363664746284,4,31
192,0.9648363664746284,4,31
193,0.9648363664746284,4,31
194,0.9648363664746284,4,31
195,0.9648363664746284,4,31
196,0.9648363664746284,4,31
197,0.9648363664746284,4,31
198,0.9648363664746284,4,31
199,0.9648363664746284,4,31
200,0.9648363664746284,4,31
1,0.0027710795402526855,1,32
2,0.004488945007324219,1,32
3,0.004488945007324219,1,32
4,0.004488945007324219,1,32
5,0.007523000240325928,1,32
6,0.007523000240325928,1,32
7,0.007523000240325928,1,32
8,0.007523000240325928,1,32
9,0.007523000240325928,1,32
10,0.007523000240325928,1,32
11,0.007523000240325928,1,32
12,0.007523000240325928,1,32
13,0.008176624774932861,1,32
14,0.008176624774932861,1,32
15,0.008176624774932861,1,32
16,0.008176624774932861,1,32
17,0.008176624774932861,1,32
18,0.008176624774932861,1,32
19,0.008176624774932861,1,32
20,0.008176624774932861,1,32
21,0.008176624774932861,1,32
22,0.00908440351486206,1,32
23,0.00908440351486206,1,32
24,0.00908440351486206,1,32
25,0.00908440351486206,1,32
26,0.00908440351486206,1,32
27,0.009780347347259521,1,32
28,0.009780347347259521,1,32
29,0.009780347347259521,1,32
30,0.009780347347259521,1,32
31,0.009780347347259521,1,32
32,0.010024607181549072,1,32
33,0.010024607181549072,1,32
34,0.010024607181549072,1,32
35,0.010024607181549072,1,32
36,0.010024607181549072,1,32
37,0.010024607181549072,1,32
38,0.010024607181549072,1,32
39,0.010024607181549072,1,32
40,0.010024607181549072,1,32
41,0.010024607181549072,1,32
42,0.010024607181549072,1,32
43,0.010024607181549072,1,32
44,0.010024607181549072,1,32
45,0.010024607181549072,1,32
46,0.010024607181549072,1,32
47,0.010024607181549072,1,32
48,0.010024607181549072,1,32
49,0.010024607181549072,1,32
50,0.010024607181549072,1,32
51,0.010024607181549072,1,32
52,0.010024607181549072,1,32
53,0.010024607181549072,1,32
54,0.010024607181549072,1,32
55,0.010024607181549072,1,32
56,0.010024607181549072,1,32
57,0.010024607181549072,1,32
58,0.010024607181549072,1,32
59,0.010024607181549072,1,32
60,0.010024607181549072,1,32
61,0.010024607181549072,1,32
62,0.010024607181549072,1,32
63,0.010024607181549072,1,32
64,0.010024607181549072,1,32
65,0.010024607181549072,1,32
66,0.010024607181549072,1,32
67,0.010024607181549072,1,32
68,0.010024607181549072,1,32
69,0.010024607181549072,1,32
70,0.010024607181549072,1,32
71,0.010024607181549072,1,32
72,0.010024607181549072,1,32
73,0.010024607181549072,1,32
74,0.010024607181549072,1,32
75,0.010024607181549072,1,32
76,0.010024607181549072,1,32
77,0.010024607181549072,1,32
78,0.010024607181549072,1,32
79,0.010024607181549072,1,32
80,0.010024607181549072,1,32
81,0.010024607181549072,1,32
82,0.010024607181549072,1,32
83,0.010024607181549072,1,32
84,0.010024607181549072,1,32
85,0.010024607181549072,1,32
86,0.010024607181549072,1,32
87,0.010024607181549072,1,32
88,0.010024607181549072,1,32
89,0.010024607181549072,1,32
90,0.010024607181549072,1,32
91,0.010024607181549072,1,32
92,0.010024607181549072,1,32
93,0.010024607181549072,1,32
94,0.010024607181549072,1,32
95,0.010024607181549072,1,32
96,0.010024607181549072,1,32
97,0.010024607181549072,1,32
98,0.010024607181549072,1,32
99,0.010024607181549072,1,32
100,0.010024607181549072,1,32
101,0.010024607181549072,1,32
102,0.010024607181549072,1,32
103,0.010024607181549072,1,32
104,0.010024607181549072,1,32
105,0.010024607181549072,1,32
106,0.010024607181549072,1,32
107,0.010024607181549072,1,32
108,0.010024607181549072,1,32
109,0.010024607181549072,1,32
110,0.010024607181549072,1,32
111,0.010024607181549072,1,32
112,0.010024607181549072,1,32
113,0.010024607181549072,1,32
114,0.010024607181549072,1,32
115,0.010024607181549072,1,32
116,0.010024607181549072,1,32
117,0.010024607181549072,1,32
118,0.010024607181549072,1,32
119,0.010024607181549072,1,32
120,0.010024607181549072,1,32
121,0.010024607181549072,1,32
122,0.010024607181549072,1,32
123,0.010024607181549072,1,32
124,0.010024607181549072,1,32
125,0.010024607181549072,1,32
126,0.010024607181549072,1,32
127,0.010024607181549072,1,32
128,0.010024607181549072,1,32
129,0.010024607181549072,1,32
130,0.010024607181549072,1,32
131,0.010024607181549072,1,32
132,0.010024607181549072,1,32
133,0.010024607181549072,1,32
134,0.010024607181549072,1,32
135,0.010024607181549072,1,32
136,0.010024607181549072,1,32
137,0.010024607181549072,1,32
138,0.010024607181549072,1,32
139,0.010024607181549072,1,32
140,0.010024607181549072,1,32
141,0.010024607181549072,1,32
142,0.010024607181549072,1,32
143,0.010024607181549072,1,32
144,0.010024607181549072,1,32
145,0.010024607181549072,1,32
146,0.010024607181549072,1,32
147,0.010024607181549072,1,32
148,0.010024607181549072,1,32
149,0.010024607181549072,1,32
150,0.010024607181549072,1,32
151,0.010024607181549072,1,32
152,0.010024607181549072,1,32
153,0.010024607181549072,1,32
154,0.010024607181549072,1,32
155,0.010024607181549072,1,32
156,0.010024607181549072,1,32
157,0.010024607181549072,1,32
158,0.010024607181549072,1,32
159,0.010024607181549072,1,32
160,0.010024607181549072,1,32
161,0.010024607181549072,1,32
162,0.010024607181549072,1,32
163,0.010024607181549072,1,32
164,0.010024607181549072,1,32
165,0.010024607181549072,1,32
166,0.010024607181549072,1,32
167,0.010024607181549072,1,32
168,0.010024607181549072,1,32
169,0.010024607181549072,1,32
170,0.010024607181549072,1,32
171,0.010024607181549072,1,32
172,0.010024607181549072,1,32
173,0.010024607181549072,1,32
174,0.010024607181549072,1,32
175,0.010024607181549072,1,32
176,0.010024607181549072,1,32
177,0.010024607181549072,1,32
178,0.010024607181549072,1,32
179,0.010024607181549072,1,32
180,0.010024607181549072,1,32
181,0.010024607181549072,1,32
182,0.010024607181549072,1,32
183,0.010024607181549072,1,32
184,0.010024607181549072,1,32
185,0.010024607181549072,1,32
186,0.010024607181549072,1,32
187,0.010024607181549072,1,32
188,0.010024607181549072,1,32
189,0.010024607181549072,1,32
190,0.010024607181549072,1,32
191,0.010024607181549072,1,32
192,0.010024607181549072,1,32
193,0.010024607181549072,1,32
194,0.010024607181549072,1,32
195,0.010024607181549072,1,32
196,0.010024607181549072,1,32
197,0.010024607181549072,1,32
198,0.010024607181549072,1,32
199,0.010024607181549072,1,32
200,0.010024607181549072,1,32
1,5.9604644775390625e-06,1,33
2,5.9604644775390625e-06,1,33
3,5.9604644775390625e-06,1,33
4,6.67572021484375e-06,1,33
5,6.67572021484375e-06,1,33
6,7.271766662597656e-06,1,33
7,7.271766662597656e-06,1,33
8,1.0848045349121094e-05,1,33
9,1.8477439880371094e-05,1,33
10,2.205371856689453e-05,1,33
11,2.205371856689453e-05,1,33
12,2.205371856689453e-05,1,33
13,2.276897430419922e-05,1,33
14,2.276897430419922e-05,1,33
15,2.3245811462402344e-05,1,33
16,6.508827209472656e-05,1,33
17,6.508827209472656e-05,1,33
18,6.508827209472656e-05,1,33
19,6.508827209472656e-05,1,33
20,6.508827209472656e-05,1,33
21,6.508827209472656e-05,1,33
22,6.508827209472656e-05,1,33
23,6.508827209472656e-05,1,33
24,6.508827209472656e-05,1,33
25,6.508827209472656e-05,1,33
26,6.508827209472656e-05,1,33
27,6.508827209472656e-05,1,33
28,6.508827209472656e-05,1,33
29,6.508827209472656e-05,1,33
30,6.508827209472656e-05,1,33
31,6.508827209472656e-05,1,33
32,6.508827209472656e-05,1,33
33,6.508827209472656e-05,1,33
34,6.508827209472656e-05,1,33
35,6.508827209472656e-05,1,33
36,6.508827209472656e-05,1,33
37,6.508827209472656e-05,1,33
38,6.508827209472656e-05,1,33
39,6.508827209472656e-05,1,33
40,6.508827209472656e-05,1,33
41,6.508827209472656e-05,1,33
42,6.508827209472656e-05,1,33
43,6.508827209472656e-05,1,33
44,6.508827209472656e-05,1,33
45,6.508827209472656e-05,1,33
46,6.508827209472656e-05,1,33
47,6.508827209472656e-05,1,33
48,6.508827209472656e-05,1,33
49,6.508827209472656e-05,1,33
50,6.508827209472656e-05,1,33
51,6.508827209472656e-05,1,33
52,6.508827209472656e-05,1,33
53,6.508827209472656e-05,1,33
54,6.508827209472656e-05,1,33
55,6.508827209472656e-05,1,33
56,6.508827209472656e-05,1,33
57,6.508827209472656e-05,1,33
58,6.508827209472656e-05,1,33
59,6.508827209472656e-05,1,33
60,6.508827209472656e-05,1,33
61,6.508827209472656e-05,1,33
62,6.508827209472656e-05,1,33
63,6.508827209472656e-05,1,33
64,6.508827209472656e-05,1,33
65,6.508827209472656e-05,1,33
66,6.508827209472656e-05,1,33
67,6.508827209472656e-05,1,33
68,6.508827209472656e-05,1,33
69,6.508827209472656e-05,1,33
70,6.508827209472656e-05,1,33
71,6.508827209472656e-05,1,33
72,6.508827209472656e-05,1,33
73,6.508827209472656e-05,1,33
74,6.508827209472656e-05,1,33
75,6.508827209472656e-05,1,33
76,6.508827209472656e-05,1,33
77,6.508827209472656e-05,1,33
78,6.508827209472656e-05,1,33
79,6.508827209472656e-05,1,33
80,6.508827209472656e-05,1,33
81,6.508827209472656e-05,1,33
82,6.508827209472656e-05,1,33
83,6.508827209472656e-05,1,33
84,6.508827209472656e-05,1,33
85,6.508827209472656e-05,1,33
86,6.508827209472656e-05,1,33
87,6.508827209472656e-05,1,33
88,6.508827209472656e-05,1,33
89,6.508827209472656e-05,1,33
90,6.508827209472656e-05,1,33
91,6.508827209472656e-05,1,33
92,6.508827209472656e-05,1,33
93,6.508827209472656e-05,1,33
94,6.508827209472656e-05,1,33
95,6.508827209472656e-05,1,33
96,6.508827209472656e-05,1,33
97,6.508827209472656e-05,1,33
98,6.508827209472656e-05,1,33
99,6.508827209472656e-05,1,33
100,6.508827209472656e-05,1,33
101,6.508827209472656e-05,1,33
102,6.508827209472656e-05,1,33
103,6.508827209472656e-05,1,33
104,6.508827209472656e-05,1,33
105,6.508827209472656e-05,1,33
106,6.508827209472656e-05,1,33
107,6.508827209472656e-05,1,33
108,6.508827209472656e-05,1,33
109,6.508827209472656e-05,1,33
110,6.508827209472656e-05,1,33
111,6.508827209472656e-05,1,33
112,6.508827209472656e-05,1,33
113,6.508827209472656e-05,1,33
114,6.508827209472656e-05,1,33
115,6.508827209472656e-05,1,33
116,6.508827209472656e-05,1,33
117,6.508827209472656e-05,1,33
118,6.508827209472656e-05,1,33
119,6.508827209472656e-05,1,33
120,6.508827209472656e-05,1,33
121,6.508827209472656e-05,1,33
122,6.508827209472656e-05,1,33
123,6.508827209472656e-05,1,33
124,6.508827209472656e-05,1,33
125,6.508827209472656e-05,1,33
126,6.508827209472656e-05,1,33
127,6.508827209472656e-05,1,33
128,6.508827209472656e-05,1,33
129,6.508827209472656e-05,1,33
130,6.508827209472656e-05,1,33
131,6.508827209472656e-05,1,33
132,6.508827209472656e-05,1,33
133,6.508827209472656e-05,1,33
134,6.508827209472656e-05,1,33
135,6.508827209472656e-05,1,33
136,6.508827209472656e-05,1,33
137,6.508827209472656e-05,1,33
138,6.508827209472656e-05,1,33
139,6.508827209472656e-05,1,33
140,6.508827209472656e-05,1,33
141,6.508827209472656e-05,1,33
142,6.508827209472656e-05,1,33
143,6.508827209472656e-05,1,33
144,6.508827209472656e-05,1,33
145,6.508827209472656e-05,1,33
146,6.508827209472656e-05,1,33
147,6.508827209472656e-05,1,33
148,6.508827209472656e-05,1,33
149,6.508827209472656e-05,1,33
150,6.508827209472656e-05,1,33
151,6.508827209472656e-05,1,33
152,6.508827209472656e-05,1,33
153,6.508827209472656e-05,1,33
154,6.508827209472656e-05,1,33
155,6.508827209472656e-05,1,33
156,6.508827209472656e-05,1,33
157,6.508827209472656e-05,1,33
158,6.508827209472656e-05,1,33
159,6.508827209472656e-05,1,33
160,6.508827209472656e-05,1,33
161,6.508827209472656e-05,1,33
162,6.508827209472656e-05,1,33
163,6.508827209472656e-05,1,33
164,6.508827209472656e-05,1,33
165,6.508827209472656e-05,1,33
166,6.508827209472656e-05,1,33
167,6.508827209472656e-05,1,33
168,6.508827209472656e-05,1,33
169,6.508827209472656e-05,1,33
170,6.508827209472656e-05,1,33
171,6.508827209472656e-05,1,33
172,6.508827209472656e-05,1,33
173,6.508827209472656e-05,1,33
174,6.508827209472656e-05,1,33
175,6.508827209472656e-05,1,33
176,6.508827209472656e-05,1,33
177,6.508827209472656e-05,1,33
178,6.508827209472656e-05,1,33
179,6.508827209472656e-05,1,33
180,6.508827209472656e-05,1,33
181,6.508827209472656e-05,1,33
182,6.508827209472656e-05,1,33
183,6.508827209472656e-05,1,33
184,6.508827209472656e-05,1,33
185,6.508827209472656e-05,1,33
186,6.508827209472656e-05,1,33
187,6.508827209472656e-05,1,33
188,6.508827209472656e-05,1,33
189,6.508827209472656e-05,1,33
190,6.508827209472656e-05,1,33
191,6.508827209472656e-05,1,33
192,6.508827209472656e-05,1,33
193,6.508827209472656e-05,1,33
194,6.508827209472656e-05,1,33
195,6.508827209472656e-05,1,33
196,6.508827209472656e-05,1,33
197,6.508827209472656e-05,1,33
198,6.508827209472656e-05,1,33
199,6.508827209472656e-05,1,33
200,6.508827209472656e-05,1,33
1,0.9925603792071342,1,34
2,0.9926145607605577,1,34
3,0.9926896574907005,1,34
4,0.9926896574907005,1,34
5,0.9926896574907005,1,34
6,0.9951355238445103,1,34
7,0.9951355238445103,1,34
8,0.9951355238445103,1,34
9,0.9951355238445103,1,34
10,0.9951355238445103,1,34
11,0.9969736505299807,1,34
12,0.9969736505299807,1,34
13,0.9969736505299807,1,34
14,0.9969736505299807,1,34
15,0.9969736505299807,1,34
16,0.9969736505299807,1,34
17,0.9969736505299807,1,34
18,0.9969736505299807,1,34
19,0.9969736505299807,1,34
20,0.9969736505299807,1,34
21,0.9969736505299807,1,34
22,0.9969736505299807,1,34
23,0.9969736505299807,1,34
24,0.9969736505299807,1,34
25,0.9969736505299807,1,34
26,0.9969736505299807,1,34
27,0.9969736505299807,1,34
28,0.9969736505299807,1,34
29,0.9969736505299807,1,34
30,0.9969736505299807,1,34
31,0.9969736505299807,1,34
32,0.9969736505299807,1,34
33,0.9969736505299807,1,34
34,0.9969762044493109,1,34
35,0.9969762044493109,1,34
36,0.9969762044493109,1,34
37,0.9969762044493109,1,34
38,0.9969762044493109,1,34
39,0.9969762044493109,1,34
40,0.9969762044493109,1,34
41,0.9969762044493109,1,34
42,0.9969762044493109,1,34
43,0.9969762044493109,1,34
44,0.9969762044493109,1,34
45,0.9969762044493109,1,34
46,0.9969762044493109,1,34
47,0.9969762044493109,1,34
48,0.9969762044493109,1,34
49,0.9971188495401293,1,34
50,0.9971188495401293,1,34
51,0.9971188495401293,1,34
52,0.9971188495401293,1,34
53,0.9971188495401293,1,34
54,0.9971188495401293,1,34
55,0.9971188495401293,1,34
56,0.9971188495401293,1,34
57,0.9971188495401293,1,34
58,0.9971188495401293,1,34
59,0.9971188495401293,1,34
60,0.9971188495401293,1,34
61,0.9971188495401293,1,34
62,0.9971188495401293,1,34
63,0.9971188495401293,1,34
64,0.9971188495401293,1,34
65,0.9971188495401293,1,34
66,0.9971188495401293,1,34
67,0.9971188495401293,1,34
68,0.9971188495401293,1,34
69,0.9971188495401293,1,34
70,0.9971188495401293,1,34
71,0.9971188495401293,1,34
72,0.9971188495401293,1,34
73,0.9971188495401293,1,34
74,0.9971188495401293,1,34
75,0.9971188495401293,1,34
76,0.9971188495401293,1,34
77,0.9971188495401293,1,34
78,0.9971188495401293,1,34
79,0.9971188495401293,1,34
80,0.9971188495401293,1,34
81,0.9971188495401293,1,34
82,0.9971188495401293,1,34
83,0.9971188495401293,1,34
84,0.9971188495401293,1,34
85,0.9971188495401293,1,34
86,0.9971188495401293,1,34
87,0.9971188495401293,1,34
88,0.9971188495401293,1,34
89,0.9971188495401293,1,34
90,0.9971188495401293,1,34
91,0.9971188495401293,1,34
92,0.9971188495401293,1,34
93,0.9971188495401293,1,34
94,0.9971188495401293,1,34
95,0.9971188495401293,1,34
96,0.9971188495401293,1,34
97,0.9971188495401293,1,34
98,0.9971188495401293,1,34
99,0.9971188495401293,1,34
100,0.9971188495401293,1,34
101,0.9971188495401293,1,34
102,0.9971188495401293,1,34
103,0.9971188495401293,1,34
104,0.9971188495401293,1,34
105,0.9971188495401293,1,34
106,0.9971188495401293,1,34
107,0.9971188495401293,1,34
108,0.9971188495401293,1,34
109,0.9971188495401293,1,34
110,0.9971188495401293,1,34
111,0.9971188495401293,1,34
112,0.9971188495401293,1,34
113,0.9971188495401293,1,34
114,0.9971188495401293,1,34
115,0.9971188495401293,1,34
116,0.9971188495401293,1,34
117,0.9971188495401293,1,34
118,0.9971188495401293,1,34
119,0.9971188495401293,1,34
120,0.9971188495401293,1,34
121,0.9971188495401293,1,34
122,0.9971188495401293,1,34
123,0.9971188495401293,1,34
124,0.9971188495401293,1,34
125,0.9971188495401293,1,34
126,0.9971188495401293,1,34
127,0.9971188495401293,1,34
128,0.9971188495401293,1,34
129,0.9971188495401293,1,34
130,0.9971188495401293,1,34
131,0.9971188495401293,1,34
132,0.9971188495401293,1,34
133,0.9971188495401293,1,34
134,0.9971188495401293,1,34
135,0.9971188495401293,1,34
136,0.9971188495401293,1,34
137,0.9971188495401293,1,34
138,0.9971188495401293,1,34
139,0.9971188495401293,1,34
140,0.9971188495401293,1,34
141,0.9971188495401293,1,34
142,0.9971188495401293,1,34
143,0.9971188495401293,1,34
144,0.9971188495401293,1,34
145,0.9971188495401293,1,34
146,0.9971188495401293,1,34
147,0.9971188495401293,1,34
148,0.9971188495401293,1,34
149,0.9971188495401293,1,34
150,0.9971188495401293,1,34
151,0.9971188495401293,1,34
152,0.9971188495401293,1,34
153,0.9971188495401293,1,34
154,0.9971188495401293,1,34
155,0.9971188495401293,1,34
156,0.9971188495401293,1,34
157,0.9971188495401293,1,34
158,0.9971188495401293,1,34
159,0.9971188495401293,1,34
160,0.9971188495401293,1,34
161,0.9971188495401293,1,34
162,0.9971188495401293,1,34
163,0.9971188495401293,1,34
164,0.9971188495401293,1,34
165,0.9971188495401293,1,34
166,0.9971188495401293,1,34
167,0.9971188495401293,1,34
168,0.9971188495401293,1,34
169,0.9971188495401293,1,34
170,0.9971188495401293,1,34
171,0.9971188495401293,1,34
172,0.9971188495401293,1,34
173,0.9971188495401293,1,34
174,0.9971188495401293,1,34
175,0.9971188495401293,1,34
176,0.9971188495401293,1,34
177,0.9971188495401293,1,34
178,0.9971188495401293,1,34
179,0.9971188495401293,1,34
180,0.9971188495401293,1,34
181,0.9971188495401293,1,34
182,0.9971188495401293,1,34
183,0.9971188495401293,1,34
184,0.9971188495401293,1,34
185,0.9971188495401293,1,34
186,0.9971188495401293,1,34
187,0.9971188495401293,1,34
188,0.9971188495401293,1,34
189,0.9971188495401293,1,34
190,0.9971188495401293,1,34
191,0.9971188495401293,1,34
192,0.9971188495401293,1,34
193,0.9971188495401293,1,34
194,0.9971188495401293,1,34
195,0.9971188495401293,1,34
196,0.9971188495401293,1,34
197,0.9971188495401293,1,34
198,0.9971188495401293,1,34
199,0.9971188495401293,1,34
200,0.9971188495401293,1,34
1,0.5997858047485352,10,35
2,0.610619068145752,9,35
3,0.3690671920776367,2,35
4,0.8606390058994293,11,35
5,0.8214117288589478,9,35
6,0.7894555330276489,8,35
7,0.8760143667459488,9,35
8,0.9814673494547606,8,35
9,0.9814673494547606,8,35
10,0.9814673494547606,8,35
11,0.9652446433901787,7,35
12,0.9652446433901787,7,35
13,0.9652446433901787,7,35
14,0.9652446433901787,7,35
15,0.9652446433901787,7,35
16,0.9652446433901787,7,35
17,0.9679822139441967,7,35
18,0.9679822139441967,7,35
19,0.9844059273600578,7,35
20,0.9858551677316427,7,35
21,0.9858551677316427,7,35
22,0.9985128624830395,6,35
23,0.9985128624830395,6,35
24,0.9985128624830395,6,35
25,0.9985128624830395,6,35
26,0.9985128624830395,6,35
27,0.9985128624830395,6,35
28,0.9985128624830395,6,35
29,0.9985128624830395,6,35
30,0.9985128624830395,6,35
31,0.9985128624830395,6,35
32,0.9985128624830395,6,35
33,0.9985128624830395,6,35
34,0.9985128624830395,6,35
35,0.9985128624830395,6,35
36,0.9985128624830395,6,35
37,0.9985128624830395,6,35
38,0.9985128624830395,6,35
39,0.9985128624830395,6,35
40,0.9985128624830395,6,35
41,0.9985128624830395,6,35
42,0.9985128624830395,6,35
43,0.9985128624830395,6,35
44,0.9985128624830395,6,35
45,0.9985128624830395,6,35
46,0.9985128624830395,6,35
47,0.9985128624830395,6,35
48,0.9985128624830395,6,35
49,0.9985128624830395,6,35
50,0.9985128624830395,6,35
51,0.9985128624830395,6,35
52,0.9985128624830395,6,35
53,0.9985128624830395,6,35
54,0.9985128624830395,6,35
55,0.9985128624830395,6,35
56,0.9985128624830395,6,35
57,0.9985128624830395,6,35
58,0.9985128624830395,6,35
59,0.9558782428503036,5,35
60,0.9558782428503036,5,35
61,0.9558782428503036,5,35
62,0.9558782428503036,5,35
63,0.9558782428503036,5,35
64,0.9558782428503036,5,35
65,0.9558782428503036,5,35
66,0.9558782428503036,5,35
67,0.9800795055925846,4,35
68,0.9800795055925846,4,35
69,0.9800795055925846,4,35
70,0.9800795055925846,4,35
71,0.9800795055925846,4,35
72,0.9800795055925846,4,35
73,0.9800795055925846,4,35
74,0.9800795055925846,4,35
75,0.9800795055925846,4,35
76,0.9800795055925846,4,35
77,0.9800795055925846,4,35
78,0.9800795055925846,4,35
79,0.9800795055925846,4,35
80,0.9800795055925846,4,35
81,0.9800795055925846,4,35
82,0.9800795055925846,4,35
83,0.9800795055925846,4,35
84,0.9800795055925846,4,35
85,0.9800795055925846,4,35
86,0.9800795055925846,4,35
87,0.9800795055925846,4,35
88,0.9800795055925846,4,35
89,0.9800795055925846,4,35
90,0.9800795055925846,4,35
91,0.9800795055925846,4,35
92,0.9800795055925846,4,35
93,0.9800795055925846,4,35
94,0.9800795055925846,4,35
95,0.9800795055925846,4,35
96,0.9800795055925846,4,35
97,0.9800795055925846,4,35
98,0.9800795055925846,4,35
99,0.9800795055925846,4,35
100,0.9800795055925846,4,35
101,0.9800795055925846,4,35
102,0.9800795055925846,4,35
103,0.9800795055925846,4,35
104,0.9800795055925846,4,35
105,0.9800795055925846,4,35
106,0.9800795055925846,4,35
107,0.9800795055925846,4,35
108,0.9800795055925846,4,35
109,0.9800795055925846,4,35
110,0.9800795055925846,4,35
111,0.9800795055925846,4,35
112,0.9800795055925846,4,35
113,0.9800795055925846,4,35
114,0.9800795055925846,4,35
115,0.9800795055925846,4,35
116,0.9800795055925846,4,35
117,0.9800795055925846,4,35
118,0.9800795055925846,4,35
119,0.9800795055925846,4,35
120,0.9800795055925846,4,35
121,0.9800795055925846,4,35
122,0.9800795055925846,4,35
123,0.9800795055925846,4,35
124,0.9800795055925846,4,35
125,0.9800795055925846,4,35
126,0.9800795055925846,4,35
127,0.9800795055925846,4,35
128,0.9800795055925846,4,35
129,0.9835768584161997,4,35
130,0.9835768584161997,4,35
131,0.9809044189751148,3,35
132,0.9809044189751148,3,35
133,0.9809044189751148,3,35
134,0.9809044189751148,3,35
135,0.9809044189751148,3,35
136,0.9809044189751148,3,35
137,0.9809044189751148,3,35
138,0.9809044189751148,3,35
139,0.9809044189751148,3,35
140,0.9809044189751148,3,35
141,0.9809044189751148,3,35
142,0.9809044189751148,3,35
143,0.9809044189751148,3,35
144,0.9809044189751148,3,35
145,0.9809044189751148,3,35
146,0.9809044189751148,3,35
147,0.9809044189751148,3,35
148,0.9809044189751148,3,35
149,0.9809044189751148,3,35
150,0.9809044189751148,3,35
151,0.9809044189751148,3,35
152,0.9809044189751148,3,35
153,0.9809044189751148,3,35
154,0.9809044189751148,3,35
155,0.9809044189751148,3,35
156,0.9809044189751148,3,35
157,0.9809044189751148,3,35
158,0.9809044189751148,3,35
159,0.9809044189751148,3,35
160,0.9809044189751148,3,35
161,0.9809044189751148,3,35
162,0.9809044189751148,3,35
163,0.9809044189751148,3,35
164,0.9809044189751148,3,35
165,0.9809044189751148,3,35
166,0.9809044189751148,3,35
167,0.9809044189751148,3,35
168,0.9809044189751148,3,35
169,0.9892668034881353,3,35
170,0.9892668034881353,3,35
171,0.9892668034881353,3,35
172,0.9892668034881353,3,35
173,0.9892668034881353,3,35
174,0.9892668034881353,3,35
175,0.9892668034881353,3,35
176,0.9892668034881353,3,35
177,0.9892668034881353,3,35
178,0.974535621702671,2,35
179,0.974535621702671,2,35
180,0.974535621702671,2,35
181,0.974535621702671,2,35
182,0.974535621702671,2,35
183,0.974535621702671,2,35
184,0.974535621702671,2,35
185,0.974535621702671,2,35
186,0.974535621702671,2,35
187,0.974535621702671,2,35
188,0.974535621702671,2,35
189,0.974535621702671,2,35
190,0.974535621702671,2,35
191,0.974535621702671,2,35
192,0.974535621702671,2,35
193,0.974535621702671,2,35
194,0.974535621702671,2,35
195,0.974535621702671,2,35
196,0.974535621702671,2,35
197,0.974535621702671,2,35
198,0.974535621702671,2,35
199,0.974535621702671,2,35
200,0.974535621702671,2,35
1,2.6941299438476562e-05,1,36
2,3.62396240234375e-05,1,36
3,3.62396240234375e-05,1,36
4,4.7326087951660156e-05,1,36
5,4.7326087951660156e-05,1,36
6,0.00010645389556884766,1,36
7,0.00017791986465454102,1,36
8,0.00017791986465454102,1,36
9,0.00017791986465454102,1,36
10,0.00017791986465454102,1,36
11,0.00017791986465454102,1,36
12,0.00023430585861206055,1,36
13,0.0006692409515380859,1,36
14,0.0006692409515380859,1,36
15,0.0006692409515380859,1,36
16,0.0006692409515380859,1,36
17,0.0006692409515380859,1,36
18,0.0007034540176391602,1,36
19,0.0007034540176391602,1,36
20,0.0007034540176391602,1,36
21,0.0007034540176391602,1,36
22,0.0007034540176391602,1,36
23,0.0007034540176391602,1,36
24,0.0007034540176391602,1,36
25,0.0007034540176391602,1,36
26,0.0007034540176391602,1,36
27,0.0007034540176391602,1,36
28,0.0007034540176391602,1,36
29,0.0007034540176391602,1,36
30,0.0007897615432739258,1,36
31,0.0007897615432739258,1,36
32,0.0007897615432739258,1,36
33,0.0008196234703063965,1,36
34,0.0008196234703063965,1,36
35,0.0008196234703063965,1,36
36,0.0008196234703063965,1,36
37,0.0008196234703063965,1,36
38,0.0008196234703063965,1,36
39,0.0008196234703063965,1,36
40,0.0008196234703063965,1,36
41,0.0008196234703063965,1,36
42,0.0008196234703063965,1,36
43,0.0008196234703063965,1,36
44,0.0008196234703063965,1,36
45,0.0008196234703063965,1,36
46,0.0008196234703063965,1,36
47,0.0008196234703063965,1,36
48,0.0008196234703063965,1,36
49,0.0008196234703063965,1,36
50,0.0008196234703063965,1,36
51,0.0008196234703063965,1,36
52,0.0008196234703063965,1,36
53,0.0008196234703063965,1,36
54,0.0008196234703063965,1,36
55,0.0008196234703063965,1,36
56,0.0008196234703063965,1,36
57,0.0008196234703063965,1,36
58,0.0008196234703063965,1,36
59,0.0008196234703063965,1,36
60,0.0008196234703063965,1,36
61,0.0008196234703063965,1,36
62,0.0008196234703063965,1,36
63,0.0008196234703063965,1,36
64,0.0008196234703063965,1,36
65,0.0008196234703063965,1,36
66,0.0008196234703063965,1,36
67,0.0008196234703063965,1,36
68,0.0008196234703063965,1,36
69,0.0008196234703063965,1,36
70,0.0008196234703063965,1,36
71,0.0008196234703063965,1,36
72,0.0008196234703063965,1,36
73,0.0008196234703063965,1,36
74,0.0008196234703063965,1,36
75,0.0008196234703063965,1,36
76,0.0008196234703063965,1,36
77,0.0008196234703063965,1,36
78,0.0008196234703063965,1,36
79,0.0008196234703063965,1,36
80,0.0008196234703063965,1,36
81,0.0008196234703063965,1,36
82,0.0008196234703063965,1,36
83,0.0008196234703063965,1,36
84,0.0008196234703063965,1,36
85,0.0008196234703063965,1,36
86,0.0008196234703063965,1,36
87,0.0008196234703063965,1,36
88,0.0008196234703063965,1,36
89,0.0008196234703063965,1,36
90,0.0008196234703063965,1,36
91,0.0008196234703063965,1,36
92,0.0008196234703063965,1,36
93,0.0008196234703063965,1,36
94,0.0008196234703063965,1,36
95,0.0008196234703063965,1,36
96,0.0008196234703063965,1,36
97,0.0008196234703063965,1,36
98,0.0008196234703063965,1,36
99,0.0008196234703063965,1,36
100,0.0008196234703063965,1,36
101,0.0008196234703063965,1,36
102,0.0008196234703063965,1,36
103,0.0008196234703063965,1,36
104,0.0008196234703063965,1,36
105,0.0008196234703063965,1,36
106,0.0008196234703063965,1,36
107,0.0008196234703063965,1,36
108,0.0008196234703063965,1,36
109,0.0008196234703063965,1,36
110,0.0008196234703063965,1,36
111,0.0008196234703063965,1,36
112,0.0008196234703063965,1,36
113,0.0008196234703063965,1,36
114,0.0008196234703063965,1,36
115,0.0008196234703063965,1,36
116,0.0008196234703063965,1,36
117,0.0008196234703063965,1,36
118,0.0008196234703063965,1,36
119,0.0008196234703063965,1,36
120,0.0008196234703063965,1,36
121,0.0008196234703063965,1,36
122,0.0008196234703063965,1,36
123,0.0008196234703063965,1,36
124,0.0008196234703063965,1,36
125,0.0008196234703063965,1,36
126,0.0008196234703063965,1,36
127,0.0008196234703063965,1,36
128,0.0008196234703063965,1,36
129,0.0008196234703063965,1,36
130,0.0008196234703063965,1,36
131,0.0008196234703063965,1,36
132,0.0008196234703063965,1,36
133,0.0008196234703063965,1,36
134,0.0008196234703063965,1,36
135,0.0008196234703063965,1,36
136,0.0008196234703063965,1,36
137,0.0008196234703063965,1,36
138,0.0008196234703063965,1,36
139,0.0008196234703063965,1,36
140,0.0008196234703063965,1,36
141,0.0008196234703063965,1,36
142,0.0008196234703063965,1,36
143,0.0008196234703063965,1,36
144,0.0008196234703063965,1,36
145,0.0008196234703063965,1,36
146,0.0008196234703063965,1,36
147,0.0008196234703063965,1,36
148,0.0008196234703063965,1,36
149,0.0008196234703063965,1,36
150,0.0008196234703063965,1,36
151,0.0008196234703063965,1,36
152,0.0008196234703063965,1,36
153,0.0008196234703063965,1,36
154,0.0008196234703063965,1,36
155,0.0008196234703063965,1,36
156,0.0008196234703063965,1,36
157,0.0008196234703063965,1,36
158,0.0008196234703063965,1,36
159,0.0008196234703063965,1,36
160,0.0008196234703063965,1,36
161,0.0008196234703063965,1,36
162,0.0008196234703063965,1,36
163,0.0008196234703063965,1,36
164,0.0008196234703063965,1,36
165,0.0008196234703063965,1,36
166,0.0008196234703063965,1,36
167,0.0008196234703063965,1,36
168,0.0008196234703063965,1,36
169,0.0008196234703063965,1,36
170,0.0008196234703063965,1,36
171,0.0008196234703063965,1,36
172,0.0008196234703063965,1,36
173,0.0008196234703063965,1,36
174,0.0008196234703063965,1,36
175,0.0008196234703063965,1,36
176,0.0008196234703063965,1,36
177,0.0008196234703063965,1,36
178,0.0008196234703063965,1,36
179,0.0008196234703063965,1,36
180,0.0008196234703063965,1,36
181,0.0008196234703063965,1,36
182,0.0008196234703063965,1,36
183,0.0008196234703063965,1,36
184,0.0008196234703063965,1,36
185,0.0008196234703063965,1,36
186,0.0008196234703063965,1,36
187,0.0008196234703063965,1,36
188,0.0008196234703063965,1,36
189,0.0008196234703063965,1,36
190,0.0008196234703063965,1,36
191,0.0008196234703063965,1,36
192,0.0008196234703063965,1,36
193,0.0008196234703063965,1,36
194,0.0008196234703063965,1,36
195,0.0008196234703063965,1,36
196,0.0008196234703063965,1,36
197,0.0008196234703063965,1,36
198,0.0008196234703063965,1,36
199,0.0008196234703063965,1,36
200,0.0008196234703063965,1,36
1,0.04886394739151001,1,37
2,0.04886394739151001,1,37
3,0.28197354078292847,6,37
4,0.06276482343673706,1,37
5,0.12031221389770508,2,37
6,0.12031221389770508,2,37
7,0.1549595594406128,2,37
8,0.26288706064224243,2,37
9,0.26288706064224243,2,37
10,0.26288706064224243,2,37
11,0.27282923460006714,2,37
12,0.3004516363143921,2,37
13,0.3297117352485657,2,37
14,0.3297117352485657,2,37
15,0.3297117352485657,2,37
16,0.7165906131267548,6,37
17,0.7165906131267548,6,37
18,0.9137245640158653,6,37
19,0.9137245640158653,6,37
20,0.9137245640158653,6,37
21,0.8743676841259003,5,37
22,0.983915351331234,7,37
23,0.9632691517472267,6,37
24,0.9632691517472267,6,37
25,0.9632691517472267,6,37
26,0.9632691517472267,6,37
27,0.9632691517472267,6,37
28,0.9131843373179436,4,37
29,0.9131843373179436,4,37
30,0.9131843373179436,4,37
31,0.9131843373179436,4,37
32,0.9131843373179436,4,37
33,0.9131843373179436,4,37
34,0.9131843373179436,4,37
35,0.9131843373179436,4,37
36,0.9131843373179436,4,37
37,0.9131843373179436,4,37
38,0.9131843373179436,4,37
39,0.9131843373179436,4,37
40,0.9737351667135954,5,37
41,0.9737351667135954,5,37
42,0.9737351667135954,5,37
43,0.9737351667135954,5,37
44,0.9737351667135954,5,37
45,0.9737351667135954,5,37
46,0.9737351667135954,5,37
47,0.9737351667135954,5,37
48,0.9737351667135954,5,37
49,0.9737351667135954,5,37
50,0.9737351667135954,5,37
51,0.9737351667135954,5,37
52,0.9423375204205513,4,37
53,0.9423375204205513,4,37
54,0.9423375204205513,4,37
55,0.9423375204205513,4,37
56,0.9423375204205513,4,37
57,0.9423375204205513,4,37
58,0.9423375204205513,4,37
59,0.9423375204205513,4,37
60,0.9423375204205513,4,37
61,0.9423375204205513,4,37
62,0.9423375204205513,4,37
63,0.9423375204205513,4,37
64,0.9423375204205513,4,37
65,0.9423375204205513,4,37
66,0.9633960947394371,4,37
67,0.9633960947394371,4,37
68,0.9633960947394371,4,37
69,0.9633960947394371,4,37
70,0.9633960947394371,4,37
71,0.9633960947394371,4,37
72,0.9633960947394371,4,37
73,0.9633960947394371,4,37
74,0.9633960947394371,4,37
75,0.9633960947394371,4,37
76,0.9633960947394371,4,37
77,0.9633960947394371,4,37
78,0.9633960947394371,4,37
79,0.9633960947394371,4,37
80,0.9633960947394371,4,37
81,0.9633960947394371,4,37
82,0.9633960947394371,4,37
83,0.9633960947394371,4,37
84,0.9633960947394371,4,37
85,0.9633960947394371,4,37
86,0.9633960947394371,4,37
87,0.9633960947394371,4,37
88,0.9633960947394371,4,37
89,0.9633960947394371,4,37
90,0.9633960947394371,4,37
91,0.9633960947394371,4,37
92,0.9633960947394371,4,37
93,0.9633960947394371,4,37
94,0.9633960947394371,4,37
95,0.9633960947394371,4,37
96,0.9633960947394371,4,37
97,0.9633960947394371,4,37
98,0.9633960947394371,4,37
99,0.9633960947394371,4,37
100,0.9633960947394371,4,37
101,0.9633960947394371,4,37
102,0.9633960947394371,4,37
103,0.9633960947394371,4,37
104,0.9633960947394371,4,37
105,0.9633960947394371,4,37
106,0.9633960947394371,4,37
107,0.9633960947394371,4,37
108,0.9633960947394371,4,37
109,0.9633960947394371,4,37
110,0.9633960947394371,4,37
111,0.9633960947394371,4,37
112,0.9633960947394371,4,37
113,0.9633960947394371,4,37
114,0.9633960947394371,4,37
115,0.9633960947394371,4,37
116,0.9633960947394371,4,37
117,0.9633960947394371,4,37
118,0.9633960947394371,4,37
119,0.9633960947394371,4,37
120,0.9633960947394371,4,37
121,0.9633960947394371,4,37
122,0.9633960947394371,4,37
123,0.9633960947394371,4,37
124,0.9633960947394371,4,37
125,0.9633960947394371,4,37
126,0.9633960947394371,4,37
127,0.9633960947394371,4,37
128,0.9633960947394371,4,37
129,0.9633960947394371,4,37
130,0.9633960947394371,4,37
131,0.9633960947394371,4,37
132,0.9633960947394371,4,37
133,0.9633960947394371,4,37
134,0.9633960947394371,4,37
135,0.9633960947394371,4,37
136,0.9633960947394371,4,37
137,0.9633960947394371,4,37
138,0.9633960947394371,4,37
139,0.9633960947394371,4,37
140,0.9633960947394371,4,37
141,0.9633960947394371,4,37
142,0.9633960947394371,4,37
143,0.9633960947394371,4,37
144,0.9633960947394371,4,37
145,0.9633960947394371,4,37
146,0.9633960947394371,4,37
147,0.9633960947394371,4,37
148,0.9633960947394371,4,37
149,0.9633960947394371,4,37
150,0.9633960947394371,4,37
151,0.9633960947394371,4,37
152,0.9633960947394371,4,37
153,0.9633960947394371,4,37
154,0.9633960947394371,4,37
155,0.9633960947394371,4,37
156,0.9633960947394371,4,37
157,0.9633960947394371,4,37
158,0.9633960947394371,4,37
159,0.9633960947394371,4,37
160,0.9633960947394371,4,37
161,0.9633960947394371,4,37
162,0.9633960947394371,4,37
163,0.9633960947394371,4,37
164,0.9633960947394371,4,37
165,0.9633960947394371,4,37
166,0.9633960947394371,4,37
167,0.9633960947394371,4,37
168,0.9633960947394371,4,37
169,0.9633960947394371,4,37
170,0.9633960947394371,4,37
171,0.9633960947394371,4,37
172,0.9633960947394371,4,37
173,0.9633960947394371,4,37
174,0.9633960947394371,4,37
175,0.9633960947394371,4,37
176,0.9633960947394371,4,37
177,0.9633960947394371,4,37
178,0.9633960947394371,4,37
179,0.9633960947394371,4,37
180,0.9633960947394371,4,37
181,0.9633960947394371,4,37
182,0.9633960947394371,4,37
183,0.9633960947394371,4,37
184,0.9633960947394371,4,37
185,0.9633960947394371,4,37
186,0.9633960947394371,4,37
187,0.9633960947394371,4,37
188,0.9633960947394371,4,37
189,0.9633960947394371,4,37
190,0.9633960947394371,4,37
191,0.9633960947394371,4,37
192,0.9633960947394371,4,37
193,0.9633960947394371,4,37
194,0.9633960947394371,4,37
195,0.9633960947394371,4,37
196,0.9633960947394371,4,37
197,0.9633960947394371,4,37
198,0.9633960947394371,4,37
199,0.9633960947394371,4,37
200,0.9633960947394371,4,37
1,0.0003484487533569336,1,38
2,0.00037741661071777344,1,38
3,0.00037741661071777344,1,38
4,0.00037741661071777344,1,38
5,0.00037741661071777344,1,38
6,0.00042170286178588867,1,38
7,0.0004394650459289551,1,38
8,0.000547945499420166,1,38
9,0.000582575798034668,1,38
10,0.0006870031356811523,1,38
11,0.0011470317840576172,1,38
12,0.0014652013778686523,1,38
13,0.0014652013778686523,1,38
14,0.0014652013778686523,1,38
15,0.0014652013778686523,1,38
16,0.0014652013778686523,1,38
17,0.0014652013778686523,1,38
18,0.0019040703773498535,1,38
19,0.0019040703773498535,1,38
20,0.0019040703773498535,1,38
21,0.0019040703773498535,1,38
22,0.0019040703773498535,1,38
23,0.0019040703773498535,1,38
24,0.0019040703773498535,1,38
25,0.0021255016326904297,1,38
26,0.0021255016326904297,1,38
27,0.0021255016326904297,1,38
28,0.0021255016326904297,1,38
29,0.0021255016326904297,1,38
30,0.0021255016326904297,1,38
31,0.0021255016326904297,1,38
32,0.0021255016326904297,1,38
33,0.0021255016326904297,1,38
34,0.0021255016326904297,1,38
35,0.0021255016326904297,1,38
36,0.0021255016326904297,1,38
37,0.0021255016326904297,1,38
38,0.0021255016326904297,1,38
39,0.0021255016326904297,1,38
40,0.0021255016326904297,1,38
41,0.0021255016326904297,1,38
42,0.0021255016326904297,1,38
43,0.0021255016326904297,1,38
44,0.0021255016326904297,1,38
45,0.0021255016326904297,1,38
46,0.0021255016326904297,1,38
47,0.0021255016326904297,1,38
48,0.0021255016326904297,1,38
49,0.0021255016326904297,1,38
50,0.0021255016326904297,1,38
51,0.0021255016326904297,1,38
52,0.0021255016326904297,1,38
53,0.0021255016326904297,1,38
54,0.0021255016326904297,1,38
55,0.0021255016326904297,1,38
56,0.0021255016326904297,1,38
57,0.0021255016326904297,1,38
58,0.0021255016326904297,1,38
59,0.0021255016326904297,1,38
60,0.0021255016326904297,1,38
61,0.0021255016326904297,1,38
62,0.0021255016326904297,1,38
63,0.0021255016326904297,1,38
64,0.0021255016326904297,1,38
65,0.0021255016326904297,1,38
66,0.0021255016326904297,1,38
67,0.0021255016326904297,1,38
68,0.0021255016326904297,1,38
69,0.0021255016326904297,1,38
70,0.0021255016326904297,1,38
71,0.0021255016326904297,1,38
72,0.0021255016326904297,1,38
73,0.0021255016326904297,1,38
74,0.0021255016326904297,1,38
75,0.0021255016326904297,1,38
76,0.0021255016326904297,1,38
77,0.0021255016326904297,1,38
78,0.0021255016326904297,1,38
79,0.0021255016326904297,1,38
80,0.0021255016326904297,1,38
81,0.0021255016326904297,1,38
82,0.0021255016326904297,1,38
83,0.0021255016326904297,1,38
84,0.0021255016326904297,1,38
85,0.0021255016326904297,1,38
86,0.0021255016326904297,1,38
87,0.0021255016326904297,1,38
88,0.0021255016326904297,1,38
89,0.0021255016326904297,1,38
90,0.0021255016326904297,1,38
91,0.0021255016326904297,1,38
92,0.0021255016326904297,1,38
93,0.0021255016326904297,1,38
94,0.0021255016326904297,1,38
95,0.0021255016326904297,1,38
96,0.0021255016326904297,1,38
97,0.0021255016326904297,1,38
98,0.0021255016326904297,1,38
99,0.0021255016326904297,1,38
100,0.0021255016326904297,1,38
101,0.0021255016326904297,1,38
102,0.0021255016326904297,1,38
103,0.0021255016326904297,1,38
104,0.0021255016326904297,1,38
105,0.0021255016326904297,1,38
106,0.0021255016326904297,1,38
107,0.0021255016326904297,1,38
108,0.0021255016326904297,1,38
109,0.0021255016326904297,1,38
110,0.0021255016326904297,1,38
111,0.0021255016326904297,1,38
112,0.0021255016326904297,1,38
113,0.0021255016326904297,1,38
114,0.0021255016326904297,1,38
115,0.0021255016326904297,1,38
116,0.0021255016326904297,1,38
117,0.0021255016326904297,1,38
118,0.0021255016326904297,1,38
119,0.0021255016326904297,1,38
120,0.0021255016326904297,1,38
121,0.0021255016326904297,1,38
122,0.0021255016326904297,1,38
123,0.0021255016326904297,1,38
124,0.0021255016326904297,1,38
125,0.0021255016326904297,1,38
126,0.0021255016326904297,1,38
127,0.0021255016326904297,1,38
128,0.0021255016326904297,1,38
129,0.0021255016326904297,1,38
130,0.0021255016326904297,1,38
131,0.0021255016326904297,1,38
132,0.0021255016326904297,1,38
133,0.0021255016326904297,1,38
134,0.0021255016326904297,1,38
135,0.0021255016326904297,1,38
136,0.0021255016326904297,1,38
137,0.0021255016326904297,1,38
138,0.0021255016326904297,1,38
139,0.0021255016326904297,1,38
140,0.0021255016326904297,1,38
141,0.0021255016326904297,1,38
142,0.0021255016326904297,1,38
143,0.0021255016326904297,1,38
144,0.0021255016326904297,1,38
145,0.0021255016326904297,1,38
146,0.0021255016326904297,1,38
147,0.0021255016326904297,1,38
148,0.0021255016326904297,1,38
149,0.0021255016326904297,1,38
150,0.0021255016326904297,1,38
151,0.0021255016326904297,1,38
152,0.0021255016326904297,1,38
153,0.0021255016326904297,1,38
154,0.0021255016326904297,1,38
155,0.0021255016326904297,1,38
156,0.0021255016326904297,1,38
157,0.0021255016326904297,1,38
158,0.0021255016326904297,1,38
159,0.0021255016326904297,1,38
160,0.0021255016326904297,1,38
161,0.0021255016326904297,1,38
162,0.0021255016326904297,1,38
163,0.0021255016326904297,1,38
164,0.0021255016326904297,1,38
165,0.0021255016326904297,1,38
166,0.0021255016326904297,1,38
167,0.0021255016326904297,1,38
168,0.0021255016326904297,1,38
169,0.0021255016326904297,1,38
170,0.0021255016326904297,1,38
171,0.0021255016326904297,1,38
172,0.0021255016326904297,1,38
173,0.0021255016326904297,1,38
174,0.0021255016326904297,1,38
175,0.0021255016326904297,1,38
176,0.0021255016326904297,1,38
177,0.0021255016326904297,1,38
178,0.0021255016326904297,1,38
179,0.0021255016326904297,1,38
180,0.0021255016326904297,1,38
181,0.0021255016326904297,1,38
182,0.0021255016326904297,1,38
183,0.0021255016326904297,1,38
184,0.0021255016326904297,1,38
185,0.0021255016326904297,1,38
186,0.0021255016326904297,1,38
187,0.0021255016326904297,1,38
188,0.0021255016326904297,1,38
189,0.0021255016326904297,1,38
190,0.0021255016326904297,1,38
191,0.0021255016326904297,1,38
192,0.0021255016326904297,1,38
193,0.0021255016326904297,1,38
194,0.0021255016326904297,1,38
195,0.0021255016326904297,1,38
196,0.0021255016326904297,1,38
197,0.0021255016326904297,1,38
198,0.0021255016326904297,1,38
199,0.0021255016326904297,1,38
200,0.0021255016326904297,1,38
1,0.00023418664932250977,1,39
2,0.00033223628997802734,1,39
3,0.00033223628997802734,1,39
4,0.0003771781921386719,1,39
5,0.0003771781921386719,1,39
6,0.0003771781921386719,1,39
7,0.0003771781921386719,1,39
8,0.0003771781921386719,1,39
9,0.00040656328201293945,1,39
10,0.0005158185958862305,1,39
11,0.0005230307579040527,1,39
12,0.0005230307579040527,1,39
13,0.0021837949752807617,1,39
14,0.0021837949752807617,1,39
15,0.0021837949752807617,1,39
16,0.0021837949752807617,1,39
17,0.0021837949752807617,1,39
18,0.0021837949752807617,1,39
19,0.0021837949752807617,1,39
20,0.0021837949752807617,1,39
21,0.0021837949752807617,1,39
22,0.0021837949752807617,1,39
23,0.0021837949752807617,1,39
24,0.0021837949752807617,1,39
25,0.0021837949752807617,1,39
26,0.0021837949752807617,1,39
27,0.0021837949752807617,1,39
28,0.0021837949752807617,1,39
29,0.0021837949752807617,1,39
30,0.0021837949752807617,1,39
31,0.0021837949752807617,1,39
32,0.0021837949752807617,1,39
33,0.0021837949752807617,1,39
34,0.0021837949752807617,1,39
35,0.0021837949752807617,1,39
36,0.0021837949752807617,1,39
37,0.0021837949752807617,1,39
38,0.0021837949752807617,1,39
39,0.0021837949752807617,1,39
40,0.0021837949752807617,1,39
41,0.0021837949752807617,1,39
42,0.0021837949752807617,1,39
43,0.0021837949752807617,1,39
44,0.0021837949752807617,1,39
45,0.0021837949752807617,1,39
46,0.0021837949752807617,1,39
47,0.0021837949752807617,1,39
48,0.0021837949752807617,1,39
49,0.0021837949752807617,1,39
50,0.0021837949752807617,1,39
51,0.0021837949752807617,1,39
52,0.0021837949752807617,1,39
53,0.0021837949752807617,1,39
54,0.0021837949752807617,1,39
55,0.0021837949752807617,1,39
56,0.0021837949752807617,1,39
57,0.0021837949752807617,1,39
58,0.0021837949752807617,1,39
59,0.0021837949752807617,1,39
60,0.0021837949752807617,1,39
61,0.0021837949752807617,1,39
62,0.0021837949752807617,1,39
63,0.0021837949752807617,1,39
64,0.0021837949752807617,1,39
65,0.0021837949752807617,1,39
66,0.0021837949752807617,1,39
67,0.0021837949752807617,1,39
68,0.0021837949752807617,1,39
69,0.0021837949752807617,1,39
70,0.0021837949752807617,1,39
71,0.0021837949752807617,1,39
72,0.0021837949752807617,1,39
73,0.0021837949752807617,1,39
74,0.0021837949752807617,1,39
75,0.0021837949752807617,1,39
76,0.0021837949752807617,1,39
77,0.0021837949752807617,1,39
78,0.0021837949752807617,1,39
79,0.0021837949752807617,1,39
80,0.0021837949752807617,1,39
81,0.0021837949752807617,1,39
82,0.0021837949752807617,1,39
83,0.0021837949752807617,1,39
84,0.0021837949752807617,1,39
85,0.0021837949752807617,1,39
86,0.0021837949752807617,1,39
87,0.0021837949752807617,1,39
88,0.0021837949752807617,1,39
89,0.0021837949752807617,1,39
90,0.0021837949752807617,1,39
91,0.0021837949752807617,1,39
92,0.0021837949752807617,1,39
93,0.0021837949752807617,1,39
94,0.0021837949752807617,1,39
95,0.0021837949752807617,1,39
96,0.0021837949752807617,1,39
97,0.0021837949752807617,1,39
98,0.0021837949752807617,1,39
99,0.0021837949752807617,1,39
100,0.0021837949752807617,1,39
101,0.0021837949752807617,1,39
102,0.0021837949752807617,1,39
103,0.0021837949752807617,1,39
104,0.0021837949752807617,1,39
105,0.0021837949752807617,1,39
106,0.0021837949752807617,1,39
107,0.0021837949752807617,1,39
108,0.0021837949752807617,1,39
109,0.0021837949752807617,1,39
110,0.0021837949752807617,1,39
111,0.0021837949752807617,1,39
112,0.0021837949752807617,1,39
113,0.0021837949752807617,1,39
114,0.0021837949752807617,1,39
115,0.0021837949752807617,1,39
116,0.0021837949752807617,1,39
117,0.0021837949752807617,1,39
118,0.06465041637420654,2,39
119,0.06465041637420654,2,39
120,0.06465041637420654,2,39
121,0.06465041637420654,2,39
122,0.06465041637420654,2,39
123,0.06465041637420654,2,39
124,0.06465041637420654,2,39
125,0.06465041637420654,2,39
126,0.06465041637420654,2,39
127,0.06465041637420654,2,39
128,0.06465041637420654,2,39
129,0.06465041637420654,2,39
130,0.06465041637420654,2,39
131,0.07008767127990723,2,39
132,0.07008767127990723,2,39
133,0.13747316598892212,3,39
134,0.1512843370437622,3,39
135,0.22032880783081055,3,39
136,0.22032880783081055,3,39
137,0.22869014739990234,3,39
138,0.22869014739990234,3,39
139,0.2600863575935364,3,39
140,0.2600863575935364,3,39
141,0.28786563873291016,3,39
142,0.30332088470458984,3,39
143,0.3216443657875061,3,39
144,0.5535970628261566,4,39
145,0.763575866818428,5,39
146,0.763575866818428,5,39
147,0.763575866818428,5,39
148,0.763575866818428,5,39
149,0.763575866818428,5,39
150,0.763575866818428,5,39
151,0.763575866818428,5,39
152,0.763575866818428,5,39
153,0.8993547260761261,6,39
154,0.8993547260761261,6,39
155,0.9621134623885155,6,39
156,0.9621134623885155,6,39
157,0.9621134623885155,6,39
158,0.9621134623885155,6,39
159,0.9621134623885155,6,39
160,0.9460591077804565,5,39
161,0.9460591077804565,5,39
162,0.9460591077804565,5,39
163,0.9460591077804565,5,39
164,0.9460591077804565,5,39
165,0.9460591077804565,5,39
166,0.9460591077804565,5,39
167,0.9460591077804565,5,39
168,0.9460591077804565,5,39
169,0.9460591077804565,5,39
170,0.9460591077804565,5,39
171,0.9460591077804565,5,39
172,0.9460591077804565,5,39
173,0.9460591077804565,5,39
174,0.9460591077804565,5,39
175,0.9460591077804565,5,39
176,0.9460591077804565,5,39
177,0.9460591077804565,5,39
178,0.9460591077804565,5,39
179,0.9460591077804565,5,39
180,0.9460591077804565,5,39
181,0.9460591077804565,5,39
182,0.9460591077804565,5,39
183,0.9460591077804565,5,39
184,0.9460591077804565,5,39
185,0.9460591077804565,5,39
186,0.9460591077804565,5,39
187,0.9460591077804565,5,39
188,0.9460591077804565,5,39
189,0.9460591077804565,5,39
190,0.9460591077804565,5,39
191,0.9460591077804565,5,39
192,0.9460591077804565,5,39
193,0.9460591077804565,5,39
194,0.9460591077804565,5,39
195,0.9505713991820812,5,39
196,0.9505713991820812,5,39
197,0.9505713991820812,5,39
198,0.9505713991820812,5,39
199,0.9505713991820812,5,39
200,0.9505713991820812,5,39
1,0.45289862155914307,1,40
2,0.5446755290031433,2,40
3,0.6043806970119476,3,40
4,0.6043806970119476,3,40
5,0.5738174319267273,2,40
6,0.5738174319267273,2,40
7,0.5738174319267273,2,40
8,0.5738174319267273,2,40
9,0.6017114818096161,2,40
10,0.5943593680858612,1,40
11,0.6432132720947266,2,40
12,0.6432132720947266,2,40
13,0.6432132720947266,2,40
14,0.6901702284812927,3,40
15,0.6901702284812927,3,40
16,0.6901702284812927,3,40
17,0.7318148612976074,3,40
18,0.7318148612976074,3,40
19,0.7775958329439163,4,40
20,0.7811796814203262,4,40
21,0.7787516117095947,3,40
22,0.786341518163681,3,40
23,0.786341518163681,3,40
24,0.786341518163681,3,40
25,0.892143577337265,5,40
26,0.892143577337265,5,40
27,0.8707880228757858,4,40
28,0.8739934861660004,4,40
29,0.8502994030714035,3,40
30,0.8502994030714035,3,40
31,0.8502994030714035,3,40
32,0.8502994030714035,3,40
33,0.8502994030714035,3,40
34,0.8502994030714035,3,40
35,0.8502994030714035,3,40
36,0.8502994030714035,3,40
37,0.8502994030714035,3,40
38,0.8502994030714035,3,40
39,0.8502994030714035,3,40
40,0.8502994030714035,3,40
41,0.8502994030714035,3,40
42,0.8502994030714035,3,40
43,0.8502994030714035,3,40
44,0.8502994030714035,3,40
45,0.8502994030714035,3,40
46,0.8502994030714035,3,40
47,0.8502994030714035,3,40
48,0.8502994030714035,3,40
49,0.8502994030714035,3,40
50,0.8502994030714035,3,40
51,0.8502994030714035,3,40
52,0.8963833600282669,4,40
53,0.8963833600282669,4,40
54,0.8963833600282669,4,40
55,0.8963833600282669,4,40
56,0.8963833600282669,4,40
57,0.8963833600282669,4,40
58,0.8963833600282669,4,40
59,0.8963833600282669,4,40
60,0.8963833600282669,4,40
61,0.8963833600282669,4,40
62,0.8963833600282669,4,40
63,0.8963833600282669,4,40
64,0.8963833600282669,4,40
65,0.8963833600282669,4,40
66,0.8963833600282669,4,40
67,0.8963833600282669,4,40
68,0.8963833600282669,4,40
69,0.8963833600282669,4,40
70,0.8963833600282669,4,40
71,0.9045651704072952,4,40
72,0.9045651704072952,4,40
73,0.9045651704072952,4,40
74,0.9045651704072952,4,40
75,0.9045651704072952,4,40
76,0.9045651704072952,4,40
77,0.9045651704072952,4,40
78,0.9045651704072952,4,40
79,0.9045651704072952,4,40
80,0.9045651704072952,4,40
81,0.9045651704072952,4,40
82,0.9045651704072952,4,40
83,0.9045651704072952,4,40
84,0.9045651704072952,4,40
85,0.9045651704072952,4,40
86,0.9045651704072952,4,40
87,0.9045651704072952,4,40
88,0.9045651704072952,4,40
89,0.9045651704072952,4,40
90,0.9045651704072952,4,40
91,0.9045651704072952,4,40
92,0.9045651704072952,4,40
93,0.9045651704072952,4,40
94,0.9045651704072952,4,40
95,0.9045651704072952,4,40
96,0.9045651704072952,4,40
97,0.9045651704072952,4,40
98,0.9045651704072952,4,40
99,0.9045651704072952,4,40
100,0.9045651704072952,4,40
101,0.9060829356312752,4,40
102,0.9060829356312752,4,40
103,0.9060829356312752,4,40
104,0.9060829356312752,4,40
105,0.9060829356312752,4,40
106,0.907533586025238,4,40
107,0.907533586025238,4,40
108,0.907533586025238,4,40
109,0.907533586025238,4,40
110,0.907533586025238,4,40
111,0.907533586025238,4,40
112,0.907533586025238,4,40
113,0.907533586025238,4,40
114,0.907533586025238,4,40
115,0.907533586025238,4,40
116,0.907533586025238,4,40
117,0.907533586025238,4,40
118,0.907533586025238,4,40
119,0.907533586025238,4,40
120,0.907533586025238,4,40
121,0.907533586025238,4,40
122,0.907533586025238,4,40
123,0.907533586025238,4,40
124,0.907533586025238,4,40
125,0.907533586025238,4,40
126,0.907533586025238,4,40
127,0.907533586025238,4,40
128,0.907533586025238,4,40
129,0.907533586025238,4,40
130,0.907533586025238,4,40
131,0.907533586025238,4,40
132,0.907533586025238,4,40
133,0.907533586025238,4,40
134,0.907533586025238,4,40
135,0.907533586025238,4,40
136,0.907533586025238,4,40
137,0.907533586025238,4,40
138,0.907533586025238,4,40
139,0.907533586025238,4,40
140,0.907533586025238,4,40
141,0.907533586025238,4,40
142,0.907533586025238,4,40
143,0.907533586025238,4,40
144,0.907533586025238,4,40
145,0.907533586025238,4,40
146,0.907533586025238,4,40
147,0.907533586025238,4,40
148,0.907533586025238,4,40
149,0.907533586025238,4,40
150,0.907533586025238,4,40
151,0.907533586025238,4,40
152,0.907533586025238,4,40
153,0.907533586025238,4,40
154,0.907533586025238,4,40
155,0.907533586025238,4,40
156,0.907533586025238,4,40
157,0.907533586025238,4,40
158,0.907533586025238,4,40
159,0.907533586025238,4,40
160,0.907533586025238,4,40
161,0.907533586025238,4,40
162,0.907533586025238,4,40
163,0.907533586025238,4,40
164,0.907533586025238,4,40
165,0.907533586025238,4,40
166,0.907533586025238,4,40
167,0.907533586025238,4,40
168,0.907533586025238,4,40
169,0.907533586025238,4,40
170,0.907533586025238,4,40
171,0.907533586025238,4,40
172,0.907533586025238,4,40
173,0.907533586025238,4,40
174,0.907533586025238,4,40
175,0.907533586025238,4,40
176,0.907533586025238,4,40
177,0.907533586025238,4,40
178,0.907533586025238,4,40
179,0.907533586025238,4,40
180,0.907533586025238,4,40
181,0.907533586025238,4,40
182,0.907533586025238,4,40
183,0.907533586025238,4,40
184,0.907533586025238,4,40
185,0.907533586025238,4,40
186,0.907533586025238,4,40
187,0.907533586025238,4,40
188,0.907533586025238,4,40
189,0.907533586025238,4,40
190,0.907533586025238,4,40
191,0.907533586025238,4,40
192,0.907533586025238,4,40
193,0.907533586025238,4,40
194,0.907533586025238,4,40
195,0.907533586025238,4,40
196,0.907533586025238,4,40
197,0.907533586025238,4,40
198,0.907533586025238,4,40
199,0.907533586025238,4,40
200,0.907533586025238,4,40
1,0.0001754164695739746,1,41
2,0.0001754164695739746,1,41
3,0.0001792311668395996,1,41
4,0.0001792311668395996,1,41
5,0.00018423795700073242,1,41
6,0.0002104640007019043,1,41
7,0.00029200315475463867,1,41
8,0.00029200315475463867,1,41
9,0.0005143880844116211,1,41
10,0.0005143880844116211,1,41
11,0.0005143880844116211,1,41
12,0.0005143880844116211,1,41
13,0.0005143880844116211,1,41
14,0.0005143880844116211,1,41
15,0.0005440115928649902,1,41
16,0.0005440115928649902,1,41
17,0.0005440115928649902,1,41
18,0.0005440115928649902,1,41
19,0.0005440115928649902,1,41
20,0.0005440115928649902,1,41
21,0.0005440115928649902,1,41
22,0.0005440115928649902,1,41
23,0.0005440115928649902,1,41
24,0.0005440115928649902,1,41
25,0.0005440115928649902,1,41
26,0.0005440115928649902,1,41
27,0.0005896091461181641,1,41
28,0.0005896091461181641,1,41
29,0.0005896091461181641,1,41
30,0.0005896091461181641,1,41
31,0.0005896091461181641,1,41
32,0.0005896091461181641,1,41
33,0.0005896091461181641,1,41
34,0.0005896091461181641,1,41
35,0.0005896091461181641,1,41
36,0.0005896091461181641,1,41
37,0.0005896091461181641,1,41
38,0.0005896091461181641,1,41
39,0.0005896091461181641,1,41
40,0.0005896091461181641,1,41
41,0.0005896091461181641,1,41
42,0.0005896091461181641,1,41
43,0.0005896091461181641,1,41
44,0.0005896091461181641,1,41
45,0.0005896091461181641,1,41
46,0.0005896091461181641,1,41
47,0.0005896091461181641,1,41
48,0.0005896091461181641,1,41
49,0.0005896091461181641,1,41
50,0.0005896091461181641,1,41
51,0.0005896091461181641,1,41
52,0.0005896091461181641,1,41
53,0.0005896091461181641,1,41
54,0.0005896091461181641,1,41
55,0.0005896091461181641,1,41
56,0.0005896091461181641,1,41
57,0.0005896091461181641,1,41
58,0.0005896091461181641,1,41
59,0.0005896091461181641,1,41
60,0.0005896091461181641,1,41
61,0.0005896091461181641,1,41
62,0.0005896091461181641,1,41
63,0.0005896091461181641,1,41
64,0.0005896091461181641,1,41
65,0.0005896091461181641,1,41
66,0.0005896091461181641,1,41
67,0.0005896091461181641,1,41
68,0.0005896091461181641,1,41
69,0.0005896091461181641,1,41
70,0.0005896091461181641,1,41
71,0.0005896091461181641,1,41
72,0.0005896091461181641,1,41
73,0.0005896091461181641,1,41
74,0.0005896091461181641,1,41
75,0.0005896091461181641,1,41
76,0.0005896091461181641,1,41
77,0.0005896091461181641,1,41
78,0.0005896091461181641,1,41
79,0.0005896091461181641,1,41
80,0.0005896091461181641,1,41
81,0.0005896091461181641,1,41
82,0.0005896091461181641,1,41
83,0.0005896091461181641,1,41
84,0.0005896091461181641,1,41
85,0.0005896091461181641,1,41
86,0.0005896091461181641,1,41
87,0.0005896091461181641,1,41
88,0.0005896091461181641,1,41
89,0.0005896091461181641,1,41
90,0.0005896091461181641,1,41
91,0.0005896091461181641,1,41
92,0.0005896091461181641,1,41
93,0.0005896091461181641,1,41
94,0.0005896091461181641,1,41
95,0.0005896091461181641,1,41
96,0.0005896091461181641,1,41
97,0.0005896091461181641,1,41
98,0.0005896091461181641,1,41
99,0.0005896091461181641,1,41
100,0.0005896091461181641,1,41
101,0.0005896091461181641,1,41
102,0.0005896091461181641,1,41
103,0.0005896091461181641,1,41
104,0.0005896091461181641,1,41
105,0.0005896091461181641,1,41
106,0.0005896091461181641,1,41
107,0.0005896091461181641,1,41
108,0.0005896091461181641,1,41
109,0.0005896091461181641,1,41
110,0.0005896091461181641,1,41
111,0.0005896091461181641,1,41
112,0.0005896091461181641,1,41
113,0.0005896091461181641,1,41
114,0.0005896091461181641,1,41
115,0.0005896091461181641,1,41
116,0.0005896091461181641,1,41
117,0.0005896091461181641,1,41
118,0.0005896091461181641,1,41
119,0.0005896091461181641,1,41
120,0.0005896091461181641,1,41
121,0.0005896091461181641,1,41
122,0.0005896091461181641,1,41
123,0.0005896091461181641,1,41
124,0.0005896091461181641,1,41
125,0.0005896091461181641,1,41
126,0.0005896091461181641,1,41
127,0.0005896091461181641,1,41
128,0.0005896091461181641,1,41
129,0.0005896091461181641,1,41
130,0.0005896091461181641,1,41
131,0.0005896091461181641,1,41
132,0.0005896091461181641,1,41
133,0.0005896091461181641,1,41
134,0.0005896091461181641,1,41
135,0.0005896091461181641,1,41
136,0.0005896091461181641,1,41
137,0.0005896091461181641,1,41
138,0.0005896091461181641,1,41
139,0.0005896091461181641,1,41
140,0.0005896091461181641,1,41
141,0.0005896091461181641,1,41
142,0.0005896091461181641,1,41
143,0.0005896091461181641,1,41
144,0.0005896091461181641,1,41
145,0.0005896091461181641,1,41
146,0.0005896091461181641,1,41
147,0.0005896091461181641,1,41
148,0.0005896091461181641,1,41
149,0.0005896091461181641,1,41
150,0.0005896091461181641,1,41
151,0.0005896091461181641,1,41
152,0.0005896091461181641,1,41
153,0.0005896091461181641,1,41
154,0.0005896091461181641,1,41
155,0.0005896091461181641,1,41
156,0.0005896091461181641,1,41
157,0.0005896091461181641,1,41
158,0.0005896091461181641,1,41
159,0.0005896091461181641,1,41
160,0.0005896091461181641,1,41
161,0.0005896091461181641,1,41
162,0.0005896091461181641,1,41
163,0.0005896091461181641,1,41
164,0.0005896091461181641,1,41
165,0.0005896091461181641,1,41
166,0.0005896091461181641,1,41
167,0.0005896091461181641,1,41
168,0.0005896091461181641,1,41
169,0.0005896091461181641,1,41
170,0.0005896091461181641,1,41
171,0.0005896091461181641,1,41
172,0.0005896091461181641,1,41
173,0.0005896091461181641,1,41
174,0.0005896091461181641,1,41
175,0.0005896091461181641,1,41
176,0.0005896091461181641,1,41
177,0.0005896091461181641,1,41
178,0.0005896091461181641,1,41
179,0.0005896091461181641,1,41
180,0.0005896091461181641,1,41
181,0.0005896091461181641,1,41
182,0.0005896091461181641,1,41
183,0.0005896091461181641,1,41
184,0.0005896091461181641,1,41
185,0.0005896091461181641,1,41
186,0.0005896091461181641,1,41
187,0.0005896091461181641,1,41
188,0.0005896091461181641,1,41
189,0.0005896091461181641,1,41
190,0.0005896091461181641,1,41
191,0.0005896091461181641,1,41
192,0.0005896091461181641,1,41
193,0.0005896091461181641,1,41
194,0.0005896091461181641,1,41
195,0.0005896091461181641,1,41
196,0.0005896091461181641,1,41
197,0.0005896091461181641,1,41
198,0.0005896091461181641,1,41
199,0.0005896091461181641,1,41
200,0.0005896091461181641,1,41
1,1.990795135498047e-05,1,42
2,2.014636993408203e-05,1,42
3,2.193450927734375e-05,1,42
4,2.396106719970703e-05,1,42
5,3.170967102050781e-05,1,42
6,6.23464584350586e-05,1,42
7,6.23464584350586e-05,1,42
8,6.23464584350586e-05,1,42
9,8.034706115722656e-05,1,42
10,8.034706115722656e-05,1,42
11,8.034706115722656e-05,1,42
12,0.00012195110321044922,1,42
13,0.00012195110321044922,1,42
14,0.00012195110321044922,1,42
15,0.00012195110321044922,1,42
16,0.00012195110321044922,1,42
17,0.00012195110321044922,1,42
18,0.00012195110321044922,1,42
19,0.00012195110321044922,1,42
20,0.00012195110321044922,1,42
21,0.00012195110321044922,1,42
22,0.00012195110321044922,1,42
23,0.00012195110321044922,1,42
24,0.00012195110321044922,1,42
25,0.00012195110321044922,1,42
26,0.00012195110321044922,1,42
27,0.00012195110321044922,1,42
28,0.00012195110321044922,1,42
29,0.00012195110321044922,1,42
30,0.00012195110321044922,1,42
31,0.00012195110321044922,1,42
32,0.00012195110321044922,1,42
33,0.00012195110321044922,1,42
34,0.00012195110321044922,1,42
35,0.00012195110321044922,1,42
36,0.00012195110321044922,1,42
37,0.00012195110321044922,1,42
38,0.00012195110321044922,1,42
39,0.00012195110321044922,1,42
40,0.00012195110321044922,1,42
41,0.00012195110321044922,1,42
42,0.00012195110321044922,1,42
43,0.00012195110321044922,1,42
44,0.00012195110321044922,1,42
45,0.00012195110321044922,1,42
46,0.00012195110321044922,1,42
47,0.00012195110321044922,1,42
48,0.00012195110321044922,1,42
49,0.00012195110321044922,1,42
50,0.00012195110321044922,1,42
51,0.00012195110321044922,1,42
52,0.00012195110321044922,1,42
53,0.00012195110321044922,1,42
54,0.00012195110321044922,1,42
55,0.00012195110321044922,1,42
56,0.00012195110321044922,1,42
57,0.00012195110321044922,1,42
58,0.00012195110321044922,1,42
59,0.00012195110321044922,1,42
60,0.00012195110321044922,1,42
61,0.00012195110321044922,1,42
62,0.00012195110321044922,1,42
63,0.00012195110321044922,1,42
64,0.00012195110321044922,1,42
65,0.00012195110321044922,1,42
66,0.00012195110321044922,1,42
67,0.00012195110321044922,1,42
68,0.00012195110321044922,1,42
69,0.00012195110321044922,1,42
70,0.00012195110321044922,1,42
71,0.00012195110321044922,1,42
72,0.00012195110321044922,1,42
73,0.00012195110321044922,1,42
74,0.00012195110321044922,1,42
75,0.00012195110321044922,1,42
76,0.00012195110321044922,1,42
77,0.00012195110321044922,1,42
78,0.00012195110321044922,1,42
79,0.00012195110321044922,1,42
80,0.00012195110321044922,1,42
81,0.00012195110321044922,1,42
82,0.00012195110321044922,1,42
83,0.00012195110321044922,1,42
84,0.00012195110321044922,1,42
85,0.00012195110321044922,1,42
86,0.00012195110321044922,1,42
87,0.00012195110321044922,1,42
88,0.00012195110321044922,1,42
89,0.00012195110321044922,1,42
90,0.00012195110321044922,1,42
91,0.00012195110321044922,1,42
92,0.00012195110321044922,1,42
93,0.00012195110321044922,1,42
94,0.00012195110321044922,1,42
95,0.00012195110321044922,1,42
96,0.00012195110321044922,1,42
97,0.00012195110321044922,1,42
98,0.00012195110321044922,1,42
99,0.00012195110321044922,1,42
100,0.00012195110321044922,1,42
101,0.00012195110321044922,1,42
102,0.00012195110321044922,1,42
103,0.00012195110321044922,1,42
104,0.00012195110321044922,1,42
105,0.00012195110321044922,1,42
106,0.00012195110321044922,1,42
107,0.00012195110321044922,1,42
108,0.00012195110321044922,1,42
109,0.00012195110321044922,1,42
110,0.00012195110321044922,1,42
111,0.00012195110321044922,1,42
112,0.00012195110321044922,1,42
113,0.00012195110321044922,1,42
114,0.00012195110321044922,1,42
115,0.00012195110321044922,1,42
116,0.00012195110321044922,1,42
117,0.00012195110321044922,1,42
118,0.00012195110321044922,1,42
119,0.00012195110321044922,1,42
120,0.00012195110321044922,1,42
121,0.00012195110321044922,1,42
122,0.00012195110321044922,1,42
123,0.00012195110321044922,1,42
124,0.00012195110321044922,1,42
125,0.00012195110321044922,1,42
126,0.00012195110321044922,1,42
127,0.00012195110321044922,1,42
128,0.00012195110321044922,1,42
129,0.00012195110321044922,1,42
130,0.00012195110321044922,1,42
131,0.00012195110321044922,1,42
132,0.00012195110321044922,1,42
133,0.00012195110321044922,1,42
134,0.00012195110321044922,1,42
135,0.00012195110321044922,1,42
136,0.00012195110321044922,1,42
137,0.00012195110321044922,1,42
138,0.00012195110321044922,1,42
139,0.00012195110321044922,1,42
140,0.00012195110321044922,1,42
141,0.00012195110321044922,1,42
142,0.00012195110321044922,1,42
143,0.00012195110321044922,1,42
144,0.00012195110321044922,1,42
145,0.00012195110321044922,1,42
146,0.00012195110321044922,1,42
147,0.00012195110321044922,1,42
148,0.00012195110321044922,1,42
149,0.00012195110321044922,1,42
150,0.00012195110321044922,1,42
151,0.00012195110321044922,1,42
152,0.00012195110321044922,1,42
153,0.00012195110321044922,1,42
154,0.00012195110321044922,1,42
155,0.00012195110321044922,1,42
156,0.00012195110321044922,1,42
157,0.00012195110321044922,1,42
158,0.00012195110321044922,1,42
159,0.00012195110321044922,1,42
160,0.00012195110321044922,1,42
161,0.00012195110321044922,1,42
162,0.00012195110321044922,1,42
163,0.00012195110321044922,1,42
164,0.00012195110321044922,1,42
165,0.00012195110321044922,1,42
166,0.00012195110321044922,1,42
167,0.00012195110321044922,1,42
168,0.00012195110321044922,1,42
169,0.00012195110321044922,1,42
170,0.00012195110321044922,1,42
171,0.00012195110321044922,1,42
172,0.00012195110321044922,1,42
173,0.00012195110321044922,1,42
174,0.00012195110321044922,1,42
175,0.00012195110321044922,1,42
176,0.00012195110321044922,1,42
177,0.00012195110321044922,1,42
178,0.00012195110321044922,1,42
179,0.00012195110321044922,1,42
180,0.00012195110321044922,1,42
181,0.00012195110321044922,1,42
182,0.00012195110321044922,1,42
183,0.00012195110321044922,1,42
184,0.00012195110321044922,1,42
185,0.00012195110321044922,1,42
186,0.00012195110321044922,1,42
187,0.00012195110321044922,1,42
188,0.00012195110321044922,1,42
189,0.00012195110321044922,1,42
190,0.00012195110321044922,1,42
191,0.00012195110321044922,1,42
192,0.00012195110321044922,1,42
193,0.00012195110321044922,1,42
194,0.00012195110321044922,1,42
195,0.00012195110321044922,1,42
196,0.00012195110321044922,1,42
197,0.00012195110321044922,1,42
198,0.00012195110321044922,1,42
199,0.00012195110321044922,1,42
200,0.00012195110321044922,1,42
1,2.0265579223632812e-05,1,43
2,2.0265579223632812e-05,1,43
3,2.0265579223632812e-05,1,43
4,2.4199485778808594e-05,1,43
5,2.4199485778808594e-05,1,43
6,3.135204315185547e-05,1,43
7,3.135204315185547e-05,1,43
8,3.135204315185547e-05,1,43
9,4.2438507080078125e-05,1,43
10,4.2438507080078125e-05,1,43
11,4.2438507080078125e-05,1,43
12,4.2438507080078125e-05,1,43
13,4.2438507080078125e-05,1,43
14,4.2438507080078125e-05,1,43
15,4.8995018005371094e-05,1,43
16,4.8995018005371094e-05,1,43
17,4.8995018005371094e-05,1,43
18,4.8995018005371094e-05,1,43
19,4.8995018005371094e-05,1,43
20,4.8995018005371094e-05,1,43
21,4.8995018005371094e-05,1,43
22,4.8995018005371094e-05,1,43
23,4.8995018005371094e-05,1,43
24,4.8995018005371094e-05,1,43
25,4.8995018005371094e-05,1,43
26,4.8995018005371094e-05,1,43
27,4.8995018005371094e-05,1,43
28,4.8995018005371094e-05,1,43
29,4.8995018005371094e-05,1,43
30,4.8995018005371094e-05,1,43
31,4.8995018005371094e-05,1,43
32,4.8995018005371094e-05,1,43
33,4.8995018005371094e-05,1,43
34,4.8995018005371094e-05,1,43
35,4.8995018005371094e-05,1,43
36,4.8995018005371094e-05,1,43
37,4.9233436584472656e-05,1,43
38,4.9233436584472656e-05,1,43
39,4.9233436584472656e-05,1,43
40,4.9233436584472656e-05,1,43
41,4.9233436584472656e-05,1,43
42,4.9233436584472656e-05,1,43
43,4.9233436584472656e-05,1,43
44,4.9233436584472656e-05,1,43
45,4.9233436584472656e-05,1,43
46,4.9233436584472656e-05,1,43
47,4.9233436584472656e-05,1,43
48,4.9233436584472656e-05,1,43
49,4.9233436584472656e-05,1,43
50,4.9233436584472656e-05,1,43
51,4.9233436584472656e-05,1,43
52,4.9233436584472656e-05,1,43
53,4.9233436584472656e-05,1,43
54,4.9233436584472656e-05,1,43
55,4.9233436584472656e-05,1,43
56,4.9233436584472656e-05,1,43
57,4.9233436584472656e-05,1,43
58,4.9233436584472656e-05,1,43
59,4.9233436584472656e-05,1,43
60,4.9233436584472656e-05,1,43
61,4.9233436584472656e-05,1,43
62,4.9233436584472656e-05,1,43
63,4.9233436584472656e-05,1,43
64,4.9233436584472656e-05,1,43
65,4.9233436584472656e-05,1,43
66,4.9233436584472656e-05,1,43
67,4.9233436584472656e-05,1,43
68,4.9233436584472656e-05,1,43
69,4.9233436584472656e-05,1,43
70,4.9233436584472656e-05,1,43
71,4.9233436584472656e-05,1,43
72,4.9233436584472656e-05,1,43
73,4.9233436584472656e-05,1,43
74,4.9233436584472656e-05,1,43
75,4.9233436584472656e-05,1,43
76,4.9233436584472656e-05,1,43
77,4.9233436584472656e-05,1,43
78,4.9233436584472656e-05,1,43
79,4.9233436584472656e-05,1,43
80,4.9233436584472656e-05,1,43
81,4.9233436584472656e-05,1,43
82,4.9233436584472656e-05,1,43
83,4.9233436584472656e-05,1,43
84,4.9233436584472656e-05,1,43
85,4.9233436584472656e-05,1,43
86,4.9233436584472656e-05,1,43
87,4.9233436584472656e-05,1,43
88,4.9233436584472656e-05,1,43
89,4.9233436584472656e-05,1,43
90,4.9233436584472656e-05,1,43
91,4.9233436584472656e-05,1,43
92,4.9233436584472656e-05,1,43
93,4.9233436584472656e-05,1,43
94,4.9233436584472656e-05,1,43
95,4.9233436584472656e-05,1,43
96,4.9233436584472656e-05,1,43
97,4.9233436584472656e-05,1,43
98,4.9233436584472656e-05,1,43
99,4.9233436584472656e-05,1,43
100,4.9233436584472656e-05,1,43
101,4.9233436584472656e-05,1,43
102,4.9233436584472656e-05,1,43
103,4.9233436584472656e-05,1,43
104,4.9233436584472656e-05,1,43
105,4.9233436584472656e-05,1,43
106,4.9233436584472656e-05,1,43
107,4.9233436584472656e-05,1,43
108,4.9233436584472656e-05,1,43
109,4.9233436584472656e-05,1,43
110,4.9233436584472656e-05,1,43
111,4.9233436584472656e-05,1,43
112,4.9233436584472656e-05,1,43
113,4.9233436584472656e-05,1,43
114,4.9233436584472656e-05,1,43
115,4.9233436584472656e-05,1,43
116,4.9233436584472656e-05,1,43
117,4.9233436584472656e-05,1,43
118,4.9233436584472656e-05,1,43
119,4.9233436584472656e-05,1,43
120,4.9233436584472656e-05,1,43
121,4.9233436584472656e-05,1,43
122,4.9233436584472656e-05,1,43
123,4.9233436584472656e-05,1,43
124,4.9233436584472656e-05,1,43
125,4.9233436584472656e-05,1,43
126,4.9233436584472656e-05,1,43
127,4.9233436584472656e-05,1,43
128,4.9233436584472656e-05,1,43
129,4.9233436584472656e-05,1,43
130,4.9233436584472656e-05,1,43
131,4.9233436584472656e-05,1,43
132,4.9233436584472656e-05,1,43
133,4.9233436584472656e-05,1,43
134,4.9233436584472656e-05,1,43
135,4.9233436584472656e-05,1,43
136,4.9233436584472656e-05,1,43
137,4.9233436584472656e-05,1,43
138,4.9233436584472656e-05,1,43
139,4.9233436584472656e-05,1,43
140,4.9233436584472656e-05,1,43
141,4.9233436584472656e-05,1,43
142,4.9233436584472656e-05,1,43
143,4.9233436584472656e-05,1,43
144,4.9233436584472656e-05,1,43
145,4.9233436584472656e-05,1,43
146,4.9233436584472656e-05,1,43
147,4.9233436584472656e-05,1,43
148,4.9233436584472656e-05,1,43
149,4.9233436584472656e-05,1,43
150,4.9233436584472656e-05,1,43
151,4.9233436584472656e-05,1,43
152,4.9233436584472656e-05,1,43
153,4.9233436584472656e-05,1,43
154,4.9233436584472656e-05,1,43
155,4.9233436584472656e-05,1,43
156,4.9233436584472656e-05,1,43
157,4.9233436584472656e-05,1,43
158,4.9233436584472656e-05,1,43
159,4.9233436584472656e-05,1,43
160,4.9233436584472656e-05,1,43
161,4.9233436584472656e-05,1,43
162,4.9233436584472656e-05,1,43
163,4.9233436584472656e-05,1,43
164,4.9233436584472656e-05,1,43
165,4.9233436584472656e-05,1,43
166,4.9233436584472656e-05,1,43
167,4.9233436584472656e-05,1,43
168,4.9233436584472656e-05,1,43
169,4.9233436584472656e-05,1,43
170,4.9233436584472656e-05,1,43
171,4.9233436584472656e-05,1,43
172,4.9233436584472656e-05,1,43
173,4.9233436584472656e-05,1,43
174,4.9233436584472656e-05,1,43
175,4.9233436584472656e-05,1,43
176,4.9233436584472656e-05,1,43
177,4.9233436584472656e-05,1,43
178,4.9233436584472656e-05,1,43
179,4.9233436584472656e-05,1,43
180,4.9233436584472656e-05,1,43
181,4.9233436584472656e-05,1,43
182,4.9233436584472656e-05,1,43
183,4.9233436584472656e-05,1,43
184,4.9233436584472656e-05,1,43
185,4.9233436584472656e-05,1,43
186,4.9233436584472656e-05,1,43
187,4.9233436584472656e-05,1,43
188,4.9233436584472656e-05,1,43
189,4.9233436584472656e-05,1,43
190,4.9233436584472656e-05,1,43
191,4.9233436584472656e-05,1,43
192,4.9233436584472656e-05,1,43
193,4.9233436584472656e-05,1,43
194,4.9233436584472656e-05,1,43
195,4.9233436584472656e-05,1,43
196,4.9233436584472656e-05,1,43
197,4.9233436584472656e-05,1,43
198,4.9233436584472656e-05,1,43
199,4.9233436584472656e-05,1,43
200,4.9233436584472656e-05,1,43
1,8.285045623779297e-05,1,44
2,8.285045623779297e-05,1,44
3,8.52346420288086e-05,1,44
4,8.654594421386719e-05,1,44
5,8.893013000488281e-05,1,44
6,0.00010418891906738281,1,44
7,0.00010418891906738281,1,44
8,0.00010418891906738281,1,44
9,0.00010418891906738281,1,44
10,0.00010418891906738281,1,44
11,0.00013530254364013672,1,44
12,0.00014781951904296875,1,44
13,0.00014781951904296875,1,44
14,0.00014781951904296875,1,44
15,0.0001577138900756836,1,44
16,0.0001577138900756836,1,44
17,0.0001577138900756836,1,44
18,0.0001577138900756836,1,44
19,0.0001577138900756836,1,44
20,0.0001944899559020996,1,44
21,0.0001944899559020996,1,44
22,0.0001944899559020996,1,44
23,0.0001944899559020996,1,44
24,0.0001944899559020996,1,44
25,0.0001944899559020996,1,44
26,0.0001944899559020996,1,44
27,0.0001944899559020996,1,44
28,0.0001944899559020996,1,44
29,0.0001944899559020996,1,44
30,0.0001944899559020996,1,44
31,0.0001944899559020996,1,44
32,0.0001944899559020996,1,44
33,0.0001944899559020996,1,44
34,0.0001944899559020996,1,44
35,0.0001944899559020996,1,44
36,0.0001944899559020996,1,44
37,0.0001944899559020996,1,44
38,0.0001944899559020996,1,44
39,0.0001944899559020996,1,44
40,0.0001944899559020996,1,44
41,0.0001944899559020996,1,44
42,0.0001944899559020996,1,44
43,0.0001944899559020996,1,44
44,0.0001944899559020996,1,44
45,0.0001944899559020996,1,44
46,0.0001944899559020996,1,44
47,0.0001944899559020996,1,44
48,0.0001944899559020996,1,44
49,0.0001944899559020996,1,44
50,0.0001944899559020996,1,44
51,0.0001944899559020996,1,44
52,0.0001944899559020996,1,44
53,0.0001944899559020996,1,44
54,0.0001944899559020996,1,44
55,0.0001944899559020996,1,44
56,0.0001944899559020996,1,44
57,0.0001944899559020996,1,44
58,0.0001944899559020996,1,44
59,0.0001944899559020996,1,44
60,0.0001944899559020996,1,44
61,0.0001944899559020996,1,44
62,0.0001944899559020996,1,44
63,0.0001944899559020996,1,44
64,0.0001944899559020996,1,44
65,0.0001944899559020996,1,44
66,0.0001944899559020996,1,44
67,0.0001944899559020996,1,44
68,0.0001944899559020996,1,44
69,0.0001944899559020996,1,44
70,0.0001944899559020996,1,44
71,0.0001944899559020996,1,44
72,0.0001944899559020996,1,44
73,0.0001944899559020996,1,44
74,0.0001944899559020996,1,44
75,0.0001944899559020996,1,44
76,0.0001944899559020996,1,44
77,0.0001944899559020996,1,44
78,0.0001944899559020996,1,44
79,0.0001944899559020996,1,44
80,0.0001944899559020996,1,44
81,0.0001944899559020996,1,44
82,0.0001944899559020996,1,44
83,0.0001944899559020996,1,44
84,0.0001944899559020996,1,44
85,0.0001944899559020996,1,44
86,0.0001944899559020996,1,44
87,0.0001944899559020996,1,44
88,0.0001944899559020996,1,44
89,0.0001944899559020996,1,44
90,0.0001944899559020996,1,44
91,0.0001944899559020996,1,44
92,0.0001944899559020996,1,44
93,0.0001944899559020996,1,44
94,0.0001944899559020996,1,44
95,0.0001944899559020996,1,44
96,0.0001944899559020996,1,44
97,0.0001944899559020996,1,44
98,0.0001944899559020996,1,44
99,0.0001944899559020996,1,44
100,0.0001944899559020996,1,44
101,0.0001944899559020996,1,44
102,0.0001944899559020996,1,44
103,0.0001944899559020996,1,44
104,0.0001944899559020996,1,44
105,0.0001944899559020996,1,44
106,0.0001944899559020996,1,44
107,0.0001944899559020996,1,44
108,0.0001944899559020996,1,44
109,0.0001944899559020996,1,44
110,0.0001944899559020996,1,44
111,0.0001944899559020996,1,44
112,0.0001944899559020996,1,44
113,0.0001944899559020996,1,44
114,0.0001944899559020996,1,44
115,0.0001944899559020996,1,44
116,0.0001944899559020996,1,44
117,0.0001944899559020996,1,44
118,0.0001944899559020996,1,44
119,0.0001944899559020996,1,44
120,0.0001944899559020996,1,44
121,0.0001944899559020996,1,44
122,0.0001944899559020996,1,44
123,0.0001944899559020996,1,44
124,0.0001944899559020996,1,44
125,0.0001944899559020996,1,44
126,0.0001944899559020996,1,44
127,0.0001944899559020996,1,44
128,0.0001944899559020996,1,44
129,0.0001944899559020996,1,44
130,0.0001944899559020996,1,44
131,0.0001944899559020996,1,44
132,0.0001944899559020996,1,44
133,0.0001944899559020996,1,44
134,0.0001944899559020996,1,44
135,0.0001944899559020996,1,44
136,0.0001944899559020996,1,44
137,0.0001944899559020996,1,44
138,0.0001944899559020996,1,44
139,0.0001944899559020996,1,44
140,0.0001944899559020996,1,44
141,0.0001944899559020996,1,44
142,0.0001944899559020996,1,44
143,0.0001944899559020996,1,44
144,0.0001944899559020996,1,44
145,0.0001944899559020996,1,44
146,0.0001944899559020996,1,44
147,0.0001944899559020996,1,44
148,0.0001944899559020996,1,44
149,0.0001944899559020996,1,44
150,0.0001944899559020996,1,44
151,0.0001944899559020996,1,44
152,0.0001944899559020996,1,44
153,0.0001944899559020996,1,44
154,0.0001944899559020996,1,44
155,0.0001944899559020996,1,44
156,0.0001944899559020996,1,44
157,0.0001944899559020996,1,44
158,0.0001944899559020996,1,44
159,0.0001944899559020996,1,44
160,0.0001944899559020996,1,44
161,0.0001944899559020996,1,44
162,0.0001944899559020996,1,44
163,0.0001944899559020996,1,44
164,0.0001944899559020996,1,44
165,0.0001944899559020996,1,44
166,0.0001944899559020996,1,44
167,0.0001944899559020996,1,44
168,0.0001944899559020996,1,44
169,0.0001944899559020996,1,44
170,0.0001944899559020996,1,44
171,0.0001944899559020996,1,44
172,0.0001944899559020996,1,44
173,0.0001944899559020996,1,44
174,0.0001944899559020996,1,44
175,0.0001944899559020996,1,44
176,0.0001944899559020996,1,44
177,0.0001944899559020996,1,44
178,0.0001944899559020996,1,44
179,0.0001944899559020996,1,44
180,0.0001944899559020996,1,44
181,0.0001944899559020996,1,44
182,0.0001944899559020996,1,44
183,0.0001944899559020996,1,44
184,0.0001944899559020996,1,44
185,0.0001944899559020996,1,44
186,0.0001944899559020996,1,44
187,0.0001944899559020996,1,44
188,0.0001944899559020996,1,44
189,0.0001944899559020996,1,44
190,0.0001944899559020996,1,44
191,0.0001944899559020996,1,44
192,0.0001944899559020996,1,44
193,0.0001944899559020996,1,44
194,0.0001944899559020996,1,44
195,0.0001944899559020996,1,44
196,0.0001944899559020996,1,44
197,0.0001944899559020996,1,44
198,0.0001944899559020996,1,44
199,0.0001944899559020996,1,44
200,0.0001944899559020996,1,44
1,5.161762237548828e-05,1,45
2,5.161762237548828e-05,1,45
3,5.316734313964844e-05,1,45
4,5.936622619628906e-05,1,45
5,0.00012540817260742188,1,45
6,0.00012540817260742188,1,45
7,0.00012540817260742188,1,45
8,0.00012540817260742188,1,45
9,0.00012540817260742188,1,45
10,0.00012540817260742188,1,45
11,0.00012540817260742188,1,45
12,0.00012540817260742188,1,45
13,0.00012540817260742188,1,45
14,0.00012540817260742188,1,45
15,0.0001786351203918457,1,45
16,0.0001786351203918457,1,45
17,0.0001786351203918457,1,45
18,0.0001786351203918457,1,45
19,0.0001786351203918457,1,45
20,0.0001786351203918457,1,45
21,0.00023430585861206055,1,45
22,0.00023430585861206055,1,45
23,0.00023430585861206055,1,45
24,0.00023430585861206055,1,45
25,0.00023430585861206055,1,45
26,0.00023430585861206055,1,45
27,0.00023430585861206055,1,45
28,0.00023430585861206055,1,45
29,0.00023430585861206055,1,45
30,0.00026494264602661133,1,45
31,0.00026494264602661133,1,45
32,0.00026494264602661133,1,45
33,0.00026494264602661133,1,45
34,0.00026494264602661133,1,45
35,0.00026494264602661133,1,45
36,0.00026494264602661133,1,45
37,0.00026494264602661133,1,45
38,0.00026494264602661133,1,45
39,0.00026494264602661133,1,45
40,0.00026494264602661133,1,45
41,0.00026494264602661133,1,45
42,0.00026494264602661133,1,45
43,0.00026494264602661133,1,45
44,0.00026494264602661133,1,45
45,0.00026494264602661133,1,45
46,0.00026494264602661133,1,45
47,0.00026494264602661133,1,45
48,0.00026494264602661133,1,45
49,0.00026494264602661133,1,45
50,0.00026494264602661133,1,45
51,0.00026494264602661133,1,45
52,0.00026494264602661133,1,45
53,0.00026494264602661133,1,45
54,0.00026494264602661133,1,45
55,0.00026494264602661133,1,45
56,0.00026494264602661133,1,45
57,0.00026494264602661133,1,45
58,0.00026494264602661133,1,45
59,0.00026494264602661133,1,45
60,0.00026494264602661133,1,45
61,0.00026494264602661133,1,45
62,0.00026494264602661133,1,45
63,0.00026494264602661133,1,45
64,0.00026494264602661133,1,45
65,0.00026494264602661133,1,45
66,0.00026494264602661133,1,45
67,0.00026494264602661133,1,45
68,0.00026494264602661133,1,45
69,0.00026494264602661133,1,45
70,0.00026494264602661133,1,45
71,0.00026494264602661133,1,45
72,0.00026494264602661133,1,45
73,0.00026494264602661133,1,45
74,0.00026494264602661133,1,45
75,0.00026494264602661133,1,45
76,0.00026494264602661133,1,45
77,0.00026494264602661133,1,45
78,0.00026494264602661133,1,45
79,0.00026494264602661133,1,45
80,0.00026494264602661133,1,45
81,0.00026494264602661133,1,45
82,0.00026494264602661133,1,45
83,0.00026494264602661133,1,45
84,0.00026494264602661133,1,45
85,0.00026494264602661133,1,45
86,0.00026494264602661133,1,45
87,0.00026494264602661133,1,45
88,0.00026494264602661133,1,45
89,0.00026494264602661133,1,45
90,0.00026494264602661133,1,45
91,0.00026494264602661133,1,45
92,0.00026494264602661133,1,45
93,0.00026494264602661133,1,45
94,0.00026494264602661133,1,45
95,0.00026494264602661133,1,45
96,0.00026494264602661133,1,45
97,0.00026494264602661133,1,45
98,0.00026494264602661133,1,45
99,0.00026494264602661133,1,45
100,0.00026494264602661133,1,45
101,0.00026494264602661133,1,45
102,0.00026494264602661133,1,45
103,0.00026494264602661133,1,45
104,0.00026494264602661133,1,45
105,0.00026494264602661133,1,45
106,0.00026494264602661133,1,45
107,0.00026494264602661133,1,45
108,0.00026494264602661133,1,45
109,0.00026494264602661133,1,45
110,0.00026494264602661133,1,45
111,0.00026494264602661133,1,45
112,0.00026494264602661133,1,45
113,0.00026494264602661133,1,45
114,0.00026494264602661133,1,45
115,0.00026494264602661133,1,45
116,0.00026494264602661133,1,45
117,0.00026494264602661133,1,45
118,0.00026494264602661133,1,45
119,0.00026494264602661133,1,45
120,0.00026494264602661133,1,45
121,0.00026494264602661133,1,45
122,0.00026494264602661133,1,45
123,0.00026494264602661133,1,45
124,0.00026494264602661133,1,45
125,0.00026494264602661133,1,45
126,0.00026494264602661133,1,45
127,0.00026494264602661133,1,45
128,0.00026494264602661133,1,45
129,0.00026494264602661133,1,45
130,0.00026494264602661133,1,45
131,0.00026494264602661133,1,45
132,0.00026494264602661133,1,45
133,0.00026494264602661133,1,45
134,0.00026494264602661133,1,45
135,0.00026494264602661133,1,45
136,0.00026494264602661133,1,45
137,0.00026494264602661133,1,45
138,0.00026494264602661133,1,45
139,0.00026494264602661133,1,45
140,0.00026494264602661133,1,45
141,0.00026494264602661133,1,45
142,0.00026494264602661133,1,45
143,0.00026494264602661133,1,45
144,0.00026494264602661133,1,45
145,0.00026494264602661133,1,45
146,0.00026494264602661133,1,45
147,0.00026494264602661133,1,45
148,0.00026494264602661133,1,45
149,0.00026494264602661133,1,45
150,0.00026494264602661133,1,45
151,0.00026494264602661133,1,45
152,0.00026494264602661133,1,45
153,0.00026494264602661133,1,45
154,0.00026494264602661133,1,45
155,0.00026494264602661133,1,45
156,0.00026494264602661133,1,45
157,0.00026494264602661133,1,45
158,0.00026494264602661133,1,45
159,0.00026494264602661133,1,45
160,0.00026494264602661133,1,45
161,0.00026494264602661133,1,45
162,0.00026494264602661133,1,45
163,0.00026494264602661133,1,45
164,0.00026494264602661133,1,45
165,0.00026494264602661133,1,45
166,0.00026494264602661133,1,45
167,0.00026494264602661133,1,45
168,0.00026494264602661133,1,45
169,0.00026494264602661133,1,45
170,0.00026494264602661133,1,45
171,0.00026494264602661133,1,45
172,0.00026494264602661133,1,45
173,0.00026494264602661133,1,45
174,0.00026494264602661133,1,45
175,0.00026494264602661133,1,45
176,0.00026494264602661133,1,45
177,0.00026494264602661133,1,45
178,0.00026494264602661133,1,45
179,0.00026494264602661133,1,45
180,0.00026494264602661133,1,45
181,0.00026494264602661133,1,45
182,0.00026494264602661133,1,45
183,0.00026494264602661133,1,45
184,0.00026494264602661133,1,45
185,0.00026494264602661133,1,45
186,0.00026494264602661133,1,45
187,0.00026494264602661133,1,45
188,0.00026494264602661133,1,45
189,0.00026494264602661133,1,45
190,0.00026494264602661133,1,45
191,0.00026494264602661133,1,45
192,0.00026494264602661133,1,45
193,0.00026494264602661133,1,45
194,0.00026494264602661133,1,45
195,0.00026494264602661133,1,45
196,0.00026494264602661133,1,45
197,0.00026494264602661133,1,45
198,0.00026494264602661133,1,45
199,0.00026494264602661133,1,45
200,0.00026494264602661133,1,45
1,0.000743567943572998,1,46
2,0.0011273026466369629,1,46
3,0.001234889030456543,1,46
4,0.002035975456237793,1,46
5,0.002035975456237793,1,46
6,0.002110898494720459,1,46
7,0.002110898494720459,1,46
8,0.002110898494720459,1,46
9,0.0029283761978149414,1,46
10,0.0029283761978149414,1,46
11,0.0029283761978149414,1,46
12,0.003599405288696289,1,46
13,0.003719151020050049,1,46
14,0.003719151020050049,1,46
15,0.003719151020050049,1,46
16,0.003719151020050049,1,46
17,0.003719151020050049,1,46
18,0.003719151020050049,1,46
19,0.003788471221923828,1,46
20,0.003788471221923828,1,46
21,0.003788471221923828,1,46
22,0.003788471221923828,1,46
23,0.003788471221923828,1,46
24,0.003788471221923828,1,46
25,0.003788471221923828,1,46
26,0.003788471221923828,1,46
27,0.003788471221923828,1,46
28,0.003788471221923828,1,46
29,0.003788471221923828,1,46
30,0.003788471221923828,1,46
31,0.003788471221923828,1,46
32,0.003788471221923828,1,46
33,0.003788471221923828,1,46
34,0.003788471221923828,1,46
35,0.003788471221923828,1,46
36,0.003788471221923828,1,46
37,0.003788471221923828,1,46
38,0.003788471221923828,1,46
39,0.003788471221923828,1,46
40,0.0038868188858032227,1,46
41,0.0038868188858032227,1,46
42,0.0038868188858032227,1,46
43,0.0038868188858032227,1,46
44,0.0038868188858032227,1,46
45,0.0038868188858032227,1,46
46,0.0038868188858032227,1,46
47,0.0038868188858032227,1,46
48,0.0038868188858032227,1,46
49,0.0038868188858032227,1,46
50,0.0038868188858032227,1,46
51,0.0038868188858032227,1,46
52,0.0038868188858032227,1,46
53,0.0038868188858032227,1,46
54,0.0038868188858032227,1,46
55,0.0038868188858032227,1,46
56,0.0038868188858032227,1,46
57,0.0038868188858032227,1,46
58,0.0038868188858032227,1,46
59,0.0038868188858032227,1,46
60,0.0038868188858032227,1,46
61,0.0038868188858032227,1,46
62,0.0038868188858032227,1,46
63,0.0038868188858032227,1,46
64,0.0038868188858032227,1,46
65,0.0038868188858032227,1,46
66,0.0038868188858032227,1,46
67,0.0038868188858032227,1,46
68,0.0038868188858032227,1,46
69,0.0038868188858032227,1,46
70,0.0038868188858032227,1,46
71,0.0038868188858032227,1,46
72,0.0038868188858032227,1,46
73,0.0038868188858032227,1,46
74,0.0038868188858032227,1,46
75,0.0038868188858032227,1,46
76,0.0038868188858032227,1,46
77,0.0038868188858032227,1,46
78,0.0038868188858032227,1,46
79,0.0038868188858032227,1,46
80,0.0038868188858032227,1,46
81,0.0038868188858032227,1,46
82,0.0038868188858032227,1,46
83,0.0038868188858032227,1,46
84,0.0038868188858032227,1,46
85,0.0038868188858032227,1,46
86,0.0038868188858032227,1,46
87,0.0038868188858032227,1,46
88,0.0038868188858032227,1,46
89,0.0038868188858032227,1,46
90,0.0038868188858032227,1,46
91,0.0038868188858032227,1,46
92,0.0038868188858032227,1,46
93,0.0038868188858032227,1,46
94,0.0038868188858032227,1,46
95,0.0038868188858032227,1,46
96,0.0038868188858032227,1,46
97,0.0038868188858032227,1,46
98,0.0038868188858032227,1,46
99,0.0038868188858032227,1,46
100,0.0038868188858032227,1,46
101,0.0038868188858032227,1,46
102,0.0038868188858032227,1,46
103,0.0038868188858032227,1,46
104,0.0038868188858032227,1,46
105,0.0038868188858032227,1,46
106,0.0038868188858032227,1,46
107,0.0038868188858032227,1,46
108,0.0038868188858032227,1,46
109,0.0038868188858032227,1,46
110,0.0038868188858032227,1,46
111,0.0038868188858032227,1,46
112,0.0038868188858032227,1,46
113,0.0038868188858032227,1,46
114,0.0038868188858032227,1,46
115,0.0038868188858032227,1,46
116,0.0038868188858032227,1,46
117,0.0038868188858032227,1,46
118,0.0038868188858032227,1,46
119,0.0038868188858032227,1,46
120,0.0038868188858032227,1,46
121,0.0038868188858032227,1,46
122,0.0038868188858032227,1,46
123,0.0038868188858032227,1,46
124,0.0038868188858032227,1,46
125,0.0038868188858032227,1,46
126,0.0038868188858032227,1,46
127,0.0038868188858032227,1,46
128,0.0038868188858032227,1,46
129,0.0038868188858032227,1,46
130,0.0038868188858032227,1,46
131,0.0038868188858032227,1,46
132,0.0038868188858032227,1,46
133,0.0038868188858032227,1,46
134,0.0038868188858032227,1,46
135,0.0038868188858032227,1,46
136,0.0038868188858032227,1,46
137,0.0038868188858032227,1,46
138,0.0038868188858032227,1,46
139,0.0038868188858032227,1,46
140,0.0038868188858032227,1,46
141,0.0038868188858032227,1,46
142,0.0038868188858032227,1,46
143,0.0038868188858032227,1,46
144,0.0038868188858032227,1,46
145,0.0038868188858032227,1,46
146,0.0038868188858032227,1,46
147,0.0038868188858032227,1,46
148,0.0038868188858032227,1,46
149,0.0038868188858032227,1,46
150,0.0038868188858032227,1,46
151,0.0038868188858032227,1,46
152,0.0038868188858032227,1,46
153,0.0038868188858032227,1,46
154,0.0038868188858032227,1,46
155,0.0038868188858032227,1,46
156,0.0038868188858032227,1,46
157,0.0038868188858032227,1,46
158,0.0038868188858032227,1,46
159,0.0038868188858032227,1,46
160,0.0038868188858032227,1,46
161,0.0038868188858032227,1,46
162,0.0038868188858032227,1,46
163,0.0038868188858032227,1,46
164,0.0038868188858032227,1,46
165,0.0038868188858032227,1,46
166,0.0038868188858032227,1,46
167,0.0038868188858032227,1,46
168,0.0038868188858032227,1,46
169,0.0038868188858032227,1,46
170,0.0038868188858032227,1,46
171,0.0038868188858032227,1,46
172,0.0038868188858032227,1,46
173,0.0038868188858032227,1,46
174,0.0038868188858032227,1,46
175,0.0038868188858032227,1,46
176,0.0038868188858032227,1,46
177,0.0038868188858032227,1,46
178,0.0038868188858032227,1,46
179,0.0038868188858032227,1,46
180,0.0038868188858032227,1,46
181,0.0038868188858032227,1,46
182,0.0038868188858032227,1,46
183,0.0038868188858032227,1,46
184,0.0038868188858032227,1,46
185,0.0038868188858032227,1,46
186,0.0038868188858032227,1,46
187,0.0038868188858032227,1,46
188,0.0038868188858032227,1,46
189,0.0038868188858032227,1,46
190,0.0038868188858032227,1,46
191,0.0038868188858032227,1,46
192,0.0038868188858032227,1,46
193,0.0038868188858032227,1,46
194,0.0038868188858032227,1,46
195,0.0038868188858032227,1,46
196,0.0038868188858032227,1,46
197,0.0038868188858032227,1,46
198,0.0038868188858032227,1,46
199,0.0038868188858032227,1,46
200,0.0038868188858032227,1,46
1,0.0003260374069213867,1,47
2,0.0003339052200317383,1,47
3,0.0003339052200317383,1,47
4,0.00034737586975097656,1,47
5,0.0003858804702758789,1,47
6,0.0009174346923828125,1,47
7,0.0014815926551818848,1,47
8,0.0014815926551818848,1,47
9,0.0014815926551818848,1,47
10,0.0014904141426086426,1,47
11,0.0014904141426086426,1,47
12,0.0014904141426086426,1,47
13,0.0014904141426086426,1,47
14,0.0014904141426086426,1,47
15,0.0014904141426086426,1,47
16,0.0016498565673828125,1,47
17,0.0029044151306152344,1,47
18,0.0029044151306152344,1,47
19,0.0034276247024536133,1,47
20,0.0034276247024536133,1,47
21,0.0034276247024536133,1,47
22,0.0034276247024536133,1,47
23,0.0034276247024536133,1,47
24,0.0034276247024536133,1,47
25,0.0034276247024536133,1,47
26,0.0034276247024536133,1,47
27,0.0034276247024536133,1,47
28,0.0034276247024536133,1,47
29,0.0034276247024536133,1,47
30,0.0034276247024536133,1,47
31,0.0034276247024536133,1,47
32,0.0034276247024536133,1,47
33,0.0034276247024536133,1,47
34,0.0034276247024536133,1,47
35,0.0034276247024536133,1,47
36,0.0034276247024536133,1,47
37,0.0034276247024536133,1,47
38,0.0034276247024536133,1,47
39,0.0034276247024536133,1,47
40,0.0034276247024536133,1,47
41,0.0034276247024536133,1,47
42,0.0034276247024536133,1,47
43,0.0034276247024536133,1,47
44,0.0034276247024536133,1,47
45,0.0034276247024536133,1,47
46,0.0034276247024536133,1,47
47,0.0034276247024536133,1,47
48,0.0034276247024536133,1,47
49,0.0034276247024536133,1,47
50,0.0034276247024536133,1,47
51,0.0034276247024536133,1,47
52,0.0034276247024536133,1,47
53,0.0034276247024536133,1,47
54,0.0034276247024536133,1,47
55,0.0034276247024536133,1,47
56,0.0034276247024536133,1,47
57,0.0034276247024536133,1,47
58,0.0034276247024536133,1,47
59,0.0034276247024536133,1,47
60,0.0034276247024536133,1,47
61,0.0034276247024536133,1,47
62,0.0034276247024536133,1,47
63,0.0034276247024536133,1,47
64,0.0034276247024536133,1,47
65,0.0034276247024536133,1,47
66,0.0034276247024536133,1,47
67,0.0034276247024536133,1,47
68,0.0034276247024536133,1,47
69,0.0034276247024536133,1,47
70,0.0034276247024536133,1,47
71,0.0034276247024536133,1,47
72,0.0034276247024536133,1,47
73,0.0034276247024536133,1,47
74,0.0034276247024536133,1,47
75,0.0034276247024536133,1,47
76,0.0034276247024536133,1,47
77,0.0034276247024536133,1,47
78,0.0034276247024536133,1,47
79,0.0034276247024536133,1,47
80,0.0034276247024536133,1,47
81,0.0034276247024536133,1,47
82,0.0034276247024536133,1,47
83,0.0034276247024536133,1,47
84,0.0034276247024536133,1,47
85,0.0034276247024536133,1,47
86,0.0034276247024536133,1,47
87,0.0034276247024536133,1,47
88,0.0034276247024536133,1,47
89,0.0034276247024536133,1,47
90,0.0034276247024536133,1,47
91,0.0034276247024536133,1,47
92,0.0034276247024536133,1,47
93,0.0034276247024536133,1,47
94,0.0034276247024536133,1,47
95,0.0034276247024536133,1,47
96,0.0034276247024536133,1,47
97,0.0034276247024536133,1,47
98,0.0034276247024536133,1,47
99,0.0034276247024536133,1,47
100,0.0034276247024536133,1,47
101,0.0034276247024536133,1,47
102,0.0034276247024536133,1,47
103,0.0034276247024536133,1,47
104,0.0034276247024536133,1,47
105,0.0034276247024536133,1,47
106,0.0034276247024536133,1,47
107,0.0034276247024536133,1,47
108,0.0034276247024536133,1,47
109,0.0034276247024536133,1,47
110,0.0034276247024536133,1,47
111,0.0034276247024536133,1,47
112,0.0034276247024536133,1,47
113,0.0034276247024536133,1,47
114,0.0034276247024536133,1,47
115,0.0034276247024536133,1,47
116,0.0034276247024536133,1,47
117,0.0034276247024536133,1,47
118,0.0034276247024536133,1,47
119,0.0034276247024536133,1,47
120,0.0034276247024536133,1,47
121,0.0034276247024536133,1,47
122,0.0034276247024536133,1,47
123,0.0034276247024536133,1,47
124,0.0034276247024536133,1,47
125,0.0034276247024536133,1,47
126,0.0034276247024536133,1,47
127,0.0034276247024536133,1,47
128,0.0034276247024536133,1,47
129,0.0034276247024536133,1,47
130,0.0034276247024536133,1,47
131,0.0034276247024536133,1,47
132,0.0034276247024536133,1,47
133,0.0034276247024536133,1,47
134,0.0034276247024536133,1,47
135,0.0034276247024536133,1,47
136,0.0034276247024536133,1,47
137,0.0034276247024536133,1,47
138,0.0034276247024536133,1,47
139,0.0034276247024536133,1,47
140,0.0034276247024536133,1,47
141,0.0034276247024536133,1,47
142,0.0034276247024536133,1,47
143,0.0034276247024536133,1,47
144,0.0034276247024536133,1,47
145,0.0034276247024536133,1,47
146,0.0034276247024536133,1,47
147,0.0034276247024536133,1,47
148,0.0034276247024536133,1,47
149,0.0034276247024536133,1,47
150,0.0034276247024536133,1,47
151,0.0034276247024536133,1,47
152,0.0034276247024536133,1,47
153,0.0034276247024536133,1,47
154,0.0034276247024536133,1,47
155,0.0034276247024536133,1,47
156,0.0034276247024536133,1,47
157,0.0034276247024536133,1,47
158,0.0034276247024536133,1,47
159,0.0034276247024536133,1,47
160,0.0034276247024536133,1,47
161,0.0034276247024536133,1,47
162,0.0034276247024536133,1,47
163,0.0034276247024536133,1,47
164,0.0034276247024536133,1,47
165,0.0034276247024536133,1,47
166,0.0034276247024536133,1,47
167,0.0034276247024536133,1,47
168,0.0034276247024536133,1,47
169,0.0034276247024536133,1,47
170,0.0034276247024536133,1,47
171,0.0034276247024536133,1,47
172,0.0034276247024536133,1,47
173,0.0034276247024536133,1,47
174,0.0034276247024536133,1,47
175,0.0034276247024536133,1,47
176,0.0034276247024536133,1,47
177,0.0034276247024536133,1,47
178,0.0034276247024536133,1,47
179,0.0034276247024536133,1,47
180,0.0034276247024536133,1,47
181,0.0034276247024536133,1,47
182,0.0034276247024536133,1,47
183,0.0034276247024536133,1,47
184,0.0034276247024536133,1,47
185,0.0034276247024536133,1,47
186,0.0034276247024536133,1,47
187,0.0034276247024536133,1,47
188,0.0034276247024536133,1,47
189,0.0034276247024536133,1,47
190,0.0034276247024536133,1,47
191,0.0034276247024536133,1,47
192,0.0034276247024536133,1,47
193,0.0034276247024536133,1,47
194,0.0034276247024536133,1,47
195,0.0034276247024536133,1,47
196,0.0034276247024536133,1,47
197,0.0034276247024536133,1,47
198,0.0034276247024536133,1,47
199,0.0034276247024536133,1,47
200,0.0034276247024536133,1,47
1,0.0001195669174194336,1,48
2,0.0001195669174194336,1,48
3,0.00013780593872070312,1,48
4,0.0001455545425415039,1,48
5,0.0001455545425415039,1,48
6,0.0001475811004638672,1,48
7,0.0001984238624572754,1,48
8,0.00037038326263427734,1,48
9,0.0006470084190368652,1,48
10,0.0006470084190368652,1,48
11,0.0011440515518188477,1,48
12,0.0011440515518188477,1,48
13,0.0024673938751220703,1,48
14,0.0024673938751220703,1,48
15,0.0024673938751220703,1,48
16,0.0024673938751220703,1,48
17,0.0024673938751220703,1,48
18,0.0024673938751220703,1,48
19,0.0024673938751220703,1,48
20,0.0024673938751220703,1,48
21,0.0024673938751220703,1,48
22,0.0024673938751220703,1,48
23,0.0024673938751220703,1,48
24,0.0024673938751220703,1,48
25,0.0024673938751220703,1,48
26,0.0024673938751220703,1,48
27,0.0024673938751220703,1,48
28,0.0025756359100341797,1,48
29,0.0025756359100341797,1,48
30,0.0025756359100341797,1,48
31,0.0025756359100341797,1,48
32,0.0025756359100341797,1,48
33,0.0025756359100341797,1,48
34,0.0025756359100341797,1,48
35,0.0025756359100341797,1,48
36,0.0025756359100341797,1,48
37,0.0025756359100341797,1,48
38,0.0025756359100341797,1,48
39,0.0025756359100341797,1,48
40,0.0025756359100341797,1,48
41,0.0025756359100341797,1,48
42,0.0025756359100341797,1,48
43,0.0025756359100341797,1,48
44,0.0025756359100341797,1,48
45,0.0025756359100341797,1,48
46,0.0025756359100341797,1,48
47,0.0025756359100341797,1,48
48,0.0025756359100341797,1,48
49,0.0025756359100341797,1,48
50,0.0025756359100341797,1,48
51,0.0025756359100341797,1,48
52,0.0025756359100341797,1,48
53,0.0025756359100341797,1,48
54,0.0025756359100341797,1,48
55,0.0025756359100341797,1,48
56,0.0025756359100341797,1,48
57,0.0025756359100341797,1,48
58,0.0025756359100341797,1,48
59,0.0025756359100341797,1,48
60,0.0025756359100341797,1,48
61,0.0025756359100341797,1,48
62,0.0025756359100341797,1,48
63,0.0025756359100341797,1,48
64,0.0025756359100341797,1,48
65,0.0025756359100341797,1,48
66,0.0025756359100341797,1,48
67,0.0025756359100341797,1,48
68,0.0025756359100341797,1,48
69,0.0025756359100341797,1,48
70,0.0025756359100341797,1,48
71,0.0025756359100341797,1,48
72,0.0025756359100341797,1,48
73,0.0025756359100341797,1,48
74,0.0025756359100341797,1,48
75,0.0025756359100341797,1,48
76,0.0025756359100341797,1,48
77,0.0025756359100341797,1,48
78,0.0025756359100341797,1,48
79,0.0025756359100341797,1,48
80,0.0025756359100341797,1,48
81,0.0025756359100341797,1,48
82,0.0025756359100341797,1,48
83,0.0025756359100341797,1,48
84,0.0025756359100341797,1,48
85,0.0025756359100341797,1,48
86,0.0025756359100341797,1,48
87,0.0025756359100341797,1,48
88,0.04876863956451416,2,48
89,0.04876863956451416,2,48
90,0.04876863956451416,2,48
91,0.04876863956451416,2,48
92,0.04876863956451416,2,48
93,0.04876863956451416,2,48
94,0.04876863956451416,2,48
95,0.04876863956451416,2,48
96,0.04876863956451416,2,48
97,0.04876863956451416,2,48
98,0.04876863956451416,2,48
99,0.04876863956451416,2,48
100,0.04876863956451416,2,48
101,0.04876863956451416,2,48
102,0.05236274003982544,2,48
103,0.05236274003982544,2,48
104,0.05236274003982544,2,48
105,0.1318364143371582,3,48
106,0.1318364143371582,3,48
107,0.1318364143371582,3,48
108,0.1318364143371582,3,48
109,0.1318364143371582,3,48
110,0.18573510646820068,3,48
111,0.18573510646820068,3,48
112,0.25838398933410645,3,48
113,0.25838398933410645,3,48
114,0.2798343300819397,3,48
115,0.31302565336227417,3,48
116,0.31302565336227417,3,48
117,0.31302565336227417,3,48
118,0.33041685819625854,3,48
119,0.6371962130069733,6,48
120,0.6371962130069733,6,48
121,0.6371962130069733,6,48
122,0.6371962130069733,6,48
123,0.5573379695415497,4,48
124,0.5573379695415497,4,48
125,0.8563921898603439,8,48
126,0.8563921898603439,8,48
127,0.8006825298070908,6,48
128,0.8028934001922607,4,48
129,0.8028934001922607,4,48
130,0.8561161309480667,5,48
131,0.8561161309480667,5,48
132,0.8561161309480667,5,48
133,0.8561161309480667,5,48
134,0.9058403819799423,5,48
135,0.9058403819799423,5,48
136,0.9058403819799423,5,48
137,0.9058403819799423,5,48
138,0.9058403819799423,5,48
139,0.9149472266435623,5,48
140,0.9149472266435623,5,48
141,0.969913313165307,6,48
142,0.969913313165307,6,48
143,0.969913313165307,6,48
144,0.969913313165307,6,48
145,0.9743594061583281,6,48
146,0.9747213572263718,6,48
147,0.9820538852363825,6,48
148,0.9820538852363825,6,48
149,0.9820538852363825,6,48
150,0.9820538852363825,6,48
151,0.9820538852363825,6,48
152,0.9820538852363825,6,48
153,0.9820538852363825,6,48
154,0.9820538852363825,6,48
155,0.9845042200759053,6,48
156,0.9508118256926537,5,48
157,0.9508118256926537,5,48
158,0.9508118256926537,5,48
159,0.9508118256926537,5,48
160,0.9508118256926537,5,48
161,0.9508118256926537,5,48
162,0.9508118256926537,5,48
163,0.9508118256926537,5,48
164,0.9508118256926537,5,48
165,0.9508118256926537,5,48
166,0.9508118256926537,5,48
167,0.9508118256926537,5,48
168,0.9805840849876404,5,48
169,0.9805840849876404,5,48
170,0.9805840849876404,5,48
171,0.9805840849876404,5,48
172,0.9805840849876404,5,48
173,0.9805840849876404,5,48
174,0.9805840849876404,5,48
175,0.9805840849876404,5,48
176,0.9805840849876404,5,48
177,0.9805840849876404,5,48
178,0.9805840849876404,5,48
179,0.9805840849876404,5,48
180,0.9805840849876404,5,48
181,0.9805840849876404,5,48
182,0.9805840849876404,5,48
183,0.9805840849876404,5,48
184,0.9805840849876404,5,48
185,0.9805840849876404,5,48
186,0.9805840849876404,5,48
187,0.9805840849876404,5,48
188,0.9805840849876404,5,48
189,0.9805840849876404,5,48
190,0.9805840849876404,5,48
191,0.9805840849876404,5,48
192,0.9805840849876404,5,48
193,0.9805840849876404,5,48
194,0.9805840849876404,5,48
195,0.9805840849876404,5,48
196,0.9805840849876404,5,48
197,0.9805840849876404,5,48
198,0.9805840849876404,5,48
199,0.9805840849876404,5,48
200,0.9805840849876404,5,48
1,7.3909759521484375e-06,1,49
2,7.3909759521484375e-06,1,49
3,7.867813110351562e-06,1,49
4,7.867813110351562e-06,1,49
5,7.867813110351562e-06,1,49
6,8.821487426757812e-06,1,49
7,1.2636184692382812e-05,1,49
8,1.2636184692382812e-05,1,49
9,2.8133392333984375e-05,1,49
10,2.8133392333984375e-05,1,49
11,3.540515899658203e-05,1,49
12,3.8623809814453125e-05,1,49
13,3.8623809814453125e-05,1,49
14,3.8623809814453125e-05,1,49
15,3.8623809814453125e-05,1,49
16,3.8623809814453125e-05,1,49
17,4.863739013671875e-05,1,49
18,5.4836273193359375e-05,1,49
19,5.4836273193359375e-05,1,49
20,5.4836273193359375e-05,1,49
21,5.4836273193359375e-05,1,49
22,5.4836273193359375e-05,1,49
23,5.4836273193359375e-05,1,49
24,5.4836273193359375e-05,1,49
25,5.4836273193359375e-05,1,49
26,5.4836273193359375e-05,1,49
27,5.4836273193359375e-05,1,49
28,5.4836273193359375e-05,1,49
29,5.4836273193359375e-05,1,49
30,5.4836273193359375e-05,1,49
31,5.4836273193359375e-05,1,49
32,5.4836273193359375e-05,1,49
33,5.4836273193359375e-05,1,49
34,5.4836273193359375e-05,1,49
35,5.4836273193359375e-05,1,49
36,5.4836273193359375e-05,1,49
37,5.4836273193359375e-05,1,49
38,5.4836273193359375e-05,1,49
39,5.4836273193359375e-05,1,49
40,5.4836273193359375e-05,1,49
41,5.4836273193359375e-05,1,49
42,5.4836273193359375e-05,1,49
43,5.4836273193359375e-05,1,49
44,5.4836273193359375e-05,1,49
45,5.4836273193359375e-05,1,49
46,5.4836273193359375e-05,1,49
47,5.4836273193359375e-05,1,49
48,5.4836273193359375e-05,1,49
49,5.4836273193359375e-05,1,49
50,5.4836273193359375e-05,1,49
51,5.4836273193359375e-05,1,49
52,5.4836273193359375e-05,1,49
53,5.4836273193359375e-05,1,49
54,5.4836273193359375e-05,1,49
55,5.4836273193359375e-05,1,49
56,5.4836273193359375e-05,1,49
57,5.4836273193359375e-05,1,49
58,5.4836273193359375e-05,1,49
59,5.4836273193359375e-05,1,49
60,5.4836273193359375e-05,1,49
61,5.4836273193359375e-05,1,49
62,5.4836273193359375e-05,1,49
63,5.4836273193359375e-05,1,49
64,5.4836273193359375e-05,1,49
65,5.4836273193359375e-05,1,49
66,5.4836273193359375e-05,1,49
67,5.4836273193359375e-05,1,49
68,5.4836273193359375e-05,1,49
69,5.4836273193359375e-05,1,49
70,5.4836273193359375e-05,1,49
71,5.4836273193359375e-05,1,49
72,5.4836273193359375e-05,1,49
73,5.4836273193359375e-05,1,49
74,5.4836273193359375e-05,1,49
75,5.4836273193359375e-05,1,49
76,5.4836273193359375e-05,1,49
77,5.4836273193359375e-05,1,49
78,5.4836273193359375e-05,1,49
79,5.4836273193359375e-05,1,49
80,5.4836273193359375e-05,1,49
81,5.4836273193359375e-05,1,49
82,5.4836273193359375e-05,1,49
83,5.4836273193359375e-05,1,49
84,5.4836273193359375e-05,1,49
85,5.4836273193359375e-05,1,49
86,5.4836273193359375e-05,1,49
87,5.4836273193359375e-05,1,49
88,5.4836273193359375e-05,1,49
89,5.4836273193359375e-05,1,49
90,5.4836273193359375e-05,1,49
91,5.4836273193359375e-05,1,49
92,5.4836273193359375e-05,1,49
93,5.4836273193359375e-05,1,49
94,5.4836273193359375e-05,1,49
95,5.4836273193359375e-05,1,49
96,5.4836273193359375e-05,1,49
97,5.4836273193359375e-05,1,49
98,5.4836273193359375e-05,1,49
99,5.4836273193359375e-05,1,49
100,5.4836273193359375e-05,1,49
101,5.4836273193359375e-05,1,49
102,5.4836273193359375e-05,1,49
103,5.4836273193359375e-05,1,49
104,5.4836273193359375e-05,1,49
105,5.4836273193359375e-05,1,49
106,5.4836273193359375e-05,1,49
107,5.4836273193359375e-05,1,49
108,5.4836273193359375e-05,1,49
109,5.4836273193359375e-05,1,49
110,5.4836273193359375e-05,1,49
111,5.4836273193359375e-05,1,49
112,5.4836273193359375e-05,1,49
113,5.4836273193359375e-05,1,49
114,5.4836273193359375e-05,1,49
115,5.4836273193359375e-05,1,49
116,5.4836273193359375e-05,1,49
117,5.4836273193359375e-05,1,49
118,5.4836273193359375e-05,1,49
119,5.4836273193359375e-05,1,49
120,5.4836273193359375e-05,1,49
121,5.4836273193359375e-05,1,49
122,5.4836273193359375e-05,1,49
123,5.4836273193359375e-05,1,49
124,5.4836273193359375e-05,1,49
125,5.4836273193359375e-05,1,49
126,5.4836273193359375e-05,1,49
127,5.4836273193359375e-05,1,49
128,5.4836273193359375e-05,1,49
129,5.4836273193359375e-05,1,49
130,5.4836273193359375e-05,1,49
131,5.4836273193359375e-05,1,49
132,5.4836273193359375e-05,1,49
133,5.4836273193359375e-05,1,49
134,5.4836273193359375e-05,1,49
135,5.4836273193359375e-05,1,49
136,5.4836273193359375e-05,1,49
137,5.4836273193359375e-05,1,49
138,5.4836273193359375e-05,1,49
139,5.4836273193359375e-05,1,49
140,5.4836273193359375e-05,1,49
141,5.4836273193359375e-05,1,49
142,5.4836273193359375e-05,1,49
143,5.4836273193359375e-05,1,49
144,5.4836273193359375e-05,1,49
145,5.4836273193359375e-05,1,49
146,5.4836273193359375e-05,1,49
147,5.4836273193359375e-05,1,49
148,5.4836273193359375e-05,1,49
149,5.4836273193359375e-05,1,49
150,5.4836273193359375e-05,1,49
151,5.4836273193359375e-05,1,49
152,5.4836273193359375e-05,1,49
153,5.4836273193359375e-05,1,49
154,5.4836273193359375e-05,1,49
155,5.4836273193359375e-05,1,49
156,5.4836273193359375e-05,1,49
157,5.4836273193359375e-05,1,49
158,5.4836273193359375e-05,1,49
159,5.4836273193359375e-05,1,49
160,5.4836273193359375e-05,1,49
161,5.4836273193359375e-05,1,49
162,5.4836273193359375e-05,1,49
163,5.4836273193359375e-05,1,49
164,5.4836273193359375e-05,1,49
165,5.4836273193359375e-05,1,49
166,5.4836273193359375e-05,1,49
167,5.4836273193359375e-05,1,49
168,5.4836273193359375e-05,1,49
169,5.4836273193359375e-05,1,49
170,5.4836273193359375e-05,1,49
171,5.4836273193359375e-05,1,49
172,5.4836273193359375e-05,1,49
173,5.4836273193359375e-05,1,49
174,5.4836273193359375e-05,1,49
175,5.4836273193359375e-05,1,49
176,5.4836273193359375e-05,1,49
177,5.4836273193359375e-05,1,49
178,5.4836273193359375e-05,1,49
179,5.4836273193359375e-05,1,49
180,5.4836273193359375e-05,1,49
181,5.4836273193359375e-05,1,49
182,5.4836273193359375e-05,1,49
183,5.4836273193359375e-05,1,49
184,5.4836273193359375e-05,1,49
185,5.4836273193359375e-05,1,49
186,5.4836273193359375e-05,1,49
187,5.4836273193359375e-05,1,49
188,5.4836273193359375e-05,1,49
189,5.4836273193359375e-05,1,49
190,5.4836273193359375e-05,1,49
191,5.4836273193359375e-05,1,49
192,5.4836273193359375e-05,1,49
193,5.4836273193359375e-05,1,49
194,5.4836273193359375e-05,1,49
195,5.4836273193359375e-05,1,49
196,5.4836273193359375e-05,1,49
197,5.4836273193359375e-05,1,49
198,5.4836273193359375e-05,1,49
199,5.4836273193359375e-05,1,49
200,5.4836273193359375e-05,1,49
1,0.5010610818862915,1,50
2,0.5010610818862915,1,50
3,0.5010610818862915,1,50
4,0.5910107791423798,3,50
5,0.5910107791423798,3,50
6,0.5693612694740295,2,50
7,0.5497947335243225,1,50
8,0.6970687508583069,3,50
9,0.7070013582706451,3,50
10,0.7712398916482925,4,50
11,0.7712398916482925,4,50
12,0.7073235213756561,2,50
13,0.7695737034082413,3,50
14,0.8835994675755501,4,50
15,0.8835994675755501,4,50
16,0.8835994675755501,4,50
17,0.8835994675755501,4,50
18,0.8408998548984528,3,50
19,0.8122897446155548,2,50
20,0.8122897446155548,2,50
21,0.8122897446155548,2,50
22,0.8122897446155548,2,50
23,0.8122897446155548,2,50
24,0.8122897446155548,2,50
25,0.9287679642438889,4,50
26,0.9291941449046135,4,50
27,0.9003427028656006,3,50
28,0.9003427028656006,3,50
29,0.9003427028656006,3,50
30,0.9003427028656006,3,50
31,0.9003427028656006,3,50
32,0.9003427028656006,3,50
33,0.9003427028656006,3,50
34,0.9003427028656006,3,50
35,0.9003427028656006,3,50
36,0.9003427028656006,3,50
37,0.9003427028656006,3,50
38,0.9003427028656006,3,50
39,0.9003427028656006,3,50
40,0.9003427028656006,3,50
41,0.9003427028656006,3,50
42,0.9003427028656006,3,50
43,0.9003427028656006,3,50
44,0.9003427028656006,3,50
45,0.9003427028656006,3,50
46,0.9003427028656006,3,50
47,0.9049030840396881,3,50
48,0.9153288379311562,3,50
49,0.9153288379311562,3,50
50,0.9153288379311562,3,50
51,0.9153288379311562,3,50
52,0.9153288379311562,3,50
53,0.9153288379311562,3,50
54,0.9153288379311562,3,50
55,0.9153288379311562,3,50
56,0.9153288379311562,3,50
57,0.9153288379311562,3,50
58,0.9153288379311562,3,50
59,0.9153288379311562,3,50
60,0.9153288379311562,3,50
61,0.9153288379311562,3,50
62,0.9153288379311562,3,50
63,0.9153288379311562,3,50
64,0.9153288379311562,3,50
65,0.9153288379311562,3,50
66,0.9153288379311562,3,50
67,0.9153288379311562,3,50
68,0.9153288379311562,3,50
69,0.9153288379311562,3,50
70,0.9153288379311562,3,50
71,0.9153288379311562,3,50
72,0.9153288379311562,3,50
73,0.9153288379311562,3,50
74,0.9153288379311562,3,50
75,0.9153288379311562,3,50
76,0.9153288379311562,3,50
77,0.9153288379311562,3,50
78,0.9153288379311562,3,50
79,0.9630365036427975,4,50
80,0.9630365036427975,4,50
81,0.9630365036427975,4,50
82,0.9630365036427975,4,50
83,0.9630365036427975,4,50
84,0.9630365036427975,4,50
85,0.9630365036427975,4,50
86,0.9630365036427975,4,50
87,0.9630365036427975,4,50
88,0.9630365036427975,4,50
89,0.9630365036427975,4,50
90,0.9630365036427975,4,50
91,0.9630365036427975,4,50
92,0.9630365036427975,4,50
93,0.9630365036427975,4,50
94,0.9630365036427975,4,50
95,0.9199804216623306,3,50
96,0.9199804216623306,3,50
97,0.9199804216623306,3,50
98,0.9199804216623306,3,50
99,0.9199804216623306,3,50
100,0.9199804216623306,3,50
101,0.9199804216623306,3,50
102,0.9199804216623306,3,50
103,0.9199804216623306,3,50
104,0.9199804216623306,3,50
105,0.9199804216623306,3,50
106,0.9199804216623306,3,50
107,0.9199804216623306,3,50
108,0.9199804216623306,3,50
109,0.9199804216623306,3,50
110,0.9199804216623306,3,50
111,0.9199804216623306,3,50
112,0.9199804216623306,3,50
113,0.9199804216623306,3,50
114,0.9199804216623306,3,50
115,0.9199804216623306,3,50
116,0.9199804216623306,3,50
117,0.9199804216623306,3,50
118,0.9199804216623306,3,50
119,0.9199804216623306,3,50
120,0.9199804216623306,3,50
121,0.9199804216623306,3,50
122,0.9228693470358849,3,50
123,0.9228693470358849,3,50
124,0.9228693470358849,3,50
125,0.9228693470358849,3,50
126,0.9228693470358849,3,50
127,0.9228693470358849,3,50
128,0.9228693470358849,3,50
129,0.9228693470358849,3,50
130,0.9228693470358849,3,50
131,0.9228693470358849,3,50
132,0.9228693470358849,3,50
133,0.9228693470358849,3,50
134,0.9228693470358849,3,50
135,0.9228693470358849,3,50
136,0.9228693470358849,3,50
137,0.9228693470358849,3,50
138,0.9228693470358849,3,50
139,0.9228693470358849,3,50
140,0.9228693470358849,3,50
141,0.9228693470358849,3,50
142,0.9228693470358849,3,50
143,0.9228693470358849,3,50
144,0.9228693470358849,3,50
145,0.9228693470358849,3,50
146,0.9228693470358849,3,50
147,0.9228693470358849,3,50
148,0.9228693470358849,3,50
149,0.9228693470358849,3,50
150,0.9228693470358849,3,50
151,0.9228693470358849,3,50
152,0.9228693470358849,3,50
153,0.9228693470358849,3,50
154,0.9228693470358849,3,50
155,0.9228693470358849,3,50
156,0.9228693470358849,3,50
157,0.9274371936917305,3,50
158,0.9274371936917305,3,50
159,0.9274371936917305,3,50
160,0.9274371936917305,3,50
161,0.9274371936917305,3,50
162,0.9274371936917305,3,50
163,0.9274371936917305,3,50
164,0.9274371936917305,3,50
165,0.9274371936917305,3,50
166,0.9274371936917305,3,50
167,0.9274371936917305,3,50
168,0.9274371936917305,3,50
169,0.9274371936917305,3,50
170,0.9274371936917305,3,50
171,0.9274371936917305,3,50
172,0.9274371936917305,3,50
173,0.9274371936917305,3,50
174,0.9274371936917305,3,50
175,0.9274371936917305,3,50
176,0.9274371936917305,3,50
177,0.9274371936917305,3,50
178,0.9274371936917305,3,50
179,0.9274371936917305,3,50
180,0.9274371936917305,3,50
181,0.9274371936917305,3,50
182,0.9274371936917305,3,50
183,0.9274371936917305,3,50
184,0.9274371936917305,3,50
185,0.9274371936917305,3,50
186,0.9274376183748245,3,50
187,0.9282782077789307,3,50
188,0.9282782077789307,3,50
189,0.9282782077789307,3,50
190,0.9282782077789307,3,50
191,0.9282782077789307,3,50
192,0.9282782077789307,3,50
193,0.9282782077789307,3,50
194,0.9282782077789307,3,50
195,0.9282782077789307,3,50
196,0.9282782077789307,3,50
197,0.9282782077789307,3,50
198,0.9282782077789307,3,50
199,0.9282782077789307,3,50
200,0.9282782077789307,3,50
1,0.00016164779663085938,1,51
2,0.00016164779663085938,1,51
3,0.00016951560974121094,1,51
4,0.00016951560974121094,1,51
5,0.0001723766326904297,1,51
6,0.0001723766326904297,1,51
7,0.00018793344497680664,1,51
8,0.0007878541946411133,1,51
9,0.0007878541946411133,1,51
10,0.0007878541946411133,1,51
11,0.0007878541946411133,1,51
12,0.0007878541946411133,1,51
13,0.0007878541946411133,1,51
14,0.0007878541946411133,1,51
15,0.0007878541946411133,1,51
16,0.0007878541946411133,1,51
17,0.0007878541946411133,1,51
18,0.0007878541946411133,1,51
19,0.0007878541946411133,1,51
20,0.0007878541946411133,1,51
21,0.0007878541946411133,1,51
22,0.0007878541946411133,1,51
23,0.0007878541946411133,1,51
24,0.0007878541946411133,1,51
25,0.0007878541946411133,1,51
26,0.0007878541946411133,1,51
27,0.0007878541946411133,1,51
28,0.0007878541946411133,1,51
29,0.0007878541946411133,1,51
30,0.0007878541946411133,1,51
31,0.0007878541946411133,1,51
32,0.0007878541946411133,1,51
33,0.0007878541946411133,1,51
34,0.0007878541946411133,1,51
35,0.0007878541946411133,1,51
36,0.0007878541946411133,1,51
37,0.0007878541946411133,1,51
38,0.0007878541946411133,1,51
39,0.0007878541946411133,1,51
40,0.0007878541946411133,1,51
41,0.0007878541946411133,1,51
42,0.0007878541946411133,1,51
43,0.0007878541946411133,1,51
44,0.0007878541946411133,1,51
45,0.0007878541946411133,1,51
46,0.0007878541946411133,1,51
47,0.0007878541946411133,1,51
48,0.0007878541946411133,1,51
49,0.0007878541946411133,1,51
50,0.0007878541946411133,1,51
51,0.0007878541946411133,1,51
52,0.0007878541946411133,1,51
53,0.0007878541946411133,1,51
54,0.0007878541946411133,1,51
55,0.0007878541946411133,1,51
56,0.0007878541946411133,1,51
57,0.0007878541946411133,1,51
58,0.0007878541946411133,1,51
59,0.0007878541946411133,1,51
60,0.0007878541946411133,1,51
61,0.0007878541946411133,1,51
62,0.0007878541946411133,1,51
63,0.0007878541946411133,1,51
64,0.0007878541946411133,1,51
65,0.0007878541946411133,1,51
66,0.0007878541946411133,1,51
67,0.0007878541946411133,1,51
68,0.0007878541946411133,1,51
69,0.0007878541946411133,1,51
70,0.0007878541946411133,1,51
71,0.0007878541946411133,1,51
72,0.0007878541946411133,1,51
73,0.0007878541946411133,1,51
74,0.0007878541946411133,1,51
75,0.0007878541946411133,1,51
76,0.0007878541946411133,1,51
77,0.0007878541946411133,1,51
78,0.0007878541946411133,1,51
79,0.0007878541946411133,1,51
80,0.0007878541946411133,1,51
81,0.0007878541946411133,1,51
82,0.0007878541946411133,1,51
83,0.0007878541946411133,1,51
84,0.0007878541946411133,1,51
85,0.0007878541946411133,1,51
86,0.0007878541946411133,1,51
87,0.0007878541946411133,1,51
88,0.0007878541946411133,1,51
89,0.0007878541946411133,1,51
90,0.0007878541946411133,1,51
91,0.0007878541946411133,1,51
92,0.0007878541946411133,1,51
93,0.0007878541946411133,1,51
94,0.0007878541946411133,1,51
95,0.0007878541946411133,1,51
96,0.0007878541946411133,1,51
97,0.0007878541946411133,1,51
98,0.0007878541946411133,1,51
99,0.0007878541946411133,1,51
100,0.0007878541946411133,1,51
101,0.0007878541946411133,1,51
102,0.0007878541946411133,1,51
103,0.0007878541946411133,1,51
104,0.0007878541946411133,1,51
105,0.0007878541946411133,1,51
106,0.0007878541946411133,1,51
107,0.0007878541946411133,1,51
108,0.0007878541946411133,1,51
109,0.0007878541946411133,1,51
110,0.0007878541946411133,1,51
111,0.0007878541946411133,1,51
112,0.0007878541946411133,1,51
113,0.0007878541946411133,1,51
114,0.0007878541946411133,1,51
115,0.0007878541946411133,1,51
116,0.0007878541946411133,1,51
117,0.0007878541946411133,1,51
118,0.0007878541946411133,1,51
119,0.0007878541946411133,1,51
120,0.0007878541946411133,1,51
121,0.0007878541946411133,1,51
122,0.0007878541946411133,1,51
123,0.0007878541946411133,1,51
124,0.0007878541946411133,1,51
125,0.0007878541946411133,1,51
126,0.0007878541946411133,1,51
127,0.0007878541946411133,1,51
128,0.0007878541946411133,1,51
129,0.0007878541946411133,1,51
130,0.0007878541946411133,1,51
131,0.0007878541946411133,1,51
132,0.0007878541946411133,1,51
133,0.0007878541946411133,1,51
134,0.0007878541946411133,1,51
135,0.0007878541946411133,1,51
136,0.0007878541946411133,1,51
137,0.0007878541946411133,1,51
138,0.0007878541946411133,1,51
139,0.0007878541946411133,1,51
140,0.0007878541946411133,1,51
141,0.0007878541946411133,1,51
142,0.0007878541946411133,1,51
143,0.0007878541946411133,1,51
144,0.0007878541946411133,1,51
145,0.0007878541946411133,1,51
146,0.0007878541946411133,1,51
147,0.0007878541946411133,1,51
148,0.0007878541946411133,1,51
149,0.0007878541946411133,1,51
150,0.0007878541946411133,1,51
151,0.0007878541946411133,1,51
152,0.0007878541946411133,1,51
153,0.0007878541946411133,1,51
154,0.0007878541946411133,1,51
155,0.0007878541946411133,1,51
156,0.0007878541946411133,1,51
157,0.0007878541946411133,1,51
158,0.0007878541946411133,1,51
159,0.0007878541946411133,1,51
160,0.0007878541946411133,1,51
161,0.0007878541946411133,1,51
162,0.0007878541946411133,1,51
163,0.0007878541946411133,1,51
164,0.0007878541946411133,1,51
165,0.0007878541946411133,1,51
166,0.0007878541946411133,1,51
167,0.0007878541946411133,1,51
168,0.0007878541946411133,1,51
169,0.0007878541946411133,1,51
170,0.0007878541946411133,1,51
171,0.0007878541946411133,1,51
172,0.0007878541946411133,1,51
173,0.0007878541946411133,1,51
174,0.0007878541946411133,1,51
175,0.0007878541946411133,1,51
176,0.0007878541946411133,1,51
177,0.0007878541946411133,1,51
178,0.0007878541946411133,1,51
179,0.0007878541946411133,1,51
180,0.0007878541946411133,1,51
181,0.0007878541946411133,1,51
182,0.0007878541946411133,1,51
183,0.0007878541946411133,1,51
184,0.0007878541946411133,1,51
185,0.0007878541946411133,1,51
186,0.0007878541946411133,1,51
187,0.0007878541946411133,1,51
188,0.0007878541946411133,1,51
189,0.0007878541946411133,1,51
190,0.0007878541946411133,1,51
191,0.0007878541946411133,1,51
192,0.0007878541946411133,1,51
193,0.0007878541946411133,1,51
194,0.0007878541946411133,1,51
195,0.0007878541946411133,1,51
196,0.0007878541946411133,1,51
197,0.0007878541946411133,1,51
198,0.0007878541946411133,1,51
199,0.0007878541946411133,1,51
200,0.0007878541946411133,1,51
1,0.00010967254638671875,1,52
2,0.00010967254638671875,1,52
3,0.0001112222671508789,1,52
4,0.0001112222671508789,1,52
5,0.00011396408081054688,1,52
6,0.00014591217041015625,1,52
7,0.0010260343551635742,1,52
8,0.0010260343551635742,1,52
9,0.0010260343551635742,1,52
10,0.0010260343551635742,1,52
11,0.0010260343551635742,1,52
12,0.0010260343551635742,1,52
13,0.0010260343551635742,1,52
14,0.0016741156578063965,1,52
15,0.0016741156578063965,1,52
16,0.0018936395645141602,1,52
17,0.0023311972618103027,1,52
18,0.0023311972618103027,1,52
19,0.0023311972618103027,1,52
20,0.0023311972618103027,1,52
21,0.0023311972618103027,1,52
22,0.0023311972618103027,1,52
23,0.0023311972618103027,1,52
24,0.002713918685913086,1,52
25,0.002713918685913086,1,52
26,0.002713918685913086,1,52
27,0.002713918685913086,1,52
28,0.0036391615867614746,1,52
29,0.0036391615867614746,1,52
30,0.0036414265632629395,1,52
31,0.0036414265632629395,1,52
32,0.0036414265632629395,1,52
33,0.0036414265632629395,1,52
34,0.0036414265632629395,1,52
35,0.0036414265632629395,1,52
36,0.0036414265632629395,1,52
37,0.0036414265632629395,1,52
38,0.0036414265632629395,1,52
39,0.0036414265632629395,1,52
40,0.0036414265632629395,1,52
41,0.0036414265632629395,1,52
42,0.0036414265632629395,1,52
43,0.0036414265632629395,1,52
44,0.0036414265632629395,1,52
45,0.0036414265632629395,1,52
46,0.0036414265632629395,1,52
47,0.0036414265632629395,1,52
48,0.0036414265632629395,1,52
49,0.0036414265632629395,1,52
50,0.0036414265632629395,1,52
51,0.0036414265632629395,1,52
52,0.0036414265632629395,1,52
53,0.0036414265632629395,1,52
54,0.0036414265632629395,1,52
55,0.0036414265632629395,1,52
56,0.0036414265632629395,1,52
57,0.0036414265632629395,1,52
58,0.0036414265632629395,1,52
59,0.0036414265632629395,1,52
60,0.0036414265632629395,1,52
61,0.0036414265632629395,1,52
62,0.0036414265632629395,1,52
63,0.0036414265632629395,1,52
64,0.0036414265632629395,1,52
65,0.0036414265632629395,1,52
66,0.0036414265632629395,1,52
67,0.0036414265632629395,1,52
68,0.0036414265632629395,1,52
69,0.0036414265632629395,1,52
70,0.0036414265632629395,1,52
71,0.0036414265632629395,1,52
72,0.0036414265632629395,1,52
73,0.0036414265632629395,1,52
74,0.0036414265632629395,1,52
75,0.0036414265632629395,1,52
76,0.0036414265632629395,1,52
77,0.0036414265632629395,1,52
78,0.0036414265632629395,1,52
79,0.0036414265632629395,1,52
80,0.0036414265632629395,1,52
81,0.0036414265632629395,1,52
82,0.0036414265632629395,1,52
83,0.0036414265632629395,1,52
84,0.0036414265632629395,1,52
85,0.0036414265632629395,1,52
86,0.0036414265632629395,1,52
87,0.0036414265632629395,1,52
88,0.0036414265632629395,1,52
89,0.0036414265632629395,1,52
90,0.0036414265632629395,1,52
91,0.0036414265632629395,1,52
92,0.0036414265632629395,1,52
93,0.0036414265632629395,1,52
94,0.0036414265632629395,1,52
95,0.0036414265632629395,1,52
96,0.0036414265632629395,1,52
97,0.0036414265632629395,1,52
98,0.0036414265632629395,1,52
99,0.0036414265632629395,1,52
100,0.0036414265632629395,1,52
101,0.0036414265632629395,1,52
102,0.0036414265632629395,1,52
103,0.0036414265632629395,1,52
104,0.0036414265632629395,1,52
105,0.0036414265632629395,1,52
106,0.0036414265632629395,1,52
107,0.0036414265632629395,1,52
108,0.0036414265632629395,1,52
109,0.0036414265632629395,1,52
110,0.0036414265632629395,1,52
111,0.0036414265632629395,1,52
112,0.0036414265632629395,1,52
113,0.0036414265632629395,1,52
114,0.0036414265632629395,1,52
115,0.0036414265632629395,1,52
116,0.0036414265632629395,1,52
117,0.0036414265632629395,1,52
118,0.0036414265632629395,1,52
119,0.0036414265632629395,1,52
120,0.0036414265632629395,1,52
121,0.0036414265632629395,1,52
122,0.0036414265632629395,1,52
123,0.0036414265632629395,1,52
124,0.0036414265632629395,1,52
125,0.0036414265632629395,1,52
126,0.0036414265632629395,1,52
127,0.0036414265632629395,1,52
128,0.0036414265632629395,1,52
129,0.0036414265632629395,1,52
130,0.0036414265632629395,1,52
131,0.0036414265632629395,1,52
132,0.0036414265632629395,1,52
133,0.0036414265632629395,1,52
134,0.0036414265632629395,1,52
135,0.0036414265632629395,1,52
136,0.05476146936416626,2,52
137,0.05476146936416626,2,52
138,0.05476146936416626,2,52
139,0.05476146936416626,2,52
140,0.05476146936416626,2,52
141,0.05476146936416626,2,52
142,0.05476146936416626,2,52
143,0.05476146936416626,2,52
144,0.05476146936416626,2,52
145,0.05476146936416626,2,52
146,0.05476146936416626,2,52
147,0.05476146936416626,2,52
148,0.05476146936416626,2,52
149,0.3141985535621643,3,52
150,0.3141985535621643,3,52
151,0.3141985535621643,3,52
152,0.34966301918029785,3,52
153,0.34966301918029785,3,52
154,0.34966301918029785,3,52
155,0.5368689596652985,5,52
156,0.5605154633522034,4,52
157,0.5605154633522034,4,52
158,0.5605154633522034,4,52
159,0.7236121892929077,6,52
160,0.7236121892929077,6,52
161,0.7236121892929077,6,52
162,0.7236121892929077,6,52
163,0.7236121892929077,6,52
164,0.7475942373275757,5,52
165,0.8694199323654175,5,52
166,0.8694199323654175,5,52
167,0.8694199323654175,5,52
168,0.8694199323654175,5,52
169,0.8694199323654175,5,52
170,0.8694199323654175,5,52
171,0.9732375200837851,6,52
172,0.9732375200837851,6,52
173,0.9732375200837851,6,52
174,0.9732375200837851,6,52
175,0.9822327941656113,6,52
176,0.9822327941656113,6,52
177,0.9822327941656113,6,52
178,0.9676824472844601,5,52
179,0.9676824472844601,5,52
180,0.9676824472844601,5,52
181,0.9676824472844601,5,52
182,0.9676824472844601,5,52
183,0.9676824472844601,5,52
184,0.9676824472844601,5,52
185,0.9749302547425032,5,52
186,0.9749302547425032,5,52
187,0.9749302547425032,5,52
188,0.9749302547425032,5,52
189,0.9749302547425032,5,52
190,0.9749302547425032,5,52
191,0.9795155171304941,5,52
192,0.9795155171304941,5,52
193,0.9795155171304941,5,52
194,0.9795155171304941,5,52
195,0.9795155171304941,5,52
196,0.9795155171304941,5,52
197,0.9795155171304941,5,52
198,0.9795155171304941,5,52
199,0.9795155171304941,5,52
200,0.9840610325336456,5,52
1,0.0003648996353149414,1,53
2,0.0003648996353149414,1,53
3,0.00037097930908203125,1,53
4,0.0004712343215942383,1,53
5,0.0008769631385803223,1,53
6,0.0008769631385803223,1,53
7,0.0008769631385803223,1,53
8,0.0011324882507324219,1,53
9,0.0011324882507324219,1,53
10,0.0036333799362182617,1,53
11,0.0036333799362182617,1,53
12,0.0036333799362182617,1,53
13,0.0036333799362182617,1,53
14,0.0036333799362182617,1,53
15,0.005744993686676025,1,53
16,0.005744993686676025,1,53
17,0.008436322212219238,1,53
18,0.008436322212219238,1,53
19,0.008436322212219238,1,53
20,0.008436322212219238,1,53
21,0.008436322212219238,1,53
22,0.008436322212219238,1,53
23,0.008436322212219238,1,53
24,0.008436322212219238,1,53
25,0.008436322212219238,1,53
26,0.008436322212219238,1,53
27,0.008436322212219238,1,53
28,0.008436322212219238,1,53
29,0.008436322212219238,1,53
30,0.008436322212219238,1,53
31,0.008436322212219238,1,53
32,0.008436322212219238,1,53
33,0.008436322212219238,1,53
34,0.008436322212219238,1,53
35,0.008436322212219238,1,53
36,0.008436322212219238,1,53
37,0.008436322212219238,1,53
38,0.008436322212219238,1,53
39,0.008436322212219238,1,53
40,0.008436322212219238,1,53
41,0.008436322212219238,1,53
42,0.008436322212219238,1,53
43,0.008436322212219238,1,53
44,0.008436322212219238,1,53
45,0.008436322212219238,1,53
46,0.008436322212219238,1,53
47,0.008436322212219238,1,53
48,0.06280064582824707,2,53
49,0.06280064582824707,2,53
50,0.06280064582824707,2,53
51,0.06280064582824707,2,53
52,0.06280064582824707,2,53
53,0.06280064582824707,2,53
54,0.06280064582824707,2,53
55,0.06280064582824707,2,53
56,0.06280064582824707,2,53
57,0.06280064582824707,2,53
58,0.06280064582824707,2,53
59,0.06280064582824707,2,53
60,0.06280064582824707,2,53
61,0.10992926359176636,2,53
62,0.10992926359176636,2,53
63,0.10992926359176636,2,53
64,0.170762836933136,3,53
65,0.170762836933136,3,53
66,0.170762836933136,3,53
67,0.170762836933136,3,53
68,0.17308694124221802,3,53
69,0.17308694124221802,3,53
70,0.17308694124221802,3,53
71,0.17308694124221802,3,53
72,0.17308694124221802,3,53
73,0.33435267210006714,4,53
74,0.33435267210006714,4,53
75,0.33435267210006714,4,53
76,0.33435267210006714,4,53
77,0.33435267210006714,4,53
78,0.33435267210006714,4,53
79,0.33435267210006714,4,53
80,0.33435267210006714,4,53
81,0.33435267210006714,4,53
82,0.33435267210006714,4,53
83,0.33435267210006714,4,53
84,0.31809473037719727,3,53
85,0.4168660044670105,4,53
86,0.6061903238296509,5,53
87,0.5700304508209229,4,53
88,0.88888368755579,4,53
89,0.88888368755579,4,53
90,0.88888368755579,4,53
91,0.9474769681692123,5,53
92,0.9474769681692123,5,53
93,0.9474769681692123,5,53
94,0.9382739849388599,4,53
95,0.9382739849388599,4,53
96,0.9382739849388599,4,53
97,0.9921967098489404,5,53
98,0.9921967098489404,5,53
99,0.9921967098489404,5,53
100,0.9817559439688921,4,53
101,0.9817559439688921,4,53
102,0.9817559439688921,4,53
103,0.9817559439688921,4,53
104,0.9817559439688921,4,53
105,0.9817559439688921,4,53
106,0.9817559439688921,4,53
107,0.9817559439688921,4,53
108,0.9817559439688921,4,53
109,0.9851682102307677,4,53
110,0.9851682102307677,4,53
111,0.9851682102307677,4,53
112,0.9851682102307677,4,53
113,0.9851682102307677,4,53
114,0.9851682102307677,4,53
115,0.9851682102307677,4,53
116,0.9851682102307677,4,53
117,0.9851682102307677,4,53
118,0.9851682102307677,4,53
119,0.9851682102307677,4,53
120,0.9851682102307677,4,53
121,0.9851682102307677,4,53
122,0.9851682102307677,4,53
123,0.9851682102307677,4,53
124,0.9851682102307677,4,53
125,0.9851682102307677,4,53
126,0.9851682102307677,4,53
127,0.9851682102307677,4,53
128,0.9851682102307677,4,53
129,0.9851682102307677,4,53
130,0.9851682102307677,4,53
131,0.9851682102307677,4,53
132,0.9851682102307677,4,53
133,0.9851682102307677,4,53
134,0.9851682102307677,4,53
135,0.9851682102307677,4,53
136,0.9851682102307677,4,53
137,0.9851682102307677,4,53
138,0.9851682102307677,4,53
139,0.9851682102307677,4,53
140,0.9851682102307677,4,53
141,0.9851682102307677,4,53
142,0.9851682102307677,4,53
143,0.9851682102307677,4,53
144,0.9851682102307677,4,53
145,0.9851682102307677,4,53
146,0.9851682102307677,4,53
147,0.9851682102307677,4,53
148,0.9851682102307677,4,53
149,0.9851682102307677,4,53
150,0.9851682102307677,4,53
151,0.9851682102307677,4,53
152,0.9851682102307677,4,53
153,0.9851682102307677,4,53
154,0.9851682102307677,4,53
155,0.9851682102307677,4,53
156,0.9851682102307677,4,53
157,0.9851682102307677,4,53
158,0.9851682102307677,4,53
159,0.9851682102307677,4,53
160,0.9851682102307677,4,53
161,0.9851682102307677,4,53
162,0.9851682102307677,4,53
163,0.9851682102307677,4,53
164,0.9851682102307677,4,53
165,0.9851682102307677,4,53
166,0.9851682102307677,4,53
167,0.9851682102307677,4,53
168,0.9851682102307677,4,53
169,0.9851682102307677,4,53
170,0.9851682102307677,4,53
171,0.9851682102307677,4,53
172,0.9851682102307677,4,53
173,0.9851682102307677,4,53
174,0.9851682102307677,4,53
175,0.9851682102307677,4,53
176,0.9851682102307677,4,53
177,0.9851682102307677,4,53
178,0.9851682102307677,4,53
179,0.9851682102307677,4,53
180,0.9851682102307677,4,53
181,0.9851682102307677,4,53
182,0.9851682102307677,4,53
183,0.9851682102307677,4,53
184,0.9851682102307677,4,53
185,0.9851682102307677,4,53
186,0.9851682102307677,4,53
187,0.9851682102307677,4,53
188,0.9851682102307677,4,53
189,0.9851682102307677,4,53
190,0.9851682102307677,4,53
191,0.9851682102307677,4,53
192,0.9851682102307677,4,53
193,0.9851682102307677,4,53
194,0.9851682102307677,4,53
195,0.9851682102307677,4,53
196,0.9851682102307677,4,53
197,0.9851682102307677,4,53
198,0.9851682102307677,4,53
199,0.9851682102307677,4,53
200,0.9851682102307677,4,53
1,0.0002288222312927246,1,54
2,0.0002288222312927246,1,54
3,0.00023931264877319336,1,54
4,0.00024968385696411133,1,54
5,0.0003604888916015625,1,54
6,0.0003604888916015625,1,54
7,0.0003604888916015625,1,54
8,0.0003604888916015625,1,54
9,0.0004190802574157715,1,54
10,0.00044161081314086914,1,54
11,0.00044161081314086914,1,54
12,0.00045424699783325195,1,54
13,0.00045424699783325195,1,54
14,0.0005692839622497559,1,54
15,0.0005692839622497559,1,54
16,0.0005692839622497559,1,54
17,0.0005692839622497559,1,54
18,0.0005692839622497559,1,54
19,0.0005739927291870117,1,54
20,0.0005739927291870117,1,54
21,0.0005739927291870117,1,54
22,0.0005739927291870117,1,54
23,0.0005739927291870117,1,54
24,0.0005739927291870117,1,54
25,0.0005739927291870117,1,54
26,0.0005739927291870117,1,54
27,0.0005739927291870117,1,54
28,0.0005739927291870117,1,54
29,0.0005739927291870117,1,54
30,0.0005739927291870117,1,54
31,0.0005739927291870117,1,54
32,0.0005739927291870117,1,54
33,0.0005739927291870117,1,54
34,0.0005739927291870117,1,54
35,0.0005739927291870117,1,54
36,0.0005739927291870117,1,54
37,0.0005739927291870117,1,54
38,0.0005739927291870117,1,54
39,0.0005739927291870117,1,54
40,0.0005739927291870117,1,54
41,0.0005739927291870117,1,54
42,0.0005739927291870117,1,54
43,0.0005739927291870117,1,54
44,0.0005739927291870117,1,54
45,0.0005739927291870117,1,54
46,0.0005739927291870117,1,54
47,0.0005739927291870117,1,54
48,0.0005739927291870117,1,54
49,0.0005739927291870117,1,54
50,0.0005739927291870117,1,54
51,0.0005739927291870117,1,54
52,0.0005739927291870117,1,54
53,0.0005739927291870117,1,54
54,0.0005739927291870117,1,54
55,0.0005739927291870117,1,54
56,0.0005739927291870117,1,54
57,0.0005739927291870117,1,54
58,0.0005739927291870117,1,54
59,0.0005739927291870117,1,54
60,0.0005739927291870117,1,54
61,0.0005739927291870117,1,54
62,0.0005739927291870117,1,54
63,0.0005739927291870117,1,54
64,0.0005739927291870117,1,54
65,0.0005739927291870117,1,54
66,0.0005739927291870117,1,54
67,0.0005739927291870117,1,54
68,0.0005739927291870117,1,54
69,0.0005739927291870117,1,54
70,0.0005739927291870117,1,54
71,0.0005739927291870117,1,54
72,0.0005739927291870117,1,54
73,0.0005739927291870117,1,54
74,0.0005739927291870117,1,54
75,0.0005739927291870117,1,54
76,0.0005739927291870117,1,54
77,0.0005739927291870117,1,54
78,0.0005739927291870117,1,54
79,0.0005739927291870117,1,54
80,0.0005739927291870117,1,54
81,0.0005739927291870117,1,54
82,0.0005739927291870117,1,54
83,0.0005739927291870117,1,54
84,0.0005739927291870117,1,54
85,0.0005739927291870117,1,54
86,0.0005739927291870117,1,54
87,0.0005739927291870117,1,54
88,0.0005739927291870117,1,54
89,0.0005739927291870117,1,54
90,0.0005739927291870117,1,54
91,0.0005739927291870117,1,54
92,0.0005739927291870117,1,54
93,0.0005739927291870117,1,54
94,0.0005739927291870117,1,54
95,0.0005739927291870117,1,54
96,0.0005739927291870117,1,54
97,0.0005739927291870117,1,54
98,0.0005739927291870117,1,54
99,0.0005739927291870117,1,54
100,0.0005739927291870117,1,54
101,0.0005739927291870117,1,54
102,0.0005739927291870117,1,54
103,0.0005739927291870117,1,54
104,0.0005739927291870117,1,54
105,0.0005739927291870117,1,54
106,0.0005739927291870117,1,54
107,0.0005739927291870117,1,54
108,0.0005739927291870117,1,54
109,0.0005739927291870117,1,54
110,0.0005739927291870117,1,54
111,0.0005739927291870117,1,54
112,0.0005739927291870117,1,54
113,0.0005739927291870117,1,54
114,0.0005739927291870117,1,54
115,0.0005739927291870117,1,54
116,0.0005739927291870117,1,54
117,0.0005739927291870117,1,54
118,0.0005739927291870117,1,54
119,0.0005739927291870117,1,54
120,0.0005739927291870117,1,54
121,0.0005739927291870117,1,54
122,0.0005739927291870117,1,54
123,0.0005739927291870117,1,54
124,0.0005739927291870117,1,54
125,0.0005739927291870117,1,54
126,0.0005739927291870117,1,54
127,0.0005739927291870117,1,54
128,0.0005739927291870117,1,54
129,0.0005739927291870117,1,54
130,0.0005739927291870117,1,54
131,0.0005739927291870117,1,54
132,0.0005739927291870117,1,54
133,0.0005739927291870117,1,54
134,0.0005739927291870117,1,54
135,0.0005739927291870117,1,54
136,0.0005739927291870117,1,54
137,0.0005739927291870117,1,54
138,0.0005739927291870117,1,54
139,0.0005739927291870117,1,54
140,0.0005739927291870117,1,54
141,0.0005739927291870117,1,54
142,0.0005739927291870117,1,54
143,0.0005739927291870117,1,54
144,0.0005739927291870117,1,54
145,0.0005739927291870117,1,54
146,0.0005739927291870117,1,54
147,0.0005739927291870117,1,54
148,0.0005739927291870117,1,54
149,0.0005739927291870117,1,54
150,0.0005739927291870117,1,54
151,0.0005739927291870117,1,54
152,0.0005739927291870117,1,54
153,0.0005739927291870117,1,54
154,0.0005739927291870117,1,54
155,0.0005739927291870117,1,54
156,0.0005739927291870117,1,54
157,0.0005739927291870117,1,54
158,0.0005739927291870117,1,54
159,0.0005739927291870117,1,54
160,0.0005739927291870117,1,54
161,0.0005739927291870117,1,54
162,0.0005739927291870117,1,54
163,0.0005739927291870117,1,54
164,0.0005739927291870117,1,54
165,0.0005739927291870117,1,54
166,0.0005739927291870117,1,54
167,0.0005739927291870117,1,54
168,0.0005739927291870117,1,54
169,0.0005739927291870117,1,54
170,0.0005739927291870117,1,54
171,0.0005739927291870117,1,54
172,0.0005739927291870117,1,54
173,0.0005739927291870117,1,54
174,0.0005739927291870117,1,54
175,0.0005739927291870117,1,54
176,0.0005739927291870117,1,54
177,0.0005739927291870117,1,54
178,0.0005739927291870117,1,54
179,0.0005739927291870117,1,54
180,0.0005739927291870117,1,54
181,0.0005739927291870117,1,54
182,0.0005739927291870117,1,54
183,0.0005739927291870117,1,54
184,0.0005739927291870117,1,54
185,0.0005739927291870117,1,54
186,0.0005739927291870117,1,54
187,0.0005739927291870117,1,54
188,0.0005739927291870117,1,54
189,0.0005739927291870117,1,54
190,0.0005739927291870117,1,54
191,0.0005739927291870117,1,54
192,0.0005739927291870117,1,54
193,0.0005739927291870117,1,54
194,0.0005739927291870117,1,54
195,0.0005739927291870117,1,54
196,0.0005739927291870117,1,54
197,0.0005739927291870117,1,54
198,0.0005739927291870117,1,54
199,0.0005739927291870117,1,54
200,0.0005739927291870117,1,54
1,0.0010398626327514648,1,55
2,0.0012121796607971191,1,55
3,0.0016759037971496582,1,55
4,0.0016759037971496582,1,55
5,0.0016759037971496582,1,55
6,0.0016759037971496582,1,55
7,0.006204843521118164,1,55
8,0.006204843521118164,1,55
9,0.006204843521118164,1,55
10,0.006204843521118164,1,55
11,0.011400938034057617,1,55
12,0.012798309326171875,1,55
13,0.014861524105072021,1,55
14,0.014861524105072021,1,55
15,0.014861524105072021,1,55
16,0.014861524105072021,1,55
17,0.020573914051055908,1,55
18,0.020573914051055908,1,55
19,0.020573914051055908,1,55
20,0.020573914051055908,1,55
21,0.020573914051055908,1,55
22,0.020573914051055908,1,55
23,0.020573914051055908,1,55
24,0.02105766534805298,1,55
25,0.02105766534805298,1,55
26,0.02105766534805298,1,55
27,0.023442566394805908,1,55
28,0.023442566394805908,1,55
29,0.0797843337059021,2,55
30,0.0797843337059021,2,55
31,0.0797843337059021,2,55
32,0.0797843337059021,2,55
33,0.0797843337059021,2,55
34,0.0797843337059021,2,55
35,0.0797843337059021,2,55
36,0.0797843337059021,2,55
37,0.0797843337059021,2,55
38,0.0797843337059021,2,55
39,0.0797843337059021,2,55
40,0.0797843337059021,2,55
41,0.0797843337059021,2,55
42,0.0797843337059021,2,55
43,0.0797843337059021,2,55
44,0.0797843337059021,2,55
45,0.0797843337059021,2,55
46,0.0797843337059021,2,55
47,0.0797843337059021,2,55
48,0.0797843337059021,2,55
49,0.1004827618598938,2,55
50,0.1004827618598938,2,55
51,0.1004827618598938,2,55
52,0.1004827618598938,2,55
53,0.1004827618598938,2,55
54,0.1004827618598938,2,55
55,0.1004827618598938,2,55
56,0.1004827618598938,2,55
57,0.12382316589355469,2,55
58,0.12382316589355469,2,55
59,0.18213564157485962,3,55
60,0.18213564157485962,3,55
61,0.18213564157485962,3,55
62,0.18213564157485962,3,55
63,0.1769634485244751,2,55
64,0.1769634485244751,2,55
65,0.1769634485244751,2,55
66,0.1769634485244751,2,55
67,0.18467235565185547,2,55
68,0.18467235565185547,2,55
69,0.3755838871002197,3,55
70,0.3755838871002197,3,55
71,0.3755838871002197,3,55
72,0.43031567335128784,4,55
73,0.5938262939453125,3,55
74,0.5938262939453125,3,55
75,0.5938262939453125,3,55
76,0.5938262939453125,3,55
77,0.5938262939453125,3,55
78,0.64732426404953,3,55
79,0.8847376778721809,4,55
80,0.8847376778721809,4,55
81,0.9179035052657127,4,55
82,0.9179035052657127,4,55
83,0.9179035052657127,4,55
84,0.9811221957206726,5,55
85,0.9811221957206726,5,55
86,0.9811221957206726,5,55
87,0.9811221957206726,5,55
88,0.9908369034528732,5,55
89,0.9908369034528732,5,55
90,0.9908369034528732,5,55
91,0.9908369034528732,5,55
92,0.9908369034528732,5,55
93,0.9908369034528732,5,55
94,0.9908369034528732,5,55
95,0.9479181803762913,4,55
96,0.9479181803762913,4,55
97,0.9733389895409346,4,55
98,0.9733389895409346,4,55
99,0.9733389895409346,4,55
100,0.9733389895409346,4,55
101,0.9733389895409346,4,55
102,0.9733389895409346,4,55
103,0.9733389895409346,4,55
104,0.9733389895409346,4,55
105,0.9733389895409346,4,55
106,0.9733389895409346,4,55
107,0.9733389895409346,4,55
108,0.9733389895409346,4,55
109,0.9733389895409346,4,55
110,0.9733389895409346,4,55
111,0.9733389895409346,4,55
112,0.9733389895409346,4,55
113,0.9733389895409346,4,55
114,0.9733389895409346,4,55
115,0.9746751002967358,4,55
116,0.9746751002967358,4,55
117,0.9746751002967358,4,55
118,0.9746751002967358,4,55
119,0.9746751002967358,4,55
120,0.9746751002967358,4,55
121,0.9746751002967358,4,55
122,0.9746751002967358,4,55
123,0.9746751002967358,4,55
124,0.9746751002967358,4,55
125,0.9746751002967358,4,55
126,0.9746751002967358,4,55
127,0.9746751002967358,4,55
128,0.9746751002967358,4,55
129,0.9746751002967358,4,55
130,0.9746751002967358,4,55
131,0.9746751002967358,4,55
132,0.9746751002967358,4,55
133,0.9746751002967358,4,55
134,0.9746751002967358,4,55
135,0.9746751002967358,4,55
136,0.9763945881277323,4,55
137,0.9763945881277323,4,55
138,0.9763945881277323,4,55
139,0.9763945881277323,4,55
140,0.9763945881277323,4,55
141,0.9763945881277323,4,55
142,0.9763945881277323,4,55
143,0.9763945881277323,4,55
144,0.9763945881277323,4,55
145,0.9763945881277323,4,55
146,0.9763945881277323,4,55
147,0.9763945881277323,4,55
148,0.9763945881277323,4,55
149,0.9763945881277323,4,55
150,0.9763945881277323,4,55
151,0.9778176806867123,4,55
152,0.9778176806867123,4,55
153,0.9778176806867123,4,55
154,0.9778176806867123,4,55
155,0.9778176806867123,4,55
156,0.9778176806867123,4,55
157,0.978493083268404,4,55
158,0.978493083268404,4,55
159,0.978493083268404,4,55
160,0.978493083268404,4,55
161,0.978493083268404,4,55
162,0.978493083268404,4,55
163,0.978493083268404,4,55
164,0.978493083268404,4,55
165,0.978493083268404,4,55
166,0.978493083268404,4,55
167,0.978493083268404,4,55
168,0.978493083268404,4,55
169,0.978493083268404,4,55
170,0.978493083268404,4,55
171,0.978493083268404,4,55
172,0.978493083268404,4,55
173,0.978493083268404,4,55
174,0.978493083268404,4,55
175,0.978493083268404,4,55
176,0.978493083268404,4,55
177,0.978493083268404,4,55
178,0.978493083268404,4,55
179,0.978493083268404,4,55
180,0.978493083268404,4,55
181,0.978493083268404,4,55
182,0.978493083268404,4,55
183,0.978493083268404,4,55
184,0.978493083268404,4,55
185,0.978493083268404,4,55
186,0.978493083268404,4,55
187,0.978493083268404,4,55
188,0.978493083268404,4,55
189,0.978493083268404,4,55
190,0.978493083268404,4,55
191,0.978493083268404,4,55
192,0.978493083268404,4,55
193,0.978493083268404,4,55
194,0.978493083268404,4,55
195,0.978493083268404,4,55
196,0.978493083268404,4,55
197,0.978493083268404,4,55
198,0.978493083268404,4,55
199,0.978493083268404,4,55
200,0.978493083268404,4,55
1,0.004992008209228516,1,56
2,0.004992008209228516,1,56
3,0.008439958095550537,1,56
4,0.008439958095550537,1,56
5,0.008439958095550537,1,56
6,0.008439958095550537,1,56
7,0.00919884443283081,1,56
8,0.020615339279174805,1,56
9,0.05247849225997925,1,56
10,0.05247849225997925,1,56
11,0.05247849225997925,1,56
12,0.05247849225997925,1,56
13,0.05247849225997925,1,56
14,0.05247849225997925,1,56
15,0.05247849225997925,1,56
16,0.05247849225997925,1,56
17,0.05247849225997925,1,56
18,0.05247849225997925,1,56
19,0.05247849225997925,1,56
20,0.05247849225997925,1,56
21,0.05247849225997925,1,56
22,0.05247849225997925,1,56
23,0.05247849225997925,1,56
24,0.05247849225997925,1,56
25,0.14623790979385376,2,56
26,0.14623790979385376,2,56
27,0.14623790979385376,2,56
28,0.14623790979385376,2,56
29,0.14623790979385376,2,56
30,0.14623790979385376,2,56
31,0.14623790979385376,2,56
32,0.15643537044525146,2,56
33,0.15643537044525146,2,56
34,0.15643537044525146,2,56
35,0.15643537044525146,2,56
36,0.15643537044525146,2,56
37,0.15643537044525146,2,56
38,0.15643537044525146,2,56
39,0.15643537044525146,2,56
40,0.15643537044525146,2,56
41,0.15643537044525146,2,56
42,0.19191282987594604,2,56
43,0.19191282987594604,2,56
44,0.19191282987594604,2,56
45,0.19191282987594604,2,56
46,0.19191282987594604,2,56
47,0.19191282987594604,2,56
48,0.19191282987594604,2,56
49,0.19191282987594604,2,56
50,0.19191282987594604,2,56
51,0.19191282987594604,2,56
52,0.19191282987594604,2,56
53,0.19191282987594604,2,56
54,0.23037594556808472,2,56
55,0.23037594556808472,2,56
56,0.23037594556808472,2,56
57,0.23037594556808472,2,56
58,0.41096019744873047,3,56
59,0.41371989250183105,3,56
60,0.41371989250183105,3,56
61,0.41371989250183105,3,56
62,0.5283517241477966,3,56
63,0.6311125457286835,3,56
64,0.6311125457286835,3,56
65,0.6311125457286835,3,56
66,0.6311125457286835,3,56
67,0.6311125457286835,3,56
68,0.763457790017128,5,56
69,0.7986965328454971,4,56
70,0.7986965328454971,4,56
71,0.8029002845287323,4,56
72,0.8029002845287323,4,56
73,0.8555928617715836,4,56
74,0.9898178093135357,5,56
75,0.9898178093135357,5,56
76,0.9898178093135357,5,56
77,0.9898178093135357,5,56
78,0.9898178093135357,5,56
79,0.9898178093135357,5,56
80,0.9898178093135357,5,56
81,0.9898178093135357,5,56
82,0.9898178093135357,5,56
83,0.9948469786904752,5,56
84,0.9948469786904752,5,56
85,0.9591512233018875,4,56
86,0.9591512233018875,4,56
87,0.9591512233018875,4,56
88,0.9591512233018875,4,56
89,0.9591512233018875,4,56
90,0.9591512233018875,4,56
91,0.9591512233018875,4,56
92,0.9591512233018875,4,56
93,0.9591512233018875,4,56
94,0.9591512233018875,4,56
95,0.9591512233018875,4,56
96,0.9591512233018875,4,56
97,0.9591512233018875,4,56
98,0.9591512233018875,4,56
99,0.9591512233018875,4,56
100,0.9591512233018875,4,56
101,0.9591512233018875,4,56
102,0.9591512233018875,4,56
103,0.9710560459643602,4,56
104,0.9710560459643602,4,56
105,0.9710560459643602,4,56
106,0.9710560459643602,4,56
107,0.9710560459643602,4,56
108,0.9710560459643602,4,56
109,0.9710560459643602,4,56
110,0.9710560459643602,4,56
111,0.9710560459643602,4,56
112,0.9785400982946157,4,56
113,0.9785400982946157,4,56
114,0.9785400982946157,4,56
115,0.9785400982946157,4,56
116,0.9785400982946157,4,56
117,0.9785400982946157,4,56
118,0.9785400982946157,4,56
119,0.9823373854160309,4,56
120,0.9823373854160309,4,56
121,0.9823373854160309,4,56
122,0.9823373854160309,4,56
123,0.9823373854160309,4,56
124,0.9823373854160309,4,56
125,0.9823373854160309,4,56
126,0.9823373854160309,4,56
127,0.9823373854160309,4,56
128,0.9823373854160309,4,56
129,0.9823373854160309,4,56
130,0.9823373854160309,4,56
131,0.9823373854160309,4,56
132,0.9823373854160309,4,56
133,0.9823373854160309,4,56
134,0.9823373854160309,4,56
135,0.9823373854160309,4,56
136,0.9823373854160309,4,56
137,0.9823373854160309,4,56
138,0.9823373854160309,4,56
139,0.9823373854160309,4,56
140,0.9823373854160309,4,56
141,0.9823373854160309,4,56
142,0.9891861192882061,4,56
143,0.9891861192882061,4,56
144,0.9891861192882061,4,56
145,0.9891861192882061,4,56
146,0.9891861192882061,4,56
147,0.9891861192882061,4,56
148,0.9891861192882061,4,56
149,0.9891861192882061,4,56
150,0.9891861192882061,4,56
151,0.9891861192882061,4,56
152,0.9891861192882061,4,56
153,0.9891861192882061,4,56
154,0.9891861192882061,4,56
155,0.9891861192882061,4,56
156,0.9891861192882061,4,56
157,0.9891861192882061,4,56
158,0.9891861192882061,4,56
159,0.9891861192882061,4,56
160,0.9891861192882061,4,56
161,0.9891861192882061,4,56
162,0.9891861192882061,4,56
163,0.9891861192882061,4,56
164,0.9891861192882061,4,56
165,0.9891861192882061,4,56
166,0.9891861192882061,4,56
167,0.9891861192882061,4,56
168,0.9891861192882061,4,56
169,0.9891861192882061,4,56
170,0.9891861192882061,4,56
171,0.9891861192882061,4,56
172,0.9891861192882061,4,56
173,0.9891861192882061,4,56
174,0.9891861192882061,4,56
175,0.9891861192882061,4,56
176,0.9891861192882061,4,56
177,0.9891861192882061,4,56
178,0.9891861192882061,4,56
179,0.9891861192882061,4,56
180,0.9891861192882061,4,56
181,0.9891861192882061,4,56
182,0.9891861192882061,4,56
183,0.9891861192882061,4,56
184,0.9891861192882061,4,56
185,0.9891861192882061,4,56
186,0.9891861192882061,4,56
187,0.9891861192882061,4,56
188,0.9891861192882061,4,56
189,0.9891861192882061,4,56
190,0.9891861192882061,4,56
191,0.9891861192882061,4,56
192,0.9891861192882061,4,56
193,0.9891861192882061,4,56
194,0.9891861192882061,4,56
195,0.9891861192882061,4,56
196,0.9891861192882061,4,56
197,0.9891861192882061,4,56
198,0.9891861192882061,4,56
199,0.9891861192882061,4,56
200,0.9891861192882061,4,56
1,0.7824700623750687,3,57
2,0.8894763365387917,2,57
3,0.8894763365387917,2,57
4,0.8894763365387917,2,57
5,0.8894763365387917,2,57
6,0.8894763365387917,2,57
7,0.9174642935395241,2,57
8,0.9243363663554192,2,57
9,0.9757348857820034,3,57
10,0.9757348857820034,3,57
11,0.9520011469721794,2,57
12,0.9520011469721794,2,57
13,0.9520011469721794,2,57
14,0.9520011469721794,2,57
15,0.9520011469721794,2,57
16,0.9894135436043143,2,57
17,0.9894135436043143,2,57
18,0.9894135436043143,2,57
19,0.9894135436043143,2,57
20,0.9894135436043143,2,57
21,0.9894135436043143,2,57
22,0.9894135436043143,2,57
23,0.9894135436043143,2,57
24,0.9894135436043143,2,57
25,0.9894135436043143,2,57
26,0.9894135436043143,2,57
27,0.9894135436043143,2,57
28,0.9894135436043143,2,57
29,0.9894135436043143,2,57
30,0.9894135436043143,2,57
31,0.9900935543701053,2,57
32,0.9900935543701053,2,57
33,0.9947998970746994,2,57
34,0.9947998970746994,2,57
35,0.9947998970746994,2,57
36,0.9947998970746994,2,57
37,0.9947998970746994,2,57
38,0.9947998970746994,2,57
39,0.9947998970746994,2,57
40,0.995886261574924,2,57
41,0.995886261574924,2,57
42,0.995886261574924,2,57
43,0.995974961668253,2,57
44,0.995974961668253,2,57
45,0.995974961668253,2,57
46,0.995974961668253,2,57
47,0.995974961668253,2,57
48,0.995974961668253,2,57
49,0.995974961668253,2,57
50,0.995974961668253,2,57
51,0.9960426581092179,2,57
52,0.9960426581092179,2,57
53,0.9960426581092179,2,57
54,0.9960426581092179,2,57
55,0.9960426581092179,2,57
56,0.9960426581092179,2,57
57,0.9961136439815164,2,57
58,0.9961136439815164,2,57
59,0.9961136439815164,2,57
60,0.9961136439815164,2,57
61,0.9961136439815164,2,57
62,0.9961136439815164,2,57
63,0.9961136439815164,2,57
64,0.9961136439815164,2,57
65,0.9961136439815164,2,57
66,0.9961136439815164,2,57
67,0.9961136439815164,2,57
68,0.9961136439815164,2,57
69,0.9961136439815164,2,57
70,0.9961136439815164,2,57
71,0.9961136439815164,2,57
72,0.9961136439815164,2,57
73,0.9961136439815164,2,57
74,0.9961136439815164,2,57
75,0.9961136439815164,2,57
76,0.9961136439815164,2,57
77,0.9961136439815164,2,57
78,0.9961136439815164,2,57
79,0.9961136439815164,2,57
80,0.9961136439815164,2,57
81,0.9961136439815164,2,57
82,0.9961136439815164,2,57
83,0.9961136439815164,2,57
84,0.9961136439815164,2,57
85,0.9961136439815164,2,57
86,0.9961136439815164,2,57
87,0.9961136439815164,2,57
88,0.9961136439815164,2,57
89,0.9961136439815164,2,57
90,0.9961136439815164,2,57
91,0.9961136439815164,2,57
92,0.9961136439815164,2,57
93,0.9961136439815164,2,57
94,0.9961136439815164,2,57
95,0.9961136439815164,2,57
96,0.9961136439815164,2,57
97,0.9961136439815164,2,57
98,0.9961136439815164,2,57
99,0.9961136439815164,2,57
100,0.9961136439815164,2,57
101,0.9961136439815164,2,57
102,0.9961136439815164,2,57
103,0.9961136439815164,2,57
104,0.9961136439815164,2,57
105,0.9961136439815164,2,57
106,0.9961136439815164,2,57
107,0.9961136439815164,2,57
108,0.9961136439815164,2,57
109,0.9961136439815164,2,57
110,0.9961136439815164,2,57
111,0.9961136439815164,2,57
112,0.9961136439815164,2,57
113,0.9961136439815164,2,57
114,0.9961136439815164,2,57
115,0.9961136439815164,2,57
116,0.9961136439815164,2,57
117,0.9961136439815164,2,57
118,0.9961136439815164,2,57
119,0.9961136439815164,2,57
120,0.9961136439815164,2,57
121,0.9961136439815164,2,57
122,0.9961136439815164,2,57
123,0.9961136439815164,2,57
124,0.9961136439815164,2,57
125,0.9961136439815164,2,57
126,0.9961136439815164,2,57
127,0.9961136439815164,2,57
128,0.9961136439815164,2,57
129,0.9961136439815164,2,57
130,0.9961136439815164,2,57
131,0.9961136439815164,2,57
132,0.9961136439815164,2,57
133,0.9961136439815164,2,57
134,0.9961136439815164,2,57
135,0.9961136439815164,2,57
136,0.9961136439815164,2,57
137,0.9961136439815164,2,57
138,0.9961136439815164,2,57
139,0.9961136439815164,2,57
140,0.9961136439815164,2,57
141,0.9961136439815164,2,57
142,0.9961136439815164,2,57
143,0.9961136439815164,2,57
144,0.9961136439815164,2,57
145,0.9961136439815164,2,57
146,0.9961136439815164,2,57
147,0.9961136439815164,2,57
148,0.9961136439815164,2,57
149,0.9961136439815164,2,57
150,0.9961136439815164,2,57
151,0.9961136439815164,2,57
152,0.9961136439815164,2,57
153,0.9961136439815164,2,57
154,0.9961136439815164,2,57
155,0.9961136439815164,2,57
156,0.9961136439815164,2,57
157,0.9961136439815164,2,57
158,0.9961136439815164,2,57
159,0.9961136439815164,2,57
160,0.9961136439815164,2,57
161,0.9961136439815164,2,57
162,0.9961136439815164,2,57
163,0.9961136439815164,2,57
164,0.9961136439815164,2,57
165,0.9961136439815164,2,57
166,0.9961136439815164,2,57
167,0.9961136439815164,2,57
168,0.9961136439815164,2,57
169,0.9961136439815164,2,57
170,0.9961136439815164,2,57
171,0.9961136439815164,2,57
172,0.9961136439815164,2,57
173,0.9961136439815164,2,57
174,0.9961136439815164,2,57
175,0.9961136439815164,2,57
176,0.9961136439815164,2,57
177,0.9961136439815164,2,57
178,0.9961136439815164,2,57
179,0.9961136439815164,2,57
180,0.9961136439815164,2,57
181,0.9961136439815164,2,57
182,0.9961136439815164,2,57
183,0.9961136439815164,2,57
184,0.9961136439815164,2,57
185,0.9961136439815164,2,57
186,0.9961136439815164,2,57
187,0.9961136439815164,2,57
188,0.9961136439815164,2,57
189,0.9961136439815164,2,57
190,0.9961136439815164,2,57
191,0.9961136439815164,2,57
192,0.9961136439815164,2,57
193,0.9961136439815164,2,57
194,0.9961136439815164,2,57
195,0.9961136439815164,2,57
196,0.9961136439815164,2,57
197,0.9961136439815164,2,57
198,0.9961136439815164,2,57
199,0.9961136439815164,2,57
200,0.9961136439815164,2,57
1,0.0020047426223754883,1,58
2,0.0020047426223754883,1,58
3,0.0033832192420959473,1,58
4,0.0033832192420959473,1,58
5,0.003918111324310303,1,58
6,0.004266679286956787,1,58
7,0.004266679286956787,1,58
8,0.006397545337677002,1,58
9,0.009096086025238037,1,58
10,0.014089465141296387,1,58
11,0.02326333522796631,1,58
12,0.02326333522796631,1,58
13,0.023425936698913574,1,58
14,0.023425936698913574,1,58
15,0.024816691875457764,1,58
16,0.024816691875457764,1,58
17,0.024816691875457764,1,58
18,0.024816691875457764,1,58
19,0.024816691875457764,1,58
20,0.024816691875457764,1,58
21,0.024816691875457764,1,58
22,0.024816691875457764,1,58
23,0.024816691875457764,1,58
24,0.11332499980926514,2,58
25,0.11332499980926514,2,58
26,0.11332499980926514,2,58
27,0.11332499980926514,2,58
28,0.11332499980926514,2,58
29,0.11332499980926514,2,58
30,0.18740862607955933,2,58
31,0.23205101490020752,2,58
32,0.23205101490020752,2,58
33,0.23205101490020752,2,58
34,0.23205101490020752,2,58
35,0.23205101490020752,2,58
36,0.23205101490020752,2,58
37,0.23205101490020752,2,58
38,0.23205101490020752,2,58
39,0.23205101490020752,2,58
40,0.34114915132522583,4,58
41,0.5003411769866943,3,58
42,0.5003411769866943,3,58
43,0.5003411769866943,3,58
44,0.8120202720165253,5,58
45,0.8916738256812096,5,58
46,0.8916738256812096,5,58
47,0.8916738256812096,5,58
48,0.8916738256812096,5,58
49,0.8916738256812096,5,58
50,0.8916738256812096,5,58
51,0.8916738256812096,5,58
52,0.9171987324953079,5,58
53,0.9171987324953079,5,58
54,0.9452724158763885,4,58
55,0.9452724158763885,4,58
56,0.9452724158763885,4,58
57,0.9452724158763885,4,58
58,0.9452724158763885,4,58
59,0.9452724158763885,4,58
60,0.9452724158763885,4,58
61,0.9452724158763885,4,58
62,0.9452724158763885,4,58
63,0.9452724158763885,4,58
64,0.9452724158763885,4,58
65,0.9452724158763885,4,58
66,0.9452724158763885,4,58
67,0.9452724158763885,4,58
68,0.991916592232883,5,58
69,0.991916592232883,5,58
70,0.991916592232883,5,58
71,0.991916592232883,5,58
72,0.991916592232883,5,58
73,0.9544484801590443,4,58
74,0.9544484801590443,4,58
75,0.9544484801590443,4,58
76,0.9544484801590443,4,58
77,0.9544484801590443,4,58
78,0.9544484801590443,4,58
79,0.9544484801590443,4,58
80,0.9544484801590443,4,58
81,0.9544484801590443,4,58
82,0.9544484801590443,4,58
83,0.9544484801590443,4,58
84,0.9544484801590443,4,58
85,0.9544484801590443,4,58
86,0.9544484801590443,4,58
87,0.9544484801590443,4,58
88,0.9544484801590443,4,58
89,0.9693011473864317,4,58
90,0.9693011473864317,4,58
91,0.9693011473864317,4,58
92,0.9693011473864317,4,58
93,0.9693011473864317,4,58
94,0.9693011473864317,4,58
95,0.9693011473864317,4,58
96,0.9693011473864317,4,58
97,0.9693011473864317,4,58
98,0.9693011473864317,4,58
99,0.9693011473864317,4,58
100,0.9693011473864317,4,58
101,0.9693011473864317,4,58
102,0.9693011473864317,4,58
103,0.9693011473864317,4,58
104,0.9693011473864317,4,58
105,0.9693011473864317,4,58
106,0.9693011473864317,4,58
107,0.9693011473864317,4,58
108,0.9693011473864317,4,58
109,0.9693011473864317,4,58
110,0.9693011473864317,4,58
111,0.9693011473864317,4,58
112,0.9693011473864317,4,58
113,0.9693011473864317,4,58
114,0.9693011473864317,4,58
115,0.9693011473864317,4,58
116,0.9693011473864317,4,58
117,0.9693011473864317,4,58
118,0.9693011473864317,4,58
119,0.9693011473864317,4,58
120,0.9693011473864317,4,58
121,0.9693011473864317,4,58
122,0.9693011473864317,4,58
123,0.9693011473864317,4,58
124,0.9693011473864317,4,58
125,0.9693011473864317,4,58
126,0.9693011473864317,4,58
127,0.9693011473864317,4,58
128,0.9693011473864317,4,58
129,0.9693011473864317,4,58
130,0.9693011473864317,4,58
131,0.9693011473864317,4,58
132,0.9693011473864317,4,58
133,0.9693011473864317,4,58
134,0.9693011473864317,4,58
135,0.9693011473864317,4,58
136,0.9693011473864317,4,58
137,0.9693011473864317,4,58
138,0.9693011473864317,4,58
139,0.9693011473864317,4,58
140,0.9693011473864317,4,58
141,0.9693011473864317,4,58
142,0.9693011473864317,4,58
143,0.9693011473864317,4,58
144,0.9693011473864317,4,58
145,0.9693011473864317,4,58
146,0.9693011473864317,4,58
147,0.9693011473864317,4,58
148,0.9693011473864317,4,58
149,0.9693011473864317,4,58
150,0.9693011473864317,4,58
151,0.9693011473864317,4,58
152,0.9693011473864317,4,58
153,0.9693011473864317,4,58
154,0.9693011473864317,4,58
155,0.9693011473864317,4,58
156,0.9693011473864317,4,58
157,0.9693011473864317,4,58
158,0.9693011473864317,4,58
159,0.9693011473864317,4,58
160,0.9693011473864317,4,58
161,0.9693011473864317,4,58
162,0.9693011473864317,4,58
163,0.9693011473864317,4,58
164,0.9693011473864317,4,58
165,0.9693011473864317,4,58
166,0.9693011473864317,4,58
167,0.9693011473864317,4,58
168,0.9693011473864317,4,58
169,0.9693011473864317,4,58
170,0.9693011473864317,4,58
171,0.9750317446887493,4,58
172,0.9750317446887493,4,58
173,0.9750317446887493,4,58
174,0.9750317446887493,4,58
175,0.9750317446887493,4,58
176,0.9750317446887493,4,58
177,0.9750317446887493,4,58
178,0.9750317446887493,4,58
179,0.9750317446887493,4,58
180,0.9750317446887493,4,58
181,0.9750317446887493,4,58
182,0.9750317446887493,4,58
183,0.9750317446887493,4,58
184,0.9750317446887493,4,58
185,0.9750317446887493,4,58
186,0.9750317446887493,4,58
187,0.9750317446887493,4,58
188,0.9750317446887493,4,58
189,0.9750317446887493,4,58
190,0.9750317446887493,4,58
191,0.9750317446887493,4,58
192,0.9750317446887493,4,58
193,0.9750317446887493,4,58
194,0.9750317446887493,4,58
195,0.9750317446887493,4,58
196,0.9750317446887493,4,58
197,0.9750317446887493,4,58
198,0.9750317446887493,4,58
199,0.9750317446887493,4,58
200,0.9750317446887493,4,58
1,0.10868221521377563,1,59
2,0.10868221521377563,1,59
3,0.10868221521377563,1,59
4,0.11572158336639404,1,59
5,0.11572158336639404,1,59
6,0.11644881963729858,1,59
7,0.11644881963729858,1,59
8,0.16849035024642944,2,59
9,0.12953341007232666,1,59
10,0.183510422706604,2,59
11,0.183510422706604,2,59
12,0.24980562925338745,3,59
13,0.24980562925338745,3,59
14,0.16269975900650024,1,59
15,0.5178019404411316,3,59
16,0.5178019404411316,3,59
17,0.5178019404411316,3,59
18,0.5178019404411316,3,59
19,0.5178019404411316,3,59
20,0.5178019404411316,3,59
21,0.5178019404411316,3,59
22,0.5178019404411316,3,59
23,0.5178019404411316,3,59
24,0.6026714742183685,3,59
25,0.6856580376625061,3,59
26,0.6856580376625061,3,59
27,0.6856580376625061,3,59
28,0.6856580376625061,3,59
29,0.6856580376625061,3,59
30,0.7485262453556061,4,59
31,0.7485262453556061,4,59
32,0.7485262453556061,4,59
33,0.7485262453556061,4,59
34,0.7485262453556061,4,59
35,0.7485262453556061,4,59
36,0.7110998630523682,3,59
37,0.883130319416523,4,59
38,0.883130319416523,4,59
39,0.883130319416523,4,59
40,0.8530556857585907,3,59
41,0.8530556857585907,3,59
42,0.8530556857585907,3,59
43,0.8530556857585907,3,59
44,0.8530556857585907,3,59
45,0.9190271496772766,4,59
46,0.9190271496772766,4,59
47,0.9190271496772766,4,59
48,0.9190271496772766,4,59
49,0.9190271496772766,4,59
50,0.9190271496772766,4,59
51,0.9190271496772766,4,59
52,0.9190271496772766,4,59
53,0.9190271496772766,4,59
54,0.9190271496772766,4,59
55,0.9190271496772766,4,59
56,0.9190271496772766,4,59
57,0.9190271496772766,4,59
58,0.883528970181942,3,59
59,0.883528970181942,3,59
60,0.883528970181942,3,59
61,0.883528970181942,3,59
62,0.883528970181942,3,59
63,0.883528970181942,3,59
64,0.883528970181942,3,59
65,0.883528970181942,3,59
66,0.883528970181942,3,59
67,0.883528970181942,3,59
68,0.883528970181942,3,59
69,0.883528970181942,3,59
70,0.883528970181942,3,59
71,0.883528970181942,3,59
72,0.883528970181942,3,59
73,0.883528970181942,3,59
74,0.883528970181942,3,59
75,0.883528970181942,3,59
76,0.883528970181942,3,59
77,0.883528970181942,3,59
78,0.883528970181942,3,59
79,0.883528970181942,3,59
80,0.883528970181942,3,59
81,0.883528970181942,3,59
82,0.883528970181942,3,59
83,0.883528970181942,3,59
84,0.883528970181942,3,59
85,0.883528970181942,3,59
86,0.9401865601539612,4,59
87,0.9401865601539612,4,59
88,0.9401865601539612,4,59
89,0.9401865601539612,4,59
90,0.9401865601539612,4,59
91,0.9401865601539612,4,59
92,0.9401865601539612,4,59
93,0.9401865601539612,4,59
94,0.9401865601539612,4,59
95,0.9401865601539612,4,59
96,0.9401865601539612,4,59
97,0.9401865601539612,4,59
98,0.9401865601539612,4,59
99,0.9401865601539612,4,59
100,0.9401865601539612,4,59
101,0.9401865601539612,4,59
102,0.9401865601539612,4,59
103,0.9401865601539612,4,59
104,0.9401865601539612,4,59
105,0.9433710984885693,4,59
106,0.9433710984885693,4,59
107,0.9433710984885693,4,59
108,0.9433710984885693,4,59
109,0.9433710984885693,4,59
110,0.9433710984885693,4,59
111,0.9433710984885693,4,59
112,0.9433710984885693,4,59
113,0.9433710984885693,4,59
114,0.9433710984885693,4,59
115,0.9433710984885693,4,59
116,0.9434009790420532,4,59
117,0.9464746415615082,4,59
118,0.961986418813467,4,59
119,0.961986418813467,4,59
120,0.961986418813467,4,59
121,0.961986418813467,4,59
122,0.961986418813467,4,59
123,0.961986418813467,4,59
124,0.961986418813467,4,59
125,0.961986418813467,4,59
126,0.961986418813467,4,59
127,0.961986418813467,4,59
128,0.961986418813467,4,59
129,0.961986418813467,4,59
130,0.961986418813467,4,59
131,0.961986418813467,4,59
132,0.961986418813467,4,59
133,0.961986418813467,4,59
134,0.961986418813467,4,59
135,0.961986418813467,4,59
136,0.961986418813467,4,59
137,0.961986418813467,4,59
138,0.961986418813467,4,59
139,0.961986418813467,4,59
140,0.961986418813467,4,59
141,0.961986418813467,4,59
142,0.961986418813467,4,59
143,0.961986418813467,4,59
144,0.961986418813467,4,59
145,0.961986418813467,4,59
146,0.961986418813467,4,59
147,0.961986418813467,4,59
148,0.961986418813467,4,59
149,0.961986418813467,4,59
150,0.961986418813467,4,59
151,0.961986418813467,4,59
152,0.961986418813467,4,59
153,0.961986418813467,4,59
154,0.961986418813467,4,59
155,0.961986418813467,4,59
156,0.961986418813467,4,59
157,0.961986418813467,4,59
158,0.961986418813467,4,59
159,0.961986418813467,4,59
160,0.961986418813467,4,59
161,0.961986418813467,4,59
162,0.961986418813467,4,59
163,0.961986418813467,4,59
164,0.961986418813467,4,59
165,0.961986418813467,4,59
166,0.961986418813467,4,59
167,0.961986418813467,4,59
168,0.961986418813467,4,59
169,0.961986418813467,4,59
170,0.961986418813467,4,59
171,0.961986418813467,4,59
172,0.961986418813467,4,59
173,0.961986418813467,4,59
174,0.961986418813467,4,59
175,0.961986418813467,4,59
176,0.961986418813467,4,59
177,0.961986418813467,4,59
178,0.961986418813467,4,59
179,0.961986418813467,4,59
180,0.961986418813467,4,59
181,0.961986418813467,4,59
182,0.961986418813467,4,59
183,0.961986418813467,4,59
184,0.961986418813467,4,59
185,0.961986418813467,4,59
186,0.961986418813467,4,59
187,0.961986418813467,4,59
188,0.961986418813467,4,59
189,0.961986418813467,4,59
190,0.961986418813467,4,59
191,0.961986418813467,4,59
192,0.961986418813467,4,59
193,0.961986418813467,4,59
194,0.961986418813467,4,59
195,0.961986418813467,4,59
196,0.961986418813467,4,59
197,0.961986418813467,4,59
198,0.961986418813467,4,59
199,0.961986418813467,4,59
200,0.961986418813467,4,59
