generation,best_value,num_perturbations,sample_id
1,3.993511199951172e-05,1,0
2,6.413459777832031e-05,1,0
3,6.413459777832031e-05,1,0
4,6.413459777832031e-05,1,0
5,6.413459777832031e-05,1,0
6,6.413459777832031e-05,1,0
7,0.00013911724090576172,1,0
8,0.00020581483840942383,1,0
9,0.00029736757278442383,1,0
10,0.0003108978271484375,1,0
11,0.004513442516326904,1,0
12,0.004513442516326904,1,0
13,0.004513442516326904,1,0
14,0.004513442516326904,1,0
15,0.004513442516326904,1,0
16,0.004513442516326904,1,0
17,0.004513442516326904,1,0
18,0.004513442516326904,1,0
19,0.004513442516326904,1,0
20,0.004513442516326904,1,0
21,0.004513442516326904,1,0
22,0.005306899547576904,1,0
23,0.005306899547576904,1,0
24,0.005306899547576904,1,0
25,0.005306899547576904,1,0
26,0.005306899547576904,1,0
27,0.005306899547576904,1,0
28,0.005306899547576904,1,0
29,0.005306899547576904,1,0
30,0.005306899547576904,1,0
31,0.005306899547576904,1,0
32,0.005306899547576904,1,0
33,0.005306899547576904,1,0
34,0.005306899547576904,1,0
35,0.005306899547576904,1,0
36,0.005306899547576904,1,0
37,0.005306899547576904,1,0
38,0.005306899547576904,1,0
39,0.005306899547576904,1,0
40,0.005306899547576904,1,0
41,0.005306899547576904,1,0
42,0.05657064914703369,2,0
43,0.05657064914703369,2,0
44,0.05657064914703369,2,0
45,0.05657064914703369,2,0
46,0.05657064914703369,2,0
47,0.05657064914703369,2,0
48,0.05657064914703369,2,0
49,0.05657064914703369,2,0
50,0.05657064914703369,2,0
51,0.05657064914703369,2,0
52,0.05657064914703369,2,0
53,0.05657064914703369,2,0
54,0.05657064914703369,2,0
55,0.05657064914703369,2,0
56,0.05657064914703369,2,0
57,0.05657064914703369,2,0
58,0.05657064914703369,2,0
59,0.05657064914703369,2,0
60,0.05657064914703369,2,0
61,0.05657064914703369,2,0
62,0.05657064914703369,2,0
63,0.1762790083885193,2,0
64,0.1762790083885193,2,0
65,0.18911856412887573,2,0
66,0.18911856412887573,2,0
67,0.18911856412887573,2,0
68,0.18911856412887573,2,0
69,0.4749845862388611,3,0
70,0.4749845862388611,3,0
71,0.4749845862388611,3,0
72,0.6796053946018219,3,0
73,0.8915292099118233,4,0
74,0.8915292099118233,4,0
75,0.8915292099118233,4,0
76,0.8915292099118233,4,0
77,0.9149099215865135,4,0
78,0.9155537784099579,3,0
79,0.9155537784099579,3,0
80,0.9155537784099579,3,0
81,0.9972977240104228,4,0
82,0.9972977240104228,4,0
83,0.9972977240104228,4,0
84,0.9972977240104228,4,0
85,0.9972977240104228,4,0
86,0.9972977240104228,4,0
87,0.9972977240104228,4,0
88,0.9972977240104228,4,0
89,0.9972977240104228,4,0
90,0.9972977240104228,4,0
91,0.9972977240104228,4,0
92,0.9972977240104228,4,0
93,0.9972977240104228,4,0
94,0.9972977240104228,4,0
95,0.9972977240104228,4,0
96,0.9972977240104228,4,0
97,0.9972977240104228,4,0
98,0.9972977240104228,4,0
99,0.9972977240104228,4,0
100,0.9972977240104228,4,0
101,0.9972977240104228,4,0
102,0.9972977240104228,4,0
103,0.9972977240104228,4,0
104,0.9972977240104228,4,0
105,0.9972977240104228,4,0
106,0.9972977240104228,4,0
107,0.9972977240104228,4,0
108,0.9972977240104228,4,0
109,0.9972977240104228,4,0
110,0.9972977240104228,4,0
111,0.9972977240104228,4,0
112,0.9972977240104228,4,0
113,0.9972977240104228,4,0
114,0.9972977240104228,4,0
115,0.9972977240104228,4,0
116,0.9972977240104228,4,0
117,0.9972977240104228,4,0
118,0.9972977240104228,4,0
119,0.9972977240104228,4,0
120,0.9972977240104228,4,0
121,0.9972977240104228,4,0
122,0.9972977240104228,4,0
123,0.998942865524441,4,0
124,0.998942865524441,4,0
125,0.998942865524441,4,0
126,0.998942865524441,4,0
127,0.998942865524441,4,0
128,0.998942865524441,4,0
129,0.998942865524441,4,0
130,0.998942865524441,4,0
131,0.998942865524441,4,0
132,0.998942865524441,4,0
133,0.998942865524441,4,0
134,0.998942865524441,4,0
135,0.998942865524441,4,0
136,0.998942865524441,4,0
137,0.998942865524441,4,0
138,0.998942865524441,4,0
139,0.998942865524441,4,0
140,0.998942865524441,4,0
141,0.998942865524441,4,0
142,0.998942865524441,4,0
143,0.998942865524441,4,0
144,0.9992105309502222,4,0
145,0.9992105309502222,4,0
146,0.9992105309502222,4,0
147,0.9992105309502222,4,0
148,0.9992105309502222,4,0
149,0.9992105309502222,4,0
150,0.9992105309502222,4,0
151,0.9992105309502222,4,0
152,0.9992105309502222,4,0
153,0.9994482325855643,4,0
154,0.9994482325855643,4,0
155,0.9994482325855643,4,0
156,0.9994482325855643,4,0
157,0.9994482325855643,4,0
158,0.9994482325855643,4,0
159,0.9994482325855643,4,0
160,0.9994482325855643,4,0
161,0.9640306383371353,3,0
162,0.9640306383371353,3,0
163,0.9640306383371353,3,0
164,0.9640306383371353,3,0
165,0.9640306383371353,3,0
166,0.9640306383371353,3,0
167,0.9640306383371353,3,0
168,0.9640306383371353,3,0
169,0.9640306383371353,3,0
170,0.9640306383371353,3,0
171,0.9640306383371353,3,0
172,0.9640306383371353,3,0
173,0.9645426087081432,3,0
174,0.9645426087081432,3,0
175,0.9645426087081432,3,0
176,0.9645426087081432,3,0
177,0.9645426087081432,3,0
178,0.9645426087081432,3,0
179,0.9645426087081432,3,0
180,0.9645426087081432,3,0
181,0.9645426087081432,3,0
182,0.9645426087081432,3,0
183,0.9645426087081432,3,0
184,0.9645426087081432,3,0
185,0.9653577283024788,3,0
186,0.9653577283024788,3,0
187,0.9653577283024788,3,0
188,0.9653577283024788,3,0
189,0.9653577283024788,3,0
190,0.9653577283024788,3,0
191,0.9653577283024788,3,0
192,0.9653577283024788,3,0
193,0.9653577283024788,3,0
194,0.9653577283024788,3,0
195,0.9653577283024788,3,0
196,0.9653577283024788,3,0
197,0.9653577283024788,3,0
198,0.9653577283024788,3,0
199,0.9653577283024788,3,0
200,0.9653577283024788,3,0
1,3.814697265625e-06,1,1
2,3.814697265625e-06,1,1
3,4.887580871582031e-06,1,1
4,4.887580871582031e-06,1,1
5,5.0067901611328125e-06,1,1
6,7.152557373046875e-06,1,1
7,1.6808509826660156e-05,1,1
8,3.9577484130859375e-05,1,1
9,0.00011241436004638672,1,1
10,0.00011241436004638672,1,1
11,0.00011241436004638672,1,1
12,0.00025349855422973633,1,1
13,0.00025349855422973633,1,1
14,0.00025349855422973633,1,1
15,0.00025349855422973633,1,1
16,0.0003657341003417969,1,1
17,0.0003657341003417969,1,1
18,0.0003657341003417969,1,1
19,0.0003657341003417969,1,1
20,0.0003657341003417969,1,1
21,0.0003657341003417969,1,1
22,0.0003657341003417969,1,1
23,0.0003657341003417969,1,1
24,0.0003657341003417969,1,1
25,0.0003657341003417969,1,1
26,0.0003657341003417969,1,1
27,0.0003657341003417969,1,1
28,0.0003657341003417969,1,1
29,0.0003657341003417969,1,1
30,0.0003657341003417969,1,1
31,0.0003657341003417969,1,1
32,0.0003657341003417969,1,1
33,0.0003657341003417969,1,1
34,0.0003657341003417969,1,1
35,0.0003657341003417969,1,1
36,0.0003657341003417969,1,1
37,0.0003657341003417969,1,1
38,0.0003657341003417969,1,1
39,0.0003657341003417969,1,1
40,0.0003657341003417969,1,1
41,0.0003657341003417969,1,1
42,0.0003657341003417969,1,1
43,0.0003657341003417969,1,1
44,0.0003657341003417969,1,1
45,0.0003657341003417969,1,1
46,0.0003657341003417969,1,1
47,0.0003657341003417969,1,1
48,0.0003657341003417969,1,1
49,0.0003657341003417969,1,1
50,0.0003657341003417969,1,1
51,0.0003657341003417969,1,1
52,0.0003657341003417969,1,1
53,0.0003657341003417969,1,1
54,0.0003657341003417969,1,1
55,0.0003657341003417969,1,1
56,0.0003657341003417969,1,1
57,0.0003657341003417969,1,1
58,0.0003657341003417969,1,1
59,0.0003657341003417969,1,1
60,0.0003657341003417969,1,1
61,0.0003657341003417969,1,1
62,0.0003657341003417969,1,1
63,0.0003657341003417969,1,1
64,0.0003657341003417969,1,1
65,0.0003657341003417969,1,1
66,0.0003657341003417969,1,1
67,0.0003657341003417969,1,1
68,0.0003657341003417969,1,1
69,0.0003657341003417969,1,1
70,0.0003657341003417969,1,1
71,0.0003657341003417969,1,1
72,0.0003657341003417969,1,1
73,0.0003657341003417969,1,1
74,0.0003657341003417969,1,1
75,0.0003657341003417969,1,1
76,0.0003657341003417969,1,1
77,0.0003657341003417969,1,1
78,0.0003657341003417969,1,1
79,0.0003657341003417969,1,1
80,0.0003657341003417969,1,1
81,0.0003657341003417969,1,1
82,0.0003657341003417969,1,1
83,0.0003657341003417969,1,1
84,0.0003657341003417969,1,1
85,0.0003657341003417969,1,1
86,0.0003657341003417969,1,1
87,0.0003657341003417969,1,1
88,0.0003657341003417969,1,1
89,0.0003657341003417969,1,1
90,0.0003657341003417969,1,1
91,0.0003657341003417969,1,1
92,0.0003657341003417969,1,1
93,0.0003657341003417969,1,1
94,0.0003657341003417969,1,1
95,0.0003657341003417969,1,1
96,0.0003657341003417969,1,1
97,0.0003657341003417969,1,1
98,0.0003657341003417969,1,1
99,0.0003657341003417969,1,1
100,0.0003657341003417969,1,1
101,0.0003657341003417969,1,1
102,0.0003657341003417969,1,1
103,0.0003657341003417969,1,1
104,0.0003657341003417969,1,1
105,0.0003657341003417969,1,1
106,0.0003657341003417969,1,1
107,0.0003657341003417969,1,1
108,0.0003657341003417969,1,1
109,0.0003657341003417969,1,1
110,0.0003657341003417969,1,1
111,0.0003657341003417969,1,1
112,0.0003657341003417969,1,1
113,0.0003657341003417969,1,1
114,0.0003657341003417969,1,1
115,0.0003657341003417969,1,1
116,0.0003657341003417969,1,1
117,0.0003657341003417969,1,1
118,0.0003657341003417969,1,1
119,0.0003657341003417969,1,1
120,0.0003657341003417969,1,1
121,0.0003657341003417969,1,1
122,0.0003657341003417969,1,1
123,0.0003657341003417969,1,1
124,0.0003657341003417969,1,1
125,0.0003657341003417969,1,1
126,0.0003657341003417969,1,1
127,0.0003657341003417969,1,1
128,0.0003657341003417969,1,1
129,0.0003657341003417969,1,1
130,0.0003657341003417969,1,1
131,0.0003657341003417969,1,1
132,0.0003657341003417969,1,1
133,0.0003657341003417969,1,1
134,0.0003657341003417969,1,1
135,0.0003657341003417969,1,1
136,0.0003657341003417969,1,1
137,0.0003657341003417969,1,1
138,0.0003657341003417969,1,1
139,0.0003657341003417969,1,1
140,0.0003657341003417969,1,1
141,0.0003657341003417969,1,1
142,0.0003657341003417969,1,1
143,0.0003657341003417969,1,1
144,0.0003657341003417969,1,1
145,0.0003657341003417969,1,1
146,0.0003657341003417969,1,1
147,0.0003657341003417969,1,1
148,0.0003657341003417969,1,1
149,0.0003657341003417969,1,1
150,0.0003657341003417969,1,1
151,0.0003657341003417969,1,1
152,0.0003657341003417969,1,1
153,0.0003657341003417969,1,1
154,0.0003657341003417969,1,1
155,0.0003657341003417969,1,1
156,0.0003657341003417969,1,1
157,0.0003657341003417969,1,1
158,0.0003657341003417969,1,1
159,0.0003657341003417969,1,1
160,0.0003657341003417969,1,1
161,0.0003657341003417969,1,1
162,0.0003657341003417969,1,1
163,0.0003657341003417969,1,1
164,0.0003657341003417969,1,1
165,0.0003657341003417969,1,1
166,0.0003657341003417969,1,1
167,0.0003657341003417969,1,1
168,0.0003657341003417969,1,1
169,0.0003657341003417969,1,1
170,0.0003657341003417969,1,1
171,0.0003657341003417969,1,1
172,0.0003657341003417969,1,1
173,0.0003657341003417969,1,1
174,0.0003657341003417969,1,1
175,0.0003657341003417969,1,1
176,0.0003657341003417969,1,1
177,0.0003657341003417969,1,1
178,0.0003657341003417969,1,1
179,0.0003657341003417969,1,1
180,0.0003657341003417969,1,1
181,0.0003657341003417969,1,1
182,0.0003657341003417969,1,1
183,0.0003657341003417969,1,1
184,0.0003657341003417969,1,1
185,0.0003657341003417969,1,1
186,0.0003657341003417969,1,1
187,0.0003657341003417969,1,1
188,0.0003657341003417969,1,1
189,0.0003657341003417969,1,1
190,0.0003657341003417969,1,1
191,0.0003657341003417969,1,1
192,0.0003657341003417969,1,1
193,0.0003657341003417969,1,1
194,0.0003657341003417969,1,1
195,0.0003657341003417969,1,1
196,0.0003657341003417969,1,1
197,0.0003657341003417969,1,1
198,0.0003657341003417969,1,1
199,0.0003657341003417969,1,1
200,0.0003657341003417969,1,1
1,1.430511474609375e-06,1,2
2,2.7418136596679688e-06,1,2
3,3.4570693969726562e-06,1,2
4,3.7670135498046875e-05,1,2
5,3.7670135498046875e-05,1,2
6,3.7670135498046875e-05,1,2
7,3.7670135498046875e-05,1,2
8,3.7670135498046875e-05,1,2
9,3.7670135498046875e-05,1,2
10,3.7670135498046875e-05,1,2
11,3.7670135498046875e-05,1,2
12,6.008148193359375e-05,1,2
13,0.00036513805389404297,1,2
14,0.00036513805389404297,1,2
15,0.00036513805389404297,1,2
16,0.00036513805389404297,1,2
17,0.00036513805389404297,1,2
18,0.00036513805389404297,1,2
19,0.00036513805389404297,1,2
20,0.00036513805389404297,1,2
21,0.00036513805389404297,1,2
22,0.00036513805389404297,1,2
23,0.0004010796546936035,1,2
24,0.0004010796546936035,1,2
25,0.0004010796546936035,1,2
26,0.0004010796546936035,1,2
27,0.0004010796546936035,1,2
28,0.0004010796546936035,1,2
29,0.0004010796546936035,1,2
30,0.0004010796546936035,1,2
31,0.0004010796546936035,1,2
32,0.0004010796546936035,1,2
33,0.0004010796546936035,1,2
34,0.0004010796546936035,1,2
35,0.0004010796546936035,1,2
36,0.0004010796546936035,1,2
37,0.0004010796546936035,1,2
38,0.0004010796546936035,1,2
39,0.0004010796546936035,1,2
40,0.0004010796546936035,1,2
41,0.0004010796546936035,1,2
42,0.0004010796546936035,1,2
43,0.0004010796546936035,1,2
44,0.0004010796546936035,1,2
45,0.0004010796546936035,1,2
46,0.0004010796546936035,1,2
47,0.0004010796546936035,1,2
48,0.0004010796546936035,1,2
49,0.0004010796546936035,1,2
50,0.0004010796546936035,1,2
51,0.0004010796546936035,1,2
52,0.0004010796546936035,1,2
53,0.0004010796546936035,1,2
54,0.0004010796546936035,1,2
55,0.0004010796546936035,1,2
56,0.0004010796546936035,1,2
57,0.0004010796546936035,1,2
58,0.0004010796546936035,1,2
59,0.0004010796546936035,1,2
60,0.0004010796546936035,1,2
61,0.0004010796546936035,1,2
62,0.0004010796546936035,1,2
63,0.0004010796546936035,1,2
64,0.0004010796546936035,1,2
65,0.0004010796546936035,1,2
66,0.0004010796546936035,1,2
67,0.0004010796546936035,1,2
68,0.0004010796546936035,1,2
69,0.0004010796546936035,1,2
70,0.0004010796546936035,1,2
71,0.0004010796546936035,1,2
72,0.0004010796546936035,1,2
73,0.0004010796546936035,1,2
74,0.0004010796546936035,1,2
75,0.0004010796546936035,1,2
76,0.0004010796546936035,1,2
77,0.0004010796546936035,1,2
78,0.0004010796546936035,1,2
79,0.0004010796546936035,1,2
80,0.0004010796546936035,1,2
81,0.0004010796546936035,1,2
82,0.0004010796546936035,1,2
83,0.0004010796546936035,1,2
84,0.0004010796546936035,1,2
85,0.0004010796546936035,1,2
86,0.0004010796546936035,1,2
87,0.0004010796546936035,1,2
88,0.0004010796546936035,1,2
89,0.0004010796546936035,1,2
90,0.0004010796546936035,1,2
91,0.0004010796546936035,1,2
92,0.0004010796546936035,1,2
93,0.0004010796546936035,1,2
94,0.0004010796546936035,1,2
95,0.0004010796546936035,1,2
96,0.0004010796546936035,1,2
97,0.0004010796546936035,1,2
98,0.0004010796546936035,1,2
99,0.0004010796546936035,1,2
100,0.0004010796546936035,1,2
101,0.0004010796546936035,1,2
102,0.0004010796546936035,1,2
103,0.0004010796546936035,1,2
104,0.0004010796546936035,1,2
105,0.0004010796546936035,1,2
106,0.0004010796546936035,1,2
107,0.0004010796546936035,1,2
108,0.0004010796546936035,1,2
109,0.0004010796546936035,1,2
110,0.0004010796546936035,1,2
111,0.0004010796546936035,1,2
112,0.0004010796546936035,1,2
113,0.0004010796546936035,1,2
114,0.0004010796546936035,1,2
115,0.0004010796546936035,1,2
116,0.0004010796546936035,1,2
117,0.0004010796546936035,1,2
118,0.0004010796546936035,1,2
119,0.0004010796546936035,1,2
120,0.0004010796546936035,1,2
121,0.0004010796546936035,1,2
122,0.0004010796546936035,1,2
123,0.0004010796546936035,1,2
124,0.0004010796546936035,1,2
125,0.0004010796546936035,1,2
126,0.0004010796546936035,1,2
127,0.0004010796546936035,1,2
128,0.0004010796546936035,1,2
129,0.0004010796546936035,1,2
130,0.0004010796546936035,1,2
131,0.0004010796546936035,1,2
132,0.0004010796546936035,1,2
133,0.0004010796546936035,1,2
134,0.0004010796546936035,1,2
135,0.0004010796546936035,1,2
136,0.0004010796546936035,1,2
137,0.0004010796546936035,1,2
138,0.0004010796546936035,1,2
139,0.0004010796546936035,1,2
140,0.0004010796546936035,1,2
141,0.0004010796546936035,1,2
142,0.0004010796546936035,1,2
143,0.0004010796546936035,1,2
144,0.0004010796546936035,1,2
145,0.0004010796546936035,1,2
146,0.0004010796546936035,1,2
147,0.0004010796546936035,1,2
148,0.0004010796546936035,1,2
149,0.0004010796546936035,1,2
150,0.0004010796546936035,1,2
151,0.0004010796546936035,1,2
152,0.0004010796546936035,1,2
153,0.0004010796546936035,1,2
154,0.0004010796546936035,1,2
155,0.0004010796546936035,1,2
156,0.0004010796546936035,1,2
157,0.0004010796546936035,1,2
158,0.0004010796546936035,1,2
159,0.0004010796546936035,1,2
160,0.0004010796546936035,1,2
161,0.0004010796546936035,1,2
162,0.0004010796546936035,1,2
163,0.0004010796546936035,1,2
164,0.0004010796546936035,1,2
165,0.0004010796546936035,1,2
166,0.0004010796546936035,1,2
167,0.0004010796546936035,1,2
168,0.0004010796546936035,1,2
169,0.0004010796546936035,1,2
170,0.0004010796546936035,1,2
171,0.0004010796546936035,1,2
172,0.0004010796546936035,1,2
173,0.0004010796546936035,1,2
174,0.0004010796546936035,1,2
175,0.0004010796546936035,1,2
176,0.0004010796546936035,1,2
177,0.0004010796546936035,1,2
178,0.0004010796546936035,1,2
179,0.0004010796546936035,1,2
180,0.0004010796546936035,1,2
181,0.0004010796546936035,1,2
182,0.0004010796546936035,1,2
183,0.0004010796546936035,1,2
184,0.0004010796546936035,1,2
185,0.0004010796546936035,1,2
186,0.0004010796546936035,1,2
187,0.0004010796546936035,1,2
188,0.0004010796546936035,1,2
189,0.0004010796546936035,1,2
190,0.0004010796546936035,1,2
191,0.0004010796546936035,1,2
192,0.0004010796546936035,1,2
193,0.0004010796546936035,1,2
194,0.0004010796546936035,1,2
195,0.0004010796546936035,1,2
196,0.0004010796546936035,1,2
197,0.0004010796546936035,1,2
198,0.0004010796546936035,1,2
199,0.0004010796546936035,1,2
200,0.0004010796546936035,1,2
1,2.5033950805664062e-06,1,3
2,2.5033950805664062e-06,1,3
3,2.9802322387695312e-06,1,3
4,2.9802322387695312e-06,1,3
5,2.9802322387695312e-06,1,3
6,2.9802322387695312e-06,1,3
7,4.291534423828125e-05,1,3
8,7.009506225585938e-05,1,3
9,7.009506225585938e-05,1,3
10,7.009506225585938e-05,1,3
11,7.009506225585938e-05,1,3
12,7.009506225585938e-05,1,3
13,7.009506225585938e-05,1,3
14,0.00011014938354492188,1,3
15,0.00011014938354492188,1,3
16,0.00011014938354492188,1,3
17,0.00011014938354492188,1,3
18,0.00011801719665527344,1,3
19,0.00011801719665527344,1,3
20,0.00013744831085205078,1,3
21,0.00013744831085205078,1,3
22,0.00013744831085205078,1,3
23,0.00013744831085205078,1,3
24,0.00013744831085205078,1,3
25,0.00013744831085205078,1,3
26,0.00013744831085205078,1,3
27,0.00013744831085205078,1,3
28,0.00013744831085205078,1,3
29,0.00013744831085205078,1,3
30,0.00013744831085205078,1,3
31,0.00013744831085205078,1,3
32,0.00013744831085205078,1,3
33,0.00013744831085205078,1,3
34,0.00013744831085205078,1,3
35,0.00013744831085205078,1,3
36,0.00013744831085205078,1,3
37,0.00013744831085205078,1,3
38,0.00013744831085205078,1,3
39,0.00013744831085205078,1,3
40,0.00013744831085205078,1,3
41,0.00013744831085205078,1,3
42,0.00013744831085205078,1,3
43,0.00013744831085205078,1,3
44,0.00013744831085205078,1,3
45,0.00013744831085205078,1,3
46,0.00013744831085205078,1,3
47,0.00013744831085205078,1,3
48,0.00013744831085205078,1,3
49,0.00013744831085205078,1,3
50,0.00013744831085205078,1,3
51,0.00013744831085205078,1,3
52,0.00013744831085205078,1,3
53,0.00013744831085205078,1,3
54,0.00013744831085205078,1,3
55,0.00013744831085205078,1,3
56,0.00013744831085205078,1,3
57,0.00013744831085205078,1,3
58,0.00013744831085205078,1,3
59,0.00013744831085205078,1,3
60,0.00013744831085205078,1,3
61,0.00013744831085205078,1,3
62,0.00013744831085205078,1,3
63,0.00013744831085205078,1,3
64,0.00013744831085205078,1,3
65,0.00013744831085205078,1,3
66,0.00013744831085205078,1,3
67,0.00013744831085205078,1,3
68,0.00013744831085205078,1,3
69,0.00013744831085205078,1,3
70,0.00013744831085205078,1,3
71,0.00013744831085205078,1,3
72,0.00013744831085205078,1,3
73,0.00013744831085205078,1,3
74,0.00013744831085205078,1,3
75,0.00013744831085205078,1,3
76,0.00013744831085205078,1,3
77,0.00013744831085205078,1,3
78,0.00013744831085205078,1,3
79,0.00013744831085205078,1,3
80,0.00013744831085205078,1,3
81,0.00013744831085205078,1,3
82,0.00013744831085205078,1,3
83,0.00013744831085205078,1,3
84,0.00013744831085205078,1,3
85,0.00013744831085205078,1,3
86,0.00013744831085205078,1,3
87,0.00013744831085205078,1,3
88,0.00013744831085205078,1,3
89,0.00013744831085205078,1,3
90,0.00013744831085205078,1,3
91,0.00013744831085205078,1,3
92,0.00013744831085205078,1,3
93,0.00013744831085205078,1,3
94,0.00013744831085205078,1,3
95,0.00013744831085205078,1,3
96,0.00013744831085205078,1,3
97,0.00013744831085205078,1,3
98,0.00013744831085205078,1,3
99,0.00013744831085205078,1,3
100,0.00013744831085205078,1,3
101,0.00013744831085205078,1,3
102,0.00013744831085205078,1,3
103,0.00013744831085205078,1,3
104,0.00013744831085205078,1,3
105,0.00013744831085205078,1,3
106,0.00013744831085205078,1,3
107,0.00013744831085205078,1,3
108,0.00013744831085205078,1,3
109,0.00013744831085205078,1,3
110,0.00013744831085205078,1,3
111,0.00013744831085205078,1,3
112,0.00013744831085205078,1,3
113,0.00013744831085205078,1,3
114,0.00013744831085205078,1,3
115,0.00013744831085205078,1,3
116,0.00013744831085205078,1,3
117,0.00013744831085205078,1,3
118,0.00013744831085205078,1,3
119,0.00013744831085205078,1,3
120,0.00013744831085205078,1,3
121,0.00013744831085205078,1,3
122,0.00013744831085205078,1,3
123,0.00013744831085205078,1,3
124,0.00013744831085205078,1,3
125,0.00013744831085205078,1,3
126,0.00013744831085205078,1,3
127,0.00013744831085205078,1,3
128,0.00013744831085205078,1,3
129,0.00013744831085205078,1,3
130,0.00013744831085205078,1,3
131,0.00013744831085205078,1,3
132,0.00013744831085205078,1,3
133,0.00013744831085205078,1,3
134,0.00013744831085205078,1,3
135,0.00013744831085205078,1,3
136,0.00013744831085205078,1,3
137,0.00013744831085205078,1,3
138,0.00013744831085205078,1,3
139,0.00013744831085205078,1,3
140,0.00013744831085205078,1,3
141,0.00013744831085205078,1,3
142,0.00013744831085205078,1,3
143,0.00013744831085205078,1,3
144,0.00013744831085205078,1,3
145,0.00013744831085205078,1,3
146,0.00013744831085205078,1,3
147,0.00013744831085205078,1,3
148,0.00013744831085205078,1,3
149,0.00013744831085205078,1,3
150,0.00013744831085205078,1,3
151,0.00013744831085205078,1,3
152,0.00013744831085205078,1,3
153,0.00013744831085205078,1,3
154,0.00013744831085205078,1,3
155,0.00013744831085205078,1,3
156,0.00013744831085205078,1,3
157,0.00013744831085205078,1,3
158,0.00013744831085205078,1,3
159,0.00013744831085205078,1,3
160,0.00013744831085205078,1,3
161,0.00013744831085205078,1,3
162,0.00013744831085205078,1,3
163,0.00013744831085205078,1,3
164,0.00013744831085205078,1,3
165,0.00013744831085205078,1,3
166,0.00013744831085205078,1,3
167,0.00013744831085205078,1,3
168,0.00013744831085205078,1,3
169,0.00013744831085205078,1,3
170,0.00013744831085205078,1,3
171,0.00013744831085205078,1,3
172,0.00013744831085205078,1,3
173,0.00013744831085205078,1,3
174,0.00013744831085205078,1,3
175,0.00013744831085205078,1,3
176,0.00013744831085205078,1,3
177,0.00013744831085205078,1,3
178,0.00013744831085205078,1,3
179,0.00013744831085205078,1,3
180,0.00013744831085205078,1,3
181,0.00013744831085205078,1,3
182,0.00013744831085205078,1,3
183,0.00013744831085205078,1,3
184,0.00013744831085205078,1,3
185,0.00013744831085205078,1,3
186,0.00013744831085205078,1,3
187,0.00013744831085205078,1,3
188,0.00013744831085205078,1,3
189,0.00013744831085205078,1,3
190,0.00013744831085205078,1,3
191,0.00013744831085205078,1,3
192,0.00013744831085205078,1,3
193,0.00013744831085205078,1,3
194,0.00013744831085205078,1,3
195,0.00013744831085205078,1,3
196,0.00013744831085205078,1,3
197,0.00013744831085205078,1,3
198,0.00013744831085205078,1,3
199,0.00013744831085205078,1,3
200,0.00013744831085205078,1,3
1,2.384185791015625e-07,1,4
2,2.384185791015625e-07,1,4
3,2.384185791015625e-07,1,4
4,5.960464477539062e-07,1,4
5,3.6954879760742188e-06,1,4
6,3.6954879760742188e-06,1,4
7,3.6954879760742188e-06,1,4
8,4.0531158447265625e-06,1,4
9,5.0067901611328125e-06,1,4
10,9.298324584960938e-06,1,4
11,9.298324584960938e-06,1,4
12,9.298324584960938e-06,1,4
13,1.621246337890625e-05,1,4
14,1.621246337890625e-05,1,4
15,1.621246337890625e-05,1,4
16,1.621246337890625e-05,1,4
17,1.621246337890625e-05,1,4
18,3.0159950256347656e-05,1,4
19,3.421306610107422e-05,1,4
20,3.421306610107422e-05,1,4
21,3.421306610107422e-05,1,4
22,3.421306610107422e-05,1,4
23,3.421306610107422e-05,1,4
24,3.421306610107422e-05,1,4
25,3.421306610107422e-05,1,4
26,3.421306610107422e-05,1,4
27,3.421306610107422e-05,1,4
28,3.421306610107422e-05,1,4
29,3.421306610107422e-05,1,4
30,3.421306610107422e-05,1,4
31,3.421306610107422e-05,1,4
32,3.421306610107422e-05,1,4
33,3.421306610107422e-05,1,4
34,3.421306610107422e-05,1,4
35,3.421306610107422e-05,1,4
36,3.421306610107422e-05,1,4
37,3.421306610107422e-05,1,4
38,3.421306610107422e-05,1,4
39,3.421306610107422e-05,1,4
40,3.421306610107422e-05,1,4
41,3.421306610107422e-05,1,4
42,3.421306610107422e-05,1,4
43,3.421306610107422e-05,1,4
44,3.421306610107422e-05,1,4
45,3.421306610107422e-05,1,4
46,3.421306610107422e-05,1,4
47,3.421306610107422e-05,1,4
48,3.421306610107422e-05,1,4
49,3.421306610107422e-05,1,4
50,3.421306610107422e-05,1,4
51,3.421306610107422e-05,1,4
52,3.421306610107422e-05,1,4
53,3.421306610107422e-05,1,4
54,3.421306610107422e-05,1,4
55,3.421306610107422e-05,1,4
56,3.421306610107422e-05,1,4
57,3.421306610107422e-05,1,4
58,3.421306610107422e-05,1,4
59,3.421306610107422e-05,1,4
60,3.421306610107422e-05,1,4
61,3.421306610107422e-05,1,4
62,3.421306610107422e-05,1,4
63,3.421306610107422e-05,1,4
64,3.421306610107422e-05,1,4
65,3.421306610107422e-05,1,4
66,3.421306610107422e-05,1,4
67,3.421306610107422e-05,1,4
68,3.421306610107422e-05,1,4
69,3.421306610107422e-05,1,4
70,3.421306610107422e-05,1,4
71,3.421306610107422e-05,1,4
72,3.421306610107422e-05,1,4
73,3.421306610107422e-05,1,4
74,3.421306610107422e-05,1,4
75,3.421306610107422e-05,1,4
76,3.421306610107422e-05,1,4
77,3.421306610107422e-05,1,4
78,3.421306610107422e-05,1,4
79,3.421306610107422e-05,1,4
80,3.421306610107422e-05,1,4
81,3.421306610107422e-05,1,4
82,3.421306610107422e-05,1,4
83,3.421306610107422e-05,1,4
84,3.421306610107422e-05,1,4
85,3.421306610107422e-05,1,4
86,3.421306610107422e-05,1,4
87,3.421306610107422e-05,1,4
88,3.421306610107422e-05,1,4
89,3.421306610107422e-05,1,4
90,3.421306610107422e-05,1,4
91,3.421306610107422e-05,1,4
92,3.421306610107422e-05,1,4
93,3.421306610107422e-05,1,4
94,3.421306610107422e-05,1,4
95,3.421306610107422e-05,1,4
96,3.421306610107422e-05,1,4
97,3.421306610107422e-05,1,4
98,3.421306610107422e-05,1,4
99,3.421306610107422e-05,1,4
100,3.421306610107422e-05,1,4
101,3.421306610107422e-05,1,4
102,3.421306610107422e-05,1,4
103,3.421306610107422e-05,1,4
104,3.421306610107422e-05,1,4
105,3.421306610107422e-05,1,4
106,3.421306610107422e-05,1,4
107,3.421306610107422e-05,1,4
108,3.421306610107422e-05,1,4
109,3.421306610107422e-05,1,4
110,3.421306610107422e-05,1,4
111,3.421306610107422e-05,1,4
112,3.421306610107422e-05,1,4
113,3.421306610107422e-05,1,4
114,3.421306610107422e-05,1,4
115,3.421306610107422e-05,1,4
116,3.421306610107422e-05,1,4
117,3.421306610107422e-05,1,4
118,3.421306610107422e-05,1,4
119,3.421306610107422e-05,1,4
120,3.421306610107422e-05,1,4
121,3.421306610107422e-05,1,4
122,3.421306610107422e-05,1,4
123,3.421306610107422e-05,1,4
124,3.421306610107422e-05,1,4
125,3.421306610107422e-05,1,4
126,3.421306610107422e-05,1,4
127,3.421306610107422e-05,1,4
128,3.421306610107422e-05,1,4
129,3.421306610107422e-05,1,4
130,3.421306610107422e-05,1,4
131,3.421306610107422e-05,1,4
132,3.421306610107422e-05,1,4
133,3.421306610107422e-05,1,4
134,3.421306610107422e-05,1,4
135,3.421306610107422e-05,1,4
136,3.421306610107422e-05,1,4
137,3.421306610107422e-05,1,4
138,3.421306610107422e-05,1,4
139,3.421306610107422e-05,1,4
140,3.421306610107422e-05,1,4
141,3.421306610107422e-05,1,4
142,3.421306610107422e-05,1,4
143,3.421306610107422e-05,1,4
144,3.421306610107422e-05,1,4
145,3.421306610107422e-05,1,4
146,3.421306610107422e-05,1,4
147,3.421306610107422e-05,1,4
148,3.421306610107422e-05,1,4
149,3.421306610107422e-05,1,4
150,3.421306610107422e-05,1,4
151,3.421306610107422e-05,1,4
152,3.421306610107422e-05,1,4
153,3.421306610107422e-05,1,4
154,3.421306610107422e-05,1,4
155,3.421306610107422e-05,1,4
156,3.421306610107422e-05,1,4
157,3.421306610107422e-05,1,4
158,3.421306610107422e-05,1,4
159,3.421306610107422e-05,1,4
160,3.421306610107422e-05,1,4
161,3.421306610107422e-05,1,4
162,3.421306610107422e-05,1,4
163,3.421306610107422e-05,1,4
164,3.421306610107422e-05,1,4
165,3.421306610107422e-05,1,4
166,3.421306610107422e-05,1,4
167,3.421306610107422e-05,1,4
168,3.421306610107422e-05,1,4
169,3.421306610107422e-05,1,4
170,3.421306610107422e-05,1,4
171,3.421306610107422e-05,1,4
172,3.421306610107422e-05,1,4
173,3.421306610107422e-05,1,4
174,3.421306610107422e-05,1,4
175,3.421306610107422e-05,1,4
176,3.421306610107422e-05,1,4
177,3.421306610107422e-05,1,4
178,3.421306610107422e-05,1,4
179,3.421306610107422e-05,1,4
180,3.421306610107422e-05,1,4
181,3.421306610107422e-05,1,4
182,3.421306610107422e-05,1,4
183,3.421306610107422e-05,1,4
184,3.421306610107422e-05,1,4
185,3.421306610107422e-05,1,4
186,3.421306610107422e-05,1,4
187,3.421306610107422e-05,1,4
188,3.421306610107422e-05,1,4
189,3.421306610107422e-05,1,4
190,3.421306610107422e-05,1,4
191,3.421306610107422e-05,1,4
192,3.421306610107422e-05,1,4
193,3.421306610107422e-05,1,4
194,3.421306610107422e-05,1,4
195,3.421306610107422e-05,1,4
196,3.421306610107422e-05,1,4
197,3.421306610107422e-05,1,4
198,3.421306610107422e-05,1,4
199,3.421306610107422e-05,1,4
200,3.421306610107422e-05,1,4
1,1.1920928955078125e-07,1,5
2,1.1920928955078125e-07,1,5
3,2.384185791015625e-07,1,5
4,2.384185791015625e-07,1,5
5,1.0728836059570312e-06,1,5
6,1.3113021850585938e-06,1,5
7,1.3113021850585938e-06,1,5
8,1.3113021850585938e-06,1,5
9,1.9073486328125e-06,1,5
10,1.9073486328125e-06,1,5
11,1.9073486328125e-06,1,5
12,4.410743713378906e-06,1,5
13,4.410743713378906e-06,1,5
14,4.410743713378906e-06,1,5
15,7.867813110351562e-06,1,5
16,7.867813110351562e-06,1,5
17,7.867813110351562e-06,1,5
18,7.867813110351562e-06,1,5
19,1.8596649169921875e-05,1,5
20,1.8596649169921875e-05,1,5
21,1.8596649169921875e-05,1,5
22,1.9311904907226562e-05,1,5
23,1.9311904907226562e-05,1,5
24,2.4557113647460938e-05,1,5
25,2.4557113647460938e-05,1,5
26,2.4557113647460938e-05,1,5
27,3.0159950256347656e-05,1,5
28,3.0159950256347656e-05,1,5
29,3.0159950256347656e-05,1,5
30,3.0159950256347656e-05,1,5
31,3.0159950256347656e-05,1,5
32,3.0159950256347656e-05,1,5
33,3.0159950256347656e-05,1,5
34,3.0159950256347656e-05,1,5
35,3.0159950256347656e-05,1,5
36,3.0159950256347656e-05,1,5
37,3.0159950256347656e-05,1,5
38,3.0159950256347656e-05,1,5
39,3.0159950256347656e-05,1,5
40,3.0159950256347656e-05,1,5
41,3.0159950256347656e-05,1,5
42,3.0159950256347656e-05,1,5
43,3.0159950256347656e-05,1,5
44,3.0159950256347656e-05,1,5
45,3.0159950256347656e-05,1,5
46,3.0159950256347656e-05,1,5
47,3.0159950256347656e-05,1,5
48,3.0159950256347656e-05,1,5
49,3.0159950256347656e-05,1,5
50,3.0159950256347656e-05,1,5
51,3.0159950256347656e-05,1,5
52,3.0159950256347656e-05,1,5
53,3.0159950256347656e-05,1,5
54,3.0159950256347656e-05,1,5
55,3.0159950256347656e-05,1,5
56,3.0159950256347656e-05,1,5
57,3.0159950256347656e-05,1,5
58,3.0159950256347656e-05,1,5
59,3.0159950256347656e-05,1,5
60,3.0159950256347656e-05,1,5
61,3.0159950256347656e-05,1,5
62,3.0159950256347656e-05,1,5
63,3.0159950256347656e-05,1,5
64,3.0159950256347656e-05,1,5
65,3.0159950256347656e-05,1,5
66,3.0159950256347656e-05,1,5
67,3.0159950256347656e-05,1,5
68,3.0159950256347656e-05,1,5
69,3.0159950256347656e-05,1,5
70,3.0159950256347656e-05,1,5
71,3.0159950256347656e-05,1,5
72,3.0159950256347656e-05,1,5
73,3.0159950256347656e-05,1,5
74,3.0159950256347656e-05,1,5
75,3.0159950256347656e-05,1,5
76,3.0159950256347656e-05,1,5
77,3.0159950256347656e-05,1,5
78,3.0159950256347656e-05,1,5
79,3.0159950256347656e-05,1,5
80,3.0159950256347656e-05,1,5
81,3.0159950256347656e-05,1,5
82,3.0159950256347656e-05,1,5
83,3.0159950256347656e-05,1,5
84,3.0159950256347656e-05,1,5
85,3.0159950256347656e-05,1,5
86,3.0159950256347656e-05,1,5
87,3.0159950256347656e-05,1,5
88,3.0159950256347656e-05,1,5
89,3.0159950256347656e-05,1,5
90,3.0159950256347656e-05,1,5
91,3.0159950256347656e-05,1,5
92,3.0159950256347656e-05,1,5
93,3.0159950256347656e-05,1,5
94,3.0159950256347656e-05,1,5
95,3.0159950256347656e-05,1,5
96,3.0159950256347656e-05,1,5
97,3.0159950256347656e-05,1,5
98,3.0159950256347656e-05,1,5
99,3.0159950256347656e-05,1,5
100,3.0159950256347656e-05,1,5
101,3.0159950256347656e-05,1,5
102,3.0159950256347656e-05,1,5
103,3.0159950256347656e-05,1,5
104,3.0159950256347656e-05,1,5
105,3.0159950256347656e-05,1,5
106,3.0159950256347656e-05,1,5
107,3.0159950256347656e-05,1,5
108,3.0159950256347656e-05,1,5
109,3.0159950256347656e-05,1,5
110,3.0159950256347656e-05,1,5
111,3.0159950256347656e-05,1,5
112,3.0159950256347656e-05,1,5
113,3.0159950256347656e-05,1,5
114,3.0159950256347656e-05,1,5
115,3.0159950256347656e-05,1,5
116,3.0159950256347656e-05,1,5
117,3.0159950256347656e-05,1,5
118,3.0159950256347656e-05,1,5
119,3.0159950256347656e-05,1,5
120,3.0159950256347656e-05,1,5
121,3.0159950256347656e-05,1,5
122,3.0159950256347656e-05,1,5
123,3.0159950256347656e-05,1,5
124,3.0159950256347656e-05,1,5
125,3.0159950256347656e-05,1,5
126,3.0159950256347656e-05,1,5
127,3.0159950256347656e-05,1,5
128,3.0159950256347656e-05,1,5
129,3.0159950256347656e-05,1,5
130,3.0159950256347656e-05,1,5
131,3.0159950256347656e-05,1,5
132,3.0159950256347656e-05,1,5
133,3.0159950256347656e-05,1,5
134,3.0159950256347656e-05,1,5
135,3.0159950256347656e-05,1,5
136,3.0159950256347656e-05,1,5
137,3.0159950256347656e-05,1,5
138,3.0159950256347656e-05,1,5
139,3.0159950256347656e-05,1,5
140,3.0159950256347656e-05,1,5
141,3.0159950256347656e-05,1,5
142,3.0159950256347656e-05,1,5
143,3.0159950256347656e-05,1,5
144,3.0159950256347656e-05,1,5
145,3.0159950256347656e-05,1,5
146,3.0159950256347656e-05,1,5
147,3.0159950256347656e-05,1,5
148,3.0159950256347656e-05,1,5
149,3.0159950256347656e-05,1,5
150,3.0159950256347656e-05,1,5
151,3.0159950256347656e-05,1,5
152,3.0159950256347656e-05,1,5
153,3.0159950256347656e-05,1,5
154,3.0159950256347656e-05,1,5
155,3.0159950256347656e-05,1,5
156,3.0159950256347656e-05,1,5
157,3.0159950256347656e-05,1,5
158,3.0159950256347656e-05,1,5
159,3.0159950256347656e-05,1,5
160,3.0159950256347656e-05,1,5
161,3.0159950256347656e-05,1,5
162,3.0159950256347656e-05,1,5
163,3.0159950256347656e-05,1,5
164,3.0159950256347656e-05,1,5
165,3.0159950256347656e-05,1,5
166,3.0159950256347656e-05,1,5
167,3.0159950256347656e-05,1,5
168,3.0159950256347656e-05,1,5
169,3.0159950256347656e-05,1,5
170,3.0159950256347656e-05,1,5
171,3.0159950256347656e-05,1,5
172,3.0159950256347656e-05,1,5
173,3.0159950256347656e-05,1,5
174,3.0159950256347656e-05,1,5
175,3.0159950256347656e-05,1,5
176,3.0159950256347656e-05,1,5
177,3.0159950256347656e-05,1,5
178,3.0159950256347656e-05,1,5
179,3.0159950256347656e-05,1,5
180,3.0159950256347656e-05,1,5
181,3.0159950256347656e-05,1,5
182,3.0159950256347656e-05,1,5
183,3.0159950256347656e-05,1,5
184,3.0159950256347656e-05,1,5
185,3.0159950256347656e-05,1,5
186,3.0159950256347656e-05,1,5
187,3.0159950256347656e-05,1,5
188,3.0159950256347656e-05,1,5
189,3.0159950256347656e-05,1,5
190,3.0159950256347656e-05,1,5
191,3.0159950256347656e-05,1,5
192,3.0159950256347656e-05,1,5
193,3.0159950256347656e-05,1,5
194,3.0159950256347656e-05,1,5
195,3.0159950256347656e-05,1,5
196,3.0159950256347656e-05,1,5
197,3.0159950256347656e-05,1,5
198,3.0159950256347656e-05,1,5
199,3.0159950256347656e-05,1,5
200,3.0159950256347656e-05,1,5
1,0.0007523298263549805,1,6
2,0.10991263389587402,3,6
3,0.10991263389587402,3,6
4,0.10991263389587402,3,6
5,0.10991263389587402,3,6
6,0.10991263389587402,3,6
7,0.11345165967941284,3,6
8,0.11345165967941284,3,6
9,0.10985380411148071,2,6
10,0.10985380411148071,2,6
11,0.10985380411148071,2,6
12,0.2632983326911926,4,6
13,0.2632983326911926,4,6
14,0.5552879869937897,4,6
15,0.8938042595982552,5,6
16,0.9422939568758011,4,6
17,0.9965500130783767,5,6
18,0.9912385167554021,4,6
19,0.9538675658404827,3,6
20,0.9538675658404827,3,6
21,0.9538675658404827,3,6
22,0.9722902271896601,3,6
23,0.977550158277154,3,6
24,0.9811966642737389,3,6
25,0.9811966642737389,3,6
26,0.9811966642737389,3,6
27,0.9811966642737389,3,6
28,0.9811966642737389,3,6
29,0.9811966642737389,3,6
30,0.9811966642737389,3,6
31,0.9811966642737389,3,6
32,0.9811966642737389,3,6
33,0.9811966642737389,3,6
34,0.9811966642737389,3,6
35,0.9811966642737389,3,6
36,0.9811966642737389,3,6
37,0.9811966642737389,3,6
38,0.9811966642737389,3,6
39,0.9811966642737389,3,6
40,0.9811966642737389,3,6
41,0.9811966642737389,3,6
42,0.9811966642737389,3,6
43,0.9811966642737389,3,6
44,0.9811966642737389,3,6
45,0.9811966642737389,3,6
46,0.9811966642737389,3,6
47,0.9811966642737389,3,6
48,0.9824754167348146,3,6
49,0.9824754167348146,3,6
50,0.9824754167348146,3,6
51,0.9824754167348146,3,6
52,0.9824754167348146,3,6
53,0.9925317470915616,3,6
54,0.9925317470915616,3,6
55,0.9925317470915616,3,6
56,0.9925317470915616,3,6
57,0.9925317470915616,3,6
58,0.9925317470915616,3,6
59,0.9925317470915616,3,6
60,0.9925317470915616,3,6
61,0.9925317470915616,3,6
62,0.9925317470915616,3,6
63,0.9925317470915616,3,6
64,0.9925317470915616,3,6
65,0.9925317470915616,3,6
66,0.9925317470915616,3,6
67,0.9925317470915616,3,6
68,0.9925317470915616,3,6
69,0.9925317470915616,3,6
70,0.9925317470915616,3,6
71,0.9925317470915616,3,6
72,0.9925317470915616,3,6
73,0.9925317470915616,3,6
74,0.9925317470915616,3,6
75,0.9925317470915616,3,6
76,0.9929337194189429,3,6
77,0.9929337194189429,3,6
78,0.9929337194189429,3,6
79,0.9929337194189429,3,6
80,0.9929337194189429,3,6
81,0.9929337194189429,3,6
82,0.9929337194189429,3,6
83,0.9929337194189429,3,6
84,0.9952635541558266,3,6
85,0.9952635541558266,3,6
86,0.9952635541558266,3,6
87,0.9952635541558266,3,6
88,0.9952635541558266,3,6
89,0.9955752408131957,3,6
90,0.9960357439704239,3,6
91,0.9960357439704239,3,6
92,0.9960357439704239,3,6
93,0.9960357439704239,3,6
94,0.9960357439704239,3,6
95,0.9977883810643107,3,6
96,0.9977883810643107,3,6
97,0.9977883810643107,3,6
98,0.9977883810643107,3,6
99,0.9977883810643107,3,6
100,0.9977883810643107,3,6
101,0.9977883810643107,3,6
102,0.9977883810643107,3,6
103,0.9977883810643107,3,6
104,0.9977883810643107,3,6
105,0.9977883810643107,3,6
106,0.9977883810643107,3,6
107,0.9977883810643107,3,6
108,0.9977883810643107,3,6
109,0.997925354167819,3,6
110,0.997925354167819,3,6
111,0.997925354167819,3,6
112,0.997925354167819,3,6
113,0.997925354167819,3,6
114,0.997925354167819,3,6
115,0.997925354167819,3,6
116,0.997925354167819,3,6
117,0.997925354167819,3,6
118,0.997925354167819,3,6
119,0.997925354167819,3,6
120,0.997925354167819,3,6
121,0.997925354167819,3,6
122,0.997925354167819,3,6
123,0.997925354167819,3,6
124,0.997925354167819,3,6
125,0.997925354167819,3,6
126,0.997925354167819,3,6
127,0.997925354167819,3,6
128,0.997925354167819,3,6
129,0.997925354167819,3,6
130,0.997925354167819,3,6
131,0.997925354167819,3,6
132,0.997925354167819,3,6
133,0.997925354167819,3,6
134,0.997925354167819,3,6
135,0.997925354167819,3,6
136,0.997925354167819,3,6
137,0.997925354167819,3,6
138,0.997925354167819,3,6
139,0.997925354167819,3,6
140,0.997925354167819,3,6
141,0.997925354167819,3,6
142,0.997925354167819,3,6
143,0.997925354167819,3,6
144,0.997925354167819,3,6
145,0.997925354167819,3,6
146,0.997925354167819,3,6
147,0.997925354167819,3,6
148,0.997925354167819,3,6
149,0.997925354167819,3,6
150,0.997925354167819,3,6
151,0.997925354167819,3,6
152,0.997925354167819,3,6
153,0.997925354167819,3,6
154,0.997925354167819,3,6
155,0.997925354167819,3,6
156,0.997925354167819,3,6
157,0.997925354167819,3,6
158,0.997925354167819,3,6
159,0.997925354167819,3,6
160,0.997925354167819,3,6
161,0.997925354167819,3,6
162,0.997925354167819,3,6
163,0.997925354167819,3,6
164,0.997925354167819,3,6
165,0.997925354167819,3,6
166,0.997925354167819,3,6
167,0.997925354167819,3,6
168,0.997925354167819,3,6
169,0.997925354167819,3,6
170,0.997925354167819,3,6
171,0.997925354167819,3,6
172,0.997925354167819,3,6
173,0.997925354167819,3,6
174,0.997925354167819,3,6
175,0.997925354167819,3,6
176,0.997925354167819,3,6
177,0.997925354167819,3,6
178,0.997925354167819,3,6
179,0.997925354167819,3,6
180,0.997925354167819,3,6
181,0.997925354167819,3,6
182,0.997925354167819,3,6
183,0.997925354167819,3,6
184,0.997925354167819,3,6
185,0.997925354167819,3,6
186,0.997925354167819,3,6
187,0.997925354167819,3,6
188,0.997925354167819,3,6
189,0.997925354167819,3,6
190,0.997925354167819,3,6
191,0.997925354167819,3,6
192,0.997925354167819,3,6
193,0.997925354167819,3,6
194,0.997925354167819,3,6
195,0.997925354167819,3,6
196,0.997925354167819,3,6
197,0.997925354167819,3,6
198,0.997925354167819,3,6
199,0.997925354167819,3,6
200,0.997925354167819,3,6
1,3.2186508178710938e-06,1,7
2,3.2186508178710938e-06,1,7
3,4.172325134277344e-06,1,7
4,4.172325134277344e-06,1,7
5,4.76837158203125e-06,1,7
6,1.8358230590820312e-05,1,7
7,4.2319297790527344e-05,1,7
8,4.2319297790527344e-05,1,7
9,4.2438507080078125e-05,1,7
10,5.054473876953125e-05,1,7
11,9.131431579589844e-05,1,7
12,0.000171661376953125,1,7
13,0.000171661376953125,1,7
14,0.000171661376953125,1,7
15,0.00018972158432006836,1,7
16,0.00018972158432006836,1,7
17,0.00018972158432006836,1,7
18,0.00018972158432006836,1,7
19,0.00018972158432006836,1,7
20,0.0002999305725097656,1,7
21,0.0002999305725097656,1,7
22,0.0002999305725097656,1,7
23,0.0002999305725097656,1,7
24,0.0002999305725097656,1,7
25,0.0002999305725097656,1,7
26,0.0002999305725097656,1,7
27,0.0002999305725097656,1,7
28,0.0002999305725097656,1,7
29,0.0002999305725097656,1,7
30,0.0002999305725097656,1,7
31,0.0002999305725097656,1,7
32,0.0002999305725097656,1,7
33,0.0002999305725097656,1,7
34,0.0002999305725097656,1,7
35,0.0002999305725097656,1,7
36,0.0002999305725097656,1,7
37,0.0002999305725097656,1,7
38,0.0002999305725097656,1,7
39,0.0002999305725097656,1,7
40,0.0002999305725097656,1,7
41,0.0002999305725097656,1,7
42,0.0002999305725097656,1,7
43,0.0002999305725097656,1,7
44,0.0002999305725097656,1,7
45,0.0002999305725097656,1,7
46,0.0002999305725097656,1,7
47,0.0002999305725097656,1,7
48,0.0002999305725097656,1,7
49,0.0002999305725097656,1,7
50,0.0002999305725097656,1,7
51,0.0002999305725097656,1,7
52,0.0002999305725097656,1,7
53,0.0002999305725097656,1,7
54,0.0002999305725097656,1,7
55,0.0002999305725097656,1,7
56,0.0002999305725097656,1,7
57,0.0002999305725097656,1,7
58,0.0002999305725097656,1,7
59,0.0002999305725097656,1,7
60,0.0002999305725097656,1,7
61,0.0002999305725097656,1,7
62,0.0002999305725097656,1,7
63,0.0002999305725097656,1,7
64,0.0002999305725097656,1,7
65,0.0002999305725097656,1,7
66,0.0002999305725097656,1,7
67,0.0002999305725097656,1,7
68,0.0002999305725097656,1,7
69,0.0002999305725097656,1,7
70,0.0002999305725097656,1,7
71,0.0002999305725097656,1,7
72,0.0002999305725097656,1,7
73,0.0002999305725097656,1,7
74,0.0002999305725097656,1,7
75,0.0002999305725097656,1,7
76,0.0002999305725097656,1,7
77,0.0002999305725097656,1,7
78,0.0002999305725097656,1,7
79,0.0002999305725097656,1,7
80,0.0002999305725097656,1,7
81,0.0002999305725097656,1,7
82,0.0002999305725097656,1,7
83,0.0002999305725097656,1,7
84,0.0002999305725097656,1,7
85,0.0002999305725097656,1,7
86,0.0002999305725097656,1,7
87,0.0002999305725097656,1,7
88,0.0002999305725097656,1,7
89,0.0002999305725097656,1,7
90,0.0002999305725097656,1,7
91,0.0002999305725097656,1,7
92,0.0002999305725097656,1,7
93,0.0002999305725097656,1,7
94,0.0002999305725097656,1,7
95,0.0002999305725097656,1,7
96,0.0002999305725097656,1,7
97,0.0002999305725097656,1,7
98,0.0002999305725097656,1,7
99,0.0002999305725097656,1,7
100,0.0002999305725097656,1,7
101,0.0002999305725097656,1,7
102,0.0002999305725097656,1,7
103,0.0002999305725097656,1,7
104,0.0002999305725097656,1,7
105,0.0002999305725097656,1,7
106,0.0002999305725097656,1,7
107,0.0002999305725097656,1,7
108,0.0002999305725097656,1,7
109,0.0002999305725097656,1,7
110,0.0002999305725097656,1,7
111,0.0002999305725097656,1,7
112,0.0002999305725097656,1,7
113,0.0002999305725097656,1,7
114,0.0002999305725097656,1,7
115,0.0002999305725097656,1,7
116,0.0002999305725097656,1,7
117,0.0002999305725097656,1,7
118,0.0002999305725097656,1,7
119,0.0002999305725097656,1,7
120,0.0002999305725097656,1,7
121,0.0002999305725097656,1,7
122,0.0002999305725097656,1,7
123,0.0002999305725097656,1,7
124,0.0002999305725097656,1,7
125,0.0002999305725097656,1,7
126,0.0002999305725097656,1,7
127,0.0002999305725097656,1,7
128,0.0002999305725097656,1,7
129,0.0002999305725097656,1,7
130,0.0002999305725097656,1,7
131,0.0002999305725097656,1,7
132,0.0002999305725097656,1,7
133,0.0002999305725097656,1,7
134,0.0002999305725097656,1,7
135,0.0002999305725097656,1,7
136,0.0002999305725097656,1,7
137,0.0002999305725097656,1,7
138,0.0002999305725097656,1,7
139,0.0002999305725097656,1,7
140,0.0002999305725097656,1,7
141,0.0002999305725097656,1,7
142,0.0002999305725097656,1,7
143,0.0002999305725097656,1,7
144,0.0002999305725097656,1,7
145,0.0002999305725097656,1,7
146,0.0002999305725097656,1,7
147,0.0002999305725097656,1,7
148,0.0002999305725097656,1,7
149,0.0002999305725097656,1,7
150,0.0002999305725097656,1,7
151,0.0002999305725097656,1,7
152,0.0002999305725097656,1,7
153,0.0002999305725097656,1,7
154,0.0002999305725097656,1,7
155,0.0002999305725097656,1,7
156,0.0002999305725097656,1,7
157,0.0002999305725097656,1,7
158,0.0002999305725097656,1,7
159,0.0002999305725097656,1,7
160,0.0002999305725097656,1,7
161,0.0002999305725097656,1,7
162,0.0002999305725097656,1,7
163,0.0002999305725097656,1,7
164,0.0002999305725097656,1,7
165,0.0002999305725097656,1,7
166,0.0002999305725097656,1,7
167,0.0002999305725097656,1,7
168,0.0002999305725097656,1,7
169,0.0002999305725097656,1,7
170,0.0002999305725097656,1,7
171,0.0002999305725097656,1,7
172,0.0002999305725097656,1,7
173,0.0002999305725097656,1,7
174,0.0002999305725097656,1,7
175,0.0002999305725097656,1,7
176,0.0002999305725097656,1,7
177,0.0002999305725097656,1,7
178,0.0002999305725097656,1,7
179,0.0002999305725097656,1,7
180,0.0002999305725097656,1,7
181,0.0002999305725097656,1,7
182,0.0002999305725097656,1,7
183,0.0002999305725097656,1,7
184,0.0002999305725097656,1,7
185,0.0002999305725097656,1,7
186,0.0002999305725097656,1,7
187,0.0002999305725097656,1,7
188,0.0002999305725097656,1,7
189,0.0002999305725097656,1,7
190,0.0002999305725097656,1,7
191,0.0002999305725097656,1,7
192,0.0002999305725097656,1,7
193,0.0002999305725097656,1,7
194,0.0002999305725097656,1,7
195,0.0002999305725097656,1,7
196,0.0002999305725097656,1,7
197,0.0002999305725097656,1,7
198,0.0002999305725097656,1,7
199,0.0002999305725097656,1,7
200,0.0002999305725097656,1,7
1,3.4570693969726562e-06,1,8
2,7.510185241699219e-06,1,8
3,9.5367431640625e-06,1,8
4,1.1324882507324219e-05,1,8
5,1.2874603271484375e-05,1,8
6,1.2874603271484375e-05,1,8
7,2.193450927734375e-05,1,8
8,3.0040740966796875e-05,1,8
9,6.16312026977539e-05,1,8
10,6.16312026977539e-05,1,8
11,6.16312026977539e-05,1,8
12,0.00011336803436279297,1,8
13,0.00011336803436279297,1,8
14,0.00011336803436279297,1,8
15,0.00011336803436279297,1,8
16,0.00011336803436279297,1,8
17,0.00011336803436279297,1,8
18,0.00011336803436279297,1,8
19,0.00011336803436279297,1,8
20,0.00024968385696411133,1,8
21,0.0003503561019897461,1,8
22,0.0003503561019897461,1,8
23,0.0003503561019897461,1,8
24,0.0003503561019897461,1,8
25,0.0003503561019897461,1,8
26,0.0003503561019897461,1,8
27,0.0003503561019897461,1,8
28,0.0003503561019897461,1,8
29,0.0003503561019897461,1,8
30,0.0003503561019897461,1,8
31,0.0003503561019897461,1,8
32,0.0003503561019897461,1,8
33,0.0003503561019897461,1,8
34,0.0003503561019897461,1,8
35,0.0003503561019897461,1,8
36,0.0003503561019897461,1,8
37,0.0003503561019897461,1,8
38,0.0003503561019897461,1,8
39,0.0003503561019897461,1,8
40,0.0003503561019897461,1,8
41,0.0003503561019897461,1,8
42,0.0003503561019897461,1,8
43,0.0003503561019897461,1,8
44,0.0003503561019897461,1,8
45,0.0003503561019897461,1,8
46,0.0003503561019897461,1,8
47,0.0003503561019897461,1,8
48,0.0003503561019897461,1,8
49,0.0003503561019897461,1,8
50,0.0003503561019897461,1,8
51,0.0003503561019897461,1,8
52,0.0003503561019897461,1,8
53,0.0003503561019897461,1,8
54,0.0003503561019897461,1,8
55,0.0003503561019897461,1,8
56,0.0003503561019897461,1,8
57,0.0003503561019897461,1,8
58,0.0003503561019897461,1,8
59,0.0003503561019897461,1,8
60,0.0003503561019897461,1,8
61,0.0003503561019897461,1,8
62,0.0003503561019897461,1,8
63,0.0003503561019897461,1,8
64,0.0003503561019897461,1,8
65,0.0003503561019897461,1,8
66,0.0003503561019897461,1,8
67,0.0003503561019897461,1,8
68,0.0003503561019897461,1,8
69,0.0003503561019897461,1,8
70,0.0003503561019897461,1,8
71,0.0003503561019897461,1,8
72,0.0003503561019897461,1,8
73,0.0003503561019897461,1,8
74,0.0003503561019897461,1,8
75,0.0003503561019897461,1,8
76,0.0003503561019897461,1,8
77,0.0003503561019897461,1,8
78,0.0003503561019897461,1,8
79,0.0003503561019897461,1,8
80,0.0003503561019897461,1,8
81,0.0003503561019897461,1,8
82,0.0003503561019897461,1,8
83,0.0003503561019897461,1,8
84,0.0003503561019897461,1,8
85,0.0003503561019897461,1,8
86,0.0003503561019897461,1,8
87,0.0003503561019897461,1,8
88,0.0003503561019897461,1,8
89,0.0003503561019897461,1,8
90,0.0003503561019897461,1,8
91,0.0003503561019897461,1,8
92,0.0003503561019897461,1,8
93,0.0003503561019897461,1,8
94,0.0003503561019897461,1,8
95,0.0003503561019897461,1,8
96,0.0003503561019897461,1,8
97,0.0003503561019897461,1,8
98,0.0003503561019897461,1,8
99,0.0003503561019897461,1,8
100,0.0003503561019897461,1,8
101,0.0003503561019897461,1,8
102,0.0003503561019897461,1,8
103,0.0003503561019897461,1,8
104,0.0003503561019897461,1,8
105,0.0003503561019897461,1,8
106,0.0003503561019897461,1,8
107,0.0003503561019897461,1,8
108,0.0003503561019897461,1,8
109,0.0003503561019897461,1,8
110,0.0003503561019897461,1,8
111,0.0003503561019897461,1,8
112,0.0003503561019897461,1,8
113,0.0003503561019897461,1,8
114,0.0003503561019897461,1,8
115,0.0003503561019897461,1,8
116,0.0003503561019897461,1,8
117,0.0003503561019897461,1,8
118,0.0003503561019897461,1,8
119,0.0003503561019897461,1,8
120,0.0003503561019897461,1,8
121,0.0003503561019897461,1,8
122,0.0003503561019897461,1,8
123,0.0003503561019897461,1,8
124,0.0003503561019897461,1,8
125,0.0003503561019897461,1,8
126,0.0003503561019897461,1,8
127,0.0003503561019897461,1,8
128,0.0003503561019897461,1,8
129,0.0003503561019897461,1,8
130,0.0003503561019897461,1,8
131,0.0003503561019897461,1,8
132,0.0003503561019897461,1,8
133,0.0003503561019897461,1,8
134,0.0003503561019897461,1,8
135,0.0003503561019897461,1,8
136,0.0003503561019897461,1,8
137,0.0003503561019897461,1,8
138,0.0003503561019897461,1,8
139,0.0003503561019897461,1,8
140,0.0003503561019897461,1,8
141,0.0003503561019897461,1,8
142,0.0003503561019897461,1,8
143,0.0003503561019897461,1,8
144,0.0003503561019897461,1,8
145,0.051427483558654785,2,8
146,0.051427483558654785,2,8
147,0.051427483558654785,2,8
148,0.051427483558654785,2,8
149,0.051427483558654785,2,8
150,0.051427483558654785,2,8
151,0.1420285701751709,3,8
152,0.1420285701751709,3,8
153,0.1420285701751709,3,8
154,0.5988263487815857,3,8
155,0.5988263487815857,3,8
156,0.5988263487815857,3,8
157,0.8936892077326775,4,8
158,0.8936892077326775,4,8
159,0.989401607774198,5,8
160,0.989401607774198,5,8
161,0.989401607774198,5,8
162,0.989401607774198,5,8
163,0.9897331520915031,5,8
164,0.9766469020396471,4,8
165,0.9766469020396471,4,8
166,0.9766469020396471,4,8
167,0.9766469020396471,4,8
168,0.9766469020396471,4,8
169,0.9766469020396471,4,8
170,0.9766469020396471,4,8
171,0.9823694322258234,4,8
172,0.9851658288389444,4,8
173,0.9851658288389444,4,8
174,0.9851658288389444,4,8
175,0.9851658288389444,4,8
176,0.9870858937501907,4,8
177,0.9870858937501907,4,8
178,0.9870858937501907,4,8
179,0.9870858937501907,4,8
180,0.9870858937501907,4,8
181,0.9870858937501907,4,8
182,0.9870858937501907,4,8
183,0.9870858937501907,4,8
184,0.9895577915012836,4,8
185,0.9895577915012836,4,8
186,0.9895577915012836,4,8
187,0.9895577915012836,4,8
188,0.9895577915012836,4,8
189,0.9895577915012836,4,8
190,0.9895577915012836,4,8
191,0.9895577915012836,4,8
192,0.9895577915012836,4,8
193,0.9895577915012836,4,8
194,0.9926875638775527,4,8
195,0.9926875638775527,4,8
196,0.9926875638775527,4,8
197,0.9926875638775527,4,8
198,0.9926875638775527,4,8
199,0.9926875638775527,4,8
200,0.9926875638775527,4,8
1,3.5762786865234375e-07,1,9
2,1.0728836059570312e-06,1,9
3,3.0994415283203125e-06,1,9
4,3.0994415283203125e-06,1,9
5,3.0994415283203125e-06,1,9
6,3.0994415283203125e-06,1,9
7,3.0994415283203125e-06,1,9
8,5.4836273193359375e-06,1,9
9,5.4836273193359375e-06,1,9
10,8.225440979003906e-06,1,9
11,8.940696716308594e-06,1,9
12,1.8596649169921875e-05,1,9
13,1.8596649169921875e-05,1,9
14,1.8596649169921875e-05,1,9
15,1.8596649169921875e-05,1,9
16,1.8596649169921875e-05,1,9
17,1.8596649169921875e-05,1,9
18,1.8596649169921875e-05,1,9
19,1.8596649169921875e-05,1,9
20,1.8596649169921875e-05,1,9
21,1.8596649169921875e-05,1,9
22,1.8596649169921875e-05,1,9
23,1.8596649169921875e-05,1,9
24,1.8596649169921875e-05,1,9
25,1.8596649169921875e-05,1,9
26,1.8596649169921875e-05,1,9
27,1.8596649169921875e-05,1,9
28,1.8596649169921875e-05,1,9
29,1.8596649169921875e-05,1,9
30,1.8596649169921875e-05,1,9
31,1.8596649169921875e-05,1,9
32,1.8596649169921875e-05,1,9
33,1.8596649169921875e-05,1,9
34,1.8596649169921875e-05,1,9
35,1.8596649169921875e-05,1,9
36,1.8596649169921875e-05,1,9
37,1.8596649169921875e-05,1,9
38,1.8596649169921875e-05,1,9
39,1.8596649169921875e-05,1,9
40,1.8596649169921875e-05,1,9
41,1.8596649169921875e-05,1,9
42,1.8596649169921875e-05,1,9
43,1.8596649169921875e-05,1,9
44,1.8596649169921875e-05,1,9
45,1.8596649169921875e-05,1,9
46,1.8596649169921875e-05,1,9
47,1.8596649169921875e-05,1,9
48,1.8596649169921875e-05,1,9
49,1.8596649169921875e-05,1,9
50,1.8596649169921875e-05,1,9
51,1.8596649169921875e-05,1,9
52,1.8596649169921875e-05,1,9
53,1.8596649169921875e-05,1,9
54,1.8596649169921875e-05,1,9
55,1.8596649169921875e-05,1,9
56,1.8596649169921875e-05,1,9
57,1.8596649169921875e-05,1,9
58,1.8596649169921875e-05,1,9
59,1.8596649169921875e-05,1,9
60,1.8596649169921875e-05,1,9
61,1.8596649169921875e-05,1,9
62,1.8596649169921875e-05,1,9
63,1.8596649169921875e-05,1,9
64,1.8596649169921875e-05,1,9
65,1.8596649169921875e-05,1,9
66,1.8596649169921875e-05,1,9
67,1.8596649169921875e-05,1,9
68,1.8596649169921875e-05,1,9
69,1.8596649169921875e-05,1,9
70,1.8596649169921875e-05,1,9
71,1.8596649169921875e-05,1,9
72,1.8596649169921875e-05,1,9
73,1.8596649169921875e-05,1,9
74,1.8596649169921875e-05,1,9
75,1.8596649169921875e-05,1,9
76,1.8596649169921875e-05,1,9
77,1.8596649169921875e-05,1,9
78,1.8596649169921875e-05,1,9
79,1.8596649169921875e-05,1,9
80,1.8596649169921875e-05,1,9
81,1.8596649169921875e-05,1,9
82,1.8596649169921875e-05,1,9
83,1.8596649169921875e-05,1,9
84,1.8596649169921875e-05,1,9
85,1.8596649169921875e-05,1,9
86,1.8596649169921875e-05,1,9
87,1.8596649169921875e-05,1,9
88,1.8596649169921875e-05,1,9
89,1.8596649169921875e-05,1,9
90,1.8596649169921875e-05,1,9
91,1.8596649169921875e-05,1,9
92,1.8596649169921875e-05,1,9
93,1.8596649169921875e-05,1,9
94,1.8596649169921875e-05,1,9
95,1.8596649169921875e-05,1,9
96,1.8596649169921875e-05,1,9
97,1.8596649169921875e-05,1,9
98,1.8596649169921875e-05,1,9
99,1.8596649169921875e-05,1,9
100,1.8596649169921875e-05,1,9
101,1.8596649169921875e-05,1,9
102,1.8596649169921875e-05,1,9
103,1.8596649169921875e-05,1,9
104,1.8596649169921875e-05,1,9
105,1.8596649169921875e-05,1,9
106,1.8596649169921875e-05,1,9
107,1.8596649169921875e-05,1,9
108,1.8596649169921875e-05,1,9
109,1.8596649169921875e-05,1,9
110,1.8596649169921875e-05,1,9
111,1.8596649169921875e-05,1,9
112,1.8596649169921875e-05,1,9
113,1.8596649169921875e-05,1,9
114,1.8596649169921875e-05,1,9
115,1.8596649169921875e-05,1,9
116,1.8596649169921875e-05,1,9
117,1.8596649169921875e-05,1,9
118,1.8596649169921875e-05,1,9
119,1.8596649169921875e-05,1,9
120,1.8596649169921875e-05,1,9
121,1.8596649169921875e-05,1,9
122,1.8596649169921875e-05,1,9
123,1.8596649169921875e-05,1,9
124,1.8596649169921875e-05,1,9
125,1.8596649169921875e-05,1,9
126,1.8596649169921875e-05,1,9
127,1.8596649169921875e-05,1,9
128,1.8596649169921875e-05,1,9
129,1.8596649169921875e-05,1,9
130,1.8596649169921875e-05,1,9
131,1.8596649169921875e-05,1,9
132,1.8596649169921875e-05,1,9
133,1.8596649169921875e-05,1,9
134,1.8596649169921875e-05,1,9
135,1.8596649169921875e-05,1,9
136,1.8596649169921875e-05,1,9
137,1.8596649169921875e-05,1,9
138,1.8596649169921875e-05,1,9
139,1.8596649169921875e-05,1,9
140,1.8596649169921875e-05,1,9
141,1.8596649169921875e-05,1,9
142,1.8596649169921875e-05,1,9
143,1.8596649169921875e-05,1,9
144,1.8596649169921875e-05,1,9
145,1.8596649169921875e-05,1,9
146,1.8596649169921875e-05,1,9
147,1.8596649169921875e-05,1,9
148,1.8596649169921875e-05,1,9
149,1.8596649169921875e-05,1,9
150,1.8596649169921875e-05,1,9
151,1.8596649169921875e-05,1,9
152,1.8596649169921875e-05,1,9
153,1.8596649169921875e-05,1,9
154,1.8596649169921875e-05,1,9
155,1.8596649169921875e-05,1,9
156,1.8596649169921875e-05,1,9
157,1.8596649169921875e-05,1,9
158,1.8596649169921875e-05,1,9
159,1.8596649169921875e-05,1,9
160,1.8596649169921875e-05,1,9
161,1.8596649169921875e-05,1,9
162,1.8596649169921875e-05,1,9
163,1.8596649169921875e-05,1,9
164,1.8596649169921875e-05,1,9
165,1.8596649169921875e-05,1,9
166,1.8596649169921875e-05,1,9
167,1.8596649169921875e-05,1,9
168,1.8596649169921875e-05,1,9
169,1.8596649169921875e-05,1,9
170,1.8596649169921875e-05,1,9
171,1.8596649169921875e-05,1,9
172,1.8596649169921875e-05,1,9
173,1.8596649169921875e-05,1,9
174,1.8596649169921875e-05,1,9
175,1.8596649169921875e-05,1,9
176,1.8596649169921875e-05,1,9
177,1.8596649169921875e-05,1,9
178,1.8596649169921875e-05,1,9
179,1.8596649169921875e-05,1,9
180,1.8596649169921875e-05,1,9
181,1.8596649169921875e-05,1,9
182,1.8596649169921875e-05,1,9
183,1.8596649169921875e-05,1,9
184,1.8596649169921875e-05,1,9
185,1.8596649169921875e-05,1,9
186,1.8596649169921875e-05,1,9
187,1.8596649169921875e-05,1,9
188,1.8596649169921875e-05,1,9
189,1.8596649169921875e-05,1,9
190,1.8596649169921875e-05,1,9
191,1.8596649169921875e-05,1,9
192,1.8596649169921875e-05,1,9
193,1.8596649169921875e-05,1,9
194,1.8596649169921875e-05,1,9
195,1.8596649169921875e-05,1,9
196,1.8596649169921875e-05,1,9
197,1.8596649169921875e-05,1,9
198,1.8596649169921875e-05,1,9
199,1.8596649169921875e-05,1,9
200,1.8596649169921875e-05,1,9
1,2.384185791015625e-07,1,10
2,2.384185791015625e-07,1,10
3,2.384185791015625e-07,1,10
4,4.76837158203125e-07,1,10
5,4.76837158203125e-07,1,10
6,7.152557373046875e-07,1,10
7,2.384185791015625e-06,1,10
8,2.384185791015625e-06,1,10
9,2.384185791015625e-06,1,10
10,2.384185791015625e-06,1,10
11,2.384185791015625e-06,1,10
12,2.384185791015625e-06,1,10
13,2.384185791015625e-06,1,10
14,2.384185791015625e-06,1,10
15,2.6226043701171875e-06,1,10
16,4.5299530029296875e-06,1,10
17,4.5299530029296875e-06,1,10
18,6.079673767089844e-06,1,10
19,7.152557373046875e-06,1,10
20,7.152557373046875e-06,1,10
21,1.3470649719238281e-05,1,10
22,1.3470649719238281e-05,1,10
23,1.3470649719238281e-05,1,10
24,1.3470649719238281e-05,1,10
25,1.3470649719238281e-05,1,10
26,1.3470649719238281e-05,1,10
27,1.3470649719238281e-05,1,10
28,1.3470649719238281e-05,1,10
29,2.396106719970703e-05,1,10
30,2.396106719970703e-05,1,10
31,2.396106719970703e-05,1,10
32,2.396106719970703e-05,1,10
33,2.396106719970703e-05,1,10
34,2.396106719970703e-05,1,10
35,2.396106719970703e-05,1,10
36,2.396106719970703e-05,1,10
37,2.396106719970703e-05,1,10
38,2.396106719970703e-05,1,10
39,2.396106719970703e-05,1,10
40,2.396106719970703e-05,1,10
41,2.396106719970703e-05,1,10
42,2.396106719970703e-05,1,10
43,2.396106719970703e-05,1,10
44,2.396106719970703e-05,1,10
45,2.396106719970703e-05,1,10
46,2.396106719970703e-05,1,10
47,2.396106719970703e-05,1,10
48,2.396106719970703e-05,1,10
49,2.396106719970703e-05,1,10
50,2.396106719970703e-05,1,10
51,2.396106719970703e-05,1,10
52,2.396106719970703e-05,1,10
53,2.396106719970703e-05,1,10
54,2.396106719970703e-05,1,10
55,2.396106719970703e-05,1,10
56,2.396106719970703e-05,1,10
57,2.396106719970703e-05,1,10
58,2.396106719970703e-05,1,10
59,2.396106719970703e-05,1,10
60,2.396106719970703e-05,1,10
61,2.396106719970703e-05,1,10
62,2.396106719970703e-05,1,10
63,2.396106719970703e-05,1,10
64,2.396106719970703e-05,1,10
65,2.396106719970703e-05,1,10
66,2.396106719970703e-05,1,10
67,2.396106719970703e-05,1,10
68,2.396106719970703e-05,1,10
69,2.396106719970703e-05,1,10
70,2.396106719970703e-05,1,10
71,2.396106719970703e-05,1,10
72,2.396106719970703e-05,1,10
73,2.396106719970703e-05,1,10
74,2.396106719970703e-05,1,10
75,2.396106719970703e-05,1,10
76,2.396106719970703e-05,1,10
77,2.396106719970703e-05,1,10
78,2.396106719970703e-05,1,10
79,2.396106719970703e-05,1,10
80,2.396106719970703e-05,1,10
81,2.396106719970703e-05,1,10
82,2.396106719970703e-05,1,10
83,2.396106719970703e-05,1,10
84,2.396106719970703e-05,1,10
85,2.396106719970703e-05,1,10
86,2.396106719970703e-05,1,10
87,2.396106719970703e-05,1,10
88,2.396106719970703e-05,1,10
89,2.396106719970703e-05,1,10
90,2.396106719970703e-05,1,10
91,2.396106719970703e-05,1,10
92,2.396106719970703e-05,1,10
93,2.396106719970703e-05,1,10
94,2.396106719970703e-05,1,10
95,2.396106719970703e-05,1,10
96,2.396106719970703e-05,1,10
97,2.396106719970703e-05,1,10
98,2.396106719970703e-05,1,10
99,2.396106719970703e-05,1,10
100,2.396106719970703e-05,1,10
101,2.396106719970703e-05,1,10
102,2.396106719970703e-05,1,10
103,2.396106719970703e-05,1,10
104,2.396106719970703e-05,1,10
105,2.396106719970703e-05,1,10
106,2.396106719970703e-05,1,10
107,2.396106719970703e-05,1,10
108,2.396106719970703e-05,1,10
109,2.396106719970703e-05,1,10
110,2.396106719970703e-05,1,10
111,2.396106719970703e-05,1,10
112,2.396106719970703e-05,1,10
113,2.396106719970703e-05,1,10
114,2.396106719970703e-05,1,10
115,2.396106719970703e-05,1,10
116,2.396106719970703e-05,1,10
117,2.396106719970703e-05,1,10
118,2.396106719970703e-05,1,10
119,2.396106719970703e-05,1,10
120,2.396106719970703e-05,1,10
121,2.396106719970703e-05,1,10
122,2.396106719970703e-05,1,10
123,2.396106719970703e-05,1,10
124,2.396106719970703e-05,1,10
125,2.396106719970703e-05,1,10
126,2.396106719970703e-05,1,10
127,2.396106719970703e-05,1,10
128,2.396106719970703e-05,1,10
129,2.396106719970703e-05,1,10
130,2.396106719970703e-05,1,10
131,2.396106719970703e-05,1,10
132,2.396106719970703e-05,1,10
133,2.396106719970703e-05,1,10
134,2.396106719970703e-05,1,10
135,2.396106719970703e-05,1,10
136,2.396106719970703e-05,1,10
137,2.396106719970703e-05,1,10
138,2.396106719970703e-05,1,10
139,2.396106719970703e-05,1,10
140,2.396106719970703e-05,1,10
141,2.396106719970703e-05,1,10
142,2.396106719970703e-05,1,10
143,2.396106719970703e-05,1,10
144,2.396106719970703e-05,1,10
145,2.396106719970703e-05,1,10
146,2.396106719970703e-05,1,10
147,2.396106719970703e-05,1,10
148,2.396106719970703e-05,1,10
149,2.396106719970703e-05,1,10
150,2.396106719970703e-05,1,10
151,2.396106719970703e-05,1,10
152,2.396106719970703e-05,1,10
153,2.396106719970703e-05,1,10
154,2.396106719970703e-05,1,10
155,2.396106719970703e-05,1,10
156,2.396106719970703e-05,1,10
157,2.396106719970703e-05,1,10
158,2.396106719970703e-05,1,10
159,2.396106719970703e-05,1,10
160,2.396106719970703e-05,1,10
161,2.396106719970703e-05,1,10
162,2.396106719970703e-05,1,10
163,2.396106719970703e-05,1,10
164,2.396106719970703e-05,1,10
165,2.396106719970703e-05,1,10
166,2.396106719970703e-05,1,10
167,2.396106719970703e-05,1,10
168,2.396106719970703e-05,1,10
169,2.396106719970703e-05,1,10
170,2.396106719970703e-05,1,10
171,2.396106719970703e-05,1,10
172,2.396106719970703e-05,1,10
173,2.396106719970703e-05,1,10
174,2.396106719970703e-05,1,10
175,2.396106719970703e-05,1,10
176,2.396106719970703e-05,1,10
177,2.396106719970703e-05,1,10
178,2.396106719970703e-05,1,10
179,2.396106719970703e-05,1,10
180,2.396106719970703e-05,1,10
181,2.396106719970703e-05,1,10
182,2.396106719970703e-05,1,10
183,2.396106719970703e-05,1,10
184,2.396106719970703e-05,1,10
185,2.396106719970703e-05,1,10
186,2.396106719970703e-05,1,10
187,2.396106719970703e-05,1,10
188,2.396106719970703e-05,1,10
189,2.396106719970703e-05,1,10
190,2.396106719970703e-05,1,10
191,2.396106719970703e-05,1,10
192,2.396106719970703e-05,1,10
193,2.396106719970703e-05,1,10
194,2.396106719970703e-05,1,10
195,2.396106719970703e-05,1,10
196,2.396106719970703e-05,1,10
197,2.396106719970703e-05,1,10
198,2.396106719970703e-05,1,10
199,2.396106719970703e-05,1,10
200,2.396106719970703e-05,1,10
1,8.344650268554688e-07,1,11
2,8.344650268554688e-07,1,11
3,2.2649765014648438e-06,1,11
4,2.6226043701171875e-06,1,11
5,4.649162292480469e-06,1,11
6,4.649162292480469e-06,1,11
7,1.621246337890625e-05,1,11
8,1.621246337890625e-05,1,11
9,1.621246337890625e-05,1,11
10,1.621246337890625e-05,1,11
11,1.621246337890625e-05,1,11
12,2.5510787963867188e-05,1,11
13,3.0279159545898438e-05,1,11
14,3.0279159545898438e-05,1,11
15,3.0279159545898438e-05,1,11
16,3.0279159545898438e-05,1,11
17,3.0279159545898438e-05,1,11
18,3.0279159545898438e-05,1,11
19,3.0279159545898438e-05,1,11
20,3.0279159545898438e-05,1,11
21,3.0279159545898438e-05,1,11
22,5.2928924560546875e-05,1,11
23,5.2928924560546875e-05,1,11
24,5.2928924560546875e-05,1,11
25,5.2928924560546875e-05,1,11
26,5.2928924560546875e-05,1,11
27,5.2928924560546875e-05,1,11
28,5.2928924560546875e-05,1,11
29,5.2928924560546875e-05,1,11
30,5.2928924560546875e-05,1,11
31,5.2928924560546875e-05,1,11
32,5.2928924560546875e-05,1,11
33,5.2928924560546875e-05,1,11
34,5.2928924560546875e-05,1,11
35,5.2928924560546875e-05,1,11
36,5.2928924560546875e-05,1,11
37,5.2928924560546875e-05,1,11
38,5.2928924560546875e-05,1,11
39,5.2928924560546875e-05,1,11
40,5.2928924560546875e-05,1,11
41,5.2928924560546875e-05,1,11
42,5.2928924560546875e-05,1,11
43,5.2928924560546875e-05,1,11
44,5.2928924560546875e-05,1,11
45,5.2928924560546875e-05,1,11
46,5.2928924560546875e-05,1,11
47,5.2928924560546875e-05,1,11
48,5.2928924560546875e-05,1,11
49,5.2928924560546875e-05,1,11
50,5.2928924560546875e-05,1,11
51,5.2928924560546875e-05,1,11
52,5.2928924560546875e-05,1,11
53,5.2928924560546875e-05,1,11
54,5.2928924560546875e-05,1,11
55,5.2928924560546875e-05,1,11
56,5.2928924560546875e-05,1,11
57,5.2928924560546875e-05,1,11
58,5.2928924560546875e-05,1,11
59,5.2928924560546875e-05,1,11
60,5.2928924560546875e-05,1,11
61,5.2928924560546875e-05,1,11
62,5.2928924560546875e-05,1,11
63,5.2928924560546875e-05,1,11
64,5.2928924560546875e-05,1,11
65,5.2928924560546875e-05,1,11
66,5.2928924560546875e-05,1,11
67,5.2928924560546875e-05,1,11
68,5.2928924560546875e-05,1,11
69,5.2928924560546875e-05,1,11
70,5.2928924560546875e-05,1,11
71,5.2928924560546875e-05,1,11
72,5.2928924560546875e-05,1,11
73,5.2928924560546875e-05,1,11
74,5.2928924560546875e-05,1,11
75,5.2928924560546875e-05,1,11
76,5.2928924560546875e-05,1,11
77,5.2928924560546875e-05,1,11
78,5.2928924560546875e-05,1,11
79,5.2928924560546875e-05,1,11
80,5.2928924560546875e-05,1,11
81,5.2928924560546875e-05,1,11
82,5.2928924560546875e-05,1,11
83,5.2928924560546875e-05,1,11
84,5.2928924560546875e-05,1,11
85,5.2928924560546875e-05,1,11
86,5.2928924560546875e-05,1,11
87,5.2928924560546875e-05,1,11
88,5.2928924560546875e-05,1,11
89,5.2928924560546875e-05,1,11
90,5.2928924560546875e-05,1,11
91,5.2928924560546875e-05,1,11
92,5.2928924560546875e-05,1,11
93,5.2928924560546875e-05,1,11
94,5.2928924560546875e-05,1,11
95,5.2928924560546875e-05,1,11
96,5.2928924560546875e-05,1,11
97,5.2928924560546875e-05,1,11
98,5.2928924560546875e-05,1,11
99,5.2928924560546875e-05,1,11
100,5.2928924560546875e-05,1,11
101,5.2928924560546875e-05,1,11
102,5.2928924560546875e-05,1,11
103,5.2928924560546875e-05,1,11
104,5.2928924560546875e-05,1,11
105,5.2928924560546875e-05,1,11
106,5.2928924560546875e-05,1,11
107,5.2928924560546875e-05,1,11
108,5.2928924560546875e-05,1,11
109,5.2928924560546875e-05,1,11
110,5.2928924560546875e-05,1,11
111,5.2928924560546875e-05,1,11
112,5.2928924560546875e-05,1,11
113,5.2928924560546875e-05,1,11
114,5.2928924560546875e-05,1,11
115,5.2928924560546875e-05,1,11
116,5.2928924560546875e-05,1,11
117,5.2928924560546875e-05,1,11
118,5.2928924560546875e-05,1,11
119,5.2928924560546875e-05,1,11
120,5.2928924560546875e-05,1,11
121,5.2928924560546875e-05,1,11
122,5.2928924560546875e-05,1,11
123,5.2928924560546875e-05,1,11
124,5.2928924560546875e-05,1,11
125,5.2928924560546875e-05,1,11
126,5.2928924560546875e-05,1,11
127,5.2928924560546875e-05,1,11
128,5.2928924560546875e-05,1,11
129,5.2928924560546875e-05,1,11
130,5.2928924560546875e-05,1,11
131,5.2928924560546875e-05,1,11
132,5.2928924560546875e-05,1,11
133,5.2928924560546875e-05,1,11
134,5.2928924560546875e-05,1,11
135,5.2928924560546875e-05,1,11
136,5.2928924560546875e-05,1,11
137,5.2928924560546875e-05,1,11
138,5.2928924560546875e-05,1,11
139,5.2928924560546875e-05,1,11
140,5.2928924560546875e-05,1,11
141,5.2928924560546875e-05,1,11
142,5.2928924560546875e-05,1,11
143,5.2928924560546875e-05,1,11
144,5.2928924560546875e-05,1,11
145,5.2928924560546875e-05,1,11
146,5.2928924560546875e-05,1,11
147,5.2928924560546875e-05,1,11
148,5.2928924560546875e-05,1,11
149,5.2928924560546875e-05,1,11
150,5.2928924560546875e-05,1,11
151,5.2928924560546875e-05,1,11
152,5.2928924560546875e-05,1,11
153,5.2928924560546875e-05,1,11
154,5.2928924560546875e-05,1,11
155,5.2928924560546875e-05,1,11
156,5.2928924560546875e-05,1,11
157,5.2928924560546875e-05,1,11
158,5.2928924560546875e-05,1,11
159,5.2928924560546875e-05,1,11
160,5.2928924560546875e-05,1,11
161,5.2928924560546875e-05,1,11
162,5.2928924560546875e-05,1,11
163,5.2928924560546875e-05,1,11
164,5.2928924560546875e-05,1,11
165,5.2928924560546875e-05,1,11
166,5.2928924560546875e-05,1,11
167,5.2928924560546875e-05,1,11
168,5.2928924560546875e-05,1,11
169,5.2928924560546875e-05,1,11
170,5.2928924560546875e-05,1,11
171,5.2928924560546875e-05,1,11
172,5.2928924560546875e-05,1,11
173,5.2928924560546875e-05,1,11
174,5.2928924560546875e-05,1,11
175,5.2928924560546875e-05,1,11
176,5.2928924560546875e-05,1,11
177,5.2928924560546875e-05,1,11
178,5.2928924560546875e-05,1,11
179,5.2928924560546875e-05,1,11
180,5.2928924560546875e-05,1,11
181,5.2928924560546875e-05,1,11
182,5.2928924560546875e-05,1,11
183,5.2928924560546875e-05,1,11
184,5.2928924560546875e-05,1,11
185,5.2928924560546875e-05,1,11
186,5.2928924560546875e-05,1,11
187,5.2928924560546875e-05,1,11
188,5.2928924560546875e-05,1,11
189,5.2928924560546875e-05,1,11
190,5.2928924560546875e-05,1,11
191,5.2928924560546875e-05,1,11
192,5.2928924560546875e-05,1,11
193,5.2928924560546875e-05,1,11
194,5.2928924560546875e-05,1,11
195,5.2928924560546875e-05,1,11
196,5.2928924560546875e-05,1,11
197,5.2928924560546875e-05,1,11
198,5.2928924560546875e-05,1,11
199,5.2928924560546875e-05,1,11
200,5.2928924560546875e-05,1,11
1,1.5139579772949219e-05,1,12
2,1.5139579772949219e-05,1,12
3,2.6702880859375e-05,1,12
4,2.6702880859375e-05,1,12
5,0.00010037422180175781,1,12
6,0.00010037422180175781,1,12
7,0.0001138448715209961,1,12
8,0.0001138448715209961,1,12
9,0.0001138448715209961,1,12
10,0.00018209218978881836,1,12
11,0.00018924474716186523,1,12
12,0.00021153688430786133,1,12
13,0.00021153688430786133,1,12
14,0.0002593398094177246,1,12
15,0.00034356117248535156,1,12
16,0.0004032254219055176,1,12
17,0.0007186532020568848,1,12
18,0.0007186532020568848,1,12
19,0.0007186532020568848,1,12
20,0.0007186532020568848,1,12
21,0.0007186532020568848,1,12
22,0.0007186532020568848,1,12
23,0.0007186532020568848,1,12
24,0.0008706450462341309,1,12
25,0.0008706450462341309,1,12
26,0.0008706450462341309,1,12
27,0.0008706450462341309,1,12
28,0.0009515881538391113,1,12
29,0.0009515881538391113,1,12
30,0.0009515881538391113,1,12
31,0.0009515881538391113,1,12
32,0.0009515881538391113,1,12
33,0.0009515881538391113,1,12
34,0.0009515881538391113,1,12
35,0.0009515881538391113,1,12
36,0.0009515881538391113,1,12
37,0.0009515881538391113,1,12
38,0.0009515881538391113,1,12
39,0.0009515881538391113,1,12
40,0.0009515881538391113,1,12
41,0.0009515881538391113,1,12
42,0.0009515881538391113,1,12
43,0.0009515881538391113,1,12
44,0.0009515881538391113,1,12
45,0.0009515881538391113,1,12
46,0.0009515881538391113,1,12
47,0.0009515881538391113,1,12
48,0.0009515881538391113,1,12
49,0.0009515881538391113,1,12
50,0.0009515881538391113,1,12
51,0.0009515881538391113,1,12
52,0.0009515881538391113,1,12
53,0.0009515881538391113,1,12
54,0.0009515881538391113,1,12
55,0.0009515881538391113,1,12
56,0.0009515881538391113,1,12
57,0.0009515881538391113,1,12
58,0.0009515881538391113,1,12
59,0.0009515881538391113,1,12
60,0.0009515881538391113,1,12
61,0.0009515881538391113,1,12
62,0.0009515881538391113,1,12
63,0.0009515881538391113,1,12
64,0.0009515881538391113,1,12
65,0.0009515881538391113,1,12
66,0.0009515881538391113,1,12
67,0.0009515881538391113,1,12
68,0.0009515881538391113,1,12
69,0.0009515881538391113,1,12
70,0.0009515881538391113,1,12
71,0.0009515881538391113,1,12
72,0.0009515881538391113,1,12
73,0.0009515881538391113,1,12
74,0.0009515881538391113,1,12
75,0.0009515881538391113,1,12
76,0.0009515881538391113,1,12
77,0.0009515881538391113,1,12
78,0.0009515881538391113,1,12
79,0.0009515881538391113,1,12
80,0.0009515881538391113,1,12
81,0.0009515881538391113,1,12
82,0.0009515881538391113,1,12
83,0.0009515881538391113,1,12
84,0.0009515881538391113,1,12
85,0.0009515881538391113,1,12
86,0.0009515881538391113,1,12
87,0.0009515881538391113,1,12
88,0.0009515881538391113,1,12
89,0.0009515881538391113,1,12
90,0.05893301963806152,2,12
91,0.05893301963806152,2,12
92,0.05893301963806152,2,12
93,0.05893301963806152,2,12
94,0.05893301963806152,2,12
95,0.05893301963806152,2,12
96,0.05893301963806152,2,12
97,0.11605954170227051,3,12
98,0.19665229320526123,3,12
99,0.19665229320526123,3,12
100,0.19665229320526123,3,12
101,0.19665229320526123,3,12
102,0.30878955125808716,4,12
103,0.6194931864738464,4,12
104,0.6194931864738464,4,12
105,0.6194931864738464,4,12
106,0.6194931864738464,4,12
107,0.8935642763972282,5,12
108,0.8935642763972282,5,12
109,0.9043252691626549,5,12
110,0.9043252691626549,5,12
111,0.9425100013613701,5,12
112,0.9464265927672386,5,12
113,0.9464265927672386,5,12
114,0.9839062560349703,5,12
115,0.9839062560349703,5,12
116,0.9839062560349703,5,12
117,0.9839062560349703,5,12
118,0.9839062560349703,5,12
119,0.9839062560349703,5,12
120,0.964846033602953,4,12
121,0.964846033602953,4,12
122,0.964846033602953,4,12
123,0.964846033602953,4,12
124,0.964846033602953,4,12
125,0.964846033602953,4,12
126,0.964846033602953,4,12
127,0.964846033602953,4,12
128,0.964846033602953,4,12
129,0.964846033602953,4,12
130,0.964846033602953,4,12
131,0.964846033602953,4,12
132,0.964846033602953,4,12
133,0.964846033602953,4,12
134,0.964846033602953,4,12
135,0.964846033602953,4,12
136,0.964846033602953,4,12
137,0.964846033602953,4,12
138,0.964846033602953,4,12
139,0.964846033602953,4,12
140,0.964846033602953,4,12
141,0.964846033602953,4,12
142,0.964846033602953,4,12
143,0.964846033602953,4,12
144,0.964846033602953,4,12
145,0.964846033602953,4,12
146,0.964846033602953,4,12
147,0.964846033602953,4,12
148,0.964846033602953,4,12
149,0.964846033602953,4,12
150,0.964846033602953,4,12
151,0.964846033602953,4,12
152,0.964846033602953,4,12
153,0.9671001546084881,4,12
154,0.9671001546084881,4,12
155,0.9671001546084881,4,12
156,0.9671001546084881,4,12
157,0.9671001546084881,4,12
158,0.9671001546084881,4,12
159,0.9671001546084881,4,12
160,0.9671001546084881,4,12
161,0.9671001546084881,4,12
162,0.9671001546084881,4,12
163,0.9671001546084881,4,12
164,0.9671001546084881,4,12
165,0.9671001546084881,4,12
166,0.9671001546084881,4,12
167,0.9671001546084881,4,12
168,0.9671001546084881,4,12
169,0.9671001546084881,4,12
170,0.9671001546084881,4,12
171,0.9671001546084881,4,12
172,0.9671001546084881,4,12
173,0.9671001546084881,4,12
174,0.9671001546084881,4,12
175,0.9671001546084881,4,12
176,0.9671001546084881,4,12
177,0.9671001546084881,4,12
178,0.9671001546084881,4,12
179,0.9671001546084881,4,12
180,0.9671001546084881,4,12
181,0.9671001546084881,4,12
182,0.9671001546084881,4,12
183,0.9671001546084881,4,12
184,0.9671001546084881,4,12
185,0.9671001546084881,4,12
186,0.9671001546084881,4,12
187,0.9671001546084881,4,12
188,0.9671001546084881,4,12
189,0.9816575348377228,4,12
190,0.9816575348377228,4,12
191,0.9816575348377228,4,12
192,0.9816575348377228,4,12
193,0.9816575348377228,4,12
194,0.9816575348377228,4,12
195,0.9816575348377228,4,12
196,0.9816575348377228,4,12
197,0.9816575348377228,4,12
198,0.9827665127813816,4,12
199,0.9873895579949021,4,12
200,0.9873895579949021,4,12
1,0.00015544891357421875,1,13
2,0.00015544891357421875,1,13
3,0.00034415721893310547,1,13
4,0.0004494786262512207,1,13
5,0.0012388229370117188,1,13
6,0.0012388229370117188,1,13
7,0.0012388229370117188,1,13
8,0.0021417737007141113,1,13
9,0.006071567535400391,1,13
10,0.006071567535400391,1,13
11,0.006071567535400391,1,13
12,0.006071567535400391,1,13
13,0.007531106472015381,1,13
14,0.007531106472015381,1,13
15,0.0077898502349853516,1,13
16,0.0077898502349853516,1,13
17,0.0077898502349853516,1,13
18,0.0077898502349853516,1,13
19,0.009744703769683838,1,13
20,0.08322423696517944,2,13
21,0.08322423696517944,2,13
22,0.08322423696517944,2,13
23,0.08322423696517944,2,13
24,0.08322423696517944,2,13
25,0.08322423696517944,2,13
26,0.08322423696517944,2,13
27,0.08322423696517944,2,13
28,0.08322423696517944,2,13
29,0.08322423696517944,2,13
30,0.08322423696517944,2,13
31,0.21061819791793823,2,13
32,0.4810582995414734,3,13
33,0.4810582995414734,3,13
34,0.5435012876987457,4,13
35,0.5435012876987457,4,13
36,0.6205442249774933,4,13
37,0.794756680727005,4,13
38,0.920326866209507,3,13
39,0.920326866209507,3,13
40,0.920326866209507,3,13
41,0.920326866209507,3,13
42,0.920326866209507,3,13
43,0.9700122196227312,3,13
44,0.9700122196227312,3,13
45,0.9700122196227312,3,13
46,0.9700122196227312,3,13
47,0.9700122196227312,3,13
48,0.9789544716477394,3,13
49,0.9789544716477394,3,13
50,0.9789544716477394,3,13
51,0.9789544716477394,3,13
52,0.9789544716477394,3,13
53,0.9789544716477394,3,13
54,0.9789544716477394,3,13
55,0.9789544716477394,3,13
56,0.9789544716477394,3,13
57,0.9789544716477394,3,13
58,0.9789544716477394,3,13
59,0.9789544716477394,3,13
60,0.9789544716477394,3,13
61,0.9789544716477394,3,13
62,0.9789544716477394,3,13
63,0.9789544716477394,3,13
64,0.9789544716477394,3,13
65,0.9789544716477394,3,13
66,0.9789544716477394,3,13
67,0.9789544716477394,3,13
68,0.9789544716477394,3,13
69,0.9789544716477394,3,13
70,0.9789544716477394,3,13
71,0.9789544716477394,3,13
72,0.9789544716477394,3,13
73,0.9876151764765382,3,13
74,0.9876151764765382,3,13
75,0.9876151764765382,3,13
76,0.9876151764765382,3,13
77,0.9876151764765382,3,13
78,0.9876151764765382,3,13
79,0.9876151764765382,3,13
80,0.9876151764765382,3,13
81,0.9876151764765382,3,13
82,0.9876151764765382,3,13
83,0.987977422773838,3,13
84,0.987977422773838,3,13
85,0.987977422773838,3,13
86,0.987977422773838,3,13
87,0.987977422773838,3,13
88,0.9882251974195242,3,13
89,0.9882251974195242,3,13
90,0.9882251974195242,3,13
91,0.9905055426061153,3,13
92,0.9905055426061153,3,13
93,0.9905055426061153,3,13
94,0.9905055426061153,3,13
95,0.9905055426061153,3,13
96,0.9905055426061153,3,13
97,0.9905055426061153,3,13
98,0.9905055426061153,3,13
99,0.9905055426061153,3,13
100,0.9905055426061153,3,13
101,0.9905055426061153,3,13
102,0.9905055426061153,3,13
103,0.9905055426061153,3,13
104,0.9905055426061153,3,13
105,0.9905055426061153,3,13
106,0.9905055426061153,3,13
107,0.9905055426061153,3,13
108,0.9905055426061153,3,13
109,0.9905055426061153,3,13
110,0.9905055426061153,3,13
111,0.9905055426061153,3,13
112,0.9905055426061153,3,13
113,0.9905055426061153,3,13
114,0.9905055426061153,3,13
115,0.9905055426061153,3,13
116,0.9905055426061153,3,13
117,0.9905055426061153,3,13
118,0.9905055426061153,3,13
119,0.9905055426061153,3,13
120,0.9905055426061153,3,13
121,0.9905055426061153,3,13
122,0.9905055426061153,3,13
123,0.9905055426061153,3,13
124,0.9905055426061153,3,13
125,0.9905477091670036,3,13
126,0.9905477091670036,3,13
127,0.9905477091670036,3,13
128,0.9905477091670036,3,13
129,0.9905477091670036,3,13
130,0.9905477091670036,3,13
131,0.9905477091670036,3,13
132,0.9905477091670036,3,13
133,0.9905477091670036,3,13
134,0.9905477091670036,3,13
135,0.9905477091670036,3,13
136,0.9905477091670036,3,13
137,0.9905477091670036,3,13
138,0.9905477091670036,3,13
139,0.9905477091670036,3,13
140,0.9905477091670036,3,13
141,0.9905477091670036,3,13
142,0.9905477091670036,3,13
143,0.9905477091670036,3,13
144,0.9905477091670036,3,13
145,0.9905600640922785,3,13
146,0.9905600640922785,3,13
147,0.9905600640922785,3,13
148,0.9905600640922785,3,13
149,0.9905600640922785,3,13
150,0.9905600640922785,3,13
151,0.9905600640922785,3,13
152,0.9905600640922785,3,13
153,0.9905600640922785,3,13
154,0.9905600640922785,3,13
155,0.9905600640922785,3,13
156,0.9905600640922785,3,13
157,0.9905600640922785,3,13
158,0.9905600640922785,3,13
159,0.9905600640922785,3,13
160,0.9905600640922785,3,13
161,0.9905600640922785,3,13
162,0.9905600640922785,3,13
163,0.9905600640922785,3,13
164,0.9905600640922785,3,13
165,0.9905600640922785,3,13
166,0.9905600640922785,3,13
167,0.9905600640922785,3,13
168,0.9905600640922785,3,13
169,0.9905600640922785,3,13
170,0.9905600640922785,3,13
171,0.9905600640922785,3,13
172,0.9905600640922785,3,13
173,0.9905600640922785,3,13
174,0.9905600640922785,3,13
175,0.9905600640922785,3,13
176,0.9905600640922785,3,13
177,0.9905600640922785,3,13
178,0.9905600640922785,3,13
179,0.9905600640922785,3,13
180,0.9905600640922785,3,13
181,0.9905600640922785,3,13
182,0.9905600640922785,3,13
183,0.9905600640922785,3,13
184,0.9905600640922785,3,13
185,0.9905600640922785,3,13
186,0.9905600640922785,3,13
187,0.9905600640922785,3,13
188,0.9905600640922785,3,13
189,0.9905600640922785,3,13
190,0.9905600640922785,3,13
191,0.9905600640922785,3,13
192,0.9905600640922785,3,13
193,0.9905600640922785,3,13
194,0.9905600640922785,3,13
195,0.9905600640922785,3,13
196,0.9905600640922785,3,13
197,0.9905600640922785,3,13
198,0.9905600640922785,3,13
199,0.9905600640922785,3,13
200,0.9905600640922785,3,13
1,8.440017700195312e-05,1,14
2,8.440017700195312e-05,1,14
3,8.440017700195312e-05,1,14
4,0.0003514289855957031,1,14
5,0.0003514289855957031,1,14
6,0.0003514289855957031,1,14
7,0.0028516650199890137,1,14
8,0.0028516650199890137,1,14
9,0.0028516650199890137,1,14
10,0.0028516650199890137,1,14
11,0.0036752820014953613,1,14
12,0.0036752820014953613,1,14
13,0.0036752820014953613,1,14
14,0.0036752820014953613,1,14
15,0.006113111972808838,1,14
16,0.006113111972808838,1,14
17,0.006113111972808838,1,14
18,0.006113111972808838,1,14
19,0.006291747093200684,1,14
20,0.006291747093200684,1,14
21,0.006291747093200684,1,14
22,0.08196020126342773,2,14
23,0.08196020126342773,2,14
24,0.08196020126342773,2,14
25,0.08196020126342773,2,14
26,0.08196020126342773,2,14
27,0.08196020126342773,2,14
28,0.08196020126342773,2,14
29,0.08196020126342773,2,14
30,0.08196020126342773,2,14
31,0.08196020126342773,2,14
32,0.08196020126342773,2,14
33,0.08196020126342773,2,14
34,0.08196020126342773,2,14
35,0.08196020126342773,2,14
36,0.08196020126342773,2,14
37,0.08196020126342773,2,14
38,0.40360987186431885,3,14
39,0.40360987186431885,3,14
40,0.40360987186431885,3,14
41,0.40360987186431885,3,14
42,0.40360987186431885,3,14
43,0.40360987186431885,3,14
44,0.5345882475376129,5,14
45,0.5345882475376129,5,14
46,0.5345882475376129,5,14
47,0.5345882475376129,5,14
48,0.5345882475376129,5,14
49,0.9507240876555443,6,14
50,0.9507240876555443,6,14
51,0.983955780044198,6,14
52,0.983955780044198,6,14
53,0.9166786074638367,4,14
54,0.9166786074638367,4,14
55,0.961231492459774,4,14
56,0.961231492459774,4,14
57,0.961231492459774,4,14
58,0.961231492459774,4,14
59,0.961231492459774,4,14
60,0.961231492459774,4,14
61,0.9766410682350397,4,14
62,0.9766410682350397,4,14
63,0.9654466584324837,3,14
64,0.9654466584324837,3,14
65,0.9654466584324837,3,14
66,0.9654466584324837,3,14
67,0.9654466584324837,3,14
68,0.9654466584324837,3,14
69,0.9654466584324837,3,14
70,0.9654466584324837,3,14
71,0.9654466584324837,3,14
72,0.9654466584324837,3,14
73,0.9654466584324837,3,14
74,0.9654466584324837,3,14
75,0.9654466584324837,3,14
76,0.9654466584324837,3,14
77,0.9654466584324837,3,14
78,0.9654466584324837,3,14
79,0.9654466584324837,3,14
80,0.9654466584324837,3,14
81,0.9654466584324837,3,14
82,0.9654466584324837,3,14
83,0.9654466584324837,3,14
84,0.9654466584324837,3,14
85,0.9654466584324837,3,14
86,0.977356044575572,3,14
87,0.977356044575572,3,14
88,0.977356044575572,3,14
89,0.977356044575572,3,14
90,0.977356044575572,3,14
91,0.977356044575572,3,14
92,0.977356044575572,3,14
93,0.977356044575572,3,14
94,0.977356044575572,3,14
95,0.977356044575572,3,14
96,0.979039303958416,3,14
97,0.979039303958416,3,14
98,0.979039303958416,3,14
99,0.979039303958416,3,14
100,0.979039303958416,3,14
101,0.979039303958416,3,14
102,0.979039303958416,3,14
103,0.979039303958416,3,14
104,0.979039303958416,3,14
105,0.979039303958416,3,14
106,0.979039303958416,3,14
107,0.979039303958416,3,14
108,0.979039303958416,3,14
109,0.979039303958416,3,14
110,0.979039303958416,3,14
111,0.979039303958416,3,14
112,0.979039303958416,3,14
113,0.979039303958416,3,14
114,0.979039303958416,3,14
115,0.979039303958416,3,14
116,0.979039303958416,3,14
117,0.979039303958416,3,14
118,0.979039303958416,3,14
119,0.979039303958416,3,14
120,0.979039303958416,3,14
121,0.979039303958416,3,14
122,0.979039303958416,3,14
123,0.979039303958416,3,14
124,0.979039303958416,3,14
125,0.979039303958416,3,14
126,0.979039303958416,3,14
127,0.979039303958416,3,14
128,0.979039303958416,3,14
129,0.979039303958416,3,14
130,0.979039303958416,3,14
131,0.979039303958416,3,14
132,0.979039303958416,3,14
133,0.979039303958416,3,14
134,0.979039303958416,3,14
135,0.979039303958416,3,14
136,0.979039303958416,3,14
137,0.979039303958416,3,14
138,0.979039303958416,3,14
139,0.979039303958416,3,14
140,0.979039303958416,3,14
141,0.979039303958416,3,14
142,0.979039303958416,3,14
143,0.979039303958416,3,14
144,0.979039303958416,3,14
145,0.979039303958416,3,14
146,0.979039303958416,3,14
147,0.979039303958416,3,14
148,0.979039303958416,3,14
149,0.979039303958416,3,14
150,0.979039303958416,3,14
151,0.979039303958416,3,14
152,0.979039303958416,3,14
153,0.979039303958416,3,14
154,0.979039303958416,3,14
155,0.979039303958416,3,14
156,0.979039303958416,3,14
157,0.979039303958416,3,14
158,0.979039303958416,3,14
159,0.979039303958416,3,14
160,0.979039303958416,3,14
161,0.979039303958416,3,14
162,0.979039303958416,3,14
163,0.979039303958416,3,14
164,0.979039303958416,3,14
165,0.979039303958416,3,14
166,0.979039303958416,3,14
167,0.979039303958416,3,14
168,0.979039303958416,3,14
169,0.979039303958416,3,14
170,0.979039303958416,3,14
171,0.979039303958416,3,14
172,0.979039303958416,3,14
173,0.979039303958416,3,14
174,0.979039303958416,3,14
175,0.979039303958416,3,14
176,0.979039303958416,3,14
177,0.979039303958416,3,14
178,0.979039303958416,3,14
179,0.979039303958416,3,14
180,0.9797492101788521,3,14
181,0.9797492101788521,3,14
182,0.9797492101788521,3,14
183,0.9797492101788521,3,14
184,0.9797492101788521,3,14
185,0.9797492101788521,3,14
186,0.9797492101788521,3,14
187,0.9797492101788521,3,14
188,0.9797492101788521,3,14
189,0.9797492101788521,3,14
190,0.9797492101788521,3,14
191,0.9797492101788521,3,14
192,0.9813061393797398,3,14
193,0.9813061393797398,3,14
194,0.9813061393797398,3,14
195,0.9813061393797398,3,14
196,0.9813061393797398,3,14
197,0.9813061393797398,3,14
198,0.9813061393797398,3,14
199,0.9813061393797398,3,14
200,0.9813061393797398,3,14
1,0.0,1,15
2,0.0,1,15
3,0.0,1,15
4,0.0,1,15
5,0.0,1,15
6,0.0,1,15
7,0.0,1,15
8,0.0,1,15
9,0.0,1,15
10,0.0,1,15
11,0.0,1,15
12,0.0,1,15
13,0.0,1,15
14,0.0,1,15
15,0.0,1,15
16,0.0,1,15
17,0.0,1,15
18,0.0,1,15
19,0.0,1,15
20,0.0,1,15
21,0.0,1,15
22,0.0,1,15
23,0.0,1,15
24,0.0,1,15
25,0.0,1,15
26,0.0,1,15
27,0.0,1,15
28,0.0,1,15
29,0.0,1,15
30,0.0,1,15
31,0.0,1,15
32,0.0,1,15
33,0.0,1,15
34,0.0,1,15
35,0.0,1,15
36,0.0,1,15
37,0.0,1,15
38,0.0,1,15
39,0.0,1,15
40,0.0,1,15
41,0.0,1,15
42,0.0,1,15
43,0.0,1,15
44,0.0,1,15
45,0.0,1,15
46,0.0,1,15
47,0.0,1,15
48,0.0,1,15
49,0.0,1,15
50,0.0,1,15
51,0.0,1,15
52,0.0,1,15
53,0.0,1,15
54,0.0,1,15
55,0.0,1,15
56,0.0,1,15
57,0.0,1,15
58,0.0,1,15
59,0.0,1,15
60,0.0,1,15
61,0.0,1,15
62,0.0,1,15
63,0.0,1,15
64,0.0,1,15
65,0.0,1,15
66,0.0,1,15
67,0.0,1,15
68,0.0,1,15
69,0.0,1,15
70,0.0,1,15
71,0.0,1,15
72,0.0,1,15
73,0.0,1,15
74,0.0,1,15
75,0.0,1,15
76,0.0,1,15
77,0.0,1,15
78,0.0,1,15
79,0.0,1,15
80,0.0,1,15
81,0.0,1,15
82,0.0,1,15
83,0.0,1,15
84,0.0,1,15
85,0.0,1,15
86,0.0,1,15
87,0.0,1,15
88,0.0,1,15
89,0.0,1,15
90,0.0,1,15
91,0.0,1,15
92,0.0,1,15
93,0.0,1,15
94,0.0,1,15
95,0.0,1,15
96,0.0,1,15
97,0.0,1,15
98,0.0,1,15
99,0.0,1,15
100,0.0,1,15
101,0.0,1,15
102,0.0,1,15
103,0.0,1,15
104,0.0,1,15
105,0.0,1,15
106,0.0,1,15
107,0.0,1,15
108,0.0,1,15
109,0.0,1,15
110,0.0,1,15
111,0.0,1,15
112,0.0,1,15
113,0.0,1,15
114,0.0,1,15
115,0.0,1,15
116,0.0,1,15
117,0.0,1,15
118,0.0,1,15
119,0.0,1,15
120,0.0,1,15
121,0.0,1,15
122,0.0,1,15
123,0.0,1,15
124,0.0,1,15
125,0.0,1,15
126,0.0,1,15
127,0.0,1,15
128,0.0,1,15
129,0.0,1,15
130,0.0,1,15
131,0.0,1,15
132,0.0,1,15
133,0.0,1,15
134,0.0,1,15
135,0.0,1,15
136,0.0,1,15
137,0.0,1,15
138,0.0,1,15
139,0.0,1,15
140,0.0,1,15
141,0.0,1,15
142,0.0,1,15
143,0.0,1,15
144,0.0,1,15
145,0.0,1,15
146,0.0,1,15
147,0.0,1,15
148,0.0,1,15
149,0.0,1,15
150,0.0,1,15
151,0.0,1,15
152,0.0,1,15
153,0.0,1,15
154,0.0,1,15
155,0.0,1,15
156,0.0,1,15
157,0.0,1,15
158,0.0,1,15
159,0.0,1,15
160,0.0,1,15
161,0.0,1,15
162,0.0,1,15
163,0.0,1,15
164,0.0,1,15
165,0.0,1,15
166,0.0,1,15
167,0.0,1,15
168,0.0,1,15
169,0.0,1,15
170,0.0,1,15
171,0.0,1,15
172,0.0,1,15
173,0.0,1,15
174,0.0,1,15
175,0.0,1,15
176,0.0,1,15
177,0.0,1,15
178,0.0,1,15
179,0.0,1,15
180,0.0,1,15
181,0.0,1,15
182,0.0,1,15
183,0.0,1,15
184,0.0,1,15
185,0.0,1,15
186,0.0,1,15
187,0.0,1,15
188,0.0,1,15
189,0.0,1,15
190,0.0,1,15
191,0.0,1,15
192,0.0,1,15
193,0.0,1,15
194,0.0,1,15
195,0.0,1,15
196,0.0,1,15
197,0.0,1,15
198,0.0,1,15
199,0.0,1,15
200,0.0,1,15
1,2.5033950805664062e-06,1,16
2,2.86102294921875e-06,1,16
3,2.86102294921875e-06,1,16
4,2.86102294921875e-06,1,16
5,4.0531158447265625e-06,1,16
6,7.3909759521484375e-06,1,16
7,7.3909759521484375e-06,1,16
8,7.3909759521484375e-06,1,16
9,7.3909759521484375e-06,1,16
10,7.3909759521484375e-06,1,16
11,4.0411949157714844e-05,1,16
12,4.0411949157714844e-05,1,16
13,4.0411949157714844e-05,1,16
14,4.0411949157714844e-05,1,16
15,4.0411949157714844e-05,1,16
16,4.0411949157714844e-05,1,16
17,4.0411949157714844e-05,1,16
18,4.0411949157714844e-05,1,16
19,4.0411949157714844e-05,1,16
20,4.0411949157714844e-05,1,16
21,4.0411949157714844e-05,1,16
22,4.0411949157714844e-05,1,16
23,4.0411949157714844e-05,1,16
24,4.0411949157714844e-05,1,16
25,4.112720489501953e-05,1,16
26,4.112720489501953e-05,1,16
27,4.112720489501953e-05,1,16
28,4.112720489501953e-05,1,16
29,4.112720489501953e-05,1,16
30,4.112720489501953e-05,1,16
31,4.112720489501953e-05,1,16
32,4.112720489501953e-05,1,16
33,4.112720489501953e-05,1,16
34,4.112720489501953e-05,1,16
35,4.112720489501953e-05,1,16
36,4.112720489501953e-05,1,16
37,4.112720489501953e-05,1,16
38,4.112720489501953e-05,1,16
39,4.112720489501953e-05,1,16
40,4.112720489501953e-05,1,16
41,4.112720489501953e-05,1,16
42,4.112720489501953e-05,1,16
43,4.112720489501953e-05,1,16
44,4.112720489501953e-05,1,16
45,4.112720489501953e-05,1,16
46,4.112720489501953e-05,1,16
47,4.112720489501953e-05,1,16
48,4.112720489501953e-05,1,16
49,4.112720489501953e-05,1,16
50,4.112720489501953e-05,1,16
51,4.112720489501953e-05,1,16
52,4.112720489501953e-05,1,16
53,4.112720489501953e-05,1,16
54,4.112720489501953e-05,1,16
55,4.112720489501953e-05,1,16
56,4.112720489501953e-05,1,16
57,4.112720489501953e-05,1,16
58,4.112720489501953e-05,1,16
59,4.112720489501953e-05,1,16
60,4.112720489501953e-05,1,16
61,4.112720489501953e-05,1,16
62,4.112720489501953e-05,1,16
63,4.112720489501953e-05,1,16
64,4.112720489501953e-05,1,16
65,4.112720489501953e-05,1,16
66,4.112720489501953e-05,1,16
67,4.112720489501953e-05,1,16
68,4.112720489501953e-05,1,16
69,4.112720489501953e-05,1,16
70,4.112720489501953e-05,1,16
71,4.112720489501953e-05,1,16
72,4.112720489501953e-05,1,16
73,4.112720489501953e-05,1,16
74,4.112720489501953e-05,1,16
75,4.112720489501953e-05,1,16
76,4.112720489501953e-05,1,16
77,4.112720489501953e-05,1,16
78,4.112720489501953e-05,1,16
79,4.112720489501953e-05,1,16
80,4.112720489501953e-05,1,16
81,4.112720489501953e-05,1,16
82,4.112720489501953e-05,1,16
83,4.112720489501953e-05,1,16
84,4.112720489501953e-05,1,16
85,4.112720489501953e-05,1,16
86,4.112720489501953e-05,1,16
87,4.112720489501953e-05,1,16
88,4.112720489501953e-05,1,16
89,4.112720489501953e-05,1,16
90,4.112720489501953e-05,1,16
91,4.112720489501953e-05,1,16
92,4.112720489501953e-05,1,16
93,4.112720489501953e-05,1,16
94,4.112720489501953e-05,1,16
95,4.112720489501953e-05,1,16
96,4.112720489501953e-05,1,16
97,4.112720489501953e-05,1,16
98,4.112720489501953e-05,1,16
99,4.112720489501953e-05,1,16
100,4.112720489501953e-05,1,16
101,4.112720489501953e-05,1,16
102,4.112720489501953e-05,1,16
103,4.112720489501953e-05,1,16
104,4.112720489501953e-05,1,16
105,4.112720489501953e-05,1,16
106,4.112720489501953e-05,1,16
107,4.112720489501953e-05,1,16
108,4.112720489501953e-05,1,16
109,4.112720489501953e-05,1,16
110,4.112720489501953e-05,1,16
111,4.112720489501953e-05,1,16
112,4.112720489501953e-05,1,16
113,4.112720489501953e-05,1,16
114,4.112720489501953e-05,1,16
115,4.112720489501953e-05,1,16
116,4.112720489501953e-05,1,16
117,4.112720489501953e-05,1,16
118,4.112720489501953e-05,1,16
119,4.112720489501953e-05,1,16
120,4.112720489501953e-05,1,16
121,4.112720489501953e-05,1,16
122,4.112720489501953e-05,1,16
123,4.112720489501953e-05,1,16
124,4.112720489501953e-05,1,16
125,4.112720489501953e-05,1,16
126,4.112720489501953e-05,1,16
127,4.112720489501953e-05,1,16
128,4.112720489501953e-05,1,16
129,4.112720489501953e-05,1,16
130,4.112720489501953e-05,1,16
131,4.112720489501953e-05,1,16
132,4.112720489501953e-05,1,16
133,4.112720489501953e-05,1,16
134,4.112720489501953e-05,1,16
135,4.112720489501953e-05,1,16
136,4.112720489501953e-05,1,16
137,4.112720489501953e-05,1,16
138,4.112720489501953e-05,1,16
139,4.112720489501953e-05,1,16
140,4.112720489501953e-05,1,16
141,4.112720489501953e-05,1,16
142,4.112720489501953e-05,1,16
143,4.112720489501953e-05,1,16
144,4.112720489501953e-05,1,16
145,4.112720489501953e-05,1,16
146,4.112720489501953e-05,1,16
147,4.112720489501953e-05,1,16
148,4.112720489501953e-05,1,16
149,4.112720489501953e-05,1,16
150,4.112720489501953e-05,1,16
151,4.112720489501953e-05,1,16
152,4.112720489501953e-05,1,16
153,4.112720489501953e-05,1,16
154,4.112720489501953e-05,1,16
155,4.112720489501953e-05,1,16
156,4.112720489501953e-05,1,16
157,4.112720489501953e-05,1,16
158,4.112720489501953e-05,1,16
159,4.112720489501953e-05,1,16
160,4.112720489501953e-05,1,16
161,4.112720489501953e-05,1,16
162,4.112720489501953e-05,1,16
163,4.112720489501953e-05,1,16
164,4.112720489501953e-05,1,16
165,4.112720489501953e-05,1,16
166,4.112720489501953e-05,1,16
167,4.112720489501953e-05,1,16
168,4.112720489501953e-05,1,16
169,4.112720489501953e-05,1,16
170,4.112720489501953e-05,1,16
171,4.112720489501953e-05,1,16
172,4.112720489501953e-05,1,16
173,4.112720489501953e-05,1,16
174,4.112720489501953e-05,1,16
175,4.112720489501953e-05,1,16
176,4.112720489501953e-05,1,16
177,4.112720489501953e-05,1,16
178,4.112720489501953e-05,1,16
179,4.112720489501953e-05,1,16
180,4.112720489501953e-05,1,16
181,4.112720489501953e-05,1,16
182,4.112720489501953e-05,1,16
183,4.112720489501953e-05,1,16
184,4.112720489501953e-05,1,16
185,4.112720489501953e-05,1,16
186,4.112720489501953e-05,1,16
187,4.112720489501953e-05,1,16
188,4.112720489501953e-05,1,16
189,4.112720489501953e-05,1,16
190,4.112720489501953e-05,1,16
191,4.112720489501953e-05,1,16
192,4.112720489501953e-05,1,16
193,4.112720489501953e-05,1,16
194,4.112720489501953e-05,1,16
195,4.112720489501953e-05,1,16
196,4.112720489501953e-05,1,16
197,4.112720489501953e-05,1,16
198,4.112720489501953e-05,1,16
199,4.112720489501953e-05,1,16
200,4.112720489501953e-05,1,16
1,1.9073486328125e-06,1,17
2,1.9073486328125e-06,1,17
3,1.9073486328125e-06,1,17
4,3.5762786865234375e-06,1,17
5,3.814697265625e-06,1,17
6,6.4373016357421875e-06,1,17
7,6.4373016357421875e-06,1,17
8,3.457069396972656e-05,1,17
9,3.457069396972656e-05,1,17
10,3.457069396972656e-05,1,17
11,3.457069396972656e-05,1,17
12,4.0531158447265625e-05,1,17
13,4.0531158447265625e-05,1,17
14,4.0531158447265625e-05,1,17
15,4.0531158447265625e-05,1,17
16,5.125999450683594e-05,1,17
17,5.125999450683594e-05,1,17
18,5.125999450683594e-05,1,17
19,5.125999450683594e-05,1,17
20,5.125999450683594e-05,1,17
21,5.125999450683594e-05,1,17
22,6.210803985595703e-05,1,17
23,6.210803985595703e-05,1,17
24,6.210803985595703e-05,1,17
25,6.210803985595703e-05,1,17
26,6.210803985595703e-05,1,17
27,6.210803985595703e-05,1,17
28,6.210803985595703e-05,1,17
29,6.210803985595703e-05,1,17
30,6.592273712158203e-05,1,17
31,6.592273712158203e-05,1,17
32,6.592273712158203e-05,1,17
33,6.592273712158203e-05,1,17
34,6.592273712158203e-05,1,17
35,6.592273712158203e-05,1,17
36,6.592273712158203e-05,1,17
37,6.592273712158203e-05,1,17
38,6.592273712158203e-05,1,17
39,6.592273712158203e-05,1,17
40,6.592273712158203e-05,1,17
41,6.604194641113281e-05,1,17
42,6.604194641113281e-05,1,17
43,6.604194641113281e-05,1,17
44,6.604194641113281e-05,1,17
45,6.604194641113281e-05,1,17
46,6.604194641113281e-05,1,17
47,6.604194641113281e-05,1,17
48,6.604194641113281e-05,1,17
49,6.604194641113281e-05,1,17
50,6.604194641113281e-05,1,17
51,6.604194641113281e-05,1,17
52,6.604194641113281e-05,1,17
53,6.604194641113281e-05,1,17
54,6.604194641113281e-05,1,17
55,6.604194641113281e-05,1,17
56,6.604194641113281e-05,1,17
57,6.604194641113281e-05,1,17
58,6.604194641113281e-05,1,17
59,6.604194641113281e-05,1,17
60,6.604194641113281e-05,1,17
61,6.604194641113281e-05,1,17
62,6.604194641113281e-05,1,17
63,6.604194641113281e-05,1,17
64,6.604194641113281e-05,1,17
65,6.604194641113281e-05,1,17
66,6.604194641113281e-05,1,17
67,6.604194641113281e-05,1,17
68,6.604194641113281e-05,1,17
69,6.604194641113281e-05,1,17
70,6.604194641113281e-05,1,17
71,6.604194641113281e-05,1,17
72,6.604194641113281e-05,1,17
73,6.604194641113281e-05,1,17
74,6.604194641113281e-05,1,17
75,6.604194641113281e-05,1,17
76,6.604194641113281e-05,1,17
77,6.604194641113281e-05,1,17
78,6.604194641113281e-05,1,17
79,6.604194641113281e-05,1,17
80,6.604194641113281e-05,1,17
81,6.604194641113281e-05,1,17
82,6.604194641113281e-05,1,17
83,6.604194641113281e-05,1,17
84,6.604194641113281e-05,1,17
85,6.604194641113281e-05,1,17
86,6.604194641113281e-05,1,17
87,6.604194641113281e-05,1,17
88,6.604194641113281e-05,1,17
89,6.604194641113281e-05,1,17
90,6.604194641113281e-05,1,17
91,6.604194641113281e-05,1,17
92,6.604194641113281e-05,1,17
93,6.604194641113281e-05,1,17
94,6.604194641113281e-05,1,17
95,6.604194641113281e-05,1,17
96,6.604194641113281e-05,1,17
97,6.604194641113281e-05,1,17
98,6.604194641113281e-05,1,17
99,6.604194641113281e-05,1,17
100,6.604194641113281e-05,1,17
101,6.604194641113281e-05,1,17
102,6.604194641113281e-05,1,17
103,6.604194641113281e-05,1,17
104,6.604194641113281e-05,1,17
105,6.604194641113281e-05,1,17
106,6.604194641113281e-05,1,17
107,6.604194641113281e-05,1,17
108,6.604194641113281e-05,1,17
109,6.604194641113281e-05,1,17
110,6.604194641113281e-05,1,17
111,6.604194641113281e-05,1,17
112,6.604194641113281e-05,1,17
113,6.604194641113281e-05,1,17
114,6.604194641113281e-05,1,17
115,6.604194641113281e-05,1,17
116,6.604194641113281e-05,1,17
117,6.604194641113281e-05,1,17
118,6.604194641113281e-05,1,17
119,6.604194641113281e-05,1,17
120,6.604194641113281e-05,1,17
121,6.604194641113281e-05,1,17
122,6.604194641113281e-05,1,17
123,6.604194641113281e-05,1,17
124,6.604194641113281e-05,1,17
125,6.604194641113281e-05,1,17
126,6.604194641113281e-05,1,17
127,6.604194641113281e-05,1,17
128,6.604194641113281e-05,1,17
129,6.604194641113281e-05,1,17
130,6.604194641113281e-05,1,17
131,6.604194641113281e-05,1,17
132,6.604194641113281e-05,1,17
133,6.604194641113281e-05,1,17
134,6.604194641113281e-05,1,17
135,6.604194641113281e-05,1,17
136,6.604194641113281e-05,1,17
137,6.604194641113281e-05,1,17
138,6.604194641113281e-05,1,17
139,6.604194641113281e-05,1,17
140,6.604194641113281e-05,1,17
141,6.604194641113281e-05,1,17
142,6.604194641113281e-05,1,17
143,6.604194641113281e-05,1,17
144,6.604194641113281e-05,1,17
145,6.604194641113281e-05,1,17
146,6.604194641113281e-05,1,17
147,6.604194641113281e-05,1,17
148,6.604194641113281e-05,1,17
149,6.604194641113281e-05,1,17
150,6.604194641113281e-05,1,17
151,6.604194641113281e-05,1,17
152,6.604194641113281e-05,1,17
153,6.604194641113281e-05,1,17
154,6.604194641113281e-05,1,17
155,6.604194641113281e-05,1,17
156,6.604194641113281e-05,1,17
157,6.604194641113281e-05,1,17
158,6.604194641113281e-05,1,17
159,6.604194641113281e-05,1,17
160,6.604194641113281e-05,1,17
161,6.604194641113281e-05,1,17
162,6.604194641113281e-05,1,17
163,6.604194641113281e-05,1,17
164,6.604194641113281e-05,1,17
165,6.604194641113281e-05,1,17
166,6.604194641113281e-05,1,17
167,6.604194641113281e-05,1,17
168,6.604194641113281e-05,1,17
169,6.604194641113281e-05,1,17
170,6.604194641113281e-05,1,17
171,6.604194641113281e-05,1,17
172,6.604194641113281e-05,1,17
173,6.604194641113281e-05,1,17
174,6.604194641113281e-05,1,17
175,6.604194641113281e-05,1,17
176,6.604194641113281e-05,1,17
177,6.604194641113281e-05,1,17
178,6.604194641113281e-05,1,17
179,6.604194641113281e-05,1,17
180,6.604194641113281e-05,1,17
181,6.604194641113281e-05,1,17
182,6.604194641113281e-05,1,17
183,6.604194641113281e-05,1,17
184,6.604194641113281e-05,1,17
185,6.604194641113281e-05,1,17
186,6.604194641113281e-05,1,17
187,6.604194641113281e-05,1,17
188,6.604194641113281e-05,1,17
189,6.604194641113281e-05,1,17
190,6.604194641113281e-05,1,17
191,6.604194641113281e-05,1,17
192,6.604194641113281e-05,1,17
193,6.604194641113281e-05,1,17
194,6.604194641113281e-05,1,17
195,6.604194641113281e-05,1,17
196,6.604194641113281e-05,1,17
197,6.604194641113281e-05,1,17
198,6.604194641113281e-05,1,17
199,6.604194641113281e-05,1,17
200,6.604194641113281e-05,1,17
1,8.45193862915039e-05,1,18
2,9.965896606445312e-05,1,18
3,0.00015914440155029297,1,18
4,0.00018340349197387695,1,18
5,0.00029140710830688477,1,18
6,0.0003179311752319336,1,18
7,0.0003179311752319336,1,18
8,0.0003179311752319336,1,18
9,0.0003179311752319336,1,18
10,0.0017723441123962402,1,18
11,0.0017723441123962402,1,18
12,0.0017723441123962402,1,18
13,0.0017723441123962402,1,18
14,0.0017723441123962402,1,18
15,0.0017723441123962402,1,18
16,0.0017723441123962402,1,18
17,0.0017723441123962402,1,18
18,0.0020083189010620117,1,18
19,0.002543628215789795,1,18
20,0.002543628215789795,1,18
21,0.002543628215789795,1,18
22,0.002543628215789795,1,18
23,0.002937018871307373,1,18
24,0.002937018871307373,1,18
25,0.002937018871307373,1,18
26,0.002937018871307373,1,18
27,0.002937018871307373,1,18
28,0.002937018871307373,1,18
29,0.002937018871307373,1,18
30,0.002937018871307373,1,18
31,0.002937018871307373,1,18
32,0.002937018871307373,1,18
33,0.002937018871307373,1,18
34,0.002937018871307373,1,18
35,0.002937018871307373,1,18
36,0.002937018871307373,1,18
37,0.002937018871307373,1,18
38,0.002937018871307373,1,18
39,0.002952754497528076,1,18
40,0.002952754497528076,1,18
41,0.002970755100250244,1,18
42,0.002970755100250244,1,18
43,0.002970755100250244,1,18
44,0.002970755100250244,1,18
45,0.002970755100250244,1,18
46,0.002970755100250244,1,18
47,0.05347096920013428,2,18
48,0.05347096920013428,2,18
49,0.05347096920013428,2,18
50,0.05352425575256348,2,18
51,0.05352425575256348,2,18
52,0.05352425575256348,2,18
53,0.05352425575256348,2,18
54,0.05352425575256348,2,18
55,0.05352425575256348,2,18
56,0.05352425575256348,2,18
57,0.05352425575256348,2,18
58,0.05352425575256348,2,18
59,0.05352425575256348,2,18
60,0.05352425575256348,2,18
61,0.05352425575256348,2,18
62,0.11376571655273438,3,18
63,0.11419087648391724,3,18
64,0.11421620845794678,3,18
65,0.11804306507110596,3,18
66,0.1631142497062683,4,18
67,0.16486144065856934,4,18
68,0.16485744714736938,3,18
69,0.16797596216201782,3,18
70,0.3366543650627136,3,18
71,0.3366543650627136,3,18
72,0.3366543650627136,3,18
73,0.3366543650627136,3,18
74,0.3366543650627136,3,18
75,0.3366543650627136,3,18
76,0.3366543650627136,3,18
77,0.33709990978240967,3,18
78,0.33709990978240967,3,18
79,0.5391993224620819,5,18
80,0.5391993224620819,5,18
81,0.8415276110172272,6,18
82,0.8415276110172272,6,18
83,0.8415276110172272,6,18
84,0.8415276110172272,6,18
85,0.8415276110172272,6,18
86,0.8415276110172272,6,18
87,0.8415276110172272,6,18
88,0.8415276110172272,6,18
89,0.7548641264438629,4,18
90,0.8091336935758591,5,18
91,0.8091336935758591,5,18
92,0.9089139401912689,6,18
93,0.9089139401912689,6,18
94,0.9089139401912689,6,18
95,0.9089139401912689,6,18
96,0.9089139401912689,6,18
97,0.8837885409593582,5,18
98,0.8837885409593582,5,18
99,0.9231540635228157,5,18
100,0.9231540635228157,5,18
101,0.9231540635228157,5,18
102,0.9231540635228157,5,18
103,0.9231540635228157,5,18
104,0.9231540635228157,5,18
105,0.9231540635228157,5,18
106,0.9892546646296978,6,18
107,0.9892546646296978,6,18
108,0.9892546646296978,6,18
109,0.9619697406888008,5,18
110,0.9619697406888008,5,18
111,0.9619697406888008,5,18
112,0.9619697406888008,5,18
113,0.9619697406888008,5,18
114,0.9619697406888008,5,18
115,0.9619697406888008,5,18
116,0.9619697406888008,5,18
117,0.9619697406888008,5,18
118,0.9619697406888008,5,18
119,0.9619697406888008,5,18
120,0.9619697406888008,5,18
121,0.9619697406888008,5,18
122,0.9619697406888008,5,18
123,0.9619697406888008,5,18
124,0.9619697406888008,5,18
125,0.9619697406888008,5,18
126,0.9619697406888008,5,18
127,0.9619697406888008,5,18
128,0.9619697406888008,5,18
129,0.9619697406888008,5,18
130,0.9619697406888008,5,18
131,0.9619697406888008,5,18
132,0.9619697406888008,5,18
133,0.9619697406888008,5,18
134,0.9619697406888008,5,18
135,0.9619697406888008,5,18
136,0.9619697406888008,5,18
137,0.9619697406888008,5,18
138,0.9619697406888008,5,18
139,0.9619697406888008,5,18
140,0.962540153414011,5,18
141,0.962540153414011,5,18
142,0.9645864553749561,5,18
143,0.9645864553749561,5,18
144,0.9645864553749561,5,18
145,0.9645864553749561,5,18
146,0.9645864553749561,5,18
147,0.9645864553749561,5,18
148,0.9645864553749561,5,18
149,0.9645864553749561,5,18
150,0.9672042243182659,5,18
151,0.9672042243182659,5,18
152,0.9672042243182659,5,18
153,0.9672042243182659,5,18
154,0.9672042243182659,5,18
155,0.9672042243182659,5,18
156,0.9672042243182659,5,18
157,0.9672042243182659,5,18
158,0.986661346629262,5,18
159,0.986661346629262,5,18
160,0.986661346629262,5,18
161,0.986661346629262,5,18
162,0.986661346629262,5,18
163,0.986661346629262,5,18
164,0.986661346629262,5,18
165,0.986661346629262,5,18
166,0.986661346629262,5,18
167,0.986661346629262,5,18
168,0.986661346629262,5,18
169,0.986661346629262,5,18
170,0.986661346629262,5,18
171,0.986661346629262,5,18
172,0.986661346629262,5,18
173,0.986661346629262,5,18
174,0.986661346629262,5,18
175,0.986661346629262,5,18
176,0.986661346629262,5,18
177,0.986661346629262,5,18
178,0.986661346629262,5,18
179,0.986661346629262,5,18
180,0.986661346629262,5,18
181,0.986661346629262,5,18
182,0.986661346629262,5,18
183,0.986661346629262,5,18
184,0.986661346629262,5,18
185,0.986661346629262,5,18
186,0.986661346629262,5,18
187,0.986661346629262,5,18
188,0.986661346629262,5,18
189,0.986661346629262,5,18
190,0.986661346629262,5,18
191,0.986661346629262,5,18
192,0.986661346629262,5,18
193,0.986661346629262,5,18
194,0.986661346629262,5,18
195,0.986661346629262,5,18
196,0.986661346629262,5,18
197,0.986661346629262,5,18
198,0.986661346629262,5,18
199,0.986661346629262,5,18
200,0.986661346629262,5,18
1,8.344650268554688e-07,1,19
2,1.3113021850585938e-06,1,19
3,1.3113021850585938e-06,1,19
4,1.3113021850585938e-06,1,19
5,1.3113021850585938e-06,1,19
6,5.4836273193359375e-06,1,19
7,5.4836273193359375e-06,1,19
8,5.4836273193359375e-06,1,19
9,5.4836273193359375e-06,1,19
10,5.4836273193359375e-06,1,19
11,6.67572021484375e-06,1,19
12,8.225440979003906e-06,1,19
13,8.225440979003906e-06,1,19
14,8.225440979003906e-06,1,19
15,8.225440979003906e-06,1,19
16,1.3947486877441406e-05,1,19
17,1.3947486877441406e-05,1,19
18,1.3947486877441406e-05,1,19
19,1.3947486877441406e-05,1,19
20,1.3947486877441406e-05,1,19
21,1.3947486877441406e-05,1,19
22,1.3947486877441406e-05,1,19
23,1.3947486877441406e-05,1,19
24,1.3947486877441406e-05,1,19
25,1.5497207641601562e-05,1,19
26,1.5497207641601562e-05,1,19
27,1.5497207641601562e-05,1,19
28,1.5497207641601562e-05,1,19
29,1.5497207641601562e-05,1,19
30,1.5497207641601562e-05,1,19
31,1.5735626220703125e-05,1,19
32,1.5735626220703125e-05,1,19
33,1.5735626220703125e-05,1,19
34,1.5735626220703125e-05,1,19
35,1.5735626220703125e-05,1,19
36,1.5735626220703125e-05,1,19
37,1.5735626220703125e-05,1,19
38,1.5735626220703125e-05,1,19
39,1.5735626220703125e-05,1,19
40,1.5735626220703125e-05,1,19
41,1.5735626220703125e-05,1,19
42,1.5735626220703125e-05,1,19
43,1.5735626220703125e-05,1,19
44,1.5735626220703125e-05,1,19
45,1.5735626220703125e-05,1,19
46,1.5735626220703125e-05,1,19
47,1.5735626220703125e-05,1,19
48,1.5735626220703125e-05,1,19
49,1.5735626220703125e-05,1,19
50,1.5735626220703125e-05,1,19
51,1.5735626220703125e-05,1,19
52,1.5735626220703125e-05,1,19
53,1.5735626220703125e-05,1,19
54,1.5735626220703125e-05,1,19
55,1.5735626220703125e-05,1,19
56,1.5735626220703125e-05,1,19
57,1.5735626220703125e-05,1,19
58,1.5735626220703125e-05,1,19
59,1.5735626220703125e-05,1,19
60,1.5854835510253906e-05,1,19
61,1.5854835510253906e-05,1,19
62,1.5854835510253906e-05,1,19
63,1.5854835510253906e-05,1,19
64,1.5854835510253906e-05,1,19
65,1.5854835510253906e-05,1,19
66,1.5854835510253906e-05,1,19
67,1.5854835510253906e-05,1,19
68,1.5854835510253906e-05,1,19
69,1.5854835510253906e-05,1,19
70,1.5854835510253906e-05,1,19
71,1.5854835510253906e-05,1,19
72,1.5854835510253906e-05,1,19
73,1.5854835510253906e-05,1,19
74,1.5854835510253906e-05,1,19
75,1.5854835510253906e-05,1,19
76,1.5854835510253906e-05,1,19
77,1.5854835510253906e-05,1,19
78,1.5854835510253906e-05,1,19
79,1.5854835510253906e-05,1,19
80,1.5854835510253906e-05,1,19
81,1.5854835510253906e-05,1,19
82,1.5854835510253906e-05,1,19
83,1.5854835510253906e-05,1,19
84,1.5854835510253906e-05,1,19
85,1.5854835510253906e-05,1,19
86,1.5854835510253906e-05,1,19
87,1.5854835510253906e-05,1,19
88,1.5854835510253906e-05,1,19
89,1.5854835510253906e-05,1,19
90,1.5854835510253906e-05,1,19
91,1.5854835510253906e-05,1,19
92,1.5854835510253906e-05,1,19
93,1.5854835510253906e-05,1,19
94,1.5854835510253906e-05,1,19
95,1.5854835510253906e-05,1,19
96,1.5854835510253906e-05,1,19
97,1.5854835510253906e-05,1,19
98,1.5854835510253906e-05,1,19
99,1.5854835510253906e-05,1,19
100,1.5854835510253906e-05,1,19
101,1.5854835510253906e-05,1,19
102,1.5854835510253906e-05,1,19
103,1.5854835510253906e-05,1,19
104,1.5854835510253906e-05,1,19
105,1.5854835510253906e-05,1,19
106,1.5854835510253906e-05,1,19
107,1.5854835510253906e-05,1,19
108,1.5854835510253906e-05,1,19
109,1.5854835510253906e-05,1,19
110,1.5854835510253906e-05,1,19
111,1.5854835510253906e-05,1,19
112,1.5854835510253906e-05,1,19
113,1.5854835510253906e-05,1,19
114,1.5854835510253906e-05,1,19
115,1.5854835510253906e-05,1,19
116,1.5854835510253906e-05,1,19
117,1.5854835510253906e-05,1,19
118,1.5854835510253906e-05,1,19
119,1.5854835510253906e-05,1,19
120,1.5854835510253906e-05,1,19
121,1.5854835510253906e-05,1,19
122,1.5854835510253906e-05,1,19
123,1.5854835510253906e-05,1,19
124,1.5854835510253906e-05,1,19
125,1.5854835510253906e-05,1,19
126,1.5854835510253906e-05,1,19
127,1.5854835510253906e-05,1,19
128,1.5854835510253906e-05,1,19
129,1.5854835510253906e-05,1,19
130,1.5854835510253906e-05,1,19
131,1.5854835510253906e-05,1,19
132,1.5854835510253906e-05,1,19
133,1.5854835510253906e-05,1,19
134,1.5854835510253906e-05,1,19
135,1.5854835510253906e-05,1,19
136,1.5854835510253906e-05,1,19
137,1.5854835510253906e-05,1,19
138,1.5854835510253906e-05,1,19
139,1.5854835510253906e-05,1,19
140,1.5854835510253906e-05,1,19
141,1.5854835510253906e-05,1,19
142,1.5854835510253906e-05,1,19
143,1.5854835510253906e-05,1,19
144,1.5854835510253906e-05,1,19
145,1.5854835510253906e-05,1,19
146,1.5854835510253906e-05,1,19
147,1.5854835510253906e-05,1,19
148,1.5854835510253906e-05,1,19
149,1.5854835510253906e-05,1,19
150,1.5854835510253906e-05,1,19
151,1.5854835510253906e-05,1,19
152,1.5854835510253906e-05,1,19
153,1.5854835510253906e-05,1,19
154,1.5854835510253906e-05,1,19
155,1.5854835510253906e-05,1,19
156,1.5854835510253906e-05,1,19
157,1.5854835510253906e-05,1,19
158,1.5854835510253906e-05,1,19
159,1.5854835510253906e-05,1,19
160,1.5854835510253906e-05,1,19
161,1.5854835510253906e-05,1,19
162,1.5854835510253906e-05,1,19
163,1.5854835510253906e-05,1,19
164,1.5854835510253906e-05,1,19
165,1.5854835510253906e-05,1,19
166,1.5854835510253906e-05,1,19
167,1.5854835510253906e-05,1,19
168,1.5854835510253906e-05,1,19
169,1.5854835510253906e-05,1,19
170,1.5854835510253906e-05,1,19
171,1.5854835510253906e-05,1,19
172,1.5854835510253906e-05,1,19
173,1.5854835510253906e-05,1,19
174,1.5854835510253906e-05,1,19
175,1.5854835510253906e-05,1,19
176,1.5854835510253906e-05,1,19
177,1.5854835510253906e-05,1,19
178,1.5854835510253906e-05,1,19
179,1.5854835510253906e-05,1,19
180,1.5854835510253906e-05,1,19
181,1.5854835510253906e-05,1,19
182,1.5854835510253906e-05,1,19
183,1.5854835510253906e-05,1,19
184,1.5854835510253906e-05,1,19
185,1.5854835510253906e-05,1,19
186,1.5854835510253906e-05,1,19
187,1.5854835510253906e-05,1,19
188,1.5854835510253906e-05,1,19
189,1.5854835510253906e-05,1,19
190,1.5854835510253906e-05,1,19
191,1.5854835510253906e-05,1,19
192,1.5854835510253906e-05,1,19
193,1.5854835510253906e-05,1,19
194,1.5854835510253906e-05,1,19
195,1.5854835510253906e-05,1,19
196,1.5854835510253906e-05,1,19
197,1.5854835510253906e-05,1,19
198,1.5854835510253906e-05,1,19
199,1.5854835510253906e-05,1,19
200,1.5854835510253906e-05,1,19
1,1.1920928955078125e-07,1,20
2,1.1920928955078125e-07,1,20
3,1.1920928955078125e-07,1,20
4,8.344650268554688e-07,1,20
5,8.344650268554688e-07,1,20
6,8.344650268554688e-07,1,20
7,9.5367431640625e-07,1,20
8,9.5367431640625e-07,1,20
9,9.5367431640625e-07,1,20
10,9.5367431640625e-07,1,20
11,9.5367431640625e-07,1,20
12,1.9073486328125e-06,1,20
13,1.9073486328125e-06,1,20
14,1.9073486328125e-06,1,20
15,1.9073486328125e-06,1,20
16,1.9073486328125e-06,1,20
17,1.9073486328125e-06,1,20
18,1.9073486328125e-06,1,20
19,1.9073486328125e-06,1,20
20,1.9073486328125e-06,1,20
21,1.9073486328125e-06,1,20
22,1.9073486328125e-06,1,20
23,1.9073486328125e-06,1,20
24,1.9073486328125e-06,1,20
25,1.9073486328125e-06,1,20
26,1.9073486328125e-06,1,20
27,1.9073486328125e-06,1,20
28,3.933906555175781e-06,1,20
29,3.933906555175781e-06,1,20
30,3.933906555175781e-06,1,20
31,3.933906555175781e-06,1,20
32,3.933906555175781e-06,1,20
33,3.933906555175781e-06,1,20
34,3.933906555175781e-06,1,20
35,3.933906555175781e-06,1,20
36,3.933906555175781e-06,1,20
37,3.933906555175781e-06,1,20
38,3.933906555175781e-06,1,20
39,3.933906555175781e-06,1,20
40,3.933906555175781e-06,1,20
41,3.933906555175781e-06,1,20
42,3.933906555175781e-06,1,20
43,3.933906555175781e-06,1,20
44,3.933906555175781e-06,1,20
45,3.933906555175781e-06,1,20
46,3.933906555175781e-06,1,20
47,3.933906555175781e-06,1,20
48,3.933906555175781e-06,1,20
49,3.933906555175781e-06,1,20
50,3.933906555175781e-06,1,20
51,3.933906555175781e-06,1,20
52,3.933906555175781e-06,1,20
53,3.933906555175781e-06,1,20
54,3.933906555175781e-06,1,20
55,3.933906555175781e-06,1,20
56,3.933906555175781e-06,1,20
57,3.933906555175781e-06,1,20
58,3.933906555175781e-06,1,20
59,3.933906555175781e-06,1,20
60,3.933906555175781e-06,1,20
61,3.933906555175781e-06,1,20
62,3.933906555175781e-06,1,20
63,3.933906555175781e-06,1,20
64,3.933906555175781e-06,1,20
65,3.933906555175781e-06,1,20
66,3.933906555175781e-06,1,20
67,3.933906555175781e-06,1,20
68,3.933906555175781e-06,1,20
69,3.933906555175781e-06,1,20
70,3.933906555175781e-06,1,20
71,3.933906555175781e-06,1,20
72,3.933906555175781e-06,1,20
73,3.933906555175781e-06,1,20
74,3.933906555175781e-06,1,20
75,3.933906555175781e-06,1,20
76,3.933906555175781e-06,1,20
77,3.933906555175781e-06,1,20
78,3.933906555175781e-06,1,20
79,3.933906555175781e-06,1,20
80,3.933906555175781e-06,1,20
81,3.933906555175781e-06,1,20
82,3.933906555175781e-06,1,20
83,3.933906555175781e-06,1,20
84,3.933906555175781e-06,1,20
85,3.933906555175781e-06,1,20
86,3.933906555175781e-06,1,20
87,3.933906555175781e-06,1,20
88,3.933906555175781e-06,1,20
89,3.933906555175781e-06,1,20
90,3.933906555175781e-06,1,20
91,3.933906555175781e-06,1,20
92,3.933906555175781e-06,1,20
93,3.933906555175781e-06,1,20
94,3.933906555175781e-06,1,20
95,3.933906555175781e-06,1,20
96,3.933906555175781e-06,1,20
97,3.933906555175781e-06,1,20
98,3.933906555175781e-06,1,20
99,3.933906555175781e-06,1,20
100,3.933906555175781e-06,1,20
101,3.933906555175781e-06,1,20
102,3.933906555175781e-06,1,20
103,3.933906555175781e-06,1,20
104,3.933906555175781e-06,1,20
105,3.933906555175781e-06,1,20
106,3.933906555175781e-06,1,20
107,3.933906555175781e-06,1,20
108,3.933906555175781e-06,1,20
109,3.933906555175781e-06,1,20
110,3.933906555175781e-06,1,20
111,3.933906555175781e-06,1,20
112,3.933906555175781e-06,1,20
113,3.933906555175781e-06,1,20
114,3.933906555175781e-06,1,20
115,3.933906555175781e-06,1,20
116,3.933906555175781e-06,1,20
117,3.933906555175781e-06,1,20
118,3.933906555175781e-06,1,20
119,3.933906555175781e-06,1,20
120,3.933906555175781e-06,1,20
121,3.933906555175781e-06,1,20
122,3.933906555175781e-06,1,20
123,3.933906555175781e-06,1,20
124,3.933906555175781e-06,1,20
125,3.933906555175781e-06,1,20
126,3.933906555175781e-06,1,20
127,3.933906555175781e-06,1,20
128,3.933906555175781e-06,1,20
129,3.933906555175781e-06,1,20
130,3.933906555175781e-06,1,20
131,3.933906555175781e-06,1,20
132,3.933906555175781e-06,1,20
133,3.933906555175781e-06,1,20
134,3.933906555175781e-06,1,20
135,3.933906555175781e-06,1,20
136,3.933906555175781e-06,1,20
137,3.933906555175781e-06,1,20
138,3.933906555175781e-06,1,20
139,3.933906555175781e-06,1,20
140,3.933906555175781e-06,1,20
141,3.933906555175781e-06,1,20
142,3.933906555175781e-06,1,20
143,3.933906555175781e-06,1,20
144,3.933906555175781e-06,1,20
145,3.933906555175781e-06,1,20
146,3.933906555175781e-06,1,20
147,3.933906555175781e-06,1,20
148,3.933906555175781e-06,1,20
149,3.933906555175781e-06,1,20
150,3.933906555175781e-06,1,20
151,3.933906555175781e-06,1,20
152,3.933906555175781e-06,1,20
153,3.933906555175781e-06,1,20
154,3.933906555175781e-06,1,20
155,3.933906555175781e-06,1,20
156,3.933906555175781e-06,1,20
157,3.933906555175781e-06,1,20
158,3.933906555175781e-06,1,20
159,3.933906555175781e-06,1,20
160,3.933906555175781e-06,1,20
161,3.933906555175781e-06,1,20
162,3.933906555175781e-06,1,20
163,3.933906555175781e-06,1,20
164,3.933906555175781e-06,1,20
165,3.933906555175781e-06,1,20
166,3.933906555175781e-06,1,20
167,3.933906555175781e-06,1,20
168,3.933906555175781e-06,1,20
169,3.933906555175781e-06,1,20
170,3.933906555175781e-06,1,20
171,3.933906555175781e-06,1,20
172,3.933906555175781e-06,1,20
173,3.933906555175781e-06,1,20
174,3.933906555175781e-06,1,20
175,3.933906555175781e-06,1,20
176,3.933906555175781e-06,1,20
177,3.933906555175781e-06,1,20
178,3.933906555175781e-06,1,20
179,3.933906555175781e-06,1,20
180,3.933906555175781e-06,1,20
181,3.933906555175781e-06,1,20
182,3.933906555175781e-06,1,20
183,3.933906555175781e-06,1,20
184,3.933906555175781e-06,1,20
185,3.933906555175781e-06,1,20
186,3.933906555175781e-06,1,20
187,3.933906555175781e-06,1,20
188,3.933906555175781e-06,1,20
189,3.933906555175781e-06,1,20
190,3.933906555175781e-06,1,20
191,3.933906555175781e-06,1,20
192,3.933906555175781e-06,1,20
193,3.933906555175781e-06,1,20
194,3.933906555175781e-06,1,20
195,3.933906555175781e-06,1,20
196,3.933906555175781e-06,1,20
197,3.933906555175781e-06,1,20
198,3.933906555175781e-06,1,20
199,3.933906555175781e-06,1,20
200,3.933906555175781e-06,1,20
1,0.001191854476928711,1,21
2,0.001195669174194336,1,21
3,0.0014694929122924805,1,21
4,0.0017456412315368652,1,21
5,0.0017678141593933105,1,21
6,0.001781165599822998,1,21
7,0.0018469691276550293,1,21
8,0.0018469691276550293,1,21
9,0.0030249357223510742,1,21
10,0.0034297704696655273,1,21
11,0.006565213203430176,1,21
12,0.007750272750854492,1,21
13,0.007750272750854492,1,21
14,0.007750272750854492,1,21
15,0.007750272750854492,1,21
16,0.007750272750854492,1,21
17,0.007750272750854492,1,21
18,0.007750272750854492,1,21
19,0.007750272750854492,1,21
20,0.007750272750854492,1,21
21,0.007750272750854492,1,21
22,0.007750272750854492,1,21
23,0.007887005805969238,1,21
24,0.00807720422744751,1,21
25,0.00807720422744751,1,21
26,0.00807720422744751,1,21
27,0.00807720422744751,1,21
28,0.00807720422744751,1,21
29,0.00807720422744751,1,21
30,0.009124755859375,1,21
31,0.009124755859375,1,21
32,0.009124755859375,1,21
33,0.009124755859375,1,21
34,0.009124755859375,1,21
35,0.012695729732513428,1,21
36,0.019510090351104736,1,21
37,0.02101069688796997,1,21
38,0.02101069688796997,1,21
39,0.02101069688796997,1,21
40,0.02101069688796997,1,21
41,0.021080851554870605,1,21
42,0.021080851554870605,1,21
43,0.021080851554870605,1,21
44,0.021080851554870605,1,21
45,0.021080851554870605,1,21
46,0.021080851554870605,1,21
47,0.021080851554870605,1,21
48,0.021080851554870605,1,21
49,0.021080851554870605,1,21
50,0.02196180820465088,1,21
51,0.02196180820465088,1,21
52,0.02196180820465088,1,21
53,0.07987195253372192,2,21
54,0.07987195253372192,2,21
55,0.07987195253372192,2,21
56,0.07987195253372192,2,21
57,0.07987195253372192,2,21
58,0.1602877378463745,2,21
59,0.31581389904022217,3,21
60,0.31581389904022217,3,21
61,0.6951901614665985,4,21
62,0.6951901614665985,4,21
63,0.6951901614665985,4,21
64,0.6951901614665985,4,21
65,0.7329160571098328,4,21
66,0.7407809495925903,4,21
67,0.7407809495925903,4,21
68,0.7719721496105194,4,21
69,0.8573765903711319,5,21
70,0.8871507719159126,4,21
71,0.8948191702365875,4,21
72,0.8948191702365875,4,21
73,0.8948191702365875,4,21
74,0.9914206406101584,6,21
75,0.9452414289116859,4,21
76,0.9452414289116859,4,21
77,0.9492100775241852,4,21
78,0.9492100775241852,4,21
79,0.9492100775241852,4,21
80,0.9492100775241852,4,21
81,0.9492100775241852,4,21
82,0.9492100775241852,4,21
83,0.9524389877915382,4,21
84,0.9524389877915382,4,21
85,0.9524389877915382,4,21
86,0.9524389877915382,4,21
87,0.9524389877915382,4,21
88,0.9524389877915382,4,21
89,0.9524389877915382,4,21
90,0.9524389877915382,4,21
91,0.9553494490683079,4,21
92,0.9631551653146744,4,21
93,0.9631551653146744,4,21
94,0.9631551653146744,4,21
95,0.9631551653146744,4,21
96,0.9631551653146744,4,21
97,0.9631551653146744,4,21
98,0.9763651173561811,4,21
99,0.9763651173561811,4,21
100,0.9763651173561811,4,21
101,0.9763651173561811,4,21
102,0.9763651173561811,4,21
103,0.9763651173561811,4,21
104,0.9763651173561811,4,21
105,0.9763651173561811,4,21
106,0.9763651173561811,4,21
107,0.9763651173561811,4,21
108,0.9763651173561811,4,21
109,0.9763651173561811,4,21
110,0.9763651173561811,4,21
111,0.9763651173561811,4,21
112,0.9763651173561811,4,21
113,0.9763651173561811,4,21
114,0.9763651173561811,4,21
115,0.9763651173561811,4,21
116,0.9763651173561811,4,21
117,0.9763651173561811,4,21
118,0.9763651173561811,4,21
119,0.9763651173561811,4,21
120,0.9763651173561811,4,21
121,0.9763651173561811,4,21
122,0.9763651173561811,4,21
123,0.9763651173561811,4,21
124,0.979276156052947,4,21
125,0.979276156052947,4,21
126,0.979276156052947,4,21
127,0.979276156052947,4,21
128,0.979276156052947,4,21
129,0.979276156052947,4,21
130,0.979276156052947,4,21
131,0.979276156052947,4,21
132,0.979276156052947,4,21
133,0.979276156052947,4,21
134,0.979276156052947,4,21
135,0.979276156052947,4,21
136,0.979276156052947,4,21
137,0.979276156052947,4,21
138,0.979276156052947,4,21
139,0.979276156052947,4,21
140,0.979276156052947,4,21
141,0.979276156052947,4,21
142,0.979276156052947,4,21
143,0.979276156052947,4,21
144,0.97994539514184,4,21
145,0.97994539514184,4,21
146,0.97994539514184,4,21
147,0.97994539514184,4,21
148,0.97994539514184,4,21
149,0.97994539514184,4,21
150,0.97994539514184,4,21
151,0.97994539514184,4,21
152,0.97994539514184,4,21
153,0.97994539514184,4,21
154,0.97994539514184,4,21
155,0.97994539514184,4,21
156,0.97994539514184,4,21
157,0.97994539514184,4,21
158,0.97994539514184,4,21
159,0.97994539514184,4,21
160,0.97994539514184,4,21
161,0.97994539514184,4,21
162,0.97994539514184,4,21
163,0.97994539514184,4,21
164,0.97994539514184,4,21
165,0.97994539514184,4,21
166,0.97994539514184,4,21
167,0.9816729556769133,4,21
168,0.9816729556769133,4,21
169,0.9816729556769133,4,21
170,0.9816729556769133,4,21
171,0.9816729556769133,4,21
172,0.9816729556769133,4,21
173,0.9816729556769133,4,21
174,0.9816729556769133,4,21
175,0.9816729556769133,4,21
176,0.9816729556769133,4,21
177,0.9816729556769133,4,21
178,0.9816729556769133,4,21
179,0.9816729556769133,4,21
180,0.9816729556769133,4,21
181,0.9824282042682171,4,21
182,0.9824282042682171,4,21
183,0.9824282042682171,4,21
184,0.9824282042682171,4,21
185,0.9824282042682171,4,21
186,0.9824282042682171,4,21
187,0.9824282042682171,4,21
188,0.9824282042682171,4,21
189,0.9824282042682171,4,21
190,0.9824282042682171,4,21
191,0.9824282042682171,4,21
192,0.9824282042682171,4,21
193,0.9824282042682171,4,21
194,0.9824282042682171,4,21
195,0.9824282042682171,4,21
196,0.9824282042682171,4,21
197,0.9824282042682171,4,21
198,0.9824282042682171,4,21
199,0.9824282042682171,4,21
200,0.9824282042682171,4,21
1,0.0,1,22
2,0.0,1,22
3,0.0,1,22
4,0.0,1,22
5,0.0,1,22
6,0.0,1,22
7,0.0,1,22
8,1.1920928955078125e-07,1,22
9,2.384185791015625e-07,1,22
10,2.384185791015625e-07,1,22
11,2.384185791015625e-07,1,22
12,2.384185791015625e-07,1,22
13,2.384185791015625e-07,1,22
14,2.384185791015625e-07,1,22
15,3.5762786865234375e-07,1,22
16,3.5762786865234375e-07,1,22
17,3.5762786865234375e-07,1,22
18,3.5762786865234375e-07,1,22
19,3.5762786865234375e-07,1,22
20,3.5762786865234375e-07,1,22
21,3.5762786865234375e-07,1,22
22,3.5762786865234375e-07,1,22
23,3.5762786865234375e-07,1,22
24,3.5762786865234375e-07,1,22
25,3.5762786865234375e-07,1,22
26,3.5762786865234375e-07,1,22
27,3.5762786865234375e-07,1,22
28,3.5762786865234375e-07,1,22
29,3.5762786865234375e-07,1,22
30,3.5762786865234375e-07,1,22
31,3.5762786865234375e-07,1,22
32,3.5762786865234375e-07,1,22
33,3.5762786865234375e-07,1,22
34,3.5762786865234375e-07,1,22
35,3.5762786865234375e-07,1,22
36,3.5762786865234375e-07,1,22
37,3.5762786865234375e-07,1,22
38,3.5762786865234375e-07,1,22
39,3.5762786865234375e-07,1,22
40,3.5762786865234375e-07,1,22
41,3.5762786865234375e-07,1,22
42,3.5762786865234375e-07,1,22
43,3.5762786865234375e-07,1,22
44,3.5762786865234375e-07,1,22
45,3.5762786865234375e-07,1,22
46,3.5762786865234375e-07,1,22
47,3.5762786865234375e-07,1,22
48,3.5762786865234375e-07,1,22
49,3.5762786865234375e-07,1,22
50,3.5762786865234375e-07,1,22
51,3.5762786865234375e-07,1,22
52,3.5762786865234375e-07,1,22
53,3.5762786865234375e-07,1,22
54,3.5762786865234375e-07,1,22
55,3.5762786865234375e-07,1,22
56,3.5762786865234375e-07,1,22
57,3.5762786865234375e-07,1,22
58,3.5762786865234375e-07,1,22
59,3.5762786865234375e-07,1,22
60,3.5762786865234375e-07,1,22
61,3.5762786865234375e-07,1,22
62,3.5762786865234375e-07,1,22
63,3.5762786865234375e-07,1,22
64,3.5762786865234375e-07,1,22
65,3.5762786865234375e-07,1,22
66,3.5762786865234375e-07,1,22
67,3.5762786865234375e-07,1,22
68,3.5762786865234375e-07,1,22
69,3.5762786865234375e-07,1,22
70,3.5762786865234375e-07,1,22
71,3.5762786865234375e-07,1,22
72,3.5762786865234375e-07,1,22
73,3.5762786865234375e-07,1,22
74,3.5762786865234375e-07,1,22
75,3.5762786865234375e-07,1,22
76,3.5762786865234375e-07,1,22
77,3.5762786865234375e-07,1,22
78,3.5762786865234375e-07,1,22
79,3.5762786865234375e-07,1,22
80,3.5762786865234375e-07,1,22
81,3.5762786865234375e-07,1,22
82,3.5762786865234375e-07,1,22
83,3.5762786865234375e-07,1,22
84,3.5762786865234375e-07,1,22
85,3.5762786865234375e-07,1,22
86,3.5762786865234375e-07,1,22
87,3.5762786865234375e-07,1,22
88,3.5762786865234375e-07,1,22
89,3.5762786865234375e-07,1,22
90,3.5762786865234375e-07,1,22
91,3.5762786865234375e-07,1,22
92,3.5762786865234375e-07,1,22
93,3.5762786865234375e-07,1,22
94,3.5762786865234375e-07,1,22
95,3.5762786865234375e-07,1,22
96,3.5762786865234375e-07,1,22
97,3.5762786865234375e-07,1,22
98,3.5762786865234375e-07,1,22
99,3.5762786865234375e-07,1,22
100,3.5762786865234375e-07,1,22
101,3.5762786865234375e-07,1,22
102,3.5762786865234375e-07,1,22
103,3.5762786865234375e-07,1,22
104,3.5762786865234375e-07,1,22
105,3.5762786865234375e-07,1,22
106,3.5762786865234375e-07,1,22
107,3.5762786865234375e-07,1,22
108,3.5762786865234375e-07,1,22
109,3.5762786865234375e-07,1,22
110,3.5762786865234375e-07,1,22
111,3.5762786865234375e-07,1,22
112,3.5762786865234375e-07,1,22
113,3.5762786865234375e-07,1,22
114,3.5762786865234375e-07,1,22
115,3.5762786865234375e-07,1,22
116,3.5762786865234375e-07,1,22
117,3.5762786865234375e-07,1,22
118,3.5762786865234375e-07,1,22
119,3.5762786865234375e-07,1,22
120,3.5762786865234375e-07,1,22
121,3.5762786865234375e-07,1,22
122,3.5762786865234375e-07,1,22
123,3.5762786865234375e-07,1,22
124,3.5762786865234375e-07,1,22
125,3.5762786865234375e-07,1,22
126,3.5762786865234375e-07,1,22
127,3.5762786865234375e-07,1,22
128,3.5762786865234375e-07,1,22
129,3.5762786865234375e-07,1,22
130,3.5762786865234375e-07,1,22
131,3.5762786865234375e-07,1,22
132,3.5762786865234375e-07,1,22
133,3.5762786865234375e-07,1,22
134,3.5762786865234375e-07,1,22
135,3.5762786865234375e-07,1,22
136,3.5762786865234375e-07,1,22
137,3.5762786865234375e-07,1,22
138,3.5762786865234375e-07,1,22
139,3.5762786865234375e-07,1,22
140,3.5762786865234375e-07,1,22
141,3.5762786865234375e-07,1,22
142,3.5762786865234375e-07,1,22
143,3.5762786865234375e-07,1,22
144,3.5762786865234375e-07,1,22
145,3.5762786865234375e-07,1,22
146,3.5762786865234375e-07,1,22
147,3.5762786865234375e-07,1,22
148,3.5762786865234375e-07,1,22
149,3.5762786865234375e-07,1,22
150,3.5762786865234375e-07,1,22
151,3.5762786865234375e-07,1,22
152,3.5762786865234375e-07,1,22
153,3.5762786865234375e-07,1,22
154,3.5762786865234375e-07,1,22
155,3.5762786865234375e-07,1,22
156,3.5762786865234375e-07,1,22
157,3.5762786865234375e-07,1,22
158,3.5762786865234375e-07,1,22
159,3.5762786865234375e-07,1,22
160,3.5762786865234375e-07,1,22
161,3.5762786865234375e-07,1,22
162,3.5762786865234375e-07,1,22
163,3.5762786865234375e-07,1,22
164,3.5762786865234375e-07,1,22
165,3.5762786865234375e-07,1,22
166,3.5762786865234375e-07,1,22
167,3.5762786865234375e-07,1,22
168,3.5762786865234375e-07,1,22
169,3.5762786865234375e-07,1,22
170,3.5762786865234375e-07,1,22
171,3.5762786865234375e-07,1,22
172,3.5762786865234375e-07,1,22
173,3.5762786865234375e-07,1,22
174,3.5762786865234375e-07,1,22
175,3.5762786865234375e-07,1,22
176,3.5762786865234375e-07,1,22
177,3.5762786865234375e-07,1,22
178,3.5762786865234375e-07,1,22
179,3.5762786865234375e-07,1,22
180,3.5762786865234375e-07,1,22
181,3.5762786865234375e-07,1,22
182,3.5762786865234375e-07,1,22
183,3.5762786865234375e-07,1,22
184,3.5762786865234375e-07,1,22
185,3.5762786865234375e-07,1,22
186,3.5762786865234375e-07,1,22
187,3.5762786865234375e-07,1,22
188,3.5762786865234375e-07,1,22
189,3.5762786865234375e-07,1,22
190,3.5762786865234375e-07,1,22
191,3.5762786865234375e-07,1,22
192,3.5762786865234375e-07,1,22
193,3.5762786865234375e-07,1,22
194,3.5762786865234375e-07,1,22
195,3.5762786865234375e-07,1,22
196,3.5762786865234375e-07,1,22
197,3.5762786865234375e-07,1,22
198,3.5762786865234375e-07,1,22
199,3.5762786865234375e-07,1,22
200,3.5762786865234375e-07,1,22
1,0.0,1,23
2,1.1920928955078125e-07,1,23
3,1.1920928955078125e-07,1,23
4,1.1920928955078125e-07,1,23
5,3.5762786865234375e-07,1,23
6,5.960464477539062e-07,1,23
7,5.960464477539062e-07,1,23
8,5.960464477539062e-07,1,23
9,5.960464477539062e-07,1,23
10,5.960464477539062e-07,1,23
11,5.960464477539062e-07,1,23
12,5.960464477539062e-07,1,23
13,5.960464477539062e-07,1,23
14,5.960464477539062e-07,1,23
15,5.960464477539062e-07,1,23
16,5.960464477539062e-07,1,23
17,5.960464477539062e-07,1,23
18,5.960464477539062e-07,1,23
19,5.960464477539062e-07,1,23
20,1.1920928955078125e-06,1,23
21,1.1920928955078125e-06,1,23
22,1.1920928955078125e-06,1,23
23,1.1920928955078125e-06,1,23
24,1.1920928955078125e-06,1,23
25,1.1920928955078125e-06,1,23
26,1.1920928955078125e-06,1,23
27,1.1920928955078125e-06,1,23
28,1.1920928955078125e-06,1,23
29,1.1920928955078125e-06,1,23
30,1.1920928955078125e-06,1,23
31,1.1920928955078125e-06,1,23
32,1.1920928955078125e-06,1,23
33,1.1920928955078125e-06,1,23
34,1.1920928955078125e-06,1,23
35,1.1920928955078125e-06,1,23
36,1.1920928955078125e-06,1,23
37,1.1920928955078125e-06,1,23
38,1.1920928955078125e-06,1,23
39,1.1920928955078125e-06,1,23
40,1.1920928955078125e-06,1,23
41,1.1920928955078125e-06,1,23
42,1.1920928955078125e-06,1,23
43,1.1920928955078125e-06,1,23
44,1.1920928955078125e-06,1,23
45,1.1920928955078125e-06,1,23
46,1.1920928955078125e-06,1,23
47,1.1920928955078125e-06,1,23
48,1.1920928955078125e-06,1,23
49,1.1920928955078125e-06,1,23
50,1.1920928955078125e-06,1,23
51,1.1920928955078125e-06,1,23
52,1.1920928955078125e-06,1,23
53,1.1920928955078125e-06,1,23
54,1.1920928955078125e-06,1,23
55,1.1920928955078125e-06,1,23
56,1.1920928955078125e-06,1,23
57,1.1920928955078125e-06,1,23
58,1.1920928955078125e-06,1,23
59,1.1920928955078125e-06,1,23
60,1.1920928955078125e-06,1,23
61,1.1920928955078125e-06,1,23
62,1.1920928955078125e-06,1,23
63,1.1920928955078125e-06,1,23
64,1.1920928955078125e-06,1,23
65,1.1920928955078125e-06,1,23
66,1.1920928955078125e-06,1,23
67,1.1920928955078125e-06,1,23
68,1.1920928955078125e-06,1,23
69,1.1920928955078125e-06,1,23
70,1.1920928955078125e-06,1,23
71,1.1920928955078125e-06,1,23
72,1.1920928955078125e-06,1,23
73,1.3113021850585938e-06,1,23
74,1.3113021850585938e-06,1,23
75,1.3113021850585938e-06,1,23
76,1.3113021850585938e-06,1,23
77,1.3113021850585938e-06,1,23
78,1.3113021850585938e-06,1,23
79,1.3113021850585938e-06,1,23
80,1.3113021850585938e-06,1,23
81,1.3113021850585938e-06,1,23
82,1.3113021850585938e-06,1,23
83,1.3113021850585938e-06,1,23
84,1.3113021850585938e-06,1,23
85,1.3113021850585938e-06,1,23
86,1.3113021850585938e-06,1,23
87,1.3113021850585938e-06,1,23
88,1.3113021850585938e-06,1,23
89,1.3113021850585938e-06,1,23
90,1.3113021850585938e-06,1,23
91,1.3113021850585938e-06,1,23
92,1.3113021850585938e-06,1,23
93,1.3113021850585938e-06,1,23
94,1.3113021850585938e-06,1,23
95,1.3113021850585938e-06,1,23
96,1.3113021850585938e-06,1,23
97,1.3113021850585938e-06,1,23
98,1.3113021850585938e-06,1,23
99,1.3113021850585938e-06,1,23
100,1.3113021850585938e-06,1,23
101,1.3113021850585938e-06,1,23
102,1.3113021850585938e-06,1,23
103,1.3113021850585938e-06,1,23
104,1.3113021850585938e-06,1,23
105,1.3113021850585938e-06,1,23
106,1.3113021850585938e-06,1,23
107,1.3113021850585938e-06,1,23
108,1.3113021850585938e-06,1,23
109,1.3113021850585938e-06,1,23
110,1.3113021850585938e-06,1,23
111,1.3113021850585938e-06,1,23
112,1.3113021850585938e-06,1,23
113,1.3113021850585938e-06,1,23
114,1.3113021850585938e-06,1,23
115,1.3113021850585938e-06,1,23
116,1.3113021850585938e-06,1,23
117,1.3113021850585938e-06,1,23
118,1.3113021850585938e-06,1,23
119,1.3113021850585938e-06,1,23
120,1.3113021850585938e-06,1,23
121,1.3113021850585938e-06,1,23
122,1.3113021850585938e-06,1,23
123,1.3113021850585938e-06,1,23
124,1.3113021850585938e-06,1,23
125,1.3113021850585938e-06,1,23
126,1.3113021850585938e-06,1,23
127,1.3113021850585938e-06,1,23
128,1.3113021850585938e-06,1,23
129,1.3113021850585938e-06,1,23
130,1.3113021850585938e-06,1,23
131,1.3113021850585938e-06,1,23
132,1.3113021850585938e-06,1,23
133,1.3113021850585938e-06,1,23
134,1.3113021850585938e-06,1,23
135,1.3113021850585938e-06,1,23
136,1.3113021850585938e-06,1,23
137,1.3113021850585938e-06,1,23
138,1.3113021850585938e-06,1,23
139,1.3113021850585938e-06,1,23
140,1.3113021850585938e-06,1,23
141,1.3113021850585938e-06,1,23
142,1.3113021850585938e-06,1,23
143,1.3113021850585938e-06,1,23
144,1.3113021850585938e-06,1,23
145,1.3113021850585938e-06,1,23
146,1.3113021850585938e-06,1,23
147,1.3113021850585938e-06,1,23
148,1.3113021850585938e-06,1,23
149,1.3113021850585938e-06,1,23
150,1.3113021850585938e-06,1,23
151,1.3113021850585938e-06,1,23
152,1.3113021850585938e-06,1,23
153,1.3113021850585938e-06,1,23
154,1.3113021850585938e-06,1,23
155,1.3113021850585938e-06,1,23
156,1.3113021850585938e-06,1,23
157,1.3113021850585938e-06,1,23
158,1.3113021850585938e-06,1,23
159,1.3113021850585938e-06,1,23
160,1.3113021850585938e-06,1,23
161,1.3113021850585938e-06,1,23
162,1.3113021850585938e-06,1,23
163,1.3113021850585938e-06,1,23
164,1.3113021850585938e-06,1,23
165,1.3113021850585938e-06,1,23
166,1.3113021850585938e-06,1,23
167,1.3113021850585938e-06,1,23
168,1.3113021850585938e-06,1,23
169,1.3113021850585938e-06,1,23
170,1.3113021850585938e-06,1,23
171,1.3113021850585938e-06,1,23
172,1.3113021850585938e-06,1,23
173,1.3113021850585938e-06,1,23
174,1.3113021850585938e-06,1,23
175,1.3113021850585938e-06,1,23
176,1.3113021850585938e-06,1,23
177,1.3113021850585938e-06,1,23
178,1.3113021850585938e-06,1,23
179,1.3113021850585938e-06,1,23
180,1.3113021850585938e-06,1,23
181,1.3113021850585938e-06,1,23
182,1.3113021850585938e-06,1,23
183,1.3113021850585938e-06,1,23
184,1.3113021850585938e-06,1,23
185,1.3113021850585938e-06,1,23
186,1.3113021850585938e-06,1,23
187,1.3113021850585938e-06,1,23
188,1.3113021850585938e-06,1,23
189,1.3113021850585938e-06,1,23
190,1.3113021850585938e-06,1,23
191,1.3113021850585938e-06,1,23
192,1.3113021850585938e-06,1,23
193,1.3113021850585938e-06,1,23
194,1.3113021850585938e-06,1,23
195,1.3113021850585938e-06,1,23
196,1.3113021850585938e-06,1,23
197,1.3113021850585938e-06,1,23
198,1.3113021850585938e-06,1,23
199,1.3113021850585938e-06,1,23
200,1.3113021850585938e-06,1,23
1,1.5497207641601562e-06,1,24
2,1.5497207641601562e-06,1,24
3,1.6689300537109375e-06,1,24
4,2.9802322387695312e-06,1,24
5,2.9802322387695312e-06,1,24
6,2.9802322387695312e-06,1,24
7,3.5762786865234375e-06,1,24
8,3.5762786865234375e-06,1,24
9,3.5762786865234375e-06,1,24
10,3.814697265625e-06,1,24
11,3.814697265625e-06,1,24
12,3.814697265625e-06,1,24
13,3.933906555175781e-06,1,24
14,3.933906555175781e-06,1,24
15,5.245208740234375e-06,1,24
16,5.245208740234375e-06,1,24
17,5.245208740234375e-06,1,24
18,6.198883056640625e-06,1,24
19,6.198883056640625e-06,1,24
20,6.198883056640625e-06,1,24
21,6.198883056640625e-06,1,24
22,6.198883056640625e-06,1,24
23,6.198883056640625e-06,1,24
24,6.198883056640625e-06,1,24
25,6.198883056640625e-06,1,24
26,1.0848045349121094e-05,1,24
27,1.0848045349121094e-05,1,24
28,1.1205673217773438e-05,1,24
29,1.1205673217773438e-05,1,24
30,1.1205673217773438e-05,1,24
31,1.1205673217773438e-05,1,24
32,1.1205673217773438e-05,1,24
33,1.1205673217773438e-05,1,24
34,1.1205673217773438e-05,1,24
35,1.1205673217773438e-05,1,24
36,1.1205673217773438e-05,1,24
37,1.1205673217773438e-05,1,24
38,1.1205673217773438e-05,1,24
39,1.1324882507324219e-05,1,24
40,1.1324882507324219e-05,1,24
41,1.1324882507324219e-05,1,24
42,1.1324882507324219e-05,1,24
43,1.1324882507324219e-05,1,24
44,1.1324882507324219e-05,1,24
45,1.1324882507324219e-05,1,24
46,1.1324882507324219e-05,1,24
47,1.1324882507324219e-05,1,24
48,1.1324882507324219e-05,1,24
49,1.1324882507324219e-05,1,24
50,1.1324882507324219e-05,1,24
51,1.1324882507324219e-05,1,24
52,1.1324882507324219e-05,1,24
53,1.1324882507324219e-05,1,24
54,1.1324882507324219e-05,1,24
55,1.1324882507324219e-05,1,24
56,1.1324882507324219e-05,1,24
57,1.1324882507324219e-05,1,24
58,1.1324882507324219e-05,1,24
59,1.1324882507324219e-05,1,24
60,1.1324882507324219e-05,1,24
61,1.1324882507324219e-05,1,24
62,1.1324882507324219e-05,1,24
63,1.1324882507324219e-05,1,24
64,1.1324882507324219e-05,1,24
65,1.1324882507324219e-05,1,24
66,1.1324882507324219e-05,1,24
67,1.1324882507324219e-05,1,24
68,1.1324882507324219e-05,1,24
69,1.1324882507324219e-05,1,24
70,1.1324882507324219e-05,1,24
71,1.1324882507324219e-05,1,24
72,1.1324882507324219e-05,1,24
73,1.1324882507324219e-05,1,24
74,1.1324882507324219e-05,1,24
75,1.1324882507324219e-05,1,24
76,1.1324882507324219e-05,1,24
77,1.1324882507324219e-05,1,24
78,1.1324882507324219e-05,1,24
79,1.1324882507324219e-05,1,24
80,1.1324882507324219e-05,1,24
81,1.1324882507324219e-05,1,24
82,1.1324882507324219e-05,1,24
83,1.1324882507324219e-05,1,24
84,1.1324882507324219e-05,1,24
85,1.1324882507324219e-05,1,24
86,1.1324882507324219e-05,1,24
87,1.1324882507324219e-05,1,24
88,1.1324882507324219e-05,1,24
89,1.1324882507324219e-05,1,24
90,1.1324882507324219e-05,1,24
91,1.1324882507324219e-05,1,24
92,1.1324882507324219e-05,1,24
93,1.1324882507324219e-05,1,24
94,1.1324882507324219e-05,1,24
95,1.1324882507324219e-05,1,24
96,1.1324882507324219e-05,1,24
97,1.1324882507324219e-05,1,24
98,1.1324882507324219e-05,1,24
99,1.1324882507324219e-05,1,24
100,1.1324882507324219e-05,1,24
101,1.1324882507324219e-05,1,24
102,1.1324882507324219e-05,1,24
103,1.1324882507324219e-05,1,24
104,1.1324882507324219e-05,1,24
105,1.1324882507324219e-05,1,24
106,1.1324882507324219e-05,1,24
107,1.1324882507324219e-05,1,24
108,1.1324882507324219e-05,1,24
109,1.1324882507324219e-05,1,24
110,1.1324882507324219e-05,1,24
111,1.1324882507324219e-05,1,24
112,1.1324882507324219e-05,1,24
113,1.1324882507324219e-05,1,24
114,1.1324882507324219e-05,1,24
115,1.1324882507324219e-05,1,24
116,1.1324882507324219e-05,1,24
117,1.1324882507324219e-05,1,24
118,1.1324882507324219e-05,1,24
119,1.1324882507324219e-05,1,24
120,1.1324882507324219e-05,1,24
121,1.1324882507324219e-05,1,24
122,1.1324882507324219e-05,1,24
123,1.1324882507324219e-05,1,24
124,1.1324882507324219e-05,1,24
125,1.1324882507324219e-05,1,24
126,1.1324882507324219e-05,1,24
127,1.1324882507324219e-05,1,24
128,1.1324882507324219e-05,1,24
129,1.1324882507324219e-05,1,24
130,1.1324882507324219e-05,1,24
131,1.1324882507324219e-05,1,24
132,1.1324882507324219e-05,1,24
133,1.1324882507324219e-05,1,24
134,1.1324882507324219e-05,1,24
135,1.1324882507324219e-05,1,24
136,1.1324882507324219e-05,1,24
137,1.1324882507324219e-05,1,24
138,1.1324882507324219e-05,1,24
139,1.1324882507324219e-05,1,24
140,1.1324882507324219e-05,1,24
141,1.1324882507324219e-05,1,24
142,1.1324882507324219e-05,1,24
143,1.1324882507324219e-05,1,24
144,1.1324882507324219e-05,1,24
145,1.1324882507324219e-05,1,24
146,1.1324882507324219e-05,1,24
147,1.1324882507324219e-05,1,24
148,1.1324882507324219e-05,1,24
149,1.1324882507324219e-05,1,24
150,1.1324882507324219e-05,1,24
151,1.1324882507324219e-05,1,24
152,1.1324882507324219e-05,1,24
153,1.1324882507324219e-05,1,24
154,1.1324882507324219e-05,1,24
155,1.1324882507324219e-05,1,24
156,1.1324882507324219e-05,1,24
157,1.1324882507324219e-05,1,24
158,1.1324882507324219e-05,1,24
159,1.1324882507324219e-05,1,24
160,1.1324882507324219e-05,1,24
161,1.1324882507324219e-05,1,24
162,1.1324882507324219e-05,1,24
163,1.1324882507324219e-05,1,24
164,1.1324882507324219e-05,1,24
165,1.1324882507324219e-05,1,24
166,1.1324882507324219e-05,1,24
167,1.1324882507324219e-05,1,24
168,1.1324882507324219e-05,1,24
169,1.1324882507324219e-05,1,24
170,1.1324882507324219e-05,1,24
171,1.1324882507324219e-05,1,24
172,1.1324882507324219e-05,1,24
173,1.1324882507324219e-05,1,24
174,1.1324882507324219e-05,1,24
175,1.1324882507324219e-05,1,24
176,1.1324882507324219e-05,1,24
177,1.1324882507324219e-05,1,24
178,1.1324882507324219e-05,1,24
179,1.1324882507324219e-05,1,24
180,1.1324882507324219e-05,1,24
181,1.1324882507324219e-05,1,24
182,1.1324882507324219e-05,1,24
183,1.1324882507324219e-05,1,24
184,1.1324882507324219e-05,1,24
185,1.1324882507324219e-05,1,24
186,1.1324882507324219e-05,1,24
187,1.1324882507324219e-05,1,24
188,1.1324882507324219e-05,1,24
189,1.1324882507324219e-05,1,24
190,1.1324882507324219e-05,1,24
191,1.1324882507324219e-05,1,24
192,1.1324882507324219e-05,1,24
193,1.1324882507324219e-05,1,24
194,1.1324882507324219e-05,1,24
195,1.1324882507324219e-05,1,24
196,1.1324882507324219e-05,1,24
197,1.1324882507324219e-05,1,24
198,1.1324882507324219e-05,1,24
199,1.1324882507324219e-05,1,24
200,1.1324882507324219e-05,1,24
1,1.430511474609375e-05,1,25
2,2.7298927307128906e-05,1,25
3,2.7298927307128906e-05,1,25
4,4.410743713378906e-05,1,25
5,4.410743713378906e-05,1,25
6,0.0001264810562133789,1,25
7,0.0001264810562133789,1,25
8,0.0001264810562133789,1,25
9,0.00019234418869018555,1,25
10,0.00019234418869018555,1,25
11,0.00028008222579956055,1,25
12,0.00028008222579956055,1,25
13,0.00028008222579956055,1,25
14,0.00028008222579956055,1,25
15,0.00028008222579956055,1,25
16,0.00028008222579956055,1,25
17,0.00028008222579956055,1,25
18,0.00028008222579956055,1,25
19,0.00028008222579956055,1,25
20,0.00028008222579956055,1,25
21,0.00028008222579956055,1,25
22,0.0006078481674194336,1,25
23,0.0006078481674194336,1,25
24,0.0006134510040283203,1,25
25,0.0006134510040283203,1,25
26,0.0006134510040283203,1,25
27,0.0006134510040283203,1,25
28,0.0006134510040283203,1,25
29,0.0006134510040283203,1,25
30,0.000614166259765625,1,25
31,0.000614166259765625,1,25
32,0.000614166259765625,1,25
33,0.000614166259765625,1,25
34,0.000614166259765625,1,25
35,0.000614166259765625,1,25
36,0.000614166259765625,1,25
37,0.000614166259765625,1,25
38,0.000614166259765625,1,25
39,0.0006153583526611328,1,25
40,0.0006153583526611328,1,25
41,0.0006153583526611328,1,25
42,0.0006153583526611328,1,25
43,0.0006153583526611328,1,25
44,0.0006153583526611328,1,25
45,0.0006153583526611328,1,25
46,0.0006153583526611328,1,25
47,0.0006165504455566406,1,25
48,0.0006165504455566406,1,25
49,0.0006165504455566406,1,25
50,0.0006165504455566406,1,25
51,0.0006165504455566406,1,25
52,0.0006165504455566406,1,25
53,0.0006165504455566406,1,25
54,0.0006165504455566406,1,25
55,0.0006167888641357422,1,25
56,0.0006167888641357422,1,25
57,0.0006167888641357422,1,25
58,0.0006167888641357422,1,25
59,0.0006167888641357422,1,25
60,0.0006167888641357422,1,25
61,0.0006167888641357422,1,25
62,0.0006167888641357422,1,25
63,0.0006167888641357422,1,25
64,0.0006167888641357422,1,25
65,0.0006167888641357422,1,25
66,0.0006167888641357422,1,25
67,0.0006167888641357422,1,25
68,0.0006167888641357422,1,25
69,0.0006167888641357422,1,25
70,0.0006167888641357422,1,25
71,0.0006167888641357422,1,25
72,0.0006167888641357422,1,25
73,0.0006167888641357422,1,25
74,0.0006167888641357422,1,25
75,0.0006167888641357422,1,25
76,0.0006167888641357422,1,25
77,0.0006167888641357422,1,25
78,0.0006167888641357422,1,25
79,0.0006167888641357422,1,25
80,0.0006167888641357422,1,25
81,0.0006167888641357422,1,25
82,0.0006167888641357422,1,25
83,0.0006167888641357422,1,25
84,0.0006167888641357422,1,25
85,0.0006167888641357422,1,25
86,0.0006167888641357422,1,25
87,0.0006167888641357422,1,25
88,0.0006167888641357422,1,25
89,0.0006167888641357422,1,25
90,0.0006167888641357422,1,25
91,0.0006167888641357422,1,25
92,0.0006167888641357422,1,25
93,0.0006167888641357422,1,25
94,0.0006167888641357422,1,25
95,0.0006167888641357422,1,25
96,0.0006167888641357422,1,25
97,0.0006167888641357422,1,25
98,0.0006167888641357422,1,25
99,0.0006167888641357422,1,25
100,0.0006167888641357422,1,25
101,0.0006167888641357422,1,25
102,0.0006167888641357422,1,25
103,0.0006167888641357422,1,25
104,0.0006167888641357422,1,25
105,0.0006167888641357422,1,25
106,0.0006167888641357422,1,25
107,0.0006167888641357422,1,25
108,0.0006167888641357422,1,25
109,0.0006167888641357422,1,25
110,0.0006167888641357422,1,25
111,0.0006167888641357422,1,25
112,0.0006167888641357422,1,25
113,0.0006167888641357422,1,25
114,0.0006167888641357422,1,25
115,0.0006167888641357422,1,25
116,0.0006167888641357422,1,25
117,0.0006167888641357422,1,25
118,0.0006167888641357422,1,25
119,0.0006167888641357422,1,25
120,0.0006167888641357422,1,25
121,0.0006167888641357422,1,25
122,0.0006167888641357422,1,25
123,0.0006167888641357422,1,25
124,0.0006167888641357422,1,25
125,0.0006167888641357422,1,25
126,0.0006167888641357422,1,25
127,0.0006167888641357422,1,25
128,0.0006167888641357422,1,25
129,0.0006167888641357422,1,25
130,0.0006167888641357422,1,25
131,0.0006167888641357422,1,25
132,0.0006167888641357422,1,25
133,0.0006167888641357422,1,25
134,0.0006167888641357422,1,25
135,0.0006167888641357422,1,25
136,0.0006167888641357422,1,25
137,0.0006167888641357422,1,25
138,0.0006167888641357422,1,25
139,0.0006167888641357422,1,25
140,0.0006167888641357422,1,25
141,0.0006167888641357422,1,25
142,0.0006167888641357422,1,25
143,0.0006167888641357422,1,25
144,0.0006167888641357422,1,25
145,0.0006167888641357422,1,25
146,0.0006167888641357422,1,25
147,0.0006167888641357422,1,25
148,0.0006167888641357422,1,25
149,0.0006167888641357422,1,25
150,0.0006167888641357422,1,25
151,0.0006167888641357422,1,25
152,0.0006167888641357422,1,25
153,0.0006167888641357422,1,25
154,0.0006167888641357422,1,25
155,0.0006167888641357422,1,25
156,0.0006167888641357422,1,25
157,0.0006167888641357422,1,25
158,0.0006167888641357422,1,25
159,0.0006167888641357422,1,25
160,0.0006167888641357422,1,25
161,0.0006167888641357422,1,25
162,0.0006167888641357422,1,25
163,0.0006167888641357422,1,25
164,0.0006167888641357422,1,25
165,0.0006167888641357422,1,25
166,0.0006167888641357422,1,25
167,0.0006167888641357422,1,25
168,0.0006167888641357422,1,25
169,0.0006167888641357422,1,25
170,0.0006167888641357422,1,25
171,0.0006167888641357422,1,25
172,0.0006167888641357422,1,25
173,0.0006167888641357422,1,25
174,0.0006167888641357422,1,25
175,0.0006167888641357422,1,25
176,0.0006167888641357422,1,25
177,0.0006167888641357422,1,25
178,0.0006167888641357422,1,25
179,0.0006167888641357422,1,25
180,0.0006167888641357422,1,25
181,0.0006167888641357422,1,25
182,0.0006167888641357422,1,25
183,0.0006167888641357422,1,25
184,0.0006167888641357422,1,25
185,0.0006167888641357422,1,25
186,0.0006167888641357422,1,25
187,0.0006167888641357422,1,25
188,0.0006167888641357422,1,25
189,0.0006167888641357422,1,25
190,0.0006167888641357422,1,25
191,0.0006167888641357422,1,25
192,0.0006167888641357422,1,25
193,0.0006167888641357422,1,25
194,0.0006167888641357422,1,25
195,0.0006167888641357422,1,25
196,0.0006167888641357422,1,25
197,0.0006167888641357422,1,25
198,0.0006167888641357422,1,25
199,0.0006167888641357422,1,25
200,0.0006167888641357422,1,25
1,0.0,1,26
2,0.0,1,26
3,0.0,1,26
4,0.0,1,26
5,0.0,1,26
6,0.0,1,26
7,0.0,1,26
8,0.0,1,26
9,0.0,1,26
10,0.0,1,26
11,0.0,1,26
12,0.0,1,26
13,0.0,1,26
14,0.0,1,26
15,0.0,1,26
16,0.0,1,26
17,0.0,1,26
18,0.0,1,26
19,0.0,1,26
20,0.0,1,26
21,0.0,1,26
22,0.0,1,26
23,0.0,1,26
24,0.0,1,26
25,0.0,1,26
26,0.0,1,26
27,0.0,1,26
28,0.0,1,26
29,0.0,1,26
30,0.0,1,26
31,0.0,1,26
32,0.0,1,26
33,0.0,1,26
34,0.0,1,26
35,0.0,1,26
36,0.0,1,26
37,0.0,1,26
38,0.0,1,26
39,0.0,1,26
40,0.0,1,26
41,0.0,1,26
42,0.0,1,26
43,0.0,1,26
44,0.0,1,26
45,0.0,1,26
46,0.0,1,26
47,0.0,1,26
48,0.0,1,26
49,0.0,1,26
50,0.0,1,26
51,0.0,1,26
52,0.0,1,26
53,0.0,1,26
54,0.0,1,26
55,1.1920928955078125e-07,1,26
56,1.1920928955078125e-07,1,26
57,1.1920928955078125e-07,1,26
58,1.1920928955078125e-07,1,26
59,1.1920928955078125e-07,1,26
60,1.1920928955078125e-07,1,26
61,1.1920928955078125e-07,1,26
62,1.1920928955078125e-07,1,26
63,1.1920928955078125e-07,1,26
64,1.1920928955078125e-07,1,26
65,1.1920928955078125e-07,1,26
66,1.1920928955078125e-07,1,26
67,1.1920928955078125e-07,1,26
68,1.1920928955078125e-07,1,26
69,1.1920928955078125e-07,1,26
70,1.1920928955078125e-07,1,26
71,1.1920928955078125e-07,1,26
72,1.1920928955078125e-07,1,26
73,1.1920928955078125e-07,1,26
74,1.1920928955078125e-07,1,26
75,1.1920928955078125e-07,1,26
76,1.1920928955078125e-07,1,26
77,1.1920928955078125e-07,1,26
78,1.1920928955078125e-07,1,26
79,1.1920928955078125e-07,1,26
80,1.1920928955078125e-07,1,26
81,1.1920928955078125e-07,1,26
82,1.1920928955078125e-07,1,26
83,1.1920928955078125e-07,1,26
84,1.1920928955078125e-07,1,26
85,1.1920928955078125e-07,1,26
86,1.1920928955078125e-07,1,26
87,1.1920928955078125e-07,1,26
88,1.1920928955078125e-07,1,26
89,1.1920928955078125e-07,1,26
90,1.1920928955078125e-07,1,26
91,1.1920928955078125e-07,1,26
92,1.1920928955078125e-07,1,26
93,1.1920928955078125e-07,1,26
94,1.1920928955078125e-07,1,26
95,1.1920928955078125e-07,1,26
96,1.1920928955078125e-07,1,26
97,1.1920928955078125e-07,1,26
98,1.1920928955078125e-07,1,26
99,1.1920928955078125e-07,1,26
100,1.1920928955078125e-07,1,26
101,1.1920928955078125e-07,1,26
102,1.1920928955078125e-07,1,26
103,1.1920928955078125e-07,1,26
104,1.1920928955078125e-07,1,26
105,1.1920928955078125e-07,1,26
106,1.1920928955078125e-07,1,26
107,1.1920928955078125e-07,1,26
108,1.1920928955078125e-07,1,26
109,1.1920928955078125e-07,1,26
110,1.1920928955078125e-07,1,26
111,1.1920928955078125e-07,1,26
112,1.1920928955078125e-07,1,26
113,1.1920928955078125e-07,1,26
114,1.1920928955078125e-07,1,26
115,1.1920928955078125e-07,1,26
116,1.1920928955078125e-07,1,26
117,1.1920928955078125e-07,1,26
118,1.1920928955078125e-07,1,26
119,1.1920928955078125e-07,1,26
120,1.1920928955078125e-07,1,26
121,1.1920928955078125e-07,1,26
122,1.1920928955078125e-07,1,26
123,1.1920928955078125e-07,1,26
124,1.1920928955078125e-07,1,26
125,1.1920928955078125e-07,1,26
126,1.1920928955078125e-07,1,26
127,1.1920928955078125e-07,1,26
128,1.1920928955078125e-07,1,26
129,1.1920928955078125e-07,1,26
130,1.1920928955078125e-07,1,26
131,1.1920928955078125e-07,1,26
132,1.1920928955078125e-07,1,26
133,1.1920928955078125e-07,1,26
134,1.1920928955078125e-07,1,26
135,1.1920928955078125e-07,1,26
136,1.1920928955078125e-07,1,26
137,1.1920928955078125e-07,1,26
138,1.1920928955078125e-07,1,26
139,1.1920928955078125e-07,1,26
140,1.1920928955078125e-07,1,26
141,1.1920928955078125e-07,1,26
142,1.1920928955078125e-07,1,26
143,1.1920928955078125e-07,1,26
144,1.1920928955078125e-07,1,26
145,1.1920928955078125e-07,1,26
146,1.1920928955078125e-07,1,26
147,1.1920928955078125e-07,1,26
148,1.1920928955078125e-07,1,26
149,1.1920928955078125e-07,1,26
150,1.1920928955078125e-07,1,26
151,1.1920928955078125e-07,1,26
152,1.1920928955078125e-07,1,26
153,1.1920928955078125e-07,1,26
154,1.1920928955078125e-07,1,26
155,1.1920928955078125e-07,1,26
156,1.1920928955078125e-07,1,26
157,1.1920928955078125e-07,1,26
158,1.1920928955078125e-07,1,26
159,1.1920928955078125e-07,1,26
160,1.1920928955078125e-07,1,26
161,1.1920928955078125e-07,1,26
162,1.1920928955078125e-07,1,26
163,1.1920928955078125e-07,1,26
164,1.1920928955078125e-07,1,26
165,1.1920928955078125e-07,1,26
166,1.1920928955078125e-07,1,26
167,1.1920928955078125e-07,1,26
168,1.1920928955078125e-07,1,26
169,1.1920928955078125e-07,1,26
170,1.1920928955078125e-07,1,26
171,1.1920928955078125e-07,1,26
172,1.1920928955078125e-07,1,26
173,1.1920928955078125e-07,1,26
174,1.1920928955078125e-07,1,26
175,1.1920928955078125e-07,1,26
176,1.1920928955078125e-07,1,26
177,1.1920928955078125e-07,1,26
178,1.1920928955078125e-07,1,26
179,1.1920928955078125e-07,1,26
180,1.1920928955078125e-07,1,26
181,1.1920928955078125e-07,1,26
182,1.1920928955078125e-07,1,26
183,1.1920928955078125e-07,1,26
184,1.1920928955078125e-07,1,26
185,1.1920928955078125e-07,1,26
186,1.1920928955078125e-07,1,26
187,1.1920928955078125e-07,1,26
188,1.1920928955078125e-07,1,26
189,1.1920928955078125e-07,1,26
190,1.1920928955078125e-07,1,26
191,1.1920928955078125e-07,1,26
192,1.1920928955078125e-07,1,26
193,1.1920928955078125e-07,1,26
194,1.1920928955078125e-07,1,26
195,1.1920928955078125e-07,1,26
196,1.1920928955078125e-07,1,26
197,1.1920928955078125e-07,1,26
198,1.1920928955078125e-07,1,26
199,1.1920928955078125e-07,1,26
200,1.1920928955078125e-07,1,26
1,1.1920928955078125e-07,1,27
2,1.1920928955078125e-07,1,27
3,1.1920928955078125e-07,1,27
4,1.9073486328125e-06,1,27
5,1.9073486328125e-06,1,27
6,1.9073486328125e-06,1,27
7,4.5299530029296875e-06,1,27
8,4.5299530029296875e-06,1,27
9,4.5299530029296875e-06,1,27
10,4.5299530029296875e-06,1,27
11,4.5299530029296875e-06,1,27
12,4.76837158203125e-06,1,27
13,4.76837158203125e-06,1,27
14,4.76837158203125e-06,1,27
15,4.76837158203125e-06,1,27
16,4.76837158203125e-06,1,27
17,5.245208740234375e-06,1,27
18,5.245208740234375e-06,1,27
19,5.245208740234375e-06,1,27
20,5.245208740234375e-06,1,27
21,5.245208740234375e-06,1,27
22,5.245208740234375e-06,1,27
23,5.245208740234375e-06,1,27
24,5.245208740234375e-06,1,27
25,5.245208740234375e-06,1,27
26,5.245208740234375e-06,1,27
27,5.841255187988281e-06,1,27
28,5.841255187988281e-06,1,27
29,5.841255187988281e-06,1,27
30,5.841255187988281e-06,1,27
31,5.841255187988281e-06,1,27
32,5.841255187988281e-06,1,27
33,5.841255187988281e-06,1,27
34,5.841255187988281e-06,1,27
35,5.841255187988281e-06,1,27
36,5.841255187988281e-06,1,27
37,5.841255187988281e-06,1,27
38,5.841255187988281e-06,1,27
39,5.841255187988281e-06,1,27
40,5.841255187988281e-06,1,27
41,5.841255187988281e-06,1,27
42,5.841255187988281e-06,1,27
43,5.841255187988281e-06,1,27
44,5.841255187988281e-06,1,27
45,5.841255187988281e-06,1,27
46,5.841255187988281e-06,1,27
47,5.841255187988281e-06,1,27
48,5.841255187988281e-06,1,27
49,5.841255187988281e-06,1,27
50,5.841255187988281e-06,1,27
51,5.841255187988281e-06,1,27
52,5.841255187988281e-06,1,27
53,5.841255187988281e-06,1,27
54,5.841255187988281e-06,1,27
55,5.841255187988281e-06,1,27
56,5.841255187988281e-06,1,27
57,5.841255187988281e-06,1,27
58,5.841255187988281e-06,1,27
59,5.841255187988281e-06,1,27
60,5.841255187988281e-06,1,27
61,5.841255187988281e-06,1,27
62,5.841255187988281e-06,1,27
63,5.841255187988281e-06,1,27
64,5.841255187988281e-06,1,27
65,5.841255187988281e-06,1,27
66,5.841255187988281e-06,1,27
67,5.841255187988281e-06,1,27
68,5.841255187988281e-06,1,27
69,5.841255187988281e-06,1,27
70,5.841255187988281e-06,1,27
71,5.841255187988281e-06,1,27
72,5.841255187988281e-06,1,27
73,5.841255187988281e-06,1,27
74,5.841255187988281e-06,1,27
75,5.841255187988281e-06,1,27
76,5.841255187988281e-06,1,27
77,5.841255187988281e-06,1,27
78,5.841255187988281e-06,1,27
79,5.841255187988281e-06,1,27
80,5.841255187988281e-06,1,27
81,5.841255187988281e-06,1,27
82,5.841255187988281e-06,1,27
83,5.841255187988281e-06,1,27
84,5.841255187988281e-06,1,27
85,5.841255187988281e-06,1,27
86,5.841255187988281e-06,1,27
87,5.841255187988281e-06,1,27
88,5.841255187988281e-06,1,27
89,5.841255187988281e-06,1,27
90,5.841255187988281e-06,1,27
91,5.841255187988281e-06,1,27
92,5.841255187988281e-06,1,27
93,5.841255187988281e-06,1,27
94,5.841255187988281e-06,1,27
95,5.841255187988281e-06,1,27
96,5.841255187988281e-06,1,27
97,5.841255187988281e-06,1,27
98,5.841255187988281e-06,1,27
99,5.841255187988281e-06,1,27
100,5.841255187988281e-06,1,27
101,5.841255187988281e-06,1,27
102,5.841255187988281e-06,1,27
103,5.841255187988281e-06,1,27
104,5.841255187988281e-06,1,27
105,5.841255187988281e-06,1,27
106,5.841255187988281e-06,1,27
107,5.841255187988281e-06,1,27
108,5.841255187988281e-06,1,27
109,5.841255187988281e-06,1,27
110,5.841255187988281e-06,1,27
111,5.841255187988281e-06,1,27
112,5.841255187988281e-06,1,27
113,5.841255187988281e-06,1,27
114,5.841255187988281e-06,1,27
115,5.841255187988281e-06,1,27
116,5.841255187988281e-06,1,27
117,5.841255187988281e-06,1,27
118,5.841255187988281e-06,1,27
119,5.841255187988281e-06,1,27
120,5.841255187988281e-06,1,27
121,5.841255187988281e-06,1,27
122,5.841255187988281e-06,1,27
123,5.841255187988281e-06,1,27
124,5.841255187988281e-06,1,27
125,5.841255187988281e-06,1,27
126,5.841255187988281e-06,1,27
127,5.841255187988281e-06,1,27
128,5.841255187988281e-06,1,27
129,5.841255187988281e-06,1,27
130,5.841255187988281e-06,1,27
131,5.841255187988281e-06,1,27
132,5.841255187988281e-06,1,27
133,5.841255187988281e-06,1,27
134,5.841255187988281e-06,1,27
135,5.841255187988281e-06,1,27
136,5.841255187988281e-06,1,27
137,5.841255187988281e-06,1,27
138,5.841255187988281e-06,1,27
139,5.841255187988281e-06,1,27
140,5.841255187988281e-06,1,27
141,5.841255187988281e-06,1,27
142,5.841255187988281e-06,1,27
143,5.841255187988281e-06,1,27
144,5.841255187988281e-06,1,27
145,5.841255187988281e-06,1,27
146,5.841255187988281e-06,1,27
147,5.841255187988281e-06,1,27
148,5.841255187988281e-06,1,27
149,5.841255187988281e-06,1,27
150,5.841255187988281e-06,1,27
151,5.841255187988281e-06,1,27
152,5.841255187988281e-06,1,27
153,5.841255187988281e-06,1,27
154,5.841255187988281e-06,1,27
155,5.841255187988281e-06,1,27
156,5.841255187988281e-06,1,27
157,5.841255187988281e-06,1,27
158,5.841255187988281e-06,1,27
159,5.841255187988281e-06,1,27
160,5.841255187988281e-06,1,27
161,5.841255187988281e-06,1,27
162,5.841255187988281e-06,1,27
163,5.841255187988281e-06,1,27
164,5.841255187988281e-06,1,27
165,5.841255187988281e-06,1,27
166,5.841255187988281e-06,1,27
167,5.841255187988281e-06,1,27
168,5.841255187988281e-06,1,27
169,5.841255187988281e-06,1,27
170,5.841255187988281e-06,1,27
171,5.841255187988281e-06,1,27
172,5.841255187988281e-06,1,27
173,5.841255187988281e-06,1,27
174,5.841255187988281e-06,1,27
175,5.841255187988281e-06,1,27
176,5.841255187988281e-06,1,27
177,5.841255187988281e-06,1,27
178,5.841255187988281e-06,1,27
179,5.841255187988281e-06,1,27
180,5.841255187988281e-06,1,27
181,5.841255187988281e-06,1,27
182,5.841255187988281e-06,1,27
183,5.841255187988281e-06,1,27
184,5.841255187988281e-06,1,27
185,5.841255187988281e-06,1,27
186,5.841255187988281e-06,1,27
187,5.841255187988281e-06,1,27
188,5.841255187988281e-06,1,27
189,5.841255187988281e-06,1,27
190,5.841255187988281e-06,1,27
191,5.841255187988281e-06,1,27
192,5.841255187988281e-06,1,27
193,5.841255187988281e-06,1,27
194,5.841255187988281e-06,1,27
195,5.841255187988281e-06,1,27
196,5.841255187988281e-06,1,27
197,5.841255187988281e-06,1,27
198,5.841255187988281e-06,1,27
199,5.841255187988281e-06,1,27
200,5.841255187988281e-06,1,27
